run_id,sequence,elapsed_since_start_ms,model,batch_size,requested_malicious_fraction,malicious_count,actual_malicious_fraction,repetition,elapsed_us_total,us_per_flow,throughput_flows_s,mean_tree_path_nodes
4,0,1.323129,GB,8,0.0,0,0.0,29,269.882,33.73525,29642.584536945775,
4,1,1.64057,SGD,16,0.05,0,0.0,6,171.548,10.72175,93268.35637838973,
4,2,1.878123,DT,32,0.01,1,0.03125,28,96.049,3.00153125,333163.2812418661,
4,3,2.039874,GB,64,0.01,2,0.03125,27,258.432,4.038,247647.35017335313,
4,4,2.339289,MLP,16,1.0,16,1.0,29,186.952,11.6845,85583.46527450897,
4,5,2.581351,GB,100,1.0,100,1.0,13,276.02,2.7601999999999998,362292.5874936599,
4,6,2.922404,NB,32,0.01,1,0.03125,29,180.624,5.6445,177163.6105943839,
4,7,3.141966,GB,16,1.0,16,1.0,23,222.358,13.897375,71956.03486269889,
4,8,3.405076,SGD,1,0.1,0,0.0,10,158.14,158.14,6323.510813203491,
4,9,3.72235,NB,1,1.0,1,1.0,1,100.752,100.752,9925.361283150707,
4,10,3.875749,MLP,8,1.0,8,1.0,18,175.593,21.949125,45559.902729607675,
4,11,4.093853,SGD,8,0.05,0,0.0,1,149.441,18.680125,53532.832355243874,
4,12,4.288188,GB,32,0.01,0,0.0,4,220.909,6.90340625,144856.02668972293,
4,13,4.572037,GB,32,0.1,2,0.0625,22,226.204,7.068875,141465.22607911442,
4,14,4.846541,GB,64,0.0,0,0.0,1,237.612,3.7126875,269346.66599330003,
4,15,5.157928,MLP,100,0.5,48,0.48,15,232.985,2.32985,429212.1810416979,
4,16,5.429725,GB,1,0.0,0,0.0,17,211.794,211.794,4721.569071833952,4.0
4,17,18.396098,DT,16,0.01,0,0.0,10,89.783,5.6114375,178207.45575443012,
4,18,18.554045,DT,64,0.5,31,0.484375,0,103.52,1.6175,618238.0216383308,
4,19,18.710464,NB,100,0.0,0,0.0,2,141.922,1.41922,704612.3927227632,
4,20,18.910249,LoR,16,0.1,1,0.0625,8,197.268,12.32925,81107.93438368109,
4,21,19.15618,MLP,64,0.01,0,0.0,29,204.689,3.198265625,312669.4644069784,
4,22,19.408908,AB,64,0.0,0,0.0,20,8381.548,130.9616875,7635.820972450435,
4,23,27.830039,RF,1,1.0,1,1.0,27,3083.036,3083.036,324.3556027240681,25.28
4,24,43.971793,DT,16,0.01,0,0.0,12,91.012,5.68825,175800.993275612,
4,25,44.102894,AB,16,0.0,0,0.0,24,8031.564,501.97275,1992.1400115842941,
4,26,52.176927,AB,1,0.05,0,0.0,1,7752.929,7752.929,128.98351061901894,2.0
4,27,72.649442,NB,100,1.0,100,1.0,6,147.088,1.47088,679865.1147612314,
4,28,72.854084,DT,8,0.5,6,0.75,4,93.528,11.691,85535.88230262595,
4,29,73.0187,NB,100,0.5,55,0.55,17,139.861,1.39861,714995.602777043,
4,30,73.209247,NB,100,1.0,100,1.0,24,134.278,1.3427799999999999,744723.6330597716,
4,31,73.38409,NB,32,1.0,32,1.0,8,112.627,3.51959375,284123.70035604254,
4,32,73.555267,AB,32,0.1,3,0.09375,25,9242.005,288.81265625,3462.4521410667926,
4,33,82.902261,NB,64,0.5,26,0.40625,11,147.532,2.3051875,433804.1916330016,
4,34,83.094307,SGD,32,0.0,0,0.0,1,186.075,5.81484375,171973.66653231226,
4,35,83.323202,MLP,1,0.05,0,0.0,29,183.431,183.431,5451.641216588254,
4,36,83.686388,SGD,16,0.01,0,0.0,25,156.764,9.79775,102064.24944502563,
4,37,83.893657,DT,64,0.0,0,0.0,5,100.459,1.569671875,637075.821977125,
4,38,84.037553,DT,32,1.0,32,1.0,17,99.063,3.09571875,323026.7607482107,
4,39,84.177038,GB,1,0.5,1,1.0,21,247.236,247.236,4044.7184067045255,4.0
4,40,97.278635,GB,100,0.0,0,0.0,28,280.736,2.80736,356206.5428017782,
4,41,97.611597,AB,64,0.0,0,0.0,25,8465.252,132.2695625,7560.318346104758,
4,42,106.122786,AB,16,0.05,0,0.0,5,8506.341,531.6463125,1880.9497526609855,
4,43,114.68473,GB,32,1.0,32,1.0,21,260.719,8.14746875,122737.50666426306,
4,44,115.063889,MLP,100,0.05,6,0.06,14,276.984,2.76984,361031.6841406002,
4,45,115.406226,SGD,32,0.05,1,0.03125,20,166.826,5.2133125,191816.62330811744,
4,46,115.619885,DT,64,1.0,64,1.0,28,121.402,1.89690625,527174.181644454,
4,47,115.814473,DT,100,0.01,1,0.01,6,98.19,0.9819,1018433.6490477646,
4,48,115.951849,AB,8,0.01,0,0.0,1,8136.295,1017.036875,983.2485179064919,
4,49,124.13162,LoR,8,0.01,0,0.0,12,154.192,19.274,51883.36619279859,
4,50,124.326594,DT,1,0.01,0,0.0,5,82.784,82.784,12079.628913799766,36.0
4,51,124.623347,RF,64,1.0,64,1.0,10,4759.527,74.367609375,13446.714347875324,
4,52,129.444502,AB,100,1.0,100,1.0,28,8783.567,87.83567,11384.896363857646,
4,53,138.291207,LoR,8,0.5,2,0.25,8,156.164,19.5205,51228.1959990779,
4,54,138.486168,SGD,8,0.0,0,0.0,12,148.396,18.5495,53909.808889727494,
4,55,138.682786,LoR,64,0.0,0,0.0,0,151.476,2.3668125,422509.17637117434,
4,56,138.877542,SGD,16,0.05,0,0.0,23,170.355,10.6471875,93921.51683249685,
4,57,139.138848,GB,100,0.05,4,0.04,28,296.985,2.96985,336717.34262673196,
4,58,139.496456,LoR,16,0.1,3,0.1875,26,159.873,9.9920625,100079.43805395534,
4,59,139.728933,MLP,100,0.01,1,0.01,11,235.038,2.35038,425463.11660242174,
4,60,140.033014,RF,64,0.01,1,0.015625,9,3707.347,57.927296875,17263.018541291116,
4,61,143.799376,GB,100,1.0,100,1.0,14,316.543,3.16543,315912.84596405545,
4,62,144.158972,NB,1,0.05,0,0.0,7,120.972,120.972,8266.37569024237,
4,63,144.333739,MLP,32,1.0,32,1.0,0,207.802,6.4938125,153992.7430919818,
4,64,144.619582,LoR,100,0.05,9,0.09,29,175.378,1.75378,570196.9460251571,
4,65,144.833863,DT,1,1.0,1,1.0,13,90.927,90.927,10997.833426814917,26.0
4,66,145.134154,AB,8,0.05,0,0.0,12,8021.707,1002.713375,997.2939674809862,
4,67,153.199098,LoR,16,1.0,16,1.0,9,150.541,9.4088125,106283.33809394119,
4,68,153.404097,SGD,100,1.0,100,1.0,13,160.993,1.6099299999999999,621145.0187275223,
4,69,153.603672,AB,8,1.0,8,1.0,29,7962.397,995.299625,1004.7225728634229,
4,70,161.618551,SGD,64,0.01,0,0.0,19,159.051,2.485171875,402386.6558525253,
4,71,161.852177,RF,100,0.01,2,0.02,6,3789.1,37.891,26391.491383178065,
4,72,165.716237,LoR,64,0.5,29,0.453125,22,172.061,2.688453125,371961.1068167685,
4,73,165.928733,GB,1,0.1,0,0.0,5,215.418,215.418,4642.137611527356,4.0
4,74,179.341339,SGD,100,1.0,100,1.0,7,184.459,1.84459,542125.8924747505,
4,75,179.571944,DT,16,0.01,0,0.0,28,92.596,5.78725,172793.64119400404,
4,76,179.723262,LoR,8,0.05,1,0.125,18,156.542,19.56775,51104.49591802839,
4,77,179.93537,DT,64,0.01,0,0.0,28,94.688,1.4795,675904.0216289287,
4,78,180.068711,DT,1,0.01,0,0.0,14,82.279,82.279,12153.769491607824,7.0
4,79,180.335597,GB,1,0.0,0,0.0,3,223.251,223.251,4479.263250780512,4.0
4,80,193.746628,LoR,32,1.0,32,1.0,26,189.107,5.90959375,169216.36956855113,
4,81,193.983862,LoR,16,0.01,0,0.0,12,158.669,9.9168125,100838.85321014187,
4,82,194.203765,DT,100,0.01,0,0.0,16,106.754,1.0675400000000002,936733.0498154636,
4,83,194.35539,SGD,32,1.0,32,1.0,22,163.736,5.11675,195436.5564078761,
4,84,194.56374,RF,16,0.01,0,0.0,17,3314.691,207.1681875,4826.995940194727,
4,85,197.920035,DT,1,0.0,0,0.0,21,94.286,94.286,10606.028466580405,7.0
4,86,198.210685,NB,1,0.0,0,0.0,12,116.126,116.126,8611.335962661247,
4,87,198.379176,SGD,1,1.0,1,1.0,29,158.67,158.67,6302.388605281402,
4,88,198.719455,RF,32,0.1,3,0.09375,19,3531.7,110.365625,9060.792253022624,
4,89,202.311576,MLP,100,0.0,0,0.0,5,264.56,2.6456,377986.0901118839,
4,90,202.634576,AB,100,0.0,0,0.0,13,8822.581,88.22581,11334.551646507978,
4,91,211.506947,LoR,32,0.05,0,0.0,20,160.231,5.00721875,199711.66628180564,
4,92,211.745703,SGD,100,0.05,5,0.05,16,167.067,1.67067,598562.2534671718,
4,93,211.983323,RF,64,0.01,1,0.015625,28,3544.282,55.37940625,18057.2539092544,
4,94,215.574946,GB,32,1.0,32,1.0,22,285.225,8.91328125,112192.12902094837,
4,95,215.905152,NB,8,0.01,0,0.0,27,122.468,15.3085,65323.18646503576,
4,96,216.101699,RF,100,0.5,55,0.55,21,4771.804,47.71804,20956.434924820885,
4,97,220.939402,GB,8,0.5,4,0.5,21,257.003,32.125375,31128.041306910814,
4,98,221.258885,SGD,16,0.1,2,0.125,22,172.29,10.768125,92866.67827500145,
4,99,221.46907,MLP,1,1.0,1,1.0,10,177.318,177.318,5639.585377683033,
4,100,221.806007,NB,16,1.0,16,1.0,20,116.22,7.26375,137669.93632765446,
4,101,221.963268,GB,8,0.05,0,0.0,29,232.156,29.0195,34459.5875187374,
4,102,222.260387,SGD,32,0.05,5,0.15625,4,165.583,5.17446875,193256.55411485478,
4,103,222.466358,LoR,1,0.5,1,1.0,26,149.484,149.484,6689.679162987342,
4,104,222.768922,NB,16,1.0,16,1.0,12,113.668,7.10425,140760.81218988632,
4,105,222.920851,DT,8,1.0,8,1.0,15,98.081,12.260125,81565.23689603491,
4,106,223.061183,RF,16,0.1,0,0.0,9,3152.708,197.04425,5075.0021885946935,
4,107,226.278972,GB,16,0.1,2,0.125,5,234.558,14.659875,68213.40563954331,
4,108,226.558697,AB,32,0.0,0,0.0,19,8364.372,261.386625,3825.750456818516,
4,109,234.97001,MLP,32,1.0,32,1.0,7,238.845,7.46390625,133978.1029537985,
4,110,235.252679,MLP,1,0.1,0,0.0,7,162.785,162.785,6143.072150382406,
4,111,235.56531,MLP,8,1.0,8,1.0,28,171.374,21.42175,46681.52695274662,
4,112,235.793522,GB,100,1.0,100,1.0,16,283.953,2.83953,352170.95786978834,
4,113,236.126153,RF,32,0.01,0,0.0,4,3426.322,107.0725625,9339.460797905158,
4,114,239.624246,LoR,16,0.05,0,0.0,12,225.387,14.0866875,70989.01001388722,
4,115,239.975432,SGD,100,0.1,11,0.11,5,179.857,1.79857,555997.2644934587,
4,116,240.218955,AB,16,0.5,9,0.5625,6,8488.265,530.5165625,1884.9552882715138,
4,117,248.754971,LoR,1,0.5,0,0.0,2,157.597,157.597,6345.298451112648,
4,118,249.081354,SGD,64,0.0,0,0.0,6,160.485,2.507578125,398791.1642832663,
4,119,249.300265,DT,100,0.0,0,0.0,24,100.461,1.00461,995411.1545773982,
4,120,249.465448,SGD,32,0.5,19,0.59375,13,158.03,4.9384375,202493.19749414668,
4,121,249.68668,DT,32,0.5,18,0.5625,18,98.39,3.0746875,325236.3045024901,
4,122,249.823274,LoR,8,0.0,0,0.0,1,150.182,18.77275,53268.70064321956,
4,123,250.021537,AB,64,0.0,0,0.0,8,8523.713,133.183015625,7508.464914292633,
4,124,258.607487,SGD,100,0.01,0,0.0,6,168.434,1.68434,593704.3589774036,
4,125,258.826882,LoR,64,0.0,0,0.0,1,155.808,2.4345,410761.96344218525,
4,126,259.076434,DT,8,0.5,4,0.5,27,93.801,11.725125,85286.93723947505,
4,127,259.210584,AB,8,0.05,0,0.0,19,8474.219,1059.277375,944.0397988298391,
4,128,267.739792,MLP,64,1.0,64,1.0,23,231.375,3.615234375,276607.23933009186,
4,129,268.045602,NB,64,0.5,36,0.5625,20,137.976,2.155875,463848.7852959935,
4,130,268.222957,GB,8,0.0,0,0.0,27,256.016,32.002,31248.04699706268,
4,131,268.53876,MLP,8,0.5,6,0.75,10,185.525,23.190625,43120.87319768225,
4,132,268.763579,GB,1,0.0,0,0.0,6,215.235,215.235,4646.084512277278,4.0
4,133,281.790888,SGD,64,0.5,34,0.53125,7,174.165,2.721328125,367467.6312691988,
4,134,282.024478,LoR,8,0.5,5,0.625,1,155.068,19.3835,51590.27007506384,
4,135,282.224879,SGD,32,0.05,0,0.0,1,154.597,4.83115625,206989.78634772988,
4,136,282.417538,MLP,1,1.0,1,1.0,18,164.24,164.24,6088.650754992694,
4,137,282.771562,MLP,64,0.5,34,0.53125,18,204.473,3.194890625,312999.76035955845,
4,138,283.051563,AB,64,1.0,64,1.0,28,8550.024,133.594125,7485.359105424734,
4,139,291.646047,DT,16,1.0,16,1.0,29,91.908,5.74425,174087.13060886975,
4,140,291.80834,AB,64,0.5,32,0.5,12,8461.685,132.213828125,7563.505377475054,
4,141,300.315454,AB,8,0.01,0,0.0,5,8087.622,1010.95275,989.1659130458867,
4,142,308.482592,SGD,100,0.1,8,0.08,16,172.99,1.7299,578068.0964217584,
4,143,308.696787,GB,8,1.0,8,1.0,15,226.014,28.25175,35396.03741361154,
4,144,308.965195,SGD,16,1.0,16,1.0,24,158.031,9.8769375,101245.95807151761,
4,145,309.166519,GB,16,0.05,0,0.0,27,221.48,13.8425,72241.28589488893,
4,146,309.464723,GB,100,0.1,5,0.05,3,271.564,2.71564,368237.32158901764,
4,147,309.779818,AB,8,0.05,0,0.0,22,8230.584,1028.823,971.9844910154612,
4,148,318.07358,AB,8,0.5,3,0.375,18,8114.499,1014.312375,985.8895786418854,
4,149,326.232026,RF,1,0.01,0,0.0,28,3107.229,3107.229,321.8301579960795,7.0
4,150,342.592314,AB,8,1.0,8,1.0,20,8146.061,1018.257625,982.0697389818221,
4,151,350.811322,SGD,64,0.1,5,0.078125,15,167.364,2.6150625,382400.0382400038,
4,152,351.028267,SGD,32,0.0,0,0.0,8,156.373,4.88665625,204638.9082514245,
4,153,351.24585,MLP,8,0.05,1,0.125,23,179.751,22.468875,44506.01109312326,
4,154,351.465886,MLP,8,0.0,0,0.0,25,169.879,21.234875,47092.34219650457,
4,155,351.690358,NB,100,0.0,0,0.0,12,146.998,1.4699799999999998,680281.3643723044,
4,156,351.890096,AB,100,0.0,0,0.0,23,8691.571,86.91571,11505.399886855897,
4,157,360.627251,GB,8,0.1,0,0.0,14,218.972,27.3715,36534.351423926346,
4,158,360.918887,NB,64,0.05,1,0.015625,1,134.576,2.10275,475567.7089525621,
4,159,361.097782,AB,32,0.05,0,0.0,6,8859.952,276.8735,3611.757716068891,
4,160,370.045635,AB,1,0.05,0,0.0,5,8415.842,8415.842,118.82352354048471,2.0
4,161,391.92829,LoR,16,0.5,8,0.5,8,195.446,12.215375,81864.04428844796,
4,162,392.197798,AB,64,0.5,32,0.5,0,9058.996,141.5468125,7064.800558472485,
4,163,401.363248,NB,32,0.5,15,0.46875,15,141.076,4.408625,226828.09265927586,
4,164,401.557409,DT,64,0.0,0,0.0,6,105.334,1.64584375,607591.0911956254,
4,165,401.738358,NB,64,0.01,2,0.03125,1,139.28,2.17625,459506.03101665707,
4,166,401.947418,DT,64,0.5,28,0.4375,27,123.696,1.93275,517397.4906221705,
4,167,402.113662,AB,8,0.05,0,0.0,26,8503.396,1062.9245,940.8005930806938,
4,168,410.687266,SGD,1,0.01,0,0.0,17,177.843,177.843,5622.937084956957,
4,169,411.09941,DT,100,0.5,49,0.49,22,117.615,1.17615,850231.6881350168,
4,170,411.2831,GB,32,0.05,1,0.03125,24,286.192,8.9435,111813.04858276961,
4,171,411.647213,GB,100,0.5,50,0.5,27,307.901,3.0790100000000002,324779.71815616055,
4,172,411.998837,AB,16,0.0,0,0.0,10,8387.875,524.2421875,1907.51531228112,
4,173,420.453515,RF,16,0.05,1,0.0625,25,3338.292,208.64325,4792.870126399967,
4,174,423.859889,RF,16,0.05,2,0.125,11,3355.371,209.7106875,4768.474186610065,
4,175,427.291622,AB,64,0.1,4,0.0625,21,8594.758,134.29309375,7446.399305250945,
4,176,435.929228,AB,8,0.0,0,0.0,4,8176.659,1022.082375,978.3947208756047,
4,177,444.149309,GB,8,0.0,0,0.0,9,230.003,28.750375,34782.15501536937,
4,178,444.450164,DT,64,0.01,2,0.03125,29,96.632,1.509875,662306.4823246957,
4,179,444.622704,NB,100,0.05,5,0.05,13,153.516,1.5351599999999999,651397.8998931708,
4,180,444.830344,GB,100,0.01,0,0.0,6,278.547,2.78547,359005.84102503344,
4,181,445.179208,GB,64,0.05,4,0.0625,19,252.716,3.9486875,253248.70605739247,
4,182,445.486718,SGD,100,0.0,0,0.0,17,189.817,1.8981700000000001,526823.2034011706,
4,183,445.725579,LoR,64,0.0,0,0.0,7,165.451,2.585171875,386821.47584481206,
4,184,445.934436,SGD,16,0.05,0,0.0,22,157.177,9.8235625,101796.06430966363,
4,185,446.142754,DT,64,0.01,0,0.0,12,95.155,1.486796875,672586.8320109295,
4,186,446.299771,LoR,32,0.1,5,0.15625,9,156.66,4.895625,204264.0112345206,
4,187,446.526394,NB,64,0.5,30,0.46875,17,130.976,2.0465,488639.1399951136,
4,188,446.695757,DT,1,0.5,1,1.0,10,88.684,88.684,11275.99115962293,23.0
4,189,447.048443,GB,64,0.5,33,0.515625,7,283.237,4.425578125,225959.17906205755,
4,190,447.375211,GB,8,0.05,0,0.0,21,219.001,27.375125,36529.513563865,
4,191,447.633056,DT,1,1.0,1,1.0,1,88.531,88.531,11295.478419988478,31.0
4,192,447.912712,LoR,16,1.0,16,1.0,29,161.596,10.09975,99012.3517908859,
4,193,448.114635,DT,8,0.0,0,0.0,24,88.429,11.053625,90468.05912087663,
4,194,448.270413,GB,64,0.5,27,0.421875,13,261.038,4.07871875,245175.03198767995,
4,195,448.57672,SGD,32,1.0,32,1.0,19,167.248,5.2265,191332.63178035014,
4,196,448.818888,DT,100,0.1,11,0.11,3,105.96,1.0595999999999999,943752.3593808985,
4,197,448.964805,AB,16,1.0,16,1.0,10,8785.954,549.122125,1821.08852379605,
4,198,457.812904,DT,16,0.05,0,0.0,6,87.966,5.497875,181888.45690380374,
4,199,457.968511,GB,32,0.1,5,0.15625,11,261.757,8.17990625,122250.78985471258,
4,200,458.290709,LoR,100,0.0,0,0.0,11,189.904,1.89904,526581.8518830567,
4,201,458.524045,NB,16,1.0,16,1.0,18,123.224,7.7015,129844.8354216711,
4,202,458.690871,MLP,32,1.0,32,1.0,28,216.042,6.7513125,148119.34716397736,
4,203,458.94896,GB,8,1.0,8,1.0,12,243.366,30.42075,32872.299335157746,
4,204,459.264115,GB,64,0.05,6,0.09375,2,266.721,4.167515625,239951.10996134538,
4,205,459.573023,GB,1,0.05,0,0.0,27,207.44,207.44,4820.671037408408,4.0
4,206,472.586723,RF,100,0.5,50,0.5,11,5082.176,50.821760000000005,19676.6109634928,
4,207,477.776926,LoR,100,0.05,3,0.03,14,222.992,2.22992,448446.58104326617,
4,208,478.073999,AB,16,0.1,0,0.0,14,8405.057,525.3160625,1903.6158826763458,
4,209,486.569144,LoR,100,0.5,50,0.5,5,182.919,1.82919,546690.0650014487,
4,210,486.822945,MLP,64,0.5,25,0.390625,20,267.316,4.1768125,239417.01955737782,
4,211,487.155378,RF,32,0.5,13,0.40625,4,3891.213,121.60040625,8223.656736344168,
4,212,491.128899,GB,100,0.5,47,0.47,26,418.904,4.18904,238718.17886675705,
4,213,491.625569,GB,8,0.1,1,0.125,15,280.908,35.1135,28479.07499964401,
4,214,491.966755,AB,16,0.01,0,0.0,25,8587.259,536.7036875,1863.2255065324105,
4,215,500.616088,SGD,1,0.05,0,0.0,26,178.38,178.38,5606.009642336585,
4,216,500.963974,RF,32,1.0,32,1.0,1,4181.079,130.65871875,7653.5267570883025,
4,217,505.214591,DT,16,0.5,9,0.5625,19,103.893,6.4933125,154004.60088745152,
4,218,505.377963,RF,8,0.05,2,0.25,1,3177.672,397.209,2517.566318990758,
4,219,508.631013,RF,64,0.5,39,0.609375,21,4349.409,67.959515625,14714.642839981248,
4,220,513.036292,AB,64,0.0,0,0.0,26,8589.055,134.203984375,7451.343599499595,
4,221,521.674812,RF,32,0.01,0,0.0,0,3248.982,101.5306875,9849.23893084049,
4,222,524.984951,MLP,100,0.0,0,0.0,9,273.539,2.7353899999999998,365578.5829442968,
4,223,525.305813,MLP,16,0.01,0,0.0,3,184.562,11.535125,86691.73502671189,
4,224,525.561451,LoR,64,0.05,3,0.046875,9,168.069,2.626078125,380795.9826023836,
4,225,525.771496,LoR,8,0.05,0,0.0,8,147.627,18.453375,54190.62908546539,
4,226,525.986518,RF,64,0.05,3,0.046875,0,3527.483,55.116921875,18143.248316150635,
4,227,529.589275,AB,64,0.1,4,0.0625,13,8555.797,133.684328125,7480.308380388174,
4,228,538.189073,AB,1,0.01,0,0.0,25,7809.924,7809.924,128.042219104821,2.0
4,229,558.994375,AB,8,0.05,0,0.0,6,8633.745,1079.218125,926.5967433599208,
4,230,567.687658,AB,16,0.01,0,0.0,10,8201.526,512.595375,1950.856462565625,
4,231,575.937463,GB,16,0.05,0,0.0,11,263.408,16.463,60742.27054607301,
4,232,576.265204,RF,16,0.01,1,0.0625,19,3413.532,213.34575,4687.22718873003,
4,233,579.724833,MLP,1,0.5,0,0.0,19,205.461,205.461,4867.1037325818525,
4,234,580.09716,DT,32,0.0,0,0.0,16,95.913,2.99728125,333635.6906780103,
4,235,580.234077,GB,1,0.01,0,0.0,23,228.984,228.984,4367.117353177515,4.0
4,236,593.26992,MLP,1,0.01,0,0.0,16,177.15,177.15,5644.933672029353,
4,237,593.603973,RF,1,0.01,0,0.0,17,3093.263,3093.263,323.2832125816654,7.18
4,238,609.850302,AB,8,0.5,5,0.625,25,8272.066,1034.00825,967.1102720892217,
4,239,618.205491,DT,100,0.05,4,0.04,19,98.763,0.98763,1012524.9334264856,
4,240,618.345292,LoR,1,0.01,0,0.0,7,158.051,158.051,6327.071641432196,
4,241,618.654846,MLP,8,0.05,0,0.0,8,180.823,22.602875,44242.15945980323,
4,242,618.881967,MLP,32,0.0,0,0.0,3,191.608,5.98775,167007.64059955743,
4,243,619.137144,NB,16,0.5,9,0.5625,13,119.477,7.4673125,133916.98820693523,
4,244,619.322015,GB,64,0.05,7,0.109375,22,264.197,4.128078125,242243.47740511814,
4,245,619.631282,MLP,32,0.0,0,0.0,23,202.487,6.32771875,158034.83680433806,
4,246,619.890854,GB,100,0.0,0,0.0,20,279.967,2.79967,357184.9539410002,
4,247,620.236399,DT,32,0.01,3,0.09375,14,97.006,3.0314375,329876.5024843824,
4,248,620.371908,SGD,8,1.0,8,1.0,11,163.033,20.379125,49069.82022044617,
4,249,620.577273,LoR,32,0.0,0,0.0,13,155.534,4.8604375,205742.79578741625,
4,250,620.773935,LoR,8,0.01,0,0.0,15,147.965,18.495625,54066.84013111208,
4,251,620.98369,GB,32,0.5,18,0.5625,4,235.517,7.35990625,135871.29591494458,
4,252,621.281053,SGD,16,0.5,6,0.375,24,162.067,10.1291875,98724.60155367841,
4,253,621.483772,RF,16,1.0,16,1.0,28,3608.553,225.5345625,4433.910212763953,
4,254,625.145567,AB,64,1.0,64,1.0,16,8561.804,133.7781875,7475.060162554527,
4,255,633.75855,MLP,64,1.0,64,1.0,18,214.247,3.347609375,298720.63552815205,
4,256,634.016769,AB,1,0.05,0,0.0,10,7935.308,7935.308,126.01905307267216,2.0
4,257,654.934996,GB,16,0.01,0,0.0,6,236.8,14.8,67567.56756756756,
4,258,655.237929,RF,32,0.05,5,0.15625,15,3401.732,106.304125,9406.9726833272,
4,259,658.720066,NB,100,0.1,12,0.12,20,158.782,1.58782,629794.3091786222,
4,260,658.938147,SGD,16,0.1,2,0.125,3,208.156,13.00975,76865.42785218779,
4,261,659.200111,MLP,100,0.0,0,0.0,3,233.453,2.33453,428351.7453191863,
4,262,659.477345,SGD,8,0.1,0,0.0,25,153.695,19.211875,52051.140245291004,
4,263,659.692526,RF,16,0.5,10,0.625,5,3477.662,217.353875,4600.7921413869435,
4,264,663.216241,SGD,8,0.1,0,0.0,10,168.877,21.109625,47371.7557749131,
4,265,663.432721,LoR,32,0.01,0,0.0,15,160.14,5.004375,199825.15299113278,
4,266,663.63184,LoR,1,0.0,0,0.0,12,146.358,146.358,6832.561253911641,
4,267,663.965161,GB,64,0.5,34,0.53125,28,272.216,4.253375,235107.4147000911,
4,268,664.279868,LoR,1,0.01,0,0.0,9,156.745,156.745,6379.78882898976,
4,269,664.611124,LoR,32,0.5,17,0.53125,9,154.726,4.8351875,206817.21236249886,
4,270,664.80961,MLP,16,0.01,0,0.0,16,178.988,11.18675,89391.46758441906,
4,271,665.040489,NB,64,0.01,0,0.0,13,131.128,2.048875,488072.7228357026,
4,272,665.211542,MLP,1,0.05,1,1.0,24,165.816,165.816,6030.781106768949,
4,273,665.524734,AB,1,0.0,0,0.0,16,7905.0,7905.0,126.5022137887413,2.0
4,274,686.415144,NB,32,0.0,0,0.0,12,125.15,3.9109375,255693.1681981622,
4,275,686.601508,RF,16,0.1,4,0.25,2,3803.71,237.731875,4206.419521993002,
4,276,690.513559,SGD,100,0.05,2,0.02,21,228.953,2.28953,436770.8656361786,
4,277,690.792453,SGD,8,0.05,0,0.0,22,159.799,19.974875,50062.89150745624,
4,278,690.996439,NB,16,0.1,0,0.0,20,145.072,9.067,110290.06286533583,
4,279,691.198601,LoR,32,1.0,32,1.0,19,162.902,5.0906875,196437.12170507424,
4,280,691.420858,DT,8,0.5,4,0.5,28,100.742,12.59275,79410.77207123146,
4,281,691.588751,AB,64,0.01,1,0.015625,10,8645.178,135.08090625,7402.970765899789,
4,282,700.276137,DT,8,0.0,0,0.0,10,82.739,10.342375,96689.59015699972,
4,283,700.399739,NB,1,0.1,0,0.0,10,103.552,103.552,9656.983930778739,
4,284,700.56313,DT,64,0.0,0,0.0,27,89.439,1.397484375,715571.5068370622,
4,285,700.714159,LoR,32,0.1,2,0.0625,12,160.902,5.0281875,198878.82064859357,
4,286,700.932266,MLP,8,0.1,2,0.25,23,190.45,23.80625,42005.7757941717,
4,287,701.182795,GB,100,0.0,0,0.0,19,308.775,3.0877499999999998,323860.4161606348,
4,288,701.549196,AB,100,1.0,100,1.0,20,8797.305,87.97305,11367.117543384025,
4,289,710.412501,GB,16,0.5,9,0.5625,19,236.202,14.762625,67738.63049423798,
4,290,710.692177,RF,8,0.05,0,0.0,4,3246.567,405.820875,2464.141353004574,
4,291,714.020084,SGD,100,0.5,41,0.41,23,184.043,1.84043,543351.28203735,
4,292,714.245607,NB,1,0.05,0,0.0,22,106.865,106.865,9357.600711177654,
4,293,714.41601,AB,100,0.0,0,0.0,29,8761.191,87.61191000000001,11413.973282856177,
4,294,723.255933,SGD,100,0.5,46,0.46,17,171.922,1.71922,581659.1244866858,
4,295,723.472453,AB,32,0.0,0,0.0,4,8277.773,258.68040625,3865.77404333267,
4,296,731.80942,AB,100,0.01,0,0.0,23,8802.834,88.02834000000001,11359.97793437886,
4,297,740.652697,MLP,1,1.0,1,1.0,6,173.641,173.641,5759.008529091632,
4,298,741.026955,MLP,100,0.1,20,0.2,10,229.902,2.29902,434967.94286261103,
4,299,741.318463,SGD,8,0.01,1,0.125,5,154.029,19.253625,51938.27136448331,
4,300,741.534742,SGD,32,0.5,17,0.53125,0,154.627,4.83209375,206949.62716731228,
4,301,741.73424,LoR,32,0.01,0,0.0,20,151.103,4.72196875,211776.07327452133,
4,302,741.947418,SGD,32,0.01,2,0.0625,5,150.617,4.70678125,212459.41693168768,
4,303,742.138579,LoR,8,0.01,0,0.0,29,143.805,17.975625,55630.88905114565,
4,304,742.322078,DT,1,0.5,1,1.0,22,85.357,85.357,11715.500779080801,15.0
4,305,742.616385,DT,1,0.01,0,0.0,11,86.799,86.799,11520.870056106636,7.0
4,306,742.88641,GB,1,0.1,0,0.0,4,257.4,257.4,3885.0038850038854,4.0
4,307,755.79521,DT,1,0.0,0,0.0,23,87.684,87.684,11404.589206696775,7.0
4,308,756.079725,RF,100,0.0,0,0.0,14,3881.565,38.81565,25762.80443583967,
4,309,760.028555,MLP,16,0.5,6,0.375,4,199.139,12.4461875,80345.88905237045,
4,310,760.299558,DT,64,0.1,6,0.09375,3,102.731,1.605171875,622986.2456317957,
4,311,760.455999,NB,100,1.0,100,1.0,4,145.981,1.45981,685020.6533726992,
4,312,760.664371,AB,32,0.05,1,0.03125,29,8278.822,258.7131875,3865.284215556271,
4,313,768.986584,AB,16,0.0,0,0.0,8,8140.58,508.78625,1965.4619204037058,
4,314,777.171648,LoR,8,0.1,0,0.0,3,153.263,19.157875,52197.8559730659,
4,315,777.37484,MLP,64,1.0,64,1.0,4,205.902,3.21721875,310827.481034667,
4,316,777.657102,AB,100,0.1,13,0.13,6,9090.759,90.90759,11000.18161299843,
4,317,786.836291,LoR,16,0.5,9,0.5625,4,189.547,11.8466875,84411.78177444117,
4,318,787.100898,LoR,64,0.05,6,0.09375,26,163.07,2.54796875,392469.49162936164,
4,319,787.306928,NB,8,0.01,0,0.0,23,119.307,14.913375,67053.90295623895,
4,320,787.469315,RF,32,1.0,32,1.0,26,4250.914,132.8410625,7527.792846432556,
4,321,791.790207,NB,32,0.1,3,0.09375,27,129.338,4.0418125,247413.7531120011,
4,322,791.97944,AB,16,0.1,2,0.125,17,8183.113,511.4445625,1955.2461269934802,
4,323,800.205766,RF,16,0.0,0,0.0,26,3240.619,202.5386875,4937.328331408289,
4,324,803.527226,LoR,100,0.01,2,0.02,18,181.028,1.81028,552400.7335881742,
4,325,803.779528,RF,8,0.01,0,0.0,7,3028.551,378.568875,2641.5272518111797,
4,326,806.859793,RF,64,0.0,0,0.0,0,3410.905,53.295390625,18763.348730029127,
4,327,810.332044,SGD,100,0.01,0,0.0,14,183.188,1.83188,545887.2851933533,
4,328,810.568285,LoR,64,0.01,0,0.0,13,159.815,2.497109375,400463.0353846635,
4,329,810.803567,RF,100,0.01,1,0.01,26,3932.98,39.3298,25426.01284522169,
4,330,814.816604,MLP,100,0.05,5,0.05,4,307.751,3.0775099999999997,324938.0180730526,
4,331,815.200563,AB,100,0.1,6,0.06,11,8684.131,86.84131,11515.256966989558,
4,332,823.958138,LoR,64,0.5,43,0.671875,1,160.526,2.50821875,398689.3088970011,
4,333,824.190979,SGD,64,0.05,3,0.046875,11,157.468,2.4604375,406431.7829654279,
4,334,824.389873,RF,8,0.05,0,0.0,12,3080.49,385.06125,2596.98943999169,
4,335,827.514452,AB,1,0.05,0,0.0,22,7878.878,7878.878,126.92162513494942,2.0
4,336,848.219373,DT,64,0.5,32,0.5,7,107.718,1.68309375,594143.9685103697,
4,337,848.366551,AB,16,1.0,16,1.0,2,7992.806,499.550375,2001.8001187567922,
4,338,856.404801,RF,32,1.0,32,1.0,11,3874.188,121.068375,8259.79534292089,
4,339,860.330772,NB,64,0.0,0,0.0,14,142.858,2.23215625,447997.31201612786,
4,340,860.537593,GB,32,0.05,1,0.03125,15,275.66,8.614375,116085.0322861496,
4,341,860.85423,NB,1,0.5,0,0.0,3,106.838,106.838,9359.965555326757,
4,342,861.029371,RF,16,0.5,8,0.5,24,3338.925,208.6828125,4791.961484609567,
4,343,864.435694,LoR,32,0.05,3,0.09375,29,174.09,5.4403125,183812.97030271697,
4,344,864.677373,DT,64,0.1,5,0.078125,19,100.408,1.568875,637399.4104055454,
4,345,864.819907,MLP,32,1.0,32,1.0,9,202.301,6.32190625,158180.13751785707,
4,346,865.062491,GB,8,0.0,0,0.0,14,240.882,30.11025,33211.28187245207,
4,347,865.363923,RF,8,0.05,1,0.125,9,3092.701,386.587625,2586.7356721519473,
4,348,868.521863,DT,16,0.5,12,0.75,12,99.429,6.2143125,160918.8466141669,
4,349,868.662968,SGD,8,0.01,0,0.0,29,161.002,20.12525,49688.82374131998,
4,350,868.872446,GB,64,1.0,64,1.0,25,282.832,4.41925,226282.74028398484,
4,351,869.218582,DT,32,0.5,16,0.5,10,99.744,3.117,320821.30253448826,
4,352,869.359625,GB,32,0.0,0,0.0,7,223.564,6.986375,143135.74636345744,
4,353,869.630632,AB,32,0.0,0,0.0,21,8162.316,255.072375,3920.455909817753,
4,354,877.857533,LoR,16,0.05,1,0.0625,13,154.088,9.6305,103836.76859976118,
4,355,878.080389,DT,64,0.05,4,0.0625,1,93.592,1.462375,683819.1298401573,
4,356,878.230106,NB,8,0.1,1,0.125,8,109.623,13.702875,72977.3861324722,
4,357,878.398394,RF,8,0.1,1,0.125,27,3008.661,376.082625,2658.990162068774,
4,358,881.448836,MLP,8,1.0,8,1.0,6,190.983,23.872875,41888.54505374824,
4,359,881.718076,GB,100,0.05,7,0.07,21,275.836,2.75836,362534.25948752154,
4,360,882.037894,LoR,32,1.0,32,1.0,7,162.034,5.0635625,197489.4158016219,
4,361,882.239781,NB,1,0.05,0,0.0,0,102.79,102.79,9728.572818367546,
4,362,882.413112,MLP,32,0.1,4,0.125,25,189.461,5.92065625,168900.1958186645,
4,363,882.640226,GB,1,0.0,0,0.0,18,202.217,202.217,4945.18265032119,4.0
4,364,895.581118,LoR,64,0.05,2,0.03125,5,168.154,2.62740625,380603.4944158331,
4,365,895.808915,MLP,16,0.1,2,0.125,21,181.622,11.351375,88095.05456387441,
4,366,896.031064,SGD,1,0.05,0,0.0,6,175.806,175.806,5688.08800609763,
4,367,896.361302,GB,1,0.5,1,1.0,17,200.427,200.427,4989.347742569614,4.0
4,368,909.225826,AB,64,1.0,64,1.0,27,8668.599,135.446859375,7382.969266429327,
4,369,917.936737,RF,1,0.5,1,1.0,25,3036.66,3036.66,329.3091752122398,24.63
4,370,933.893068,GB,16,0.5,7,0.4375,29,227.888,14.243,70209.92768377448,
4,371,934.197511,GB,100,0.01,3,0.03,15,264.841,2.64841,377585.0415909923,
4,372,934.50454,DT,8,0.05,0,0.0,2,90.788,11.3485,88117.37233995683,
4,373,934.657349,NB,32,0.1,3,0.09375,18,123.449,3.85778125,259216.35655209844,
4,374,934.816777,RF,1,1.0,1,1.0,12,3100.159,3100.159,322.5641007445102,19.29
4,375,950.754201,RF,8,0.01,0,0.0,22,3072.445,384.055625,2603.7894901291966,
4,376,953.872226,LoR,8,0.5,0,0.0,26,166.13,20.76625,48155.05929091675,
4,377,954.081116,NB,8,0.1,0,0.0,27,111.848,13.981,71525.64194263643,
4,378,954.23478,AB,32,0.0,0,0.0,20,8079.599,252.48746875,3960.592598716842,
4,379,962.357853,DT,8,0.1,0,0.0,13,80.807,10.100875,99001.32414271041,
4,380,962.480767,RF,16,0.05,0,0.0,0,3157.222,197.326375,5067.746265546103,
4,381,965.716384,MLP,100,0.1,9,0.09,13,246.973,2.46973,404902.5601988881,
4,382,966.033364,DT,64,0.05,2,0.03125,24,98.749,1.542953125,648107.82894004,
4,383,966.168825,NB,1,0.0,0,0.0,10,104.154,104.154,9601.167501968239,
4,384,966.322809,MLP,16,0.01,0,0.0,22,180.359,11.2724375,88711.95781746405,
4,385,966.54532,LoR,8,0.05,0,0.0,11,183.148,22.8935,43680.52067180641,
4,386,966.767743,RF,1,0.05,0,0.0,22,2944.794,2944.794,339.58232732068865,7.0
4,387,982.589031,AB,32,1.0,32,1.0,19,8159.109,254.97215625,3921.996874903865,
4,388,990.825945,SGD,100,0.5,61,0.61,25,168.794,1.6879400000000002,592438.1198383828,
4,389,991.055893,MLP,1,0.0,0,0.0,2,189.354,189.354,5281.113681253102,
4,390,991.503262,RF,64,0.05,5,0.078125,3,3509.563,54.836921875,18235.888627729433,
4,391,995.084676,DT,1,1.0,1,1.0,27,91.901,91.901,10881.274414859468,32.0
4,392,995.368724,LoR,1,0.01,0,0.0,25,156.664,156.664,6383.087371699944,
4,393,995.693041,GB,8,0.5,5,0.625,6,235.434,29.42925,33979.79900948886,
4,394,995.969248,GB,1,0.01,0,0.0,2,203.068,203.068,4924.458801977662,4.0
4,395,1008.641762,RF,100,0.0,0,0.0,24,3602.112,36.02112,27761.491036369775,
4,396,1012.288561,SGD,16,1.0,16,1.0,21,168.854,10.553375,94756.41678609923,
4,397,1012.529066,DT,32,0.1,3,0.09375,6,95.873,2.99603125,333774.8896978294,
4,398,1012.664929,LoR,8,0.05,0,0.0,16,153.195,19.149375,52221.02549038807,
4,399,1012.865749,AB,64,1.0,64,1.0,11,8278.191,129.346734375,7731.1576889202,
4,400,1021.212115,RF,32,0.05,1,0.03125,29,3285.387,102.66834375,9740.100633502232,
4,401,1024.571063,LoR,64,0.05,4,0.0625,27,171.439,2.678734375,373310.6236037308,
4,402,1024.810208,GB,64,0.05,1,0.015625,12,257.994,4.03115625,248067.78452212064,
4,403,1025.117234,NB,64,0.0,0,0.0,23,136.776,2.137125,467918.34824823064,
4,404,1025.320042,NB,64,0.5,32,0.5,6,126.864,1.98225,504477.2354647496,
4,405,1025.489156,AB,32,0.01,0,0.0,14,8156.527,254.89146875,3923.2384077193637,
4,406,1033.71721,SGD,64,0.1,11,0.171875,28,226.33,3.53640625,282772.94216409663,
4,407,1033.987563,RF,1,0.05,0,0.0,26,2955.17,2955.17,338.3900080198432,7.0
4,408,1049.71733,MLP,32,0.1,2,0.0625,26,207.972,6.499125,153866.86669359336,
4,409,1049.994399,MLP,64,0.1,10,0.15625,3,202.107,3.157921875,316663.94533588644,
4,410,1050.25555,GB,8,0.01,1,0.125,5,221.31,27.66375,36148.38913740907,
4,411,1050.550648,RF,100,0.05,5,0.05,11,3652.965,36.529650000000004,27375.022755487666,
4,412,1054.247138,RF,1,0.5,1,1.0,2,2918.967,2918.967,342.58694942423125,11.8
4,413,1069.879836,NB,1,0.5,1,1.0,29,107.836,107.836,9273.340999295226,
4,414,1070.038116,AB,8,0.1,0,0.0,3,8188.685,1023.585625,976.9578387738691,
4,415,1078.316477,SGD,32,1.0,32,1.0,12,311.876,9.746125,102604.88142723391,
4,416,1078.703049,AB,16,0.01,0,0.0,9,8768.07,548.004375,1824.8029497939683,
4,417,1087.561009,DT,100,0.5,51,0.51,5,113.474,1.13474,881259.1430636093,
4,418,1087.721674,RF,32,0.05,0,0.0,18,3363.421,105.10690625,9514.122674503133,
4,419,1091.158598,RF,64,0.1,8,0.125,14,3807.138,59.48653125,16810.528013431613,
4,420,1095.015006,SGD,16,1.0,16,1.0,7,231.158,14.447375,69216.72622189153,
4,421,1095.288965,NB,8,0.01,0,0.0,25,118.128,14.766,67723.14777190844,
4,422,1095.450823,MLP,32,0.01,0,0.0,13,209.389,6.54340625,152825.6021089933,
4,423,1095.701429,AB,1,0.05,0,0.0,9,7818.801,7818.801,127.89684761128976,2.0
4,424,1116.585425,SGD,32,0.05,2,0.0625,10,180.501,5.64065625,177284.33637486774,
4,425,1116.828625,GB,32,0.05,2,0.0625,19,274.124,8.566375,116735.49196713895,
4,426,1117.180026,NB,100,0.5,49,0.49,0,153.845,1.53845,650004.8750365628,
4,427,1117.376518,LoR,16,0.0,0,0.0,3,162.89,10.180625,98225.7965498189,
4,428,1117.588091,AB,64,1.0,64,1.0,21,8404.52,131.320625,7614.950050687011,
4,429,1126.035426,MLP,1,0.1,1,1.0,10,173.897,173.897,5750.530486437374,
4,430,1126.368234,AB,32,1.0,32,1.0,18,8173.841,255.43253125,3914.9281225313775,
4,431,1134.593826,LoR,64,1.0,64,1.0,29,157.68,2.46375,405885.3373921867,
4,432,1134.812506,GB,16,0.5,10,0.625,4,301.206,18.825375,53119.791770416254,
4,433,1135.15682,SGD,8,0.01,0,0.0,24,156.288,19.536,51187.55118755119,
4,434,1135.35335,LoR,16,0.0,0,0.0,10,147.908,9.24425,108175.35224599075,
4,435,1135.555125,GB,100,0.0,0,0.0,24,260.468,2.60468,383924.3208378764,
4,436,1135.857331,MLP,1,0.01,0,0.0,2,171.842,171.842,5819.299123613551,
4,437,1136.181161,AB,1,0.01,0,0.0,2,7885.945,7885.945,126.80788415338935,2.0
4,438,1156.765945,GB,1,0.1,0,0.0,20,206.661,206.661,4838.842355354905,4.0
4,439,1169.398106,DT,8,1.0,8,1.0,6,93.702,11.71275,85377.04638108045,
4,440,1169.560218,MLP,64,0.01,1,0.015625,11,218.071,3.407359375,293482.39793461765,
4,441,1169.819201,DT,1,0.05,0,0.0,29,86.864,86.864,11512.24903297108,7.0
4,442,1170.110226,LoR,16,0.1,2,0.125,14,157.21,9.825625,101774.69626614083,
4,443,1170.339119,SGD,100,0.05,6,0.06,2,172.638,1.72638,579246.7475295126,
4,444,1170.577665,LoR,64,0.5,32,0.5,14,153.928,2.405125,415778.8056753807,
4,445,1170.777742,NB,64,0.0,0,0.0,3,127.1,1.9859375,503540.5192761605,
4,446,1170.943392,DT,1,0.1,0,0.0,25,115.307,115.307,8672.500368581266,7.0
4,447,1171.287048,RF,16,0.5,8,0.5,2,3462.84,216.4275,4620.484919892342,
4,448,1174.809596,NB,100,0.01,0,0.0,24,151.978,1.5197800000000001,657989.9722328231,
4,449,1175.059822,SGD,64,0.5,31,0.484375,26,194.469,3.038578125,329101.29635057517,
4,450,1175.293117,SGD,8,0.0,0,0.0,4,149.997,18.749625,53334.40002133376,
4,451,1175.480387,MLP,1,0.0,0,0.0,17,162.005,162.005,6172.648992315052,
4,452,1175.797739,AB,8,1.0,8,1.0,1,8641.121,1080.140125,925.8058069086176,
4,453,1184.486992,LoR,16,1.0,16,1.0,14,156.587,9.7866875,102179.61899774567,
4,454,1184.713974,AB,64,0.1,4,0.0625,17,8533.355,133.333671875,7499.9809570796015,
4,455,1193.315849,AB,32,0.5,13,0.40625,3,8626.305,269.57203125,3709.5836514011503,
4,456,1202.01619,DT,8,0.1,1,0.125,20,92.526,11.56575,86462.18360244688,
4,457,1202.149428,DT,8,1.0,8,1.0,26,84.601,10.575125,94561.5300055555,
4,458,1202.273455,MLP,1,0.5,0,0.0,24,188.614,188.614,5301.833373980722,
4,459,1202.627012,SGD,32,0.01,0,0.0,8,159.2,4.975,201005.02512562816,
4,460,1202.844576,SGD,100,0.0,0,0.0,26,169.989,1.6998900000000001,588273.358864397,
4,461,1203.093505,SGD,16,0.1,0,0.0,10,149.059,9.3161875,107340.04655874519,
4,462,1203.301538,GB,8,0.1,1,0.125,25,251.157,31.394625,31852.586230923287,
4,463,1203.616891,LoR,32,0.1,4,0.125,25,160.041,5.00128125,199948.76312944808,
4,464,1203.820026,MLP,16,0.01,0,0.0,14,182.963,11.4351875,87449.37501024798,
4,465,1204.042914,NB,8,0.0,0,0.0,5,116.343,14.542875,68762.19454543892,
4,466,1204.199862,LoR,8,0.01,0,0.0,10,149.604,18.7005,53474.50602925055,
4,467,1204.415159,NB,32,0.5,20,0.625,24,115.996,3.624875,275871.581778682,
4,468,1204.604129,SGD,100,0.5,46,0.46,27,167.588,1.67588,596701.4344702485,
4,469,1204.830369,DT,16,0.1,1,0.0625,29,90.651,5.6656875,176501.0865848143,
4,470,1204.976882,SGD,100,1.0,100,1.0,8,165.75,1.6575,603318.2503770739,
4,471,1205.187091,LoR,32,0.1,0,0.0,16,150.036,4.688625,213282.1456183849,
4,472,1205.379116,LoR,16,0.01,0,0.0,8,145.066,9.066625,110294.62451573767,
4,473,1205.581294,AB,8,0.5,1,0.125,10,8180.778,1022.59725,977.9021017316446,
4,474,1213.802577,RF,1,1.0,1,1.0,2,3122.692,3122.692,320.23651387969096,14.52
4,475,1230.017955,AB,32,0.05,2,0.0625,1,8372.616,261.64425,3821.983475654443,
4,476,1238.470246,LoR,100,0.5,53,0.53,6,171.046,1.7104599999999999,584638.0505828841,
4,477,1238.710524,LoR,32,0.01,1,0.03125,18,153.58,4.799375,208360.4636020315,
4,478,1238.903848,LoR,8,0.0,0,0.0,3,183.835,22.979375,43517.28452144586,
4,479,1239.135798,SGD,64,0.0,0,0.0,26,153.841,2.403765625,416013.93646687164,
4,480,1239.364066,GB,100,0.5,47,0.47,9,317.516,3.17516,314944.7586893259,
4,481,1239.758093,DT,100,0.5,58,0.58,2,119.55,1.1955,836470.0961940611,
4,482,1239.950618,SGD,100,0.1,7,0.07,24,176.559,1.76559,566382.9088293432,
4,483,1240.167686,MLP,16,0.0,0,0.0,13,187.755,11.7346875,85217.43761817263,
4,484,1240.396707,DT,1,0.1,0,0.0,4,87.38,87.38,11444.266422522316,7.0
4,485,1240.669476,GB,1,0.0,0,0.0,14,211.175,211.175,4735.409020954185,4.0
4,486,1254.140657,NB,8,0.5,2,0.25,12,129.793,16.224125,61636.60598029169,
4,487,1254.337223,MLP,32,0.5,11,0.34375,27,225.826,7.0570625,141702.01836812415,
4,488,1254.604672,AB,1,0.01,0,0.0,19,7983.708,7983.708,125.25508197444096,2.0
4,489,1276.132518,GB,32,0.01,0,0.0,24,286.662,8.9581875,111629.72420481265,
4,490,1276.49555,GB,64,0.05,3,0.046875,17,258.36,4.036875,247716.3647623471,
4,491,1276.797717,SGD,8,0.05,0,0.0,8,183.134,22.89175,43683.85990586128,
4,492,1277.031069,AB,64,1.0,64,1.0,26,8501.235,132.831796875,7528.317944392785,
4,493,1285.578831,AB,16,0.01,0,0.0,13,8231.025,514.4390625,1943.8648284994883,
4,494,1293.852342,AB,8,1.0,8,1.0,13,8064.987,1008.123375,991.9420824856878,
4,495,1301.9986,RF,100,0.1,7,0.07,14,4038.396,40.38396,24762.30661876646,
4,496,1306.101932,LoR,8,0.5,2,0.25,0,177.895,22.236875,44970.34767700048,
4,497,1306.354678,DT,100,0.01,3,0.03,25,107.264,1.07264,932279.2362768496,
4,498,1306.499655,NB,1,0.0,0,0.0,22,111.202,111.202,8992.644017193936,
4,499,1306.693769,AB,100,0.1,7,0.07,5,8751.846,87.51845999999999,11426.160835096962,
4,500,1315.490456,NB,8,0.05,0,0.0,15,112.337,14.042125,71214.2927085466,
4,501,1315.677818,GB,100,0.05,7,0.07,5,290.713,2.9071300000000004,343981.8652760626,
4,502,1316.01382,DT,32,0.0,0,0.0,5,96.066,3.0020625,333104.3241105073,
4,503,1316.182898,NB,100,0.05,8,0.08,16,147.713,1.4771299999999998,676988.4844258799,
4,504,1316.36717,SGD,1,1.0,1,1.0,23,167.602,167.602,5966.515912697939,
4,505,1316.700833,GB,32,0.0,0,0.0,19,237.785,7.43078125,134575.35168324327,
4,506,1316.999787,LoR,8,0.1,1,0.125,20,159.656,19.957,50107.73162298943,
4,507,1317.219248,AB,16,0.5,5,0.3125,26,8184.953,511.5595625,1954.806582273594,
4,508,1325.447322,GB,1,0.05,0,0.0,18,201.344,201.344,4966.624284806103,4.0
4,509,1338.462051,LoR,32,1.0,32,1.0,27,164.704,5.147,194287.9347192539,
4,510,1338.668562,AB,8,0.0,0,0.0,29,8159.234,1019.90425,980.4841974136297,
4,511,1346.893294,NB,16,0.5,8,0.5,0,120.417,7.5260625,132871.6045076692,
4,512,1347.064627,LoR,64,0.01,0,0.0,6,161.593,2.524890625,396056.75988440093,
4,513,1347.285437,MLP,8,0.5,6,0.75,2,190.735,23.841875,41943.00993525048,
4,514,1347.538772,MLP,32,0.5,18,0.5625,20,187.108,5.847125,171024.22130534236,
4,515,1347.76742,RF,1,0.1,0,0.0,14,3056.519,3056.519,327.16956773375205,7.0
4,516,1363.822989,MLP,16,0.1,1,0.0625,9,190.808,11.9255,83853.9264601065,
4,517,1364.073807,DT,100,0.0,0,0.0,27,102.446,1.02446,976124.0067938231,
4,518,1364.217018,LoR,1,0.05,0,0.0,9,152.478,152.478,6558.323167932423,
4,519,1364.540269,NB,8,0.01,1,0.125,18,112.953,14.119125,70825.91874496471,
4,520,1364.694952,DT,32,0.0,0,0.0,20,92.701,2.89690625,345195.8447050194,
4,521,1364.826237,RF,8,0.0,0,0.0,7,3355.067,419.383375,2384.453127165568,
4,522,1368.307085,GB,16,0.5,11,0.6875,26,276.39,17.274375,57889.214515720545,
4,523,1368.628031,LoR,1,0.1,0,0.0,28,169.215,169.215,5909.641580238158,
4,524,1369.039016,SGD,8,1.0,8,1.0,9,160.108,20.0135,49966.272765883026,
4,525,1369.259527,LoR,100,1.0,100,1.0,27,194.491,1.9449100000000001,514162.6090667434,
4,526,1369.533625,RF,100,0.5,42,0.42,16,5109.128,51.09128,19572.81164222153,
4,527,1374.718284,DT,8,0.01,0,0.0,10,132.53,16.56625,60363.69123971931,
4,528,1374.896721,MLP,8,0.01,0,0.0,14,247.308,30.9135,32348.32678279716,
4,529,1375.232812,MLP,64,0.1,3,0.046875,1,224.506,3.50790625,285070.3321960215,
4,530,1375.497568,RF,1,1.0,1,1.0,19,3084.241,3084.241,324.22887835289134,15.09
4,531,1392.678399,GB,100,0.0,0,0.0,25,333.421,3.33421,299921.120745244,
4,532,1393.079617,LoR,100,0.01,0,0.0,16,207.836,2.07836,481148.5979329856,
4,533,1393.334454,GB,32,0.0,0,0.0,21,249.284,7.790125,128367.64493509411,
4,534,1393.654844,DT,64,0.1,4,0.0625,24,105.457,1.647765625,606882.426012498,
4,535,1393.801977,DT,16,0.01,0,0.0,2,89.53,5.595625,178711.0465765665,
4,536,1393.939475,RF,64,1.0,64,1.0,28,4726.514,73.85178125,13540.6348103486,
4,537,1398.732552,MLP,8,0.1,1,0.125,1,218.255,27.281875,36654.37217933152,
4,538,1398.998507,RF,32,0.05,0,0.0,17,3752.023,117.25071875,8528.732366512679,
4,539,1402.843666,DT,32,1.0,32,1.0,9,177.215,5.53796875,180571.6220410236,
4,540,1403.109527,SGD,64,0.1,4,0.0625,4,219.804,3.4344375,291168.4955687795,
4,541,1403.404083,RF,64,0.05,4,0.0625,1,4209.334,65.77084375,15204.305479204075,
4,542,1407.697173,AB,1,0.5,0,0.0,28,8223.428,8223.428,121.6037885903543,2.0
4,543,1429.021226,MLP,64,0.01,0,0.0,4,258.663,4.041609375,247426.18774235202,
4,544,1429.328728,AB,8,0.05,0,0.0,7,8212.637,1026.579625,974.1085597719708,
4,545,1437.610624,MLP,32,0.01,1,0.03125,28,216.527,6.76646875,147787.57383605742,
4,546,1437.892326,AB,64,1.0,64,1.0,3,8472.491,132.382671875,7553.8587175837665,
4,547,1446.410409,LoR,8,0.1,0,0.0,6,158.163,19.770375,50580.73000638581,
4,548,1446.611465,DT,16,0.0,0,0.0,23,88.001,5.5000625,181816.11572595764,
4,549,1446.750199,RF,64,0.01,0,0.0,25,3390.95,52.98359375,18873.766938468572,
4,550,1450.207071,SGD,8,0.01,1,0.125,7,171.729,21.466125,46585.02640788684,
4,551,1450.448879,GB,64,0.1,8,0.125,29,288.313,4.504890625,221980.9720685505,
4,552,1450.77926,NB,1,0.05,0,0.0,23,114.229,114.229,8754.344343380402,
4,553,1450.966413,DT,32,0.1,7,0.21875,14,102.24,3.195,312989.0453834116,
4,554,1451.141943,DT,100,0.5,56,0.56,0,112.509,1.12509,888817.7834662116,
4,555,1451.295608,SGD,32,1.0,32,1.0,0,162.222,5.0694375,197260.5441925263,
4,556,1451.496734,NB,8,0.0,0,0.0,14,111.049,13.881125,72040.27051121577,
4,557,1451.670797,AB,32,0.5,16,0.5,21,8713.176,272.28675,3672.5988319299418,
4,558,1460.453703,GB,64,0.01,0,0.0,21,293.196,4.5811875,218284.01478874197,
4,559,1460.828361,DT,100,0.1,13,0.13,23,112.445,1.12445,889323.6693494598,
4,560,1461.016562,GB,100,0.1,11,0.11,15,293.408,2.9340800000000002,340822.33613262075,
4,561,1461.352817,GB,1,0.05,0,0.0,22,215.245,215.245,4645.868661292945,4.0
4,562,1474.387215,LoR,100,0.1,7,0.07,20,194.902,1.94902,513078.3675898657,
4,563,1474.624521,NB,16,0.0,0,0.0,29,120.338,7.521125,132958.8326214496,
4,564,1474.812405,MLP,64,0.5,34,0.53125,24,266.783,4.168484375,239895.3456554578,
4,565,1475.121522,GB,1,0.1,0,0.0,0,210.071,210.071,4760.2953287221935,4.0
4,566,1488.579692,MLP,16,0.1,3,0.1875,26,224.516,14.03225,71264.40877264872,
4,567,1488.861965,DT,64,1.0,64,1.0,16,120.664,1.885375,530398.4618444607,
4,568,1489.04339,NB,16,0.1,2,0.125,7,123.797,7.7373125,129243.84274255435,
4,569,1489.228818,MLP,32,0.01,1,0.03125,7,199.908,6.247125,160073.63387158094,
4,570,1489.467432,GB,1,0.0,0,0.0,19,236.936,236.936,4220.549009015092,4.0
4,571,1502.87588,MLP,32,0.0,0,0.0,16,275.711,8.61596875,116063.55930666531,
4,572,1503.214088,MLP,100,1.0,100,1.0,4,239.468,2.3946799999999997,417592.3296640887,
4,573,1503.498004,NB,1,0.1,0,0.0,22,114.7,114.7,8718.395815170008,
4,574,1503.698813,LoR,100,0.1,11,0.11,0,176.772,1.76772,565700.4502975584,
4,575,1503.916413,SGD,1,0.1,0,0.0,11,152.256,152.256,6567.885666246322,
4,576,1504.246012,LoR,16,0.05,2,0.125,11,149.383,9.3364375,107107.23442426513,
4,577,1504.445491,GB,64,1.0,64,1.0,21,291.887,4.560734375,219262.93394361518,
4,578,1504.794348,LoR,100,0.0,0,0.0,2,174.944,1.7494399999999999,571611.4871044449,
4,579,1505.038409,MLP,64,0.1,3,0.046875,21,209.99,3.28109375,304776.41792466305,
4,580,1505.311531,AB,32,0.1,3,0.09375,22,8345.482,260.7963125,3834.410043661948,
4,581,1513.697904,GB,1,0.0,0,0.0,20,212.902,212.902,4696.996740284262,4.0
4,582,1526.690105,DT,64,0.05,0,0.0,8,102.639,1.603734375,623544.6565145802,
4,583,1526.831675,GB,1,1.0,1,1.0,7,232.985,232.985,4292.121810416979,4.0
4,584,1539.791492,GB,16,0.0,0,0.0,9,219.461,13.7163125,72905.89216307225,
4,585,1540.071859,MLP,8,0.5,4,0.5,1,189.509,23.688625,42214.353935696985,
4,586,1540.330379,SGD,64,0.5,31,0.484375,27,166.32,2.59875,384800.3848003848,
4,587,1540.55492,LoR,100,0.0,0,0.0,17,163.942,1.63942,609971.8193019482,
4,588,1540.760005,LoR,1,0.1,0,0.0,17,143.636,143.636,6962.042941880865,
4,589,1541.054414,AB,1,0.05,0,0.0,0,7975.583,7975.583,125.38268362325363,2.0
4,590,1561.980417,MLP,64,0.01,1,0.015625,1,220.787,3.449796875,289872.1392110948,
4,591,1562.258161,SGD,100,1.0,100,1.0,10,170.291,1.70291,587230.0943678762,
4,592,1562.468021,GB,1,1.0,1,1.0,21,208.143,208.143,4804.389290055395,4.0
4,593,1576.033823,SGD,16,0.0,0,0.0,28,182.712,11.4195,87569.50829721092,
4,594,1576.258641,NB,16,0.0,0,0.0,3,122.567,7.6604375,130540.84704692128,
4,595,1576.431284,RF,64,0.0,0,0.0,29,3711.248,57.98825,17244.872883730757,
4,596,1580.190612,AB,8,0.01,0,0.0,26,8362.374,1045.29675,956.6661333252973,
4,597,1588.600241,GB,32,0.0,0,0.0,15,252.172,7.880375,126897.51439493679,
4,598,1588.895409,MLP,1,0.05,1,1.0,12,188.585,188.585,5302.64867301217,
4,599,1589.24797,GB,32,1.0,32,1.0,3,243.451,7.60784375,131443.28838246712,
4,600,1589.552081,AB,100,1.0,100,1.0,13,8804.469,88.04468999999999,11357.868373436264,
4,601,1598.408821,AB,64,1.0,64,1.0,14,8425.332,131.6458125,7596.139831641056,
4,602,1606.880383,RF,32,0.0,0,0.0,24,3493.633,109.17603125,9159.51961754426,
4,603,1610.427151,MLP,64,1.0,64,1.0,22,236.517,3.695578125,270593.6571155562,
4,604,1610.731355,MLP,32,0.1,4,0.125,28,192.763,6.02384375,166006.96191696537,
4,605,1611.000634,GB,100,0.05,3,0.03,1,290.554,2.90554,344170.1026315246,
4,606,1611.349153,AB,100,1.0,100,1.0,22,8731.563,87.31563,11452.703255992083,
4,607,1620.124739,LoR,1,0.1,0,0.0,2,153.695,153.695,6506.3925306613755,
4,608,1620.46316,SGD,64,0.5,27,0.421875,17,162.438,2.53809375,393996.47865647206,
4,609,1620.67962,MLP,100,1.0,100,1.0,19,224.963,2.24963,444517.54288483,
4,610,1620.951487,SGD,32,0.01,0,0.0,17,153.602,4.8000625,208330.62069504304,
4,611,1621.165494,DT,16,0.05,2,0.125,17,90.814,5.675875,176184.2887660493,
4,612,1621.297479,SGD,16,0.05,0,0.0,21,151.387,9.4616875,105689.39208782789,
4,613,1621.491463,LoR,16,0.05,0,0.0,25,145.63,9.101875,109867.47236146398,
4,614,1621.691715,AB,100,0.0,0,0.0,11,8731.029,87.31029000000001,11453.403716789853,
4,615,1630.487218,DT,16,0.1,2,0.125,26,87.558,5.472375,182736.0149843532,
4,616,1630.64882,AB,100,0.01,1,0.01,26,8747.968,87.47968,11431.226085875027,
4,617,1639.440561,SGD,1,0.05,0,0.0,12,151.292,151.292,6609.7348174391245,
4,618,1639.748891,LoR,64,0.0,0,0.0,18,156.277,2.441828125,409529.2333484774,
4,619,1639.946698,RF,1,0.1,0,0.0,21,3052.419,3052.419,327.6090209109562,6.83
4,620,1655.996728,RF,8,0.1,0,0.0,24,3119.983,389.997875,2564.116535250352,
4,621,1659.180127,LoR,100,0.01,0,0.0,4,184.69,1.8469,541447.8315014348,
4,622,1659.406972,LoR,8,1.0,8,1.0,19,152.305,19.038125,52526.18101835133,
4,623,1659.634429,MLP,100,0.05,5,0.05,2,235.73,2.3573,424214.14329953765,
4,624,1659.921271,DT,64,0.0,0,0.0,17,97.658,1.52590625,655348.2561592496,
4,625,1660.057974,SGD,8,1.0,8,1.0,24,155.098,19.38725,51580.29117074366,
4,626,1660.258578,RF,32,0.01,0,0.0,15,3347.791,104.61846875,9558.541736924437,
4,627,1663.691259,RF,100,0.05,5,0.05,15,3808.917,38.089169999999996,26254.181963009432,
4,628,1667.575492,DT,64,0.1,8,0.125,21,109.529,1.711390625,584320.1343936309,
4,629,1667.74077,LoR,100,0.0,0,0.0,25,182.702,1.82702,547339.3832579829,
4,630,1667.963607,NB,8,0.0,0,0.0,8,118.544,14.818,67485.4906195168,
4,631,1668.135015,MLP,100,0.0,0,0.0,15,243.426,2.43426,410802.4615283495,
4,632,1668.42082,DT,1,0.01,0,0.0,8,89.592,89.592,11161.7108670417,7.0
4,633,1668.742272,RF,64,0.01,3,0.046875,18,3614.168,56.471375,17708.086619105696,
4,634,1672.431625,MLP,64,0.1,5,0.078125,28,226.291,3.535796875,282821.6765138693,
4,635,1672.715138,DT,100,0.0,0,0.0,4,101.036,1.01036,989746.2290668673,
4,636,1672.859871,DT,16,0.05,0,0.0,1,94.725,5.9203125,168910.00263921882,
4,637,1672.995247,MLP,8,0.01,0,0.0,13,177.518,22.18975,45065.85247693192,
4,638,1673.215153,AB,16,0.0,0,0.0,7,8288.757,518.0473125,1930.325620596671,
4,639,1681.569631,RF,16,0.1,3,0.1875,10,3188.905,199.3065625,5017.396253572934,
4,640,1684.832293,DT,64,0.1,2,0.03125,17,101.488,1.58575,630616.4275579379,
4,641,1685.003079,SGD,64,0.01,1,0.015625,8,175.889,2.748265625,363865.84721045656,
4,642,1685.252667,NB,100,0.5,50,0.5,29,145.233,1.4523300000000001,688548.7458084595,
4,643,1685.437117,SGD,1,0.01,0,0.0,15,156.868,156.868,6374.786444654104,
4,644,1685.784862,LoR,100,0.05,4,0.04,0,167.0,1.67,598802.3952095809,
4,645,1685.99514,LoR,32,1.0,32,1.0,14,151.597,4.73740625,211085.97135827225,
4,646,1686.188315,MLP,8,0.1,0,0.0,5,172.598,21.57475,46350.47914807819,
4,647,1686.405847,DT,16,0.0,0,0.0,25,90.002,5.625125,177773.82724828337,
4,648,1686.55404,GB,8,0.5,3,0.375,4,249.996,31.2495,32000.51200819213,
4,649,1686.855557,RF,64,1.0,64,1.0,15,5017.972,78.4058125,12754.156460020104,
4,650,1691.957083,SGD,100,1.0,100,1.0,5,231.253,2.3125299999999998,432426.82257095043,
4,651,1692.24128,SGD,32,0.0,0,0.0,6,167.409,5.23153125,191148.62402857674,
4,652,1692.454928,DT,8,0.01,0,0.0,14,102.587,12.823375,77982.59038669617,
4,653,1692.597833,AB,8,0.0,0,0.0,13,8215.565,1026.945625,973.7613907260181,
4,654,1700.886465,LoR,64,0.01,1,0.015625,16,163.813,2.559578125,390689.3836264521,
4,655,1701.125131,GB,100,0.01,2,0.02,0,301.6,3.016,331564.9867374005,
4,656,1701.471133,NB,32,0.0,0,0.0,24,127.279,3.97746875,251416.18020254717,
4,657,1701.671732,LoR,100,0.1,9,0.09,9,170.423,1.70423,586775.2592079707,
4,658,1701.879384,RF,1,0.0,0,0.0,12,3124.978,3124.978,320.00225281585983,22.65
4,659,1717.890399,SGD,100,0.1,10,0.1,11,177.2,1.7719999999999998,564334.0857787811,
4,660,1718.143063,NB,100,0.5,53,0.53,2,142.182,1.4218199999999999,703323.9087929556,
4,661,1718.321767,MLP,1,1.0,1,1.0,15,177.558,177.558,5631.96251365751,
4,662,1718.673708,DT,16,0.1,2,0.125,17,91.682,5.730125,174516.26273423355,
4,663,1718.803832,SGD,1,0.05,0,0.0,7,164.686,164.686,6072.161568075003,
4,664,1719.133877,NB,16,0.05,0,0.0,5,110.729,6.9205625,144496.92492481644,
4,665,1719.310517,NB,64,0.05,2,0.03125,20,123.616,1.9315,517732.3323841574,
4,666,1719.485367,DT,100,0.0,0,0.0,26,101.638,1.01638,983883.9804010311,
4,667,1719.625971,LoR,16,1.0,16,1.0,6,152.933,9.5583125,104620.9778138139,
4,668,1719.81965,RF,8,0.05,0,0.0,17,3120.104,390.013,2564.0170968660022,
4,669,1722.9915,RF,64,0.0,0,0.0,18,3610.663,56.416609375,17725.276493541493,
4,670,1726.653473,NB,64,0.0,0,0.0,0,138.442,2.16315625,462287.45611880784,
4,671,1726.829725,NB,1,1.0,1,1.0,2,100.801,100.801,9920.53650261406,
4,672,1726.980494,RF,32,0.0,0,0.0,14,3242.964,101.342625,9867.516259816637,
4,673,1730.28929,RF,16,0.05,1,0.0625,3,3128.489,195.5305625,5114.289997503587,
4,674,1733.483867,GB,32,0.05,3,0.09375,28,360.119,11.25371875,88859.51588225002,
4,675,1733.888106,RF,8,0.1,0,0.0,3,3159.1,394.8875,2532.3668133329115,
4,676,1737.089639,DT,8,0.0,0,0.0,21,95.824,11.978,83486.39171814994,
4,677,1737.225999,RF,1,0.5,0,0.0,3,3018.084,3018.084,331.3360396861055,9.01
4,678,1753.095799,LoR,8,1.0,8,1.0,8,169.265,21.158125,47263.167222993536,
4,679,1753.305931,SGD,8,0.0,0,0.0,28,150.161,18.770125,53276.150265381824,
4,680,1753.498546,RF,16,0.01,0,0.0,16,3091.853,193.2408125,5174.890268069019,
4,681,1756.635339,AB,8,0.05,0,0.0,29,7973.899,996.737375,1003.2733045653074,
4,682,1764.68176,SGD,64,0.05,3,0.046875,24,162.59,2.54046875,393628.14441232546,
4,683,1764.903742,SGD,16,0.5,7,0.4375,27,149.507,9.3441875,107018.40047623188,
4,684,1765.097608,MLP,32,0.01,0,0.0,1,224.244,7.007625,142701.69993400047,
4,685,1765.390629,LoR,64,0.05,6,0.09375,7,154.1,2.4078125,415314.73069435434,
4,686,1765.601449,NB,8,0.5,5,0.625,29,111.093,13.886625,72011.73791327987,
4,687,1765.76773,DT,100,0.0,0,0.0,25,98.94,0.9894,1010713.5637760259,
4,688,1765.915332,AB,64,1.0,64,1.0,9,8361.61,130.65015625,7654.028350999389,
4,689,1774.341085,LoR,16,0.1,2,0.125,0,152.034,9.502125,105239.61745399056,
4,690,1774.567435,RF,100,0.1,14,0.14,5,3992.079,39.920790000000004,25049.604479270074,
4,691,1778.602333,LoR,8,0.0,0,0.0,8,163.38,20.4225,48965.60166483046,
4,692,1778.805762,AB,8,1.0,8,1.0,10,8218.36,1027.295,973.4302220881051,
4,693,1787.069015,GB,8,1.0,8,1.0,4,350.408,43.801,22830.528983356544,
4,694,1787.478211,NB,1,0.05,0,0.0,1,140.722,140.722,7106.209405778769,
4,695,1787.713312,SGD,64,0.5,33,0.515625,15,201.65,3.15078125,317381.6017852715,
4,696,1787.95587,MLP,1,0.0,0,0.0,28,184.438,184.438,5421.876186035416,
4,697,1788.317607,MLP,64,1.0,64,1.0,19,221.116,3.4549375,289440.83648401743,
4,698,1788.640341,AB,64,0.05,4,0.0625,24,8742.061,136.594703125,7320.928096932748,
4,699,1797.458569,MLP,16,0.05,1,0.0625,24,201.082,12.567625,79569.52884892731,
4,700,1797.722721,GB,16,0.5,8,0.5,12,264.122,16.507625,60578.06619668183,
4,701,1798.03219,RF,32,0.0,0,0.0,22,3396.193,106.13103125,9422.314927331869,
4,702,1801.500211,NB,32,0.1,1,0.03125,4,137.386,4.2933125,232920.38490093604,
4,703,1801.677379,RF,8,1.0,8,1.0,2,3366.508,420.8135,2376.349618061208,
4,704,1805.108823,MLP,8,0.5,5,0.625,22,200.012,25.0015,39997.60014399136,
4,705,1805.34958,LoR,1,1.0,1,1.0,9,156.819,156.819,6376.778324055122,
4,706,1805.666641,MLP,8,0.0,0,0.0,8,172.518,21.56475,46371.97277965198,
4,707,1805.904576,AB,16,0.1,3,0.1875,5,8236.948,514.80925,1942.4670399764573,
4,708,1814.20915,SGD,32,0.5,17,0.53125,8,161.236,5.038625,198466.84363293558,
4,709,1814.419999,DT,64,0.0,0,0.0,12,92.472,1.444875,692101.3928540532,
4,710,1814.55237,MLP,16,1.0,16,1.0,20,178.589,11.1618125,89591.18422747201,
4,711,1814.773036,DT,1,0.5,0,0.0,12,85.029,85.029,11760.693410483482,7.0
4,712,1815.105892,RF,1,0.01,0,0.0,14,3010.67,3010.67,332.1519794597216,7.0
4,713,1831.159878,MLP,100,1.0,100,1.0,21,242.974,2.42974,411566.66968482226,
4,714,1831.446023,RF,1,0.01,0,0.0,29,3079.888,3079.888,324.6871314801058,29.32
4,715,1847.651485,LoR,64,0.1,7,0.109375,9,174.476,2.7261875,366812.6275247025,
4,716,1847.886765,MLP,16,0.5,8,0.5,26,182.938,11.433625,87461.32569504423,
4,717,1848.117927,RF,32,0.0,0,0.0,27,3378.258,105.5705625,9472.337518330454,
4,718,1851.576032,LoR,100,0.5,42,0.42,3,180.923,1.8092300000000001,552721.3234359368,
4,719,1851.799926,NB,1,0.05,0,0.0,10,109.92,109.92,9097.525473071324,
4,720,1851.992902,NB,100,0.05,2,0.02,18,139.732,1.39732,715655.6837374403,
4,721,1852.188791,DT,8,0.5,3,0.375,11,94.308,11.7885,84828.43449124145,
4,722,1852.33883,LoR,8,0.5,7,0.875,28,157.764,19.7205,50708.65343170812,
4,723,1852.535903,RF,16,0.0,0,0.0,20,3194.945,199.6840625,5007.910934304033,
4,724,1855.775558,MLP,16,0.0,0,0.0,8,198.646,12.415375,80545.29162429649,
4,725,1856.016183,LoR,8,0.0,0,0.0,29,153.854,19.23175,51997.3481352451,
4,726,1856.230707,MLP,8,0.05,1,0.125,2,172.574,21.57175,46356.92514515512,
4,727,1856.447975,LoR,8,1.0,8,1.0,20,147.87,18.48375,54101.575708392505,
4,728,1856.633836,GB,8,0.0,0,0.0,3,250.203,31.275375,31974.037081889506,
4,729,1856.944022,LoR,8,0.5,3,0.375,19,156.962,19.62025,50967.75015608874,
4,730,1857.140999,DT,1,0.1,0,0.0,7,87.248,87.248,11461.580781221346,7.0
4,731,1857.447531,SGD,64,0.5,30,0.46875,4,172.067,2.688546875,371948.1364817193,
4,732,1857.687776,GB,64,0.1,6,0.09375,0,267.265,4.176015625,239462.7055544123,
4,733,1858.011549,DT,100,0.0,0,0.0,21,104.678,1.04678,955310.5714667839,
4,734,1858.15598,NB,8,0.0,0,0.0,26,116.025,14.503125,68950.6571859513,
4,735,1858.311678,DT,1,0.01,0,0.0,0,88.975,88.975,11239.1121101433,7.0
4,736,1858.604317,AB,100,1.0,100,1.0,26,8850.145,88.50145,11299.249899295435,
4,737,1867.521905,LoR,32,0.5,16,0.5,27,159.246,4.9764375,200946.96256106903,
4,738,1867.732356,AB,64,0.01,0,0.0,7,8513.084,133.0169375,7517.839598434597,
4,739,1876.288743,DT,1,0.05,0,0.0,5,81.32,81.32,12297.097884899165,7.0
4,740,1876.583275,NB,64,0.05,2,0.03125,21,134.757,2.105578125,474928.946177193,
4,741,1876.772059,GB,100,1.0,100,1.0,20,293.121,2.9312099999999996,341156.0413617585,
4,742,1877.115234,RF,64,1.0,64,1.0,5,4655.168,72.737,13748.161183441716,
4,743,1881.845547,LoR,64,0.1,4,0.0625,4,177.423,2.772234375,360719.8615737531,
4,744,1882.072377,GB,64,1.0,64,1.0,24,268.376,4.193375,238471.398336662,
4,745,1882.401699,DT,8,0.5,2,0.25,25,95.686,11.96075,83606.797232615,
4,746,1882.537435,LoR,1,0.5,1,1.0,27,156.981,156.981,6370.197667233614,
4,747,1882.856187,GB,1,0.1,0,0.0,14,212.99,212.99,4695.056105920466,4.0
4,748,1895.898339,LoR,100,0.05,2,0.02,3,200.042,2.00042,499895.0220453705,
4,749,1896.140437,SGD,8,0.1,0,0.0,5,152.173,19.021625,52571.744001892584,
4,750,1896.333148,AB,8,0.1,0,0.0,11,8047.426,1005.92825,994.106687032599,
4,751,1904.44343,DT,16,0.1,2,0.125,3,84.865,5.3040625,188534.73163259294,
4,752,1904.586516,GB,16,0.5,10,0.625,13,219.795,13.7371875,72795.1045292204,
4,753,1904.874448,DT,64,0.05,2,0.03125,16,93.24,1.456875,686400.6864006864,
4,754,1905.009093,LoR,32,1.0,32,1.0,1,156.272,4.8835,204771.16821951472,
4,755,1905.238514,GB,100,0.01,1,0.01,23,264.52,2.6452,378043.2481475881,
4,756,1905.544038,DT,1,0.01,0,0.0,4,91.695,91.695,10905.720050166314,7.0
4,757,1905.825919,DT,32,1.0,32,1.0,20,100.054,3.1266875,319827.2932616387,
4,758,1905.998543,DT,100,0.1,13,0.13,10,98.57,0.9856999999999999,1014507.4566298063,
4,759,1906.137686,NB,16,0.01,0,0.0,9,115.014,7.188375,139113.49922618116,
4,760,1906.29047,MLP,1,0.1,0,0.0,1,173.792,173.792,5754.004787331983,
4,761,1906.63442,AB,100,1.0,100,1.0,11,8641.704,86.41704,11571.791859568437,
4,762,1915.339495,NB,8,0.05,1,0.125,28,111.046,13.88075,72042.21673900906,
4,763,1915.50767,AB,16,0.1,2,0.125,20,8021.266,501.329125,1994.6975951177783,
4,764,1923.606489,AB,100,0.05,4,0.04,9,8469.146,84.69146,11807.565957653816,
4,765,1932.141842,DT,32,0.05,2,0.0625,20,86.266,2.6958125,370945.6796420374,
4,766,1932.282562,SGD,100,0.01,0,0.0,3,165.0,1.65,606060.6060606061,
4,767,1932.492538,MLP,8,0.01,0,0.0,12,173.25,21.65625,46176.04617604618,
4,768,1932.733789,DT,64,0.05,2,0.03125,4,91.657,1.432140625,698255.4523931615,
4,769,1932.865676,LoR,16,0.01,0,0.0,4,149.971,9.3731875,106687.29287662281,
4,770,1933.087272,SGD,100,0.05,5,0.05,29,160.606,1.60606,622641.7443931111,
4,771,1933.284779,LoR,1,0.0,0,0.0,10,139.082,139.082,7190.003019801268,
4,772,1933.595868,LoR,64,0.05,3,0.046875,18,151.33,2.36453125,422916.8043348972,
4,773,1933.804344,GB,8,0.1,2,0.25,2,249.462,31.18275,32069.012514932136,
4,774,1934.093395,MLP,8,0.0,0,0.0,18,175.025,21.878125,45707.756034852166,
4,775,1934.337169,GB,64,0.01,1,0.015625,15,241.577,3.774640625,264925.88284480723,
4,776,1934.617244,LoR,1,0.0,0,0.0,3,151.659,151.659,6593.739903335773,
4,777,1934.915724,LoR,1,0.0,0,0.0,7,176.06,176.06,5679.881858457344,
4,778,1935.239496,DT,16,0.1,0,0.0,28,86.72,5.42,184501.8450184502,
4,779,1935.363687,GB,1,0.0,0,0.0,10,196.878,196.878,5079.287680695659,4.0
4,780,1948.103558,DT,8,0.01,0,0.0,16,88.595,11.074375,90298.54957954738,
4,781,1948.260031,AB,64,0.01,1,0.015625,11,8216.756,128.3868125,7788.961969906372,
4,782,1956.542646,GB,32,0.1,1,0.03125,10,217.994,6.8123125,146793.03100085323,
4,783,1956.828411,GB,64,0.05,2,0.03125,9,244.376,3.818375,261891.5114413854,
4,784,1957.13501,LoR,32,0.1,3,0.09375,13,161.586,5.0495625,198036.95864740756,
4,785,1957.335933,NB,1,0.5,1,1.0,7,103.036,103.036,9705.34570441399,
4,786,1957.5001,SGD,100,0.0,0,0.0,0,165.514,1.65514,604178.4984955955,
4,787,1957.724617,NB,100,0.01,0,0.0,25,135.933,1.35933,735656.5366761567,
4,788,1957.901479,MLP,32,1.0,32,1.0,23,189.16,5.91125,169168.95749629944,
4,789,1958.131096,RF,1,0.1,0,0.0,13,2994.659,2994.659,333.9278361910321,6.98
4,790,1973.962736,RF,8,0.05,1,0.125,22,3227.777,403.472125,2478.4859672771695,
4,791,1977.257997,NB,32,0.1,2,0.0625,1,127.197,3.97490625,251578.2604935651,
4,792,1977.446859,GB,32,0.05,2,0.0625,3,244.004,7.625125,131145.39105916297,
4,793,1977.738946,DT,64,1.0,64,1.0,4,112.021,1.750328125,571321.4486569483,
4,794,1977.911229,NB,32,0.01,2,0.0625,14,119.487,3.73396875,267811.56109032786,
4,795,1978.094327,RF,64,0.1,8,0.125,10,3744.272,58.50425,17092.775311195343,
4,796,1981.881731,MLP,8,1.0,8,1.0,19,199.723,24.965375,40055.47683541705,
4,797,1982.148522,GB,8,0.01,2,0.25,13,224.35,28.04375,35658.56919991085,
4,798,1982.421377,DT,64,1.0,64,1.0,19,110.79,1.73109375,577669.4647531365,
4,799,1982.577454,SGD,32,0.01,0,0.0,27,166.486,5.2026875,192208.35385557945,
4,800,1982.78406,GB,1,0.1,1,1.0,18,204.582,204.582,4888.015563441554,4.0
4,801,1995.73646,MLP,1,0.5,0,0.0,14,172.586,172.586,5794.212740314973,
4,802,1996.083311,GB,16,0.01,1,0.0625,18,218.131,13.6331875,73350.41786816179,
4,803,1996.342517,DT,1,0.1,0,0.0,0,86.198,86.198,11601.197243555536,7.0
4,804,1996.629673,RF,8,0.5,5,0.625,21,3190.232,398.779,2507.6546157144685,
4,805,1999.884178,GB,16,0.5,8,0.5,27,232.785,14.5490625,68732.95100629336,
4,806,2000.159726,MLP,8,0.1,0,0.0,19,185.456,23.182,43136.91657320335,
4,807,2000.41749,SGD,64,0.5,31,0.484375,18,161.722,2.52690625,395740.8392179171,
4,808,2000.64163,GB,32,0.01,1,0.03125,19,258.607,8.08146875,123739.88329782255,
4,809,2000.969374,DT,64,0.01,1,0.015625,24,97.271,1.519859375,657955.6085575351,
4,810,2001.11525,LoR,64,0.01,0,0.0,21,164.233,2.566140625,389690.2571346806,
4,811,2001.336651,NB,8,0.5,4,0.5,6,113.01,14.12625,70790.19555791523,
4,812,2001.51963,MLP,100,0.05,3,0.03,0,228.654,2.28654,437342.01019881567,
4,813,2001.788612,MLP,1,0.1,0,0.0,18,160.632,160.632,6225.409631953782,
4,814,2002.094994,RF,8,0.0,0,0.0,13,3111.662,388.95775,2570.9733255090046,
4,815,2005.265299,LoR,100,0.0,0,0.0,16,176.207,1.76207,567514.3439250428,
4,816,2005.488106,GB,32,0.05,0,0.0,20,228.147,7.12959375,140260.44611588144,
4,817,2005.757022,AB,8,0.0,0,0.0,25,8017.193,1002.149125,997.8554838333067,
4,818,2013.817906,LoR,8,0.05,0,0.0,3,147.604,18.4505,54199.073195848345,
4,819,2014.008938,GB,16,0.05,0,0.0,28,209.681,13.1050625,76306.38922935315,
4,820,2014.292812,NB,100,0.05,8,0.08,2,142.063,1.4206299999999998,703913.0526597355,
4,821,2014.506777,GB,100,0.05,5,0.05,11,267.662,2.6766199999999998,373605.5174062811,
4,822,2014.813995,AB,8,1.0,8,1.0,16,7923.083,990.385375,1009.7079634278728,
4,823,2022.782313,GB,32,1.0,32,1.0,10,228.225,7.13203125,140212.5095848395,
4,824,2023.053185,MLP,1,0.5,0,0.0,8,172.329,172.329,5802.853843520243,
4,825,2023.401997,NB,32,0.05,4,0.125,2,118.133,3.69165625,270881.12551107653,
4,826,2023.580548,LoR,16,0.1,3,0.1875,2,152.754,9.547125,104743.57463634342,
4,827,2023.788167,MLP,100,0.01,0,0.0,22,227.628,2.27628,439313.26550336514,
4,828,2024.056988,SGD,16,1.0,16,1.0,20,148.873,9.3045625,107474.15582409168,
4,829,2024.279237,NB,100,0.1,12,0.12,16,138.907,1.38907,719906.1242413989,
4,830,2024.455301,AB,8,0.0,0,0.0,12,7961.475,995.184375,1004.8389274600497,
4,831,2032.494431,RF,100,0.05,9,0.09,7,3946.797,39.46797,25337.00111761512,
4,832,2036.482637,LoR,1,0.0,0,0.0,25,159.738,159.738,6260.25116127659,
4,833,2036.799923,AB,16,0.0,0,0.0,2,8059.356,503.70975,1985.270287104826,
4,834,2044.905543,MLP,32,0.0,0,0.0,14,188.856,5.90175,169441.26742068032,
4,835,2045.136085,AB,8,1.0,8,1.0,23,7873.898,984.23725,1016.0151934912035,
4,836,2053.088464,RF,100,0.05,8,0.08,25,3740.716,37.40716,26732.850074691585,
4,837,2056.887602,DT,100,0.0,0,0.0,6,103.721,1.03721,964124.9120236017,
4,838,2057.044903,AB,100,0.0,0,0.0,9,8587.489,85.87489,11644.847521784308,
4,839,2065.696106,LoR,16,0.5,9,0.5625,20,154.257,9.6410625,103723.00770791601,
4,840,2065.892718,MLP,8,0.1,0,0.0,9,170.2,21.275,47003.52526439483,
4,841,2066.137899,MLP,100,0.1,12,0.12,1,215.485,2.15485,464069.42478594795,
4,842,2066.394167,MLP,1,0.05,0,0.0,25,158.253,158.253,6318.99553247016,
4,843,2066.702594,AB,32,0.0,0,0.0,17,8057.425,251.79453125,3971.4921330325756,
4,844,2074.81714,LoR,100,0.0,0,0.0,29,162.406,1.62406,615740.7977537776,
4,845,2075.048656,DT,32,0.1,3,0.09375,8,90.588,2.830875,353247.6707731709,
4,846,2075.211395,GB,100,0.1,7,0.07,29,283.912,2.83912,352221.8152103469,
4,847,2075.572854,NB,100,0.1,15,0.15,24,183.149,1.83149,546003.5271827856,
4,848,2075.792124,AB,1,1.0,1,1.0,20,8301.235,8301.235,120.46400324770951,2.0
4,849,2097.27838,LoR,8,0.0,0,0.0,13,173.355,21.669375,46148.07764414064,
4,850,2097.524661,NB,64,0.05,3,0.046875,15,136.441,2.131890625,469067.2158661986,
4,851,2097.721266,AB,32,0.5,13,0.40625,24,8307.847,259.62021875,3851.780130279241,
4,852,2106.102207,DT,64,0.5,22,0.34375,13,99.075,1.548046875,645975.2712591471,
4,853,2106.251227,AB,64,0.05,0,0.0,15,8831.471,137.991734375,7246.810865369994,
4,854,2115.134346,NB,1,0.5,1,1.0,24,107.67,107.67,9287.638153617534,
4,855,2115.295015,GB,8,0.05,0,0.0,0,252.646,31.58075,31664.859130957942,
4,856,2115.613919,LoR,32,0.05,1,0.03125,10,173.608,5.42525,184323.3030735911,
4,857,2115.828028,SGD,16,0.0,0,0.0,18,154.456,9.6535,103589.37173046047,
4,858,2116.0208,RF,8,0.0,0,0.0,18,3193.376,399.172,2505.1857344703535,
4,859,2119.287811,RF,64,0.1,4,0.0625,7,3578.675,55.916796875,17883.713944406798,
4,860,2122.930048,AB,8,0.05,1,0.125,23,8192.51,1024.06375,976.5017070470466,
4,861,2131.166192,RF,1,0.5,1,1.0,16,3072.889,3072.889,325.4266587566293,21.72
4,862,2147.176291,LoR,32,0.01,0,0.0,11,172.371,5.38659375,185646.07735639985,
4,863,2147.398432,NB,64,1.0,64,1.0,16,134.372,2.0995625,476289.70321197866,
4,864,2147.573718,AB,8,0.1,0,0.0,16,8283.154,1035.39425,965.8156784239433,
4,865,2155.936718,LoR,100,0.5,54,0.54,12,169.832,1.6983199999999998,588817.184040699,
4,866,2156.161783,MLP,100,1.0,100,1.0,25,242.156,2.42156,412956.9368506252,
4,867,2156.467104,DT,8,0.1,2,0.25,18,90.168,11.271,88723.27211427556,
4,868,2156.598501,LoR,16,0.01,0,0.0,21,149.589,9.3493125,106959.73634424992,
4,869,2156.787658,DT,16,1.0,16,1.0,18,91.276,5.70475,175292.51939173497,
4,870,2156.950042,RF,100,0.01,2,0.02,24,4042.125,40.42125,24739.462535176423,
4,871,2161.060001,DT,32,0.05,2,0.0625,24,96.256,3.008,332446.8085106383,
4,872,2161.218037,SGD,32,0.5,22,0.6875,1,166.098,5.1905625,192657.34686751192,
4,873,2161.450676,DT,64,0.5,32,0.5,22,101.987,1.593546875,627530.9598282134,
4,874,2161.607677,MLP,8,0.5,2,0.25,8,181.988,22.7485,43958.942347847114,
4,875,2161.830185,RF,1,0.5,0,0.0,12,3000.968,3000.968,333.22581247117597,7.38
4,876,2177.543803,SGD,16,0.01,0,0.0,8,161.889,10.1180625,98833.15110971096,
4,877,2177.751181,GB,8,0.01,0,0.0,19,247.339,30.917375,32344.272435806728,
4,878,2178.054515,RF,100,0.0,0,0.0,29,4111.649,41.116490000000006,24321.142198665304,
4,879,2182.219845,MLP,16,1.0,16,1.0,27,224.506,14.031625,71267.58304900538,
4,880,2182.509003,LoR,8,0.5,2,0.25,3,160.519,20.064875,49838.33689469782,
4,881,2182.720442,MLP,64,1.0,64,1.0,21,206.115,3.220546875,310506.27077117143,
4,882,2182.976206,AB,64,1.0,64,1.0,17,8601.326,134.39571875,7440.713210963055,
4,883,2191.620991,RF,1,0.01,0,0.0,9,3049.93,3049.93,327.87637749063094,7.0
4,884,2208.143814,GB,1,0.01,0,0.0,3,257.482,257.482,3883.766632230602,4.0
4,885,2221.061836,DT,1,0.1,0,0.0,10,91.601,91.601,10916.911387430267,7.0
4,886,2221.348957,MLP,64,0.01,0,0.0,20,245.878,3.84184375,260291.68937440522,
4,887,2221.644494,NB,1,0.1,0,0.0,24,112.669,112.669,8875.55583168396,
4,888,2221.808375,AB,8,0.05,0,0.0,20,8202.966,1025.37075,975.2569985051748,
4,889,2230.056597,LoR,8,0.01,0,0.0,25,160.58,20.0725,49819.404658114334,
4,890,2230.256536,LoR,1,1.0,1,1.0,18,142.75,142.75,7005.253940455342,
4,891,2230.55346,LoR,8,0.05,0,0.0,13,145.064,18.133,55148.07257486351,
4,892,2230.762291,RF,32,0.1,4,0.125,21,3581.085,111.90890625,8935.83927776079,
4,893,2234.388529,DT,1,0.01,0,0.0,27,93.909,93.909,10648.606629822487,7.0
4,894,2234.70059,MLP,32,0.05,1,0.03125,13,207.43,6.4821875,154268.9099937328,
4,895,2234.987431,DT,100,0.01,1,0.01,27,105.773,1.05773,945420.8540931996,
4,896,2235.166578,RF,100,0.01,1,0.01,5,3731.433,37.31433,26799.35563629308,
4,897,2238.942775,NB,1,0.05,0,0.0,29,153.263,153.263,6524.731996633238,
4,898,2239.150008,MLP,16,0.01,0,0.0,11,191.665,11.9790625,83478.98677379804,
4,899,2239.386209,GB,16,0.01,0,0.0,25,248.193,15.5120625,64465.95995858062,
4,900,2239.690479,RF,100,1.0,100,1.0,13,5729.343,57.29343,17454.008251906023,
4,901,2245.525337,MLP,100,0.1,7,0.07,23,306.807,3.06807,325937.80454813613,
4,902,2245.917805,DT,100,0.5,49,0.49,26,134.744,1.34744,742148.0733836015,
4,903,2246.1255,AB,16,0.5,9,0.5625,4,8321.944,520.1215,1922.6276937215632,
4,904,2254.494807,DT,32,1.0,32,1.0,0,94.566,2.9551875,338388.00414525304,
4,905,2254.654539,AB,8,0.05,1,0.125,21,8135.978,1016.99725,983.2868279633991,
4,906,2262.864708,AB,64,0.1,5,0.078125,20,8774.335,137.098984375,7294.000058124064,
4,907,2271.688584,GB,16,0.01,0,0.0,5,257.703,16.1064375,62086.97609263378,
4,908,2272.013376,RF,32,0.01,1,0.03125,29,3356.346,104.8858125,9534.1779423218,
4,909,2275.415623,LoR,1,0.1,0,0.0,4,182.101,182.101,5491.45803702341,
4,910,2275.757041,SGD,8,0.0,0,0.0,22,155.812,19.4765,51343.92729699895,
4,911,2275.954605,RF,1,0.01,0,0.0,0,3067.152,3067.152,326.0353578824916,17.8
4,912,2292.123711,GB,64,0.01,2,0.03125,13,281.426,4.39728125,227413.2454002118,
4,913,2292.447864,LoR,16,1.0,16,1.0,4,164.868,10.30425,97047.33483756703,
4,914,2292.654627,MLP,1,0.05,0,0.0,28,195.283,195.283,5120.773441620623,
4,915,2293.06502,GB,100,1.0,100,1.0,21,294.322,2.94322,339763.9320200325,
4,916,2293.438019,AB,100,0.01,2,0.02,3,9141.425,91.41425,10939.213525243604,
4,917,2302.673304,DT,64,0.1,5,0.078125,8,109.265,1.707265625,585731.9361186107,
4,918,2302.834335,RF,64,0.05,0,0.0,11,3577.809,55.903265625,17888.04265403771,
4,919,2306.495219,MLP,100,0.5,56,0.56,16,279.219,2.7921899999999997,358141.81699669437,
4,920,2306.817522,MLP,8,1.0,8,1.0,14,180.401,22.550125,44345.65218596349,
4,921,2307.0996,NB,32,0.01,1,0.03125,23,129.219,4.03809375,247641.6006933965,
4,922,2307.271344,RF,32,0.0,0,0.0,29,3338.243,104.32009375,9585.880955939996,
4,923,2310.654838,AB,1,0.1,0,0.0,22,7979.75,7979.75,125.31720918575144,2.0
4,924,2331.755585,GB,100,0.01,0,0.0,21,314.491,3.14491,317974.1232658486,
4,925,2332.133936,GB,16,0.05,1,0.0625,9,233.66,14.60375,68475.56278353163,
4,926,2332.437024,NB,64,0.1,6,0.09375,26,136.048,2.12575,470422.2039280254,
4,927,2332.632206,MLP,8,0.1,2,0.25,25,190.88,23.86,41911.14836546522,
4,928,2332.899499,MLP,100,0.01,1,0.01,0,226.58,2.2658,441345.2202312649,
4,929,2333.170676,DT,16,0.01,0,0.0,19,92.903,5.8064375,172222.64081891865,
4,930,2333.306147,DT,16,0.1,0,0.0,22,88.772,5.54825,180237.0116703465,
4,931,2333.431614,GB,1,1.0,1,1.0,11,204.607,204.607,4887.418319021343,4.0
4,932,2346.532962,SGD,64,1.0,64,1.0,10,177.06,2.7665625,361459.3922963967,
4,933,2346.759331,RF,64,1.0,64,1.0,29,4680.559,73.133734375,13673.580441994214,
4,934,2351.499747,SGD,100,0.0,0,0.0,4,189.922,1.89922,526531.9446930846,
4,935,2351.732948,GB,16,1.0,16,1.0,15,237.569,14.8480625,67348.85443807904,
4,936,2352.036098,DT,32,0.1,5,0.15625,28,97.19,3.0371875,329251.98065644613,
4,937,2352.194524,NB,32,0.1,5,0.15625,15,125.291,3.91534375,255405.4161911071,
4,938,2352.391744,NB,100,0.01,1,0.01,5,139.949,1.3994900000000001,714546.0131905193,
4,939,2352.58677,LoR,8,0.5,5,0.625,13,162.432,20.304,49251.379038613086,
4,940,2352.80077,AB,100,0.0,0,0.0,19,8862.94,88.6294,11282.93771592722,
4,941,2361.712542,LoR,32,0.01,0,0.0,24,158.36,4.94875,202071.23010861326,
4,942,2361.935881,AB,32,0.5,13,0.40625,12,8395.261,262.35190625,3811.6742290680418,
4,943,2370.390039,NB,100,1.0,100,1.0,2,220.447,2.20447,453623.77351472236,
4,944,2370.682299,SGD,32,0.0,0,0.0,22,219.124,6.847625,146036.03439148612,
4,945,2370.97369,DT,64,0.5,31,0.484375,29,141.584,2.21225,452028.477794101,
4,946,2371.164573,SGD,64,1.0,64,1.0,29,180.564,2.8213125,354444.9613433464,
4,947,2371.389402,NB,1,0.05,0,0.0,14,121.058,121.058,8260.503229856762,
4,948,2371.616971,SGD,64,0.5,31,0.484375,14,222.254,3.47271875,287958.82188847,
4,949,2371.880839,LoR,1,0.01,0,0.0,6,151.494,151.494,6600.921488639814,
4,950,2372.192978,NB,1,0.1,0,0.0,6,105.005,105.005,9523.356030665207,
4,951,2372.367742,NB,8,0.5,4,0.5,13,111.991,13.998875,71434.31168576046,
4,952,2372.547836,GB,64,0.05,3,0.046875,7,299.894,4.68584375,213408.7377540064,
4,953,2372.893791,AB,16,0.01,0,0.0,11,8436.557,527.2848125,1896.5082556782345,
4,954,2381.407931,NB,16,0.5,5,0.3125,21,159.216,9.951,100492.41282283187,
4,955,2381.627438,MLP,1,1.0,1,1.0,8,211.715,211.715,4723.330892945705,
4,956,2382.05138,AB,8,0.05,2,0.25,10,9010.943,1126.367875,887.8094112902502,
4,957,2391.175535,LoR,100,0.5,57,0.57,1,202.256,2.02256,494422.9095799383,
4,958,2391.422932,GB,16,1.0,16,1.0,10,273.85,17.115625,58426.14570020083,
4,959,2391.76131,RF,16,0.5,8,0.5,29,3569.057,223.0660625,4482.976875964716,
4,960,2395.373996,AB,1,1.0,1,1.0,16,8120.647,8120.647,123.14289735780905,2.0
4,961,2417.394781,MLP,100,0.5,54,0.54,19,310.504,3.1050400000000002,322057.0427434107,
4,962,2417.773806,LoR,32,0.5,19,0.59375,5,173.452,5.420375,184489.0805525448,
4,963,2418.014821,AB,64,0.05,3,0.046875,7,8548.449,133.569515625,7486.738237544611,
4,964,2426.629138,AB,16,0.1,3,0.1875,21,8237.559,514.8474375,1942.3229624212709,
4,965,2434.930733,DT,8,0.1,1,0.125,10,90.07,11.25875,88819.80681692019,
4,966,2435.108961,DT,100,1.0,100,1.0,23,123.421,1.23421,810234.8870937685,
4,967,2435.306834,AB,100,0.05,6,0.06,28,8713.836,87.13835999999999,11476.002073025016,
4,968,2444.066687,NB,32,1.0,32,1.0,20,128.29,4.0090625,249434.874113337,
4,969,2444.258177,LoR,32,0.05,2,0.0625,5,164.852,5.151625,194113.50787372916,
4,970,2444.471888,RF,64,1.0,64,1.0,24,4832.801,75.512515625,13242.837849106552,
4,971,2449.374175,MLP,32,0.05,2,0.0625,22,223.768,6.99275,143005.25544313755,
4,972,2449.661877,SGD,16,0.01,2,0.125,1,164.315,10.2696875,97373.94638347077,
4,973,2449.87822,NB,64,0.01,0,0.0,22,131.858,2.06028125,485370.62597642915,
4,974,2450.069537,AB,16,0.05,2,0.125,3,8233.666,514.604125,1943.2413216664365,
4,975,2458.375294,AB,64,0.1,7,0.109375,28,8971.67,140.18234375,7133.565991615831,
4,976,2467.42559,DT,8,0.5,4,0.5,14,89.728,11.216,89158.3452211127,
4,977,2467.556877,DT,16,1.0,16,1.0,13,89.379,5.5861875,179012.96725181528,
4,978,2467.714924,GB,64,0.5,35,0.546875,1,311.64,4.869375,205365.1649338981,
4,979,2468.071496,GB,32,1.0,32,1.0,23,243.046,7.5951875,131662.31906717247,
4,980,2468.357874,RF,8,0.01,0,0.0,29,3193.839,399.229875,2504.8225661969814,
4,981,2471.597074,RF,16,0.0,0,0.0,19,3252.914,203.307125,4918.666770778446,
4,982,2474.900039,NB,32,0.01,0,0.0,15,163.554,5.1110625,195654.03475304792,
4,983,2475.126178,DT,64,1.0,64,1.0,5,113.456,1.77275,564095.3321111267,
4,984,2475.301937,RF,8,0.1,2,0.25,11,3160.077,395.009625,2531.5838822914757,
4,985,2478.506551,NB,1,0.1,0,0.0,17,114.569,114.569,8728.364566331205,
4,986,2478.688359,MLP,100,1.0,100,1.0,23,269.719,2.69719,370756.2314853607,
4,987,2479.064541,AB,100,0.5,43,0.43,12,9192.38,91.92379999999999,10878.575515807659,
4,988,2488.337955,NB,32,0.1,3,0.09375,9,128.517,4.01615625,248994.2964743964,
4,989,2488.510169,RF,32,0.0,0,0.0,11,3408.2,106.50625,9389.120356786574,
4,990,2492.0031,GB,100,0.05,8,0.08,24,327.858,3.27858,305010.0958341721,
4,991,2492.382023,GB,64,1.0,64,1.0,19,269.933,4.217703125,237095.87193859217,
4,992,2492.695815,SGD,8,0.1,0,0.0,9,182.079,22.759875,43936.97241307345,
4,993,2492.922405,RF,32,0.0,0,0.0,7,3419.523,106.86009375,9358.030345168025,
4,994,2496.41102,MLP,32,0.05,2,0.0625,16,295.778,9.2430625,108189.25004564233,
4,995,2496.786545,SGD,100,0.01,2,0.02,11,225.253,2.2525299999999997,443945.2526714406,
4,996,2497.091294,SGD,64,0.0,0,0.0,20,233.444,3.6475625,274155.6861602783,
4,997,2497.429685,NB,100,0.0,0,0.0,10,154.733,1.54733,646274.5503544816,
4,998,2497.652075,LoR,8,0.0,0,0.0,21,162.108,20.2635,49349.816171934755,
4,999,2497.858116,AB,8,0.01,0,0.0,3,8407.868,1050.9835,951.4897236731118,
4,1000,2506.322079,AB,8,0.0,0,0.0,9,8131.358,1016.41975,983.8455028053124,
4,1001,2514.526827,SGD,32,0.1,1,0.03125,29,178.142,5.5669375,179631.97898305845,
4,1002,2514.754761,GB,64,0.0,0,0.0,15,321.924,5.0300625,198804.6868204918,
4,1003,2515.122904,DT,32,0.0,0,0.0,21,97.828,3.057125,327104.71439669625,
4,1004,2515.281045,RF,16,0.5,10,0.625,11,3628.101,226.7563125,4410.020558964593,
4,1005,2518.975635,SGD,16,0.5,6,0.375,28,215.573,13.4733125,74220.79759524616,
4,1006,2519.253177,SGD,8,0.1,1,0.125,16,158.568,19.821,50451.54129458655,
4,1007,2519.457439,SGD,16,0.01,0,0.0,3,152.592,9.537,104854.77613505295,
4,1008,2519.678976,AB,64,0.05,7,0.109375,2,8507.689,132.932640625,7522.606903002684,
4,1009,2528.246534,RF,100,0.0,0,0.0,12,4006.409,40.06409,24960.007827458456,
4,1010,2532.298691,SGD,1,0.01,1,1.0,26,168.39,168.39,5938.594928439931,
4,1011,2532.630853,AB,32,1.0,32,1.0,25,8306.976,259.593,3852.183995716371,
4,1012,2541.017591,SGD,100,0.5,46,0.46,16,169.777,1.6977699999999998,589007.9339368702,
4,1013,2541.262689,DT,100,0.05,6,0.06,28,101.77,1.0177,982607.8412105729,
4,1014,2541.430792,DT,64,0.1,2,0.03125,1,92.761,1.449390625,689945.1278015545,
4,1015,2541.580029,SGD,16,0.5,6,0.375,29,156.549,9.7843125,102204.42161879028,
4,1016,2541.776224,DT,1,0.5,1,1.0,0,86.273,86.273,11591.11193536796,15.0
4,1017,2542.099494,LoR,64,0.01,1,0.015625,26,166.833,2.606765625,383617.150084216,
4,1018,2542.306243,SGD,1,0.05,0,0.0,16,147.018,147.018,6801.888204165476,
4,1019,2542.602368,AB,16,0.0,0,0.0,12,8146.446,509.152875,1964.0466529821717,
4,1020,2550.820935,MLP,64,0.5,36,0.5625,10,270.297,4.223390625,236776.58279596147,
4,1021,2551.156618,RF,32,0.5,16,0.5,22,3673.931,114.81034375,8710.016600747265,
4,1022,2554.883839,SGD,64,1.0,64,1.0,1,221.164,3.4556875,289378.0181222984,
4,1023,2555.167051,LoR,8,0.1,1,0.125,23,155.436,19.4295,51468.12836151213,
4,1024,2555.394093,RF,32,0.05,1,0.03125,22,3398.239,106.19496875,9416.641972503994,
4,1025,2558.872782,GB,100,0.05,8,0.08,8,365.394,3.65394,273677.1813439739,
4,1026,2559.30199,AB,16,0.1,1,0.0625,4,8296.426,518.526625,1928.541277894843,
4,1027,2567.662306,MLP,8,0.01,1,0.125,3,183.773,22.971625,43531.96606683245,
4,1028,2567.911528,MLP,32,0.5,16,0.5,2,186.795,5.83734375,171310.79525683238,
4,1029,2568.157184,DT,8,0.5,2,0.25,12,89.233,11.154125,89652.93109051583,
4,1030,2568.287639,AB,16,0.05,0,0.0,16,8602.473,537.6545625,1859.9302781886092,
4,1031,2576.94525,DT,16,1.0,16,1.0,16,90.074,5.629625,177631.72502608967,
4,1032,2577.091004,SGD,64,0.01,0,0.0,16,178.613,2.790828125,358316.58389926824,
4,1033,2577.318905,RF,64,0.0,0,0.0,19,3642.311,56.911109375,17571.26176210653,
4,1034,2581.043189,LoR,100,0.1,9,0.09,22,196.424,1.96424,509102.7573005335,
4,1035,2581.299173,SGD,8,0.5,4,0.5,29,156.399,19.549875,51151.22219451531,
4,1036,2581.509826,AB,100,0.0,0,0.0,26,8783.019,87.83019,11385.606703116548,
4,1037,2590.346361,DT,64,0.01,0,0.0,2,91.115,1.423671875,702409.0435164353,
4,1038,2590.478339,DT,1,0.05,0,0.0,4,80.242,80.242,12462.301537848009,29.0
4,1039,2590.804183,AB,100,0.5,54,0.54,3,8778.993,87.78993,11390.828082446358,
4,1040,2599.624115,AB,1,1.0,1,1.0,29,7795.895,7795.895,128.27263579101566,2.0
4,1041,2620.327906,SGD,8,0.05,0,0.0,28,166.204,20.7755,48133.61892613896,
4,1042,2620.557142,NB,16,0.01,1,0.0625,8,120.619,7.5386875,132649.08513584096,
4,1043,2620.74391,SGD,64,0.01,1,0.015625,3,164.942,2.57721875,388015.1810939603,
4,1044,2620.981922,RF,100,0.5,41,0.41,9,4676.858,46.76858,21381.876464925812,
4,1045,2625.734919,GB,64,0.05,4,0.0625,23,328.957,5.139953125,194554.303449995,
4,1046,2626.119605,LoR,1,0.05,0,0.0,21,204.425,204.425,4891.76959765195,
4,1047,2626.538903,GB,16,0.05,0,0.0,10,254.164,15.88525,62951.48014667695,
4,1048,2626.838901,MLP,8,0.01,0,0.0,2,217.137,27.142125,36843.099057277206,
4,1049,2627.102131,RF,8,0.05,0,0.0,5,3312.334,414.04175,2415.2153738119405,
4,1050,2630.46812,MLP,16,0.0,0,0.0,0,226.141,14.1338125,70752.31824392747,
4,1051,2630.77888,GB,100,0.05,5,0.05,29,354.77,3.5477,281872.7626349466,
4,1052,2631.177216,SGD,1,0.01,0,0.0,0,169.812,169.812,5888.865333427555,
4,1053,2631.526765,SGD,16,0.05,2,0.125,15,155.246,9.702875,103062.23670819215,
4,1054,2631.757473,GB,100,0.01,3,0.03,19,285.046,2.85046,350820.5693116199,
4,1055,2632.084656,MLP,1,0.1,0,0.0,9,175.485,175.485,5698.492748667977,
4,1056,2632.416156,DT,1,1.0,1,1.0,26,91.257,91.257,10958.063491019866,24.0
4,1057,2632.756089,DT,100,0.05,4,0.04,10,103.55,1.0354999999999999,965717.0449058426,
4,1058,2632.911194,LoR,64,0.01,0,0.0,19,168.256,2.629,380372.76531000383,
4,1059,2633.144058,GB,32,0.5,17,0.53125,11,239.287,7.47771875,133730.62473097158,
4,1060,2633.433672,GB,64,0.0,0,0.0,18,248.657,3.885265625,257382.65964762704,
4,1061,2633.724024,SGD,1,0.5,0,0.0,11,160.063,160.063,6247.54003111275,
4,1062,2634.065721,LoR,64,0.1,6,0.09375,15,160.707,2.511046875,398240.275781391,
4,1063,2634.293361,MLP,32,0.05,2,0.0625,25,191.48,5.98375,167119.28138709004,
4,1064,2634.5263,SGD,1,0.1,0,0.0,29,147.71,147.71,6770.022341073725,
4,1065,2634.83998,SGD,64,1.0,64,1.0,11,154.77,2.41828125,413516.83142727916,
4,1066,2635.095121,NB,32,0.5,13,0.40625,9,125.073,3.90853125,255850.58325937655,
4,1067,2635.277802,GB,8,0.05,1,0.125,22,218.687,27.335875,36581.96417711158,
4,1068,2635.55062,DT,100,1.0,100,1.0,5,120.955,1.20955,826753.751395147,
4,1069,2635.714428,LoR,32,1.0,32,1.0,24,159.751,4.99221875,200311.7351378082,
4,1070,2635.948214,SGD,100,0.1,12,0.12,27,166.85,1.6684999999999999,599340.7252022775,
4,1071,2636.152357,AB,1,0.0,0,0.0,11,7946.106,7946.106,125.84780520169251,2.0
4,1072,2657.047872,MLP,16,1.0,16,1.0,18,191.631,11.9769375,83493.79797631907,
4,1073,2657.291544,MLP,64,1.0,64,1.0,24,204.08,3.18875,313602.50882007054,
4,1074,2657.545706,DT,64,1.0,64,1.0,9,108.411,1.693921875,590345.9980998238,
4,1075,2657.722067,DT,64,0.01,3,0.046875,8,93.559,1.461859375,684060.3255699612,
4,1076,2657.887405,SGD,100,0.5,44,0.44,0,171.484,1.7148400000000001,583144.7831867696,
4,1077,2658.106812,AB,32,0.01,0,0.0,10,8335.068,260.470875,3839.2008319548204,
4,1078,2666.486525,AB,8,0.1,0,0.0,13,8092.346,1011.54325,988.5884760735639,
4,1079,2674.646527,SGD,32,0.05,1,0.03125,6,158.041,4.93878125,202479.10352376915,
4,1080,2674.873606,SGD,64,0.01,1,0.015625,15,163.159,2.549359375,392255.4073020796,
4,1081,2675.151145,AB,100,0.01,1,0.01,2,8714.52,87.1452,11475.1013251447,
4,1082,2683.910921,GB,32,0.0,0,0.0,1,228.222,7.1319375,140214.3526916774,
4,1083,2684.186668,GB,32,0.01,0,0.0,23,231.028,7.219625,138511.34927368112,
4,1084,2684.459478,AB,1,0.01,0,0.0,6,7916.761,7916.761,126.3142843392645,2.0
4,1085,2705.688985,NB,16,0.0,0,0.0,9,131.431,8.2144375,121736.88094893898,
4,1086,2705.892314,RF,64,0.05,3,0.046875,2,3625.526,56.64884375,17652.61095907187,
4,1087,2709.562929,NB,16,0.0,0,0.0,28,123.484,7.71775,129571.44245408312,
4,1088,2709.727335,MLP,1,0.5,0,0.0,10,198.32,198.32,5042.355788624445,
4,1089,2710.090474,NB,32,0.01,0,0.0,25,117.508,3.672125,272321.88446744054,
4,1090,2710.248566,MLP,8,0.05,0,0.0,27,178.507,22.313375,44816.16967401838,
4,1091,2710.466981,AB,8,1.0,8,1.0,15,8065.271,1008.158875,991.9071535228017,
4,1092,2718.574523,RF,1,0.05,0,0.0,10,3026.863,3026.863,330.3750450548968,6.93
4,1093,2734.633701,MLP,100,0.1,7,0.07,27,268.901,2.68901,371884.07629573706,
4,1094,2734.944033,SGD,8,0.0,0,0.0,11,209.735,26.216875,38143.371397239374,
4,1095,2735.223014,DT,64,0.5,32,0.5,26,106.029,1.656703125,603608.4467457017,
4,1096,2735.389174,AB,32,0.05,4,0.125,7,8322.946,260.0920625,3844.7924569016786,
4,1097,2743.754777,RF,1,0.1,0,0.0,17,2978.988,2978.988,335.68446734260095,6.68
4,1098,2759.54364,SGD,32,0.5,18,0.5625,27,167.328,5.229,191241.15509657678,
4,1099,2759.759837,AB,64,0.0,0,0.0,0,8333.19,130.20609375,7680.13209827209,
4,1100,2768.135076,RF,1,0.5,0,0.0,20,2933.639,2933.639,340.8735703336368,6.69
4,1101,2783.884923,LoR,8,1.0,8,1.0,10,163.635,20.454375,48889.29629969139,
4,1102,2784.108489,RF,8,0.05,1,0.125,27,3158.37,394.79625,2532.9521240386657,
4,1103,2787.346099,SGD,100,0.1,8,0.08,25,179.27,1.7927000000000002,557817.8167010654,
4,1104,2787.568873,DT,32,1.0,32,1.0,19,102.414,3.2004375,312457.2812310817,
4,1105,2787.723591,MLP,100,1.0,100,1.0,2,233.547,2.33547,428179.3386341935,
4,1106,2788.000561,DT,16,0.01,0,0.0,14,93.71,5.856875,170739.51552662472,
4,1107,2788.131994,SGD,8,0.0,0,0.0,19,153.234,19.15425,52207.73457587741,
4,1108,2788.32555,MLP,8,0.05,0,0.0,14,169.347,21.168375,47240.28178828087,
4,1109,2788.549023,DT,100,0.0,0,0.0,3,97.054,0.9705400000000001,1030354.2357862632,
4,1110,2788.693082,SGD,64,1.0,64,1.0,28,157.693,2.463953125,405851.8767478581,
4,1111,2788.908747,SGD,8,0.1,1,0.125,26,146.718,18.33975,54526.370315844004,
4,1112,2789.122223,MLP,64,0.05,1,0.015625,29,270.13,4.22078125,236922.96301780624,
4,1113,2789.5019,NB,64,0.1,4,0.0625,21,217.871,3.404234375,293751.80726209545,
4,1114,2789.757565,NB,16,0.0,0,0.0,25,137.9,8.61875,116026.10587382161,
4,1115,2789.946552,MLP,1,0.5,0,0.0,4,217.263,217.263,4602.716523292047,
4,1116,2790.385411,MLP,1,0.1,0,0.0,4,221.737,221.737,4509.847251473593,
4,1117,2790.832554,DT,16,0.1,2,0.125,9,103.103,6.4439375,155184.62120403867,
4,1118,2791.000525,AB,32,0.5,16,0.5,17,8491.486,265.3589375,3768.4805698319465,
4,1119,2799.551013,DT,8,0.05,0,0.0,4,83.626,10.45325,95664.02793389616,
4,1120,2799.712145,MLP,100,0.01,2,0.02,13,255.281,2.55281,391725.1969398428,
4,1121,2800.009412,DT,1,0.05,0,0.0,20,85.624,85.624,11678.968513500888,7.0
4,1122,2800.338655,AB,100,0.01,3,0.03,21,8663.506,86.63506,11542.671061808003,
4,1123,2809.084976,AB,100,0.5,51,0.51,24,8498.48,84.98479999999999,11766.810064858657,
4,1124,2817.661452,SGD,100,0.01,1,0.01,1,175.901,1.7590100000000002,568501.600332005,
4,1125,2817.877971,DT,16,1.0,16,1.0,20,90.608,5.663,176584.84901995407,
4,1126,2818.010756,LoR,32,0.0,0,0.0,0,153.903,4.80946875,207923.1723878027,
4,1127,2818.235306,MLP,64,0.1,5,0.078125,20,204.977,3.202765625,312230.15265127306,
4,1128,2818.51728,DT,100,0.01,1,0.01,3,97.113,0.97113,1029728.2547135811,
4,1129,2818.674664,MLP,32,0.05,1,0.03125,20,186.825,5.83828125,171283.2864980597,
4,1130,2818.919866,GB,8,0.5,1,0.125,17,305.075,38.134375,26223.059903302466,
4,1131,2819.293087,RF,64,0.1,5,0.078125,28,3678.047,57.469484375,17400.53892731659,
4,1132,2823.038338,SGD,32,1.0,32,1.0,17,195.702,6.1156875,163513.91401212048,
4,1133,2823.275991,RF,16,0.0,0,0.0,1,3136.483,196.0301875,5101.255131942369,
4,1134,2826.490474,LoR,100,0.05,5,0.05,4,175.734,1.7573400000000001,569041.8473374532,
4,1135,2826.727089,GB,16,0.1,1,0.0625,13,248.983,15.5614375,64261.41543800179,
4,1136,2827.041341,GB,8,0.0,0,0.0,4,238.245,29.780625,33578.87888518122,
4,1137,2827.348117,NB,64,0.1,9,0.140625,17,136.472,2.132375,468960.6659241456,
4,1138,2827.556427,MLP,100,0.1,11,0.11,18,234.674,2.34674,426123.04729113576,
4,1139,2827.830597,DT,8,0.0,0,0.0,12,88.743,11.092875,90147.95533168814,
4,1140,2827.979092,AB,32,0.05,4,0.125,27,8284.221,258.88190625,3862.7651290326517,
4,1141,2836.303087,LoR,1,1.0,1,1.0,11,148.444,148.444,6736.547115410525,
4,1142,2836.637466,GB,100,0.5,54,0.54,7,286.541,2.86541,348990.19686537003,
4,1143,2836.969171,GB,1,0.0,0,0.0,11,205.888,205.888,4857.009636307118,4.0
4,1144,2849.841525,AB,100,0.01,1,0.01,18,8560.604,85.60604,11681.41874101407,
4,1145,2858.44501,LoR,1,0.5,0,0.0,12,147.854,147.854,6763.428787858292,
4,1146,2858.771702,LoR,64,0.05,3,0.046875,29,153.287,2.395109375,417517.46723466436,
4,1147,2858.99883,LoR,100,0.05,7,0.07,15,161.796,1.6179599999999998,618062.2512299439,
4,1148,2859.233048,NB,100,0.1,7,0.07,14,139.712,1.39712,715758.1310123684,
4,1149,2859.40866,NB,1,1.0,1,1.0,4,96.849,96.849,10325.351836363823,
4,1150,2859.570654,AB,16,0.05,1,0.0625,20,8038.087,502.3804375,1990.5233670648252,
4,1151,2867.67195,LoR,16,0.5,4,0.25,28,151.954,9.497125,105295.02349395212,
4,1152,2867.864121,LoR,16,1.0,16,1.0,18,144.575,9.0359375,110669.20283589834,
4,1153,2868.066784,NB,16,0.5,12,0.75,10,109.505,6.8440625,146112.0496780969,
4,1154,2868.234622,DT,32,0.1,4,0.125,23,90.247,2.82021875,354582.42379248067,
4,1155,2868.388567,GB,64,0.01,1,0.015625,1,248.1,3.8765625,257960.49979846837,
4,1156,2868.676131,LoR,8,0.0,0,0.0,4,154.582,19.32275,51752.467945815166,
4,1157,2868.871314,DT,1,1.0,1,1.0,22,84.925,84.925,11775.09567265234,7.0
4,1158,2869.169238,NB,64,0.5,37,0.578125,23,131.499,2.054671875,486695.7163172344,
4,1159,2869.339611,GB,16,1.0,16,1.0,5,221.912,13.8695,72100.65251090522,
4,1160,2869.636255,MLP,100,0.1,12,0.12,28,232.984,2.32984,429214.0232805686,
4,1161,2869.910937,AB,16,1.0,16,1.0,25,8116.226,507.264125,1971.3595949644578,
4,1162,2878.089303,NB,8,0.5,4,0.5,27,109.868,13.7335,72814.6503076419,
4,1163,2878.238045,LoR,1,0.5,1,1.0,11,147.057,147.057,6800.084321045581,
4,1164,2878.554189,DT,32,0.1,1,0.03125,19,89.289,2.79028125,358386.81136534177,
4,1165,2878.680982,AB,8,1.0,8,1.0,12,8079.956,1009.9945,990.1044015586224,
4,1166,2886.823972,DT,16,0.5,7,0.4375,29,88.128,5.508,181554.10312273056,
4,1167,2886.969783,DT,8,0.05,1,0.125,12,132.315,16.539375,60461.776820466315,
4,1168,2887.147744,MLP,64,1.0,64,1.0,13,206.6,3.228125,309777.3475314618,
4,1169,2887.428329,LoR,100,0.05,7,0.07,20,160.764,1.6076400000000002,622029.8076683835,
4,1170,2887.648065,DT,16,0.05,1,0.0625,2,87.206,5.450375,183473.61420085773,
4,1171,2887.770423,MLP,1,1.0,1,1.0,19,161.472,161.472,6193.024177566389,
4,1172,2888.088503,MLP,64,0.0,0,0.0,6,196.465,3.069765625,325757.7685592854,
4,1173,2888.333765,MLP,64,0.0,0,0.0,3,193.935,3.030234375,330007.4767318947,
4,1174,2888.568802,GB,16,1.0,16,1.0,28,219.778,13.736125,72800.7352874264,
4,1175,2888.827275,NB,1,1.0,1,1.0,18,103.288,103.288,9681.666795755558,
4,1176,2888.988471,RF,64,0.01,0,0.0,29,3650.361,57.036890625,17532.512537801056,
4,1177,2892.713274,NB,16,0.01,0,0.0,19,190.122,11.882625,84156.48899127927,
4,1178,2892.971482,NB,8,0.05,0,0.0,8,120.238,15.02975,66534.70616610389,
4,1179,2893.163127,LoR,100,0.1,3,0.03,3,169.353,1.69353,590482.6014301488,
4,1180,2893.372252,DT,1,0.05,0,0.0,22,115.107,115.107,8687.5689575786,7.0
4,1181,2893.723212,MLP,8,0.1,1,0.125,16,179.886,22.48575,44472.61043105078,
4,1182,2893.943529,MLP,1,0.01,0,0.0,29,160.707,160.707,6222.504309084235,
4,1183,2894.262244,RF,64,1.0,64,1.0,26,4695.983,73.374734375,13628.669439391071,
4,1184,2899.003312,DT,16,1.0,16,1.0,6,139.011,8.6881875,115098.80513052925,
4,1185,2899.184947,MLP,8,0.05,0,0.0,21,183.867,22.983375,43509.71082358444,
4,1186,2899.439056,NB,64,0.05,1,0.015625,22,130.953,2.046140625,488724.96239108685,
4,1187,2899.633909,NB,32,0.1,1,0.03125,29,114.697,3.58428125,278995.96327715635,
4,1188,2899.784628,AB,8,1.0,8,1.0,6,8127.413,1015.926625,984.3230558112404,
4,1189,2907.977067,DT,8,0.1,1,0.125,12,87.885,10.985625,91028.04801729532,
4,1190,2908.141322,MLP,100,0.05,4,0.04,28,237.296,2.37296,421414.6045445351,
4,1191,2908.450717,LoR,64,0.5,28,0.4375,13,164.856,2.575875,388217.595962537,
4,1192,2908.692009,SGD,100,0.1,14,0.14,0,172.164,1.7216399999999998,580841.5231988105,
4,1193,2908.925278,GB,16,0.1,4,0.25,16,244.641,15.2900625,65401.956336018906,
4,1194,2909.219412,NB,64,0.0,0,0.0,20,138.014,2.15646875,463721.0717753271,
4,1195,2909.432818,DT,100,0.5,52,0.52,27,112.091,1.1209099999999999,892132.2853752755,
4,1196,2909.584937,AB,1,0.01,0,0.0,9,8419.213,8419.213,118.77594734804785,2.0
4,1197,2930.867677,AB,64,0.0,0,0.0,22,8428.784,131.69975,7593.028840221793,
4,1198,2939.345375,NB,16,0.01,0,0.0,23,142.147,8.8841875,112559.5334407339,
4,1199,2939.572856,RF,16,0.1,1,0.0625,8,3207.719,200.4824375,4987.968085733195,
4,1200,2942.824523,NB,1,0.01,0,0.0,13,110.387,110.387,9059.0377490103,
4,1201,2943.073868,MLP,64,0.5,35,0.546875,23,239.239,3.738109375,267514.9118663763,
4,1202,2943.358006,NB,32,1.0,32,1.0,16,117.769,3.68028125,271718.3639158013,
4,1203,2943.513585,SGD,8,1.0,8,1.0,22,159.84,19.98,50050.05005005005,
4,1204,2943.736193,DT,32,0.01,1,0.03125,25,93.39,2.9184375,342649.1058999893,
4,1205,2943.868757,MLP,1,0.1,0,0.0,6,166.67,166.67,5999.880002399953,
4,1206,2944.199053,RF,64,0.0,0,0.0,12,3502.595,54.728046875,18272.166779202278,
4,1207,2947.745681,LoR,1,0.1,0,0.0,26,216.063,216.063,4628.2797147128385,
4,1208,2948.123495,DT,64,0.01,0,0.0,23,97.641,1.525640625,655462.3570016694,
4,1209,2948.280711,LoR,16,0.5,11,0.6875,2,154.174,9.635875,103778.84727645387,
4,1210,2948.472192,RF,1,0.0,0,0.0,14,2953.619,2953.619,338.5677028756925,6.85
4,1211,2964.320605,RF,1,0.1,0,0.0,8,2976.256,2976.256,335.99260278685705,6.96
4,1212,2980.750865,DT,32,0.05,0,0.0,21,101.482,3.1713125,315326.85599416646,
4,1213,2980.893711,SGD,8,0.0,0,0.0,24,179.509,22.438625,44566.01061785204,
4,1214,2981.143044,SGD,64,0.05,5,0.078125,14,162.247,2.535109375,394460.29818733165,
4,1215,2981.36106,MLP,100,1.0,100,1.0,17,242.469,2.42469,412423.85624554066,
4,1216,2981.669619,GB,32,0.01,1,0.03125,27,274.476,8.577375,116585.78527812996,
4,1217,2982.012298,LoR,64,0.1,7,0.109375,6,169.263,2.644734375,378109.80545068916,
4,1218,2982.219673,AB,1,0.0,0,0.0,20,7879.374,7879.374,126.91363552485261,2.0
4,1219,3003.090062,DT,64,0.01,1,0.015625,20,100.228,1.5660625,638544.1194077503,
4,1220,3003.23029,DT,1,0.5,1,1.0,28,87.057,87.057,11486.727086851144,21.0
4,1221,3003.525874,GB,32,0.5,14,0.4375,21,264.638,8.2699375,120919.89812498583,
4,1222,3003.860927,NB,64,0.05,3,0.046875,6,143.352,2.239875,446453.48512751824,
4,1223,3004.07087,MLP,64,0.5,43,0.671875,15,223.128,3.486375,286830.8773439461,
4,1224,3004.344527,GB,64,1.0,64,1.0,17,263.226,4.11290625,243137.07612469894,
4,1225,3004.651744,LoR,8,0.01,0,0.0,28,163.646,20.45575,48886.01004607507,
4,1226,3004.877059,MLP,16,0.01,1,0.0625,23,182.603,11.4126875,87621.7805841087,
4,1227,3005.128373,RF,32,0.5,10,0.3125,13,3627.173,113.34915625,8822.29769575369,
4,1228,3008.802229,AB,8,0.1,0,0.0,14,8173.534,1021.69175,978.7687920549422,
4,1229,3017.049308,LoR,64,0.01,1,0.015625,7,165.204,2.5813125,387399.82082758285,
4,1230,3017.256371,GB,16,1.0,16,1.0,8,224.658,14.041125,71219.36454521985,
4,1231,3017.545917,RF,32,0.5,17,0.53125,27,3781.548,118.173375,8462.143016563588,
4,1232,3021.373748,MLP,8,0.05,0,0.0,16,195.538,24.44225,40912.76375947386,
4,1233,3021.612573,DT,16,0.0,0,0.0,8,93.463,5.8414375,171190.73858104277,
4,1234,3021.746568,GB,16,1.0,16,1.0,29,229.654,14.353375,69670.02534247172,
4,1235,3022.019256,SGD,8,0.1,0,0.0,6,163.078,20.38475,49056.27981702008,
4,1236,3022.240542,AB,100,0.01,0,0.0,6,8741.923,87.41923000000001,11439.130726729118,
4,1237,3031.027657,RF,1,0.0,0,0.0,20,3022.035,3022.035,330.902851886229,6.95
4,1238,3047.110852,DT,64,0.05,7,0.109375,10,103.181,1.612203125,620269.2356150842,
4,1239,3047.257535,AB,32,1.0,32,1.0,26,8256.479,258.01496875,3875.7441277328994,
4,1240,3055.579341,GB,16,0.1,1,0.0625,14,224.901,14.0563125,71142.4137731713,
4,1241,3055.865713,MLP,8,0.1,1,0.125,8,187.214,23.40175,42731.84697725598,
4,1242,3056.093297,AB,8,1.0,8,1.0,2,8145.199,1018.149875,982.1736706494219,
4,1243,3064.306938,DT,32,0.05,5,0.15625,1,90.093,2.81540625,355188.52741056465,
4,1244,3064.460559,SGD,32,0.05,1,0.03125,13,166.401,5.20003125,192306.53661937127,
4,1245,3064.671925,LoR,16,0.05,0,0.0,19,148.988,9.31175,107391.19929121809,
4,1246,3064.869367,SGD,64,0.0,0,0.0,24,156.358,2.44309375,409317.0800342803,
4,1247,3065.088769,MLP,16,0.5,9,0.5625,22,176.246,11.015375,90782.20214926863,
4,1248,3065.347187,SGD,64,0.01,0,0.0,10,155.734,2.43334375,410957.144875236,
4,1249,3065.578091,GB,100,0.5,50,0.5,23,293.46,2.9345999999999997,340761.94370612694,
4,1250,3065.911929,RF,1,0.0,0,0.0,27,3019.606,3019.606,331.16903331096836,7.0
4,1251,3082.184134,MLP,32,0.05,0,0.0,23,223.771,6.99284375,143003.33823417692,
4,1252,3082.482228,AB,64,0.05,5,0.078125,25,8803.84,137.56,7269.555103227683,
4,1253,3091.361853,SGD,64,0.05,3,0.046875,12,172.972,2.7026875,370002.08126170706,
4,1254,3091.573698,DT,1,0.0,0,0.0,0,84.444,84.444,11842.167590355739,7.0
4,1255,3091.851091,MLP,16,1.0,16,1.0,0,190.809,11.9255625,83853.48699484825,
4,1256,3092.091665,SGD,64,0.0,0,0.0,3,158.804,2.4813125,403012.51857635827,
4,1257,3092.298522,GB,64,1.0,64,1.0,3,280.617,4.384640625,228068.8625421838,
4,1258,3092.618388,MLP,1,1.0,1,1.0,12,171.546,171.546,5829.340235272172,
4,1259,3092.959744,DT,100,1.0,100,1.0,17,120.571,1.20571,829386.8343133922,
4,1260,3093.177387,GB,64,0.01,1,0.015625,26,249.113,3.892390625,256911.52208034106,
4,1261,3093.46526,SGD,1,0.0,0,0.0,0,153.965,153.965,6494.982625921475,
4,1262,3093.879758,MLP,64,0.1,5,0.078125,17,206.078,3.21996875,310562.02020594146,
4,1263,3094.127253,SGD,1,0.01,0,0.0,12,147.247,147.247,6791.3098399288265,
4,1264,3094.440468,MLP,32,0.5,15,0.46875,16,181.266,5.6645625,176536.14025796345,
4,1265,3094.68296,MLP,16,0.05,1,0.0625,26,171.437,10.7148125,93328.74467005371,
4,1266,3094.928692,AB,100,0.05,10,0.1,22,8786.859,87.86859,11380.631008190754,
4,1267,3103.77888,AB,16,0.5,5,0.3125,29,8376.006,523.500375,1910.2183069114326,
4,1268,3112.23774,SGD,64,0.1,3,0.046875,24,232.478,3.63246875,275294.86661103414,
4,1269,3112.514283,NB,1,0.01,0,0.0,19,114.796,114.796,8711.104916547614,
4,1270,3112.712751,SGD,16,0.5,8,0.5,3,157.058,9.816125,101873.19334258682,
4,1271,3112.927097,LoR,8,0.5,3,0.375,6,150.876,18.8595,53023.67507091916,
4,1272,3113.152019,RF,100,0.5,50,0.5,3,4948.426,49.484260000000006,20208.446079622085,
4,1273,3118.1474,AB,1,0.1,1,1.0,16,7974.107,7974.107,125.40589184469182,2.0
4,1274,3139.083053,DT,100,1.0,100,1.0,28,128.097,1.2809700000000002,780658.4073007174,
4,1275,3139.275826,AB,32,0.1,3,0.09375,8,8299.124,259.347625,3855.828639263614,
4,1276,3147.632772,AB,100,0.0,0,0.0,17,8577.825,85.77825000000001,11657.966908860928,
4,1277,3156.256224,SGD,32,0.0,0,0.0,21,174.869,5.46465625,182994.12703223556,
4,1278,3156.499577,DT,64,0.5,32,0.5,24,102.465,1.601015625,624603.5231542478,
4,1279,3156.674271,MLP,100,0.1,11,0.11,9,247.625,2.47625,403836.4462392731,
4,1280,3156.963635,GB,8,0.01,0,0.0,1,252.385,31.548125,31697.604849733543,
4,1281,3157.275217,SGD,16,0.5,7,0.4375,23,158.871,9.9294375,100710.63944961636,
4,1282,3157.473979,AB,1,0.01,0,0.0,29,7763.791,7763.791,128.80305510542465,2.0
4,1283,3177.935098,DT,100,1.0,100,1.0,25,118.896,1.18896,841071.1882653747,
4,1284,3178.115946,DT,32,0.5,15,0.46875,2,92.313,2.88478125,346646.7344794341,
4,1285,3178.273744,SGD,64,0.01,4,0.0625,9,164.624,2.57225,388764.700165225,
4,1286,3178.478176,MLP,1,0.05,0,0.0,21,164.2,164.2,6090.133982947626,
4,1287,3178.830339,AB,64,0.05,3,0.046875,6,9021.448,140.960125,7094.204832749687,
4,1288,3187.928018,LoR,64,0.5,35,0.546875,11,195.201,3.050015625,327867.1728116147,
4,1289,3188.171436,AB,64,0.0,0,0.0,13,8490.23,132.65984375,7538.0761180792515,
4,1290,3196.761956,DT,64,0.1,6,0.09375,12,138.603,2.165671875,461750.4671616054,
4,1291,3196.984239,SGD,100,0.0,0,0.0,27,246.487,2.46487,405700.90917573747,
4,1292,3197.29933,LoR,8,1.0,8,1.0,5,168.731,21.091375,47412.74573137124,
4,1293,3197.520839,LoR,64,0.1,0,0.0,14,195.53,3.05515625,327315.5014575768,
4,1294,3197.770847,DT,8,1.0,8,1.0,25,94.757,11.844625,84426.48036556666,
4,1295,3197.907302,RF,1,0.05,0,0.0,27,3237.142,3237.142,308.914468379824,6.94
4,1296,3214.272591,NB,64,0.1,6,0.09375,8,143.241,2.238140625,446799.4498781773,
4,1297,3214.464101,LoR,64,0.0,0,0.0,15,175.303,2.739109375,365082.17201074713,
4,1298,3214.702605,MLP,32,0.5,14,0.4375,18,212.087,6.62771875,150881.4778840759,
4,1299,3214.98347,GB,64,0.5,36,0.5625,3,345.226,5.39415625,185385.805240625,
4,1300,3215.370694,RF,1,0.1,0,0.0,2,3039.91,3039.91,328.9571072827814,6.92
4,1301,3231.547698,LoR,8,0.01,1,0.125,13,184.053,23.006625,43465.74084638664,
4,1302,3231.773346,RF,1,0.5,1,1.0,14,3093.244,3093.244,323.2851983225377,22.54
4,1303,3248.486841,RF,32,0.5,18,0.5625,28,3878.183,121.19321875,8251.286749490677,
4,1304,3252.432735,NB,100,1.0,100,1.0,22,167.668,1.6766800000000002,596416.7282963953,
4,1305,3252.646124,SGD,16,0.05,0,0.0,9,186.764,11.67275,85669.61512925403,
4,1306,3252.872595,AB,1,1.0,1,1.0,3,8034.289,8034.289,124.46652093296619,2.0
4,1307,3274.156866,GB,100,0.0,0,0.0,9,323.211,3.23211,309395.4104284817,
4,1308,3274.523777,MLP,1,0.5,0,0.0,16,197.444,197.444,5064.7272137922655,
4,1309,3274.90321,RF,8,0.5,5,0.625,13,3396.56,424.57,2355.3242103775583,
4,1310,3278.366802,GB,16,0.5,7,0.4375,8,262.886,16.430375,60862.883531264495,
4,1311,3278.695052,AB,32,0.1,3,0.09375,10,8404.719,262.64746875,3807.3848750921957,
4,1312,3287.153586,GB,64,0.01,0,0.0,6,244.665,3.822890625,261582.16336623547,
4,1313,3287.440892,DT,1,0.5,1,1.0,2,90.413,90.413,11060.356364682071,15.0
4,1314,3287.739692,SGD,100,0.0,0,0.0,19,182.876,1.82876,546818.6093309127,
4,1315,3287.979171,NB,100,1.0,100,1.0,15,151.11,1.5111,661769.5718350869,
4,1316,3288.17338,AB,32,0.0,0,0.0,16,8379.072,261.846,3819.0386715855884,
4,1317,3296.625289,GB,64,0.05,6,0.09375,14,250.463,3.913484375,255526.76443227145,
4,1318,3296.953529,RF,100,0.1,14,0.14,26,4172.923,41.72923,23964.01754837077,
4,1319,3301.201313,NB,64,0.01,1,0.015625,4,142.22,2.2221875,450007.031359865,
4,1320,3301.410542,NB,64,0.5,29,0.453125,13,130.452,2.0383125,490601.90721491433,
4,1321,3301.579546,LoR,1,0.01,0,0.0,4,161.516,161.516,6191.337081156047,
4,1322,3301.913197,RF,100,0.01,0,0.0,27,3704.98,37.0498,26990.699005122835,
4,1323,3305.693223,LoR,64,0.1,6,0.09375,10,176.702,2.76096875,362191.71260087605,
4,1324,3305.911993,NB,1,0.01,0,0.0,16,105.848,105.848,9447.509636459828,
4,1325,3306.101863,GB,100,0.5,50,0.5,12,308.442,3.08442,324210.0621834899,
4,1326,3306.456303,GB,32,0.0,0,0.0,11,237.208,7.41275,134902.70142659606,
4,1327,3306.755682,SGD,16,0.05,1,0.0625,1,167.332,10.45825,95618.29177921737,
4,1328,3306.963446,SGD,1,0.05,0,0.0,14,189.06,189.06,5289.326139849783,
4,1329,3307.326346,SGD,32,0.5,17,0.53125,16,156.792,4.89975,204092.04551252615,
4,1330,3307.55134,LoR,64,0.5,33,0.515625,17,158.775,2.480859375,403086.1281687923,
4,1331,3307.763707,NB,100,0.0,0,0.0,11,141.384,1.4138399999999998,707293.611724099,
4,1332,3307.947479,SGD,16,0.05,0,0.0,28,153.742,9.608875,104070.4556985079,
4,1333,3308.139475,NB,1,1.0,1,1.0,27,100.426,100.426,9957.580706191624,
4,1334,3308.322131,DT,100,0.01,2,0.02,12,101.26,1.0126,987556.7845151096,
4,1335,3308.461579,GB,8,1.0,8,1.0,14,214.7,26.8375,37261.29482999534,
4,1336,3308.751007,SGD,100,0.1,7,0.07,9,175.871,1.75871,568598.5750919707,
4,1337,3308.988695,LoR,32,0.1,5,0.15625,26,155.71,4.8659375,205510.24340119452,
4,1338,3309.189433,LoR,32,0.05,0,0.0,18,150.415,4.70046875,212744.73955390087,
4,1339,3309.381874,RF,16,0.05,0,0.0,19,3153.14,197.07125,5074.30688139442,
4,1340,3312.579377,GB,1,0.5,1,1.0,12,222.5,222.5,4494.38202247191,4.0
4,1341,3325.595761,SGD,64,0.05,6,0.09375,25,171.975,2.687109375,372147.1144061637,
4,1342,3325.823411,MLP,100,0.0,0,0.0,1,244.109,2.44109,409653.06481940445,
4,1343,3326.110915,DT,8,0.1,0,0.0,26,90.947,11.368375,87963.31929585362,
4,1344,3326.242449,RF,16,1.0,16,1.0,7,3544.176,221.511,4514.448492399926,
4,1345,3329.834286,GB,32,1.0,32,1.0,9,252.101,7.87815625,126933.25294227313,
4,1346,3330.142494,DT,100,1.0,100,1.0,10,126.534,1.2653400000000001,790301.4209619549,
4,1347,3330.337807,LoR,64,0.5,29,0.453125,18,175.03,2.73484375,365651.60258241446,
4,1348,3330.5814,AB,64,0.1,8,0.125,14,8565.979,133.843421875,7471.416868988355,
4,1349,3339.214502,LoR,32,0.5,14,0.4375,25,158.532,4.954125,201851.9920268463,
4,1350,3339.414881,GB,16,0.0,0,0.0,28,219.779,13.7361875,72800.40404224243,
4,1351,3339.674876,DT,8,0.0,0,0.0,4,90.13,11.26625,88760.6790191945,
4,1352,3339.821105,LoR,100,0.01,0,0.0,15,206.082,2.06082,485243.73792956205,
4,1353,3340.095193,MLP,64,0.01,1,0.015625,27,213.873,3.341765625,299243.0087014256,
4,1354,3340.351689,RF,8,0.01,0,0.0,26,3098.375,387.296875,2581.998628313229,
4,1355,3343.493276,RF,8,0.0,0,0.0,3,3107.401,388.425125,2574.498753138073,
4,1356,3346.650309,RF,32,0.01,0,0.0,26,3353.297,104.79053125,9542.846935419082,
4,1357,3350.047316,LoR,8,0.0,0,0.0,27,167.092,20.8865,47877.81581404256,
4,1358,3350.277824,NB,16,0.05,1,0.0625,20,120.657,7.5410625,132607.30832027982,
4,1359,3350.437585,GB,1,0.05,0,0.0,20,217.415,217.415,4599.498654646643,4.0
4,1360,3363.426705,MLP,16,0.1,0,0.0,19,195.629,12.2268125,81787.46504863798,
4,1361,3363.667064,RF,8,0.01,0,0.0,24,3044.463,380.557875,2627.7212106043003,
4,1362,3366.759013,AB,32,0.0,0,0.0,5,8738.287,273.07146875,3662.0449751764845,
4,1363,3375.590008,AB,64,0.5,30,0.46875,16,8949.744,139.83975,7151.042532613223,
4,1364,3384.652015,NB,100,0.5,53,0.53,8,166.132,1.6613200000000001,601930.9946307755,
4,1365,3384.877763,RF,100,1.0,100,1.0,7,5554.867,55.54867,18002.231196534496,
4,1366,3390.513731,MLP,1,0.0,0,0.0,19,260.705,260.705,3835.7530542183695,
4,1367,3390.967119,RF,8,0.01,0,0.0,20,3324.278,415.53475,2406.53760004428,
4,1368,3394.347884,NB,16,0.05,0,0.0,14,141.072,8.817,113417.26210729273,
4,1369,3394.552876,SGD,16,0.1,1,0.0625,20,178.47,11.154375,89650.92172353897,
4,1370,3394.78244,SGD,64,1.0,64,1.0,3,163.534,2.55521875,391355.9259848105,
4,1371,3394.996501,MLP,64,0.01,0,0.0,9,256.642,4.01003125,249374.61522276167,
4,1372,3395.316585,DT,16,0.05,1,0.0625,27,99.409,6.2130625,160951.22172036735,
4,1373,3395.453197,AB,1,0.0,0,0.0,23,7966.31,7966.31,125.52863245341946,2.0
4,1374,3417.07322,LoR,8,0.1,4,0.5,9,209.088,26.136,38261.401897765536,
4,1375,3417.363485,NB,64,0.05,1,0.015625,2,151.877,2.373078125,421393.6277382355,
4,1376,3417.594216,AB,100,0.05,4,0.04,6,8951.296,89.51296,11171.566664760052,
4,1377,3426.630759,LoR,64,0.1,8,0.125,12,182.914,2.85803125,349891.2057032267,
4,1378,3426.874017,GB,8,0.5,5,0.625,11,301.621,37.702625,26523.352153861968,
4,1379,3427.246648,RF,64,0.1,7,0.109375,3,3892.568,60.821375,16441.588175209785,
4,1380,3431.18329,AB,8,0.0,0,0.0,17,8226.492,1028.3115,972.4679729828947,
4,1381,3439.452881,AB,8,1.0,8,1.0,19,8121.36,1015.17,985.0566900125102,
4,1382,3447.620414,MLP,32,1.0,32,1.0,25,215.945,6.74828125,148185.88066405797,
4,1383,3447.877353,DT,1,1.0,1,1.0,7,87.361,87.361,11446.755417177,15.0
4,1384,3448.173216,LoR,1,0.01,0,0.0,22,156.004,156.004,6410.092048921823,
4,1385,3448.486853,AB,1,0.5,0,0.0,25,7961.427,7961.427,125.6056232130245,2.0
4,1386,3469.698481,MLP,32,0.01,0,0.0,27,226.257,7.07053125,141432.08828898112,
4,1387,3469.992863,RF,32,0.5,16,0.5,5,3822.259,119.44559375,8372.012466973065,
4,1388,3473.867042,RF,32,0.05,0,0.0,3,3272.775,102.27421875,9777.63518726463,
4,1389,3477.200369,GB,100,0.0,0,0.0,6,330.493,3.30493,302578.2694338458,
4,1390,3477.574256,NB,16,0.0,0,0.0,16,128.003,8.0001875,124997.07038116295,
4,1391,3477.776819,DT,100,0.5,50,0.5,16,117.607,1.17607,850289.5235827799,
4,1392,3477.934686,MLP,1,0.1,0,0.0,11,186.013,186.013,5375.968346298377,
4,1393,3478.280996,GB,16,0.0,0,0.0,25,273.602,17.100125,58479.10468490728,
4,1394,3478.615577,MLP,8,0.1,3,0.375,24,183.171,22.896375,43675.03589542013,
4,1395,3478.845557,NB,32,0.01,0,0.0,11,121.741,3.80440625,262853.1061844407,
4,1396,3479.061424,NB,32,0.05,1,0.03125,10,117.472,3.671,272405.33914464724,
4,1397,3479.218873,DT,1,0.0,0,0.0,14,89.35,89.35,11191.94180190263,7.0
4,1398,3479.503032,LoR,1,1.0,1,1.0,19,159.604,159.604,6265.5071301471135,
4,1399,3479.812548,AB,1,1.0,1,1.0,28,8331.315,8331.315,120.02907104100612,2.0
4,1400,3501.541037,RF,1,0.01,0,0.0,20,3194.228,3194.228,313.0646904353728,7.02
4,1401,3517.84447,GB,16,0.0,0,0.0,20,267.594,16.724625,59792.07306591329,
4,1402,3518.159438,RF,16,0.01,0,0.0,13,3277.257,204.8285625,4882.131611893727,
4,1403,3521.506326,RF,32,0.01,2,0.0625,14,3434.478,107.3274375,9317.28198579231,
4,1404,3524.985426,NB,1,0.05,0,0.0,28,121.037,121.037,8261.936432661087,
4,1405,3525.15952,AB,8,1.0,8,1.0,27,8218.878,1027.35975,973.3688710308146,
4,1406,3533.424639,NB,1,0.01,0,0.0,8,105.626,105.626,9467.365989434418,
4,1407,3533.584949,AB,16,0.0,0,0.0,14,8221.852,513.86575,1946.0335700521,
4,1408,3541.882884,NB,64,0.01,1,0.015625,10,131.339,2.052171875,487288.6195265687,
4,1409,3542.073704,GB,16,0.05,2,0.125,20,260.391,16.2744375,61446.056123291506,
4,1410,3542.375677,AB,1,0.1,0,0.0,13,7913.803,7913.803,126.36149775272395,2.0
4,1411,3563.200723,GB,8,0.5,8,1.0,14,237.248,29.656,33719.98920960345,
4,1412,3563.515643,NB,100,0.5,45,0.45,22,149.351,1.49351,669563.6453723109,
4,1413,3563.70723,LoR,16,0.05,0,0.0,29,175.362,10.960125,91239.83531209726,
4,1414,3563.923644,LoR,1,0.1,0,0.0,29,148.469,148.469,6735.4127797722085,
4,1415,3564.230961,MLP,32,0.0,0,0.0,22,203.004,6.343875,157632.361923903,
4,1416,3564.477696,RF,8,0.05,0,0.0,29,3257.88,407.235,2455.584613306813,
4,1417,3567.780021,DT,1,0.1,0,0.0,14,94.26,94.26,10608.953957139825,7.0
4,1418,3568.07406,LoR,32,0.01,0,0.0,6,164.461,5.13940625,194575.00562443375,
4,1419,3568.283643,NB,32,1.0,32,1.0,22,118.155,3.69234375,270830.6885023909,
4,1420,3568.442127,SGD,1,0.5,0,0.0,22,153.189,153.189,6527.883855890436,
4,1421,3568.765632,AB,16,0.5,4,0.25,7,8646.371,540.3981875,1850.4873316215555,
4,1422,3577.47129,DT,8,0.01,0,0.0,3,84.708,10.5885,94442.08339235964,
4,1423,3577.60355,RF,32,0.05,0,0.0,14,3347.35,104.6046875,9559.801036640925,
4,1424,3581.036504,MLP,100,0.1,12,0.12,8,275.911,2.75911,362435.71296541276,
4,1425,3581.38333,AB,64,0.5,29,0.453125,4,8596.059,134.313421875,7445.272304436255,
4,1426,3590.051743,LoR,64,0.5,30,0.46875,0,168.734,2.63646875,379295.2220654995,
4,1427,3590.281833,MLP,100,0.01,0,0.0,8,228.661,2.28661,437328.621846314,
4,1428,3590.575655,DT,32,0.5,10,0.3125,27,97.968,3.0615,326637.26931242854,
4,1429,3590.739531,NB,64,0.1,10,0.15625,28,135.858,2.12278125,471080.0983379705,
4,1430,3590.921179,GB,64,1.0,64,1.0,20,334.921,5.233140625,191089.83909638392,
4,1431,3591.326641,SGD,64,0.5,27,0.421875,24,175.333,2.739578125,365019.7053606566,
4,1432,3591.543808,LoR,8,0.1,0,0.0,12,151.969,18.996125,52642.3152090229,
4,1433,3591.758905,LoR,32,0.5,19,0.59375,18,153.232,4.7885,208833.66398663464,
4,1434,3591.984648,MLP,100,0.01,2,0.02,14,226.954,2.26954,440617.92257461866,
4,1435,3592.271109,DT,8,0.1,1,0.125,17,90.84,11.355,88066.93086745926,
4,1436,3592.4144,DT,100,0.0,0,0.0,12,100.077,1.00077,999230.5924438182,
4,1437,3592.556575,RF,32,0.0,0,0.0,9,3312.128,103.504,9661.462358942648,
4,1438,3595.936092,MLP,8,0.05,2,0.25,7,192.574,24.07175,41542.471984795455,
4,1439,3596.188576,LoR,8,0.5,5,0.625,12,156.228,19.5285,51207.2099751645,
4,1440,3596.386073,AB,8,0.05,0,0.0,5,8204.375,1025.546875,975.0895101698788,
4,1441,3604.635508,RF,8,0.01,0,0.0,3,3101.04,387.63,2579.779686814746,
4,1442,3607.795448,MLP,100,0.0,0,0.0,20,242.05,2.4205,413137.7814501136,
4,1443,3608.114593,MLP,100,0.5,51,0.51,4,228.43,2.2843,437770.87072626187,
4,1444,3608.395354,MLP,64,0.05,0,0.0,5,202.594,3.16553125,315902.7414434781,
4,1445,3608.640873,MLP,8,0.05,0,0.0,29,170.69,21.33625,46868.59218466225,
4,1446,3608.856369,SGD,32,1.0,32,1.0,2,155.912,4.87225,205243.9837857253,
4,1447,3609.058682,LoR,16,0.01,0,0.0,18,147.469,9.2168125,108497.37911018588,
4,1448,3609.24648,GB,16,0.0,0,0.0,6,242.829,15.1768125,65889.98842807078,
4,1449,3609.532385,GB,8,0.01,0,0.0,29,215.123,26.890375,37188.027314606064,
4,1450,3609.802241,SGD,100,1.0,100,1.0,9,172.015,1.7201499999999998,581344.6501758568,
4,1451,3610.04307,NB,64,0.5,33,0.515625,14,131.23,2.05046875,487693.36279814073,
4,1452,3610.240478,MLP,64,0.05,1,0.015625,27,210.287,3.285734375,304345.9652760275,
4,1453,3610.502714,LoR,64,0.01,0,0.0,8,159.017,2.484640625,402472.6915990114,
4,1454,3610.730782,MLP,64,0.1,4,0.0625,4,199.871,3.122984375,320206.533213923,
4,1455,3610.985166,RF,100,1.0,100,1.0,19,5395.119,53.95119,18535.272345243917,
4,1456,3616.449051,MLP,16,0.5,11,0.6875,6,199.779,12.4861875,80088.49779005801,
4,1457,3616.719149,NB,64,0.5,34,0.53125,18,134.499,2.101546875,475839.96907040203,
4,1458,3616.891708,MLP,8,0.0,0,0.0,0,179.518,22.43975,44563.776334406575,
4,1459,3617.129775,GB,100,0.0,0,0.0,11,283.776,2.8377600000000003,352390.6179521876,
4,1460,3617.464198,GB,64,0.0,0,0.0,25,255.436,3.9911875,250551.997369204,
4,1461,3617.782744,DT,16,0.01,1,0.0625,15,96.678,6.042375,165497.83818448873,
4,1462,3617.92211,GB,32,1.0,32,1.0,7,235.284,7.352625,136005.84825147482,
4,1463,3618.198841,NB,1,0.1,0,0.0,13,107.776,107.776,9278.503562945369,
4,1464,3618.358323,AB,8,0.01,0,0.0,28,8121.445,1015.180625,985.0463802931622,
4,1465,3626.558889,AB,100,0.1,7,0.07,2,8679.945,86.79945,11520.810327715211,
4,1466,3635.29256,AB,64,0.01,0,0.0,16,8468.924,132.3269375,7557.040304057516,
4,1467,3643.834092,DT,64,0.05,6,0.09375,3,93.833,1.466140625,682062.8137222512,
4,1468,3643.987764,NB,16,0.5,8,0.5,24,115.098,7.193625,139011.97240612347,
4,1469,3644.13887,RF,1,1.0,1,1.0,29,3101.062,3101.062,322.47017312133715,21.69
4,1470,3660.279552,NB,16,0.05,2,0.125,4,120.14,7.50875,133177.95904777758,
4,1471,3660.444679,AB,32,0.01,0,0.0,8,8312.078,259.7524375,3849.8195036187103,
4,1472,3668.803761,NB,32,0.0,0,0.0,26,118.607,3.70646875,269798.5784987395,
4,1473,3668.964793,NB,8,0.01,0,0.0,4,105.785,13.223125,75625.08862315073,
4,1474,3669.143002,DT,100,0.1,11,0.11,28,103.707,1.03707,964255.0647497276,
4,1475,3669.319193,NB,100,0.05,4,0.04,11,138.219,1.38219,723489.5347238802,
4,1476,3669.527652,NB,100,0.1,14,0.14,15,137.022,1.37022,729809.8115631067,
4,1477,3669.72419,SGD,16,0.05,1,0.0625,27,170.148,10.63425,94035.78061452383,
4,1478,3669.954722,LoR,32,0.1,3,0.09375,23,158.821,4.96315625,201484.6903117346,
4,1479,3670.155831,RF,16,0.01,0,0.0,11,3184.931,199.0581875,5023.656713442144,
4,1480,3673.388326,SGD,16,0.05,0,0.0,12,170.9,10.68125,93622.001170275,
4,1481,3673.629618,AB,64,0.1,6,0.09375,7,8492.214,132.69084375,7536.315029272696,
4,1482,3682.170487,AB,1,0.5,1,1.0,21,7863.98,7863.98,127.16207314871096,2.0
4,1483,3703.639518,AB,32,0.05,1,0.03125,24,8240.004,257.500125,3883.4932604401642,
4,1484,3711.927043,AB,32,0.0,0,0.0,8,8083.265,252.60203125,3958.7963527114352,
4,1485,3720.073153,SGD,8,0.1,1,0.125,12,173.214,21.65175,46185.64319281351,
4,1486,3720.285744,NB,8,0.0,0,0.0,15,113.061,14.132625,70758.26323842882,
4,1487,3720.473208,DT,64,0.5,35,0.546875,16,106.81,1.66890625,599194.8319445745,
4,1488,3720.636791,DT,16,0.5,9,0.5625,2,88.153,5.5095625,181502.61477204403,
4,1489,3720.783824,GB,32,0.05,1,0.03125,0,269.878,8.4336875,118572.09553946598,
4,1490,3721.094447,GB,1,0.5,1,1.0,23,208.222,208.222,4802.566491533075,4.0
4,1491,3733.811963,DT,32,0.5,13,0.40625,5,98.705,3.08453125,324198.3688769566,
4,1492,3733.968134,RF,16,0.5,4,0.25,25,3344.773,209.0483125,4783.583220744726,
4,1493,3737.355304,MLP,8,1.0,8,1.0,2,208.492,26.0615,38370.77681637665,
4,1494,3737.60622,AB,16,1.0,16,1.0,11,8081.867,505.1166875,1979.7405723207273,
4,1495,3745.777794,SGD,100,0.01,0,0.0,13,169.384,1.6938399999999998,590374.5336041185,
4,1496,3746.008363,AB,16,0.5,9,0.5625,28,8013.667,500.8541875,1996.5890771353488,
4,1497,3754.067797,LoR,32,0.0,0,0.0,23,155.325,4.85390625,206019.63624657976,
4,1498,3754.264009,RF,1,0.05,0,0.0,13,3007.095,3007.095,332.5468600094111,7.0
4,1499,3769.983053,GB,100,0.0,0,0.0,5,279.818,2.79818,357375.15099100134,
4,1500,3770.305916,NB,8,0.01,0,0.0,20,116.814,14.60175,68484.9418734056,
4,1501,3770.489403,AB,64,0.05,5,0.078125,27,8264.553,129.133640625,7743.915490650251,
4,1502,3778.817212,RF,16,0.1,1,0.0625,3,3211.09,200.693125,4982.731720381553,
4,1503,3782.100874,SGD,64,0.05,2,0.03125,15,174.667,2.729171875,366411.5144818426,
4,1504,3782.318571,GB,32,1.0,32,1.0,19,239.86,7.495625,133411.15650796297,
4,1505,3782.604847,DT,32,0.01,0,0.0,20,91.264,2.852,350631.1360448808,
4,1506,3782.734286,DT,8,0.0,0,0.0,8,88.467,11.058375,90429.19958854714,
4,1507,3782.87554,NB,100,1.0,100,1.0,14,141.779,1.4177899999999999,705323.0732336948,
4,1508,3783.086649,SGD,1,0.5,0,0.0,5,153.025,153.025,6534.879921581441,
4,1509,3783.414286,RF,8,0.5,3,0.375,4,3119.162,389.89525,2564.791440778004,
4,1510,3786.606601,AB,64,0.1,6,0.09375,24,8681.635,135.650546875,7371.883291568926,
4,1511,3795.380953,GB,32,0.05,1,0.03125,9,282.028,8.813375,113463.9113846852,
4,1512,3795.71179,SGD,16,0.1,0,0.0,8,188.294,11.768375,84973.49889003366,
4,1513,3795.960503,AB,8,0.5,2,0.25,15,8328.448,1041.056,960.5631205237759,
4,1514,3804.33183,SGD,16,0.0,0,0.0,27,154.771,9.6731875,103378.53990734699,
4,1515,3804.544208,MLP,100,0.0,0,0.0,10,240.653,2.40653,415536.0622971665,
4,1516,3804.829088,DT,32,0.0,0,0.0,18,95.059,2.97059375,336633.0384287653,
4,1517,3804.963967,LoR,1,0.05,0,0.0,19,148.656,148.656,6726.940049510278,
4,1518,3805.296046,NB,64,0.01,1,0.015625,2,133.343,2.083484375,479965.2025228171,
4,1519,3805.476224,RF,32,0.01,0,0.0,20,3464.607,108.26896875,9236.256810657023,
4,1520,3808.985338,SGD,16,1.0,16,1.0,25,167.871,10.4919375,95311.28068576466,
4,1521,3809.197532,SGD,32,0.0,0,0.0,11,157.958,4.9361875,202585.49741070412,
4,1522,3809.418633,MLP,32,0.1,4,0.125,8,192.772,6.024125,165999.21150374538,
4,1523,3809.659637,SGD,64,1.0,64,1.0,7,157.594,2.46240625,406106.8314783558,
4,1524,3809.885314,NB,64,0.1,8,0.125,2,127.288,1.988875,502796.80724027404,
4,1525,3810.084371,GB,100,0.01,1,0.01,28,295.451,2.9545100000000004,338465.600048739,
4,1526,3810.419628,GB,8,1.0,8,1.0,25,224.511,28.063875,35632.99793774024,
4,1527,3810.705424,DT,16,0.1,3,0.1875,11,94.417,5.9010625,169461.0080811718,
4,1528,3810.859749,DT,32,0.5,15,0.46875,20,93.536,2.923,342114.26616489905,
4,1529,3811.008646,AB,100,1.0,100,1.0,19,8607.123,86.07123,11618.28406541884,
4,1530,3819.659559,LoR,8,0.01,0,0.0,9,150.205,18.775625,53260.54392330481,
4,1531,3819.852839,GB,16,0.1,0,0.0,12,209.293,13.0808125,76447.85062089989,
4,1532,3820.10358,AB,16,0.0,0,0.0,21,8061.661,503.8538125,1984.7026561895868,
4,1533,3828.22973,DT,16,0.5,7,0.4375,7,85.789,5.3618125,186504.09726188672,
4,1534,3828.354885,SGD,1,0.01,0,0.0,6,149.079,149.079,6707.852883370561,
4,1535,3828.688039,GB,100,0.05,12,0.12,15,270.657,2.7065699999999997,369471.32348322787,
4,1536,3829.034591,MLP,100,0.01,1,0.01,7,235.796,2.35796,424095.4045021968,
4,1537,3829.32992,SGD,8,0.5,3,0.375,7,153.689,19.211125,52053.17231552031,
4,1538,3829.550447,MLP,64,0.1,4,0.0625,18,199.383,3.115359375,320990.25493647903,
4,1539,3829.796434,LoR,32,1.0,32,1.0,8,150.026,4.6883125,213296.36196392623,
4,1540,3830.006262,NB,16,0.5,8,0.5,2,111.75,6.984375,143176.73378076064,
4,1541,3830.17467,AB,16,0.05,1,0.0625,29,8097.939,506.1211875,1975.8113762032535,
4,1542,3838.31366,GB,8,1.0,8,1.0,27,206.385,25.798125,38762.506965137974,
4,1543,3838.589572,NB,64,0.01,1,0.015625,14,129.875,2.029296875,492781.52069297404,
4,1544,3838.772028,AB,100,0.0,0,0.0,14,8662.978,86.62978,11543.374576271579,
4,1545,3847.512684,GB,100,0.05,4,0.04,3,259.453,2.59453,385426.2621746521,
4,1546,3847.814356,AB,16,1.0,16,1.0,8,8002.605,500.1628125,1999.3489619942507,
4,1547,3855.888804,RF,64,0.5,28,0.4375,19,4155.6,64.93125,15400.904803157184,
4,1548,3860.117733,MLP,64,0.5,33,0.515625,4,222.125,3.470703125,288126.05514912773,
4,1549,3860.402503,DT,16,0.05,2,0.125,7,92.355,5.7721875,173244.54550376264,
4,1550,3860.543522,AB,64,0.01,0,0.0,25,8296.424,129.631625,7714.166971215549,
4,1551,3868.88376,RF,8,0.01,0,0.0,8,3068.676,383.5845,2606.9875086193524,
4,1552,3872.012501,AB,100,0.01,0,0.0,22,8647.48,86.4748,11564.06259395801,
4,1553,3880.703359,DT,8,0.1,0,0.0,19,82.529,10.316125,96935.62262962111,
4,1554,3880.82399,RF,1,0.0,0,0.0,28,2952.429,2952.429,338.70416528221335,7.0
4,1555,3896.810164,MLP,8,0.1,0,0.0,21,185.186,23.14825,43199.80992083635,
4,1556,3897.037533,MLP,16,1.0,16,1.0,9,174.076,10.87975,91913.87669753442,
4,1557,3897.27473,LoR,8,0.05,1,0.125,29,150.26,18.7825,53241.04884866232,
4,1558,3897.497607,NB,100,0.5,55,0.55,11,140.459,1.40459,711951.5303398145,
4,1559,3897.702541,SGD,64,0.5,38,0.59375,19,162.446,2.53821875,393977.0754589217,
4,1560,3897.911301,SGD,64,1.0,64,1.0,13,182.827,2.856671875,350057.7048247797,
4,1561,3898.138705,MLP,32,0.01,0,0.0,24,181.767,5.68021875,176049.5579505631,
4,1562,3898.360758,RF,16,1.0,16,1.0,25,3582.486,223.905375,4466.1723730392805,
4,1563,3902.01097,SGD,32,0.5,14,0.4375,17,169.544,5.29825,188741.56561128673,
4,1564,3902.222231,DT,8,0.1,0,0.0,14,89.991,11.248875,88897.77866675556,
4,1565,3902.352038,SGD,8,0.01,0,0.0,23,152.787,19.098375,52360.47569492169,
4,1566,3902.546941,SGD,16,0.05,0,0.0,4,148.569,9.2855625,107694.06807611279,
4,1567,3902.765263,AB,64,0.1,8,0.125,26,9121.486,142.52321875,7016.400617180138,
4,1568,3911.957677,RF,64,0.5,25,0.390625,25,4096.678,64.01059375,15622.41406329714,
4,1569,3916.107069,MLP,64,0.0,0,0.0,7,223.196,3.4874375,286743.490026703,
4,1570,3916.37392,AB,8,0.1,0,0.0,22,8125.364,1015.6705,984.5712758222278,
4,1571,3924.559535,GB,16,0.05,0,0.0,23,245.639,15.3524375,65136.23650967477,
4,1572,3924.845541,NB,8,0.0,0,0.0,16,113.29,14.16125,70615.23523700237,
4,1573,3925.017371,MLP,16,0.1,3,0.1875,7,182.955,11.4346875,87453.19887404006,
4,1574,3925.273514,RF,100,0.05,2,0.02,6,3582.938,35.82938,27910.05593733411,
4,1575,3928.920302,GB,16,0.05,2,0.125,15,241.569,15.0980625,66233.66408769338,
4,1576,3929.20644,AB,16,0.01,0,0.0,1,8055.486,503.467875,1986.224046569009,
4,1577,3937.340017,LoR,100,0.1,4,0.04,19,166.984,1.66984,598859.7709960236,
4,1578,3937.545497,DT,1,0.0,0,0.0,7,83.626,83.626,11958.00349173702,22.0
4,1579,3937.847543,AB,8,0.5,3,0.375,16,8082.917,1010.364625,989.741698448716,
4,1580,3945.992704,DT,8,0.5,4,0.5,5,84.321,10.540125,94875.5351573155,
4,1581,3946.117669,NB,8,0.01,0,0.0,9,109.962,13.74525,72752.40537640275,
4,1582,3946.268988,AB,16,0.01,0,0.0,16,8031.026,501.939125,1992.2734654326857,
4,1583,3954.342435,SGD,1,0.05,0,0.0,18,150.373,150.373,6650.130010041697,
4,1584,3954.657501,MLP,64,0.0,0,0.0,23,231.786,3.62165625,276116.76287610125,
4,1585,3954.933524,AB,1,0.1,0,0.0,10,7707.559,7707.559,129.74276291624884,2.0
4,1586,3975.269559,MLP,8,0.5,5,0.625,6,182.995,22.874375,43717.04144921992,
4,1587,3975.496021,RF,8,0.0,0,0.0,2,3161.174,395.14675,2530.705364525964,
4,1588,3978.730368,GB,64,0.1,10,0.15625,28,301.4,4.709375,212342.40212342405,
4,1589,3979.12301,MLP,32,0.1,2,0.0625,20,202.337,6.32303125,158151.99395068624,
4,1590,3979.394353,NB,64,0.01,2,0.03125,21,131.074,2.04803125,488273.7995330881,
4,1591,3979.563593,LoR,16,1.0,16,1.0,17,156.363,9.7726875,102325.9978383633,
4,1592,3979.760928,GB,8,0.01,0,0.0,24,219.066,27.38325,36518.67473729378,
4,1593,3980.02344,MLP,32,1.0,32,1.0,22,191.273,5.97728125,167300.1416823075,
4,1594,3980.270393,LoR,100,1.0,100,1.0,28,165.416,1.65416,604536.441456691,
4,1595,3980.510662,RF,100,0.01,1,0.01,18,3598.884,35.98884,27786.39155916112,
4,1596,3984.175247,AB,16,0.05,1,0.0625,7,8118.32,507.395,1970.85111205274,
4,1597,3992.335396,LoR,8,1.0,8,1.0,25,151.531,18.941375,52794.47769763283,
4,1598,3992.556558,SGD,64,0.5,41,0.640625,29,156.961,2.452515625,407744.5989768159,
4,1599,3992.755876,AB,32,1.0,32,1.0,8,8210.259,256.57059375,3897.5627930860646,
4,1600,4001.009018,LoR,16,1.0,16,1.0,2,150.372,9.39825,106402.78775303911,
4,1601,4001.217145,GB,100,0.01,0,0.0,17,271.433,2.71433,368415.04164932045,
4,1602,4001.544315,MLP,100,1.0,100,1.0,22,234.004,2.34004,427343.12233978906,
4,1603,4001.847815,DT,64,0.5,36,0.5625,21,106.118,1.65809375,603102.2069771386,
4,1604,4001.991348,SGD,1,0.0,0,0.0,28,152.362,152.362,6563.316312466363,
4,1605,4002.298855,DT,1,0.1,0,0.0,1,85.512,85.512,11694.265132379081,7.0
4,1606,4002.601783,AB,32,0.05,2,0.0625,25,8207.058,256.4705625,3899.082960057063,
4,1607,4010.880642,NB,64,0.05,4,0.0625,26,130.981,2.046578125,488620.48694085405,
4,1608,4011.11242,RF,64,0.5,35,0.546875,9,4230.236,66.0974375,15129.179554048522,
4,1609,4015.395294,DT,64,0.0,0,0.0,8,99.442,1.55378125,643591.2391142576,
4,1610,4015.570311,MLP,100,0.5,50,0.5,1,238.717,2.3871700000000002,418906.0686922171,
4,1611,4015.847851,GB,1,0.0,0,0.0,28,217.879,217.879,4589.703459259497,4.0
4,1612,4028.635658,LoR,1,0.0,0,0.0,4,154.86,154.86,6457.445434586077,
4,1613,4028.941112,RF,1,0.5,1,1.0,29,3012.134,3012.134,331.9905422534323,20.72
4,1614,4044.881777,GB,16,0.05,2,0.125,26,231.058,14.441125,69246.68265110925,
4,1615,4045.188095,AB,100,0.5,51,0.51,13,8556.382,85.56381999999999,11687.182736815632,
4,1616,4053.807209,LoR,8,0.1,1,0.125,21,153.185,19.148125,52224.4345072951,
4,1617,4054.004891,LoR,32,1.0,32,1.0,3,150.082,4.6900625,213216.77482975973,
4,1618,4054.217089,LoR,32,0.1,2,0.0625,27,147.715,4.61609375,216633.38185018447,
4,1619,4054.404582,AB,1,0.05,0,0.0,6,7793.341,7793.341,128.3146727443339,2.0
4,1620,4074.89846,NB,64,0.1,8,0.125,20,140.439,2.194359375,455713.86865471845,
4,1621,4075.083859,NB,32,0.01,0,0.0,3,115.921,3.62253125,276050.0685811889,
4,1622,4075.245358,GB,64,1.0,64,1.0,6,259.91,4.06109375,246239.0827594167,
4,1623,4075.567235,LoR,16,0.05,1,0.0625,3,160.147,10.0091875,99908.20933267561,
4,1624,4075.767824,NB,16,1.0,16,1.0,21,112.173,7.0108125,142636.81991210007,
4,1625,4075.916372,SGD,1,0.0,0,0.0,7,150.791,150.791,6631.695525595029,
4,1626,4076.246487,GB,64,0.01,2,0.03125,9,245.835,3.841171875,260337.21805275895,
4,1627,4076.538069,NB,32,0.05,0,0.0,25,121.386,3.7933125,263621.8344784407,
4,1628,4076.706138,DT,64,0.0,0,0.0,0,100.802,1.57503125,634908.0375389376,
4,1629,4076.867636,RF,32,0.05,2,0.0625,10,3295.584,102.987,9709.963393438007,
4,1630,4080.216567,MLP,64,0.01,0,0.0,14,224.748,3.5116875,284763.3794294054,
4,1631,4080.517311,RF,100,0.1,11,0.11,22,4423.37,44.2337,22607.19767959723,
4,1632,4085.018581,LoR,16,0.5,8,0.5,18,192.061,12.0038125,83306.86604776607,
4,1633,4085.272944,MLP,100,0.01,0,0.0,15,249.067,2.49067,401498.39199894003,
4,1634,4085.566937,SGD,8,0.01,0,0.0,1,162.357,20.294625,49274.13046557894,
4,1635,4085.770877,MLP,16,1.0,16,1.0,13,182.148,11.38425,87840.65704811472,
4,1636,4085.996688,AB,1,0.5,1,1.0,15,8326.973,8326.973,120.09165875763017,2.0
4,1637,4107.448745,AB,16,1.0,16,1.0,21,8551.762,534.485125,1870.9594584133654,
4,1638,4116.082252,SGD,32,0.5,13,0.40625,23,181.49,5.6715625,176318.25444928094,
4,1639,4116.326785,GB,16,0.01,1,0.0625,17,267.936,16.746,59715.75301564553,
4,1640,4116.673899,NB,100,0.1,9,0.09,27,152.526,1.52526,655625.9260716205,
4,1641,4116.871557,RF,32,0.05,0,0.0,19,3361.662,105.0519375,9519.10096850903,
4,1642,4120.30723,NB,64,0.05,10,0.15625,13,137.715,2.151796875,464727.8800421159,
4,1643,4120.485296,AB,1,0.05,0,0.0,14,7847.951,7847.951,127.42179455503737,2.0
4,1644,4141.201342,GB,8,0.1,1,0.125,5,245.25,30.65625,32619.775739041794,
4,1645,4141.486977,RF,8,1.0,8,1.0,27,3508.822,438.60275,2279.9674648642763,
4,1646,4145.0605,SGD,8,0.1,1,0.125,22,177.673,22.209125,45026.537515548225,
4,1647,4145.305361,DT,32,0.5,17,0.53125,4,101.728,3.179,314564.3284051589,
4,1648,4145.447416,AB,16,0.05,0,0.0,28,8187.372,511.71075,1954.2290248934578,
4,1649,4153.677389,LoR,1,0.1,0,0.0,10,152.578,152.578,6554.024826646043,
4,1650,4154.008216,SGD,16,0.01,1,0.0625,24,147.873,9.2420625,108200.95622595065,
4,1651,4154.215815,DT,16,0.5,7,0.4375,23,90.185,5.6365625,177413.09530409714,
4,1652,4154.346477,AB,16,0.05,0,0.0,27,8154.175,509.6359375,1962.1850156514913,
4,1653,4162.579182,DT,100,0.01,1,0.01,21,94.078,0.9407800000000001,1062947.766746742,
4,1654,4162.731674,NB,8,0.1,1,0.125,21,111.488,13.936,71756.60160734788,
4,1655,4162.881526,LoR,1,0.1,0,0.0,1,183.975,183.975,5435.521130588395,
4,1656,4163.224007,GB,64,0.01,0,0.0,19,254.182,3.97159375,251788.08884972185,
4,1657,4163.522096,MLP,16,0.01,0,0.0,7,199.872,12.492,80051.23278898494,
4,1658,4163.766154,AB,32,1.0,32,1.0,24,8157.348,254.917125,3922.8435516052523,
4,1659,4171.97176,DT,32,0.01,0,0.0,26,83.5,2.609375,383233.53293413174,
4,1660,4172.110557,DT,100,0.0,0,0.0,1,88.81,0.8881,1125999.3244004054,
4,1661,4172.265915,DT,64,0.01,3,0.046875,22,87.669,1.369828125,730018.5926610319,
4,1662,4172.444264,MLP,8,0.5,4,0.5,16,176.074,22.00925,45435.44191646694,
4,1663,4172.668276,RF,64,1.0,64,1.0,18,4643.519,72.554984375,13782.650614760056,
4,1664,4177.372011,RF,100,0.0,0,0.0,2,3810.584,38.10584,26242.696657520213,
4,1665,4181.255918,LoR,64,0.05,4,0.0625,3,176.465,2.757265625,362678.1514747967,
4,1666,4181.493198,AB,16,0.1,2,0.125,9,8673.839,542.1149375,1844.6272751892213,
4,1667,4190.22361,LoR,64,1.0,64,1.0,13,167.113,2.611140625,382974.39457133797,
4,1668,4190.469751,RF,100,0.05,3,0.03,10,3822.966,38.229659999999996,26157.70059163487,
4,1669,4194.338238,DT,1,0.1,0,0.0,3,94.601,94.601,10570.71278316297,7.0
4,1670,4194.649971,SGD,1,0.5,0,0.0,15,185.316,185.316,5396.188132703059,
4,1671,4194.995171,SGD,1,1.0,1,1.0,16,167.041,167.041,5986.554199268443,
4,1672,4195.323621,AB,100,1.0,100,1.0,3,9056.369,90.56369000000001,11041.952906291694,
4,1673,4204.436389,MLP,32,0.0,0,0.0,7,220.119,6.87871875,145375.91030306334,
4,1674,4204.70051,SGD,8,1.0,8,1.0,6,157.454,19.68175,50808.49009869549,
4,1675,4204.908885,GB,64,1.0,64,1.0,14,299.425,4.678515625,213743.00743090923,
4,1676,4205.262824,SGD,64,0.01,0,0.0,1,172.707,2.698546875,370569.80898284377,
4,1677,4205.489088,AB,32,0.01,0,0.0,18,8320.669,260.02090625,3845.8446069660986,
4,1678,4213.877487,SGD,16,0.5,4,0.25,17,158.429,9.9018125,100991.61138427939,
4,1679,4214.076338,SGD,8,0.0,0,0.0,14,148.428,18.5535,53898.18632603013,
4,1680,4214.284698,RF,8,0.1,1,0.125,1,3213.684,401.7105,2489.3548961254432,
4,1681,4217.551491,LoR,64,0.0,0,0.0,22,178.151,2.783609375,359245.8083311348,
4,1682,4217.808114,SGD,100,0.5,49,0.49,29,170.856,1.7085599999999999,585288.195907665,
4,1683,4218.02048,SGD,16,0.0,0,0.0,10,156.117,9.7573125,102487.23713625038,
4,1684,4218.21722,MLP,16,0.0,0,0.0,9,181.881,11.3675625,87969.60650095392,
4,1685,4218.439658,GB,8,0.0,0,0.0,13,239.493,29.936625,33403.89907011896,
4,1686,4218.750321,LoR,64,0.1,5,0.078125,1,166.409,2.600140625,384594.5832256669,
4,1687,4218.982217,LoR,32,0.01,2,0.0625,10,194.407,6.07521875,164603.12643063263,
4,1688,4219.215484,LoR,1,1.0,1,1.0,15,144.358,144.358,6927.222599371008,
4,1689,4219.548665,GB,100,0.1,7,0.07,1,270.871,2.70871,369179.42489229195,
4,1690,4219.862189,AB,16,1.0,16,1.0,14,8249.253,515.5783125,1939.5695586012453,
4,1691,4228.170033,GB,100,1.0,100,1.0,24,279.159,2.79159,358218.7928743118,
4,1692,4228.492664,LoR,16,0.0,0,0.0,27,163.85,10.240625,97650.28989929814,
4,1693,4228.717302,DT,8,0.01,1,0.125,25,92.126,11.51575,86837.59199357401,
4,1694,4228.882176,DT,100,0.5,42,0.42,13,108.469,1.08469,921922.3925729933,
4,1695,4229.05593,RF,64,0.1,7,0.109375,20,3664.988,57.2654375,17462.540122914455,
4,1696,4232.765847,RF,16,0.0,0,0.0,7,3119.305,194.9565625,5129.347723290925,
4,1697,4235.940234,AB,64,0.01,0,0.0,5,8583.216,134.11275,7456.412608048078,
4,1698,4244.570414,AB,1,0.05,0,0.0,29,8352.972,8352.972,119.71786808336003,2.0
4,1699,4265.980815,DT,8,0.01,0,0.0,27,93.854,11.73175,85238.77511880154,
4,1700,4266.147861,RF,64,0.05,1,0.015625,25,3716.289,58.067015625,17221.480891286978,
4,1701,4269.93197,NB,16,0.1,1,0.0625,5,133.497,8.3435625,119852.8805890769,
4,1702,4270.10549,SGD,1,0.01,0,0.0,19,176.575,176.575,5663.31587144273,
4,1703,4270.471483,AB,64,0.1,6,0.09375,23,8918.291,139.348296875,7176.262806405398,
4,1704,4279.435564,NB,1,0.0,0,0.0,3,107.538,107.538,9299.038479421228,
4,1705,4279.594185,GB,1,0.1,0,0.0,28,249.133,249.133,4013.9202755154874,4.0
4,1706,4292.584027,DT,64,1.0,64,1.0,11,117.924,1.8425625,542722.4313964926,
4,1707,4292.761665,DT,8,0.5,4,0.5,15,90.132,11.2665,88758.70944836462,
4,1708,4292.890827,AB,16,0.0,0,0.0,25,8258.277,516.1423125,1937.4501484994994,
4,1709,4301.21476,LoR,16,0.1,1,0.0625,22,167.912,10.4945,95288.00800419267,
4,1710,4301.421816,GB,1,1.0,1,1.0,14,214.732,214.732,4656.967755155263,4.0
4,1711,4314.396781,MLP,16,0.0,0,0.0,29,208.157,13.0098125,76865.05858558684,
4,1712,4314.677906,GB,64,0.5,33,0.515625,8,269.615,4.212734375,237375.51694082303,
4,1713,4315.014061,DT,16,0.5,7,0.4375,0,98.834,6.177125,161887.60952708582,
4,1714,4315.157898,SGD,32,0.01,0,0.0,28,169.502,5.2969375,188788.33288102795,
4,1715,4315.386831,GB,8,0.5,4,0.5,20,218.32,27.29,36643.459142543055,
4,1716,4315.64931,DT,16,0.05,0,0.0,25,97.639,6.1024375,163868.945810588,
4,1717,4315.814677,DT,64,0.05,2,0.03125,21,94.04,1.469375,680561.4632071458,
4,1718,4315.945558,SGD,1,1.0,1,1.0,3,156.797,156.797,6377.673042213818,
4,1719,4316.263228,MLP,8,0.05,0,0.0,5,175.963,21.995375,45464.10324897848,
4,1720,4316.503853,RF,32,0.5,19,0.59375,23,3890.703,121.58446875,8224.73470732667,
4,1721,4320.437045,MLP,1,1.0,1,1.0,24,183.435,183.435,5451.522337612778,
4,1722,4320.790869,GB,100,1.0,100,1.0,27,287.114,2.8711399999999996,348293.7091190259,
4,1723,4321.121316,GB,1,0.5,0,0.0,7,211.302,211.302,4732.562872097756,4.0
4,1724,4334.120121,GB,32,0.1,3,0.09375,27,233.686,7.3026875,136935.88832878307,
4,1725,4334.396132,NB,1,0.01,0,0.0,11,111.518,111.518,8967.162251833784,
4,1726,4334.574877,NB,8,0.1,1,0.125,4,110.113,13.764125,72652.63865302008,
4,1727,4334.753843,LoR,64,0.05,4,0.0625,16,168.921,2.639390625,378875.3322559066,
4,1728,4334.984248,NB,32,0.05,2,0.0625,5,162.427,5.07584375,197011.5805869714,
4,1729,4335.18501,RF,16,0.0,0,0.0,4,3197.234,199.827125,5004.32561395256,
4,1730,4338.442321,SGD,100,1.0,100,1.0,17,184.982,1.84982,540593.1387918824,
4,1731,4338.677808,AB,64,0.0,0,0.0,28,8561.366,133.77134375,7475.442587082482,
4,1732,4347.319326,AB,100,0.1,12,0.12,8,8711.354,87.11354,11479.271764182698,
4,1733,4356.10353,MLP,64,0.5,26,0.40625,3,217.182,3.39346875,294683.72148704773,
4,1734,4356.398066,SGD,100,0.1,13,0.13,29,168.448,1.68448,593655.0151975683,
4,1735,4356.60725,LoR,1,0.01,0,0.0,15,146.943,146.943,6805.359901458388,
4,1736,4356.938401,MLP,100,0.1,18,0.18,2,224.549,2.24549,445337.0979162677,
4,1737,4357.207823,AB,32,0.0,0,0.0,3,8333.296,260.4155,3840.0172032770706,
4,1738,4365.620297,SGD,100,0.05,8,0.08,27,169.691,1.69691,589306.4452445917,
4,1739,4365.865641,GB,100,0.5,56,0.56,13,302.262,3.02262,330838.8087156176,
4,1740,4366.219392,LoR,64,1.0,64,1.0,22,170.117,2.658078125,376211.6660886331,
4,1741,4366.431395,DT,1,0.5,0,0.0,25,88.678,88.678,11276.754099100115,7.0
4,1742,4366.719104,LoR,32,0.01,0,0.0,16,161.375,5.04296875,198295.89465530595,
4,1743,4366.921358,RF,1,0.05,0,0.0,6,3023.626,3023.626,330.72873430774837,8.83
4,1744,4383.531829,SGD,32,1.0,32,1.0,3,197.056,6.158,162390.38648911985,
4,1745,4383.772741,AB,8,0.0,0,0.0,18,8940.912,1117.614,894.7633082620654,
4,1746,4392.786545,DT,32,1.0,32,1.0,12,108.824,3.40075,294052.78247445414,
4,1747,4392.939798,RF,8,1.0,8,1.0,23,3599.83,449.97875,2222.3271654494797,
4,1748,4396.594548,DT,1,0.0,0,0.0,16,105.792,105.792,9452.510586811857,7.0
4,1749,4396.924914,MLP,1,0.05,0,0.0,1,209.149,209.149,4781.2803312471015,
4,1750,4397.315847,DT,8,0.5,5,0.625,22,95.297,11.912125,83948.07811368669,
4,1751,4397.458222,SGD,32,0.01,0,0.0,13,170.236,5.319875,187974.34150238492,
4,1752,4397.670384,NB,16,1.0,16,1.0,4,121.784,7.6115,131380.14845956775,
4,1753,4397.830408,NB,8,0.0,0,0.0,17,106.484,13.3105,75128.65782652794,
4,1754,4397.997827,NB,32,0.5,16,0.5,3,115.929,3.62278125,276031.01898575854,
4,1755,4398.170434,NB,100,1.0,100,1.0,7,136.368,1.36368,733309.867417576,
4,1756,4398.371762,RF,64,0.5,35,0.546875,16,4414.107,68.970421875,14498.968874112023,
4,1757,4402.830912,MLP,8,1.0,8,1.0,4,242.363,30.295375,33008.33873157206,
4,1758,4403.128027,RF,64,0.01,0,0.0,24,3480.91,54.38921875,18385.996765213695,
4,1759,4406.655156,AB,8,0.01,0,0.0,11,8621.826,1077.72825,927.8776908742998,
4,1760,4415.351623,NB,1,0.01,0,0.0,2,133.927,133.927,7466.754276583512,
4,1761,4415.569361,SGD,100,1.0,100,1.0,14,221.357,2.21357,451758.92336813384,
4,1762,4415.86037,GB,8,0.5,6,0.75,24,299.785,37.473125,26685.79148389679,
4,1763,4416.211878,AB,32,1.0,32,1.0,12,8838.665,276.20828125,3620.4562566858226,
4,1764,4425.152166,AB,64,0.5,38,0.59375,7,8486.931,132.608296875,7541.006283661313,
4,1765,4433.683255,LoR,1,0.0,0,0.0,23,172.44,172.44,5799.118533982834,
4,1766,4434.047292,AB,32,0.1,6,0.1875,9,8348.053,260.87665625,3833.2291373808957,
4,1767,4442.438194,RF,8,0.0,0,0.0,26,3197.916,399.7395,2501.629186007387,
4,1768,4445.684763,NB,16,0.1,0,0.0,28,132.282,8.267625,120953.7200828533,
4,1769,4445.886972,SGD,64,0.1,4,0.0625,23,178.061,2.782203125,359427.38724369736,
4,1770,4446.126854,RF,16,0.05,3,0.1875,12,3324.194,207.762125,4813.196823049437,
4,1771,4449.493449,GB,1,0.0,0,0.0,27,262.316,262.316,3812.195977370805,4.0
4,1772,4462.648445,GB,64,0.01,1,0.015625,8,258.861,4.044703125,247236.934107494,
4,1773,4462.973196,AB,32,0.1,3,0.09375,11,8857.246,276.7889375,3612.8611534556003,
4,1774,4471.926194,RF,100,0.5,57,0.57,4,4867.956,48.67956,20542.502849245146,
4,1775,4476.868593,SGD,32,0.05,2,0.0625,3,198.54,6.204375,161176.58910043316,
4,1776,4477.145065,SGD,100,0.1,14,0.14,23,173.11,1.7311,577667.3791231009,
4,1777,4477.357736,NB,8,1.0,8,1.0,5,119.115,14.889375,67161.9863157453,
4,1778,4477.517172,LoR,16,1.0,16,1.0,24,156.443,9.7776875,102273.67156088799,
4,1779,4477.748929,MLP,100,0.05,3,0.03,22,245.727,2.45727,406955.68659528665,
4,1780,4478.071333,LoR,100,0.5,59,0.59,26,165.816,1.65816,603078.1106768949,
4,1781,4478.29402,MLP,100,0.01,0,0.0,9,224.613,2.24613,445210.20599876234,
4,1782,4478.589245,GB,64,0.01,2,0.03125,23,292.484,4.5700625,218815.38819217464,
4,1783,4478.927423,AB,32,1.0,32,1.0,20,8639.123,269.97259375,3704.0796849402423,
4,1784,4487.625341,MLP,64,0.01,0,0.0,23,278.566,4.35259375,229748.066885406,
4,1785,4487.949198,SGD,16,1.0,16,1.0,13,229.162,14.322625,69819.60359920056,
4,1786,4488.266089,GB,32,1.0,32,1.0,28,333.677,10.42740625,95901.12593915673,
4,1787,4488.650441,DT,32,0.01,0,0.0,5,100.01,3.1253125,319968.00319968,
4,1788,4488.812291,RF,8,0.1,1,0.125,8,3336.807,417.100875,2397.501563620551,
4,1789,4492.196061,GB,1,0.1,0,0.0,7,252.384,252.384,3962.21630531254,4.0
4,1790,4505.632879,MLP,64,0.05,1,0.015625,21,270.747,4.230421875,236383.04394877874,
4,1791,4505.966578,GB,100,0.0,0,0.0,8,320.487,3.20487,312025.13674501615,
4,1792,4506.369818,GB,100,0.1,10,0.1,10,293.202,2.93202,341061.79357576004,
4,1793,4506.730537,SGD,32,0.1,3,0.09375,22,184.124,5.753875,173795.9201407747,
4,1794,4506.985469,DT,64,0.1,7,0.109375,7,120.249,1.878890625,532228.9582449751,
4,1795,4507.158914,SGD,16,1.0,16,1.0,8,160.444,10.02775,99723.26793149012,
4,1796,4507.361875,SGD,8,0.05,0,0.0,7,152.162,19.02025,52575.54448548258,
4,1797,4507.560097,GB,1,0.5,1,1.0,0,208.301,208.301,4800.745075635739,4.0
4,1798,4520.631998,GB,32,1.0,32,1.0,16,239.2,7.475,133779.26421404682,
4,1799,4520.920305,SGD,32,0.01,0,0.0,22,169.259,5.28934375,189059.3705504582,
4,1800,4521.155576,AB,32,0.1,1,0.03125,17,8355.869,261.12090625,3829.643571482511,
4,1801,4529.575556,RF,8,0.5,2,0.25,15,3311.6,413.95,2415.750694528325,
4,1802,4532.968464,SGD,100,0.05,10,0.1,24,184.768,1.84768,541219.2587461033,
4,1803,4533.21106,LoR,100,0.01,0,0.0,10,170.496,1.70496,586524.024024024,
4,1804,4533.450769,LoR,64,0.1,6,0.09375,21,159.542,2.49284375,401148.2869714558,
4,1805,4533.678144,GB,64,0.5,33,0.515625,5,270.074,4.21990625,236972.08913112702,
4,1806,4533.99801,DT,64,1.0,64,1.0,8,119.967,1.874484375,533480.040344428,
4,1807,4534.178412,LoR,8,0.01,1,0.125,17,160.783,20.097875,49756.50410802138,
4,1808,4534.38365,SGD,32,1.0,32,1.0,1,157.505,4.92203125,203168.15339195583,
4,1809,4534.601784,SGD,16,0.01,1,0.0625,22,154.005,9.6253125,103892.73075549495,
4,1810,4534.818338,LoR,32,0.05,3,0.09375,22,152.166,4.7551875,210296.64971149928,
4,1811,4535.048312,NB,100,0.0,0,0.0,1,159.533,1.59533,626829.5587746736,
4,1812,4535.265007,DT,8,0.5,5,0.625,10,92.782,11.59775,86223.62096096226,
4,1813,4535.399508,SGD,32,1.0,32,1.0,23,160.938,5.0293125,198834.33371857487,
4,1814,4535.603865,MLP,16,0.01,0,0.0,12,187.575,11.7234375,85299.21364787419,
4,1815,4535.833123,DT,1,0.1,0,0.0,27,87.336,87.336,11450.032060089768,7.0
4,1816,4536.136268,GB,16,0.01,1,0.0625,20,223.353,13.9595625,71635.48284554046,
4,1817,4536.419522,DT,100,0.0,0,0.0,2,101.739,1.01739,982907.2430434739,
4,1818,4536.563473,LoR,8,0.05,0,0.0,9,159.544,19.943,50142.90728576443,
4,1819,4536.785546,MLP,32,0.1,4,0.125,11,193.17,6.0365625,165657.19314593365,
4,1820,4537.026015,DT,32,0.01,0,0.0,11,91.329,2.85403125,350381.58744757966,
4,1821,4537.157793,NB,1,0.05,0,0.0,20,104.081,104.081,9607.901538225036,
4,1822,4537.333073,SGD,32,0.1,3,0.09375,27,160.079,5.00246875,199901.2987337502,
4,1823,4537.567694,DT,100,0.05,5,0.05,27,98.646,0.98646,1013725.8479816718,
4,1824,4537.732198,SGD,64,0.1,6,0.09375,16,163.677,2.557453125,391014.00929880195,
4,1825,4537.968047,AB,100,0.05,2,0.02,1,8896.107,88.96107,11240.871990411086,
4,1826,4546.928155,RF,8,0.1,1,0.125,17,3247.558,405.94475,2463.389414446178,
4,1827,4550.234584,RF,100,0.0,0,0.0,19,3866.717,38.66717,25861.732317105183,
4,1828,4554.14595,SGD,8,1.0,8,1.0,26,174.272,21.784,45905.25156077855,
4,1829,4554.362776,LoR,16,0.0,0,0.0,5,155.412,9.71325,102952.15298689934,
4,1830,4554.562184,AB,32,1.0,32,1.0,1,8318.203,259.94384375,3846.984739372194,
4,1831,4562.927156,AB,32,0.0,0,0.0,15,8363.814,261.3691875,3826.005695487728,
4,1832,4571.371325,MLP,100,0.1,10,0.1,4,239.86,2.3986,416909.8640873843,
4,1833,4571.656951,RF,16,0.05,0,0.0,20,3555.472,222.217,4500.105752485183,
4,1834,4575.268087,DT,1,1.0,1,1.0,11,111.621,111.621,8958.887664507574,36.0
4,1835,4575.691217,LoR,32,0.5,18,0.5625,28,248.758,7.7736875,128639.07894419476,
4,1836,4575.986465,AB,16,0.01,0,0.0,3,8370.664,523.1665,1911.437372232358,
4,1837,4584.442734,SGD,100,0.1,12,0.12,10,179.597,1.79597,556802.1737556863,
4,1838,4584.662002,NB,1,0.0,0,0.0,0,109.705,109.705,9115.354815186181,
4,1839,4584.821346,RF,1,0.05,0,0.0,20,3126.306,3126.306,319.86632146693256,7.0
4,1840,4601.044301,SGD,32,0.5,17,0.53125,24,172.183,5.38071875,185848.77717312396,
4,1841,4601.286542,NB,64,0.05,7,0.109375,0,133.843,2.091296875,478172.18681589625,
4,1842,4601.457572,NB,1,1.0,1,1.0,12,101.957,101.957,9808.056337475604,
4,1843,4601.607797,SGD,16,1.0,16,1.0,3,158.481,9.9050625,100958.47451745004,
4,1844,4601.829344,NB,32,0.1,1,0.03125,26,117.545,3.67328125,272236.16487302736,
4,1845,4601.990644,GB,32,0.01,0,0.0,16,268.994,8.4060625,118961.76122887498,
4,1846,4602.329252,NB,64,0.01,1,0.015625,25,134.155,2.096171875,477060.11702880997,
4,1847,4602.523298,RF,8,0.1,1,0.125,5,3226.556,403.3195,2479.4238810669954,
4,1848,4605.794359,DT,1,0.01,0,0.0,17,94.86,94.86,10541.851149061775,7.0
4,1849,4606.098715,RF,100,0.0,0,0.0,18,3749.01,37.490100000000005,26673.708525717455,
4,1850,4609.890361,GB,1,0.0,0,0.0,0,242.246,242.246,4128.035137835093,4.0
4,1851,4622.937482,RF,32,0.5,15,0.46875,17,3644.136,113.87925,8781.230996867296,
4,1852,4626.629351,MLP,16,0.01,0,0.0,10,217.151,13.5719375,73681.44747203558,
4,1853,4626.900878,NB,64,0.01,0,0.0,26,139.552,2.1805,458610.41045631736,
4,1854,4627.109346,MLP,64,0.1,5,0.078125,5,215.779,3.371546875,296599.76179331634,
4,1855,4627.377256,AB,64,0.01,0,0.0,0,8561.532,133.7739375,7475.297645327963,
4,1856,4636.003993,RF,16,0.5,9,0.5625,12,3451.463,215.7164375,4635.715347375881,
4,1857,4639.499981,MLP,8,0.0,0,0.0,21,193.418,24.17725,41361.196993040976,
4,1858,4639.738021,GB,8,0.01,0,0.0,3,233.841,29.230125,34211.280314401665,
4,1859,4640.050241,MLP,100,0.1,7,0.07,17,232.744,2.32744,429656.6184305503,
4,1860,4640.344287,LoR,8,0.05,1,0.125,20,160.474,20.05925,49852.312524147215,
4,1861,4640.543211,AB,1,0.0,0,0.0,12,7916.486,7916.486,126.31867219875082,2.0
4,1862,4661.270524,SGD,64,0.01,1,0.015625,26,175.745,2.746015625,364163.98759566416,
4,1863,4661.495467,MLP,64,1.0,64,1.0,2,209.906,3.27978125,304898.3830857622,
4,1864,4661.776047,DT,64,0.05,3,0.046875,28,100.734,1.57396875,635336.6291420971,
4,1865,4661.950785,NB,100,0.1,7,0.07,6,145.786,1.45786,685936.9212407226,
4,1866,4662.16937,LoR,100,0.01,1,0.01,7,172.167,1.72167,580831.4020689215,
4,1867,4662.383007,AB,1,0.0,0,0.0,17,8003.644,8003.644,124.94308842322322,2.0
4,1868,4683.294601,NB,16,0.01,0,0.0,6,118.85,7.428125,134623.47496844764,
4,1869,4683.451581,SGD,1,0.0,0,0.0,17,157.324,157.324,6356.309272583966,
4,1870,4683.800374,LoR,100,0.1,16,0.16,14,166.522,1.66522,600521.2524471241,
4,1871,4684.007849,AB,16,1.0,16,1.0,3,8242.576,515.161,1941.1407307618397,
4,1872,4692.322633,GB,64,0.1,1,0.015625,4,253.757,3.964953125,252209.79125698996,
4,1873,4692.619347,GB,8,0.01,0,0.0,12,211.331,26.416375,37855.307550714286,
4,1874,4692.885201,GB,100,1.0,100,1.0,25,272.127,2.72127,367475.48019858374,
4,1875,4693.198508,LoR,16,0.0,0,0.0,7,159.243,9.9526875,100475.3741137758,
4,1876,4693.414435,SGD,100,0.01,0,0.0,7,162.796,1.6279599999999999,614265.7067741222,
4,1877,4693.647937,LoR,64,0.1,4,0.0625,19,156.081,2.438765625,410043.50305290206,
4,1878,4693.850762,RF,64,1.0,64,1.0,16,5013.776,78.34025,12764.830339448752,
4,1879,4698.956199,DT,100,0.5,44,0.44,20,139.076,1.39076,719031.321004343,
4,1880,4699.153127,DT,100,0.0,0,0.0,17,104.661,1.04661,955465.7417758286,
4,1881,4699.300091,NB,8,0.01,0,0.0,5,124.07,15.50875,64479.729185137425,
4,1882,4699.486651,LoR,32,0.1,4,0.125,17,181.44,5.67,176366.8430335097,
4,1883,4699.728472,MLP,8,0.5,4,0.5,15,201.891,25.236375,39625.34238772407,
4,1884,4700.002321,NB,64,0.1,7,0.109375,11,136.529,2.133265625,468764.8777915315,
4,1885,4700.187549,MLP,64,1.0,64,1.0,8,221.242,3.45690625,289275.9964202095,
4,1886,4700.459827,DT,64,1.0,64,1.0,10,123.844,1.9350625,516779.1737992959,
4,1887,4700.628106,DT,16,0.05,0,0.0,9,92.982,5.811375,172076.31584607775,
4,1888,4700.783829,AB,32,0.05,2,0.0625,15,8298.71,259.3346875,3856.0209960343236,
4,1889,4709.123973,AB,8,0.0,0,0.0,28,7980.929,997.616125,1002.3895714396156,
4,1890,4717.175618,LoR,64,0.5,32,0.5,12,163.833,2.559890625,390641.6900136114,
4,1891,4717.380254,NB,1,0.5,0,0.0,10,101.152,101.152,9886.111989876621,
4,1892,4717.534035,LoR,32,0.0,0,0.0,2,151.859,4.74559375,210721.78797437096,
4,1893,4717.725087,DT,8,0.0,0,0.0,1,85.643,10.705375,93411.02016510398,
4,1894,4717.868093,NB,8,0.1,1,0.125,23,106.485,13.310625,75127.95229375029,
4,1895,4718.011964,LoR,16,1.0,16,1.0,22,149.203,9.3251875,107236.44966924257,
4,1896,4718.203654,RF,32,0.0,0,0.0,8,3466.445,108.32640625,9231.35950519913,
4,1897,4721.728696,MLP,64,1.0,64,1.0,26,224.407,3.506359375,285196.0945959796,
4,1898,4722.016685,NB,16,0.05,1,0.0625,28,115.099,7.1936875,139010.76464608728,
4,1899,4722.168054,MLP,1,1.0,1,1.0,17,169.179,169.179,5910.899106863145,
4,1900,4722.499427,RF,8,0.1,0,0.0,15,3073.588,384.1985,2602.8211978963996,
4,1901,4725.646065,LoR,64,0.05,4,0.0625,12,176.158,2.75246875,363310.2101522497,
4,1902,4725.886082,SGD,32,0.5,19,0.59375,6,159.852,4.995375,200185.17128343717,
4,1903,4726.088793,MLP,32,0.0,0,0.0,11,188.135,5.87921875,170090.62641188508,
4,1904,4726.320779,RF,16,0.01,0,0.0,4,3116.128,194.758,5134.5772702533395,
4,1905,4729.482333,DT,8,0.1,0,0.0,11,94.021,11.752625,85087.37409727614,
4,1906,4729.618544,NB,8,0.01,0,0.0,14,113.904,14.238,70234.5835089198,
4,1907,4729.79266,RF,8,0.5,4,0.5,29,3249.39,406.17375,2462.0005601051275,
4,1908,4733.106079,NB,16,0.5,10,0.625,1,121.872,7.617,131285.2829197847,
4,1909,4733.282079,NB,100,0.0,0,0.0,21,140.802,1.4080199999999998,710217.1844149941,
4,1910,4733.464261,LoR,16,0.05,0,0.0,7,159.217,9.9510625,100491.7816564814,
4,1911,4733.663694,AB,16,0.0,0,0.0,3,8288.86,518.05375,1930.3016337590452,
4,1912,4742.012248,AB,100,0.01,0,0.0,28,8615.278,86.15278,11607.286497313262,
4,1913,4750.678401,RF,64,1.0,64,1.0,23,4607.061,71.985328125,13891.719688538964,
4,1914,4755.360196,LoR,64,0.5,30,0.46875,26,175.21,2.73765625,365275.95456880314,
4,1915,4755.595036,SGD,8,0.1,1,0.125,0,155.149,19.393625,51563.335890015405,
4,1916,4755.807657,MLP,100,0.0,0,0.0,17,230.307,2.30307,434203.04202651244,
4,1917,4756.101476,AB,8,0.5,2,0.25,7,8006.86,1000.8575,999.1432346762651,
4,1918,4764.152634,MLP,8,0.05,0,0.0,4,173.496,21.687,46110.57315442431,
4,1919,4764.375997,LoR,64,0.0,0,0.0,28,153.771,2.402671875,416203.31531953363,
4,1920,4764.598303,LoR,64,0.05,1,0.015625,15,151.871,2.372984375,421410.27582619456,
4,1921,4764.787317,AB,1,0.0,0,0.0,8,7769.22,7769.22,128.713049701257,2.0
4,1922,4785.241434,RF,8,1.0,8,1.0,12,3276.529,409.566125,2441.608177434108,
4,1923,4788.565978,MLP,32,1.0,32,1.0,29,203.245,6.35140625,157445.4476124874,
4,1924,4788.835455,DT,32,0.05,1,0.03125,19,95.389,2.98090625,335468.4502405938,
4,1925,4788.987709,NB,8,0.5,2,0.25,25,112.973,14.121625,70813.38018818657,
4,1926,4789.146181,NB,64,1.0,64,1.0,21,123.776,1.934,517063.08169596695,
4,1927,4789.336422,MLP,64,0.1,6,0.09375,0,239.722,3.74565625,266975.9137667798,
4,1928,4789.625183,LoR,64,1.0,64,1.0,11,157.024,2.4535,407581.0067250866,
4,1929,4789.820032,GB,1,0.0,0,0.0,15,241.136,241.136,4147.037356512507,4.0
4,1930,4803.128986,RF,16,0.0,0,0.0,25,3273.326,204.582875,4887.994657421839,
4,1931,4806.482975,SGD,64,0.05,4,0.0625,17,200.355,3.130546875,319433.00641361583,
4,1932,4806.74543,LoR,16,0.5,8,0.5,16,158.39,9.899375,101016.47831302483,
4,1933,4806.944264,SGD,1,0.1,0,0.0,3,201.087,201.087,4972.971897735806,
4,1934,4807.297595,LoR,1,0.0,0,0.0,20,139.742,139.742,7156.044710967355,
4,1935,4807.609003,NB,64,0.05,5,0.078125,18,135.098,2.11090625,473730.18105375353,
4,1936,4807.810724,LoR,64,0.1,6,0.09375,0,157.127,2.455109375,407313.82894092036,
4,1937,4808.009668,DT,32,0.0,0,0.0,0,93.786,2.9308125,341202.3116456614,
4,1938,4808.144545,RF,32,1.0,32,1.0,19,3997.738,124.9293125,8004.52655976955,
4,1939,4812.201142,AB,100,1.0,100,1.0,12,8713.906,87.13906000000001,11475.909884729075,
4,1940,4820.957453,SGD,8,0.0,0,0.0,15,160.038,20.00475,49988.12781964283,
4,1941,4821.188203,GB,64,0.1,9,0.140625,5,340.903,5.326609375,187736.6875621511,
4,1942,4821.574298,DT,32,0.0,0,0.0,4,95.025,2.96953125,336753.4859247566,
4,1943,4821.736288,GB,64,0.01,2,0.03125,10,254.834,3.98178125,251143.88189958953,
4,1944,4822.054339,SGD,32,0.1,7,0.21875,17,164.184,5.13075,194903.27924767334,
4,1945,4822.258789,DT,1,0.1,0,0.0,23,87.179,87.179,11470.652335998348,7.0
4,1946,4822.54058,NB,8,0.05,0,0.0,2,115.968,14.496,68984.54746136865,
4,1947,4822.732079,MLP,100,0.05,7,0.07,10,246.451,2.4645099999999998,405760.1713930964,
4,1948,4823.043021,LoR,1,1.0,1,1.0,7,175.73,175.73,5690.547999772379,
4,1949,4823.368549,LoR,16,0.01,0,0.0,11,146.491,9.1556875,109221.72693202994,
4,1950,4823.583248,RF,64,0.05,4,0.0625,15,3616.524,56.5081875,17696.550610475693,
4,1951,4827.241412,NB,1,1.0,1,1.0,9,111.516,111.516,8967.323074715736,
4,1952,4827.422403,NB,8,0.05,1,0.125,12,109.677,13.709625,72941.45536438815,
4,1953,4827.602663,GB,100,0.05,4,0.04,2,284.009,2.84009,352101.5179096437,
4,1954,4827.942248,LoR,100,0.0,0,0.0,26,175.664,1.75664,569268.6036979689,
4,1955,4828.178977,NB,16,0.05,1,0.0625,19,113.197,7.0748125,141346.50211578046,
4,1956,4828.349551,RF,16,0.5,8,0.5,0,3411.387,213.2116875,4690.1744070666855,
4,1957,4831.819832,GB,100,0.0,0,0.0,17,280.257,2.8025700000000002,356815.35162368824,
4,1958,4832.163317,SGD,16,0.1,3,0.1875,13,166.088,10.3805,96334.47329126728,
4,1959,4832.372528,AB,32,1.0,32,1.0,17,8222.78,256.961875,3891.6278922700108,
4,1960,4840.640407,GB,16,0.05,0,0.0,22,247.65,15.478125,64607.30870179689,
4,1961,4840.930542,RF,8,0.01,0,0.0,19,3123.348,390.4185,2561.3540341966377,
4,1962,4844.132602,AB,100,0.5,57,0.57,18,8575.969,85.75968999999999,11660.489910819408,
4,1963,4852.787597,RF,100,0.5,52,0.52,27,4529.362,45.293620000000004,22078.164651003826,
4,1964,4857.360888,NB,8,0.0,0,0.0,19,121.22,15.1525,65995.71027883187,
4,1965,4857.53018,MLP,64,1.0,64,1.0,16,228.594,3.57178125,279972.3527301679,
4,1966,4857.801106,AB,16,1.0,16,1.0,13,8028.62,501.78875,1992.8705057656234,
4,1967,4865.897085,SGD,32,0.05,2,0.0625,29,158.831,4.96346875,201472.00483532812,
4,1968,4866.096857,GB,1,0.5,0,0.0,20,211.021,211.021,4738.864852313277,4.0
4,1969,4878.987025,SGD,16,0.1,1,0.0625,28,194.917,12.1823125,82086.22131471345,
4,1970,4879.228482,SGD,32,0.01,0,0.0,12,154.926,4.8414375,206550.22397789915,
4,1971,4879.423894,GB,16,0.0,0,0.0,19,213.989,13.3743125,74770.19846814555,
4,1972,4879.679127,SGD,16,0.0,0,0.0,6,154.279,9.6424375,103708.21693166277,
4,1973,4879.873486,AB,1,0.05,0,0.0,4,7757.803,7757.803,128.90247406385546,2.0
4,1974,4900.599116,AB,1,0.05,0,0.0,19,8041.738,8041.738,124.35122855283272,2.0
4,1975,4922.093049,LoR,64,0.1,12,0.1875,24,184.963,2.890046875,346015.1489757411,
4,1976,4922.337842,SGD,8,0.5,4,0.5,21,155.197,19.399625,51547.388158276255,
4,1977,4922.566004,GB,100,0.1,16,0.16,16,306.442,3.06442,326326.0258058621,
4,1978,4922.912,MLP,1,0.0,0,0.0,23,234.871,234.871,4257.656330496315,
4,1979,4923.313767,SGD,64,0.0,0,0.0,10,159.773,2.496453125,400568.3062845412,
4,1980,4923.535826,LoR,16,0.1,1,0.0625,20,148.85,9.303125,107490.76251259657,
4,1981,4923.751916,AB,64,0.5,31,0.484375,17,8446.54,131.9771875,7577.067059411308,
4,1982,4932.261177,GB,8,0.05,1,0.125,15,222.173,27.771625,36007.975766632306,
4,1983,4932.544112,MLP,16,0.05,1,0.0625,4,188.493,11.7808125,84883.78878791255,
4,1984,4932.788933,NB,100,1.0,100,1.0,18,144.604,1.4460400000000002,691543.802384443,
4,1985,4932.986101,NB,100,1.0,100,1.0,28,135.155,1.35155,739891.2359883097,
4,1986,4933.159476,DT,1,0.5,0,0.0,14,92.174,92.174,10849.04636882418,7.0
4,1987,4933.448092,GB,64,1.0,64,1.0,0,253.785,3.965390625,252181.96504915578,
4,1988,4933.746294,MLP,16,0.01,0,0.0,19,185.191,11.5744375,86397.28712518427,
4,1989,4933.991853,AB,8,0.1,2,0.25,23,8140.835,1017.604375,982.7001775616384,
4,1990,4942.210684,AB,100,0.1,5,0.05,28,8538.935,85.38935,11711.06232803037,
4,1991,4950.789497,MLP,1,0.0,0,0.0,27,163.664,163.664,6110.079186626259,
4,1992,4951.141116,LoR,16,1.0,16,1.0,12,147.101,9.1938125,108768.8051066954,
4,1993,4951.363447,AB,100,0.05,3,0.03,14,8559.493,85.59493,11682.934958881326,
4,1994,4959.965087,LoR,8,1.0,8,1.0,29,148.188,18.5235,53985.47790644317,
4,1995,4960.174128,LoR,8,0.1,1,0.125,2,144.114,18.01425,55511.60886520393,
4,1996,4960.361888,GB,1,0.1,0,0.0,2,204.864,204.864,4881.287097781943,4.0
4,1997,4973.070084,GB,16,1.0,16,1.0,27,219.749,13.7343125,72810.34270918184,
4,1998,4973.33285,GB,8,0.05,0,0.0,19,209.549,26.193625,38177.22823778686,
4,1999,4973.603403,DT,16,0.5,5,0.3125,15,92.196,5.76225,173543.32075144257,
4,2000,4973.738636,LoR,32,0.05,0,0.0,2,158.743,4.96071875,201583.69187932697,
4,2001,4973.955053,MLP,16,0.5,7,0.4375,10,177.889,11.1180625,89943.72895457278,
4,2002,4974.199734,MLP,64,0.1,6,0.09375,27,228.891,3.576421875,279609.07156681566,
4,2003,4974.501407,RF,100,0.1,9,0.09,7,3936.119,39.36119,25405.73595462942,
4,2004,4978.517511,SGD,100,0.05,3,0.03,0,181.646,1.81646,550521.3437124958,
4,2005,4978.737953,GB,1,0.0,0,0.0,25,234.119,234.119,4271.332100342133,4.0
4,2006,4991.697794,GB,100,0.01,0,0.0,10,267.074,2.6707400000000003,374428.06113661383,
4,2007,4992.028989,SGD,32,0.1,4,0.125,21,165.958,5.1861875,192819.87008761254,
4,2008,4992.257182,NB,32,0.5,15,0.46875,27,121.525,3.79765625,263320.304464102,
4,2009,4992.435129,NB,16,0.1,3,0.1875,25,108.4,6.775,147601.47601476015,
4,2010,4992.57991,MLP,16,0.0,0,0.0,22,181.336,11.3335,88233.99655887413,
4,2011,4992.802077,MLP,1,0.01,0,0.0,18,161.948,161.948,6174.821547657272,
4,2012,4993.133304,NB,8,0.05,1,0.125,17,109.853,13.731625,72824.59286501052,
4,2013,4993.299754,NB,16,0.1,1,0.0625,23,106.722,6.670125,149922.22784430577,
4,2014,4993.463399,LoR,32,0.5,14,0.4375,8,155.09,4.8465625,206331.8073376749,
4,2015,4993.657153,MLP,16,0.0,0,0.0,1,175.334,10.958375,91254.40587678374,
4,2016,4993.891125,SGD,16,0.05,2,0.125,16,149.285,9.3303125,107177.5463040493,
4,2017,4994.078706,NB,1,1.0,1,1.0,28,98.695,98.695,10132.225543340595,
4,2018,4994.250486,DT,64,0.05,2,0.03125,0,95.735,1.495859375,668512.0384394422,
4,2019,4994.38919,RF,32,0.01,0,0.0,22,3334.618,104.2068125,9596.301585369,
4,2020,4997.797004,NB,64,0.1,11,0.171875,6,138.739,2.167796875,461297.8326209645,
4,2021,4997.989351,GB,100,1.0,100,1.0,29,286.155,2.86155,349460.9564746379,
4,2022,4998.31717,DT,16,0.0,0,0.0,18,91.953,5.7470625,174001.93577153544,
4,2023,4998.449404,RF,16,1.0,16,1.0,1,3579.717,223.7323125,4469.627068285006,
4,2024,5002.083826,GB,64,0.01,0,0.0,12,256.886,4.01384375,249137.74981898582,
4,2025,5002.381012,RF,1,0.0,0,0.0,5,2988.719,2988.719,334.59150893744106,7.1
4,2026,5018.172745,LoR,100,0.01,0,0.0,27,174.892,1.74892,571781.44226151,
4,2027,5018.392673,GB,16,0.0,0,0.0,26,218.491,13.6556875,73229.56094301367,
4,2028,5018.679371,RF,64,0.1,2,0.03125,24,3550.519,55.476859375,18025.533731829066,
4,2029,5022.309264,GB,100,0.1,10,0.1,11,283.051,2.83051,353293.2227761075,
4,2030,5022.633224,SGD,8,1.0,8,1.0,14,163.991,20.498875,48783.164929782724,
4,2031,5022.838618,AB,1,0.5,0,0.0,24,7777.502,7777.502,128.57598750858565,2.0
4,2032,5043.33656,NB,32,1.0,32,1.0,17,122.867,3.83959375,260444.2201730326,
4,2033,5043.507431,RF,64,0.0,0,0.0,27,3330.378,52.03715625,19217.037825736297,
4,2034,5046.881852,LoR,1,0.5,0,0.0,22,168.074,168.074,5949.760224662946,
4,2035,5047.223834,DT,100,1.0,100,1.0,26,123.174,1.23174,811859.6457044506,
4,2036,5047.416269,MLP,64,0.05,3,0.046875,19,222.365,3.474453125,287815.0788118634,
4,2037,5047.701318,RF,32,0.5,14,0.4375,24,3591.486,112.2339375,8909.960946527426,
4,2038,5051.360746,NB,32,0.5,7,0.21875,12,129.472,4.046,247157.68660405336,
4,2039,5051.56357,RF,100,0.1,10,0.1,18,3815.859,38.15859,26206.419052695604,
4,2040,5055.426286,SGD,16,0.05,0,0.0,11,171.47,10.716875,93310.78322738671,
4,2041,5055.637463,MLP,1,0.0,0,0.0,5,173.212,173.212,5773.27205967254,
4,2042,5055.969471,SGD,32,0.0,0,0.0,28,152.868,4.777125,209330.92602768404,
4,2043,5056.170538,DT,64,0.0,0,0.0,26,94.273,1.473015625,678879.4246496876,
4,2044,5056.325997,GB,32,0.05,2,0.0625,27,242.049,7.56403125,132204.63625133754,
4,2045,5056.616615,NB,64,0.0,0,0.0,6,132.814,2.07521875,481876.91056665714,
4,2046,5056.798227,SGD,64,0.05,0,0.0,23,163.784,2.559125,390758.56005470623,
4,2047,5057.004324,AB,8,1.0,8,1.0,18,8040.314,1005.03925,994.9860167152675,
4,2048,5065.109541,LoR,16,0.05,1,0.0625,4,153.903,9.6189375,103961.58619390136,
4,2049,5065.304023,LoR,16,1.0,16,1.0,15,147.089,9.1930625,108777.67882030607,
4,2050,5065.52502,AB,100,0.05,5,0.05,19,8562.066,85.62066,11679.424101612858,
4,2051,5074.150773,AB,16,0.5,6,0.375,27,7970.191,498.1369375,2007.4801218690995,
4,2052,5082.177927,SGD,100,0.0,0,0.0,28,165.006,1.65006,606038.5682944863,
4,2053,5082.384278,MLP,1,0.05,0,0.0,15,160.583,160.583,6227.309241949646,
4,2054,5082.689747,GB,1,1.0,1,1.0,3,207.322,207.322,4823.414784730998,4.0
4,2055,5096.423784,DT,16,0.5,7,0.4375,13,102.467,6.4041875,156147.83296085568,
4,2056,5096.570274,MLP,32,0.0,0,0.0,28,224.447,7.01396875,142572.63407396845,
4,2057,5096.854781,MLP,8,0.5,4,0.5,5,174.431,21.803875,45863.407307187364,
4,2058,5097.078328,GB,64,0.0,0,0.0,16,265.039,4.141234375,241473.8962945076,
4,2059,5097.392372,NB,64,0.0,0,0.0,26,137.362,2.14628125,465922.16187883116,
4,2060,5097.569479,SGD,1,0.05,0,0.0,23,158.611,158.611,6304.732963035351,
4,2061,5097.897195,AB,100,1.0,100,1.0,10,8634.669,86.34669,11581.2198475703,
4,2062,5106.574976,DT,1,0.01,0,0.0,20,79.559,79.559,12569.288201209167,16.0
4,2063,5106.858085,NB,16,0.05,1,0.0625,16,116.924,7.30775,136841.0249392768,
4,2064,5107.050578,LoR,100,0.0,0,0.0,18,196.253,1.9625299999999999,509546.35088380816,
4,2065,5107.309547,LoR,32,0.5,19,0.59375,14,151.248,4.7265,211573.04559399135,
4,2066,5107.52193,RF,32,0.01,1,0.03125,7,3432.79,107.2746875,9321.86355704835,
4,2067,5110.998893,MLP,1,0.05,0,0.0,13,231.102,231.102,4327.093664269457,
4,2068,5111.383987,AB,1,0.05,1,1.0,27,8335.743,8335.743,119.96531083072018,2.0
4,2069,5132.565128,DT,1,0.05,0,0.0,24,87.859,87.859,11381.87322869598,7.0
4,2070,5132.835454,GB,16,1.0,16,1.0,16,261.856,16.366,61102.285225467436,
4,2071,5133.163462,NB,32,0.05,1,0.03125,29,129.534,4.0479375,247039.38734231942,
4,2072,5133.332286,DT,16,0.0,0,0.0,21,89.824,5.614,178126.11328820806,
4,2073,5133.488021,SGD,64,0.5,33,0.515625,20,175.642,2.74440625,364377.5406793364,
4,2074,5133.711776,MLP,64,1.0,64,1.0,29,218.755,3.418046875,292564.74137733993,
4,2075,5133.979569,AB,64,0.0,0,0.0,11,8452.399,132.068734375,7571.814818491177,
4,2076,5142.474554,DT,1,0.01,0,0.0,25,83.311,83.311,12003.216862119047,7.0
4,2077,5142.747856,MLP,64,0.0,0,0.0,13,211.903,3.310984375,302024.9831290732,
4,2078,5143.002831,RF,16,1.0,16,1.0,5,3606.355,225.3971875,4436.612590829244,
4,2079,5146.682148,NB,64,0.1,9,0.140625,13,138.808,2.168875,461068.5263097228,
4,2080,5146.893399,SGD,100,0.5,55,0.55,4,228.475,2.28475,437684.648210964,
4,2081,5147.162504,AB,1,0.01,0,0.0,3,8367.312,8367.312,119.51269416032294,2.0
4,2082,5168.385478,LoR,100,0.01,0,0.0,9,195.037,1.9503700000000002,512723.22687490063,
4,2083,5168.638138,LoR,100,1.0,100,1.0,12,164.378,1.6437799999999998,608353.9159741572,
4,2084,5168.844928,MLP,8,0.1,0,0.0,13,188.428,23.5535,42456.53512216868,
4,2085,5169.095314,NB,16,0.5,10,0.625,23,119.512,7.4695,133877.76959635853,
4,2086,5169.253099,LoR,1,0.01,0,0.0,24,146.714,146.714,6815.982114862931,
4,2087,5169.555538,GB,1,0.5,1,1.0,24,244.468,244.468,4090.5149140173767,4.0
4,2088,5182.339962,DT,32,0.05,2,0.0625,9,94.187,2.94334375,339749.64697888243,
4,2089,5182.473199,MLP,1,0.05,0,0.0,5,169.438,169.438,5901.863808590753,
4,2090,5182.79239,RF,1,0.1,0,0.0,6,3632.387,3632.387,275.3010623592695,6.69
4,2091,5199.608785,LoR,100,0.05,4,0.04,7,225.921,2.25921,442632.6016616428,
4,2092,5199.898039,LoR,16,0.1,2,0.125,27,157.481,9.8425625,101599.55804192252,
4,2093,5200.105257,SGD,64,1.0,64,1.0,15,182.093,2.845203125,351468.7549768525,
4,2094,5200.369491,AB,8,0.01,0,0.0,4,8455.997,1056.999625,946.0741294018908,
4,2095,5208.882491,SGD,32,0.01,0,0.0,25,167.57,5.2365625,190964.9698633407,
4,2096,5209.090039,AB,1,1.0,1,1.0,17,7969.92,7969.92,125.47177386975027,2.0
4,2097,5230.072784,MLP,100,1.0,100,1.0,18,260.055,2.60055,384534.0408759685,
4,2098,5230.37694,RF,1,0.05,0,0.0,1,3115.029,3115.029,321.0242986501891,7.03
4,2099,5246.504237,MLP,8,0.1,1,0.125,4,193.629,24.203625,41316.12516720119,
4,2100,5246.738495,LoR,1,1.0,1,1.0,8,153.354,153.354,6520.860231881789,
4,2101,5247.0908,DT,32,1.0,32,1.0,2,105.024,3.282,304692.26081657526,
4,2102,5247.259655,MLP,32,0.1,4,0.125,17,193.126,6.0351875,165694.9349129584,
4,2103,5247.516332,MLP,32,0.5,16,0.5,23,188.294,5.8841875,169946.99778006732,
4,2104,5247.742778,NB,1,0.0,0,0.0,21,109.374,109.374,9142.940735458153,
4,2105,5247.92027,SGD,16,0.1,2,0.125,29,157.163,9.8226875,101805.1322512296,
4,2106,5248.116657,GB,1,0.05,0,0.0,25,246.762,246.762,4052.487822274094,4.0
4,2107,5261.52522,DT,1,0.05,0,0.0,19,96.879,96.879,10322.154440074732,7.0
4,2108,5261.813242,MLP,32,0.0,0,0.0,21,226.118,7.0661875,141519.02988705013,
4,2109,5262.121457,AB,100,0.05,4,0.04,29,8824.321,88.24321,11332.31667343017,
4,2110,5270.988825,DT,8,0.0,0,0.0,22,121.664,15.208,65754.86586007364,
4,2111,5271.151649,LoR,1,0.05,0,0.0,6,154.682,154.682,6464.876326915866,
4,2112,5271.482895,RF,16,0.1,2,0.125,22,3627.627,226.7266875,4410.596789581729,
4,2113,5275.165681,AB,32,1.0,32,1.0,4,8409.41,262.7940625,3805.2610111767654,
4,2114,5283.623655,GB,16,0.01,0,0.0,1,254.863,15.9289375,62778.826271369326,
4,2115,5283.945417,NB,32,0.5,20,0.625,11,130.62,4.081875,244985.4539886694,
4,2116,5284.124775,SGD,64,0.0,0,0.0,4,178.734,2.79271875,358074.0094218224,
4,2117,5284.347815,GB,8,1.0,8,1.0,23,225.553,28.194125,35468.38215408352,
4,2118,5284.614707,DT,8,1.0,8,1.0,4,95.238,11.90475,84000.084000084,
4,2119,5284.753108,LoR,16,0.01,0,0.0,24,160.562,10.035125,99649.97944719173,
4,2120,5284.981977,GB,64,0.05,2,0.03125,6,250.712,3.917375,255272.98254570982,
4,2121,5285.309692,DT,100,0.05,4,0.04,21,106.99,1.0698999999999999,934666.7912889055,
4,2122,5285.483668,MLP,64,0.01,1,0.015625,26,227.536,3.55525,281274.1719991562,
4,2123,5285.750779,MLP,1,1.0,1,1.0,29,168.611,168.611,5930.811157041949,
4,2124,5286.090407,GB,100,1.0,100,1.0,22,280.279,2.80279,356787.34403933224,
4,2125,5286.414959,NB,8,0.05,0,0.0,3,118.125,14.765625,67724.86772486773,
4,2126,5286.573695,RF,1,0.5,0,0.0,13,3099.931,3099.931,322.5878253419189,6.93
4,2127,5302.81416,LoR,1,0.1,0,0.0,5,159.71,159.71,6261.348694508797,
4,2128,5303.204045,DT,100,0.05,3,0.03,12,102.834,1.02834,972441.0214520489,
4,2129,5303.361916,SGD,100,1.0,100,1.0,20,170.608,1.70608,586138.9852761887,
4,2130,5303.602367,RF,64,0.01,1,0.015625,3,3510.167,54.846359375,18232.750749465766,
4,2131,5307.181913,AB,32,0.1,3,0.09375,27,8382.2,261.94375,3817.6135143518404,
4,2132,5315.637253,SGD,64,0.05,2,0.03125,29,166.035,2.594296875,385460.89679886773,
4,2133,5315.845428,NB,16,0.0,0,0.0,24,114.385,7.1490625,139878.48057000482,
4,2134,5316.017652,RF,8,0.1,3,0.375,22,3139.55,392.44375,2548.135879345766,
4,2135,5319.204471,SGD,32,0.0,0,0.0,18,172.264,5.38325,185761.3894951934,
4,2136,5319.439489,DT,16,0.1,2,0.125,23,93.004,5.81275,172035.6113715539,
4,2137,5319.605971,GB,100,0.1,9,0.09,20,290.535,2.9053500000000003,344192.6101846593,
4,2138,5319.973685,MLP,100,0.1,10,0.1,21,249.161,2.49161,401346.92026440735,
4,2139,5320.264974,SGD,1,0.5,1,1.0,6,155.1,155.1,6447.453255963895,
4,2140,5320.576273,GB,8,0.01,0,0.0,0,218.806,27.35075,36562.068681846016,
4,2141,5320.836829,SGD,1,0.5,0,0.0,12,154.737,154.737,6462.57843954581,
4,2142,5321.155091,RF,100,1.0,100,1.0,9,5392.553,53.92553,18544.092195292287,
4,2143,5326.631248,NB,100,0.1,5,0.05,18,157.7,1.577,634115.4090044389,
4,2144,5326.862999,RF,100,0.01,3,0.03,4,3929.815,39.29815,25446.490483648722,
4,2145,5330.841374,SGD,16,0.01,0,0.0,4,198.546,12.409125,80585.85919635752,
4,2146,5331.101604,SGD,32,0.05,0,0.0,11,160.813,5.02540625,198988.88771430173,
4,2147,5331.33165,MLP,32,0.1,4,0.125,16,202.117,6.31615625,158324.13898880352,
4,2148,5331.598621,DT,32,0.05,2,0.0625,13,95.954,2.9985625,333493.1321258103,
4,2149,5331.736462,NB,16,0.1,0,0.0,2,115.413,7.2133125,138632.56305615485,
4,2150,5331.909336,MLP,16,0.5,6,0.375,14,186.634,11.664625,85729.28833974518,
4,2151,5332.151396,AB,100,1.0,100,1.0,2,8813.284,88.13284,11346.508293616773,
4,2152,5341.047547,GB,100,0.1,9,0.09,14,290.265,2.90265,344512.772811052,
4,2153,5341.394831,MLP,100,1.0,100,1.0,10,238.514,2.3851400000000003,419262.60093747114,
4,2154,5341.699516,SGD,32,0.5,18,0.5625,9,161.793,5.05603125,197783.58767066558,
4,2155,5341.936059,RF,100,0.1,9,0.09,27,4081.802,40.818020000000004,24498.98353717304,
4,2156,5346.065637,RF,16,0.01,0,0.0,10,3185.566,199.097875,5022.655314628547,
4,2157,5349.295097,RF,8,0.0,0,0.0,14,3069.528,383.691,2606.2638946443885,
4,2158,5352.411074,DT,8,0.05,0,0.0,19,95.63,11.95375,83655.7565617484,
4,2159,5352.546,NB,1,1.0,1,1.0,3,110.959,110.959,9012.337890572193,
4,2160,5352.707224,MLP,1,0.05,0,0.0,7,176.893,176.893,5653.134945984296,
4,2161,5353.071715,NB,64,0.5,31,0.484375,29,132.103,2.064109375,484470.45108740905,
4,2162,5353.265822,SGD,32,0.1,3,0.09375,1,163.722,5.1163125,195453.26834512159,
4,2163,5353.491472,RF,32,0.05,2,0.0625,27,3280.433,102.51353125,9754.809807119975,
4,2164,5356.817136,RF,1,0.05,0,0.0,24,2979.994,2979.994,335.5711454452593,6.69
4,2165,5372.919242,LoR,100,0.0,0,0.0,20,180.8,1.808,553097.3451327434,
4,2166,5373.163082,GB,16,0.5,9,0.5625,16,248.439,15.5274375,64402.12688024022,
4,2167,5373.488828,LoR,100,0.5,51,0.51,27,173.843,1.73843,575231.6745569279,
4,2168,5373.704268,LoR,1,0.05,0,0.0,20,150.206,150.206,6657.523667496638,
4,2169,5374.007371,MLP,16,0.05,0,0.0,28,181.485,11.3428125,88161.5560514643,
4,2170,5374.230915,DT,1,0.5,0,0.0,1,88.739,88.739,11269.002355221492,43.0
4,2171,5374.543587,GB,100,0.5,55,0.55,14,307.385,3.0738499999999997,325324.9182621143,
4,2172,5374.912198,RF,8,0.5,4,0.5,25,3374.028,421.7535,2371.0532337016766,
4,2173,5378.354792,DT,8,0.0,0,0.0,28,172.587,21.573375,46353.43334086577,
4,2174,5378.619208,GB,32,0.1,7,0.21875,12,316.023,9.87571875,101258.45270755609,
4,2175,5379.021785,LoR,100,0.01,1,0.01,29,191.781,1.91781,521428.08724534756,
4,2176,5379.275625,RF,16,0.5,7,0.4375,15,3723.052,232.69075,4297.549429876349,
4,2177,5383.132711,NB,100,0.1,10,0.1,7,189.86,1.8986,526703.8870746866,
4,2178,5383.363097,AB,8,0.0,0,0.0,5,8738.296,1092.287,915.5103008641502,
4,2179,5392.174468,LoR,16,0.1,0,0.0,25,188.324,11.77025,84959.96261761645,
4,2180,5392.427353,NB,100,1.0,100,1.0,8,155.443,1.5544300000000002,643322.6327335421,
4,2181,5392.622998,DT,8,0.0,0,0.0,2,94.903,11.862875,84296.59757858023,
4,2182,5392.788322,GB,64,0.05,6,0.09375,5,309.878,4.84184375,206532.89359038073,
4,2183,5393.158153,GB,100,1.0,100,1.0,0,300.638,3.0063799999999996,332625.94881551905,
4,2184,5393.507318,RF,32,0.01,0,0.0,21,3596.241,112.38253125,8898.18007191398,
4,2185,5397.176408,GB,32,0.05,0,0.0,22,312.663,9.77071875,102346.61600509174,
4,2186,5397.536688,AB,1,0.05,0,0.0,12,8073.392,8073.392,123.86367464877216,2.0
4,2187,5419.351844,NB,16,0.05,1,0.0625,13,146.833,9.1770625,108967.33023230472,
4,2188,5419.542558,DT,1,0.05,0,0.0,3,102.795,102.795,9728.099615740064,7.0
4,2189,5419.887183,SGD,64,0.05,4,0.0625,27,218.226,3.40978125,293273.945359398,
4,2190,5420.149925,LoR,1,0.05,0,0.0,8,169.021,169.021,5916.4245862940115,
4,2191,5420.497996,DT,8,1.0,8,1.0,14,105.173,13.146625,76065.14980080439,
4,2192,5420.67785,RF,64,0.1,11,0.171875,2,4115.137,64.299015625,15552.337625697517,
4,2193,5424.906316,AB,100,0.0,0,0.0,0,8985.454,89.85454,11129.098206946472,
4,2194,5433.944088,RF,32,1.0,32,1.0,27,4006.65,125.2078125,7986.7220745510585,
4,2195,5438.029463,DT,64,0.1,7,0.109375,11,107.456,1.679,595592.6146515782,
4,2196,5438.205555,AB,64,0.01,2,0.03125,4,8621.3,134.7078125,7423.474418011206,
4,2197,5446.884806,RF,100,0.0,0,0.0,11,3863.694,38.63694,25881.966843129918,
4,2198,5450.817164,MLP,16,0.1,1,0.0625,1,264.235,16.5146875,60552.16000908282,
4,2199,5451.143291,SGD,8,0.5,4,0.5,13,165.169,20.646125,48435.239058176776,
4,2200,5451.383956,AB,100,0.01,1,0.01,1,8827.415,88.27415,11328.344707935448,
4,2201,5460.255169,RF,1,0.05,0,0.0,7,3069.132,3069.132,325.82502153703393,7.03
4,2202,5476.97144,GB,1,0.01,0,0.0,21,265.327,265.327,3768.9341831023603,4.0
4,2203,5490.447283,NB,1,0.5,0,0.0,17,120.985,120.985,8265.487457122785,
4,2204,5490.639237,AB,8,0.01,0,0.0,16,8539.389,1067.423625,936.8351763808863,
4,2205,5499.230036,GB,1,0.01,0,0.0,24,245.925,245.925,4066.2803700315135,4.0
4,2206,5512.827501,LoR,100,0.01,1,0.01,5,207.821,2.07821,481183.32603538624,
4,2207,5513.107559,RF,32,0.01,1,0.03125,9,3611.425,112.85703125,8860.76825629772,
4,2208,5516.767877,LoR,16,0.01,0,0.0,27,173.778,10.861125,92071.49351471418,
4,2209,5517.003583,SGD,8,0.1,1,0.125,2,159.797,19.974625,50063.51808857488,
4,2210,5517.226539,SGD,32,0.01,1,0.03125,19,155.175,4.84921875,206218.78524246818,
4,2211,5517.427279,AB,32,0.01,0,0.0,29,8426.393,263.32478125,3797.5916860274615,
4,2212,5525.935247,SGD,100,0.05,5,0.05,19,172.917,1.72917,578312.1381934686,
4,2213,5526.173196,DT,32,0.5,15,0.46875,1,97.025,3.03203125,329811.9041484153,
4,2214,5526.30804,SGD,1,0.0,0,0.0,12,150.961,150.961,6624.227449473705,
4,2215,5526.651823,SGD,100,0.5,49,0.49,21,164.765,1.6476499999999998,606925.0144144691,
4,2216,5526.880487,GB,32,0.5,14,0.4375,6,311.789,9.74340625,102633.51176596993,
4,2217,5527.234856,AB,1,0.1,0,0.0,2,7972.324,7972.324,125.43393871097061,2.0
4,2218,5548.262126,AB,64,0.05,1,0.015625,5,8490.624,132.666,7537.726320232765,
4,2219,5556.825232,AB,64,0.05,3,0.046875,11,8370.441,130.788140625,7645.953182156113,
4,2220,5565.247414,SGD,64,1.0,64,1.0,9,163.75,2.55859375,390839.69465648854,
4,2221,5565.453735,RF,16,0.0,0,0.0,8,3270.916,204.43225,4891.596115583525,
4,2222,5568.769712,AB,16,0.0,0,0.0,29,8646.163,540.3851875,1850.53184863621,
4,2223,5577.499971,GB,16,0.5,7,0.4375,10,346.154,21.634625,46222.20167902148,
4,2224,5577.890215,RF,16,0.0,0,0.0,29,3264.414,204.025875,4901.339107110801,
4,2225,5581.245896,DT,100,0.5,52,0.52,12,128.22,1.2822,779909.5304944627,
4,2226,5581.416852,GB,1,0.05,0,0.0,5,257.578,257.578,3882.3191421627625,4.0
4,2227,5594.49819,LoR,100,0.5,57,0.57,19,196.835,1.96835,508039.72870678484,
4,2228,5594.772046,DT,100,0.1,11,0.11,18,103.662,1.03662,964673.6509038991,
4,2229,5594.929445,DT,100,0.0,0,0.0,13,121.637,1.21637,822118.2699343128,
4,2230,5595.1131,LoR,64,0.01,0,0.0,28,169.322,2.64565625,377978.05364925996,
4,2231,5595.323211,NB,1,0.5,1,1.0,1,109.767,109.767,9110.206163965491,
4,2232,5595.479208,NB,1,1.0,1,1.0,22,98.294,98.294,10173.56094980365,
4,2233,5595.657725,MLP,100,0.05,8,0.08,15,246.83,2.4683,405137.1389215249,
4,2234,5595.947195,SGD,16,0.0,0,0.0,9,157.692,9.85575,101463.61261192705,
4,2235,5596.178628,DT,100,0.5,43,0.43,24,130.749,1.30749,764824.2051564448,
4,2236,5596.361394,MLP,8,0.0,0,0.0,9,179.767,22.470875,44502.0498756724,
4,2237,5596.606106,AB,16,0.1,1,0.0625,11,8288.313,518.0195625,1930.4290269925857,
4,2238,5604.97289,AB,100,0.1,8,0.08,29,8797.997,87.97997,11366.223471092342,
4,2239,5613.835536,DT,16,0.5,4,0.25,8,86.951,5.4344375,184011.68474198112,
4,2240,5613.984512,RF,32,0.1,3,0.09375,24,3458.263,108.07071875,9253.200233758971,
4,2241,5617.495181,RF,64,0.0,0,0.0,5,3542.463,55.350984375,18066.5260300531,
4,2242,5621.107591,AB,32,0.01,1,0.03125,22,8339.335,260.60421875,3837.2364223286395,
4,2243,5629.493766,LoR,32,0.0,0,0.0,12,162.855,5.08921875,196493.81351509012,
4,2244,5629.698103,LoR,8,1.0,8,1.0,0,148.44,18.555,53893.82915656157,
4,2245,5629.886796,SGD,8,1.0,8,1.0,13,148.943,18.617875,53711.82264356162,
4,2246,5630.074122,AB,1,0.0,0,0.0,29,7894.38,7894.38,126.67239225879676,2.0
4,2247,5650.940507,RF,32,1.0,32,1.0,13,3925.435,122.66984375,8151.962776099974,
4,2248,5654.925155,RF,100,0.0,0,0.0,5,3667.364,36.67364,27267.541482110857,
4,2249,5658.63773,DT,16,1.0,16,1.0,9,101.69,6.355625,157340.9381453437,
4,2250,5658.810282,RF,64,0.05,2,0.03125,10,3516.906,54.95165625,18197.81364642672,
4,2251,5662.385455,LoR,100,0.0,0,0.0,1,189.748,1.8974799999999998,527014.7774943609,
4,2252,5662.640874,NB,32,0.5,19,0.59375,8,128.349,4.01090625,249320.21285713176,
4,2253,5662.811286,DT,32,0.0,0,0.0,11,95.762,2.9925625,334161.77606983983,
4,2254,5662.944583,NB,1,1.0,1,1.0,11,107.165,107.165,9331.404842999113,
4,2255,5663.099994,MLP,1,0.5,1,1.0,27,185.855,185.855,5380.53859191305,
4,2256,5663.452556,AB,64,0.0,0,0.0,4,8526.344,133.224125,7506.148004349813,
4,2257,5672.022711,SGD,16,1.0,16,1.0,18,156.259,9.7661875,102394.10209971906,
4,2258,5672.249949,AB,64,0.5,28,0.4375,21,8510.712,132.979875,7519.934877363962,
4,2259,5680.806983,LoR,16,0.1,0,0.0,13,153.566,9.597875,104189.7294974148,
4,2260,5681.002117,AB,1,0.5,0,0.0,23,8011.122,8011.122,124.82646001396557,2.0
4,2261,5702.952506,DT,16,1.0,16,1.0,27,124.604,7.78775,128406.79271933486,
4,2262,5703.145582,LoR,16,0.5,8,0.5,24,201.985,12.6240625,79213.80300517364,
4,2263,5703.419816,MLP,64,0.01,1,0.015625,10,235.649,3.682015625,271590.373818688,
4,2264,5703.725181,NB,64,0.1,3,0.046875,16,138.988,2.1716875,460471.4076035341,
4,2265,5703.922027,RF,16,0.5,8,0.5,3,3578.302,223.643875,4471.394532937689,
4,2266,5707.545119,MLP,16,0.0,0,0.0,25,199.273,12.4545625,80291.86091442393,
4,2267,5707.828513,AB,100,0.5,45,0.45,4,8732.649,87.32648999999999,11451.27898762449,
4,2268,5716.633078,DT,64,0.01,1,0.015625,11,89.858,1.40403125,712234.8594449019,
4,2269,5716.780891,SGD,16,0.1,2,0.125,12,159.392,9.962,100381.4495081309,
4,2270,5716.979709,MLP,16,1.0,16,1.0,19,176.289,11.0180625,90760.05876713806,
4,2271,5717.230188,RF,100,0.5,54,0.54,10,4710.87,47.1087,21227.50150184573,
4,2272,5721.986046,GB,16,0.0,0,0.0,17,273.325,17.0828125,58538.3700722583,
4,2273,5722.322793,RF,8,0.1,1,0.125,18,3106.899,388.362375,2574.9147300893915,
4,2274,5725.510001,NB,100,0.1,11,0.11,9,154.005,1.54005,649329.5672218435,
4,2275,5725.702286,LoR,1,1.0,1,1.0,22,159.247,159.247,6279.553146998059,
4,2276,5726.045423,RF,32,0.5,18,0.5625,15,3783.786,118.2433125,8457.13790367637,
4,2277,5729.873436,MLP,1,0.01,0,0.0,23,181.267,181.267,5516.723948650334,
4,2278,5730.20661,AB,1,0.05,0,0.0,3,7878.693,7878.693,126.92460538822873,2.0
4,2279,5750.919457,AB,8,0.0,0,0.0,23,8076.93,1009.61625,990.4753414973263,
4,2280,5759.095258,RF,16,0.01,1,0.0625,22,3242.135,202.6334375,4935.019670679968,
4,2281,5762.411319,NB,64,0.05,5,0.078125,28,138.855,2.169609375,460912.4626408844,
4,2282,5762.610597,LoR,32,0.1,7,0.21875,20,164.579,5.14309375,194435.4990612411,
4,2283,5762.828155,SGD,100,1.0,100,1.0,26,166.348,1.66348,601149.3976483035,
4,2284,5763.046828,NB,64,1.0,64,1.0,23,126.869,1.982328125,504457.35364825133,
4,2285,5763.239693,SGD,64,0.5,38,0.59375,5,161.107,2.517296875,397251.5160731688,
4,2286,5763.458204,LoR,16,0.5,9,0.5625,9,148.221,9.2638125,107946.91710351434,
4,2287,5763.674987,RF,64,0.1,7,0.109375,12,3644.562,56.94628125,17560.409179484395,
4,2288,5767.397328,MLP,100,0.5,54,0.54,0,245.786,2.45786,406857.99842139095,
4,2289,5767.699812,RF,100,0.0,0,0.0,21,3910.707,39.10707,25570.823894502963,
4,2290,5771.675477,DT,16,0.1,5,0.3125,14,99.001,6.1875625,161614.52914617024,
4,2291,5771.846479,RF,100,0.5,60,0.6,8,4717.538,47.17538,21197.49750823417,
4,2292,5776.637227,DT,64,0.1,5,0.078125,25,103.643,1.619421875,617504.3177059714,
4,2293,5776.780321,MLP,1,0.1,0,0.0,17,180.635,180.635,5536.025687159189,
4,2294,5777.139638,MLP,32,0.05,3,0.09375,1,190.053,5.93915625,168374.0851236234,
4,2295,5777.370509,GB,1,0.1,0,0.0,27,243.345,243.345,4109.392015451314,4.0
4,2296,5790.192997,LoR,1,0.0,0,0.0,18,159.204,159.204,6281.249214843848,
4,2297,5790.506896,RF,16,0.01,0,0.0,5,3184.9,199.05625,5023.705610851204,
4,2298,5793.736995,AB,16,1.0,16,1.0,22,8718.592,544.912,1835.1587045247672,
4,2299,5802.544014,SGD,16,0.5,8,0.5,2,188.237,11.7648125,84999.22969448089,
4,2300,5802.798983,NB,32,0.1,7,0.21875,0,132.881,4.15253125,240816.9715760718,
4,2301,5802.994349,DT,32,0.05,3,0.09375,26,118.136,3.69175,270874.2466310016,
4,2302,5803.172573,SGD,32,0.5,21,0.65625,14,163.392,5.106,195848.02193497846,
4,2303,5803.397563,AB,32,0.5,14,0.4375,18,8385.313,262.04103125,3816.1962469379496,
4,2304,5811.848221,GB,16,0.5,11,0.6875,11,264.676,16.54225,60451.268721002285,
4,2305,5812.174169,LoR,100,1.0,100,1.0,16,173.17,1.7316999999999998,577467.2287347694,
4,2306,5812.386322,SGD,1,0.0,0,0.0,18,149.26,149.26,6699.718611818304,
4,2307,5812.697676,NB,1,0.01,0,0.0,0,103.285,103.285,9681.948007939198,
4,2308,5812.854327,MLP,32,1.0,32,1.0,11,207.814,6.4941875,153983.85094363228,
4,2309,5813.140313,MLP,100,0.5,43,0.43,7,222.594,2.22594,449248.4074143957,
4,2310,5813.41304,SGD,64,1.0,64,1.0,26,157.99,2.46859375,405088.9296790936,
4,2311,5813.614202,LoR,16,0.01,0,0.0,28,148.716,9.29475,107587.61666532181,
4,2312,5813.80342,AB,16,1.0,16,1.0,17,8259.548,516.22175,1937.1520088024185,
4,2313,5822.142445,RF,100,0.05,7,0.07,29,4144.466,41.444660000000006,24128.560832686282,
4,2314,5826.332148,SGD,1,0.01,0,0.0,27,166.614,166.614,6001.896599325387,
4,2315,5826.673374,MLP,100,1.0,100,1.0,3,230.508,2.3050800000000002,433824.42257969355,
4,2316,5826.946757,SGD,1,0.1,1,1.0,0,214.565,214.565,4660.59236128912,
4,2317,5827.329911,SGD,16,0.1,2,0.125,7,151.881,9.4925625,105345.63243592023,
4,2318,5827.556311,AB,100,0.01,2,0.02,11,8809.981,88.09980999999999,11350.762277466887,
4,2319,5836.445733,DT,100,0.01,1,0.01,18,95.873,0.9587300000000001,1043046.5303057169,
4,2320,5836.581431,GB,1,0.05,0,0.0,3,230.95,230.95,4329.941545789132,4.0
4,2321,5849.595211,AB,64,1.0,64,1.0,2,8526.682,133.22940625,7505.850458595734,
4,2322,5858.191493,MLP,32,0.05,1,0.03125,0,195.272,6.10225,163873.98090868123,
4,2323,5858.458447,DT,64,0.01,1,0.015625,9,96.564,1.5088125,662772.876020049,
4,2324,5858.598151,DT,32,1.0,32,1.0,27,97.503,3.04696875,328195.029896516,
4,2325,5858.754025,RF,16,0.5,10,0.625,28,3566.706,222.919125,4485.931837387214,
4,2326,5862.400498,NB,100,0.05,4,0.04,23,155.218,1.55218,644255.1765903439,
4,2327,5862.633061,AB,100,0.1,10,0.1,22,8814.1,88.141,11345.457845951372,
4,2328,5871.519647,DT,64,0.05,4,0.0625,12,92.501,1.445328125,691884.4120604101,
4,2329,5871.653591,LoR,8,0.1,0,0.0,10,158.041,19.755125,50619.77588094229,
4,2330,5871.854961,NB,16,0.05,0,0.0,6,113.295,7.0809375,141224.23760977978,
4,2331,5872.005286,DT,1,0.0,0,0.0,9,85.998,85.998,11628.177399474405,7.0
4,2332,5872.292036,MLP,64,1.0,64,1.0,12,218.117,3.408078125,293420.50367463334,
4,2333,5872.551041,RF,1,0.0,0,0.0,18,3084.341,3084.341,324.2183662571681,7.0
4,2334,5888.676564,DT,8,0.0,0,0.0,7,91.934,11.49175,87018.94837600888,
4,2335,5888.814596,MLP,32,0.01,0,0.0,11,201.17,6.2865625,159069.4437540389,
4,2336,5889.058323,GB,1,0.01,0,0.0,9,230.631,230.631,4335.9305557362195,4.0
4,2337,5902.12275,GB,32,0.05,2,0.0625,8,232.668,7.270875,137535.028452559,
4,2338,5902.394125,DT,1,0.0,0,0.0,25,88.295,88.295,11325.669630216886,7.0
4,2339,5902.701181,RF,100,0.05,12,0.12,28,4099.015,40.99015,24396.10491788881,
4,2340,5906.863729,MLP,8,0.1,1,0.125,0,243.786,30.47325,32815.66619904342,
4,2341,5907.183954,DT,100,0.05,4,0.04,26,103.661,1.03661,964682.9569461996,
4,2342,5907.32597,AB,8,0.0,0,0.0,26,8475.732,1059.4665,943.8712786105082,
4,2343,5915.844606,SGD,1,0.05,0,0.0,3,152.638,152.638,6551.4485252689365,
4,2344,5916.161535,DT,64,0.05,0,0.0,14,92.339,1.442796875,693098.2575076619,
4,2345,5916.312706,RF,8,0.5,5,0.625,20,3328.826,416.10325,2403.249674209466,
4,2346,5919.695699,DT,64,0.01,0,0.0,13,101.904,1.59225,628042.078819281,
4,2347,5919.859069,MLP,16,0.5,5,0.3125,0,189.723,11.8576875,84333.47564607348,
4,2348,5920.099826,DT,64,0.01,0,0.0,17,93.627,1.462921875,683563.5019812661,
4,2349,5920.252916,SGD,16,0.01,1,0.0625,5,157.55,9.846875,101555.06188511584,
4,2350,5920.452853,SGD,32,1.0,32,1.0,5,151.949,4.74840625,210596.97661715443,
4,2351,5920.678825,RF,100,0.5,51,0.51,22,4716.085,47.16085,21204.02834130428,
4,2352,5925.463062,RF,32,0.5,17,0.53125,0,3707.538,115.8605625,8631.064604058003,
4,2353,5929.235165,GB,16,0.1,2,0.125,20,257.727,16.1079375,62081.19444218108,
4,2354,5929.533801,DT,8,1.0,8,1.0,2,93.081,11.635125,85946.64861787045,
4,2355,5929.670117,SGD,16,0.01,0,0.0,20,163.121,10.1950625,98086.69637876177,
4,2356,5929.875781,AB,32,0.0,0,0.0,24,8190.565,255.95515625,3906.9343812056923,
4,2357,5938.110891,RF,16,0.01,0,0.0,21,3075.515,192.2196875,5202.380739485908,
4,2358,5941.229053,MLP,8,1.0,8,1.0,11,193.963,24.245375,41244.9797126256,
4,2359,5941.468132,AB,32,0.0,0,0.0,27,8208.997,256.53115625,3898.1619800811236,
4,2360,5949.735901,LoR,100,1.0,100,1.0,1,167.142,1.67142,598293.6664632468,
4,2361,5949.966976,GB,32,0.5,14,0.4375,8,245.972,7.686625,130096.10850015449,
4,2362,5950.25483,NB,1,0.5,0,0.0,2,108.825,108.825,9189.065012634965,
4,2363,5950.420553,GB,64,0.0,0,0.0,9,240.582,3.75909375,266021.564373062,
4,2364,5950.701989,LoR,1,0.05,0,0.0,13,155.472,155.472,6432.026345579911,
4,2365,5951.019866,RF,1,0.5,1,1.0,4,3005.778,3005.778,332.69256744842767,21.05
4,2366,5966.752759,LoR,1,0.5,0,0.0,10,155.321,155.321,6438.279434204003,
4,2367,5967.065898,SGD,1,0.5,1,1.0,3,145.132,145.132,6890.279194112945,
4,2368,5967.355356,SGD,8,0.05,0,0.0,18,145.791,18.223875,54873.071725963884,
4,2369,5967.542457,NB,16,0.0,0,0.0,14,112.074,7.004625,142762.81742420187,
4,2370,5967.727312,GB,100,0.05,7,0.07,20,269.656,2.69656,370842.8516331919,
4,2371,5968.048518,LoR,64,0.01,0,0.0,12,166.601,2.603140625,384151.3556341198,
4,2372,5968.289493,NB,100,0.05,7,0.07,7,140.403,1.40403,712235.4935435853,
4,2373,5968.481385,LoR,100,0.0,0,0.0,28,164.736,1.64736,607031.857031857,
4,2374,5968.71915,AB,100,0.1,5,0.05,20,8566.62,85.6662,11673.21534047267,
4,2375,5977.330841,NB,16,0.05,0,0.0,21,111.478,6.967375,143526.0768940957,
4,2376,5977.503722,GB,32,0.5,15,0.46875,17,231.844,7.245125,138023.84361898518,
4,2377,5977.781603,SGD,32,0.01,0,0.0,16,162.061,5.06440625,197456.51328820628,
4,2378,5977.983125,LoR,8,0.0,0,0.0,25,148.101,18.512625,54017.19097102653,
4,2379,5978.170716,SGD,16,1.0,16,1.0,26,146.756,9.17225,109024.50325710703,
4,2380,5978.356773,NB,16,0.0,0,0.0,17,109.189,6.8243125,146534.90736246327,
4,2381,5978.521843,DT,8,0.5,3,0.375,2,89.438,11.17975,89447.43844898141,
4,2382,5978.64999,RF,8,0.01,0,0.0,9,3163.738,395.46725,2528.6543955283278,
4,2383,5981.864887,MLP,64,1.0,64,1.0,0,223.423,3.490984375,286452.155776263,
4,2384,5982.135773,LoR,32,0.01,0,0.0,27,155.494,4.8591875,205795.7220214285,
4,2385,5982.354582,MLP,16,0.1,1,0.0625,20,174.18,10.88625,91858.99644046389,
4,2386,5982.571755,MLP,16,0.05,0,0.0,6,169.951,10.6219375,94144.78290801466,
4,2387,5982.801247,NB,100,0.01,0,0.0,7,136.936,1.3693600000000001,730268.15446632,
4,2388,5982.998643,LoR,32,0.1,7,0.21875,3,194.681,6.08378125,164371.45895079643,
4,2389,5983.238147,RF,32,0.01,0,0.0,8,3283.686,102.6151875,9745.14615587483,
4,2390,5986.575434,GB,64,0.01,0,0.0,11,257.099,4.017171875,248931.34551281802,
4,2391,5986.872471,GB,1,1.0,1,1.0,29,242.335,242.335,4126.519074834423,4.0
4,2392,5999.671892,DT,100,1.0,100,1.0,24,119.065,1.19065,839877.3779028262,
4,2393,5999.841401,LoR,64,0.01,0,0.0,4,166.054,2.59459375,385416.792127862,
4,2394,6000.061754,GB,100,0.0,0,0.0,0,261.036,2.61036,383088.9226007141,
4,2395,6000.366868,NB,16,0.1,0,0.0,27,117.546,7.346625,136116.9244380923,
4,2396,6000.523492,NB,1,0.1,0,0.0,4,100.847,100.847,9916.01138358107,
4,2397,6000.677483,NB,16,0.01,0,0.0,27,108.036,6.75225,148098.78188751897,
4,2398,6000.823467,SGD,16,0.0,0,0.0,11,157.57,9.848125,101542.17173319795,
4,2399,6001.047728,GB,64,0.1,6,0.09375,26,243.978,3.81215625,262318.73365631327,
4,2400,6001.358977,GB,64,0.1,7,0.109375,2,285.647,4.463234375,224052.76442602233,
4,2401,6001.721333,DT,16,0.05,1,0.0625,13,106.981,6.6863125,149559.26753348726,
4,2402,6001.898806,LoR,100,0.5,46,0.46,7,198.584,1.98584,503565.2419127422,
4,2403,6002.163578,DT,64,0.5,35,0.546875,4,101.58,1.5871875,630045.2845048239,
4,2404,6002.320457,MLP,8,0.1,2,0.25,17,180.076,22.5095,44425.68693218419,
4,2405,6002.562656,SGD,32,0.5,15,0.46875,25,156.187,4.88084375,204882.60866781484,
4,2406,6002.771568,DT,100,0.0,0,0.0,28,98.574,0.98574,1014466.289285207,
4,2407,6002.909705,MLP,16,1.0,16,1.0,14,212.466,13.279125,75306.16663372022,
4,2408,6003.160948,GB,1,0.0,0,0.0,12,201.794,201.794,4955.548727910641,4.0
4,2409,6015.837812,SGD,100,0.01,2,0.02,5,174.053,1.74053,574537.6408335392,
4,2410,6016.086316,AB,100,0.01,1,0.01,7,8641.911,86.41911,11571.514680028526,
4,2411,6024.770961,LoR,1,0.05,0,0.0,23,146.36,146.36,6832.467887400929,
4,2412,6025.099623,MLP,100,0.01,1,0.01,27,221.492,2.2149199999999998,451483.5750275405,
4,2413,6025.384234,RF,32,0.5,20,0.625,3,3739.437,116.85740625,8557.437924479005,
4,2414,6029.191055,GB,32,0.5,14,0.4375,20,250.471,7.82721875,127759.30147601917,
4,2415,6029.480615,MLP,1,1.0,1,1.0,0,176.209,176.209,5675.079025475429,
4,2416,6029.826827,LoR,8,0.1,2,0.25,25,149.456,18.682,53527.45958676802,
4,2417,6030.016196,GB,1,0.1,0,0.0,22,203.958,203.958,4902.970219358887,4.0
4,2418,6042.946356,NB,64,1.0,64,1.0,1,159.863,2.497859375,400342.7935169489,
4,2419,6043.146863,MLP,8,1.0,8,1.0,5,250.935,31.366875,31880.765935401596,
4,2420,6043.462158,AB,32,0.1,3,0.09375,19,8165.838,255.1824375,3918.764981622217,
4,2421,6051.690385,NB,8,0.1,1,0.125,6,110.117,13.764625,72649.9995459375,
4,2422,6051.842409,DT,32,0.0,0,0.0,27,87.539,2.73559375,365551.3542535327,
4,2423,6051.976235,AB,64,0.0,0,0.0,5,8257.056,129.0165,7750.946584351614,
4,2424,6060.275688,SGD,1,0.05,0,0.0,10,148.99,148.99,6711.859856366199,
4,2425,6060.598698,DT,32,0.01,1,0.03125,16,90.028,2.813375,355444.9726751677,
4,2426,6060.735558,NB,64,1.0,64,1.0,20,126.727,1.980109375,505022.6076526707,
4,2427,6060.903232,SGD,32,0.0,0,0.0,10,155.154,4.8485625,206246.69683024607,
4,2428,6061.106385,AB,64,0.0,0,0.0,2,8321.316,130.0205625,7691.091168752634,
4,2429,6069.470617,RF,16,1.0,16,1.0,9,3512.936,219.5585,4554.594789088102,
4,2430,6073.027237,GB,8,0.0,0,0.0,0,231.138,28.89225,34611.35771703484,
4,2431,6073.334154,LoR,100,0.05,3,0.03,8,175.147,1.7514699999999999,570948.9742901677,
4,2432,6073.549486,SGD,16,1.0,16,1.0,2,153.045,9.5653125,104544.41504132772,
4,2433,6073.764857,DT,32,0.05,3,0.09375,18,92.318,2.8849375,346627.95987781364,
4,2434,6073.894642,RF,8,0.0,0,0.0,1,3084.214,385.52675,2593.8537338848732,
4,2435,6077.025154,NB,32,1.0,32,1.0,0,127.712,3.991,250563.76847907793,
4,2436,6077.211712,GB,8,0.05,1,0.125,18,228.024,28.503,35084.02624285163,
4,2437,6077.500953,DT,16,0.05,1,0.0625,8,93.446,5.840375,171221.88215653962,
4,2438,6077.650511,AB,16,0.05,2,0.125,12,8126.048,507.878,1968.9768015153245,
4,2439,6085.828024,MLP,64,1.0,64,1.0,25,332.597,5.196828125,192425.06697294326,
4,2440,6086.261817,AB,8,0.05,0,0.0,24,8673.376,1084.172,922.3628723117733,
4,2441,6095.03088,SGD,16,0.1,3,0.1875,5,193.921,12.1200625,82507.82535156069,
4,2442,6095.284109,GB,8,0.05,1,0.125,13,239.38,29.9225,33419.66747430863,
4,2443,6095.564666,LoR,1,0.1,0,0.0,7,154.975,154.975,6452.653653815131,
4,2444,6095.874155,GB,16,1.0,16,1.0,12,224.155,14.0096875,71379.17958555464,
4,2445,6096.144987,MLP,1,0.05,0,0.0,14,175.85,175.85,5686.664771111743,
4,2446,6096.484032,AB,64,1.0,64,1.0,5,8455.344,132.11475,7569.177552090135,
4,2447,6104.98236,RF,16,0.0,0,0.0,6,3377.878,211.117375,4736.701562341801,
4,2448,6108.429019,MLP,32,0.5,15,0.46875,10,209.037,6.53240625,153082.94703808415,
4,2449,6108.681914,NB,8,0.05,0,0.0,6,118.454,14.80675,67536.76532662468,
4,2450,6108.841545,DT,8,0.05,0,0.0,11,91.461,11.432625,87468.97584762904,
4,2451,6108.972114,RF,1,0.5,1,1.0,11,3095.977,3095.977,322.9998155671053,13.95
4,2452,6125.823113,SGD,100,0.05,7,0.07,4,195.689,1.95689,511014.92674601026,
4,2453,6126.064688,MLP,16,0.01,0,0.0,4,195.946,12.246625,81655.14988823452,
4,2454,6126.305105,SGD,16,0.01,0,0.0,7,153.105,9.5690625,104503.44534796382,
4,2455,6126.498095,GB,1,0.01,0,0.0,26,238.922,238.922,4185.46638651945,4.0
4,2456,6139.607396,RF,64,0.1,5,0.078125,17,3853.807,60.215734375,16606.9551485064,
4,2457,6143.54248,GB,100,0.5,56,0.56,3,316.437,3.16437,316018.6703830462,
4,2458,6143.904077,SGD,16,0.01,0,0.0,12,167.361,10.4600625,95601.72322106107,
4,2459,6144.132166,DT,16,0.1,5,0.3125,1,95.945,5.9965625,166762.207514722,
4,2460,6144.266486,SGD,16,0.0,0,0.0,17,155.413,9.7133125,102951.49054454903,
4,2461,6144.461779,DT,1,0.1,0,0.0,6,86.0,86.0,11627.906976744185,7.0
4,2462,6144.770155,GB,100,0.05,5,0.05,17,276.905,2.7690499999999996,361134.6851808382,
4,2463,6145.089045,MLP,16,1.0,16,1.0,2,192.186,12.011625,83252.68229735777,
4,2464,6145.323588,AB,1,0.1,0,0.0,0,7844.18,7844.18,127.48305112835249,2.0
4,2465,6165.884323,DT,1,1.0,1,1.0,0,87.888,87.888,11378.117604223557,17.0
4,2466,6166.166783,AB,100,0.0,0,0.0,8,8605.157,86.05157,11620.938467479444,
4,2467,6174.815235,GB,16,0.0,0,0.0,29,245.753,15.3595625,65106.02108621258,
4,2468,6175.104845,LoR,8,0.05,0,0.0,4,155.166,19.39575,51557.686606601965,
4,2469,6175.328681,LoR,64,0.5,32,0.5,20,171.384,2.677875,373430.4252438968,
4,2470,6175.578942,AB,64,0.5,39,0.609375,26,8415.415,131.490859375,7605.0913710137875,
4,2471,6184.04735,MLP,64,0.01,0,0.0,22,209.991,3.281109375,304774.9665461853,
4,2472,6184.299607,RF,1,0.5,0,0.0,24,3624.414,3624.414,275.9066707059403,6.68
4,2473,6201.120936,DT,64,1.0,64,1.0,17,115.985,1.812265625,551795.4907962236,
4,2474,6201.27957,DT,1,0.1,0,0.0,5,87.24,87.24,11462.631820265933,7.0
4,2475,6201.552274,RF,8,0.0,0,0.0,20,3544.642,443.08025,2256.927497896826,
4,2476,6205.175325,NB,100,0.01,0,0.0,26,179.72,1.7972,556421.0994880926,
4,2477,6205.439584,GB,32,0.05,2,0.0625,1,289.263,9.03946875,110625.9701379022,
4,2478,6205.77086,DT,1,0.1,1,1.0,19,120.358,120.358,8308.54617059107,37.0
4,2479,6206.105049,GB,64,1.0,64,1.0,7,281.028,4.3910625,227735.3146305706,
4,2480,6206.429201,DT,1,0.05,0,0.0,27,91.666,91.666,10909.170248510898,7.0
4,2481,6206.764366,SGD,32,0.1,1,0.03125,25,188.165,5.88015625,170063.50809130285,
4,2482,6207.003468,RF,64,1.0,64,1.0,2,4758.09,74.34515625,13450.775416185907,
4,2483,6211.805582,NB,1,1.0,1,1.0,29,117.783,117.783,8490.189585933455,
4,2484,6211.974225,SGD,8,1.0,8,1.0,17,168.514,21.06425,47473.80039640623,
4,2485,6212.187555,SGD,32,1.0,32,1.0,28,157.298,4.9155625,203435.51729837633,
4,2486,6212.388474,AB,16,0.01,0,0.0,21,8333.933,520.8708125,1919.8618467415083,
4,2487,6220.767935,AB,8,0.05,0,0.0,28,8132.761,1016.595125,983.6757775127045,
4,2488,6228.980759,GB,100,0.5,49,0.49,19,307.659,3.07659,325035.18505878263,
4,2489,6229.332117,GB,16,0.0,0,0.0,24,226.618,14.163625,70603.39425817896,
4,2490,6229.636691,NB,100,0.5,46,0.46,3,147.899,1.47899,676137.0935570897,
4,2491,6229.846417,AB,32,0.5,18,0.5625,6,8343.99,260.7496875,3835.0956796448704,
4,2492,6238.263679,NB,64,0.05,4,0.0625,27,131.786,2.05915625,485635.803499613,
4,2493,6238.457506,SGD,32,0.5,15,0.46875,22,174.613,5.45665625,183262.41459685133,
4,2494,6238.673964,LoR,8,0.05,0,0.0,0,152.625,19.078125,52416.052416052415,
4,2495,6238.901307,AB,100,0.1,12,0.12,13,8874.274,88.74274,11268.52743108901,
4,2496,6247.819417,DT,16,0.0,0,0.0,29,84.979,5.3111875,188281.81080031538,
4,2497,6247.952635,DT,64,0.0,0,0.0,14,87.004,1.3594375,735598.3632936416,
4,2498,6248.079546,LoR,1,0.01,0,0.0,18,150.983,150.983,6623.262221574614,
4,2499,6248.394969,LoR,64,1.0,64,1.0,27,155.26,2.4259375,412211.77379878913,
4,2500,6248.61468,NB,32,0.05,4,0.125,16,118.94,3.716875,269043.21506642003,
4,2501,6248.792294,RF,16,0.1,3,0.1875,6,3376.37,211.023125,4738.817132008637,
4,2502,6252.213697,RF,1,0.05,0,0.0,21,3405.12,3405.12,293.6754064467625,7.03
4,2503,6269.215167,AB,16,0.0,0,0.0,6,8633.06,539.56625,1853.3405304723935,
4,2504,6277.906572,SGD,16,0.05,0,0.0,3,182.738,11.421125,87557.04888966717,
4,2505,6278.137118,NB,32,1.0,32,1.0,2,128.079,4.00246875,249845.79829636394,
4,2506,6278.324844,MLP,100,1.0,100,1.0,1,253.655,2.53655,394236.2657940904,
4,2507,6278.64808,GB,16,0.5,11,0.6875,28,269.788,16.86175,59305.82531469153,
4,2508,6278.98272,DT,32,0.1,2,0.0625,24,135.534,4.2354375,236103.1180368026,
4,2509,6279.158905,GB,8,0.05,0,0.0,6,224.086,28.01075,35700.579241898195,
4,2510,6279.424689,GB,16,1.0,16,1.0,21,224.22,14.01375,71358.48720007137,
4,2511,6279.693686,GB,32,0.0,0,0.0,18,226.048,7.064,141562.85390713476,
4,2512,6279.981411,GB,16,0.1,1,0.0625,1,220.453,13.7783125,72577.82838065256,
4,2513,6280.244608,RF,8,0.05,0,0.0,23,3259.762,407.47025,2454.166899301237,
4,2514,6283.552569,AB,32,0.0,0,0.0,6,8398.911,262.46596875,3810.0177511108286,
4,2515,6292.011225,MLP,100,1.0,100,1.0,28,239.133,2.39133,418177.33227952645,
4,2516,6292.294344,MLP,1,0.05,0,0.0,19,166.313,166.313,6012.759074756634,
4,2517,6292.625496,RF,32,1.0,32,1.0,18,4067.369,127.10528125,7867.493704161093,
4,2518,6296.740716,NB,16,0.01,0,0.0,7,128.753,8.0470625,124268.94907303133,
4,2519,6296.946188,AB,100,0.01,1,0.01,14,8889.063,88.89063,11249.779644941205,
4,2520,6305.909488,DT,64,0.1,7,0.109375,23,94.203,1.471921875,679383.8837404329,
4,2521,6306.078248,GB,100,0.1,8,0.08,24,283.538,2.8353800000000002,352686.4124032757,
4,2522,6306.418112,GB,100,0.0,0,0.0,18,276.071,2.7607100000000004,362225.65934125637,
4,2523,6306.735561,AB,8,1.0,8,1.0,4,8188.901,1023.612625,976.9320693949041,
4,2524,6314.980335,RF,64,1.0,64,1.0,11,4652.894,72.70146875,13754.880296005023,
4,2525,6319.680913,SGD,8,0.01,0,0.0,22,178.582,22.32275,44797.34799699858,
4,2526,6319.902532,MLP,16,0.0,0,0.0,12,192.985,12.0615625,82907.99803093504,
4,2527,6320.161836,SGD,16,0.5,9,0.5625,6,157.578,9.848625,101537.01658861009,
4,2528,6320.382178,NB,32,0.1,5,0.15625,13,123.001,3.84378125,260160.48650010975,
4,2529,6320.546752,MLP,32,1.0,32,1.0,12,193.284,6.040125,165559.48759338591,
4,2530,6320.783831,LoR,32,1.0,32,1.0,29,157.449,4.92028125,203240.41435639476,
4,2531,6321.010771,NB,64,0.01,1,0.015625,29,129.984,2.031,492368.29148202855,
4,2532,6321.180254,SGD,1,0.01,0,0.0,10,153.417,153.417,6518.182470000065,
4,2533,6321.484727,LoR,1,1.0,1,1.0,29,144.533,144.533,6918.835144915003,
4,2534,6321.78229,SGD,64,1.0,64,1.0,8,156.622,2.44721875,408627.1405038883,
4,2535,6322.014705,AB,100,0.05,8,0.08,26,8703.822,87.03822,11489.205546712697,
4,2536,6330.783243,GB,16,0.1,3,0.1875,11,230.426,14.401625,69436.60871603031,
4,2537,6331.05655,AB,1,0.01,0,0.0,4,7893.013,7893.013,126.69433079611044,2.0
4,2538,6351.921474,GB,1,1.0,1,1.0,2,218.631,218.631,4573.916782158065,4.0
4,2539,6364.849224,NB,16,0.5,8,0.5,9,119.973,7.4983125,133363.34008485242,
4,2540,6365.007345,NB,1,1.0,1,1.0,19,101.257,101.257,9875.860434340342,
4,2541,6365.175878,AB,16,0.1,3,0.1875,3,8223.022,513.938875,1945.7566816676397,
4,2542,6373.46756,LoR,32,0.5,19,0.59375,0,161.384,5.04325,198284.83616715414,
4,2543,6373.670811,RF,1,0.5,0,0.0,27,3041.839,3041.839,328.7484972084321,7.35
4,2544,6390.511647,GB,1,0.5,0,0.0,19,284.08,284.08,3520.1351731906507,4.0
4,2545,6404.215421,NB,32,0.05,1,0.03125,9,144.34,4.510625,221698.76680060968,
4,2546,6404.401212,DT,16,1.0,16,1.0,10,115.956,7.24725,137983.37300355308,
4,2547,6404.57485,LoR,8,0.5,4,0.5,14,183.515,22.939375,43593.166771108634,
4,2548,6404.821207,RF,32,0.1,3,0.09375,26,3495.73,109.2415625,9154.025053422318,
4,2549,6408.38276,RF,100,0.01,0,0.0,17,3901.365,39.01365,25632.05442197795,
4,2550,6412.350927,RF,16,0.1,4,0.25,25,3442.646,215.165375,4647.587930911282,
4,2551,6415.840959,GB,8,0.01,0,0.0,27,357.629,44.703625,22369.550567767154,
4,2552,6416.294569,GB,32,0.05,2,0.0625,2,317.415,9.91921875,100814.39125435155,
4,2553,6416.656807,DT,16,0.01,0,0.0,1,109.959,6.8724375,145508.78054547604,
4,2554,6416.824421,NB,100,1.0,100,1.0,5,172.201,1.72201,580716.7205765356,
4,2555,6417.038764,RF,16,0.01,0,0.0,2,3450.144,215.634,4637.487594720685,
4,2556,6420.592127,RF,32,0.5,16,0.5,1,4075.929,127.37278125,7850.9709074912735,
4,2557,6424.766174,LoR,8,0.01,0,0.0,21,269.084,33.6355,29730.493080227734,
4,2558,6425.134429,RF,100,0.1,10,0.1,12,4455.446,44.55446,22444.44215012369,
4,2559,6429.67193,GB,16,0.0,0,0.0,5,332.769,20.7980625,48081.40181326986,
4,2560,6430.05688,AB,32,1.0,32,1.0,14,8446.751,263.96096875,3788.4388920663105,
4,2561,6438.586781,LoR,64,0.05,1,0.015625,13,186.599,2.915609375,342981.4736413379,
4,2562,6438.823723,AB,32,0.0,0,0.0,22,8375.809,261.74403125,3820.5264709355242,
4,2563,6447.252126,NB,64,1.0,64,1.0,24,136.358,2.13059375,469352.7332463075,
4,2564,6447.43309,MLP,16,0.01,0,0.0,25,203.436,12.71475,78648.81338602804,
4,2565,6447.681432,GB,16,0.01,0,0.0,28,242.135,15.1334375,66078.84031635245,
4,2566,6447.971153,MLP,32,0.05,0,0.0,19,195.269,6.10215625,163876.49857376234,
4,2567,6448.248228,NB,100,0.1,10,0.1,1,147.198,1.47198,679357.0564817457,
4,2568,6448.442415,RF,64,1.0,64,1.0,1,4766.39,74.47484375,13427.35277641989,
4,2569,6453.253048,LoR,1,0.0,0,0.0,26,170.729,170.729,5857.235736166673,
4,2570,6453.600963,AB,100,1.0,100,1.0,18,8744.093,87.44093000000001,11436.291905861475,
4,2571,6462.399846,DT,64,0.01,0,0.0,14,92.453,1.444578125,692243.6264912983,
4,2572,6462.531745,RF,1,1.0,1,1.0,14,3107.234,3107.234,321.82964012365983,13.52
4,2573,6479.221794,AB,1,0.0,0,0.0,1,8034.558,8034.558,124.46235374739967,2.0
4,2574,6500.584685,GB,1,1.0,1,1.0,26,263.161,263.161,3799.955160529106,4.0
4,2575,6514.082412,SGD,8,0.01,0,0.0,11,222.922,27.86525,35886.99186262459,
4,2576,6514.347429,AB,1,1.0,1,1.0,23,8036.682,8036.682,124.42945981936327,2.0
4,2577,6535.358709,RF,16,0.05,1,0.0625,6,3293.19,205.824375,4858.511048557782,
4,2578,6538.704983,DT,32,0.01,0,0.0,9,97.892,3.059125,326890.85931434645,
4,2579,6538.847512,MLP,32,0.0,0,0.0,24,264.108,8.253375,121162.55471246611,
4,2580,6539.160467,MLP,32,0.01,0,0.0,14,190.742,5.9606875,167765.88271067725,
4,2581,6539.392111,AB,1,1.0,1,1.0,0,7991.355,7991.355,125.135224251707,2.0
4,2582,6560.300024,NB,1,1.0,1,1.0,16,114.438,114.438,8738.35614044286,
4,2583,6560.487368,DT,32,0.05,1,0.03125,14,95.809,2.99403125,333997.84988884133,
4,2584,6560.621901,SGD,8,1.0,8,1.0,23,162.062,20.25775,49363.823721785484,
4,2585,6560.825266,MLP,16,1.0,16,1.0,28,181.896,11.3685,87962.35211329552,
4,2586,6561.049201,MLP,1,0.05,0,0.0,17,162.3,162.3,6161.429451632778,
4,2587,6561.410742,GB,100,0.1,5,0.05,17,308.612,3.08612,324031.4699363602,
4,2588,6561.771333,MLP,64,1.0,64,1.0,20,222.402,3.47503125,287767.19633816247,
4,2589,6562.044115,SGD,64,1.0,64,1.0,24,164.847,2.575734375,388238.7911214641,
4,2590,6562.252906,MLP,16,0.01,0,0.0,29,176.634,11.039625,90582.78700589921,
4,2591,6562.506096,DT,100,0.01,1,0.01,4,100.055,1.00055,999450.3023337164,
4,2592,6562.644131,NB,1,0.0,0,0.0,6,104.641,104.641,9556.483596295906,
4,2593,6562.795701,RF,8,1.0,8,1.0,25,3415.165,426.895625,2342.492968860948,
4,2594,6566.255721,GB,1,0.05,0,0.0,21,240.244,240.244,4162.434857894474,4.0
4,2595,6579.534604,LoR,64,0.01,0,0.0,11,179.978,2.81215625,355599.01765771373,
4,2596,6579.808595,RF,64,1.0,64,1.0,0,4877.647,76.213234375,13121.080717813324,
4,2597,6584.78125,RF,32,0.01,1,0.03125,2,3478.012,108.687875,9200.658307101872,
4,2598,6588.305885,MLP,8,0.0,0,0.0,19,223.596,27.9495,35778.81536342332,
4,2599,6588.594091,DT,16,0.1,6,0.375,6,100.739,6.2961875,158826.27383634937,
4,2600,6588.757187,DT,32,0.1,5,0.15625,2,93.211,2.91284375,343307.12040424417,
4,2601,6588.910805,MLP,32,0.5,15,0.46875,15,196.059,6.12684375,163216.17472291505,
4,2602,6589.148543,MLP,8,0.05,0,0.0,6,172.926,21.61575,46262.56317731284,
4,2603,6589.382097,DT,16,0.01,1,0.0625,23,90.768,5.673,176273.57659086902,
4,2604,6589.513658,GB,16,0.01,0,0.0,19,258.828,16.17675,61817.11406802974,
4,2605,6589.851578,LoR,100,0.01,1,0.01,22,178.881,1.78881,559030.8640940066,
4,2606,6590.074256,SGD,16,0.05,0,0.0,13,156.248,9.7655,102401.31073677744,
4,2607,6590.298566,NB,32,0.05,1,0.03125,23,124.878,3.9024375,256250.10009769534,
4,2608,6590.479937,GB,8,0.5,6,0.75,13,237.011,29.626375,33753.7076338229,
4,2609,6590.756258,RF,1,1.0,1,1.0,17,3096.696,3096.696,322.92482051838476,20.17
4,2610,6607.033278,NB,100,0.5,48,0.48,18,163.842,1.6384200000000002,610344.1120103514,
4,2611,6607.272679,AB,100,0.5,56,0.56,0,8823.371,88.23370999999999,11333.536808097495,
4,2612,6616.139486,SGD,1,0.05,0,0.0,20,154.054,154.054,6491.230347800122,
4,2613,6616.451791,GB,1,0.1,0,0.0,16,214.662,214.662,4658.48636461041,4.0
4,2614,6629.371271,AB,64,1.0,64,1.0,20,8427.03,131.67234375,7594.609251420726,
4,2615,6637.842352,AB,1,0.05,0,0.0,17,7930.227,7930.227,126.09979512566287,2.0
4,2616,6658.616704,DT,32,0.05,1,0.03125,3,96.891,3.02784375,330268.0331506538,
4,2617,6658.754716,SGD,16,1.0,16,1.0,28,165.118,10.319875,96900.39850288884,
4,2618,6658.982937,NB,32,0.5,15,0.46875,17,127.016,3.96925,251936.76387226806,
4,2619,6659.148987,NB,16,0.0,0,0.0,1,109.437,6.8398125,146202.83816259584,
4,2620,6659.296833,DT,1,0.1,0,0.0,21,87.965,87.965,11368.157790030125,7.0
4,2621,6659.573233,AB,8,1.0,8,1.0,17,8100.212,1012.5265,987.6284719461663,
4,2622,6667.717138,LoR,16,1.0,16,1.0,7,154.638,9.664875,103467.45301930961,
4,2623,6667.948657,SGD,100,0.1,15,0.15,20,164.601,1.64601,607529.723391717,
4,2624,6668.188351,SGD,100,0.01,2,0.02,22,165.748,1.6574799999999998,603325.5303231411,
4,2625,6668.394282,RF,1,0.5,0,0.0,0,3082.746,3082.746,324.3861154957301,10.94
4,2626,6684.548245,GB,32,0.5,13,0.40625,7,260.241,8.13253125,122962.94588477604,
4,2627,6684.851619,NB,1,0.1,0,0.0,21,110.487,110.487,9050.838560192602,
4,2628,6685.010957,MLP,1,0.01,0,0.0,28,180.827,180.827,5530.147599639435,
4,2629,6685.367192,RF,8,0.05,2,0.25,21,3184.609,398.076125,2512.082330986316,
4,2630,6688.604399,DT,64,0.0,0,0.0,19,101.091,1.579546875,633092.9558516585,
4,2631,6688.748296,SGD,8,0.01,0,0.0,20,164.204,20.5255,48719.88502107135,
4,2632,6688.952096,SGD,1,0.0,0,0.0,21,150.329,150.329,6652.076445662513,
4,2633,6689.272499,GB,16,0.5,10,0.625,7,244.8,15.3,65359.477124183,
4,2634,6689.593049,DT,100,0.01,1,0.01,9,98.645,0.9864499999999999,1013736.1244867961,
4,2635,6689.730879,LoR,16,0.0,0,0.0,15,155.702,9.731375,102760.401279367,
4,2636,6689.926261,AB,16,1.0,16,1.0,27,8182.425,511.4015625,1955.4105292746342,
4,2637,6698.175802,DT,32,0.1,1,0.03125,18,85.835,2.68234375,372808.2949845634,
4,2638,6698.32333,NB,32,0.5,18,0.5625,1,118.541,3.70440625,269948.79408812145,
4,2639,6698.485196,MLP,32,0.01,0,0.0,5,196.438,6.1386875,162901.2716480518,
4,2640,6698.729526,DT,64,0.0,0,0.0,22,93.618,1.46278125,683629.2166036447,
4,2641,6698.86242,MLP,1,0.05,0,0.0,9,188.928,188.928,5293.021680216802,
4,2642,6699.261075,AB,100,0.1,15,0.15,1,9103.353,91.03352999999998,10984.963452477346,
4,2643,6708.433308,GB,64,0.0,0,0.0,14,282.847,4.419484375,226270.74001138427,
4,2644,6708.759797,NB,8,0.0,0,0.0,18,121.529,15.191125,65827.90938788273,
4,2645,6708.944555,SGD,32,0.01,2,0.0625,24,177.17,5.5365625,180617.48603036633,
4,2646,6709.197064,LoR,100,0.01,1,0.01,13,187.924,1.87924,532130.0100040442,
4,2647,6709.443045,DT,8,0.01,0,0.0,4,87.401,10.925125,91532.13349961671,
4,2648,6709.568901,NB,1,0.05,0,0.0,27,101.255,101.255,9876.05550343193,
4,2649,6709.717751,DT,1,0.05,0,0.0,26,85.058,85.058,11756.683674669048,24.0
4,2650,6710.017624,LoR,64,0.0,0,0.0,9,164.343,2.567859375,389429.42504396295,
4,2651,6710.222103,GB,8,1.0,8,1.0,26,233.426,29.17825,34272.10336466375,
4,2652,6710.529738,DT,100,0.5,49,0.49,9,112.265,1.12265,890749.5657595866,
4,2653,6710.683088,MLP,32,0.0,0,0.0,4,209.5,6.546875,152744.63007159904,
4,2654,6710.952328,AB,16,0.1,3,0.1875,27,8171.685,510.7303125,1957.980514422668,
4,2655,6719.166555,LoR,8,1.0,8,1.0,18,164.441,20.555125,48649.667661957785,
4,2656,6719.370009,SGD,1,0.0,0,0.0,29,145.757,145.757,6860.733961319182,
4,2657,6719.671427,MLP,1,0.05,0,0.0,26,186.976,186.976,5348.279993154201,
4,2658,6720.024788,MLP,32,0.05,2,0.0625,27,182.222,5.6944375,175609.9702560613,
4,2659,6720.274196,AB,64,0.1,4,0.0625,1,8386.125,131.033203125,7631.6534752343905,
4,2660,6728.728821,DT,8,0.5,4,0.5,23,84.474,10.55925,94703.69581172905,
4,2661,6728.886492,NB,100,0.1,12,0.12,22,143.161,1.43161,698514.2601686213,
4,2662,6729.067977,GB,16,1.0,16,1.0,2,221.416,13.8385,72262.1671423926,
4,2663,6729.330266,RF,1,0.01,0,0.0,11,3095.835,3095.835,323.0146309477088,8.77
4,2664,6745.24978,RF,8,0.05,0,0.0,10,3124.217,390.527125,2560.6415943578822,
4,2665,6748.454434,RF,100,0.01,1,0.01,10,3884.987,38.84987,25740.111871674217,
4,2666,6752.380898,SGD,1,0.0,0,0.0,2,167.971,167.971,5953.408624107733,
4,2667,6752.707088,MLP,16,0.01,0,0.0,0,181.392,11.337,88206.75663755844,
4,2668,6752.931857,AB,8,0.01,0,0.0,19,8134.537,1016.817125,983.4610132082502,
4,2669,6761.138294,GB,64,0.05,5,0.078125,25,253.728,3.9645,252238.6177323748,
4,2670,6761.436378,MLP,32,1.0,32,1.0,3,196.83,6.1509375,162576.84296093075,
4,2671,6761.674246,LoR,16,1.0,16,1.0,20,152.236,9.51475,105099.97635250533,
4,2672,6761.869194,GB,16,0.05,0,0.0,24,217.242,13.577625,73650.58322055588,
4,2673,6762.12878,LoR,8,0.01,0,0.0,24,151.965,18.995625,52643.70085216991,
4,2674,6762.340499,NB,8,0.1,1,0.125,17,110.494,13.81175,72402.1213821565,
4,2675,6762.510155,LoR,32,0.05,2,0.0625,6,154.177,4.81803125,207553.6558630665,
4,2676,6762.72966,LoR,64,0.5,26,0.40625,6,153.603,2.400046875,416658.5288047759,
4,2677,6762.957693,LoR,100,0.5,53,0.53,18,193.337,1.9333699999999998,517231.56974609103,
4,2678,6763.210782,RF,32,0.5,16,0.5,2,3644.193,113.88103125,8781.093646796424,
4,2679,6766.915432,DT,100,1.0,100,1.0,3,132.188,1.32188,756498.3205737284,
4,2680,6767.087499,DT,1,0.0,0,0.0,11,86.783,86.783,11522.994134795985,7.0
4,2681,6767.373648,RF,32,0.01,0,0.0,1,3312.092,103.502875,9661.567371920828,
4,2682,6770.752403,RF,32,0.05,2,0.0625,25,3361.017,105.03178125,9520.927743001597,
4,2683,6774.15953,LoR,32,1.0,32,1.0,28,170.677,5.33365625,187488.64814825665,
4,2684,6774.369482,RF,1,1.0,1,1.0,25,3010.602,3010.602,332.1594817249175,22.46
4,2685,6790.293249,RF,100,0.01,1,0.01,25,3753.169,37.53169,26644.150583147202,
4,2686,6794.093643,RF,32,1.0,32,1.0,4,4023.383,125.73071875,7953.505793507603,
4,2687,6798.198178,RF,100,0.05,2,0.02,4,4244.058,42.44058,23562.35470863028,
4,2688,6802.554456,DT,100,0.05,2,0.02,3,150.743,1.50743,663380.7208294913,
4,2689,6802.779724,MLP,16,0.01,0,0.0,6,250.013,15.6258125,63996.672173047,
4,2690,6803.074968,AB,1,0.05,0,0.0,8,8178.217,8178.217,122.2760413425078,2.0
4,2691,6824.107259,SGD,16,0.1,3,0.1875,18,178.446,11.152875,89662.97927664392,
4,2692,6824.328326,AB,16,0.1,0,0.0,10,8231.399,514.4624375,1943.7765074928334,
4,2693,6832.633253,MLP,64,0.5,27,0.421875,1,226.209,3.534515625,282924.1984182769,
4,2694,6832.90132,SGD,1,0.5,1,1.0,2,148.706,148.706,6724.6782241469755,
4,2695,6833.225745,AB,16,0.1,1,0.0625,18,8146.086,509.130375,1964.133450101067,
4,2696,6841.41665,NB,16,0.01,0,0.0,2,116.334,7.270875,137535.028452559,
4,2697,6841.575999,AB,32,1.0,32,1.0,2,8297.281,259.29003125,3856.6850996127523,
4,2698,6849.916947,GB,8,0.01,0,0.0,14,246.715,30.839375,32426.078673773383,
4,2699,6850.228052,GB,32,0.1,4,0.125,9,230.305,7.19703125,138946.18006556522,
4,2700,6850.501695,RF,32,0.0,0,0.0,4,3361.111,105.03471875,9520.661471757405,
4,2701,6853.914816,DT,64,1.0,64,1.0,7,116.418,1.81903125,549743.1668642305,
4,2702,6854.069617,MLP,1,1.0,1,1.0,22,176.908,176.908,5652.6556176091535,
4,2703,6854.397893,NB,1,0.1,0,0.0,27,104.419,104.419,9576.80115687758,
4,2704,6854.54989,AB,1,0.01,0,0.0,22,7830.792,7830.792,127.70100393421252,2.0
4,2705,6875.224195,AB,100,0.1,11,0.11,12,8667.564,86.67564,11537.266987587285,
4,2706,6883.9327,DT,1,0.0,0,0.0,24,83.51,83.51,11974.613818704345,26.0
4,2707,6884.197652,AB,16,1.0,16,1.0,28,8086.454,505.403375,1978.617574526486,
4,2708,6892.328167,MLP,16,0.0,0,0.0,11,184.879,11.5549375,86543.09034557738,
4,2709,6892.558716,NB,32,0.0,0,0.0,4,119.295,3.72796875,268242.5918940442,
4,2710,6892.733781,SGD,100,1.0,100,1.0,28,173.0,1.73,578034.6820809249,
4,2711,6892.966431,NB,8,0.1,1,0.125,22,112.733,14.091625,70964.13649951655,
4,2712,6893.121018,NB,32,1.0,32,1.0,6,113.617,3.55053125,281647.99281797616,
4,2713,6893.306391,DT,100,0.01,1,0.01,23,98.346,0.98346,1016818.1725743802,
4,2714,6893.443841,DT,16,0.0,0,0.0,12,89.109,5.5693125,179555.37600017956,
4,2715,6893.589421,MLP,8,0.5,6,0.75,21,181.96,22.745,43965.70674873598,
4,2716,6893.809589,NB,1,0.0,0,0.0,13,103.672,103.672,9645.806003549656,
4,2717,6893.999715,RF,100,0.05,5,0.05,24,4021.732,40.21732,24864.90894967641,
4,2718,6898.06499,NB,8,1.0,8,1.0,9,121.288,15.161,65958.70984763539,
4,2719,6898.224728,NB,1,0.0,0,0.0,11,103.256,103.256,9684.66723483381,
4,2720,6898.379367,DT,16,0.01,0,0.0,8,92.616,5.7885,172756.3272004837,
4,2721,6898.511721,DT,1,0.01,0,0.0,21,85.761,85.761,11660.311796737446,7.0
4,2722,6898.793573,NB,32,0.01,0,0.0,26,123.034,3.8448125,260090.70663393856,
4,2723,6898.975779,LoR,16,0.5,7,0.4375,13,201.971,12.6231875,79219.29385901937,
4,2724,6899.236544,LoR,16,0.5,11,0.6875,15,154.0,9.625,103896.1038961039,
4,2725,6899.438449,LoR,64,0.0,0,0.0,26,156.785,2.449765625,408202.31527250697,
4,2726,6899.634342,SGD,8,1.0,8,1.0,25,149.111,18.638875,53651.3067446399,
4,2727,6899.827671,LoR,8,0.01,0,0.0,3,144.496,18.062,55364.85439043295,
4,2728,6900.014477,AB,16,0.01,0,0.0,4,8491.107,530.6941875,1884.3243878566127,
4,2729,6908.549193,LoR,8,0.0,0,0.0,7,161.604,20.2005,49503.72515531793,
4,2730,6908.751661,RF,1,0.0,0,0.0,2,3074.185,3074.185,325.28946696441494,8.81
4,2731,6924.801328,AB,1,1.0,1,1.0,14,7884.14,7884.14,126.83691563062045,2.0
4,2732,6945.541399,DT,100,0.1,9,0.09,29,104.918,1.04918,953125.2978516555,
4,2733,6945.689439,SGD,32,0.0,0,0.0,27,165.137,5.16053125,193778.4990644132,
4,2734,6945.89436,NB,8,1.0,8,1.0,0,111.967,13.995875,71449.62354979593,
4,2735,6946.067531,AB,32,0.1,2,0.0625,28,8274.814,258.5879375,3867.1564097996643,
4,2736,6954.414974,RF,64,0.5,32,0.5,4,4314.604,67.4156875,14833.342758686544,
4,2737,6958.796323,AB,16,0.5,10,0.625,21,8198.861,512.4288125,1951.4905789962775,
4,2738,6967.072021,MLP,64,0.5,30,0.46875,13,223.265,3.488515625,286654.87201307865,
4,2739,6967.360906,NB,32,0.5,13,0.40625,7,121.049,3.78278125,264355.75675965927,
4,2740,6967.520215,MLP,8,0.0,0,0.0,29,178.086,22.26075,44922.11628089799,
4,2741,6967.753932,NB,100,1.0,100,1.0,19,140.583,1.40583,711323.5597476225,
4,2742,6967.934399,LoR,1,0.5,1,1.0,21,153.202,153.202,6527.329930418663,
4,2743,6968.257224,GB,100,0.0,0,0.0,26,301.36,3.0136000000000003,331829.0416777276,
4,2744,6968.602164,LoR,16,0.0,0,0.0,28,162.817,10.1760625,98269.83668781514,
4,2745,6968.806796,MLP,16,0.0,0,0.0,14,179.919,11.2449375,88928.90689699253,
4,2746,6969.051313,GB,32,0.1,4,0.125,19,245.942,7.6856875,130111.97762073984,
4,2747,6969.35741,NB,8,0.1,1,0.125,16,116.523,14.565375,68655.97349879424,
4,2748,6969.515848,AB,16,0.01,0,0.0,5,8193.189,512.0743125,1952.8415614481735,
4,2749,6977.773805,GB,16,0.5,11,0.6875,20,222.995,13.9371875,71750.48767909594,
4,2750,6978.041072,SGD,8,0.01,0,0.0,6,161.877,20.234625,49420.23882330411,
4,2751,6978.246974,MLP,32,1.0,32,1.0,17,189.282,5.9150625,169059.92117581173,
4,2752,6978.483446,RF,32,0.01,0,0.0,16,3491.666,109.1145625,9164.679554115428,
4,2753,6982.040377,LoR,8,0.1,3,0.375,4,167.731,20.966375,47695.417066612616,
4,2754,6982.272324,NB,32,0.5,18,0.5625,16,123.146,3.8483125,259854.15685446543,
4,2755,6982.456782,LoR,32,0.05,1,0.03125,26,158.305,4.94703125,202141.43583588643,
4,2756,6982.654282,GB,1,0.05,0,0.0,12,215.703,215.703,4636.0041353156885,4.0
4,2757,6995.573875,RF,32,0.5,14,0.4375,25,3631.936,113.498,8810.727942342595,
4,2758,6999.252055,GB,16,0.1,0,0.0,3,232.872,14.5545,68707.27266481156,
4,2759,6999.527291,LoR,16,0.0,0,0.0,16,160.841,10.0525625,99477.12337028493,
4,2760,6999.764358,SGD,100,0.5,52,0.52,12,166.284,1.6628399999999999,601380.7702484906,
4,2761,6999.991496,DT,32,0.1,4,0.125,1,94.25,2.9453125,339522.54641909816,
4,2762,7000.140521,AB,8,0.5,4,0.5,21,8072.455,1009.056875,991.0244157446526,
4,2763,7008.258039,GB,32,1.0,32,1.0,11,228.966,7.1551875,139758.74147253303,
4,2764,7008.543236,GB,100,0.0,0,0.0,4,262.185,2.6218500000000002,381410.073040029,
4,2765,7008.875141,NB,64,0.1,7,0.109375,1,134.299,2.098421875,476548.5967877646,
4,2766,7009.065176,DT,8,0.1,2,0.25,29,99.996,12.4995,80003.20012800512,
4,2767,7009.230954,DT,64,0.05,1,0.015625,13,92.752,1.44925,690012.0752113162,
4,2768,7009.377418,MLP,8,0.5,2,0.25,18,184.595,23.074375,43338.118583926975,
4,2769,7009.633455,GB,100,0.05,3,0.03,18,299.891,2.9989100000000004,333454.48846414196,
4,2770,7010.000728,MLP,64,0.1,7,0.109375,22,211.288,3.301375,302904.0929915565,
4,2771,7010.25219,RF,8,1.0,8,1.0,17,3322.528,415.316,2407.8051411455376,
4,2772,7013.642105,SGD,32,0.5,18,0.5625,20,169.096,5.28425,189241.6142309694,
4,2773,7013.852632,DT,16,0.0,0,0.0,14,91.005,5.6878125,175814.51568595134,
4,2774,7013.982167,GB,8,1.0,8,1.0,29,213.063,26.632875,37547.57982380798,
4,2775,7014.239087,AB,32,0.0,0,0.0,23,8178.04,255.56375,3912.9180096942546,
4,2776,7022.459735,MLP,1,0.05,0,0.0,2,166.211,166.211,6016.448971488048,
4,2777,7022.777573,LoR,8,0.0,0,0.0,22,146.348,18.2935,54664.224997950085,
4,2778,7022.967868,GB,1,0.01,0,0.0,17,244.392,244.392,4091.7869652034437,4.0
4,2779,7035.651893,LoR,8,0.1,3,0.375,16,158.693,19.836625,50411.80140270837,
4,2780,7035.877545,NB,64,0.05,5,0.078125,17,129.078,2.01684375,495824.23031035496,
4,2781,7036.054914,RF,64,0.01,0,0.0,11,3437.432,53.709875,18618.55012695524,
4,2782,7039.541469,AB,32,0.05,0,0.0,11,8232.176,257.2555,3887.186085428689,
4,2783,7047.839201,AB,32,0.05,3,0.09375,10,8069.872,252.1835,3965.3664890843374,
4,2784,7055.975367,LoR,32,0.5,13,0.40625,6,155.437,4.85740625,205871.18897045104,
4,2785,7056.192012,SGD,16,0.1,1,0.0625,25,149.411,9.3381875,107087.16225712966,
4,2786,7056.408521,SGD,64,0.01,1,0.015625,13,154.248,2.410125,414916.23878429545,
4,2787,7056.61282,GB,64,0.0,0,0.0,17,246.647,3.853859375,259480.14774150914,
4,2788,7056.92197,NB,32,0.05,2,0.0625,24,121.675,3.80234375,262995.68522703927,
4,2789,7057.095122,GB,100,0.0,0,0.0,15,263.359,2.63359,379709.82575116097,
4,2790,7057.401251,MLP,8,0.05,0,0.0,19,186.239,23.279875,42955.55710672845,
4,2791,7057.643656,AB,100,0.0,0,0.0,18,8595.372,85.95371999999999,11634.167782383358,
4,2792,7066.288368,MLP,64,1.0,64,1.0,15,205.156,3.2055625,311957.7297276219,
4,2793,7066.539978,DT,32,0.01,0,0.0,17,88.52,2.76625,361500.2259376412,
4,2794,7066.694137,MLP,64,0.1,5,0.078125,11,201.801,3.153140625,317144.11722439434,
4,2795,7066.946089,AB,64,0.01,0,0.0,6,8342.052,130.3445625,7671.973274681098,
4,2796,7075.35149,AB,16,0.1,2,0.125,28,8058.322,503.645125,1985.5250261779065,
4,2797,7083.466058,NB,100,1.0,100,1.0,23,138.383,1.3838300000000001,722632.1152164644,
4,2798,7083.647205,DT,16,0.01,0,0.0,22,86.713,5.4195625,184516.73912792778,
4,2799,7083.774735,AB,8,1.0,8,1.0,9,8487.719,1060.964875,942.5382720610803,
4,2800,7092.319891,RF,8,0.05,0,0.0,13,3268.819,408.602375,2447.3670766108494,
4,2801,7095.672468,AB,100,0.5,46,0.46,20,8723.422,87.23422000000001,11463.391315930834,
4,2802,7104.439156,DT,1,0.05,0,0.0,0,130.635,130.635,7654.916370038658,7.0
4,2803,7104.820262,AB,100,0.05,6,0.06,11,8660.894,86.60894,11546.152163968292,
4,2804,7113.57,DT,8,0.5,3,0.375,13,109.863,13.732875,72817.9641917661,
4,2805,7113.75239,DT,100,0.1,8,0.08,8,93.752,0.9375199999999999,1066643.9115965527,
4,2806,7113.885809,SGD,8,0.05,0,0.0,25,168.738,21.09225,47410.7788405694,
4,2807,7114.09762,GB,1,0.01,0,0.0,15,237.549,237.549,4209.657796917689,4.0
4,2808,7127.435045,RF,64,0.5,29,0.453125,7,4268.741,66.699078125,14992.710965598522,
4,2809,7131.751423,MLP,1,0.05,0,0.0,0,205.677,205.677,4861.992347224045,
4,2810,7132.120549,GB,16,1.0,16,1.0,26,251.763,15.7351875,63551.832477369586,
4,2811,7132.414525,RF,1,0.5,0,0.0,26,3042.736,3042.736,328.6515819972551,8.81
4,2812,7148.405786,MLP,100,0.05,7,0.07,29,245.837,2.45837,406773.5938853794,
4,2813,7148.694104,DT,16,0.0,0,0.0,10,91.741,5.7338125,174404.02873306372,
4,2814,7148.83974,LoR,100,1.0,100,1.0,13,170.76,1.7076,585617.2405715624,
4,2815,7149.055578,NB,32,0.01,0,0.0,17,122.391,3.82471875,261457.1332859442,
4,2816,7149.216224,RF,8,1.0,8,1.0,8,3369.316,421.1645,2374.3691597938573,
4,2817,7152.630783,GB,8,0.05,0,0.0,12,243.199,30.399875,32894.87210062541,
4,2818,7152.918892,GB,16,0.01,0,0.0,0,252.745,15.7965625,63304.912065520584,
4,2819,7153.210773,LoR,1,0.0,0,0.0,24,154.193,154.193,6485.3787136899855,
4,2820,7153.518937,DT,1,0.01,0,0.0,1,86.473,86.473,11564.303308547176,7.0
4,2821,7153.793283,NB,8,0.01,0,0.0,21,113.596,14.1995,70425.01496531568,
4,2822,7153.966194,AB,16,0.1,2,0.125,15,8103.896,506.4935,1974.3589996712692,
4,2823,7162.13473,LoR,16,0.05,1,0.0625,5,151.566,9.472875,105564.57252945911,
4,2824,7162.335219,DT,64,0.0,0,0.0,13,91.645,1.431953125,698346.8819902886,
4,2825,7162.466383,RF,1,0.01,0,0.0,6,2983.387,2983.387,335.189501060372,8.96
4,2826,7178.172019,DT,32,1.0,32,1.0,26,103.86,3.245625,308107.06720585405,
4,2827,7178.343702,SGD,64,0.05,6,0.09375,7,167.445,2.616328125,382215.05568992806,
4,2828,7178.551495,RF,16,0.0,0,0.0,9,3203.955,200.2471875,4993.827940779443,
4,2829,7181.796637,DT,1,0.0,0,0.0,27,90.864,90.864,11005.458707518928,7.0
4,2830,7182.100431,DT,32,0.1,5,0.15625,20,93.807,2.93146875,341125.928768642,
4,2831,7182.260948,DT,64,0.1,5,0.078125,9,92.815,1.450234375,689543.715994182,
4,2832,7182.409398,LoR,16,0.5,5,0.3125,12,158.051,9.8781875,101233.14626291514,
4,2833,7182.608518,NB,16,0.05,0,0.0,23,112.355,7.0221875,142405.76743358106,
4,2834,7182.758582,NB,1,0.1,0,0.0,0,97.75,97.75,10230.179028132992,
4,2835,7182.927723,SGD,64,0.1,8,0.125,21,216.629,3.384828125,295435.97579271474,
4,2836,7183.216146,DT,100,0.5,51,0.51,18,111.058,1.1105800000000001,900430.4057339408,
4,2837,7183.372415,DT,64,0.0,0,0.0,23,89.673,1.401140625,713704.2365037414,
4,2838,7183.514208,RF,100,1.0,100,1.0,3,5617.707,56.17707,17800.857182476764,
4,2839,7189.226633,SGD,64,0.1,2,0.03125,17,212.579,3.321546875,301064.54541605705,
4,2840,7189.483198,GB,8,0.1,0,0.0,11,318.548,39.8185,25113.954568856185,
4,2841,7189.855216,AB,64,0.01,0,0.0,3,8615.748,134.6210625,7428.258115255925,
4,2842,7198.514229,NB,8,1.0,8,1.0,3,117.602,14.70025,68026.05397867382,
4,2843,7198.673111,LoR,1,0.05,0,0.0,14,155.587,155.587,6427.272201405002,
4,2844,7199.019096,DT,64,0.05,2,0.03125,20,132.837,2.075578125,481793.47621521115,
4,2845,7199.207115,RF,100,1.0,100,1.0,12,5635.818,56.358180000000004,17743.65318397436,
4,2846,7204.911475,DT,8,0.01,0,0.0,15,128.593,16.074125,62211.784467272715,
4,2847,7205.084688,RF,1,0.01,0,0.0,19,3095.439,3095.439,323.0559542604458,6.69
4,2848,7221.462171,SGD,32,0.05,3,0.09375,0,186.936,5.84175,171181.58086189925,
4,2849,7221.709679,DT,8,0.05,1,0.125,23,91.536,11.442,87397.30816290858,
4,2850,7221.839657,SGD,8,0.0,0,0.0,3,156.685,19.585625,51057.854931869675,
4,2851,7222.036896,DT,8,0.01,0,0.0,21,87.017,10.877125,91936.05847133319,
4,2852,7222.197405,DT,100,0.01,2,0.02,2,95.95,0.9595,1042209.4841063053,
4,2853,7222.339024,MLP,64,0.0,0,0.0,18,231.43,3.61609375,276541.5028302294,
4,2854,7222.611855,RF,1,0.1,0,0.0,5,3042.38,3042.38,328.6900387196865,6.91
4,2855,7238.672984,SGD,100,0.0,0,0.0,23,178.766,1.7876599999999998,559390.48812414,
4,2856,7238.891853,RF,1,0.0,0,0.0,0,3023.944,3023.944,330.69395464995387,6.97
4,2857,7254.954817,DT,16,0.01,1,0.0625,4,127.509,7.9693125,125481.33857217921,
4,2858,7255.125115,LoR,32,0.0,0,0.0,16,164.592,5.1435,194420.1419267036,
4,2859,7255.365947,LoR,100,0.01,2,0.02,19,167.363,1.67363,597503.6298345512,
4,2860,7255.595965,SGD,32,0.1,3,0.09375,4,155.148,4.848375,206254.6729574342,
4,2861,7255.809186,GB,8,0.01,1,0.125,25,271.08,33.885,29511.583296443856,
4,2862,7256.176143,SGD,8,0.5,3,0.375,14,173.451,21.681375,46122.53604764458,
4,2863,7256.387109,DT,1,0.0,0,0.0,18,116.992,116.992,8547.592997811817,26.0
4,2864,7256.818513,RF,32,0.5,20,0.625,6,4107.888,128.3715,7789.891058373549,
4,2865,7260.997697,LoR,64,0.0,0,0.0,8,212.207,3.315734375,301592.31316591817,
4,2866,7261.266569,SGD,64,0.01,0,0.0,14,168.661,2.635328125,379459.38895180274,
4,2867,7261.501587,SGD,16,0.05,2,0.125,29,155.722,9.732625,102747.20334955883,
4,2868,7261.711248,RF,100,1.0,100,1.0,28,5447.737,54.47737,18356.245905409898,
4,2869,7267.205063,NB,8,1.0,8,1.0,18,131.314,16.41425,60922.67389615731,
4,2870,7267.400306,MLP,32,0.5,15,0.46875,24,225.278,7.0399375,142046.71561359742,
4,2871,7267.667586,GB,8,1.0,8,1.0,5,266.242,33.28025,30047.851203040842,
4,2872,7267.978062,AB,8,0.05,0,0.0,15,8473.578,1059.19725,944.1112125243906,
4,2873,7276.537377,RF,100,0.1,11,0.11,0,4138.461,41.38461,24163.57191719337,
4,2874,7280.720311,RF,1,0.0,0,0.0,21,3133.674,3133.674,319.1142409835867,16.99
4,2875,7297.133154,RF,8,0.5,2,0.25,24,3480.244,435.0305,2298.6894022373144,
4,2876,7300.694438,LoR,64,0.0,0,0.0,5,229.663,3.588484375,278669.18049489905,
4,2877,7300.975798,DT,16,1.0,16,1.0,24,109.735,6.8584375,145805.80489360733,
4,2878,7301.12478,NB,1,0.0,0,0.0,28,113.82,113.82,8785.802143735724,
4,2879,7301.319489,NB,64,0.01,1,0.015625,17,129.144,2.017875,495570.8356563216,
4,2880,7301.521895,RF,100,0.1,8,0.08,8,4120.973,41.20973,24266.113852238293,
4,2881,7305.690016,NB,8,0.01,0,0.0,0,121.729,15.216125,65719.7545367168,
4,2882,7305.87511,LoR,32,0.05,2,0.0625,12,173.552,5.4235,184382.77864847425,
4,2883,7306.094931,NB,32,0.01,0,0.0,1,120.866,3.7770625,264756.0107888074,
4,2884,7306.281936,MLP,64,0.1,6,0.09375,6,231.994,3.62490625,275869.203513884,
4,2885,7306.559739,GB,8,0.05,0,0.0,27,262.496,32.812,30476.654882360115,
4,2886,7306.866428,NB,16,0.01,0,0.0,5,118.07,7.379375,135512.83137122047,
4,2887,7307.09198,SGD,32,0.05,1,0.03125,22,171.506,5.3595625,186582.39361888214,
4,2888,7307.337296,GB,100,0.5,53,0.53,2,306.415,3.06415,326354.78028164414,
4,2889,7307.705818,SGD,16,0.1,4,0.25,27,166.677,10.4173125,95994.04836900113,
4,2890,7307.911024,SGD,1,0.0,0,0.0,3,151.905,151.905,6583.061782034824,
4,2891,7308.245042,AB,32,0.05,3,0.09375,21,8427.573,263.36165625,3797.059960204438,
4,2892,7316.740753,AB,32,0.1,5,0.15625,0,8331.841,260.37003125,3840.687790369499,
4,2893,7325.118908,AB,32,1.0,32,1.0,21,8414.932,262.966625,3802.7639439035274,
4,2894,7333.598123,SGD,8,0.1,1,0.125,3,156.94,19.6175,50974.89486427934,
4,2895,7333.796478,GB,16,0.0,0,0.0,2,249.873,15.6170625,64032.528524490444,
4,2896,7334.125456,SGD,100,0.1,10,0.1,21,208.28,2.0828,480122.9114653351,
4,2897,7334.399891,MLP,16,0.05,1,0.0625,2,190.708,11.91925,83897.89626025128,
4,2898,7334.653112,AB,16,0.5,5,0.3125,0,8261.761,516.3600625,1936.6331221636644,
4,2899,7342.987482,AB,64,0.5,28,0.4375,9,8501.258,132.83215625,7528.297576664536,
4,2900,7351.532809,DT,16,1.0,16,1.0,1,89.756,5.60975,178261.06332724274,
4,2901,7351.666359,NB,32,0.0,0,0.0,3,120.297,3.75928125,266008.2961337357,
4,2902,7351.854663,RF,64,0.05,5,0.078125,29,3779.529,59.055140625,16933.326877502463,
4,2903,7355.679007,NB,1,0.1,0,0.0,9,113.904,113.904,8779.322938614974,
4,2904,7355.860834,DT,100,0.01,0,0.0,14,102.219,1.02219,978291.7070211996,
4,2905,7356.037118,DT,100,0.05,6,0.06,17,102.926,1.02926,971571.8088723938,
4,2906,7356.181732,MLP,32,0.0,0,0.0,5,202.202,6.3188125,158257.58400015827,
4,2907,7356.429008,AB,1,0.1,0,0.0,17,7988.495,7988.495,125.1800245227668,2.0
4,2908,7377.367485,NB,64,0.01,0,0.0,6,137.471,2.147984375,465552.7347586036,
4,2909,7377.546638,RF,16,1.0,16,1.0,15,3686.055,230.3784375,4340.684010412216,
4,2910,7381.280462,RF,16,0.05,0,0.0,29,3431.411,214.4631875,4662.804892797744,
4,2911,7384.767805,RF,32,0.0,0,0.0,25,3610.157,112.81740625,8863.880435116811,
4,2912,7388.493639,AB,100,0.5,48,0.48,1,9288.747,92.88747,10765.714686814057,
4,2913,7397.874484,DT,16,0.1,1,0.0625,2,92.19,5.761875,173554.6154680551,
4,2914,7398.031108,RF,32,0.5,14,0.4375,19,4143.4,129.48125,7723.125935222282,
4,2915,7402.254025,SGD,64,0.0,0,0.0,23,234.591,3.665484375,272815.2401413524,
4,2916,7402.557905,NB,8,0.1,3,0.375,10,127.445,15.930625,62772.176232884776,
4,2917,7402.752935,GB,32,0.5,14,0.4375,10,321.606,10.0501875,99500.63120712922,
4,2918,7403.153172,AB,100,0.1,13,0.13,16,8869.702,88.69702,11274.335935976203,
4,2919,7412.069933,NB,16,0.01,0,0.0,4,114.699,7.1686875,139495.5492201327,
4,2920,7412.233994,MLP,64,0.0,0,0.0,2,234.161,3.658765625,273316.22259898105,
4,2921,7412.534821,RF,32,0.1,1,0.03125,1,3290.511,102.82846875,9724.933300633245,
4,2922,7415.875163,RF,32,0.01,0,0.0,25,3700.872,115.65225,8646.610852793612,
4,2923,7419.636156,SGD,32,0.0,0,0.0,3,211.787,6.61834375,151095.20414378596,
4,2924,7419.925734,NB,64,0.5,28,0.4375,19,146.762,2.29315625,436080.1842438778,
4,2925,7420.123168,SGD,64,0.0,0,0.0,12,179.403,2.803171875,356738.7390400384,
4,2926,7420.371301,GB,32,0.01,1,0.03125,10,308.471,9.63971875,103737.46640689076,
4,2927,7420.731477,DT,64,0.0,0,0.0,11,108.301,1.692203125,590945.6053037368,
4,2928,7420.902453,DT,16,0.1,1,0.0625,21,92.558,5.784875,172864.58220791287,
4,2929,7421.053008,GB,16,0.1,1,0.0625,4,263.702,16.481375,60674.549301863466,
4,2930,7421.358691,GB,1,0.5,0,0.0,27,222.787,222.787,4488.592242814886,4.0
4,2931,7434.776168,GB,8,0.0,0,0.0,5,298.448,37.306,26805.339623653035,
4,2932,7435.148221,DT,32,0.01,1,0.03125,0,102.723,3.21009375,311517.38169640687,
4,2933,7435.294196,RF,32,0.0,0,0.0,26,3342.693,104.45915625,9573.119637370228,
4,2934,7438.703922,MLP,16,0.5,7,0.4375,29,231.074,14.442125,69241.88788007305,
4,2935,7438.977797,LoR,1,0.5,0,0.0,14,192.482,192.482,5195.290988248252,
4,2936,7439.353756,AB,8,1.0,8,1.0,28,8279.443,1034.930375,966.2485749343284,
4,2937,7447.701899,AB,32,0.05,1,0.03125,16,8308.483,259.64009375,3851.485283173836,
4,2938,7456.054462,NB,16,0.0,0,0.0,11,119.122,7.445125,134316.07931364485,
4,2939,7456.214771,AB,1,0.01,0,0.0,10,7912.225,7912.225,126.38669906379052,2.0
4,2940,7477.396969,MLP,1,0.1,0,0.0,12,203.113,203.113,4923.367780496571,
4,2941,7477.76095,DT,1,0.0,0,0.0,2,92.312,92.312,10832.827801369269,7.0
4,2942,7478.060599,SGD,100,0.0,0,0.0,20,184.447,1.84447,542161.1628272621,
4,2943,7478.311543,MLP,32,0.1,1,0.03125,1,199.775,6.24296875,160180.20272806907,
4,2944,7478.582209,SGD,64,0.05,1,0.015625,13,162.06,2.5321875,394915.4634086141,
4,2945,7478.806749,LoR,32,0.1,3,0.09375,8,155.153,4.84853125,206248.02614193733,
4,2946,7479.065512,DT,64,0.5,30,0.46875,12,109.033,1.703640625,586978.2542899856,
4,2947,7479.211835,RF,1,0.0,0,0.0,10,3097.133,3097.133,322.87925639615736,7.05
4,2948,7495.972636,NB,16,0.1,1,0.0625,29,132.676,8.29225,120594.53103801743,
4,2949,7496.146255,LoR,8,0.0,0,0.0,26,179.286,22.41075,44621.44283435405,
4,2950,7496.36844,NB,1,0.05,0,0.0,6,105.067,105.067,9517.736301598028,
4,2951,7496.528703,NB,32,1.0,32,1.0,9,118.717,3.70990625,269548.59034510644,
4,2952,7496.686154,GB,8,1.0,8,1.0,2,270.515,33.814375,29573.221447978856,
4,2953,7497.01108,RF,64,0.01,0,0.0,5,3735.364,58.3650625,17133.53772216041,
4,2954,7500.795358,AB,16,0.01,0,0.0,23,8311.397,519.4623125,1925.0674706069267,
4,2955,7509.151118,RF,16,0.0,0,0.0,22,3468.267,216.7666875,4613.2549771975455,
4,2956,7512.723322,LoR,8,0.5,4,0.5,10,223.881,27.985125,35733.269013449106,
4,2957,7513.038618,RF,100,0.05,5,0.05,5,4155.335,41.55335,24065.448393450828,
4,2958,7517.262706,NB,16,0.1,1,0.0625,16,134.103,8.3814375,119311.27566124545,
4,2959,7517.439197,RF,16,0.05,0,0.0,22,3258.226,203.639125,4910.647696016175,
4,2960,7520.7436,RF,8,0.01,0,0.0,6,3120.157,390.019625,2563.9735436389897,
4,2961,7523.924716,GB,100,1.0,100,1.0,18,339.298,3.39298,294726.1699155315,
4,2962,7524.335822,NB,64,0.01,1,0.015625,0,139.701,2.182828125,458121.27329081396,
4,2963,7524.518222,GB,16,0.1,0,0.0,24,244.779,15.2986875,65365.08442309185,
4,2964,7524.819033,SGD,100,1.0,100,1.0,0,187.093,1.87093,534493.5406455613,
4,2965,7525.06702,NB,8,0.1,1,0.125,9,113.35,14.16875,70577.856197618,
4,2966,7525.238533,RF,16,0.1,1,0.0625,12,3179.879,198.7424375,5031.6379962885385,
4,2967,7528.463099,LoR,1,0.5,1,1.0,24,168.148,168.148,5947.141803649166,
4,2968,7528.806357,NB,100,0.0,0,0.0,28,144.126,1.44126,693837.3367747664,
4,2969,7529.025157,AB,100,0.5,52,0.52,23,8897.731,88.97731,11238.820323967988,
4,2970,7537.988287,AB,16,0.5,7,0.4375,22,8211.515,513.2196875,1948.4833188516373,
4,2971,7546.248198,SGD,32,0.01,0,0.0,1,159.591,4.98721875,200512.56023209327,
4,2972,7546.450535,DT,1,0.05,0,0.0,13,85.392,85.392,11710.698894510026,7.0
4,2973,7546.748202,AB,32,1.0,32,1.0,15,8325.895,260.18421875,3843.430646194793,
4,2974,7555.139756,SGD,16,0.05,1,0.0625,0,158.421,9.9013125,100996.71129458847,
4,2975,7555.367695,RF,64,0.5,30,0.46875,20,4166.113,65.095515625,15362.041308049013,
4,2976,7559.580573,NB,8,0.05,0,0.0,1,123.706,15.46325,64669.458231613666,
4,2977,7559.768766,GB,32,0.05,4,0.125,23,260.464,8.1395,122857.66939001167,
4,2978,7560.098763,GB,64,0.05,3,0.046875,4,257.056,4.0165,248972.98643097226,
4,2979,7560.39809,SGD,16,1.0,16,1.0,14,165.314,10.332125,96785.51120897202,
4,2980,7560.610436,DT,32,0.01,0,0.0,3,92.752,2.8985,345006.0376056581,
4,2981,7560.743893,LoR,8,0.01,0,0.0,11,153.72,19.215,52042.674993494664,
4,2982,7560.965687,AB,64,0.05,5,0.078125,4,8433.057,131.766515625,7589.1814795038135,
4,2983,7569.47809,AB,100,0.01,1,0.01,13,8674.455,86.74455,11528.101765471145,
4,2984,7578.220308,RF,32,0.5,9,0.28125,7,3733.497,116.67178125,8571.05282259501,
4,2985,7582.016877,MLP,16,0.0,0,0.0,27,310.466,19.404125,51535.43383172392,
4,2986,7582.388406,DT,1,0.1,0,0.0,11,99.872,99.872,10012.816404998399,7.0
4,2987,7582.731263,LoR,32,0.5,18,0.5625,19,176.846,5.5264375,180948.39577937865,
4,2988,7582.970795,SGD,8,0.5,2,0.25,9,169.631,21.203875,47161.19105588012,
4,2989,7583.21934,AB,100,0.1,14,0.14,27,8861.428,88.61428,11284.862891172845,
4,2990,7592.135506,AB,64,1.0,64,1.0,29,8461.75,132.21484375,7563.447277454427,
4,2991,7600.648904,RF,64,0.0,0,0.0,3,3563.236,55.6755625,17961.201559481327,
4,2992,7604.26058,GB,32,0.0,0,0.0,9,288.33,9.0103125,110983.9420108903,
4,2993,7604.592804,SGD,1,0.1,0,0.0,8,171.465,171.465,5832.094013355495,
4,2994,7604.958909,NB,64,0.1,5,0.078125,27,137.706,2.15165625,464758.25308991625,
4,2995,7605.156075,LoR,16,0.1,1,0.0625,24,160.184,10.0115,99885.1320980872,
4,2996,7605.359443,RF,16,0.01,0,0.0,23,3222.601,201.4125625,4964.933604873827,
4,2997,7608.635352,NB,64,1.0,64,1.0,19,138.215,2.159609375,463046.70260102017,
4,2998,7608.842304,AB,64,0.05,2,0.03125,0,8608.607,134.509484375,7434.419993850341,
4,2999,7617.504098,DT,64,0.05,0,0.0,23,91.031,1.422359375,703057.2002944051,
4,3000,7617.636741,GB,1,0.1,1,1.0,11,223.354,223.354,4477.197632457892,4.0
4,3001,7630.954468,LoR,8,0.05,0,0.0,24,230.021,28.752625,34779.43318218771,
4,3002,7631.259429,MLP,64,0.1,4,0.0625,16,233.697,3.651515625,273858.8856510781,
4,3003,7631.571915,NB,100,0.1,11,0.11,12,151.277,1.51277,661039.0211334176,
4,3004,7631.78497,RF,32,0.1,4,0.125,13,3559.497,111.23428125,8990.034266077482,
4,3005,7635.404851,MLP,100,0.0,0,0.0,6,249.691,2.49691,400495.0118346276,
4,3006,7635.695899,AB,1,1.0,1,1.0,27,7980.042,7980.042,125.31262366789548,2.0
4,3007,7656.591089,NB,100,0.01,0,0.0,27,148.267,1.48267,674458.9153351723,
4,3008,7656.781014,SGD,8,0.05,0,0.0,13,164.699,20.587375,48573.45824807679,
4,3009,7656.986688,DT,1,0.1,0,0.0,12,88.266,88.266,11329.390705367865,7.0
4,3010,7657.276745,LoR,100,1.0,100,1.0,8,173.266,1.7326599999999999,577147.2764420025,
4,3011,7657.494055,DT,16,0.01,0,0.0,26,90.084,5.63025,177612.00657164425,
4,3012,7657.643448,NB,16,0.1,3,0.1875,8,114.838,7.177375,139326.70370434874,
4,3013,7657.818004,DT,32,0.01,1,0.03125,24,93.107,2.90959375,343690.59254406224,
4,3014,7657.966468,DT,100,0.01,0,0.0,5,98.275,0.98275,1017552.7855507504,
4,3015,7658.120612,NB,8,0.5,4,0.5,26,111.198,13.89975,71943.73999532366,
4,3016,7658.291578,DT,32,0.05,1,0.03125,15,91.699,2.86559375,348967.81862397626,
4,3017,7658.429608,DT,64,1.0,64,1.0,14,105.172,1.6433125,608526.9843684632,
4,3018,7658.594041,AB,32,0.1,2,0.0625,13,8238.237,257.44490625,3884.326221738948,
4,3019,7666.885838,GB,64,0.01,0,0.0,4,281.766,4.40259375,227138.8315126736,
4,3020,7667.2132,MLP,32,0.0,0,0.0,17,199.81,6.2440625,160152.14453731044,
4,3021,7667.469885,RF,100,1.0,100,1.0,18,5278.984,52.789840000000005,18943.039039330295,
4,3022,7672.798417,DT,32,1.0,32,1.0,29,106.883,3.34009375,299392.7939896897,
4,3023,7672.967474,SGD,8,0.05,1,0.125,26,166.311,20.788875,48102.651057356394,
4,3024,7673.19803,GB,32,0.5,15,0.46875,29,263.602,8.2375625,121395.13357258293,
4,3025,7673.518054,RF,100,1.0,100,1.0,11,5261.892,52.618919999999996,19004.57097941197,
4,3026,7678.848534,MLP,16,0.5,8,0.5,23,245.71,15.356875,65117.4148386309,
4,3027,7679.145584,LoR,8,0.01,0,0.0,5,158.715,19.839375,50404.8136597045,
4,3028,7679.354682,GB,64,1.0,64,1.0,22,276.588,4.3216875,231391.09433525676,
4,3029,7679.676962,MLP,32,1.0,32,1.0,4,201.563,6.29884375,158759.2961009709,
4,3030,7679.939669,NB,8,0.5,2,0.25,7,117.3,14.6625,68201.19352088662,
4,3031,7680.097022,MLP,8,0.01,0,0.0,9,177.35,22.16875,45108.542430222726,
4,3032,7680.321157,NB,32,0.01,0,0.0,28,118.109,3.69090625,270936.1691319036,
4,3033,7680.501021,SGD,32,0.05,4,0.125,24,160.125,5.00390625,199843.87197501952,
4,3034,7680.705395,GB,16,1.0,16,1.0,9,233.129,14.5705625,68631.53018286014,
4,3035,7680.983724,MLP,32,0.0,0,0.0,19,196.043,6.12634375,163229.49556984947,
4,3036,7681.2515,NB,64,0.1,6,0.09375,24,130.479,2.038734375,490500.3870354616,
4,3037,7681.434996,SGD,64,0.01,0,0.0,22,164.819,2.575296875,388304.7464187988,
4,3038,7681.640832,NB,16,0.0,0,0.0,10,111.803,6.9876875,143108.8611217946,
4,3039,7681.82611,NB,100,0.05,5,0.05,10,136.885,1.36885,730540.2345034153,
4,3040,7682.033368,LoR,100,0.05,7,0.07,19,171.866,1.71866,581848.6495292844,
4,3041,7682.244788,MLP,16,0.0,0,0.0,7,179.594,11.224625,89089.83596333953,
4,3042,7682.479264,GB,100,0.0,0,0.0,10,271.316,2.71316,368573.91381267604,
4,3043,7682.792723,NB,1,0.1,0,0.0,2,108.168,108.168,9244.87833740108,
4,3044,7682.985952,RF,100,0.5,48,0.48,2,4721.76,47.217600000000004,21178.54359391413,
4,3045,7687.790275,MLP,100,0.01,1,0.01,23,249.314,2.49314,401100.6201015587,
4,3046,7688.083238,AB,16,1.0,16,1.0,5,8282.107,517.6316875,1931.875548094223,
4,3047,7696.430443,RF,16,0.5,9,0.5625,16,3395.825,212.2390625,4711.6680040932615,
4,3048,7699.874204,LoR,32,1.0,32,1.0,21,172.695,5.39671875,185297.77932192595,
4,3049,7700.117245,GB,64,0.1,6,0.09375,27,264.525,4.133203125,241943.10556658162,
4,3050,7700.44381,MLP,16,0.01,1,0.0625,2,192.616,12.0385,83066.82726253271,
4,3051,7700.682755,GB,32,0.01,0,0.0,26,232.192,7.256,137816.9790518192,
4,3052,7700.956516,LoR,16,0.0,0,0.0,19,158.716,9.91975,100808.99216210085,
4,3053,7701.156405,NB,16,0.0,0,0.0,0,115.633,7.2270625,138368.80475296846,
4,3054,7701.311014,RF,8,1.0,8,1.0,9,3406.023,425.752875,2348.7803811072326,
4,3055,7704.778179,GB,100,0.0,0,0.0,16,286.85,2.8685,348614.2583231654,
4,3056,7705.108008,MLP,1,0.5,1,1.0,17,184.468,184.468,5420.994427217729,
4,3057,7705.474558,SGD,100,0.01,0,0.0,9,195.102,1.95102,512552.4084837675,
4,3058,7705.786212,RF,16,0.1,1,0.0625,11,3664.481,229.0300625,4366.23903903445,
4,3059,7709.555876,RF,100,0.01,4,0.04,9,3980.011,39.80011,25125.558698204604,
4,3060,7713.605392,SGD,8,0.5,4,0.5,26,197.466,24.68325,40513.303556055216,
4,3061,7713.843025,RF,1,1.0,1,1.0,4,3080.876,3080.876,324.5830082093534,19.3
4,3062,7730.104159,AB,64,1.0,64,1.0,8,8575.713,133.995515625,7462.936317948141,
4,3063,7738.729212,GB,16,0.1,0,0.0,26,254.828,15.92675,62787.44878898708,
4,3064,7739.062966,RF,16,1.0,16,1.0,26,3663.158,228.947375,4367.81596644207,
4,3065,7742.802048,DT,64,0.1,6,0.09375,27,104.758,1.63684375,610931.8620057657,
4,3066,7742.948181,MLP,1,0.01,0,0.0,11,239.491,239.491,4175.52225344585,
4,3067,7743.355858,NB,32,0.0,0,0.0,22,125.957,3.93615625,254054.95526251022,
4,3068,7743.521279,DT,8,1.0,8,1.0,10,93.168,11.646,85866.3918942126,
4,3069,7743.655197,NB,8,0.05,0,0.0,20,110.306,13.78825,72525.51991732091,
4,3070,7743.80316,RF,8,0.0,0,0.0,19,3179.404,397.4255,2516.194859162283,
4,3071,7747.029337,DT,1,0.0,0,0.0,5,94.051,94.051,10632.529159711221,7.0
4,3072,7747.319805,RF,1,1.0,1,1.0,5,3027.457,3027.457,330.3102240593343,13.21
4,3073,7763.479397,MLP,100,0.0,0,0.0,7,247.437,2.47437,404143.27687451756,
4,3074,7763.785957,MLP,100,1.0,100,1.0,20,227.811,2.27811,438960.3662685296,
4,3075,7764.056281,DT,16,0.0,0,0.0,5,92.343,5.7714375,173267.05868338695,
4,3076,7764.189794,DT,1,0.01,0,0.0,16,91.168,91.168,10968.760968760967,7.0
4,3077,7764.4961,MLP,64,0.05,3,0.046875,6,222.284,3.4731875,287919.9582516061,
4,3078,7764.761375,DT,16,0.0,0,0.0,26,91.056,5.691,175716.04287471448,
4,3079,7764.891311,RF,8,1.0,8,1.0,21,3368.959,421.119875,2374.620765643037,
4,3080,7768.340914,RF,100,0.01,1,0.01,7,3778.188,37.78188,26467.71415292198,
4,3081,7772.162738,SGD,8,1.0,8,1.0,20,174.801,21.850125,45766.328567914374,
4,3082,7772.387779,NB,64,0.0,0,0.0,15,133.647,2.088234375,478873.45020838483,
4,3083,7772.562872,LoR,8,0.01,0,0.0,4,158.977,19.872125,50321.74465488718,
4,3084,7772.762738,NB,1,0.1,0,0.0,18,102.4,102.4,9765.625,
4,3085,7772.91517,DT,8,0.05,0,0.0,15,89.504,11.188,89381.4801573114,
4,3086,7773.04393,LoR,1,0.1,0,0.0,13,150.705,150.705,6635.479911084569,
4,3087,7773.354108,NB,16,0.0,0,0.0,20,113.826,7.114125,140565.42441972837,
4,3088,7773.52779,RF,16,0.1,2,0.125,23,3201.779,200.1111875,4997.221856973889,
4,3089,7776.791206,NB,100,0.01,0,0.0,14,151.159,1.51159,661555.0513035943,
4,3090,7777.011099,DT,64,0.1,9,0.140625,5,102.572,1.6026875,623951.9556994111,
4,3091,7777.154407,AB,8,0.01,0,0.0,24,8221.066,1027.63325,973.1098132529285,
4,3092,7785.421342,GB,8,1.0,8,1.0,1,244.754,30.59425,32685.880516763773,
4,3093,7785.708965,LoR,1,0.5,0,0.0,20,156.258,156.258,6399.672336776357,
4,3094,7786.014341,AB,1,0.0,0,0.0,19,7890.368,7890.368,126.73680112258388,2.0
4,3095,7807.442249,MLP,32,0.5,14,0.4375,14,244.153,7.62978125,131065.35655920673,
4,3096,7807.761203,AB,64,0.5,38,0.59375,22,8625.207,134.768859375,7420.111772389926,
4,3097,7816.452546,SGD,16,0.5,5,0.3125,7,168.316,10.51975,95059.2932341548,
4,3098,7816.664912,AB,16,0.01,0,0.0,26,8219.297,513.7060625,1946.6385020519394,
4,3099,7824.957198,MLP,64,0.01,2,0.03125,25,211.748,3.3085625,302246.0660785462,
4,3100,7825.233318,SGD,32,0.05,2,0.0625,26,158.26,4.945625,202198.91318084166,
4,3101,7825.431983,GB,1,0.5,0,0.0,8,247.138,247.138,4046.3222976636534,4.0
4,3102,7838.516444,AB,100,1.0,100,1.0,6,8823.558,88.23558000000001,11333.296613452305,
4,3103,7847.404521,DT,16,0.5,10,0.625,27,91.89,5.743125,174121.23190771576,
4,3104,7847.535641,LoR,8,0.0,0,0.0,11,156.322,19.54025,51176.41790662862,
4,3105,7847.754658,SGD,32,0.5,12,0.375,2,155.972,4.874125,205165.02962070113,
4,3106,7847.949468,NB,8,0.0,0,0.0,25,113.515,14.189375,70475.26758578162,
4,3107,7848.105302,SGD,1,0.01,0,0.0,2,149.101,149.101,6706.863133044044,
4,3108,7848.409831,GB,1,0.1,0,0.0,15,215.712,215.712,4635.810710577066,4.0
4,3109,7861.28942,AB,16,0.0,0,0.0,22,8140.032,508.752,1965.5942384501682,
4,3110,7869.476031,MLP,32,0.0,0,0.0,9,193.666,6.0520625,165232.9267914864,
4,3111,7869.710494,AB,1,1.0,1,1.0,4,7845.492,7845.492,127.46173216415235,2.0
4,3112,7890.424614,SGD,1,0.1,0,0.0,12,154.484,154.484,6473.162269231765,
4,3113,7890.737707,MLP,64,0.01,0,0.0,16,203.672,3.182375,314230.7239090302,
4,3114,7891.015312,AB,64,0.1,8,0.125,3,8419.058,131.54778125,7601.800581490233,
4,3115,7899.482019,NB,32,0.01,0,0.0,9,118.807,3.71271875,269344.39889905474,
4,3116,7899.638407,NB,1,1.0,1,1.0,26,97.866,97.866,10218.053256493573,
4,3117,7899.814329,MLP,64,0.1,3,0.046875,25,205.861,3.216578125,310889.38652780274,
4,3118,7900.096223,MLP,100,0.5,57,0.57,27,218.599,2.18599,457458.6343029932,
4,3119,7900.374882,DT,16,0.05,2,0.125,26,90.541,5.6588125,176715.5211451166,
4,3120,7900.536403,MLP,100,0.1,12,0.12,16,220.931,2.2093100000000003,452630.0066536611,
4,3121,7900.830557,SGD,100,0.05,4,0.04,25,163.762,1.63762,610642.2735433129,
4,3122,7901.030935,GB,1,1.0,1,1.0,20,235.917,235.917,4238.778892576626,4.0
4,3123,7914.206399,RF,32,0.5,18,0.5625,20,4376.663,136.77071875,7311.5065062126105,
4,3124,7918.646938,NB,16,0.0,0,0.0,21,148.367,9.2729375,107840.69233724481,
4,3125,7918.842461,SGD,8,0.1,0,0.0,14,186.499,23.312375,42895.67236285449,
4,3126,7919.092254,NB,8,0.05,1,0.125,11,115.188,14.3985,69451.67899433969,
4,3127,7919.250754,LoR,16,0.0,0,0.0,6,172.71,10.794375,92640.84303167158,
4,3128,7919.487695,SGD,32,0.01,1,0.03125,4,156.359,4.88621875,204657.23111557376,
4,3129,7919.713625,RF,64,0.05,1,0.015625,16,3682.19,57.53421875,17380.960786923,
4,3130,7923.475571,AB,100,0.01,2,0.02,12,8683.034,86.83033999999999,11516.711785304538,
4,3131,7932.20108,GB,1,0.5,0,0.0,15,234.032,234.032,4272.919942571956,4.0
4,3132,7945.175794,MLP,100,0.05,4,0.04,27,275.692,2.75692,362723.61911118205,
4,3133,7945.549344,NB,64,0.5,37,0.578125,25,132.236,2.0661875,483983.18158444,
4,3134,7945.722981,NB,32,1.0,32,1.0,13,112.679,3.52121875,283992.5806938294,
4,3135,7945.905404,SGD,100,0.01,1,0.01,8,172.416,1.72416,579992.576095026,
4,3136,7946.14953,AB,100,0.1,8,0.08,23,8577.117,85.77117,11658.929218290948,
4,3137,7954.804466,GB,100,0.5,55,0.55,6,297.789,2.97789,335808.24006259465,
4,3138,7955.152308,LoR,64,0.0,0,0.0,25,169.941,2.655328125,376601.2910363008,
4,3139,7955.385777,MLP,32,0.5,18,0.5625,8,193.35,6.0421875,165502.97388156195,
4,3140,7955.617084,DT,1,1.0,1,1.0,6,88.06,88.06,11355.893708834885,9.0
4,3141,7955.904724,DT,100,0.0,0,0.0,19,99.242,0.9924200000000001,1007637.8952459644,
4,3142,7956.044494,SGD,8,0.05,0,0.0,12,155.846,19.48075,51332.725896076896,
4,3143,7956.242156,SGD,32,1.0,32,1.0,11,150.928,4.7165,212021.626205873,
4,3144,7956.440211,DT,64,1.0,64,1.0,12,106.941,1.670953125,598460.8335437297,
4,3145,7956.613261,AB,64,0.5,32,0.5,2,8408.155,131.377421875,7611.657967770575,
4,3146,7965.061333,SGD,1,1.0,1,1.0,17,149.104,149.104,6706.728189719926,
4,3147,7965.366015,GB,1,1.0,1,1.0,19,199.527,199.527,5011.853032421677,4.0
4,3148,7977.983979,MLP,8,0.05,1,0.125,22,193.883,24.235375,41261.99821541858,
4,3149,7978.219189,GB,8,0.0,0,0.0,16,211.217,26.402125,37875.73916872221,
4,3150,7978.504972,MLP,100,0.1,8,0.08,22,225.285,2.25285,443882.1936658011,
4,3151,7978.799078,MLP,64,0.05,4,0.0625,23,200.656,3.13525,318953.8314329001,
4,3152,7979.078513,NB,32,1.0,32,1.0,28,118.226,3.6945625,270668.0425625497,
4,3153,7979.2684,GB,100,0.01,1,0.01,7,264.579,2.64579,377958.9460992747,
4,3154,7979.573093,MLP,1,0.5,0,0.0,23,171.459,171.459,5832.2981004205085,
4,3155,7979.917932,LoR,16,0.05,1,0.0625,23,150.575,9.4109375,106259.33919973436,
4,3156,7980.14189,AB,100,0.05,2,0.02,0,8637.226,86.37226000000001,11577.791295492325,
4,3157,7988.821249,LoR,1,0.5,1,1.0,17,145.896,145.896,6854.197510555465,
4,3158,7989.116152,GB,16,0.0,0,0.0,7,210.606,13.162875,75971.24488381148,
4,3159,7989.401141,DT,100,0.1,3,0.03,22,98.793,0.9879300000000001,1012217.4648001376,
4,3160,7989.543133,AB,32,0.01,0,0.0,19,8174.276,255.446125,3914.7197868043604,
4,3161,7997.76223,AB,32,0.0,0,0.0,1,8064.971,252.03034375,3967.776201551128,
4,3162,8005.89875,AB,64,0.5,30,0.46875,6,8263.468,129.1166875,7744.932272987563,
4,3163,8014.204091,AB,1,0.01,0,0.0,24,7678.832,7678.832,130.22813886278539,2.0
4,3164,8034.592384,LoR,100,0.05,4,0.04,1,170.868,1.70868,585247.0913219561,
4,3165,8034.823377,MLP,16,0.1,4,0.25,0,179.829,11.2393125,88973.41363183914,
4,3166,8035.083605,SGD,32,0.05,0,0.0,28,154.578,4.8305625,207015.2285577508,
4,3167,8035.304045,DT,32,0.5,15,0.46875,19,93.266,2.9145625,343104.66836789396,
4,3168,8035.438197,GB,32,0.0,0,0.0,14,225.486,7.0464375,141915.6843440391,
4,3169,8035.730861,NB,64,0.5,33,0.515625,28,131.379,2.052796875,487140.2583365683,
4,3170,8035.927095,NB,64,0.01,1,0.015625,11,124.408,1.943875,514436.3706514051,
4,3171,8036.097548,SGD,64,0.01,0,0.0,5,163.366,2.55259375,391758.3830172741,
4,3172,8036.332815,NB,100,0.1,8,0.08,11,136.108,1.36108,734710.6709377847,
4,3173,8036.504895,DT,1,1.0,1,1.0,24,87.077,87.077,11484.088794974563,19.0
4,3174,8036.779558,MLP,16,1.0,16,1.0,23,184.335,11.5209375,86798.49187620365,
4,3175,8037.021422,RF,100,0.01,0,0.0,11,3804.772,38.04772,26282.783830410863,
4,3176,8040.883895,GB,100,1.0,100,1.0,12,297.566,2.9756599999999995,336059.8993164542,
4,3177,8041.243956,AB,16,0.05,1,0.0625,15,8105.946,506.621625,1973.8596827563372,
4,3178,8049.400494,MLP,64,0.0,0,0.0,27,206.773,3.230828125,309518.1672655521,
4,3179,8049.648184,GB,8,0.0,0,0.0,12,211.231,26.403875,37873.22883478277,
4,3180,8049.898646,RF,1,1.0,1,1.0,9,2980.662,2980.662,335.4959401636281,14.29
4,3181,8065.662346,AB,32,0.01,1,0.03125,11,8139.814,254.3691875,3931.293761749347,
4,3182,8073.85898,MLP,100,1.0,100,1.0,13,226.863,2.26863,440794.6646213794,
4,3183,8074.126124,AB,1,1.0,1,1.0,6,7787.234,7787.234,128.41530124817103,2.0
4,3184,8095.662469,GB,32,0.5,13,0.40625,16,283.356,8.854875,112932.1418992363,
4,3185,8095.999434,AB,64,0.0,0,0.0,1,8497.169,132.768265625,7531.920337232318,
4,3186,8104.538274,GB,8,0.0,0,0.0,8,229.207,28.650875,34902.947990244626,
4,3187,8104.823877,RF,100,1.0,100,1.0,24,5222.672,52.22671999999999,19147.28705919116,
4,3188,8110.122748,GB,64,0.5,26,0.40625,4,285.302,4.45784375,224323.69909779812,
4,3189,8110.450363,LoR,1,0.05,0,0.0,28,174.72,174.72,5723.443223443223,
4,3190,8110.779523,LoR,1,0.0,0,0.0,29,168.41,168.41,5937.889674009857,
4,3191,8111.127433,GB,1,0.01,0,0.0,14,206.811,206.811,4835.3327434227385,4.0
4,3192,8124.440518,AB,100,0.1,5,0.05,0,8740.953,87.40952999999999,11440.400148587918,
4,3193,8133.232041,AB,1,0.5,1,1.0,3,7808.895,7808.895,128.059091587222,2.0
4,3194,8153.920588,GB,16,0.0,0,0.0,21,261.233,16.3270625,61248.00465484835,
4,3195,8154.261494,NB,100,0.05,10,0.1,8,153.122,1.5312200000000002,653074.0194093598,
4,3196,8154.451846,GB,1,1.0,1,1.0,10,224.607,224.607,4452.220990441082,4.0
4,3197,8167.210177,NB,16,0.01,0,0.0,26,118.116,7.38225,135460.05621592334,
4,3198,8167.376302,GB,64,0.0,0,0.0,27,244.966,3.82759375,261260.74638929483,
4,3199,8167.696704,DT,100,0.5,52,0.52,15,114.997,1.14997,869587.9022931033,
4,3200,8167.872214,DT,32,0.5,20,0.625,0,95.543,2.98571875,334927.7288760035,
4,3201,8168.00804,DT,32,0.0,0,0.0,25,86.797,2.71240625,368676.33673974907,
4,3202,8168.133617,SGD,8,0.05,0,0.0,6,171.305,21.413125,46700.32982107936,
4,3203,8168.370342,MLP,64,0.5,32,0.5,7,222.594,3.47803125,287518.9807452133,
4,3204,8168.653432,RF,16,0.1,1,0.0625,17,3182.801,198.9250625,5027.0186543236605,
4,3205,8171.90812,SGD,64,0.05,3,0.046875,6,174.827,2.731671875,366076.1781647,
4,3206,8172.121686,LoR,1,0.0,0,0.0,22,150.44,150.44,6647.168306301515,
4,3207,8172.431895,MLP,8,0.05,0,0.0,26,172.461,21.557625,46387.29915749068,
4,3208,8172.665533,MLP,16,0.1,3,0.1875,23,172.167,10.7604375,92933.02433102744,
4,3209,8172.901013,AB,32,0.01,1,0.03125,25,8232.389,257.26215625,3887.085510657964,
4,3210,8181.173401,DT,1,1.0,1,1.0,20,79.245,79.245,12619.092687235787,40.0
4,3211,8181.470264,GB,100,0.1,9,0.09,28,277.451,2.7745100000000003,360424.0027968902,
4,3212,8181.816843,NB,64,0.05,5,0.078125,5,134.028,2.0941875,477512.16163786675,
4,3213,8181.997585,MLP,64,0.0,0,0.0,12,236.852,3.7008125,270210.93340989307,
4,3214,8182.294095,LoR,8,0.5,5,0.625,21,152.075,19.009375,52605.62222587539,
4,3215,8182.48316,LoR,1,1.0,1,1.0,13,142.09,142.09,7037.792948131466,
4,3216,8182.807928,DT,64,0.0,0,0.0,15,92.288,1.442,693481.2760055478,
4,3217,8182.94487,AB,32,0.01,0,0.0,9,8822.271,275.69596875,3627.1839756452728,
4,3218,8191.83877,LoR,32,0.05,2,0.0625,19,162.482,5.0775625,196944.89235730728,
4,3219,8192.07795,SGD,100,0.05,5,0.05,5,165.667,1.65667,603620.5158540929,
4,3220,8192.302266,DT,8,0.5,6,0.75,17,92.158,11.51975,86807.43939755637,
4,3221,8192.441324,LoR,64,1.0,64,1.0,21,157.473,2.460515625,406418.87815689034,
4,3222,8192.658061,MLP,16,0.05,3,0.1875,20,183.017,11.4385625,87423.57267357677,
4,3223,8192.884429,DT,16,0.01,0,0.0,9,88.274,5.517125,181253.82332283573,
4,3224,8193.03057,DT,8,0.01,1,0.125,12,86.067,10.758375,92950.8406241649,
4,3225,8193.168386,MLP,100,0.0,0,0.0,29,223.864,2.23864,446699.7820105064,
4,3226,8193.4531,AB,16,0.1,3,0.1875,0,8290.045,518.1278125,1930.0257115612762,
4,3227,8201.785259,AB,8,1.0,8,1.0,7,8450.154,1056.26925,946.72830814681,
4,3228,8210.296943,AB,64,1.0,64,1.0,24,8416.508,131.5079375,7604.103744688415,
4,3229,8218.759526,RF,1,0.01,0,0.0,24,3234.717,3234.717,309.14605512630624,6.92
4,3230,8235.175379,NB,64,0.05,5,0.078125,16,147.883,2.310671875,432774.55826565594,
4,3231,8235.363328,LoR,1,0.05,0,0.0,2,175.244,175.244,5706.329460637739,
4,3232,8235.694217,MLP,1,1.0,1,1.0,1,176.907,176.907,5652.687570305301,
4,3233,8236.054939,GB,100,0.5,51,0.51,16,334.388,3.34388,299053.79379642813,
4,3234,8236.466989,DT,100,0.5,57,0.57,7,121.549,1.21549,822713.4735785568,
4,3235,8236.629498,LoR,1,0.1,0,0.0,23,156.584,156.584,6386.348541357993,
4,3236,8236.953407,NB,100,0.0,0,0.0,22,142.832,1.42832,700123.2216870169,
4,3237,8237.135953,MLP,16,1.0,16,1.0,15,188.299,11.7686875,84971.24254510114,
4,3238,8237.38572,AB,16,0.5,7,0.4375,20,8278.718,517.419875,1932.666386268985,
4,3239,8245.725133,RF,100,0.01,0,0.0,1,3953.365,39.533649999999994,25294.9069969507,
4,3240,8249.726301,NB,16,0.05,0,0.0,25,125.956,7.87225,127028.48613801645,
4,3241,8249.894209,GB,8,0.01,0,0.0,8,255.802,31.97525,31274.188630268724,
4,3242,8250.19074,MLP,8,1.0,8,1.0,27,188.123,23.515375,42525.369040468206,
4,3243,8250.422815,DT,8,0.05,0,0.0,1,90.67,11.33375,88232.05029226867,
4,3244,8250.552929,LoR,8,1.0,8,1.0,15,154.863,19.357875,51658.562729638455,
4,3245,8250.783382,AB,100,0.05,4,0.04,18,9087.101,90.87101000000001,11004.609720966015,
4,3246,8259.918484,AB,1,0.1,0,0.0,23,7994.399,7994.399,125.08757693980498,2.0
4,3247,8281.229177,LoR,32,1.0,32,1.0,17,187.012,5.844125,171112.01420229717,
4,3248,8281.490797,LoR,64,0.5,29,0.453125,4,165.745,2.589765625,386135.3283658632,
4,3249,8281.699909,NB,1,0.5,1,1.0,26,109.744,109.744,9112.11546872722,
4,3250,8281.877346,NB,8,0.5,5,0.625,2,108.481,13.560125,73745.63287580314,
4,3251,8282.050934,GB,64,0.1,2,0.03125,25,296.317,4.629953125,215984.90805454968,
4,3252,8282.391678,LoR,32,1.0,32,1.0,4,166.8,5.2125,191846.52278177458,
4,3253,8282.627791,AB,64,0.1,8,0.125,4,8600.762,134.38690625,7441.201140085029,
4,3254,8291.271667,SGD,1,0.05,0,0.0,15,157.08,157.08,6366.182836771071,
4,3255,8291.62096,GB,100,0.01,2,0.02,4,295.507,2.95507,338401.459187092,
4,3256,8291.981735,MLP,32,0.05,2,0.0625,24,216.817,6.77553125,147589.9030057606,
4,3257,8292.248307,AB,64,0.0,0,0.0,9,8517.103,133.079734375,7514.292124916185,
4,3258,8300.830555,DT,16,0.1,1,0.0625,27,85.51,5.344375,187112.61840720382,
4,3259,8300.978011,RF,32,0.1,3,0.09375,11,3515.378,109.8555625,9102.861769061534,
4,3260,8304.537401,LoR,8,1.0,8,1.0,22,169.41,21.17625,47222.71412549436,
4,3261,8304.749415,DT,16,1.0,16,1.0,25,98.214,6.138375,162909.56482782494,
4,3262,8304.921751,MLP,100,0.5,58,0.58,28,238.425,2.38425,419419.1045402118,
4,3263,8305.202912,AB,1,0.01,0,0.0,0,7990.909,7990.909,125.14220847715823,2.0
4,3264,8326.240371,MLP,1,0.0,0,0.0,8,175.386,175.386,5701.709372469867,
4,3265,8326.607295,AB,64,0.1,6,0.09375,10,8573.94,133.9678125,7464.47957415144,
4,3266,8335.261283,SGD,100,0.05,5,0.05,7,171.882,1.71882,581794.4869154419,
4,3267,8335.492709,RF,8,0.5,5,0.625,9,3324.136,415.517,2406.640402197744,
4,3268,8338.891616,SGD,64,0.5,35,0.546875,1,183.188,2.8623125,349367.8625237461,
4,3269,8339.145049,NB,64,0.05,5,0.078125,7,134.968,2.108875,474186.47383083403,
4,3270,8339.317015,RF,1,0.0,0,0.0,29,3068.604,3068.604,325.8810846886728,25.53
4,3271,8355.473917,NB,100,0.0,0,0.0,6,148.211,1.48211,674713.7526904211,
4,3272,8355.683026,SGD,16,0.5,5,0.3125,25,164.061,10.2538125,97524.70117822029,
4,3273,8355.907703,MLP,16,0.5,5,0.3125,11,188.077,11.7548125,85071.53984804096,
4,3274,8356.158695,RF,32,0.1,3,0.09375,4,3514.16,109.8175,9106.016800600997,
4,3275,8359.753541,NB,100,0.05,3,0.03,21,152.108,1.52108,657427.6172193441,
4,3276,8359.968013,NB,32,0.5,21,0.65625,0,119.633,3.73853125,267484.7241145838,
4,3277,8360.149844,GB,32,0.05,2,0.0625,29,269.844,8.432625,118587.035472347,
4,3278,8360.46116,LoR,16,0.0,0,0.0,4,162.893,10.1808125,98223.98752555359,
4,3279,8360.699235,AB,100,0.05,7,0.07,15,8729.416,87.29415999999999,11455.520048534749,
4,3280,8369.473319,MLP,8,0.01,0,0.0,1,180.755,22.594375,44258.80335260436,
4,3281,8369.731278,MLP,100,0.5,51,0.51,5,223.152,2.2315199999999997,448125.0448125045,
4,3282,8369.996463,NB,16,1.0,16,1.0,27,113.296,7.081,141222.99110295155,
4,3283,8370.149642,NB,1,0.5,0,0.0,23,99.89,99.89,10011.012113324658,
4,3284,8370.316113,AB,8,0.01,1,0.125,21,8144.76,1018.095,982.226609501078,
4,3285,8378.504579,MLP,16,1.0,16,1.0,17,180.907,11.3066875,88443.23326350002,
4,3286,8378.727597,MLP,1,0.5,1,1.0,9,161.067,161.067,6208.596422606741,
4,3287,8379.08356,RF,100,0.1,8,0.08,29,4068.172,40.68172,24581.064910726487,
4,3288,8383.208933,MLP,64,0.01,0,0.0,2,223.814,3.49709375,285951.72777395515,
4,3289,8383.476178,NB,1,0.1,0,0.0,3,106.636,106.636,9377.696087625192,
4,3290,8383.630982,LoR,1,0.1,0,0.0,0,152.758,152.758,6546.3019940035865,
4,3291,8383.934851,MLP,8,0.1,0,0.0,22,175.872,21.984,45487.62736535662,
4,3292,8384.176236,NB,32,0.01,4,0.125,19,118.299,3.69684375,270501.0186053982,
4,3293,8384.333484,MLP,16,0.0,0,0.0,15,178.404,11.15025,89684.08780072196,
4,3294,8384.552958,GB,1,0.5,1,1.0,2,233.616,233.616,4280.528730908842,4.0
4,3295,8398.287524,LoR,1,0.05,0,0.0,11,191.747,191.747,5215.205453018822,
4,3296,8398.672344,DT,32,0.1,5,0.15625,22,104.822,3.2756875,305279.42607467895,
4,3297,8398.816104,GB,1,0.0,0,0.0,29,263.916,263.916,3789.08440564422,4.0
4,3298,8412.269102,AB,8,0.01,0,0.0,17,8084.445,1010.555625,989.5546323835465,
4,3299,8420.398676,SGD,8,0.01,0,0.0,21,205.957,25.744625,38843.05947357944,
4,3300,8420.729626,NB,32,0.5,16,0.5,14,123.289,3.85278125,259552.75815360656,
4,3301,8420.891101,LoR,1,0.1,0,0.0,9,251.412,251.412,3977.5348829809236,
4,3302,8421.466385,MLP,100,0.5,57,0.57,3,260.031,2.60031,384569.5320942503,
4,3303,8421.799653,SGD,64,0.05,3,0.046875,4,167.851,2.622671875,381290.5493562743,
4,3304,8422.038054,LoR,64,0.1,4,0.0625,3,163.489,2.554515625,391463.6458721993,
4,3305,8422.250812,LoR,64,1.0,64,1.0,19,157.291,2.457671875,406889.141781793,
4,3306,8422.485257,SGD,100,0.01,1,0.01,23,167.06,1.6706,598587.3338920148,
4,3307,8422.722543,NB,32,0.05,1,0.03125,28,130.482,4.0775625,245244.5548044941,
4,3308,8422.892803,DT,1,0.1,0,0.0,2,104.665,104.665,9554.29226580041,7.0
4,3309,8423.228363,LoR,8,0.01,0,0.0,16,169.693,21.211625,47143.95997477798,
4,3310,8423.442021,NB,1,0.1,0,0.0,14,108.019,108.019,9257.630602023717,
4,3311,8423.604581,RF,32,1.0,32,1.0,2,4430.942,138.4669375,7221.940616690536,
4,3312,8428.150017,AB,16,0.01,1,0.0625,29,8602.619,537.6636875,1859.8987122410047,
4,3313,8436.84683,NB,32,0.5,11,0.34375,23,132.22,4.131875,242020.8743004084,
4,3314,8437.039372,NB,16,0.05,1,0.0625,1,110.356,6.89725,144985.32023632608,
4,3315,8437.199839,DT,1,1.0,1,1.0,10,102.461,102.461,9759.811050058071,28.0
4,3316,8437.518074,DT,16,1.0,16,1.0,0,100.034,6.252125,159945.6184897135,
4,3317,8437.657696,SGD,16,1.0,16,1.0,22,179.871,11.2419375,88952.63827965598,
4,3318,8437.90158,SGD,32,0.1,3,0.09375,18,157.082,4.9088125,203715.2569995289,
4,3319,8438.137838,SGD,100,0.01,1,0.01,28,163.862,1.63862,610269.6171168422,
4,3320,8438.36854,MLP,64,0.05,6,0.09375,22,220.907,3.451671875,289714.6763117511,
4,3321,8438.631636,GB,8,0.01,0,0.0,11,257.45,32.18125,31073.994950475822,
4,3322,8438.958657,AB,64,0.01,1,0.015625,19,8655.662,135.24471875,7394.004063467358,
4,3323,8447.657087,MLP,16,0.0,0,0.0,28,181.09,11.318125,88353.8571980783,
4,3324,8447.88846,GB,64,0.0,0,0.0,19,290.397,4.537453125,220387.95166616736,
4,3325,8448.221197,LoR,1,0.01,0,0.0,28,156.532,156.532,6388.470089183042,
4,3326,8448.542842,NB,32,0.01,0,0.0,13,118.267,3.69584375,270574.2092045964,
4,3327,8448.708971,SGD,64,0.0,0,0.0,5,160.354,2.50553125,399116.95373985055,
4,3328,8448.928493,SGD,8,0.5,3,0.375,3,147.77,18.47125,54138.18772416593,
4,3329,8449.115574,MLP,1,0.5,1,1.0,7,159.22,159.22,6280.618012812461,
4,3330,8449.420363,LoR,8,0.0,0,0.0,6,141.82,17.7275,56409.53321111268,
4,3331,8449.621008,SGD,8,0.05,1,0.125,2,143.701,17.962625,55671.15051391431,
4,3332,8449.801477,DT,1,1.0,1,1.0,3,84.246,84.246,11869.999762600006,28.0
4,3333,8450.079573,GB,16,1.0,16,1.0,14,217.339,13.5836875,73617.71242160864,
4,3334,8450.338057,GB,16,0.0,0,0.0,12,211.892,13.24325,75510.16555603799,
4,3335,8450.608999,AB,8,0.05,1,0.125,17,8055.636,1006.9545,993.0935310383934,
4,3336,8458.706101,DT,8,0.0,0,0.0,25,79.58,9.9475,100527.77079668258,
4,3337,8458.848502,AB,32,0.1,4,0.125,2,8315.806,259.8689375,3848.0936183455938,
4,3338,8467.221556,SGD,100,1.0,100,1.0,29,163.076,1.63076,613211.0181755746,
4,3339,8467.424465,LoR,8,1.0,8,1.0,21,142.749,17.843625,56042.424115055095,
4,3340,8467.607361,MLP,1,0.5,1,1.0,29,158.596,158.596,6305.3292642941815,
4,3341,8467.912562,RF,16,0.01,0,0.0,20,3213.215,200.8259375,4979.43648339747,
4,3342,8471.180301,MLP,64,0.01,0,0.0,18,219.394,3.42803125,291712.62659872195,
4,3343,8471.450795,LoR,64,1.0,64,1.0,9,159.918,2.49871875,400205.1051163721,
4,3344,8471.659278,MLP,64,0.0,0,0.0,0,198.689,3.104515625,322111.44049242785,
4,3345,8471.917781,DT,8,0.5,3,0.375,9,90.79,11.34875,88115.4312148915,
4,3346,8472.068467,MLP,32,0.05,1,0.03125,29,186.288,5.8215,171777.03341063298,
4,3347,8472.318862,SGD,32,0.05,2,0.0625,23,155.036,4.844875,206403.67398539695,
4,3348,8472.513065,LoR,1,0.01,0,0.0,21,143.32,143.32,6977.393245883339,
4,3349,8472.812763,AB,64,0.0,0,0.0,15,8785.089,137.267015625,7285.071329385508,
4,3350,8481.656292,MLP,8,0.0,0,0.0,7,196.263,24.532875,40761.63107666753,
4,3351,8481.903772,SGD,64,0.0,0,0.0,0,160.013,2.500203125,399967.50264041044,
4,3352,8482.107257,AB,32,0.0,0,0.0,29,8446.046,263.9389375,3788.7551168913833,
4,3353,8490.597088,AB,16,1.0,16,1.0,24,8454.127,528.3829375,1892.5667901605925,
4,3354,8499.108824,MLP,32,0.0,0,0.0,1,226.886,7.0901875,141039.99365320028,
4,3355,8499.380656,AB,8,1.0,8,1.0,0,8242.675,1030.334375,970.5587081863595,
4,3356,8507.675689,AB,64,0.0,0,0.0,27,8734.746,136.48040625,7327.059081053989,
4,3357,8516.474886,LoR,1,0.05,0,0.0,27,174.405,174.405,5733.780568217654,
4,3358,8516.817586,MLP,32,1.0,32,1.0,18,210.333,6.57290625,152139.7022816201,
4,3359,8517.080048,NB,64,1.0,64,1.0,11,140.383,2.193484375,455895.65688153123,
4,3360,8517.282464,RF,16,0.05,1,0.0625,5,3307.349,206.7093125,4837.711411768156,
4,3361,8520.63646,SGD,8,0.01,0,0.0,15,173.915,21.739375,45999.48250582181,
4,3362,8520.873816,NB,16,0.5,11,0.6875,28,117.484,7.34275,136188.75761805865,
4,3363,8521.048421,NB,8,0.1,2,0.25,2,108.61,13.57625,73658.04253751956,
4,3364,8521.216795,NB,32,0.01,1,0.03125,6,114.784,3.587,278784.49958182324,
4,3365,8521.384582,AB,100,0.0,0,0.0,2,8920.805,89.20805,11209.75068953979,
4,3366,8530.374127,SGD,8,0.5,3,0.375,17,163.326,20.41575,48981.79101918862,
4,3367,8530.588005,LoR,32,1.0,32,1.0,10,155.042,4.8450625,206395.6863301557,
4,3368,8530.821339,RF,100,0.05,3,0.03,2,4048.582,40.48582,24700.006076201495,
4,3369,8534.931014,LoR,100,0.0,0,0.0,24,224.044,2.24044,446340.89732373995,
4,3370,8535.213965,DT,100,0.01,0,0.0,24,102.288,1.02288,977631.7847645862,
4,3371,8535.380355,GB,32,0.05,4,0.125,18,282.219,8.81934375,113387.12134902328,
4,3372,8535.704626,LoR,1,0.01,0,0.0,8,158.196,158.196,6321.272345697742,
4,3373,8536.053783,MLP,64,0.05,4,0.0625,10,223.007,3.484484375,286986.5071499998,
4,3374,8536.319172,NB,1,0.05,0,0.0,12,108.971,108.971,9176.753448165107,
4,3375,8536.506534,LoR,64,0.5,34,0.53125,15,161.923,2.530046875,395249.59394279995,
4,3376,8536.709814,GB,8,0.1,0,0.0,24,235.089,29.386125,34029.66536077826,
4,3377,8536.985479,RF,8,0.0,0,0.0,17,3145.756,393.2195,2543.1088743055725,
4,3378,8540.198345,MLP,16,0.01,1,0.0625,20,195.777,12.2360625,81725.63682148568,
4,3379,8540.438189,NB,8,0.01,0,0.0,29,115.84,14.48,69060.77348066297,
4,3380,8540.61281,GB,8,0.5,6,0.75,1,228.176,28.522,35060.65493303415,
4,3381,8540.882914,NB,16,0.0,0,0.0,2,116.295,7.2684375,137581.15138226064,
4,3382,8541.055949,RF,8,0.5,4,0.5,10,3314.575,414.321875,2413.582435153828,
4,3383,8544.412912,MLP,1,1.0,1,1.0,4,182.604,182.604,5476.331296138091,
4,3384,8544.755493,DT,1,0.01,0,0.0,6,89.399,89.399,11185.807447510599,7.0
4,3385,8545.070581,AB,100,0.0,0,0.0,3,8852.569,88.52569,11296.155952017996,
4,3386,8553.964507,SGD,1,1.0,1,1.0,24,154.758,154.758,6461.701495237726,
4,3387,8554.300348,MLP,64,0.05,2,0.03125,12,207.459,3.241546875,308494.69051716244,
4,3388,8554.585488,NB,100,0.5,51,0.51,15,143.052,1.43052,699046.5005732182,
4,3389,8554.795008,NB,64,0.05,2,0.03125,11,126.798,1.98121875,504739.822394675,
4,3390,8554.964104,DT,1,1.0,1,1.0,14,129.446,129.446,7725.229053041423,32.0
4,3391,8555.286479,GB,1,1.0,1,1.0,13,219.142,219.142,4563.251225232954,4.0
4,3392,8568.384491,DT,1,0.5,0,0.0,3,90.269,90.269,11078.000199404003,7.0
4,3393,8568.66109,SGD,8,0.01,0,0.0,10,163.067,20.383375,49059.58900329312,
4,3394,8568.884867,NB,8,0.1,3,0.375,25,112.332,14.0415,71217.46252181035,
4,3395,8569.044786,GB,64,1.0,64,1.0,23,261.184,4.081,245037.98088703747,
4,3396,8569.356207,DT,64,0.0,0,0.0,10,103.655,1.619609375,617432.830061261,
4,3397,8569.53491,GB,100,0.01,1,0.01,14,268.689,2.68689,372177.4988927719,
4,3398,8569.865086,RF,16,0.5,6,0.375,7,3373.937,210.8710625,4742.234368928644,
4,3399,8573.291823,DT,64,0.0,0,0.0,7,100.561,1.571265625,636429.6297769513,
4,3400,8573.457115,GB,32,0.1,4,0.125,16,239.492,7.484125,133616.15419304193,
4,3401,8573.739745,AB,8,0.05,0,0.0,27,8153.785,1019.223125,981.1394340174533,
4,3402,8581.935346,DT,8,0.0,0,0.0,20,82.013,10.251625,97545.5110775121,
4,3403,8582.058939,RF,8,0.05,0,0.0,2,3455.238,431.90475,2315.3253118887906,
4,3404,8585.590125,SGD,16,0.5,10,0.625,8,200.337,12.5210625,79865.42675591628,
4,3405,8585.838193,AB,32,0.0,0,0.0,28,8417.574,263.0491875,3801.570381204846,
4,3406,8594.303703,NB,8,0.05,0,0.0,10,118.262,14.78275,67646.41220341276,
4,3407,8594.491473,DT,32,0.1,5,0.15625,29,97.883,3.05884375,326920.91578721534,
4,3408,8594.629214,NB,1,0.01,0,0.0,4,103.357,103.357,9675.20342115193,
4,3409,8594.78132,MLP,8,0.0,0,0.0,15,201.059,25.132375,39789.315574035485,
4,3410,8595.033076,NB,8,0.05,0,0.0,25,146.331,18.291375,54670.575612822984,
4,3411,8595.254002,GB,100,0.5,59,0.59,24,330.994,3.30994,302120.2801259237,
4,3412,8595.626566,SGD,8,1.0,8,1.0,10,168.465,21.058125,47487.60870210429,
4,3413,8595.8725,GB,100,0.01,2,0.02,24,277.395,2.7739499999999997,360496.76454153826,
4,3414,8596.192597,DT,1,0.1,1,1.0,24,92.01,92.01,10868.383871318334,29.0
4,3415,8596.498221,NB,32,0.0,0,0.0,23,125.012,3.906625,255975.42635906953,
4,3416,8596.666077,NB,32,1.0,32,1.0,5,115.588,3.612125,276845.3472678825,
4,3417,8596.842909,SGD,32,0.5,16,0.5,29,164.141,5.12940625,194954.33803863754,
4,3418,8597.049815,MLP,32,0.0,0,0.0,18,192.762,6.0238125,166007.82311866447,
4,3419,8597.312298,RF,64,0.1,4,0.0625,26,3658.133,57.158328125,17495.263294144857,
4,3420,8601.016274,RF,16,0.0,0,0.0,16,3262.394,203.899625,4904.3739045621105,
4,3421,8604.359628,AB,100,0.5,46,0.46,19,8786.493,87.86493,11381.10506660621,
4,3422,8613.192668,NB,16,0.01,0,0.0,14,115.171,7.1981875,138923.86104140797,
4,3423,8613.348439,AB,1,0.5,0,0.0,4,7929.411,7929.411,126.11277180612784,2.0
4,3424,8634.193222,SGD,16,0.01,1,0.0625,6,168.606,10.537875,94895.79255779747,
4,3425,8634.426019,MLP,32,0.05,1,0.03125,26,197.537,6.17303125,161994.96803130553,
4,3426,8634.6644,AB,1,0.5,1,1.0,2,7854.612,7854.612,127.31373618454991,2.0
4,3427,8655.32522,LoR,1,0.5,1,1.0,6,161.214,161.214,6202.9352289503395,
4,3428,8655.683002,NB,100,0.01,1,0.01,3,146.412,1.46412,683004.1253449171,
4,3429,8655.86908,MLP,16,0.0,0,0.0,5,185.476,11.59225,86264.5301818025,
4,3430,8656.118838,RF,32,0.1,2,0.0625,25,3316.292,103.634125,9649.331241036676,
4,3431,8659.479888,AB,1,0.01,0,0.0,8,7895.072,7895.072,126.66128947272425,2.0
4,3432,8680.30393,MLP,64,0.05,4,0.0625,13,222.394,3.47490625,287777.54795543046,
4,3433,8680.568769,LoR,1,0.01,0,0.0,0,150.92,150.92,6626.0270341903,
4,3434,8680.868834,AB,1,0.1,0,0.0,3,7885.001,7885.001,126.82306571679572,2.0
4,3435,8701.505596,DT,16,0.5,12,0.75,9,94.14,5.88375,169959.63458678563,
4,3436,8701.637641,AB,8,0.0,0,0.0,8,8453.115,1056.639375,946.3966833528232,
4,3437,8710.141771,NB,1,0.5,0,0.0,11,113.129,113.129,8839.46644980509,
4,3438,8710.33946,RF,64,0.5,36,0.5625,22,4342.22,67.8471875,14739.004472366669,
4,3439,8714.774536,GB,100,0.1,7,0.07,5,374.54,3.7454,266994.1795268863,
4,3440,8715.195865,LoR,32,0.0,0,0.0,15,232.953,7.27978125,137366.76496975785,
4,3441,8715.470063,RF,16,0.0,0,0.0,0,3130.919,195.6824375,5110.320643874849,
4,3442,8718.665751,LoR,16,0.5,6,0.375,21,166.629,10.4143125,96021.7009044044,
4,3443,8718.895182,LoR,32,0.5,18,0.5625,2,206.916,6.466125,154652.1293665062,
4,3444,8719.14278,RF,8,0.01,0,0.0,0,2997.621,374.702625,2668.7830115948614,
4,3445,8722.183329,NB,1,0.01,0,0.0,26,116.041,116.041,8617.64376384209,
4,3446,8722.350803,MLP,8,0.01,0,0.0,27,196.93,24.61625,40623.571827552936,
4,3447,8722.615045,RF,32,0.01,1,0.03125,12,3146.516,98.328625,10169.978477783046,
4,3448,8725.816096,RF,64,0.05,0,0.0,6,3417.123,53.392546875,18729.205826070644,
4,3449,8729.313078,GB,100,0.5,51,0.51,28,320.73,3.2073,311788.7319552271,
4,3450,8729.675208,GB,8,1.0,8,1.0,7,219.253,27.406625,36487.528106799,
4,3451,8729.955793,DT,16,0.5,8,0.5,14,95.874,5.992125,166885.70415336796,
4,3452,8730.109013,NB,16,0.05,1,0.0625,12,115.696,7.231,138293.45871940258,
4,3453,8730.271793,AB,64,0.01,0,0.0,9,8397.07,131.20421875,7621.706142737884,
4,3454,8738.730517,RF,8,0.1,2,0.25,13,3171.807,396.475875,2522.221560139063,
4,3455,8741.975785,RF,64,0.05,2,0.03125,18,3537.299,55.270296875,18092.900826308436,
4,3456,8745.55399,MLP,1,0.0,0,0.0,3,185.122,185.122,5401.843108868746,
4,3457,8745.899679,NB,32,0.0,0,0.0,1,120.406,3.7626875,265767.4866700995,
4,3458,8746.093632,AB,100,0.1,10,0.1,15,8725.081,87.25081,11461.211649496434,
4,3459,8754.866312,AB,32,0.01,0,0.0,15,8019.878,250.6211875,3990.0856347191316,
4,3460,8762.928375,MLP,1,0.05,0,0.0,23,214.946,214.946,4652.331283206015,
4,3461,8763.298195,SGD,64,0.0,0,0.0,15,189.827,2.966046875,337149.08838047273,
4,3462,8763.563463,NB,100,0.01,3,0.03,10,136.789,1.3678899999999998,731052.9355430627,
4,3463,8763.73782,NB,8,0.0,0,0.0,3,103.341,12.917625,77413.61124819772,
4,3464,8763.892135,SGD,100,0.0,0,0.0,10,164.72,1.6472,607090.8207867898,
4,3465,8764.09863,DT,8,0.05,0,0.0,17,87.642,10.95525,91280.43632048562,
4,3466,8764.225395,NB,16,1.0,16,1.0,8,108.364,6.77275,147650.51123989516,
4,3467,8764.372658,NB,1,0.0,0,0.0,17,96.173,96.173,10397.928732596467,
4,3468,8764.518525,GB,1,0.1,0,0.0,25,214.353,214.353,4665.2017933035695,4.0
4,3469,8777.241577,LoR,1,0.1,0,0.0,18,153.014,153.014,6535.349706562798,
4,3470,8777.542983,DT,1,0.0,0,0.0,15,84.849,84.849,11785.642730026282,7.0
4,3471,8777.833164,MLP,32,0.5,16,0.5,29,196.762,6.1488125,162633.02873522326,
4,3472,8778.070905,NB,16,1.0,16,1.0,24,112.288,7.018,142490.73810202337,
4,3473,8778.254005,SGD,100,0.1,14,0.14,28,166.411,1.66411,600921.8140627723,
4,3474,8778.485921,LoR,64,0.05,6,0.09375,14,155.845,2.435078125,410664.4422342712,
4,3475,8778.679315,NB,8,1.0,8,1.0,14,105.696,13.212,75688.76778686044,
4,3476,8778.82002,GB,1,0.0,0,0.0,2,228.201,228.201,4382.101743638284,4.0
4,3477,8791.490342,SGD,16,0.0,0,0.0,1,158.854,9.928375,100721.4171503393,
4,3478,8791.690126,SGD,16,1.0,16,1.0,6,150.645,9.4153125,106209.96382223106,
4,3479,8791.881377,NB,8,0.01,0,0.0,1,107.241,13.405125,74598.33459218022,
4,3480,8792.045779,AB,16,0.05,2,0.125,25,8149.179,509.3236875,1963.3879682849033,
4,3481,8800.237183,RF,1,0.1,0,0.0,22,2973.498,2973.498,336.30424503396335,6.87
4,3482,8816.526879,GB,64,0.1,12,0.1875,23,307.301,4.801578125,208264.86083676916,
4,3483,8816.89753,AB,16,0.5,6,0.375,17,8180.89,511.305625,1955.777427639291,
4,3484,8825.143003,MLP,16,0.05,1,0.0625,13,212.517,13.2823125,75288.09459949087,
4,3485,8825.420657,DT,32,0.5,18,0.5625,3,98.891,3.09034375,323588.5975467939,
4,3486,8825.574523,LoR,100,1.0,100,1.0,5,172.501,1.7250100000000002,579706.7843084967,
4,3487,8825.813627,RF,32,0.05,1,0.03125,2,3407.448,106.48275,9391.192470141877,
4,3488,8829.289138,SGD,32,0.01,1,0.03125,3,172.178,5.3805625,185854.17416859296,
4,3489,8829.519454,RF,8,0.1,1,0.125,26,3104.135,388.016875,2577.20749902952,
4,3490,8832.666902,MLP,1,0.5,0,0.0,6,207.304,207.304,4823.833597036237,
4,3491,8833.032151,DT,1,0.01,0,0.0,18,87.172,87.172,11471.57344101317,7.0
4,3492,8833.313444,RF,16,1.0,16,1.0,11,3519.246,219.952875,4546.428411085783,
4,3493,8836.9069,MLP,64,0.01,2,0.03125,15,224.87,3.51359375,284608.88513363275,
4,3494,8837.173102,GB,1,0.05,0,0.0,11,240.384,240.384,4160.010649627263,4.0
4,3495,8850.06477,NB,100,0.01,2,0.02,12,151.27,1.5127000000000002,661069.6106299993,
4,3496,8850.256122,NB,16,0.0,0,0.0,4,108.411,6.7756875,147586.49952495596,
4,3497,8850.430223,NB,64,0.01,1,0.015625,9,123.042,1.92253125,520147.5918791957,
4,3498,8850.598308,DT,64,1.0,64,1.0,15,109.826,1.71603125,582739.970498789,
4,3499,8850.745227,RF,8,1.0,8,1.0,13,3368.291,421.036375,2375.0917008061356,
4,3500,8854.18605,NB,64,0.5,39,0.609375,16,136.643,2.135046875,468373.79155902605,
4,3501,8854.361826,DT,1,0.5,0,0.0,23,89.539,89.539,11168.317716302394,7.0
4,3502,8854.644454,GB,16,0.01,0,0.0,9,232.979,14.5611875,68675.71755394262,
4,3503,8854.934339,LoR,100,0.01,0,0.0,12,177.854,1.7785400000000002,562258.9314831266,
4,3504,8855.175002,MLP,32,0.1,4,0.125,24,190.44,5.95125,168031.92606595255,
4,3505,8855.408426,GB,32,0.0,0,0.0,16,227.738,7.1168125,140512.34313114194,
4,3506,8855.677253,RF,1,0.1,0,0.0,23,2932.014,2932.014,341.0624915160705,8.96
4,3507,8871.228302,SGD,16,1.0,16,1.0,10,163.61,10.225625,97793.53340260375,
4,3508,8871.461369,AB,64,0.1,5,0.078125,8,8422.77,131.60578125,7598.450391023381,
4,3509,8879.934466,NB,64,0.0,0,0.0,17,128.05,2.00078125,499804.7637641546,
4,3510,8880.102921,RF,1,0.1,1,1.0,28,3067.182,3067.182,326.0321689420452,24.91
4,3511,8895.844943,GB,16,1.0,16,1.0,17,230.287,14.3929375,69478.52028121431,
4,3512,8896.125054,DT,64,1.0,64,1.0,25,111.415,1.740859375,574428.9368576942,
4,3513,8896.274779,RF,1,1.0,1,1.0,3,3024.539,3024.539,330.62889914793624,23.07
4,3514,8912.699539,GB,32,1.0,32,1.0,12,242.289,7.57153125,132073.6806045673,
4,3515,8913.003538,LoR,8,0.1,1,0.125,7,165.25,20.65625,48411.497730711046,
4,3516,8913.235813,NB,64,0.5,27,0.421875,1,130.731,2.042671875,489554.88751711533,
4,3517,8913.410643,LoR,16,0.05,0,0.0,15,153.655,9.6034375,104129.38075558882,
4,3518,8913.613462,LoR,64,0.01,0,0.0,9,153.801,2.403140625,416122.1318456968,
4,3519,8913.84164,NB,100,0.01,1,0.01,21,134.814,1.34814,741762.7249395464,
4,3520,8914.046412,SGD,100,0.05,11,0.11,10,166.634,1.66634,600117.6230541187,
4,3521,8914.250293,RF,8,0.0,0,0.0,27,3229.833,403.729125,2476.9082488165795,
4,3522,8917.522783,NB,8,1.0,8,1.0,8,118.458,14.80725,67534.4847962991,
4,3523,8917.715926,GB,100,0.5,47,0.47,11,301.453,3.0145299999999997,331726.670492581,
4,3524,8918.05772,RF,8,1.0,8,1.0,28,3308.895,413.611875,2417.725554905792,
4,3525,8921.429949,DT,8,0.01,1,0.125,7,94.451,11.806375,84700.00317625013,
4,3526,8921.598503,GB,100,0.05,8,0.08,14,283.392,2.83392,352868.1120144535,
4,3527,8921.941679,AB,8,0.5,3,0.375,13,8018.074,1002.25925,997.7458427048691,
4,3528,8930.002161,LoR,1,0.05,0,0.0,1,149.926,149.926,6669.957178874912,
4,3529,8930.347401,LoR,100,0.01,0,0.0,17,157.938,1.5793799999999998,633159.8475351088,
4,3530,8930.54634,AB,16,0.0,0,0.0,16,8048.855,503.0534375,1987.8603851106773,
4,3531,8938.635643,MLP,1,0.0,0,0.0,14,170.455,170.455,5866.65102226394,
4,3532,8938.956349,DT,32,0.0,0,0.0,28,123.477,3.85865625,259157.57590482436,
4,3533,8939.122722,GB,32,0.0,0,0.0,27,218.639,6.83246875,146359.98152205232,
4,3534,8939.383031,DT,1,0.01,0,0.0,9,86.0,86.0,11627.906976744185,7.0
4,3535,8939.66496,LoR,32,0.01,0,0.0,9,161.333,5.04165625,198347.51724693648,
4,3536,8939.868056,NB,8,0.01,0,0.0,8,109.516,13.6895,73048.68694985207,
4,3537,8940.036633,GB,8,0.05,2,0.25,8,213.145,26.643125,37533.134720495436,
4,3538,8940.289954,GB,16,0.0,0,0.0,22,213.146,13.321625,75065.9172585927,
4,3539,8940.563657,DT,16,0.1,1,0.0625,7,91.592,5.7245,174687.74565464232,
4,3540,8940.707633,RF,100,0.0,0,0.0,25,3750.368,37.50368,26664.05003455661,
4,3541,8944.501774,MLP,1,0.01,0,0.0,27,180.997,180.997,5524.953452267164,
4,3542,8944.836612,MLP,8,0.0,0,0.0,20,173.989,21.748625,45979.91827069527,
4,3543,8945.050023,NB,1,0.0,0,0.0,19,102.134,102.134,9791.058805099183,
4,3544,8945.22268,MLP,32,0.01,1,0.03125,10,187.598,5.8624375,170577.5114873293,
4,3545,8945.453717,NB,1,0.01,0,0.0,7,100.198,100.198,9980.239126529472,
4,3546,8945.60401,MLP,32,1.0,32,1.0,16,184.503,5.76571875,173438.91427239668,
4,3547,8945.832442,DT,1,0.05,0,0.0,12,85.963,85.963,11632.91183416121,7.0
4,3548,8946.129498,LoR,32,0.05,1,0.03125,3,159.324,4.978875,200848.58527277748,
4,3549,8946.327287,RF,8,1.0,8,1.0,5,3404.191,425.523875,2350.0444011514046,
4,3550,8949.795206,RF,8,0.1,2,0.25,25,3069.326,383.66575,2606.435419372201,
4,3551,8952.92959,MLP,16,0.1,3,0.1875,13,192.127,12.0079375,83278.24824204823,
4,3552,8953.197529,DT,100,0.01,2,0.02,28,101.02,1.0102,989902.9895070284,
4,3553,8953.338457,GB,8,0.05,0,0.0,3,221.484,27.6855,36119.99060880244,
4,3554,8953.618301,SGD,8,0.5,3,0.375,2,161.875,20.234375,49420.84942084942,
4,3555,8953.85271,LoR,100,0.1,7,0.07,29,163.684,1.63684,610933.2616504973,
4,3556,8954.056076,NB,16,1.0,16,1.0,28,111.097,6.9435625,144018.290322871,
4,3557,8954.227434,DT,16,0.1,1,0.0625,5,91.874,5.742125,174151.5553910791,
4,3558,8954.377568,MLP,32,0.1,4,0.125,12,191.304,5.97825,167273.03140551163,
4,3559,8954.630163,MLP,32,0.5,18,0.5625,9,181.878,5.6836875,175942.1150441505,
4,3560,8954.854439,LoR,16,0.05,0,0.0,2,147.591,9.2244375,108407.6942360984,
4,3561,8955.096857,GB,16,0.05,1,0.0625,1,215.645,13.4778125,74196.01660135871,
4,3562,8955.38549,AB,100,0.5,54,0.54,25,8633.753,86.33753,11582.448559739894,
4,3563,8964.091368,RF,64,0.05,6,0.09375,4,3539.323,55.301921875,18082.55420598798,
4,3564,8967.673439,RF,8,1.0,8,1.0,11,3176.365,397.045625,2518.6022387225653,
4,3565,8970.919667,GB,32,0.5,23,0.71875,3,257.372,8.042875,124333.64934802541,
4,3566,8971.221941,SGD,16,0.01,0,0.0,10,165.036,10.31475,96948.54455997479,
4,3567,8971.432082,DT,8,0.01,0,0.0,1,88.803,11.100375,90087.04660878573,
4,3568,8971.560131,LoR,16,0.0,0,0.0,24,152.934,9.558375,104620.29372147462,
4,3569,8971.780357,NB,64,0.05,6,0.09375,24,127.844,1.9975625,500610.11858202185,
4,3570,8971.947114,GB,8,0.05,0,0.0,11,212.252,26.5315,37691.04649190584,
4,3571,8972.207408,GB,64,0.0,0,0.0,20,239.988,3.7498125,266680.0006667,
4,3572,8972.488562,GB,1,0.05,0,0.0,24,204.458,204.458,4890.980054583338,4.0
4,3573,8985.303886,SGD,100,1.0,100,1.0,22,174.648,1.74648,572580.2757546608,
4,3574,8985.522883,GB,16,0.05,0,0.0,5,213.077,13.3173125,75090.22559919654,
4,3575,8985.791797,LoR,100,0.0,0,0.0,19,169.283,1.6928299999999998,590726.7711465416,
4,3576,8986.000628,NB,8,1.0,8,1.0,22,109.257,13.657125,73221.85306204637,
4,3577,8986.167938,RF,16,0.1,3,0.1875,24,3254.489,203.4055625,4916.286397034987,
4,3578,8989.48534,AB,8,0.5,4,0.5,24,8060.335,1007.541875,992.5145791086846,
4,3579,8997.591241,RF,32,1.0,32,1.0,24,3970.283,124.07134375,8059.878854983385,
4,3580,9001.605791,DT,1,0.05,0,0.0,18,91.677,91.677,10907.861295635765,7.0
4,3581,9001.895018,NB,16,0.05,0,0.0,2,118.561,7.4100625,134951.6282757399,
4,3582,9002.054334,LoR,8,0.01,0,0.0,2,158.343,19.792875,50523.23121325225,
4,3583,9002.251624,LoR,8,1.0,8,1.0,1,145.681,18.210125,54914.504980059166,
4,3584,9002.435086,NB,1,0.0,0,0.0,8,99.779,99.779,10022.148949177683,
4,3585,9002.584207,DT,8,0.01,0,0.0,22,87.145,10.893125,91801.02128636182,
4,3586,9002.709823,NB,1,0.5,1,1.0,6,98.378,98.378,10164.874260505398,
4,3587,9002.884945,GB,64,0.1,4,0.0625,11,295.622,4.61909375,216492.68322384666,
4,3588,9003.240407,MLP,8,0.05,1,0.125,17,191.14,23.8925,41854.138327927176,
4,3589,9003.470307,GB,1,0.0,0,0.0,1,206.504,206.504,4842.521210242901,4.0
4,3590,9016.201649,DT,1,0.5,1,1.0,13,87.063,87.063,11485.935472014518,20.0
4,3591,9016.468209,AB,16,1.0,16,1.0,29,8081.243,505.0776875,1979.8934396602106,
4,3592,9024.621086,NB,64,0.5,29,0.453125,26,127.183,1.987234375,503211.9072517553,
4,3593,9024.795821,DT,64,1.0,64,1.0,2,106.984,1.671625,598220.2946234951,
4,3594,9024.976254,GB,100,0.1,16,0.16,0,275.188,2.75188,363387.93842754775,
4,3595,9025.300195,NB,64,1.0,64,1.0,29,134.818,2.10653125,474714.05895355216,
4,3596,9025.493547,AB,16,0.05,2,0.125,21,8105.407,506.5879375,1973.9909420958134,
4,3597,9033.644285,SGD,16,0.1,0,0.0,16,154.989,9.6868125,103233.1326739317,
4,3598,9033.840417,DT,16,0.0,0,0.0,20,112.671,7.0419375,142006.37253596753,
4,3599,9034.000371,DT,64,1.0,64,1.0,3,102.249,1.597640625,625922.9919119014,
4,3600,9034.143678,AB,32,1.0,32,1.0,7,8114.404,253.575125,3943.6044840754785,
4,3601,9042.305682,AB,32,0.01,0,0.0,2,8080.413,252.51290625,3960.1936188162663,
4,3602,9050.431317,NB,32,0.0,0,0.0,2,116.699,3.64684375,274209.71902072855,
4,3603,9050.588452,NB,1,0.1,0,0.0,15,97.36,97.36,10271.158586688578,
4,3604,9050.767344,AB,100,0.1,6,0.06,4,8500.554,85.00554,11763.939150318909,
4,3605,9059.31037,DT,1,0.5,0,0.0,7,78.87,78.87,12679.092177000126,7.0
4,3606,9059.592885,MLP,16,0.1,3,0.1875,2,188.417,11.7760625,84918.02756651469,
4,3607,9059.848138,GB,32,0.1,5,0.15625,25,230.606,7.2064375,138764.81964909847,
4,3608,9060.120136,GB,16,0.0,0,0.0,15,214.146,13.384125,74715.3810951407,
4,3609,9060.402751,DT,64,0.05,3,0.046875,7,97.349,1.521078125,657428.4276161029,
4,3610,9060.540278,DT,8,0.05,0,0.0,3,85.064,10.633,94046.83532399136,
4,3611,9060.663533,LoR,16,0.0,0,0.0,12,155.46,9.71625,102920.36536729705,
4,3612,9060.86121,GB,32,1.0,32,1.0,1,229.155,7.16109375,139643.47275861318,
4,3613,9061.158175,NB,64,0.05,4,0.0625,19,130.422,2.03784375,490714.7567128245,
4,3614,9061.345123,MLP,16,0.1,2,0.125,24,182.783,11.4239375,87535.4929068896,
4,3615,9061.586104,NB,8,0.5,4,0.5,1,108.219,13.527375,73924.1722802835,
4,3616,9061.739217,GB,64,0.0,0,0.0,11,245.282,3.83253125,260924.16076189853,
4,3617,9062.060301,NB,100,0.1,11,0.11,29,147.539,1.47539,677786.8902459689,
4,3618,9062.253774,GB,64,1.0,64,1.0,8,253.645,3.963203125,252321.15752331013,
4,3619,9062.548919,GB,1,0.01,0,0.0,6,205.055,205.055,4876.7403867255125,4.0
4,3620,9075.195786,RF,100,1.0,100,1.0,16,5234.473,52.34473,19104.119937193296,
4,3621,9080.476991,MLP,1,0.01,0,0.0,5,184.391,184.391,5423.258185052416,
4,3622,9080.823423,SGD,32,1.0,32,1.0,4,157.448,4.92025,203241.7051979066,
4,3623,9081.019387,GB,1,0.0,0,0.0,22,209.817,209.817,4766.058041054824,4.0
4,3624,9094.155467,GB,16,0.0,0,0.0,4,360.184,22.5115,44421.73999955578,
4,3625,9094.573532,GB,1,0.05,1,1.0,0,234.548,234.548,4263.519620717295,4.0
4,3626,9107.507922,DT,8,0.0,0,0.0,16,99.162,12.39525,80676.06542828906,
4,3627,9107.685434,GB,100,0.01,2,0.02,16,266.034,2.6603399999999997,375891.8033033372,
4,3628,9108.009684,NB,100,0.0,0,0.0,3,156.285,1.56285,639856.6721054484,
4,3629,9108.208265,RF,32,0.0,0,0.0,0,3409.12,106.535,9386.586567794622,
4,3630,9111.661338,GB,1,0.05,0,0.0,10,246.231,246.231,4061.22705914365,4.0
4,3631,9125.128004,NB,32,0.1,1,0.03125,6,138.729,4.33528125,230665.54217214856,
4,3632,9125.309898,SGD,16,0.01,0,0.0,9,184.146,11.509125,86887.57833458234,
4,3633,9125.572651,NB,100,0.01,1,0.01,2,143.695,1.43695,695918.4383590244,
4,3634,9125.772956,NB,8,0.1,2,0.25,13,107.198,13.39975,74628.25798988788,
4,3635,9125.940139,MLP,32,0.05,1,0.03125,11,216.412,6.762875,147866.10723989428,
4,3636,9126.23197,DT,100,0.1,17,0.17,16,114.282,1.14282,875028.4384242488,
4,3637,9126.386697,LoR,1,0.1,0,0.0,16,157.157,157.157,6363.063687904451,
4,3638,9126.723771,SGD,8,0.1,1,0.125,7,151.569,18.946125,52781.24154675429,
4,3639,9126.919478,DT,32,1.0,32,1.0,4,135.463,4.23321875,236226.86637679662,
4,3640,9127.125687,RF,8,0.01,1,0.125,21,3138.633,392.329125,2548.8803565118956,
4,3641,9130.337291,SGD,64,0.5,33,0.515625,16,174.184,2.721625,367427.54788040236,
4,3642,9130.57626,GB,32,0.1,3,0.09375,3,259.092,8.096625,123508.25189507975,
4,3643,9130.875772,SGD,8,0.0,0,0.0,10,196.835,24.604375,40643.178296542785,
4,3644,9131.123925,DT,1,1.0,1,1.0,8,87.464,87.464,11433.27540473795,44.0
4,3645,9131.424298,AB,32,0.5,18,0.5625,15,8281.601,258.80003125,3863.9871686646093,
4,3646,9139.750379,RF,8,0.05,0,0.0,7,3118.521,389.815125,2565.318623796344,
4,3647,9142.92095,SGD,64,1.0,64,1.0,21,225.552,3.52425,283748.31524437823,
4,3648,9143.21104,NB,32,0.05,2,0.0625,4,120.261,3.75815625,266087.9254288589,
4,3649,9143.371073,AB,8,0.05,0,0.0,16,8107.625,1013.453125,986.7254590586023,
4,3650,9151.54538,LoR,32,0.5,14,0.4375,13,156.308,4.884625,204724.0064488062,
4,3651,9151.760764,RF,8,0.5,5,0.625,23,3223.634,402.95425,2481.67130635798,
4,3652,9155.109364,SGD,64,0.1,2,0.03125,27,172.881,2.701265625,370196.8406013385,
4,3653,9155.323345,DT,16,0.0,0,0.0,7,89.879,5.6174375,178017.1118948809,
4,3654,9155.455511,AB,32,0.0,0,0.0,2,8122.679,253.83371875,3939.5869269239865,
4,3655,9163.656781,RF,100,0.1,10,0.1,20,4099.239,40.99238999999999,24394.771810084752,
4,3656,9167.806257,MLP,32,0.05,0,0.0,7,214.344,6.69825,149292.72571193968,
4,3657,9168.084033,MLP,16,0.05,1,0.0625,12,180.943,11.3089375,88425.63680275003,
4,3658,9168.328693,RF,32,0.1,6,0.1875,28,3539.26,110.601875,9041.438040720375,
4,3659,9171.909731,RF,1,1.0,1,1.0,13,2977.986,2977.986,335.79741476286324,20.26
4,3660,9187.740882,DT,1,0.05,1,1.0,21,88.687,88.687,11275.609728596075,19.0
4,3661,9188.011233,LoR,8,0.0,0,0.0,15,160.566,20.07075,49823.748489717625,
4,3662,9188.213779,RF,8,0.05,0,0.0,6,3251.625,406.453125,2460.3083073847693,
4,3663,9191.537721,GB,8,0.01,1,0.125,28,280.9,35.1125,28479.88608045568,
4,3664,9191.88068,NB,8,0.5,3,0.375,5,125.651,15.706375,63668.414895225666,
4,3665,9192.045169,LoR,8,1.0,8,1.0,27,170.362,21.29525,46958.82884680856,
4,3666,9192.275117,LoR,8,0.5,3,0.375,16,155.646,19.45575,51398.686763553196,
4,3667,9192.481052,DT,8,1.0,8,1.0,5,106.442,13.30525,75158.3021739539,
4,3668,9192.6307,NB,32,0.0,0,0.0,13,148.684,4.646375,215221.54367652204,
4,3669,9192.823051,MLP,32,0.01,0,0.0,12,209.314,6.5410625,152880.3615620551,
4,3670,9193.110223,SGD,100,0.1,6,0.06,2,173.824,1.7382400000000002,575294.5508100147,
4,3671,9193.358203,GB,100,0.1,9,0.09,25,298.138,2.9813799999999997,335415.14332289074,
4,3672,9193.699089,DT,1,0.01,0,0.0,22,91.886,91.886,10883.050736782536,7.0
4,3673,9193.995994,RF,32,1.0,32,1.0,9,4145.366,129.5426875,7719.463130637922,
4,3674,9198.212626,NB,32,0.05,1,0.03125,22,130.029,4.06340625,246098.9471579417,
4,3675,9198.380254,DT,1,1.0,1,1.0,19,91.99,91.99,10870.746820306556,37.0
4,3676,9198.670076,DT,1,0.05,0,0.0,14,93.325,93.325,10715.242432360032,7.0
4,3677,9198.97359,RF,32,0.5,14,0.4375,11,3668.767,114.64896875,8722.276448736047,
4,3678,9202.692501,AB,32,0.01,0,0.0,21,8652.503,270.39071875,3698.3517948505764,
4,3679,9211.415842,GB,100,0.0,0,0.0,12,308.082,3.08082,324588.9081478308,
4,3680,9211.76824,AB,16,0.0,0,0.0,13,8247.149,515.4468125,1940.064378611324,
4,3681,9220.080674,LoR,8,0.1,1,0.125,1,173.939,21.742375,45993.135524522964,
4,3682,9220.31412,AB,8,0.5,6,0.75,12,8143.53,1017.94125,982.3749651563879,
4,3683,9228.501248,SGD,16,0.0,0,0.0,26,158.061,9.8788125,101226.74157445543,
4,3684,9228.721413,AB,8,0.1,1,0.125,10,8158.38,1019.7975,980.586832189724,
4,3685,9236.94572,AB,16,0.05,1,0.0625,18,8228.667,514.2916875,1944.4218607947073,
4,3686,9245.215016,GB,1,0.0,0,0.0,7,233.955,233.955,4274.326259323374,4.0
4,3687,9258.322878,GB,100,0.05,7,0.07,26,280.021,2.8002100000000003,357116.07343734935,
4,3688,9258.645279,NB,8,1.0,8,1.0,7,121.37,15.17125,65914.14682376204,
4,3689,9258.805969,GB,8,0.0,0,0.0,1,221.048,27.631,36191.234483008215,
4,3690,9259.111056,AB,32,1.0,32,1.0,5,8889.619,277.80059375,3599.704329285653,
4,3691,9268.058115,SGD,1,0.1,0,0.0,23,172.58,172.58,5794.414184725923,
4,3692,9268.412863,LoR,16,0.1,2,0.125,19,155.666,9.729125,102784.16609921242,
4,3693,9268.638796,RF,64,0.05,5,0.078125,5,3806.334,59.47396875,16814.07884857188,
4,3694,9272.508026,DT,100,1.0,100,1.0,0,127.865,1.2786499999999998,782074.8445626247,
4,3695,9272.69795,RF,8,0.1,1,0.125,16,3131.32,391.415,2554.833105527381,
4,3696,9275.898187,DT,32,0.1,4,0.125,27,99.813,3.11915625,320599.52110446536,
4,3697,9276.07356,NB,100,0.01,4,0.04,19,157.143,1.57143,636363.0578517655,
4,3698,9276.270087,GB,1,0.1,0,0.0,19,250.77,250.77,3987.7178290864135,4.0
4,3699,9289.768973,AB,100,0.1,8,0.08,14,8814.617,88.14617,11344.792405614447,
4,3700,9298.634476,DT,32,0.01,0,0.0,2,86.065,2.68953125,371812.00255620753,
4,3701,9298.763809,RF,16,0.01,0,0.0,25,3267.744,204.234,4896.344389278964,
4,3702,9302.100518,RF,32,0.5,17,0.53125,8,3738.836,116.838625,8558.813491685649,
4,3703,9305.892948,GB,64,1.0,64,1.0,13,300.676,4.6980625,212853.7029892642,
4,3704,9306.240013,AB,16,0.1,0,0.0,23,8311.59,519.474375,1925.0227694099444,
4,3705,9314.603569,LoR,64,0.0,0,0.0,3,178.472,2.788625,358599.6682953068,
4,3706,9314.822516,LoR,1,0.0,0,0.0,5,147.031,147.031,6801.286803463215,
4,3707,9315.171154,MLP,8,0.05,0,0.0,25,186.274,23.28425,42947.48596154053,
4,3708,9315.399216,NB,8,1.0,8,1.0,12,115.445,14.430625,69297.06786781584,
4,3709,9315.555012,DT,1,0.5,0,0.0,18,88.343,88.343,11319.515977496801,7.0
4,3710,9315.853584,MLP,100,0.0,0,0.0,26,238.95,2.3895,418497.5936388366,
4,3711,9316.155016,GB,8,0.1,1,0.125,7,235.138,29.39225,34022.57397783429,
4,3712,9316.432326,RF,16,0.0,0,0.0,5,3213.015,200.8134375,4979.746437536084,
4,3713,9319.688875,GB,8,1.0,8,1.0,6,229.724,28.7155,34824.39797322004,
4,3714,9319.969202,AB,64,1.0,64,1.0,4,8534.726,133.35509375,7498.776176294353,
4,3715,9328.54759,MLP,1,0.01,0,0.0,22,170.948,170.948,5849.7320822706315,
4,3716,9328.874274,NB,8,0.05,0,0.0,26,111.053,13.881625,72037.6757043934,
4,3717,9329.024535,RF,8,0.0,0,0.0,24,3066.163,383.270375,2609.124172459194,
4,3718,9332.135757,AB,1,0.05,0,0.0,20,8012.218,8012.218,124.80938486696193,2.0
4,3719,9353.106599,AB,32,0.05,1,0.03125,13,8258.566,258.0801875,3874.7646988593415,
4,3720,9361.445007,RF,100,0.5,56,0.56,25,4902.427,49.024269999999994,20398.0599813113,
4,3721,9366.393624,SGD,1,0.05,1,1.0,13,173.089,173.089,5777.374645413631,
4,3722,9366.745614,MLP,8,0.1,1,0.125,11,184.399,23.049875,43384.1832114057,
4,3723,9366.977617,GB,32,0.01,0,0.0,29,291.544,9.11075,109760.44782262712,
4,3724,9367.314501,NB,16,0.01,0,0.0,16,120.19,7.511875,133122.5559530743,
4,3725,9367.475173,MLP,16,1.0,16,1.0,5,186.101,11.6313125,85974.82012455602,
4,3726,9367.722752,AB,16,0.5,9,0.5625,1,8223.049,513.9405625,1945.7502928658212,
4,3727,9376.000088,DT,64,0.01,0,0.0,3,91.571,1.430796875,698911.2273536382,
4,3728,9376.153464,SGD,16,0.5,10,0.625,10,159.853,9.9908125,100091.95948777939,
4,3729,9376.353704,SGD,8,0.0,0,0.0,29,150.403,18.800375,53190.42838241259,
4,3730,9376.5728,RF,64,0.01,2,0.03125,0,3587.824,56.05975,17838.11023060217,
4,3731,9380.204159,RF,8,1.0,8,1.0,19,3291.598,411.44975,2430.4304474604737,
4,3732,9383.540134,GB,1,0.1,0,0.0,24,231.644,231.644,4316.969142304571,4.0
4,3733,9397.449622,GB,8,0.0,0,0.0,23,280.969,35.121125,28472.89202723432,
4,3734,9397.807236,NB,32,0.5,13,0.40625,26,141.77,4.4303125,225717.71178669675,
4,3735,9397.991795,AB,8,0.1,0,0.0,25,8654.699,1081.837375,924.3533483949008,
4,3736,9406.708047,GB,1,1.0,1,1.0,16,254.215,254.215,3933.678185787621,4.0
4,3737,9419.745615,SGD,32,0.01,0,0.0,2,185.926,5.8101875,172111.48521454775,
4,3738,9419.973083,GB,1,0.05,0,0.0,1,213.914,213.914,4674.775844498256,4.0
4,3739,9433.892398,DT,16,0.0,0,0.0,9,110.732,6.92075,144493.01015063396,
4,3740,9434.083847,LoR,100,0.01,0,0.0,21,222.729,2.22729,448976.10998118785,
4,3741,9434.376509,RF,32,0.05,2,0.0625,16,3675.245,114.85140625,8706.902533028411,
4,3742,9438.158244,AB,100,0.01,0,0.0,9,8819.515,88.19515,11338.4919692296,
4,3743,9447.053438,RF,1,0.01,0,0.0,23,3168.922,3168.922,315.56472516521393,8.98
4,3744,9463.186015,GB,8,0.01,0,0.0,18,254.029,31.753625,31492.46739545485,
4,3745,9463.518431,NB,100,0.05,8,0.08,19,149.988,1.49988,666720.004267008,
4,3746,9463.73436,AB,64,0.01,2,0.03125,13,8427.061,131.672828125,7594.581313698809,
4,3747,9472.204337,RF,16,0.0,0,0.0,24,3326.595,207.9121875,4809.722854750879,
4,3748,9475.60433,MLP,64,0.01,1,0.015625,21,248.367,3.880734375,257683.186574706,
4,3749,9475.922148,LoR,64,0.1,6,0.09375,29,169.416,2.647125,377768.33356943855,
4,3750,9476.158482,GB,64,0.05,4,0.0625,21,342.768,5.35575,186715.2126219484,
4,3751,9476.579337,RF,8,0.01,0,0.0,5,3498.663,437.332875,2286.587762239461,
4,3752,9480.142736,GB,16,0.1,0,0.0,10,288.705,18.0440625,55419.89227758439,
4,3753,9480.505727,DT,64,0.05,3,0.046875,6,102.564,1.6025625,624000.624000624,
4,3754,9480.681228,AB,100,0.5,42,0.42,14,8783.131,87.83130999999999,11385.461517083146,
4,3755,9489.544253,RF,100,0.5,49,0.49,28,4833.937,48.33937,20687.0714285271,
4,3756,9494.425142,AB,1,0.01,0,0.0,12,8341.701,8341.701,119.87962646946949,2.0
4,3757,9515.97722,SGD,16,0.5,5,0.3125,13,239.905,14.9940625,66693.06600529376,
4,3758,9516.309671,AB,64,0.05,4,0.0625,12,8759.947,136.874171875,7305.980275908062,
4,3759,9525.153209,NB,16,0.01,1,0.0625,25,127.532,7.97075,125458.708402597,
4,3760,9525.318468,SGD,1,0.0,0,0.0,8,172.678,172.678,5791.125679009486,
4,3761,9525.673509,NB,100,1.0,100,1.0,10,143.05,1.4305,699056.2740300593,
4,3762,9525.880467,NB,32,0.01,1,0.03125,12,118.125,3.69140625,270899.4708994709,
4,3763,9526.042122,AB,32,0.05,0,0.0,20,8313.876,259.808625,3848.986922585807,
4,3764,9534.407327,SGD,64,1.0,64,1.0,4,165.081,2.579390625,387688.4680853642,
4,3765,9534.632014,MLP,100,0.01,0,0.0,16,243.794,2.43794,410182.36708040396,
4,3766,9534.918308,AB,1,0.01,0,0.0,21,7913.176,7913.176,126.37150999800838,2.0
4,3767,9555.817819,AB,100,1.0,100,1.0,9,8703.379,87.03379000000001,11489.7903446466,
4,3768,9564.563304,AB,1,0.0,0,0.0,10,7847.66,7847.66,127.42651949753176,2.0
4,3769,9585.240578,LoR,64,0.01,1,0.015625,5,174.545,2.727265625,366667.62153026444,
4,3770,9585.456595,DT,1,0.05,0,0.0,9,88.299,88.299,11325.156570289584,7.0
4,3771,9585.75404,AB,32,0.1,1,0.03125,24,8720.289,272.50903125,3669.603151913887,
4,3772,9594.53096,SGD,1,0.1,0,0.0,21,169.334,169.334,5905.488561068657,
4,3773,9594.859909,MLP,16,0.0,0,0.0,20,229.415,14.3384375,69742.60619401521,
4,3774,9595.132614,SGD,16,0.0,0,0.0,22,151.576,9.4735,105557.60806460126,
4,3775,9595.349149,SGD,32,0.1,1,0.03125,14,150.601,4.70628125,212481.98883141545,
4,3776,9595.558114,GB,100,1.0,100,1.0,28,322.16,3.2216000000000005,310404.76781723363,
4,3777,9595.945766,RF,32,0.01,1,0.03125,24,3526.973,110.21790625,9072.935914167758,
4,3778,9599.548049,AB,64,0.1,4,0.0625,18,8592.076,134.2511875,7448.723684473927,
4,3779,9608.182969,NB,8,1.0,8,1.0,28,117.384,14.673,68152.38874122538,
4,3780,9608.343885,LoR,16,0.05,0,0.0,1,159.587,9.9741875,100258.79300945567,
4,3781,9608.544264,LoR,1,0.01,0,0.0,13,145.181,145.181,6887.953657847789,
4,3782,9608.852814,LoR,64,1.0,64,1.0,6,154.708,2.4173125,413682.55035292293,
4,3783,9609.077742,GB,64,0.01,1,0.015625,28,271.406,4.24071875,235809.08307111854,
4,3784,9609.407008,NB,100,0.0,0,0.0,5,147.508,1.4750800000000002,677929.3326463649,
4,3785,9609.595707,NB,1,0.1,0,0.0,25,102.274,102.274,9777.65610027964,
4,3786,9609.745795,AB,1,0.5,0,0.0,13,7959.722,7959.722,125.63252837222205,2.0
4,3787,9630.615793,GB,16,0.1,4,0.25,18,233.74,14.60875,68452.12629417301,
4,3788,9630.911995,DT,16,0.1,1,0.0625,0,99.238,6.202375,161228.56163969447,
4,3789,9631.089703,AB,32,0.01,0,0.0,24,8235.2,257.35,3885.7586943850783,
4,3790,9639.368096,RF,1,0.5,1,1.0,28,3067.582,3067.582,325.98965569624545,15.81
4,3791,9655.413222,SGD,8,0.01,0,0.0,4,166.123,20.765375,48157.08842243398,
4,3792,9655.629602,GB,64,1.0,64,1.0,26,264.0,4.125,242424.24242424243,
4,3793,9655.936709,MLP,16,1.0,16,1.0,25,202.522,12.657625,79003.76255419165,
4,3794,9656.184595,SGD,32,1.0,32,1.0,13,159.738,4.9918125,200328.0371608509,
4,3795,9656.408185,DT,32,0.5,19,0.59375,15,99.482,3.1088125,321666.23107697873,
4,3796,9656.547362,DT,1,0.05,0,0.0,25,88.501,88.501,11299.307352459293,7.0
4,3797,9656.843891,GB,16,0.5,10,0.625,22,228.587,14.2866875,69995.23157484896,
4,3798,9657.121947,LoR,64,0.0,0,0.0,17,168.726,2.63634375,379313.20602633856,
4,3799,9657.360119,AB,64,0.5,32,0.5,27,8464.243,132.253796875,7561.219591639795,
4,3800,9665.882499,RF,100,0.0,0,0.0,28,3789.606,37.896060000000006,26387.967509023365,
4,3801,9669.753473,MLP,100,0.05,6,0.06,18,249.941,2.49941,400094.42228365893,
4,3802,9670.046684,GB,1,0.01,0,0.0,20,216.833,216.833,4611.844138115508,4.0
4,3803,9683.08627,NB,16,0.0,0,0.0,22,124.086,7.755375,128942.82997276082,
4,3804,9683.265711,MLP,100,0.0,0,0.0,14,236.844,2.36844,422218.84447146644,
4,3805,9683.550277,NB,32,0.01,0,0.0,21,119.775,3.74296875,267167.60592778126,
4,3806,9683.709851,GB,16,0.0,0,0.0,27,226.16,14.135,70746.37424831977,
4,3807,9683.986116,NB,64,1.0,64,1.0,4,131.315,2.051796875,487377.6796253284,
4,3808,9684.185023,DT,64,0.1,6,0.09375,2,101.145,1.580390625,632754.9557565871,
4,3809,9684.325876,MLP,16,0.0,0,0.0,10,184.405,11.5253125,86765.54323364334,
4,3810,9684.573388,DT,32,0.01,1,0.03125,18,92.902,2.9031875,344448.98925749713,
4,3811,9684.737336,SGD,100,0.05,8,0.08,14,172.86,1.7286000000000001,578502.8346638898,
4,3812,9684.976989,AB,64,0.1,5,0.078125,12,8501.033,132.828640625,7528.49683091455,
4,3813,9693.519637,DT,8,1.0,8,1.0,24,83.884,10.4855,95369.79638548472,
4,3814,9693.643769,NB,1,0.01,1,1.0,9,101.341,101.341,9867.674485154084,
4,3815,9693.82716,GB,100,0.01,2,0.02,2,261.282,2.6128199999999997,382728.2399859156,
4,3816,9694.148468,DT,8,0.1,1,0.125,21,91.667,11.458375,87272.40991850938,
4,3817,9694.296521,AB,16,0.1,1,0.0625,16,8378.623,523.6639375,1909.6216645623035,
4,3818,9702.745901,SGD,64,0.5,29,0.453125,10,162.149,2.533578125,394698.7030447305,
4,3819,9702.953812,GB,32,0.01,0,0.0,20,275.623,8.61321875,116100.61569607761,
4,3820,9703.26883,LoR,1,1.0,1,1.0,1,151.053,151.053,6620.1929124214685,
4,3821,9703.592205,RF,8,0.01,1,0.125,13,3131.092,391.3865,2555.0191434809326,
4,3822,9706.793245,LoR,32,0.5,14,0.4375,22,167.248,5.2265,191332.63178035014,
4,3823,9707.055315,DT,64,0.5,29,0.453125,8,129.062,2.01659375,495885.6983465311,
4,3824,9707.23347,SGD,64,0.01,0,0.0,24,190.494,2.97646875,335968.5869371214,
4,3825,9707.485301,GB,32,0.5,15,0.46875,28,235.94,7.373125,135627.70195812496,
4,3826,9707.762366,RF,1,0.05,0,0.0,2,2994.801,2994.801,333.9120028342451,7.03
4,3827,9724.398998,AB,8,0.1,1,0.125,15,8106.607,1013.325875,986.8493686692842,
4,3828,9732.570667,RF,16,0.5,6,0.375,20,3393.512,212.0945,4714.879452319603,
4,3829,9736.04841,RF,100,0.05,2,0.02,9,3888.259,38.88259,25718.45136859453,
4,3830,9739.992319,LoR,64,1.0,64,1.0,10,224.581,3.509078125,284975.1314670431,
4,3831,9740.25734,MLP,1,0.0,0,0.0,1,185.549,185.549,5389.4119612609065,
4,3832,9740.62654,SGD,8,0.5,5,0.625,22,152.968,19.121,52298.51995188536,
4,3833,9740.854319,NB,100,0.5,49,0.49,7,146.161,1.46161,684177.0376502624,
4,3834,9741.038783,AB,16,0.0,0,0.0,28,8229.622,514.351375,1944.1962218920871,
4,3835,9749.331926,DT,8,0.01,1,0.125,9,84.706,10.58825,94444.31327178712,
4,3836,9749.470418,SGD,100,1.0,100,1.0,18,167.922,1.67922,595514.5841521659,
4,3837,9749.70142,AB,16,0.5,8,0.5,3,8136.293,508.5183125,1966.4975192019265,
4,3838,9757.879367,SGD,8,0.0,0,0.0,20,150.975,18.871875,52988.90544792185,
4,3839,9758.093928,AB,32,0.1,2,0.0625,15,8125.645,253.92640625,3938.1489100249887,
4,3840,9766.280803,RF,8,0.1,2,0.25,14,3205.445,400.680625,2495.7533197418766,
4,3841,9769.567504,LoR,100,0.01,1,0.01,2,179.037,1.79037,558543.7646966828,
4,3842,9769.795972,LoR,64,1.0,64,1.0,0,159.53,2.49265625,401178.4617313358,
4,3843,9770.022959,LoR,64,0.1,3,0.046875,17,155.02,2.4221875,412849.95484453614,
4,3844,9770.23951,GB,32,0.05,2,0.0625,17,267.741,8.36690625,119518.48988388032,
4,3845,9770.549313,SGD,8,0.05,0,0.0,17,157.787,19.723375,50701.26182765373,
4,3846,9770.747138,DT,1,0.01,0,0.0,15,90.328,90.328,11070.764325569036,7.0
4,3847,9771.105348,AB,100,1.0,100,1.0,17,8570.824,85.70824,11667.489613600745,
4,3848,9779.753746,SGD,100,0.1,10,0.1,6,165.926,1.65926,602678.302375758,
4,3849,9779.960774,GB,1,0.01,0,0.0,5,220.176,220.176,4541.821088583679,4.0
4,3850,9792.703305,LoR,1,0.1,0,0.0,14,156.022,156.022,6409.352527207702,
4,3851,9793.039978,SGD,64,0.05,3,0.046875,20,159.126,2.48634375,402197.0011186104,
4,3852,9793.240137,MLP,8,0.01,0,0.0,28,182.458,22.80725,43845.70695721755,
4,3853,9793.481315,NB,8,0.1,1,0.125,5,111.489,13.936125,71755.9579868866,
4,3854,9793.630861,MLP,1,0.01,0,0.0,19,162.726,162.726,6145.299460442708,
4,3855,9793.954952,DT,100,0.01,0,0.0,26,95.113,0.95113,1051380.9889289583,
4,3856,9794.107677,GB,8,0.5,3,0.375,26,212.67,26.58375,37616.96525132835,
4,3857,9794.379039,RF,8,0.5,6,0.75,18,3313.328,414.166,2414.490808033494,
4,3858,9797.765392,MLP,64,0.5,34,0.53125,21,221.514,3.46115625,288920.79055951315,
4,3859,9798.033463,AB,32,0.01,0,0.0,6,8287.808,258.994,3861.093307180861,
4,3860,9806.364039,MLP,1,0.5,0,0.0,11,163.854,163.854,6102.994128919648,
4,3861,9806.68203,AB,32,1.0,32,1.0,0,8661.641,270.67628125,3694.450047052285,
4,3862,9815.432063,GB,32,0.1,3,0.09375,4,274.463,8.57696875,116591.30738933844,
4,3863,9815.752245,AB,32,0.0,0,0.0,25,8205.771,256.43034375,3899.6944954959135,
4,3864,9824.001557,GB,16,1.0,16,1.0,6,232.116,14.50725,68931.05171552155,
4,3865,9824.284941,GB,64,1.0,64,1.0,15,286.532,4.4770625,223360.741557662,
4,3866,9824.615189,LoR,8,0.01,0,0.0,0,177.402,22.17525,45095.32023314281,
4,3867,9824.838947,MLP,16,1.0,16,1.0,21,193.999,12.1249375,82474.65193119552,
4,3868,9825.072264,GB,1,1.0,1,1.0,18,202.974,202.974,4926.739385339994,4.0
4,3869,9838.042689,LoR,100,0.0,0,0.0,0,172.861,1.72861,578499.4880279531,
4,3870,9838.277749,MLP,16,0.05,1,0.0625,21,208.545,13.0340625,76722.05039679685,
4,3871,9838.532175,MLP,32,0.01,0,0.0,25,183.15,5.7234375,174720.17472017472,
4,3872,9838.784202,NB,64,0.1,12,0.1875,29,132.279,2.066859375,483825.85293206025,
4,3873,9838.955293,LoR,16,0.0,0,0.0,11,202.962,12.685125,78832.49081108779,
4,3874,9839.231456,SGD,100,0.05,5,0.05,22,164.343,1.64343,608483.4766311921,
4,3875,9839.468886,MLP,100,0.1,9,0.09,12,219.33,2.1933000000000002,455933.980759586,
4,3876,9839.751593,NB,32,0.05,1,0.03125,8,116.614,3.6441875,274409.59061519196,
4,3877,9839.910056,SGD,1,0.05,0,0.0,2,149.564,149.564,6686.100933379691,
4,3878,9840.230611,GB,8,0.5,4,0.5,29,213.199,26.649875,37523.62815960675,
4,3879,9840.492835,GB,64,1.0,64,1.0,10,251.707,3.932921875,254263.88618512795,
4,3880,9840.79948,SGD,100,0.0,0,0.0,7,172.396,1.72396,580059.8621777768,
4,3881,9841.046683,NB,100,0.1,9,0.09,23,142.634,1.42634,701095.110562699,
4,3882,9841.258724,MLP,100,0.5,48,0.48,14,227.688,2.27688,439197.4983310495,
4,3883,9841.525188,LoR,1,1.0,1,1.0,12,146.345,146.345,6833.168198435204,
4,3884,9841.854048,NB,100,0.1,12,0.12,5,138.469,1.38469,722183.3045663651,
4,3885,9842.04892,MLP,8,0.1,1,0.125,20,176.36,22.045,45361.7600362894,
4,3886,9842.266369,DT,16,1.0,16,1.0,2,98.677,6.1673125,162145.18074120616,
4,3887,9842.406835,LoR,32,0.0,0,0.0,7,152.655,4.77046875,209623.00612492222,
4,3888,9842.600036,SGD,16,1.0,16,1.0,16,148.315,9.2696875,107878.50183730574,
4,3889,9842.78701,LoR,8,0.0,0,0.0,20,141.621,17.702625,56488.79756533282,
4,3890,9842.977466,RF,64,0.01,0,0.0,13,3712.48,58.0075,17239.150109899583,
4,3891,9846.73344,LoR,1,0.05,0,0.0,4,159.705,159.705,6261.544723083184,
4,3892,9847.113748,SGD,32,0.1,2,0.0625,0,157.113,4.90978125,203675.0618981243,
4,3893,9847.330012,NB,16,0.1,2,0.125,6,113.454,7.090875,141026.31903679026,
4,3894,9847.486586,GB,32,0.1,0,0.0,23,311.499,9.73434375,102729.06173053525,
4,3895,9847.858428,SGD,16,0.01,1,0.0625,15,159.085,9.9428125,100575.16422038533,
4,3896,9848.079575,NB,32,0.05,1,0.03125,6,118.746,3.7108125,269482.76152459875,
4,3897,9848.236515,AB,16,0.0,0,0.0,4,8155.518,509.719875,1961.8618952223512,
4,3898,9856.455319,GB,16,0.5,10,0.625,25,216.714,13.544625,73830.02482534584,
4,3899,9856.741842,SGD,64,0.01,1,0.015625,6,165.826,2.59103125,385946.71523162833,
4,3900,9856.962072,MLP,100,0.0,0,0.0,4,223.797,2.23797,446833.5143009066,
4,3901,9857.250064,AB,8,0.5,5,0.625,14,8035.295,1004.411875,995.6075041426606,
4,3902,9865.348989,LoR,16,0.01,1,0.0625,14,151.416,9.4635,105669.14989168913,
4,3903,9865.538685,MLP,1,0.0,0,0.0,25,159.418,159.418,6272.817373194996,
4,3904,9865.852676,DT,8,0.01,0,0.0,20,86.191,10.773875,92817.1154760938,
4,3905,9866.006141,GB,64,0.5,30,0.46875,23,252.643,3.947546875,253321.88107329313,
4,3906,9866.300191,AB,1,0.05,0,0.0,15,7769.042,7769.042,128.71599870357247,2.0
4,3907,9886.688214,SGD,32,0.5,12,0.375,12,163.169,5.09903125,196115.6837389455,
4,3908,9886.92591,RF,100,0.5,48,0.48,19,4777.215,47.77215,20932.698235268876,
4,3909,9891.773548,NB,32,0.01,1,0.03125,16,129.97,4.0615625,246210.66399938447,
4,3910,9891.969912,NB,64,0.5,27,0.421875,5,127.932,1.9989375,500265.7661882875,
4,3911,9892.149926,DT,100,1.0,100,1.0,11,121.556,1.21556,822666.0962848399,
4,3912,9892.311289,DT,1,0.05,0,0.0,28,85.737,85.737,11663.575819074613,7.0
4,3913,9892.604593,RF,16,0.05,1,0.0625,4,3143.096,196.4435,5090.522211221038,
4,3914,9895.794305,GB,32,0.0,0,0.0,26,246.013,7.68790625,130074.42696117684,
4,3915,9896.085207,SGD,32,0.0,0,0.0,26,164.959,5.15496875,193987.59691802206,
4,3916,9896.319567,DT,64,0.5,39,0.609375,10,104.819,1.637796875,610576.3268109789,
4,3917,9896.463611,LoR,1,0.1,0,0.0,8,150.444,150.444,6646.991571614688,
4,3918,9896.780752,LoR,8,0.5,1,0.125,20,163.108,20.3885,49047.257032150475,
4,3919,9896.995872,NB,16,1.0,16,1.0,6,110.79,6.924375,144417.36618828413,
4,3920,9897.145361,AB,1,0.1,1,1.0,4,7929.889,7929.889,126.1051699462628,2.0
4,3921,9918.825432,DT,1,0.05,0,0.0,16,94.095,94.095,10627.557255964717,7.0
4,3922,9919.128389,AB,32,0.0,0,0.0,7,8305.219,259.53809375,3852.9989395824487,
4,3923,9927.501375,NB,32,0.5,12,0.375,22,124.387,3.88709375,257261.61094005,
4,3924,9927.66615,MLP,8,0.05,0,0.0,12,197.396,24.6745,40527.67026687471,
4,3925,9927.928426,NB,32,0.1,3,0.09375,28,117.754,3.6798125,271752.9765443212,
4,3926,9928.084451,AB,1,0.5,1,1.0,16,7782.734,7782.734,128.4895513581731,2.0
4,3927,9948.617107,RF,32,0.1,3,0.09375,3,3607.42,112.731875,8870.60558515504,
4,3928,9952.290512,DT,16,0.5,11,0.6875,6,99.745,6.2340625,160409.0430598025,
4,3929,9952.465998,AB,100,0.5,63,0.63,28,8568.279,85.68279000000001,11670.955159139892,
4,3930,9961.097652,GB,8,0.1,1,0.125,3,244.413,30.551625,32731.48318624623,
4,3931,9961.410443,SGD,64,0.5,38,0.59375,25,175.011,2.734546875,365691.2994040375,
4,3932,9961.623284,MLP,1,1.0,1,1.0,7,170.2,170.2,5875.440658049354,
4,3933,9961.949019,RF,8,0.1,0,0.0,28,3021.479,377.684875,2647.7099460231234,
4,3934,9965.035806,RF,16,0.1,1,0.0625,0,3042.253,190.1408125,5259.260160151046,
4,3935,9968.150333,MLP,64,0.05,5,0.078125,11,222.903,3.482859375,287120.4066342759,
4,3936,9968.414999,GB,1,0.1,0,0.0,9,230.694,230.694,4334.746460679515,4.0
4,3937,9981.151748,SGD,1,0.5,0,0.0,27,158.827,158.827,6296.158713568851,
4,3938,9981.4588,SGD,8,1.0,8,1.0,19,148.763,18.595375,53776.8127827484,
4,3939,9981.647909,RF,1,0.1,0,0.0,25,2973.628,2973.628,336.28954260586727,6.95
4,3940,9997.392179,NB,8,0.0,0,0.0,29,117.346,14.66825,68174.45843914578,
4,3941,9997.577579,RF,64,0.1,7,0.109375,22,3744.376,58.505875,17092.30055955919,
4,3942,10001.367757,LoR,8,0.05,0,0.0,26,169.447,21.180875,47212.40269818882,
4,3943,10001.607427,NB,64,0.5,34,0.53125,2,131.706,2.05790625,485930.7852337783,
4,3944,10001.804932,NB,64,0.1,8,0.125,15,125.991,1.968609375,507972.7917073442,
4,3945,10001.986173,GB,16,0.1,2,0.125,7,236.327,14.7704375,67702.80162655981,
4,3946,10002.262573,LoR,8,1.0,8,1.0,4,156.678,19.58475,51060.13607526264,
4,3947,10002.463197,AB,16,0.0,0,0.0,1,8080.069,505.0043125,1980.1811098395322,
4,3948,10010.620744,LoR,100,0.5,41,0.41,29,164.661,1.64661,607308.3486678691,
4,3949,10010.85288,GB,64,0.1,5,0.078125,21,303.362,4.74003125,210969.07325241787,
4,3950,10011.214916,MLP,100,0.01,0,0.0,18,243.045,2.43045,411446.4399596783,
4,3951,10011.521982,LoR,32,0.1,5,0.15625,10,156.16,4.88,204918.03278688525,
4,3952,10011.751744,RF,100,0.01,1,0.01,14,3791.435,37.91435,26375.237871676556,
4,3953,10015.61153,NB,32,0.1,8,0.25,19,130.498,4.0780625,245214.48604576316,
4,3954,10015.809652,SGD,64,0.05,7,0.109375,21,170.556,2.6649375,375243.3218415066,
4,3955,10016.024782,MLP,32,0.01,0,0.0,18,191.344,5.9795,167238.06338322602,
4,3956,10016.261874,LoR,32,0.01,0,0.0,7,150.473,4.70228125,212662.73683650885,
4,3957,10016.466808,NB,64,0.0,0,0.0,19,125.661,1.963453125,509306.78571712784,
4,3958,10016.633674,RF,32,1.0,32,1.0,22,3865.105,120.78453125,8279.205868922061,
4,3959,10020.565316,LoR,8,0.5,4,0.5,4,163.996,20.4995,48781.67760189273,
4,3960,10020.774443,MLP,32,0.01,0,0.0,19,189.723,5.92884375,168666.95129214696,
4,3961,10021.003693,AB,1,1.0,1,1.0,13,7715.46,7715.46,129.60990012261095,2.0
4,3962,10041.389222,AB,8,0.01,0,0.0,7,8070.885,1008.860625,991.2171961315271,
4,3963,10049.539112,MLP,100,0.5,49,0.49,26,229.052,2.29052,436582.08616384055,
4,3964,10049.812101,AB,8,0.1,0,0.0,6,7900.53,987.56625,1012.5902945751741,
4,3965,10057.778507,AB,32,0.5,18,0.5625,13,8064.43,252.0134375,3968.0423786926044,
4,3966,10065.888669,SGD,32,1.0,32,1.0,26,154.452,4.826625,207184.10897884134,
4,3967,10066.092692,GB,32,0.01,0,0.0,13,239.022,7.4694375,133878.88980930627,
4,3968,10066.375717,LoR,16,0.05,0,0.0,14,156.339,9.7711875,102341.70616416889,
4,3969,10066.572033,AB,1,0.5,1,1.0,8,7716.781,7716.781,129.58771280408243,2.0
4,3970,10086.968671,NB,16,0.1,2,0.125,17,151.681,9.4800625,105484.53662620894,
4,3971,10087.16707,MLP,64,1.0,64,1.0,3,209.798,3.27809375,305055.3389450805,
4,3972,10087.441476,GB,32,0.01,1,0.03125,5,236.146,7.3795625,135509.3882598054,
4,3973,10087.717599,SGD,8,0.0,0,0.0,25,154.68,19.335,51719.679337988106,
4,3974,10087.915239,NB,16,0.01,0,0.0,17,112.151,7.0094375,142664.80013553158,
4,3975,10088.065691,MLP,16,0.0,0,0.0,18,178.382,11.148875,89695.14861364936,
4,3976,10088.292807,SGD,64,0.0,0,0.0,27,157.848,2.466375,405453.34752420045,
4,3977,10088.488025,NB,1,0.0,0,0.0,5,98.4,98.4,10162.60162601626,
4,3978,10088.648704,GB,100,1.0,100,1.0,7,278.323,2.7832299999999996,359294.77621324867,
4,3979,10088.987425,MLP,16,0.1,2,0.125,28,185.026,11.564125,86474.33333693643,
4,3980,10089.21317,MLP,1,0.5,0,0.0,22,159.843,159.843,6256.1388362330545,
4,3981,10089.53419,AB,32,0.01,0,0.0,3,8822.588,275.705875,3627.053649110669,
4,3982,10098.413762,LoR,16,1.0,16,1.0,11,170.812,10.67575,93670.23394140926,
4,3983,10098.651088,DT,16,0.5,6,0.375,25,93.426,5.839125,171258.5361676621,
4,3984,10098.7937,SGD,64,0.0,0,0.0,28,169.223,2.644109375,378199.1809623987,
4,3985,10099.043084,GB,16,0.5,5,0.3125,6,247.994,15.499625,64517.68994411155,
4,3986,10099.332676,DT,16,0.0,0,0.0,13,96.63,6.039375,165580.0476042637,
4,3987,10099.502968,RF,100,0.01,1,0.01,13,4160.688,41.606880000000004,24034.486604138547,
4,3988,10103.710055,GB,8,0.05,0,0.0,5,248.09,31.01125,32246.362207263493,
4,3989,10103.999729,RF,1,0.1,0,0.0,26,2996.509,2996.509,333.7216741214527,8.96
4,3990,10119.922997,RF,16,0.1,1,0.0625,18,3609.244,225.57775,4433.061328078677,
4,3991,10123.612593,MLP,8,0.05,1,0.125,11,294.563,36.820375,27158.876029915504,
4,3992,10123.948845,GB,8,1.0,8,1.0,8,255.457,31.932125,31316.425073495735,
4,3993,10124.262859,LoR,100,1.0,100,1.0,0,205.691,2.0569100000000002,486166.14241750975,
4,3994,10124.5442,AB,100,0.5,57,0.57,16,8866.883,88.66883,11277.920324425168,
4,3995,10133.452486,AB,8,0.0,0,0.0,24,7981.5,997.6875,1002.3178600513688,
4,3996,10141.490825,NB,100,0.0,0,0.0,26,145.864,1.45864,685570.120111885,
4,3997,10141.683683,NB,1,0.5,0,0.0,8,97.67,97.67,10238.558410975735,
4,3998,10141.829579,RF,8,0.0,0,0.0,15,3151.458,393.93225,2538.5075733200315,
4,3999,10145.02274,GB,1,1.0,1,1.0,17,239.203,239.203,4180.5495750471355,4.0
4,4000,10157.878027,SGD,32,0.05,1,0.03125,14,173.308,5.415875,184642.3708080412,
4,4001,10158.120528,GB,64,0.05,4,0.0625,13,252.75,3.94921875,253214.63897131552,
4,4002,10158.418155,SGD,16,0.01,0,0.0,14,160.513,10.0320625,99680.39971840287,
4,4003,10158.652267,LoR,100,0.5,56,0.56,21,166.684,1.6668399999999999,599937.6064889252,
4,4004,10158.861169,MLP,16,0.01,0,0.0,18,248.118,15.507375,64485.446440806394,
4,4005,10159.151028,MLP,1,0.05,0,0.0,22,161.28,161.28,6200.396825396825,
4,4006,10159.476983,SGD,64,0.0,0,0.0,7,153.142,2.39284375,417912.7868252994,
4,4007,10159.69234,LoR,32,0.05,2,0.0625,24,148.042,4.6263125,216154.8749679145,
4,4008,10159.912801,DT,100,0.1,6,0.06,19,101.772,1.01772,982588.5312266635,
4,4009,10160.071151,GB,16,0.5,10,0.625,23,218.17,13.635625,73337.30577072925,
4,4010,10160.363747,LoR,100,0.01,3,0.03,26,168.743,1.68743,592617.1752309726,
4,4011,10160.57554,LoR,16,0.05,0,0.0,8,149.153,9.3220625,107272.3981415057,
4,4012,10160.763394,AB,8,0.0,0,0.0,10,7970.077,996.259625,1003.7544179309685,
4,4013,10168.799453,DT,32,0.05,2,0.0625,7,86.511,2.70346875,369895.1578411994,
4,4014,10168.95825,DT,100,0.05,7,0.07,9,91.712,0.91712,1090369.8534542916,
4,4015,10169.088883,DT,8,0.01,0,0.0,23,81.103,10.137875,98640.00098640002,
4,4016,10169.208126,SGD,8,0.05,0,0.0,27,153.098,19.13725,52254.11174541796,
4,4017,10169.431745,AB,16,0.5,11,0.6875,25,7940.91,496.306875,2014.8824253139753,
4,4018,10177.418045,SGD,32,1.0,32,1.0,8,154.179,4.81809375,207550.96349048833,
4,4019,10177.647907,DT,100,0.05,4,0.04,13,95.839,0.95839,1043416.5631945241,
4,4020,10177.783637,RF,1,0.0,0,0.0,23,2984.572,2984.572,335.0564167994607,8.76
4,4021,10194.066246,MLP,8,1.0,8,1.0,26,231.111,28.888875,34615.401257404454,
4,4022,10194.372655,SGD,8,0.1,0,0.0,23,159.832,19.979,50052.555182942095,
4,4023,10194.597047,SGD,32,0.1,4,0.125,6,155.606,4.8626875,205647.59713635722,
4,4024,10194.791272,SGD,1,0.0,0,0.0,26,146.175,146.175,6841.115101761587,
4,4025,10195.136894,SGD,16,0.01,0,0.0,19,150.35,9.396875,106418.35716661124,
4,4026,10195.328365,SGD,1,0.05,0,0.0,1,143.176,143.176,6984.410795105326,
4,4027,10195.618791,SGD,8,0.05,0,0.0,3,145.401,18.175125,55020.254331125645,
4,4028,10195.827882,NB,32,0.5,20,0.625,13,123.555,3.86109375,258993.970296629,
4,4029,10196.011846,SGD,32,0.05,2,0.0625,2,156.813,4.90040625,204064.71402243437,
4,4030,10196.229767,DT,32,0.1,4,0.125,15,95.622,2.9881875,334651.02173140075,
4,4031,10196.384968,DT,32,0.5,14,0.4375,12,92.252,2.882875,346875.9484889217,
4,4032,10196.55004,NB,100,0.01,1,0.01,29,144.399,1.44399,692525.5715067278,
4,4033,10196.739681,SGD,64,0.0,0,0.0,16,193.349,3.021078125,331007.6597241258,
4,4034,10197.006565,DT,100,0.1,8,0.08,17,99.754,0.9975400000000001,1002466.0665236481,
4,4035,10197.172214,AB,64,0.05,1,0.015625,29,8600.472,134.382375,7441.452050538622,
4,4036,10205.834442,NB,100,0.01,0,0.0,1,142.912,1.4291200000000002,699731.303179579,
4,4037,10206.024828,SGD,16,0.01,0,0.0,2,162.897,10.1810625,98221.57559684955,
4,4038,10206.237878,GB,64,1.0,64,1.0,11,287.57,4.49328125,222554.50846750356,
4,4039,10206.584129,SGD,100,0.01,0,0.0,10,176.847,1.76847,565460.5393362624,
4,4040,10206.834154,SGD,64,0.5,28,0.4375,11,164.5,2.5703125,389057.7507598784,
4,4041,10207.097225,RF,32,0.05,4,0.125,7,3897.283,121.79009375,8210.848429534115,
4,4042,10211.11377,NB,8,0.05,1,0.125,27,145.606,18.20075,54942.79081905966,
4,4043,10211.304401,DT,32,1.0,32,1.0,6,114.662,3.5831875,279081.12539463816,
4,4044,10211.457571,RF,1,1.0,1,1.0,0,3102.166,3102.166,322.3554123151372,23.18
4,4045,10227.713793,SGD,16,0.5,8,0.5,9,178.219,11.1386875,89777.18425083745,
4,4046,10227.938808,AB,32,0.01,0,0.0,27,8383.761,261.99253125,3816.9027003513097,
4,4047,10236.363434,RF,1,0.0,0,0.0,26,3062.403,3062.403,326.5409549298378,8.81
4,4048,10252.4711,LoR,100,1.0,100,1.0,2,185.998,1.85998,537640.189679459,
4,4049,10252.699954,SGD,1,0.01,0,0.0,8,153.312,153.312,6522.646629096222,
4,4050,10253.012345,LoR,1,0.01,0,0.0,12,144.465,144.465,6922.0918561589315,
4,4051,10253.302623,RF,1,0.1,0,0.0,20,2997.309,2997.309,333.6326017771274,8.8
4,4052,10269.786523,DT,64,0.01,0,0.0,7,106.814,1.66896875,599172.3931319865,
4,4053,10269.936428,DT,1,0.5,0,0.0,29,86.349,86.349,11580.910027909993,24.0
4,4054,10270.208986,GB,8,0.01,0,0.0,10,265.815,33.226875,30096.11948159434,
4,4055,10270.540777,DT,32,0.05,2,0.0625,17,96.375,3.01171875,332036.3164721141,
4,4056,10270.693246,NB,100,0.0,0,0.0,24,157.766,1.5776599999999998,633850.1324746778,
4,4057,10270.911859,AB,32,0.05,2,0.0625,0,8401.264,262.5395,3808.9506531398138,
4,4058,10279.359334,RF,16,0.01,0,0.0,18,3412.087,213.2554375,4689.212203557529,
4,4059,10282.823468,LoR,32,1.0,32,1.0,11,213.558,6.6736875,149842.1974358254,
4,4060,10283.129757,AB,100,0.5,55,0.55,11,8828.664,88.28664,11326.742075584709,
4,4061,10292.004255,NB,8,0.1,0,0.0,12,115.853,14.481625,69053.02409087378,
4,4062,10292.161182,GB,1,0.01,0,0.0,27,244.468,244.468,4090.5149140173767,4.0
4,4063,10305.217609,LoR,8,0.1,1,0.125,24,167.082,20.88525,47880.6813420955,
4,4064,10305.45455,LoR,64,0.5,41,0.640625,10,160.714,2.51115625,398222.9301740981,
4,4065,10305.661331,LoR,32,0.01,0,0.0,2,151.484,4.733875,211243.43164954713,
4,4066,10305.873335,RF,16,0.5,11,0.6875,17,3618.034,226.127125,4422.2912222494315,
4,4067,10309.557533,MLP,16,0.5,9,0.5625,12,211.879,13.2424375,75514.79854067652,
4,4068,10309.816149,AB,32,0.0,0,0.0,26,8361.371,261.29284375,3827.123566218985,
4,4069,10318.250991,RF,64,0.05,4,0.0625,9,3550.011,55.468921875,18028.113152325444,
4,4070,10321.86762,MLP,16,0.5,8,0.5,3,196.923,12.3076875,81250.03173829365,
4,4071,10322.107446,DT,1,0.05,0,0.0,1,91.023,91.023,10986.234248486646,17.0
4,4072,10322.398179,NB,32,0.0,0,0.0,27,127.363,3.98009375,251250.36313529048,
4,4073,10322.563305,LoR,1,0.0,0,0.0,14,155.889,155.889,6414.820801980896,
4,4074,10322.876077,DT,16,1.0,16,1.0,22,95.873,5.9920625,166887.4448489147,
4,4075,10323.02266,LoR,32,0.01,0,0.0,12,189.964,5.936375,168452.97003642796,
4,4076,10323.288993,SGD,100,0.01,1,0.01,15,168.298,1.68298,594184.1257768958,
4,4077,10323.519223,GB,8,0.5,4,0.5,5,237.616,29.702,33667.76648037169,
4,4078,10323.798235,LoR,1,0.01,0,0.0,5,151.826,151.826,6586.48716293652,
4,4079,10324.10778,SGD,32,0.0,0,0.0,23,156.172,4.880375,204902.28722178112,
4,4080,10324.310856,SGD,32,0.01,0,0.0,23,152.962,4.7800625,209202.28553496947,
4,4081,10324.512482,LoR,64,0.0,0,0.0,2,153.16,2.393125,417863.6719770175,
4,4082,10324.706356,GB,16,1.0,16,1.0,0,227.375,14.2109375,70368.33424958769,
4,4083,10325.000249,LoR,32,0.01,1,0.03125,23,163.787,5.11834375,195375.70136824046,
4,4084,10325.232216,LoR,64,0.05,4,0.0625,0,161.12,2.5175,397219.46375372395,
4,4085,10325.441595,RF,64,1.0,64,1.0,8,4657.987,72.781046875,13739.840836825006,
4,4086,10330.148545,GB,32,0.0,0,0.0,17,255.54,7.985625,125225.01369648588,
4,4087,10330.483241,AB,100,0.05,4,0.04,3,8859.731,88.59731,11287.02440288537,
4,4088,10339.388395,RF,8,0.05,0,0.0,20,3128.06,391.0075,2557.4957002103542,
4,4089,10342.585647,AB,32,0.5,16,0.5,26,8404.554,262.6423125,3807.459622485619,
4,4090,10351.058319,SGD,8,0.5,3,0.375,11,161.487,20.185875,49539.591422219746,
4,4091,10351.296538,NB,100,0.05,11,0.11,4,147.02,1.4702000000000002,680179.5674057951,
4,4092,10351.496682,LoR,100,1.0,100,1.0,26,170.367,1.7036699999999998,586968.1335000324,
4,4093,10351.721263,NB,100,0.0,0,0.0,8,137.557,1.37557,726971.3645979485,
4,4094,10351.901269,AB,32,0.0,0,0.0,0,8330.287,260.32146875,3841.4042637426537,
4,4095,10360.295625,GB,8,0.5,1,0.125,12,221.183,27.647875,36169.145006623476,
4,4096,10360.55949,SGD,1,0.1,0,0.0,15,159.276,159.276,6278.40980436475,
4,4097,10360.902228,SGD,64,0.5,29,0.453125,13,161.884,2.5294375,395344.81480566337,
4,4098,10361.132092,NB,32,0.01,1,0.03125,8,121.305,3.79078125,263797.8648860311,
4,4099,10361.309927,SGD,8,0.1,2,0.25,4,154.861,19.357625,51659.229890030416,
4,4100,10361.522899,NB,8,0.05,1,0.125,0,109.239,13.654875,73233.91828925567,
4,4101,10361.684322,DT,100,0.0,0,0.0,23,100.958,1.00958,990510.9055250698,
4,4102,10361.832562,NB,64,0.0,0,0.0,21,129.297,2.020265625,494984.4157250362,
4,4103,10362.021822,GB,32,0.05,2,0.0625,25,231.687,7.24021875,138117.37387078255,
4,4104,10362.292312,GB,1,1.0,1,1.0,6,208.524,208.524,4795.611056760852,4.0
4,4105,10375.301623,NB,64,1.0,64,1.0,5,135.438,2.11621875,472540.9412424874,
4,4106,10375.4784,SGD,1,0.01,0,0.0,23,157.373,157.373,6354.330158286365,
4,4107,10375.824169,DT,100,0.1,7,0.07,0,102.705,1.02705,973662.4312350908,
4,4108,10375.967241,LoR,16,0.0,0,0.0,25,156.106,9.756625,102494.45889331608,
4,4109,10376.191587,DT,64,0.1,6,0.09375,6,96.36,1.505625,664176.0066417601,
4,4110,10376.326018,LoR,8,1.0,8,1.0,16,150.733,18.841625,53073.97849177021,
4,4111,10376.520226,RF,32,1.0,32,1.0,28,4013.503,125.42196875,7973.084858787946,
4,4112,10380.579469,LoR,8,0.01,0,0.0,26,166.941,20.867625,47921.12183346212,
4,4113,10380.816845,GB,64,0.5,35,0.546875,19,272.372,4.2558125,234972.75784588722,
4,4114,10381.154179,LoR,32,0.5,16,0.5,3,166.116,5.191125,192636.4708998531,
4,4115,10381.361533,NB,16,1.0,16,1.0,23,116.583,7.2864375,137241.27874561472,
4,4116,10381.518981,DT,8,0.05,0,0.0,27,95.242,11.90525,83996.5561411982,
4,4117,10381.654923,AB,8,0.01,0,0.0,25,8190.124,1023.7655,976.7861878525894,
4,4118,10389.914689,SGD,100,0.0,0,0.0,5,165.145,1.65145,605528.4749765358,
4,4119,10390.154911,GB,100,0.01,2,0.02,20,265.73,2.6573,376321.8304293832,
4,4120,10390.496193,GB,100,0.1,15,0.15,21,312.15,3.1214999999999997,320358.8018580811,
4,4121,10390.877897,MLP,64,0.1,4,0.0625,23,278.818,4.35653125,229540.41704624525,
4,4122,10391.200474,LoR,32,0.0,0,0.0,27,156.199,4.88121875,204866.86854589338,
4,4123,10391.419289,LoR,32,0.05,3,0.09375,21,150.997,4.71865625,211924.740226627,
4,4124,10391.610688,SGD,8,0.05,0,0.0,10,145.842,18.23025,54853.88296924068,
4,4125,10391.799276,GB,1,0.1,0,0.0,3,230.126,230.126,4345.445538531066,4.0
4,4126,10405.766339,SGD,64,1.0,64,1.0,2,265.203,4.143796875,241324.5702348767,
4,4127,10406.129457,SGD,64,0.1,9,0.140625,18,190.401,2.975015625,336132.6883787375,
4,4128,10406.371702,AB,64,1.0,64,1.0,7,8667.767,135.433859375,7383.677941504427,
4,4129,10415.158689,RF,100,0.05,5,0.05,26,4072.751,40.72751,24553.428382928392,
4,4130,10419.280805,NB,16,0.01,0,0.0,12,132.21,8.263125,121019.5900461387,
4,4131,10419.455347,GB,8,0.1,0,0.0,18,259.393,32.424125,30841.233186708974,
4,4132,10419.777518,AB,16,0.05,1,0.0625,6,8570.506,535.656625,1866.867603849761,
4,4133,10428.411602,NB,16,1.0,16,1.0,19,130.29,8.143125,122802.97797221583,
4,4134,10428.621464,MLP,64,0.1,6,0.09375,26,263.273,4.113640625,243093.67082837963,
4,4135,10428.950605,LoR,64,0.0,0,0.0,20,172.109,2.689203125,371857.36945772736,
4,4136,10429.183862,DT,16,0.5,7,0.4375,26,98.331,6.1456875,162715.72545789223,
4,4137,10429.356537,GB,100,0.5,48,0.48,18,335.739,3.3573899999999997,297850.41356529924,
4,4138,10429.735939,NB,8,0.01,0,0.0,7,121.058,15.13225,66084.0258388541,
4,4139,10429.925281,NB,64,0.1,3,0.046875,5,129.53,2.02390625,494094.0322705165,
4,4140,10430.093046,AB,16,0.0,0,0.0,9,8824.667,551.5416875,1813.0995764486072,
4,4141,10439.061191,GB,100,0.05,7,0.07,10,347.695,3.47695,287608.3924128906,
4,4142,10439.477882,LoR,100,0.0,0,0.0,10,213.945,2.13945,467409.8483255042,
4,4143,10439.736775,NB,8,1.0,8,1.0,26,127.705,15.963125,62644.37570964332,
4,4144,10439.90601,RF,1,0.1,0,0.0,12,3255.332,3255.332,307.1883297924759,6.88
4,4145,10456.201094,NB,64,0.1,8,0.125,22,135.587,2.118546875,472021.653993377,
4,4146,10456.375933,SGD,1,0.1,0,0.0,9,168.299,168.299,5941.805952501203,
4,4147,10456.718674,NB,100,0.01,0,0.0,28,138.062,1.3806200000000002,724312.265503904,
4,4148,10456.897619,AB,8,0.01,0,0.0,14,8155.386,1019.42325,980.9468245892959,
4,4149,10465.103838,RF,64,0.0,0,0.0,2,3464.9,54.1390625,18470.95154261306,
4,4150,10468.649822,GB,100,0.05,3,0.03,13,344.642,3.44642,290156.1620464134,
4,4151,10469.036061,GB,8,1.0,8,1.0,19,223.333,27.916625,35820.94898649103,
4,4152,10469.299784,AB,8,0.0,0,0.0,1,8131.623,1016.452875,983.8134404411027,
4,4153,10477.509587,RF,100,0.1,12,0.12,2,4502.949,45.029489999999996,22207.668796604183,
4,4154,10482.081124,AB,1,0.5,0,0.0,19,8153.47,8153.47,122.64716740234526,2.0
4,4155,10503.816788,NB,1,0.0,0,0.0,2,124.852,124.852,8009.48322814212,
4,4156,10504.017061,RF,100,1.0,100,1.0,20,5468.033,54.680330000000005,18288.11201395456,
4,4157,10509.558529,LoR,8,0.1,2,0.25,8,193.842,24.23025,41270.72564253361,
4,4158,10509.819817,NB,32,0.1,4,0.125,24,126.015,3.93796875,253938.02325120024,
4,4159,10510.001311,RF,100,1.0,100,1.0,4,5339.174,53.39174,18729.48886850288,
4,4160,10515.412688,MLP,32,0.05,1,0.03125,17,232.2,7.25625,137812.23083548667,
4,4161,10515.69409,GB,32,0.01,0,0.0,11,282.573,8.83040625,113245.07295459935,
4,4162,10516.017246,SGD,1,0.0,0,0.0,15,163.431,163.431,6118.790192803079,
4,4163,10516.339718,RF,16,0.0,0,0.0,11,3361.053,210.0658125,4760.412882510333,
4,4164,10519.799362,SGD,64,0.05,1,0.015625,16,222.685,3.479453125,287401.4864045625,
4,4165,10520.088186,AB,8,0.1,2,0.25,8,8455.26,1056.9075,946.1565936470315,
4,4166,10528.611899,LoR,100,1.0,100,1.0,10,195.714,1.9571399999999999,510949.65102138836,
4,4167,10528.863491,GB,32,0.05,0,0.0,11,271.283,8.47759375,117957.99957977462,
4,4168,10529.214211,LoR,100,0.05,2,0.02,5,179.751,1.79751,556325.1386640408,
4,4169,10529.442858,GB,64,0.0,0,0.0,24,261.516,4.0861875,244726.9000749476,
4,4170,10529.78067,AB,100,0.05,5,0.05,13,8895.008,88.95008,11242.260827646249,
4,4171,10538.734563,RF,100,1.0,100,1.0,23,5505.648,55.05648,18163.166261264796,
4,4172,10544.326735,RF,100,0.05,3,0.03,16,3782.461,37.82461,26437.813899469158,
4,4173,10548.160832,NB,32,0.01,0,0.0,2,140.662,4.3956875,227495.6989094425,
4,4174,10548.34275,GB,1,0.01,0,0.0,22,281.781,281.781,3548.855316717593,4.0
4,4175,10561.483886,LoR,100,1.0,100,1.0,29,187.072,1.87072,534553.5408826548,
4,4176,10561.730096,AB,100,0.01,0,0.0,29,8835.275,88.35275,11318.26683379974,
4,4177,10570.608864,AB,1,0.01,0,0.0,28,7850.317,7850.317,127.38339101465584,2.0
4,4178,10591.761511,LoR,64,0.01,2,0.03125,10,198.992,3.10925,321620.9696872236,
4,4179,10592.006322,RF,16,0.01,0,0.0,6,3428.985,214.3115625,4666.103817893633,
4,4180,10595.482121,SGD,16,1.0,16,1.0,5,178.952,11.1845,89409.45057892619,
4,4181,10595.739809,MLP,100,0.5,55,0.55,18,253.857,2.53857,393922.5627026239,
4,4182,10596.07267,DT,100,0.01,1,0.01,8,106.642,1.06642,937716.8470208736,
4,4183,10596.219908,LoR,1,0.01,0,0.0,29,154.009,154.009,6493.127025043991,
4,4184,10596.534718,NB,16,0.05,0,0.0,7,122.648,7.6655,130454.6344008871,
4,4185,10596.698607,DT,8,0.01,0,0.0,0,91.475,11.434375,87455.5889587319,
4,4186,10596.829237,LoR,8,0.0,0,0.0,18,152.789,19.098625,52359.79029903986,
4,4187,10597.055092,NB,64,0.1,1,0.015625,23,129.998,2.03121875,492315.26638871373,
4,4188,10597.223902,NB,1,0.1,0,0.0,23,100.246,100.246,9975.46036749596,
4,4189,10597.368791,LoR,1,0.0,0,0.0,27,147.935,147.935,6759.725555142461,
4,4190,10597.687339,LoR,8,0.5,4,0.5,29,149.348,18.6685,53566.16760853844,
4,4191,10597.894733,AB,8,0.5,2,0.25,27,8301.699,1037.712375,963.658162022015,
4,4192,10606.237363,DT,1,0.0,0,0.0,8,79.972,79.972,12504.376531786125,7.0
4,4193,10606.533108,AB,32,0.5,17,0.53125,14,8380.796,261.899875,3818.2530633128404,
4,4194,10614.957772,AB,16,0.0,0,0.0,27,8250.349,515.6468125,1939.3119006238403,
4,4195,10623.255065,DT,32,1.0,32,1.0,5,94.358,2.9486875,339133.936709129,
4,4196,10623.419486,RF,64,0.1,3,0.046875,27,3727.431,58.241109375,17170.00261037696,
4,4197,10627.230416,LoR,100,0.1,7,0.07,12,183.11,1.8311000000000002,546119.8186882201,
4,4198,10627.458586,GB,32,1.0,32,1.0,6,278.899,8.71559375,114736.87607341725,
4,4199,10627.787044,NB,64,1.0,64,1.0,6,136.939,2.139671875,467361.37988447415,
4,4200,10627.972356,MLP,64,0.0,0,0.0,1,224.851,3.513296875,284632.93469897844,
4,4201,10628.262885,SGD,32,0.05,1,0.03125,19,161.7,5.053125,197897.34075448362,
4,4202,10628.467828,RF,32,0.0,0,0.0,1,3296.974,103.0304375,9705.869685353902,
4,4203,10631.831149,MLP,16,0.5,10,0.625,20,198.183,12.3864375,80733.46351604325,
4,4204,10632.074155,LoR,32,0.0,0,0.0,3,159.787,4.99334375,200266.60491779682,
4,4205,10632.280087,GB,32,0.01,0,0.0,22,252.776,7.89925,126594.29692692343,
4,4206,10632.598603,MLP,32,0.5,19,0.59375,0,199.762,6.2425625,160190.62684594668,
4,4207,10632.843744,AB,1,0.5,1,1.0,7,7998.436,7998.436,125.02444227846544,2.0
4,4208,10653.798609,NB,8,0.01,0,0.0,6,118.004,14.7505,67794.3120572184,
4,4209,10653.991949,NB,100,0.1,8,0.08,10,142.854,1.4285400000000001,700015.4003388074,
4,4210,10654.206335,RF,100,0.5,45,0.45,0,4615.877,46.158770000000004,21664.3554410137,
4,4211,10658.892388,MLP,32,0.1,5,0.15625,15,253.913,7.93478125,126027.41884031144,
4,4212,10659.188551,NB,8,0.0,0,0.0,2,114.274,14.28425,70007.1757355129,
4,4213,10659.343454,RF,1,0.01,0,0.0,3,3045.797,3045.797,328.3212899612154,6.93
4,4214,10675.412695,MLP,100,0.5,53,0.53,20,243.777,2.43777,410210.97150264384,
4,4215,10675.701096,SGD,8,0.1,0,0.0,11,158.965,19.870625,50325.543358600946,
4,4216,10675.901514,RF,1,0.1,1,1.0,3,3039.253,3039.253,329.02821844709865,12.95
4,4217,10692.034945,RF,64,0.01,1,0.015625,23,3466.173,54.158953125,18464.16783005349,
4,4218,10695.545621,DT,16,0.0,0,0.0,27,96.767,6.0479375,165345.62402471917,
4,4219,10695.711325,MLP,64,0.01,1,0.015625,6,216.347,3.380421875,295821.0652331671,
4,4220,10696.003285,LoR,100,0.05,5,0.05,10,169.288,1.6928800000000002,590709.3237559662,
4,4221,10696.209903,NB,1,0.0,0,0.0,15,102.881,102.881,9719.967729707138,
4,4222,10696.382919,DT,32,0.1,4,0.125,17,92.695,2.89671875,345218.1886833163,
4,4223,10696.534574,MLP,32,0.1,3,0.09375,19,191.481,5.98378125,167118.40861495398,
4,4224,10696.785792,SGD,32,0.1,4,0.125,15,155.515,4.85984375,205767.93235379225,
4,4225,10697.012043,DT,100,0.1,14,0.14,1,100.174,1.00174,998263.0223411263,
4,4226,10697.171798,DT,32,0.01,1,0.03125,1,91.422,2.8569375,350025.1580582354,
4,4227,10697.317584,AB,16,0.5,8,0.5,8,8238.022,514.876375,1942.2137984093752,
4,4228,10705.62703,NB,64,0.01,1,0.015625,28,128.731,2.011421875,497160.74605184456,
4,4229,10705.796484,NB,8,0.05,0,0.0,14,105.113,13.139125,76108.56887349805,
4,4230,10705.952471,SGD,100,0.0,0,0.0,13,167.611,1.67611,596619.55360925,
4,4231,10706.182797,MLP,32,0.05,2,0.0625,6,188.856,5.90175,169441.26742068032,
4,4232,10706.420538,LoR,64,1.0,64,1.0,26,156.141,2.439703125,409885.9364292531,
4,4233,10706.624182,NB,64,1.0,64,1.0,3,124.833,1.950515625,512684.9470893113,
4,4234,10706.80593,RF,8,0.5,3,0.375,17,3206.053,400.756625,2495.280021883606,
4,4235,10710.079717,RF,32,0.1,1,0.03125,6,3192.299,99.75934375,10024.123680143997,
4,4236,10713.335203,AB,8,0.5,5,0.625,22,8722.18,1090.2725,917.2018921875035,
4,4237,10722.118891,MLP,16,0.01,0,0.0,1,210.724,13.17025,75928.7029479319,
4,4238,10722.392167,RF,100,1.0,100,1.0,22,5408.747,54.08747,18488.5704581856,
4,4239,10727.888753,NB,100,0.05,4,0.04,17,160.54,1.6054,622897.7201943442,
4,4240,10728.090134,NB,1,0.1,0,0.0,26,104.127,104.127,9603.657072613252,
4,4241,10728.257941,RF,100,0.0,0,0.0,16,3874.651,38.74651,25808.77606783166,
4,4242,10732.191411,SGD,100,1.0,100,1.0,21,194.383,1.9438300000000002,514448.279942176,
4,4243,10732.427915,NB,16,1.0,16,1.0,5,114.473,7.1545625,139770.95035510557,
4,4244,10732.609574,DT,64,0.01,2,0.03125,19,99.678,1.55746875,642067.4572122233,
4,4245,10732.75628,RF,64,1.0,64,1.0,6,4540.5,70.9453125,14095.363946701906,
4,4246,10737.352053,AB,64,0.01,0,0.0,18,8503.059,132.860296875,7526.703037107,
4,4247,10745.898214,MLP,1,0.1,0,0.0,25,183.304,183.304,5455.418321476891,
4,4248,10746.240355,MLP,1,0.0,0,0.0,21,159.132,159.132,6284.091194731418,
4,4249,10746.567166,GB,16,0.1,3,0.1875,21,256.356,16.02225,62413.20663452386,
4,4250,10746.86783,LoR,16,0.01,0,0.0,1,211.05,13.190625,75811.41909500118,
4,4251,10747.119439,MLP,1,0.05,0,0.0,4,162.058,162.058,6170.6302681755915,
4,4252,10747.428986,MLP,1,0.1,0,0.0,28,158.997,158.997,6289.4268445316575,
4,4253,10747.766941,GB,100,0.1,12,0.12,4,285.16,2.8516000000000004,350680.31982045167,
4,4254,10748.121006,GB,64,0.1,9,0.140625,16,252.06,3.9384375,253907.79973022296,
4,4255,10748.436093,NB,32,0.1,6,0.1875,17,123.891,3.87159375,258291.5627446707,
4,4256,10748.669668,AB,64,0.5,29,0.453125,24,8478.332,132.4739375,7548.654617441261,
4,4257,10757.190578,LoR,1,0.1,0,0.0,21,148.833,148.833,6718.940020022442,
4,4258,10757.501825,DT,100,1.0,100,1.0,1,118.418,1.18418,844466.2129068215,
4,4259,10757.661776,NB,8,0.01,0,0.0,26,109.913,13.739125,72784.83891805337,
4,4260,10757.828484,LoR,8,0.1,1,0.125,14,150.787,18.848375,53054.971582430844,
4,4261,10758.028368,GB,64,0.01,0,0.0,24,243.456,3.804,262881.17770767614,
4,4262,10758.312301,GB,8,0.0,0,0.0,24,210.576,26.322,37991.034115948634,
4,4263,10758.596767,NB,100,0.5,49,0.49,1,142.943,1.4294300000000002,699579.5526888339,
4,4264,10758.783861,RF,32,0.01,0,0.0,19,3320.28,103.75875,9637.74139530401,
4,4265,10762.146837,RF,8,1.0,8,1.0,15,3338.085,417.260625,2396.583669978446,
4,4266,10765.529775,MLP,16,1.0,16,1.0,10,199.438,12.464875,80225.43346804522,
4,4267,10765.795023,GB,8,0.1,1,0.125,27,222.519,27.814875,35951.98612253336,
4,4268,10766.05626,NB,1,1.0,1,1.0,5,106.115,106.115,9423.7383970221,
4,4269,10766.213709,DT,32,1.0,32,1.0,18,102.905,3.21578125,310966.42534376367,
4,4270,10766.35412,LoR,8,1.0,8,1.0,3,156.169,19.521125,51226.55584655085,
4,4271,10766.577447,LoR,64,0.05,4,0.0625,11,156.652,2.4476875,408548.88542757195,
4,4272,10766.806677,MLP,100,0.1,9,0.09,11,227.849,2.2784899999999997,438887.15772287786,
4,4273,10767.103253,AB,64,0.5,35,0.546875,19,8403.601,131.306265625,7615.782805490169,
4,4274,10775.574511,RF,32,0.05,1,0.03125,20,3237.401,101.16878125,9884.472142931938,
4,4275,10778.893266,AB,100,0.05,3,0.03,24,8616.617,86.16617000000001,11605.482755006982,
4,4276,10787.576543,LoR,32,0.5,17,0.53125,21,156.271,4.88346875,204772.478578879,
4,4277,10787.784604,RF,64,0.0,0,0.0,11,3451.548,53.9304375,18542.404741292892,
4,4278,10791.3153,LoR,100,0.5,43,0.43,25,177.182,1.77182,564391.4167353343,
4,4279,10791.546879,NB,100,0.0,0,0.0,14,142.594,1.42594,701291.7794577612,
4,4280,10791.74889,LoR,16,0.1,1,0.0625,4,154.756,9.67225,103388.56005582982,
4,4281,10791.950863,GB,64,1.0,64,1.0,5,289.455,4.522734375,221105.18042528201,
4,4282,10792.300395,SGD,8,0.05,1,0.125,5,162.381,20.297625,49266.847722332044,
4,4283,10792.519221,LoR,100,0.01,0,0.0,0,163.962,1.6396199999999999,609897.4152547542,
4,4284,10792.722831,MLP,1,0.5,0,0.0,21,164.134,164.134,6092.582889590213,
4,4285,10793.061577,SGD,100,0.01,0,0.0,21,162.13,1.6213,616788.9964843027,
4,4286,10793.26685,RF,32,0.0,0,0.0,18,3240.179,101.25559375,9875.997591491086,
4,4287,10796.572634,MLP,16,0.05,1,0.0625,22,193.115,12.0696875,82852.1865209849,
4,4288,10796.810756,GB,32,1.0,32,1.0,25,241.666,7.5520625,132414.1583838852,
4,4289,10797.091727,LoR,1,1.0,1,1.0,20,154.679,154.679,6465.001713225454,
4,4290,10797.395286,DT,1,0.1,0,0.0,15,86.402,86.402,11573.806161894401,7.0
4,4291,10797.709396,SGD,16,0.5,5,0.3125,0,159.545,9.9715625,100285.1859976809,
4,4292,10797.93144,AB,32,0.01,2,0.0625,1,8280.201,258.75628125,3864.640483968928,
4,4293,10806.274525,DT,8,0.1,1,0.125,24,82.733,10.341625,96696.60232313587,
4,4294,10806.3971,DT,16,1.0,16,1.0,14,84.069,5.2543125,190319.8563085085,
4,4295,10806.540676,SGD,8,0.5,6,0.75,24,151.754,18.96925,52716.897083437674,
4,4296,10806.758788,GB,64,0.1,4,0.0625,15,244.23,3.81609375,262048.0694427384,
4,4297,10807.108927,DT,100,1.0,100,1.0,29,118.16,1.1816,846310.0880162491,
4,4298,10807.267458,AB,1,0.01,0,0.0,17,8248.932,8248.932,121.22781470377012,2.0
4,4299,10828.384129,LoR,32,0.1,2,0.0625,21,182.478,5.7024375,175363.60547572857,
4,4300,10828.610942,SGD,16,0.01,0,0.0,16,156.641,9.7900625,102144.39386878276,
4,4301,10828.829446,MLP,32,0.5,17,0.53125,3,207.272,6.47725,154386.50661932147,
4,4302,10829.095618,NB,8,0.05,2,0.25,19,115.243,14.405375,69418.53301285111,
4,4303,10829.247142,RF,1,0.0,0,0.0,7,3114.228,3114.228,321.1068682190257,8.96
4,4304,10845.334374,GB,64,0.1,3,0.046875,17,290.631,4.541109375,220210.5074819961,
4,4305,10845.666188,SGD,8,1.0,8,1.0,1,164.19,20.52375,48724.03922285158,
4,4306,10845.893503,NB,32,0.05,2,0.0625,12,119.454,3.7329375,267885.545900514,
4,4307,10846.06313,LoR,64,1.0,64,1.0,7,163.587,2.556046875,391229.1318992341,
4,4308,10846.275897,SGD,64,0.01,0,0.0,18,158.458,2.47590625,403892.5141046839,
4,4309,10846.474137,MLP,1,0.01,0,0.0,10,166.698,166.698,5998.872212024139,
4,4310,10846.816064,GB,16,0.5,9,0.5625,1,288.469,18.0293125,55465.23196599982,
4,4311,10847.162581,SGD,100,1.0,100,1.0,19,170.563,1.70563,586293.627574562,
4,4312,10847.382935,SGD,64,0.0,0,0.0,18,157.391,2.459234375,406630.6205564486,
4,4313,10847.590868,DT,64,0.01,0,0.0,26,94.939,1.483421875,674117.0646415066,
4,4314,10847.723104,AB,1,1.0,1,1.0,21,7919.927,7919.927,126.26379005766088,2.0
4,4315,10868.352042,DT,1,0.0,0,0.0,26,87.345,87.345,11448.85225256168,7.0
4,4316,10868.650072,AB,64,0.05,5,0.078125,16,8497.668,132.7760625,7531.478047859719,
4,4317,10877.19075,DT,1,0.5,0,0.0,8,80.327,80.327,12449.114245521432,7.0
4,4318,10877.482926,AB,64,0.05,1,0.015625,22,8337.431,130.272359375,7676.225446423484,
4,4319,10885.876847,AB,100,0.0,0,0.0,25,8626.084,86.26084,11592.74590880404,
4,4320,10894.566775,SGD,8,0.05,1,0.125,11,155.282,19.41025,51519.17157172113,
4,4321,10894.765003,LoR,8,0.1,0,0.0,5,147.293,18.411625,54313.51116482114,
4,4322,10894.950257,LoR,1,1.0,1,1.0,28,147.567,147.567,6776.582840336931,
4,4323,10895.278264,AB,100,0.1,12,0.12,21,8723.537,87.23537,11463.240197181487,
4,4324,10904.068432,MLP,32,0.1,2,0.0625,14,194.44,6.07625,164575.19029006377,
4,4325,10904.301791,GB,1,0.0,0,0.0,21,213.769,213.769,4677.946755610027,4.0
4,4326,10917.560071,SGD,1,0.5,0,0.0,4,157.077,157.077,6366.304423944945,
4,4327,10917.869019,LoR,1,0.5,0,0.0,15,144.761,144.761,6907.9379114540525,
4,4328,10918.157264,SGD,16,1.0,16,1.0,17,148.434,9.277125,107792.01530646617,
4,4329,10918.375045,MLP,64,0.5,28,0.4375,12,202.297,3.160890625,316366.53039837466,
4,4330,10918.62065,AB,32,0.0,0,0.0,18,8229.798,257.1811875,3888.309287785678,
4,4331,10926.903393,GB,64,0.01,0,0.0,17,292.942,4.57721875,218473.28140041372,
4,4332,10927.238045,SGD,1,0.5,1,1.0,20,155.828,155.828,6417.331930076751,
4,4333,10927.561082,DT,8,0.1,2,0.25,15,90.032,11.254,88857.2951839346,
4,4334,10927.688667,NB,8,1.0,8,1.0,6,110.734,13.84175,72245.20020951108,
4,4335,10927.84023,GB,16,0.01,0,0.0,4,213.83,13.364375,74825.79619323762,
4,4336,10928.121879,DT,64,0.5,28,0.4375,15,104.964,1.6400625,609732.8607903662,
4,4337,10928.291607,SGD,32,1.0,32,1.0,24,171.18,5.349375,186937.72636990302,
4,4338,10928.50996,AB,64,1.0,64,1.0,12,8352.917,130.514328125,7661.994007602375,
4,4339,10936.905674,SGD,16,0.0,0,0.0,7,152.023,9.5014375,105247.23232668742,
4,4340,10937.096535,LoR,1,1.0,1,1.0,4,141.329,141.329,7075.688641397023,
4,4341,10937.388172,AB,8,0.1,0,0.0,24,8061.035,1007.629375,992.4283916395351,
4,4342,10945.491727,MLP,1,0.1,0,0.0,8,166.268,166.268,6014.386412298218,
4,4343,10945.804059,DT,8,1.0,8,1.0,19,88.552,11.069,90342.39768723461,
4,4344,10945.946642,MLP,100,1.0,100,1.0,27,217.858,2.17858,459014.58748359024,
4,4345,10946.226638,MLP,16,0.05,1,0.0625,15,173.802,10.862625,92058.77953073037,
4,4346,10946.474133,AB,100,0.5,50,0.5,17,8735.042,87.35042,11448.14186354227,
4,4347,10955.256748,GB,32,0.01,0,0.0,14,221.807,6.93146875,144269.56768722358,
4,4348,10955.540446,AB,16,0.1,1,0.0625,26,8012.015,500.7509375,1997.0007544918474,
4,4349,10963.595063,NB,1,0.5,1,1.0,25,103.537,103.537,9658.382993519224,
4,4350,10963.758138,SGD,64,0.01,0,0.0,29,159.393,2.490515625,401523.27893947664,
4,4351,10963.960558,NB,32,1.0,32,1.0,11,114.175,3.56796875,280271.5130282461,
4,4352,10964.132014,SGD,16,0.5,7,0.4375,18,150.994,9.437125,105964.47540961893,
4,4353,10964.319749,MLP,1,0.0,0,0.0,29,161.793,161.793,6180.7371147082995,
4,4354,10964.664542,RF,100,0.1,10,0.1,25,3953.816,39.53816,25292.021682344348,
4,4355,10968.694913,RF,64,0.05,3,0.046875,7,3475.246,54.30071875,18415.962495892378,
4,4356,10972.2139,AB,1,0.5,1,1.0,20,7913.319,7913.319,126.36922636380511,2.0
4,4357,10992.881505,NB,32,0.05,3,0.09375,15,125.486,3.9214375,255008.52684761645,
4,4358,10993.07893,GB,100,0.01,2,0.02,18,281.69,2.8169,355000.17750008876,
4,4359,10993.402482,AB,1,0.1,1,1.0,21,7849.911,7849.911,127.38997932588025,2.0
4,4360,11014.04316,DT,16,0.1,2,0.125,20,91.275,5.7046875,175294.43987948506,
4,4361,11014.182269,RF,64,1.0,64,1.0,9,4746.455,74.163359375,13483.747344070469,
4,4362,11019.015125,NB,100,0.01,1,0.01,9,200.818,2.0081800000000003,497963.3299803802,
4,4363,11019.277572,GB,32,0.5,13,0.40625,23,256.481,8.01503125,124765.5771772568,
4,4364,11019.608581,RF,100,0.5,51,0.51,17,4743.649,47.436490000000006,21080.817741784856,
4,4365,11024.400435,LoR,16,0.01,0,0.0,15,181.532,11.34575,88138.73036158914,
4,4366,11024.622544,NB,8,1.0,8,1.0,17,112.243,14.030375,71273.93245013052,
4,4367,11024.779961,SGD,16,0.01,0,0.0,28,158.645,9.9153125,100854.10822906489,
4,4368,11024.977828,AB,8,0.0,0,0.0,2,7995.081,999.385125,1000.6152533038752,
4,4369,11033.018406,DT,16,0.01,0,0.0,13,84.44,5.2775,189483.65703458077,
4,4370,11033.162592,RF,16,0.1,2,0.125,14,3246.704,202.919,4928.0747490377935,
4,4371,11036.456284,SGD,32,0.0,0,0.0,2,171.982,5.3744375,186065.9836494517,
4,4372,11036.675059,MLP,32,0.01,0,0.0,3,204.126,6.3789375,156765.91908919,
4,4373,11036.940179,SGD,16,0.1,3,0.1875,6,153.281,9.5800625,104383.4526131745,
4,4374,11037.166337,LoR,100,0.1,13,0.13,15,161.259,1.61259,620120.4273869987,
4,4375,11037.386776,RF,16,0.1,1,0.0625,27,3149.226,196.826625,5080.613458672067,
4,4376,11040.615523,MLP,100,0.05,9,0.09,16,241.441,2.41441,414179.8617467621,
4,4377,11040.913578,RF,100,0.0,0,0.0,17,3498.939,34.98939,28580.092422302878,
4,4378,11044.459809,LoR,16,0.01,0,0.0,7,166.136,10.3835,96306.64034285164,
4,4379,11044.687531,MLP,16,0.1,3,0.1875,25,180.538,11.283625,88624.00159523202,
4,4380,11044.911004,SGD,8,0.01,0,0.0,3,151.453,18.931625,52821.667447987165,
4,4381,11045.110874,LoR,64,0.0,0,0.0,27,155.278,2.42621875,412163.98974742077,
4,4382,11045.340357,RF,100,0.01,3,0.03,23,3934.532,39.34532,25415.98340031292,
4,4383,11049.348712,SGD,64,0.05,1,0.015625,2,176.534,2.75834375,362536.39525530493,
4,4384,11049.564358,RF,1,1.0,1,1.0,22,2996.445,2996.445,333.72880196366026,16.08
4,4385,11065.477056,AB,100,0.05,4,0.04,27,8684.252,86.84252000000001,11515.096521842064,
4,4386,11074.204253,DT,1,0.5,0,0.0,15,84.997,84.997,11765.12112192195,7.0
4,4387,11074.48258,MLP,64,0.01,0,0.0,28,214.286,3.34821875,298666.26844497543,
4,4388,11074.736504,DT,1,0.0,0,0.0,17,85.321,85.321,11720.4439704176,7.0
4,4389,11075.011836,DT,32,0.0,0,0.0,10,138.702,4.3344375,230710.4439734106,
4,4390,11075.20422,GB,100,1.0,100,1.0,5,303.52,3.0351999999999997,329467.58039008966,
4,4391,11075.552617,MLP,32,0.0,0,0.0,6,197.106,6.1595625,162349.19282010695,
4,4392,11075.826221,NB,100,0.1,9,0.09,8,146.058,1.46058,684659.5188212902,
4,4393,11076.010555,GB,8,0.0,0,0.0,2,225.385,28.173125,35494.81997470994,
4,4394,11076.282445,MLP,32,0.01,0,0.0,26,193.002,6.0313125,165801.39065916414,
4,4395,11076.539291,RF,32,0.1,3,0.09375,5,3285.762,102.6800625,9738.989007724844,
4,4396,11079.889635,RF,8,0.05,1,0.125,3,3033.664,379.208,2637.0751671905655,
4,4397,11082.969842,NB,16,0.05,0,0.0,10,170.328,10.6455,93936.4050537786,
4,4398,11083.214256,LoR,100,0.1,15,0.15,28,173.556,1.7355600000000002,576182.9035008873,
4,4399,11083.42836,NB,1,0.5,0,0.0,14,102.999,102.999,9708.832124583734,
4,4400,11083.582448,MLP,16,0.01,0,0.0,24,182.133,11.3833125,87847.8913760823,
4,4401,11083.814228,MLP,64,1.0,64,1.0,17,199.71,3.12046875,320464.6737769766,
4,4402,11084.056197,SGD,8,0.05,0,0.0,0,150.4,18.8,53191.48936170212,
4,4403,11084.248504,MLP,8,0.01,0,0.0,20,167.306,20.91325,47816.57561593726,
4,4404,11084.457648,DT,8,0.01,0,0.0,18,87.985,10.998125,90924.58941865091,
4,4405,11084.599208,NB,100,1.0,100,1.0,0,139.01,1.3901,719372.7069994964,
4,4406,11084.781742,GB,32,0.01,0,0.0,3,235.668,7.364625,135784.23884447612,
4,4407,11085.093349,LoR,100,0.05,4,0.04,2,169.579,1.6957900000000001,589695.6580708696,
4,4408,11085.303236,MLP,1,0.1,0,0.0,20,162.58,162.58,6150.81805880182,
4,4409,11085.6417,NB,32,0.05,2,0.0625,17,116.835,3.65109375,273890.52937903884,
4,4410,11085.796995,SGD,1,0.05,0,0.0,22,148.358,148.358,6740.452149530191,
4,4411,11086.095418,DT,32,0.01,0,0.0,8,91.023,2.84446875,351559.49595157267,
4,4412,11086.226161,LoR,1,0.01,0,0.0,17,143.218,143.218,6982.362552193161,
4,4413,11086.553144,GB,100,0.1,6,0.06,19,266.085,2.66085,375819.75684461737,
4,4414,11086.859865,MLP,8,1.0,8,1.0,0,215.904,26.988,37053.50526159775,
4,4415,11087.130847,NB,100,1.0,100,1.0,13,140.918,1.40918,709632.5522644374,
4,4416,11087.309916,RF,8,0.0,0,0.0,23,3029.317,378.664625,2640.859309210624,
4,4417,11090.383318,AB,16,0.0,0,0.0,11,8724.379,545.2736875,1833.941418638507,
4,4418,11099.202115,DT,100,0.1,9,0.09,13,99.149,0.99149,1008583.0416847371,
4,4419,11099.343674,LoR,8,0.01,0,0.0,22,168.541,21.067625,47466.19516912799,
4,4420,11099.571644,RF,16,0.5,5,0.3125,21,3555.403,222.2126875,4500.193086409614,
4,4421,11103.171949,MLP,16,1.0,16,1.0,1,209.005,13.0628125,76553.19250735629,
4,4422,11103.423541,GB,1,0.01,0,0.0,8,245.067,245.067,4080.516756642061,4.0
4,4423,11116.303902,GB,8,0.1,0,0.0,6,218.901,27.362625,36546.20125079373,
4,4424,11116.566804,LoR,16,0.01,0,0.0,13,161.488,10.093,99078.56930545923,
4,4425,11116.768921,MLP,1,0.05,0,0.0,8,165.283,165.283,6050.229001167695,
4,4426,11117.107983,AB,100,1.0,100,1.0,14,9080.377,90.80377,11012.758611233872,
4,4427,11126.282801,NB,100,0.5,54,0.54,28,155.781,1.5578100000000001,641926.8075054082,
4,4428,11126.514251,NB,100,0.5,43,0.43,23,138.6,1.386,721500.7215007215,
4,4429,11126.691567,DT,1,0.5,0,0.0,21,90.448,90.448,11056.076419600213,22.0
4,4430,11126.983858,LoR,1,1.0,1,1.0,27,202.122,202.122,4947.506951247266,
4,4431,11127.341483,RF,8,0.0,0,0.0,8,3242.419,405.302375,2467.293708801978,
4,4432,11130.662738,NB,100,0.05,4,0.04,12,148.936,1.48936,671429.3387763872,
4,4433,11130.870017,NB,16,0.5,11,0.6875,17,129.318,8.082375,123726.00875361511,
4,4434,11131.08541,LoR,100,1.0,100,1.0,14,171.609,1.7160900000000001,582720.0205117447,
4,4435,11131.304625,SGD,64,1.0,64,1.0,22,160.789,2.512328125,398037.17916026595,
4,4436,11131.508548,NB,32,0.0,0,0.0,21,115.066,3.5958125,278101.2636226166,
4,4437,11131.667681,NB,32,1.0,32,1.0,3,110.483,3.45259375,289637.3197686522,
4,4438,11131.8144,GB,1,1.0,1,1.0,8,238.402,238.402,4194.595682922123,4.0
4,4439,11145.143306,DT,8,0.5,4,0.5,18,99.839,12.479875,80129.00770240086,
4,4440,11145.301034,MLP,8,0.5,4,0.5,7,210.014,26.25175,38092.69858199929,
4,4441,11145.562059,RF,64,1.0,64,1.0,20,4766.624,74.4785,13426.693609565176,
4,4442,11150.39693,NB,8,0.1,1,0.125,29,128.257,16.032125,62374.76317082108,
4,4443,11150.565341,AB,1,0.5,1,1.0,29,7892.761,7892.761,126.69837589152895,2.0
4,4444,11171.231671,LoR,64,0.01,0,0.0,23,175.91,2.74859375,363822.40918651584,
4,4445,11171.468824,MLP,16,0.05,2,0.125,17,185.27,11.579375,86360.44691531279,
4,4446,11171.695861,NB,16,1.0,16,1.0,29,111.781,6.9863125,143137.02686503073,
4,4447,11171.853373,NB,8,0.05,0,0.0,23,104.724,13.0905,76391.27611626752,
4,4448,11171.995006,LoR,8,0.0,0,0.0,17,150.196,18.7745,53263.73538576261,
4,4449,11172.187324,LoR,32,1.0,32,1.0,23,149.047,4.65771875,214697.37733734996,
4,4450,11172.396354,DT,16,0.1,1,0.0625,16,88.768,5.548,180245.13338139871,
4,4451,11172.544924,RF,32,0.1,5,0.15625,10,3581.529,111.92278125,8934.731507130055,
4,4452,11176.191485,LoR,16,0.5,8,0.5,1,164.743,10.2964375,97120.97023849268,
4,4453,11176.397641,AB,16,0.0,0,0.0,23,8091.426,505.714125,1977.4017583550785,
4,4454,11184.56849,LoR,100,0.1,10,0.1,16,163.696,1.63696,610888.476199785,
4,4455,11184.772976,MLP,1,0.05,0,0.0,11,164.323,164.323,6085.57536072248,
4,4456,11185.112755,AB,32,0.1,2,0.0625,3,8481.265,265.03953125,3773.022066873279,
4,4457,11193.705891,MLP,100,0.05,2,0.02,20,297.794,2.97794,335802.6017985588,
4,4458,11194.062134,SGD,100,1.0,100,1.0,23,187.782,1.87782,532532.4045968197,
4,4459,11194.291084,SGD,1,0.1,0,0.0,2,146.431,146.431,6829.155028648305,
4,4460,11194.614282,GB,8,0.5,4,0.5,7,258.237,32.279625,30979.29421422956,
4,4461,11194.914832,MLP,1,0.01,0,0.0,8,205.162,205.162,4874.196976048196,
4,4462,11195.278179,GB,64,0.0,0,0.0,23,260.102,4.06409375,246057.3159760402,
4,4463,11195.583143,DT,32,1.0,32,1.0,10,105.808,3.3065,302434.5985180705,
4,4464,11195.730465,AB,8,0.01,0,0.0,15,8284.967,1035.620875,965.6043289007669,
4,4465,11204.0591,SGD,1,0.01,0,0.0,22,151.951,151.951,6581.068897210285,
4,4466,11204.364408,SGD,1,0.0,0,0.0,19,146.614,146.614,6820.631044784263,
4,4467,11204.656719,LoR,1,0.0,0,0.0,19,141.909,141.909,7046.7694085646435,
4,4468,11204.982942,MLP,100,0.0,0,0.0,12,225.039,2.25039,444367.42075817974,
4,4469,11205.259107,LoR,64,1.0,64,1.0,8,156.667,2.447921875,408509.7691281508,
4,4470,11205.454481,NB,1,0.0,0,0.0,4,107.604,107.604,9293.334820266904,
4,4471,11205.634208,DT,32,0.5,11,0.34375,23,97.096,3.03425,329570.7341188102,
4,4472,11205.796152,SGD,32,0.05,1,0.03125,7,160.789,5.02465625,199018.58958013298,
4,4473,11206.030808,NB,100,0.01,2,0.02,20,139.356,1.39356,717586.6127041534,
4,4474,11206.209197,NB,16,1.0,16,1.0,15,109.207,6.8254375,146510.7548050949,
4,4475,11206.35734,MLP,1,0.01,0,0.0,13,168.96,168.96,5918.560606060606,
4,4476,11206.704613,DT,32,0.05,1,0.03125,5,94.176,2.943,339789.33061501867,
4,4477,11206.839421,GB,8,0.05,0,0.0,2,262.101,32.762625,30522.58480509422,
4,4478,11207.160978,NB,8,0.5,5,0.625,16,115.345,14.418125,69357.14595344402,
4,4479,11207.315384,LoR,16,1.0,16,1.0,0,157.299,9.8311875,101717.11199689763,
4,4480,11207.512803,RF,16,1.0,16,1.0,18,4163.916,260.24475,3842.5366890206237,
4,4481,11211.744036,NB,8,0.01,0,0.0,10,145.398,18.17475,55021.38956519347,
4,4482,11211.935212,RF,32,1.0,32,1.0,20,4061.46,126.920625,7878.940085584986,
4,4483,11216.063003,DT,100,0.01,0,0.0,11,111.053,1.11053,900470.9463049175,
4,4484,11216.214223,MLP,1,0.0,0,0.0,20,202.715,202.715,4933.034062600203,
4,4485,11216.598911,AB,100,1.0,100,1.0,24,8779.45,87.79450000000001,11390.2351514047,
4,4486,11225.44747,DT,32,0.1,5,0.15625,10,90.204,2.818875,354751.4522637577,
4,4487,11225.586124,RF,64,1.0,64,1.0,21,4670.819,72.981546875,13702.093786978257,
4,4488,11230.333085,GB,64,0.05,3,0.046875,20,306.591,4.790484375,208747.15826622437,
4,4489,11230.712151,LoR,64,0.1,5,0.078125,20,181.025,2.828515625,353542.32840767846,
4,4490,11230.934319,GB,1,0.01,0,0.0,13,231.764,231.764,4314.733953504427,4.0
4,4491,11244.005219,MLP,16,1.0,16,1.0,11,200.56,12.535,79776.62544874352,
4,4492,11244.254661,NB,32,0.05,0,0.0,0,125.663,3.92696875,254649.33990116423,
4,4493,11244.420094,NB,8,0.0,0,0.0,9,108.128,13.516,73986.3865048831,
4,4494,11244.565309,NB,1,1.0,1,1.0,15,99.59,99.59,10041.168792047394,
4,4495,11244.74735,AB,100,0.01,1,0.01,8,8851.272,88.51272,11297.81120724795,
4,4496,11253.642521,AB,16,1.0,16,1.0,12,8174.264,510.8915,1957.3627668497127,
4,4497,11261.860405,MLP,1,0.1,0,0.0,5,169.615,169.615,5895.704978922854,
4,4498,11262.184288,LoR,16,0.0,0,0.0,22,149.736,9.3585,106854.73099321473,
4,4499,11262.375894,GB,1,0.5,1,1.0,14,209.31,209.31,4777.602599015814,4.0
4,4500,11275.773044,MLP,64,0.5,26,0.40625,29,263.759,4.121234375,242645.74858109106,
4,4501,11276.111038,MLP,64,0.01,1,0.015625,12,212.073,3.313640625,301782.8766509645,
4,4502,11276.362427,LoR,1,0.0,0,0.0,9,157.992,157.992,6329.434401741861,
4,4503,11276.681078,NB,8,0.01,0,0.0,16,118.971,14.871375,67243.27777357507,
4,4504,11276.845256,MLP,32,0.01,0,0.0,23,190.423,5.95071875,168046.9271043939,
4,4505,11277.098169,MLP,16,0.5,8,0.5,13,175.59,10.974375,91121.36226436585,
4,4506,11277.333952,RF,16,0.5,9,0.5625,27,3655.755,228.4846875,4376.660908622159,
4,4507,11281.082608,MLP,100,0.0,0,0.0,22,441.944,4.41944,226273.01196531687,
4,4508,11281.580924,LoR,8,0.0,0,0.0,16,219.688,27.461,36415.27985142566,
4,4509,11281.845068,GB,8,0.01,0,0.0,7,292.3,36.5375,27369.141293191926,
4,4510,11282.195576,GB,100,1.0,100,1.0,19,300.517,3.00517,332759.87714505335,
4,4511,11282.547916,NB,64,1.0,64,1.0,25,142.378,2.22465625,449507.6486535842,
4,4512,11282.734355,GB,16,0.01,0,0.0,3,231.163,14.4476875,69215.22908077849,
4,4513,11283.018084,SGD,32,0.0,0,0.0,12,183.951,5.74846875,173959.36961473437,
4,4514,11283.241056,AB,1,1.0,1,1.0,22,8070.273,8070.273,123.911545495425,2.0
4,4515,11304.46582,LoR,64,0.5,38,0.59375,24,175.565,2.743203125,364537.3508387207,
4,4516,11304.703863,SGD,16,0.05,1,0.0625,24,160.019,10.0011875,99988.1264099888,
4,4517,11304.910138,GB,1,0.05,0,0.0,17,217.468,217.468,4598.377692350139,4.0
4,4518,11318.025987,MLP,8,0.5,5,0.625,14,195.395,24.424375,40942.70580106963,
4,4519,11318.265196,DT,8,0.01,0,0.0,17,92.248,11.531,86722.7473766369,
4,4520,11318.395126,DT,1,1.0,1,1.0,4,87.017,87.017,11492.007308916649,14.0
4,4521,11318.671591,LoR,16,0.01,0,0.0,0,161.204,10.07525,99253.12026996848,
4,4522,11318.894873,LoR,16,0.05,1,0.0625,6,158.111,9.8819375,101194.73028442044,
4,4523,11319.113582,NB,16,0.5,9,0.5625,12,115.689,7.2305625,138301.82644849556,
4,4524,11319.268027,MLP,1,0.1,0,0.0,3,169.44,169.44,5901.794145420208,
4,4525,11319.603205,NB,32,0.01,0,0.0,24,119.796,3.743625,267120.771979031,
4,4526,11319.784463,LoR,32,0.05,3,0.09375,8,157.135,4.91046875,203646.54596366183,
4,4527,11319.996103,DT,100,0.0,0,0.0,22,101.37,1.0137,986485.1533984413,
4,4528,11320.137572,RF,1,0.01,0,0.0,4,3135.174,3135.174,318.9615632178629,8.96
4,4529,11336.370569,SGD,1,0.5,0,0.0,21,160.773,160.773,6219.949867204071,
4,4530,11336.685861,MLP,8,0.0,0,0.0,24,176.191,22.023875,45405.270416763626,
4,4531,11336.902726,NB,1,1.0,1,1.0,24,104.045,104.045,9611.225911865058,
4,4532,11337.059223,DT,32,1.0,32,1.0,15,101.543,3.17321875,315137.42946338,
4,4533,11337.219766,DT,8,0.5,4,0.5,26,87.915,10.989375,90996.98572484785,
4,4534,11337.360165,RF,100,1.0,100,1.0,6,5325.435,53.25435,18777.808761162232,
4,4535,11342.734092,LoR,1,0.5,0,0.0,25,168.537,168.537,5933.415214463293,
4,4536,11343.092345,MLP,64,0.1,2,0.03125,8,217.381,3.396578125,294413.9552214775,
4,4537,11343.3547,LoR,16,0.01,0,0.0,9,158.697,9.9185625,100821.06151975147,
4,4538,11343.5547,DT,16,1.0,16,1.0,23,96.486,6.030375,165827.16663557407,
4,4539,11343.709808,RF,8,0.1,1,0.125,20,3243.631,405.453875,2466.3717913659107,
4,4540,11347.00032,LoR,32,0.0,0,0.0,8,174.933,5.46665625,182927.17783379924,
4,4541,11347.240462,MLP,32,0.5,19,0.59375,6,194.789,6.08715625,164280.32383758837,
4,4542,11347.499952,MLP,32,0.05,1,0.03125,3,188.784,5.8995,169505.89032968896,
4,4543,11347.749015,GB,16,0.5,7,0.4375,2,250.664,15.6665,63830.46628155619,
4,4544,11348.041616,AB,16,1.0,16,1.0,0,8286.028,517.87675,1930.9613725659628,
4,4545,11356.400771,DT,64,0.1,8,0.125,28,93.451,1.460171875,684850.8844207125,
4,4546,11356.532687,LoR,1,0.0,0,0.0,15,149.893,149.893,6671.425616940084,
4,4547,11356.837421,DT,8,0.05,0,0.0,21,87.26,10.9075,91680.03667201467,
4,4548,11356.969935,SGD,32,0.1,0,0.0,9,158.416,4.9505,201999.798000202,
4,4549,11357.17135,AB,16,0.01,0,0.0,17,8195.458,512.216125,1952.3008964233602,
4,4550,11365.440531,LoR,64,0.1,7,0.109375,16,162.506,2.53915625,393831.6123712355,
4,4551,11365.64767,NB,32,0.0,0,0.0,18,120.099,3.75309375,266446.8480170526,
4,4552,11365.835009,LoR,64,0.05,4,0.0625,10,161.329,2.520765625,396704.8701721327,
4,4553,11366.036897,GB,1,0.05,0,0.0,4,217.09,217.09,4606.384448846101,4.0
4,4554,11379.036988,MLP,32,1.0,32,1.0,27,202.094,6.3154375,158342.15760982514,
4,4555,11379.30631,LoR,32,0.5,20,0.625,16,159.476,4.983625,200657.1521733678,
4,4556,11379.521684,SGD,100,0.0,0,0.0,16,165.963,1.65963,602543.9405168622,
4,4557,11379.765777,LoR,100,0.05,5,0.05,28,163.453,1.63453,611796.6632609986,
4,4558,11379.995593,DT,64,0.1,5,0.078125,18,96.161,1.502515625,665550.4830440615,
4,4559,11380.156397,AB,64,0.05,4,0.0625,14,8465.781,132.277828125,7559.845925615132,
4,4560,11388.665736,LoR,1,0.01,0,0.0,10,149.36,149.36,6695.232994108194,
4,4561,11388.965638,GB,16,0.01,0,0.0,23,216.708,13.54425,73832.06895915241,
4,4562,11389.231869,AB,64,0.0,0,0.0,19,8956.325,139.942578125,7145.788032479839,
4,4563,11398.303659,LoR,100,0.1,5,0.05,10,205.708,2.05708,486125.96496004047,
4,4564,11398.558409,MLP,32,1.0,32,1.0,15,225.755,7.05484375,141746.58368585413,
4,4565,11398.853392,AB,32,0.05,2,0.0625,28,8667.182,270.8494375,3692.088155065856,
4,4566,11407.60704,LoR,8,1.0,8,1.0,14,214.168,26.771,37353.8530499421,
4,4567,11407.890084,AB,1,0.5,0,0.0,18,8260.334,8260.334,121.06048012102173,2.0
4,4568,11429.158228,RF,16,0.05,1,0.0625,28,3671.728,229.483,4357.62126170566,
4,4569,11432.91091,NB,32,1.0,32,1.0,7,182.258,5.6955625,175575.28338948084,
4,4570,11433.148139,DT,64,0.0,0,0.0,25,112.617,1.759640625,568297.8591154088,
4,4571,11433.346389,MLP,64,0.1,5,0.078125,15,269.2,4.20625,237741.45616641903,
4,4572,11433.678316,NB,16,0.5,5,0.3125,16,184.953,11.5595625,86508.46431255508,
4,4573,11433.920785,DT,8,0.5,4,0.5,24,99.241,12.405125,80611.8438951643,
4,4574,11434.060152,GB,1,0.5,1,1.0,1,373.975,373.975,2673.9755331238716,4.0
4,4575,11447.859481,AB,1,0.0,0,0.0,5,8071.935,8071.935,123.88603228346115,2.0
4,4576,11468.932734,RF,64,0.05,2,0.03125,23,3681.578,57.52465625,17383.85007733097,
4,4577,11472.678659,NB,8,0.5,4,0.5,9,126.376,15.797,63303.1588276255,
4,4578,11472.853371,NB,64,1.0,64,1.0,27,127.648,1.9945,501378.79167711205,
4,4579,11473.022734,NB,32,1.0,32,1.0,1,113.08,3.53375,282985.4969932791,
4,4580,11473.173322,SGD,16,1.0,16,1.0,19,176.048,11.003,90884.30428065073,
4,4581,11473.412004,SGD,32,0.1,4,0.125,16,156.517,4.89115625,204450.6347553301,
4,4582,11473.64062,SGD,100,0.5,50,0.5,24,163.206,1.6320599999999998,612722.571474088,
4,4583,11473.843099,SGD,1,0.5,1,1.0,8,145.44,145.44,6875.687568756875,
4,4584,11474.163349,RF,32,0.05,3,0.09375,1,3323.492,103.859125,9628.426967779673,
4,4585,11477.530552,AB,1,0.05,0,0.0,25,8478.245,8478.245,117.94893872493658,2.0
4,4586,11499.04884,SGD,32,0.5,14,0.4375,5,203.502,6.3594375,157246.61182691078,
4,4587,11499.304375,LoR,32,0.05,0,0.0,27,160.999,5.03121875,198758.99850309629,
4,4588,11499.50677,AB,1,0.1,0,0.0,1,8385.961,8385.961,119.24691755661635,2.0
4,4589,11520.924713,NB,100,0.0,0,0.0,25,264.719,2.64719,377759.0577178064,
4,4590,11521.27264,DT,100,0.1,8,0.08,24,157.711,1.5771100000000002,634071.18083076,
4,4591,11521.526545,SGD,64,0.5,28,0.4375,2,237.599,3.712484375,269361.40303620807,
4,4592,11521.81113,LoR,32,0.01,0,0.0,4,166.357,5.19865625,192357.40004929158,
4,4593,11522.042091,MLP,32,0.01,2,0.0625,29,218.588,6.830875,146394.12959540324,
4,4594,11522.30651,NB,16,0.01,0,0.0,21,149.609,9.3505625,106945.43777446543,
4,4595,11522.515959,SGD,16,0.1,3,0.1875,9,203.205,12.7003125,78738.22002411357,
4,4596,11522.791955,GB,100,0.0,0,0.0,2,350.062,3.50062,285663.6824333975,
4,4597,11523.206656,RF,100,0.0,0,0.0,4,3948.277,39.48277,25327.503617400704,
4,4598,11527.227828,SGD,100,0.0,0,0.0,15,216.001,2.16001,462960.81962583505,
4,4599,11527.488807,AB,8,1.0,8,1.0,22,8269.455,1033.681875,967.4156277529777,
4,4600,11535.824565,MLP,16,0.1,2,0.125,11,201.265,12.5790625,79497.18033438502,
4,4601,11536.084068,MLP,100,1.0,100,1.0,7,225.411,2.25411,443634.0728713328,
4,4602,11536.359507,GB,64,0.0,0,0.0,13,285.221,4.456578125,224387.40485448125,
4,4603,11536.689594,GB,32,1.0,32,1.0,18,239.738,7.4918125,133479.04796069043,
4,4604,11536.9721,GB,1,0.01,0,0.0,12,207.205,207.205,4826.138365386935,4.0
4,4605,11550.106387,LoR,64,0.05,1,0.015625,28,174.132,2.7208125,367537.2705763444,
4,4606,11550.342187,MLP,16,0.01,1,0.0625,26,183.775,11.4859375,87062.98462794177,
4,4607,11550.605062,LoR,100,0.5,41,0.41,9,165.204,1.6520400000000002,605312.2200430982,
4,4608,11550.812166,SGD,8,0.1,0,0.0,21,149.748,18.7185,53423.08411464594,
4,4609,11551.04722,LoR,16,0.01,1,0.0625,19,163.908,10.24425,97615.73565658784,
4,4610,11551.277587,AB,64,0.1,3,0.046875,16,8560.602,133.75940625,7476.109740880372,
4,4611,11559.918671,RF,100,0.05,8,0.08,21,4091.897,40.91897,24438.5428078957,
4,4612,11564.07777,LoR,16,0.1,1,0.0625,7,173.188,10.82425,92385.15370579949,
4,4613,11564.31245,LoR,16,0.5,9,0.5625,19,155.703,9.7314375,102759.74130235126,
4,4614,11564.535286,AB,64,0.1,7,0.109375,15,8564.375,133.818359375,7472.816171641246,
4,4615,11573.179004,AB,100,0.05,3,0.03,2,8664.242,86.64242,11541.690548348026,
4,4616,11581.889587,GB,32,1.0,32,1.0,14,241.414,7.5441875,132552.3789009751,
4,4617,11582.192683,AB,8,0.5,2,0.25,0,8192.407,1024.050875,976.5139842295433,
4,4618,11590.450253,LoR,16,0.01,1,0.0625,26,155.192,9.6995,103098.09784009485,
4,4619,11590.651609,DT,32,0.05,0,0.0,10,90.257,2.82053125,354543.1379283601,
4,4620,11590.799832,MLP,8,0.5,5,0.625,20,180.301,22.537625,44370.24753051841,
4,4621,11591.052165,GB,16,0.01,0,0.0,11,269.911,16.8694375,59278.79930792002,
4,4622,11591.384325,NB,16,0.1,2,0.125,24,168.247,10.5154375,95098.27812680166,
4,4623,11591.628812,DT,64,0.0,0,0.0,20,195.895,3.060859375,326705.63311978354,
4,4624,11591.940142,MLP,100,0.5,50,0.5,10,273.614,2.73614,365478.3746445723,
4,4625,11592.255048,NB,1,1.0,1,1.0,7,108.255,108.255,9237.44861669207,
4,4626,11592.411937,MLP,1,0.0,0,0.0,16,173.453,173.453,5765.250528961736,
4,4627,11592.752052,NB,8,0.0,0,0.0,7,113.532,14.1915,70464.71479406688,
4,4628,11592.907081,GB,1,0.05,0,0.0,13,239.214,239.214,4180.357336945162,4.0
4,4629,11606.131492,GB,1,0.5,1,1.0,4,220.727,220.727,4530.483357269387,4.0
4,4630,11619.156498,LoR,8,0.05,2,0.25,7,178.623,22.327875,44787.06549548491,
4,4631,11619.380513,SGD,32,1.0,32,1.0,16,160.275,5.00859375,199656.83980658243,
4,4632,11619.609864,DT,64,0.5,30,0.46875,17,110.237,1.722453125,580567.3231310722,
4,4633,11619.75838,DT,8,0.0,0,0.0,0,87.191,10.898875,91752.58914337489,
4,4634,11619.886818,MLP,32,1.0,32,1.0,1,203.343,6.35446875,157369.5676762908,
4,4635,11620.138955,GB,64,0.0,0,0.0,0,252.622,3.94721875,253342.93925311332,
4,4636,11620.462336,DT,64,0.1,7,0.109375,29,105.346,1.64603125,607521.8802802195,
4,4637,11620.641424,AB,100,0.5,53,0.53,2,8778.325,87.78325000000001,11391.694884844203,
4,4638,11629.465046,AB,8,0.05,0,0.0,8,8123.622,1015.45275,984.782403711054,
4,4639,11637.667598,NB,100,0.1,7,0.07,17,146.719,1.46719,681574.9834718066,
4,4640,11637.852631,GB,1,0.0,0,0.0,23,210.619,210.619,4747.909732740161,4.0
4,4641,11650.871298,SGD,8,0.0,0,0.0,8,196.555,24.569375,40701.07603469767,
4,4642,11651.110726,MLP,1,0.5,1,1.0,3,172.104,172.104,5810.440198949472,
4,4643,11651.442239,GB,1,0.5,0,0.0,29,206.779,206.779,4836.081033373795,4.0
4,4644,11664.336587,GB,16,0.1,0,0.0,19,223.0,13.9375,71748.87892376681,
4,4645,11664.614084,RF,64,0.0,0,0.0,7,3520.262,55.00409375,18180.46497675457,
4,4646,11668.179307,GB,1,0.01,0,0.0,10,224.252,224.252,4459.2690366195175,4.0
4,4647,11681.127683,AB,32,0.5,19,0.59375,10,8382.141,261.94190625,3817.640385672348,
4,4648,11689.55725,LoR,32,1.0,32,1.0,6,160.697,5.02178125,199132.52892088838,
4,4649,11689.788758,AB,64,0.05,4,0.0625,3,8512.546,133.00853125,7518.314732161212,
4,4650,11698.343452,MLP,8,1.0,8,1.0,8,184.908,23.1135,43264.758690808405,
4,4651,11698.570531,MLP,8,0.0,0,0.0,17,171.858,21.48225,46550.0587694492,
4,4652,11698.799147,AB,100,0.0,0,0.0,22,8755.901,87.55901,11420.869194386734,
4,4653,11707.619868,NB,16,0.5,7,0.4375,27,118.923,7.4326875,134540.83734853644,
4,4654,11707.797009,GB,8,0.05,1,0.125,17,222.455,27.806875,35962.32945989076,
4,4655,11708.078743,RF,8,0.5,5,0.625,8,3403.239,425.404875,2350.70178732672,
4,4656,11711.556943,NB,64,0.5,33,0.515625,9,140.574,2.19646875,455276.2246219073,
4,4657,11711.763931,SGD,64,0.1,4,0.0625,3,175.726,2.74571875,364203.3620522859,
4,4658,11711.983891,DT,32,0.0,0,0.0,26,96.549,3.01715625,331437.92271281936,
4,4659,11712.14812,RF,64,0.5,30,0.46875,11,4288.764,67.0119375,14922.714329816235,
4,4660,11716.480669,AB,1,1.0,1,1.0,25,8367.032,8367.032,119.5166936136972,2.0
4,4661,11737.925532,RF,16,0.5,8,0.5,13,3431.832,214.4895,4662.232883194749,
4,4662,11741.444258,LoR,100,0.05,2,0.02,11,205.537,2.05537,486530.4057177053,
4,4663,11741.70189,DT,64,0.0,0,0.0,28,102.815,1.606484375,622477.2649905169,
4,4664,11741.868748,AB,32,0.05,1,0.03125,19,8384.287,262.00896875,3816.6632416089765,
4,4665,11750.321739,GB,32,0.01,1,0.03125,1,269.61,8.4253125,118689.95957123251,
4,4666,11750.631733,RF,1,1.0,1,1.0,10,3109.25,3109.25,321.62096968722363,10.71
4,4667,11766.818151,LoR,32,0.0,0,0.0,18,179.023,5.59446875,178747.9821028583,
4,4668,11767.061635,SGD,100,1.0,100,1.0,12,175.31,1.7531,570418.1164793794,
4,4669,11767.308417,RF,64,0.1,12,0.1875,16,4039.7,63.1203125,15842.760601034732,
4,4670,11771.39366,DT,16,1.0,16,1.0,8,104.367,6.5229375,153305.16350953846,
4,4671,11771.539974,AB,1,0.05,0,0.0,24,8007.241,8007.241,124.88696168880142,2.0
4,4672,11792.413111,LoR,1,0.1,0,0.0,20,160.132,160.132,6244.84800039967,
4,4673,11792.735909,GB,16,1.0,16,1.0,20,256.669,16.0418125,62337.09563679292,
4,4674,11793.034258,MLP,8,1.0,8,1.0,24,198.737,24.842125,40254.205306510616,
4,4675,11793.283929,RF,64,1.0,64,1.0,22,4689.927,73.280109375,13646.267841695619,
4,4676,11798.020116,GB,1,0.5,0,0.0,5,244.56,244.56,4088.976120379457,4.0
4,4677,11811.043434,SGD,8,0.0,0,0.0,9,165.508,20.6885,48336.03209512531,
4,4678,11811.259727,SGD,64,0.0,0,0.0,21,163.982,2.56221875,390286.7387884036,
4,4679,11811.500969,LoR,100,0.1,8,0.08,7,164.377,1.6437700000000002,608357.6169415428,
4,4680,11811.704109,NB,1,0.0,0,0.0,29,106.648,106.648,9376.640912159628,
4,4681,11811.858515,NB,8,0.0,0,0.0,13,105.275,13.159375,75991.4509617668,
4,4682,11812.025185,DT,32,0.1,3,0.09375,13,96.763,3.02384375,330704.9182022054,
4,4683,11812.162756,NB,16,0.01,0,0.0,10,112.224,7.014,142571.998859424,
4,4684,11812.33981,DT,64,0.5,35,0.546875,14,105.407,1.646984375,607170.3017826141,
4,4685,11812.516423,SGD,100,0.05,6,0.06,3,173.642,1.7364199999999999,575897.5363103397,
4,4686,11812.727826,NB,1,0.0,0,0.0,14,101.72,101.72,9830.908375933936,
4,4687,11812.883806,RF,32,1.0,32,1.0,16,4320.768,135.024,7406.0907690484655,
4,4688,11817.315237,SGD,32,0.1,3,0.09375,2,241.358,7.5424375,132583.13376809552,
4,4689,11817.601615,MLP,16,1.0,16,1.0,24,211.871,13.2419375,75517.6498907354,
4,4690,11817.869462,MLP,64,0.01,0,0.0,7,213.428,3.3348125,299866.9340480162,
4,4691,11818.16743,DT,100,0.01,1,0.01,0,119.093,1.19093,839679.9140167768,
4,4692,11818.347943,MLP,100,0.01,0,0.0,3,233.761,2.3376099999999997,427787.35546134727,
4,4693,11818.644908,GB,8,0.05,1,0.125,25,270.159,33.769875,29612.19133917434,
4,4694,11818.98174,DT,32,0.05,2,0.0625,23,107.234,3.3510625,298412.81683048286,
4,4695,11819.161752,LoR,16,0.5,9,0.5625,25,163.454,10.215875,97886.86725317214,
4,4696,11819.376441,LoR,64,0.01,0,0.0,1,158.466,2.47603125,403872.12398874207,
4,4697,11819.575637,RF,1,0.01,0,0.0,18,3091.117,3091.117,323.5076511177027,6.69
4,4698,11835.792031,SGD,1,0.5,0,0.0,28,161.017,161.017,6210.5243545712565,
4,4699,11836.140334,LoR,64,0.01,1,0.015625,20,160.246,2.50384375,399385.94411092944,
4,4700,11836.349846,NB,64,1.0,64,1.0,28,135.94,2.1240625,470795.9393850228,
4,4701,11836.54546,GB,16,0.05,1,0.0625,21,247.392,15.462,64674.68632777131,
4,4702,11836.839449,MLP,32,0.05,0,0.0,14,197.58,6.174375,161959.71252151026,
4,4703,11837.089784,AB,64,0.01,0,0.0,29,8574.591,133.977984375,7463.912856018438,
4,4704,11845.711088,GB,32,0.0,0,0.0,5,225.638,7.0511875,141820.08349657417,
4,4705,11846.014302,AB,100,0.5,58,0.58,21,8779.519,87.79519,11390.145633263051,
4,4706,11854.861321,AB,32,0.5,9,0.28125,25,8291.02,259.094375,3859.597492226529,
4,4707,11863.224984,MLP,64,0.5,27,0.421875,9,211.616,3.3065,302434.5985180705,
4,4708,11863.480862,MLP,8,0.01,0,0.0,8,171.28,21.41,46707.14619336758,
4,4709,11863.695309,DT,8,0.1,0,0.0,6,89.291,11.161375,89594.69599399716,
4,4710,11863.839939,SGD,100,1.0,100,1.0,6,167.9,1.679,595592.6146515782,
4,4711,11864.077164,MLP,64,0.05,3,0.046875,25,202.355,3.161796875,316275.85184453067,
4,4712,11864.318159,DT,1,0.0,0,0.0,6,86.983,86.983,11496.49931595829,7.0
4,4713,11864.594606,RF,16,1.0,16,1.0,6,3644.88,227.805,4389.719277452206,
4,4714,11868.315216,LoR,64,0.01,1,0.015625,14,177.197,2.768703125,361179.92968278244,
4,4715,11868.534924,SGD,16,1.0,16,1.0,23,157.444,9.84025,101623.43436396433,
4,4716,11868.761915,GB,64,0.1,4,0.0625,1,265.453,4.147703125,241097.29405958872,
4,4717,11869.106131,MLP,100,0.1,6,0.06,24,237.837,2.37837,420456.02660645737,
4,4718,11869.388964,NB,16,0.01,0,0.0,13,120.074,7.504625,133251.16178356681,
4,4719,11869.562044,NB,100,0.0,0,0.0,29,138.259,1.3825899999999998,723280.2204558112,
4,4720,11869.762921,SGD,32,0.01,1,0.03125,6,162.98,5.093125,196343.10958399804,
4,4721,11869.988453,RF,32,0.1,2,0.0625,9,3312.647,103.52021875,9659.948675485193,
4,4722,11873.374202,RF,64,0.05,4,0.0625,21,3556.634,55.57240625,17994.542030470384,
4,4723,11876.975342,LoR,16,0.0,0,0.0,2,170.324,10.64525,93938.61111763462,
4,4724,11877.211473,DT,32,0.5,11,0.34375,17,100.215,3.13171875,319313.47602654295,
4,4725,11877.365038,DT,100,0.0,0,0.0,29,98.967,0.9896699999999999,1010437.8227085796,
4,4726,11877.506134,SGD,32,0.0,0,0.0,20,162.689,5.08403125,196694.3063145019,
4,4727,11877.711429,MLP,8,0.0,0,0.0,6,177.7,22.2125,45019.696117051215,
4,4728,11877.949426,DT,8,0.5,4,0.5,19,90.968,11.371,87943.0129276229,
4,4729,11878.080245,NB,1,0.05,0,0.0,9,104.862,104.862,9536.343003185139,
4,4730,11878.254518,LoR,8,0.5,5,0.625,7,154.458,19.30725,51794.015201543465,
4,4731,11878.446627,SGD,1,0.0,0,0.0,22,147.812,147.812,6765.350580467079,
4,4732,11878.771651,DT,16,0.5,10,0.625,16,93.099,5.8186875,171860.06294374805,
4,4733,11878.904102,LoR,1,0.1,1,1.0,12,185.247,185.247,5398.198081480401,
4,4734,11879.240249,SGD,32,1.0,32,1.0,29,153.321,4.79128125,208712.43991364524,
4,4735,11879.437518,GB,16,0.05,0,0.0,17,233.269,14.5793125,68590.33990800321,
4,4736,11879.726422,DT,100,0.0,0,0.0,10,99.815,0.99815,1001853.4288433603,
4,4737,11879.86703,LoR,1,0.05,0,0.0,26,153.74,153.74,6504.488096786782,
4,4738,11880.186803,MLP,100,0.0,0,0.0,8,226.513,2.26513,441475.76518787,
4,4739,11880.484433,RF,64,0.05,3,0.046875,19,3542.628,55.3535625,18065.68457088918,
4,4740,11884.071991,AB,1,0.1,0,0.0,29,8004.275,8004.275,124.93323880051598,2.0
4,4741,11904.88568,LoR,100,0.0,0,0.0,4,173.064,1.73064,577820.9217399344,
4,4742,11905.161953,GB,100,0.1,11,0.11,22,287.164,2.8716399999999997,348233.06542602833,
4,4743,11905.510807,MLP,16,0.5,4,0.25,9,188.998,11.812375,84656.98049714812,
4,4744,11905.754621,GB,100,1.0,100,1.0,2,282.774,2.82774,353639.30205747345,
4,4745,11906.09862,GB,16,0.5,8,0.5,15,225.702,14.106375,70889.934515423,
4,4746,11906.398173,RF,100,0.1,12,0.12,13,4299.057,42.99057,23260.915126270716,
4,4747,11910.743254,DT,8,0.01,0,0.0,8,97.588,12.1985,81977.29229003566,
4,4748,11910.919119,DT,100,0.01,4,0.04,1,153.932,1.5393199999999998,649637.5022737313,
4,4749,11911.114798,DT,8,0.1,0,0.0,2,90.715,11.339375,88188.28198203164,
4,4750,11911.262469,RF,8,0.01,1,0.125,15,3031.954,378.99425,2638.5624584014136,
4,4751,11914.360883,GB,32,0.1,1,0.03125,0,243.134,7.5979375,131614.66516406593,
4,4752,11914.660004,DT,100,1.0,100,1.0,2,118.406,1.1840600000000001,844551.7963616708,
4,4753,11914.821237,SGD,32,0.0,0,0.0,13,166.357,5.19865625,192357.40004929158,
4,4754,11915.10202,LoR,32,0.01,3,0.09375,3,156.184,4.88075,204886.5440762178,
4,4755,11915.324251,DT,64,0.05,2,0.03125,22,93.554,1.46178125,684096.8852213694,
4,4756,11915.453873,NB,1,1.0,1,1.0,25,105.032,105.032,9520.907913778658,
4,4757,11915.609802,SGD,1,0.5,0,0.0,7,149.589,149.589,6684.98352151562,
4,4758,11915.925924,MLP,8,0.5,3,0.375,19,173.939,21.742375,45993.135524522964,
4,4759,11916.158054,NB,8,0.5,4,0.5,19,108.108,13.5135,74000.074000074,
4,4760,11916.32532,MLP,32,0.1,4,0.125,27,186.644,5.832625,171449.3902831058,
4,4761,11916.55173,SGD,1,0.05,0,0.0,9,146.121,146.121,6843.643281937572,
4,4762,11916.870392,GB,1,0.05,0,0.0,8,230.849,230.849,4331.83596203579,4.0
4,4763,11929.79808,GB,8,0.1,1,0.125,28,214.235,26.779375,37342.17098046537,
4,4764,11930.054851,GB,16,0.0,0,0.0,1,213.992,13.3745,74769.15024860743,
4,4765,11930.332524,AB,32,0.01,1,0.03125,28,8250.927,257.84146875,3878.352093043606,
4,4766,11938.626486,RF,1,0.01,0,0.0,13,2986.284,2986.284,334.8643330641024,7.02
4,4767,11954.604688,GB,32,0.1,2,0.0625,6,232.215,7.25671875,137803.3288116616,
4,4768,11954.879932,GB,8,0.05,0,0.0,14,245.516,30.6895,32584.434415679632,
4,4769,11955.188805,SGD,32,0.05,4,0.125,21,164.636,5.144875,194368.1819286183,
4,4770,11955.408293,LoR,100,0.0,0,0.0,5,163.794,1.6379400000000002,610522.9739795108,
4,4771,11955.615368,NB,32,1.0,32,1.0,4,116.732,3.647875,274132.2002535723,
4,4772,11955.770732,LoR,1,0.01,0,0.0,14,146.44,146.44,6828.735318219066,
4,4773,11956.063943,MLP,1,0.1,0,0.0,14,165.073,165.073,6057.925887334694,
4,4774,11956.37355,GB,16,1.0,16,1.0,13,215.791,13.4869375,74145.81701739183,
4,4775,11956.649876,SGD,16,0.1,2,0.125,26,158.985,9.9365625,100638.4250086486,
4,4776,11956.848283,MLP,1,0.01,0,0.0,25,161.681,161.681,6185.018647831223,
4,4777,11957.16014,SGD,16,0.0,0,0.0,19,152.085,9.5053125,105204.32652792845,
4,4778,11957.353264,LoR,8,0.05,0,0.0,23,142.976,17.872,55953.44673231871,
4,4779,11957.563623,RF,64,0.1,10,0.15625,0,3643.888,56.93575,17563.65728035549,
4,4780,11961.28016,AB,64,0.01,3,0.046875,14,8375.208,130.862625,7641.601259335887,
4,4781,11969.717903,SGD,8,0.1,1,0.125,13,156.733,19.591625,51042.21829480709,
4,4782,11969.934815,AB,16,0.05,2,0.125,19,8118.627,507.4141875,1970.7765857453483,
4,4783,11978.097391,SGD,8,0.05,0,0.0,14,152.066,19.00825,52608.73568055976,
4,4784,11978.318496,RF,64,0.1,7,0.109375,1,3677.024,57.4535,17405.380002958915,
4,4785,11982.039709,AB,1,0.1,0,0.0,11,7858.348,7858.348,127.25320894416994,2.0
4,4786,12002.712213,RF,100,0.5,56,0.56,13,4828.092,48.280919999999995,20712.11567633757,
4,4787,12007.586025,NB,16,0.0,0,0.0,26,128.432,8.027,124579.54403886883,
4,4788,12007.785173,AB,64,0.01,1,0.015625,26,8294.882,129.60753125,7715.60101759133,
4,4789,12016.123148,SGD,16,0.0,0,0.0,3,160.94,10.05875,99415.93140300733,
4,4790,12016.346173,NB,16,0.05,1,0.0625,26,112.002,7.000125,142854.59188228782,
4,4791,12016.499019,DT,16,0.01,0,0.0,25,89.527,5.5954375,178717.03508438796,
4,4792,12016.649001,AB,32,0.1,2,0.0625,23,8224.423,257.01321875,3890.8504584455345,
4,4793,12024.940121,DT,32,0.5,15,0.46875,16,90.525,2.82890625,353493.51008008834,
4,4794,12025.088486,MLP,8,0.05,1,0.125,13,187.46,23.4325,42675.77083111063,
4,4795,12025.318711,MLP,8,0.01,0,0.0,26,169.132,21.1415,47300.333467350945,
4,4796,12025.562909,SGD,100,0.5,47,0.47,2,164.639,1.64639,607389.5006650914,
4,4797,12025.7925,RF,32,0.5,15,0.46875,14,3618.995,113.09359375,8842.233824583896,
4,4798,12029.476999,MLP,16,0.5,6,0.375,28,192.968,12.0605,82915.30201898761,
4,4799,12029.714535,AB,32,1.0,32,1.0,28,8125.555,253.92359375,3938.1925296179766,
4,4800,12037.912786,RF,64,0.1,4,0.0625,29,3641.734,56.90209375,17574.04577050383,
4,4801,12041.603974,DT,32,0.01,0,0.0,6,96.746,3.0233125,330763.02896243776,
4,4802,12041.741355,LoR,1,0.5,1,1.0,0,193.443,193.443,5169.481449315819,
4,4803,12042.090656,GB,1,1.0,1,1.0,4,232.34,232.34,4304.0371868812945,4.0
4,4804,12055.022928,AB,100,0.05,3,0.03,17,8532.59,85.3259,11719.77090191841,
4,4805,12063.598422,SGD,1,0.01,0,0.0,21,149.77,149.77,6676.904587033451,
4,4806,12063.918843,NB,16,0.5,5,0.3125,29,114.17,7.135625,140141.89366733818,
4,4807,12064.073813,GB,32,1.0,32,1.0,26,237.466,7.4208125,134756.13350963927,
4,4808,12064.357615,AB,32,0.01,0,0.0,16,8154.773,254.83665625,3924.082252197578,
4,4809,12072.552598,AB,1,1.0,1,1.0,19,7657.031,7657.031,130.5989227417259,2.0
4,4810,12092.759834,GB,32,0.5,17,0.53125,2,237.443,7.42009375,134769.18671007355,
4,4811,12093.06087,GB,32,0.1,2,0.0625,2,228.611,7.14409375,139975.76669539086,
4,4812,12093.349917,LoR,16,0.5,9,0.5625,7,161.073,10.0670625,99333.84241927572,
4,4813,12093.584391,NB,100,0.01,1,0.01,16,142.367,1.42367,702409.9686022744,
4,4814,12093.769441,NB,32,0.05,0,0.0,14,114.08,3.565,280504.9088359046,
4,4815,12093.920797,GB,1,0.01,0,0.0,28,204.946,204.946,4879.334068486333,4.0
4,4816,12107.425765,NB,64,0.1,9,0.140625,9,144.875,2.263671875,441760.13805004314,
4,4817,12107.63358,RF,32,0.05,2,0.0625,9,3297.634,103.0510625,9703.927118655376,
4,4818,12110.983473,GB,64,0.0,0,0.0,5,327.223,5.112859375,195585.273651302,
4,4819,12111.371065,NB,100,0.01,0,0.0,11,146.843,1.46843,680999.4347704692,
4,4820,12111.555892,DT,1,0.0,0,0.0,29,89.207,89.207,11209.882632528837,7.0
4,4821,12111.867994,DT,100,0.1,13,0.13,12,106.152,1.06152,942045.3689049665,
4,4822,12112.013233,GB,1,0.5,0,0.0,6,210.453,210.453,4751.654763771483,4.0
4,4823,12124.83992,RF,16,0.05,1,0.0625,14,3594.46,224.65375,4451.294492079478,
4,4824,12128.537447,LoR,100,0.1,16,0.16,27,223.358,2.23358,447711.7452699254,
4,4825,12128.833315,LoR,64,0.05,5,0.078125,6,170.806,2.66884375,374694.0973970469,
4,4826,12129.059995,MLP,100,1.0,100,1.0,12,255.231,2.55231,391801.93628516915,
4,4827,12129.397786,LoR,100,0.5,47,0.47,20,170.751,1.70751,585648.1074781406,
4,4828,12129.612465,DT,32,1.0,32,1.0,28,112.529,3.51653125,284371.13988394104,
4,4829,12129.765834,MLP,16,0.0,0,0.0,21,186.108,11.63175,85971.58639069788,
4,4830,12129.994131,RF,16,0.0,0,0.0,21,3281.278,205.079875,4876.148866386817,
4,4831,12133.338955,SGD,8,0.1,1,0.125,8,167.492,20.9365,47763.47527046068,
4,4832,12133.552498,LoR,32,0.05,0,0.0,13,155.524,4.860125,205756.02479360098,
4,4833,12133.769828,MLP,32,0.05,2,0.0625,18,187.976,5.87425,170234.49802102396,
4,4834,12134.012413,MLP,100,0.0,0,0.0,28,216.041,2.16041,462875.1024111164,
4,4835,12134.269567,GB,1,0.05,0,0.0,2,235.098,235.098,4253.545330032582,4.0
4,4836,12147.295143,DT,32,0.0,0,0.0,2,96.792,3.02475,330605.83519299113,
4,4837,12147.432813,GB,1,0.1,0,0.0,17,207.862,207.862,4810.8841442880375,4.0
4,4838,12160.183547,LoR,8,0.05,0,0.0,14,157.798,19.72475,50697.72747436596,
4,4839,12160.382283,AB,1,0.1,0,0.0,19,7770.543,7770.543,128.6911352269719,2.0
4,4840,12180.645792,MLP,8,0.0,0,0.0,2,182.669,22.833625,43795.06101199437,
4,4841,12180.870157,RF,1,0.5,0,0.0,21,2973.908,2973.908,336.2578802034226,7.07
4,4842,12197.056012,LoR,100,1.0,100,1.0,21,190.228,1.9022800000000002,525684.967512669,
4,4843,12197.325349,GB,100,0.5,45,0.45,21,357.894,3.5789400000000002,279412.33996658225,
4,4844,12197.737182,MLP,1,0.0,0,0.0,10,185.364,185.364,5394.790790013163,
4,4845,12198.120885,NB,64,0.01,1,0.015625,16,138.802,2.16878125,461088.4569386609,
4,4846,12198.298362,NB,8,1.0,8,1.0,24,107.082,13.38525,74709.10143628248,
4,4847,12198.446685,SGD,32,0.0,0,0.0,7,162.493,5.07790625,196931.56012874402,
4,4848,12198.665932,MLP,100,1.0,100,1.0,9,231.444,2.31444,432069.9607680476,
4,4849,12198.941299,GB,8,0.05,0,0.0,23,268.801,33.600125,29761.79404094479,
4,4850,12199.252499,LoR,16,0.0,0,0.0,9,158.066,9.879125,101223.53953411865,
4,4851,12199.485822,MLP,100,0.5,54,0.54,13,226.764,2.26764,440987.1055370341,
4,4852,12199.762867,SGD,64,0.0,0,0.0,1,161.609,2.525140625,396017.5485276191,
4,4853,12199.987603,GB,32,0.1,3,0.09375,18,232.308,7.259625,137748.16192296435,
4,4854,12200.261769,SGD,1,0.01,0,0.0,9,157.377,157.377,6354.1686523443705,
4,4855,12200.584341,DT,100,0.0,0,0.0,16,101.175,1.01175,988386.4591055103,
4,4856,12200.754823,MLP,64,0.01,1,0.015625,19,208.736,3.2615,306607.38923808065,
4,4857,12201.018739,DT,100,0.0,0,0.0,8,99.952,0.99952,1000480.2305106451,
4,4858,12201.181332,LoR,32,0.1,8,0.25,14,157.811,4.93159375,202774.20458649902,
4,4859,12201.399221,AB,16,0.05,2,0.125,11,8306.501,519.1563125,1926.2021397457245,
4,4860,12209.779599,NB,64,0.01,1,0.015625,27,130.05,2.03203125,492118.41599384847,
4,4861,12209.967369,MLP,8,0.05,2,0.25,10,181.247,22.655875,44138.661605433466,
4,4862,12210.208854,LoR,16,0.5,13,0.8125,14,154.368,9.648,103648.42454394694,
4,4863,12210.403255,LoR,1,0.01,0,0.0,2,144.382,144.382,6926.071116898228,
4,4864,12210.722618,SGD,64,0.05,2,0.03125,26,164.02,2.5628125,390196.3175222534,
4,4865,12210.93755,SGD,64,0.01,0,0.0,12,189.685,2.963828125,337401.4814033793,
4,4866,12211.207534,GB,64,0.01,0,0.0,0,394.71,6.16734375,162144.35914975553,
4,4867,12211.646036,GB,1,0.05,0,0.0,26,253.846,253.846,3939.396326906865,4.0
4,4868,12224.828238,DT,32,0.01,0,0.0,23,101.447,3.17021875,315435.6461994933,
4,4869,12224.969351,SGD,1,1.0,1,1.0,5,168.649,168.649,5929.474826414625,
4,4870,12225.314236,SGD,8,0.05,1,0.125,4,151.884,18.9855,52671.77582892208,
4,4871,12225.528068,LoR,32,0.05,2,0.0625,7,153.476,4.796125,208501.65498188642,
4,4872,12225.724027,GB,32,0.0,0,0.0,24,234.044,7.313875,136726.42750935722,
4,4873,12225.997594,RF,1,0.0,0,0.0,22,3128.662,3128.662,319.62545011254014,7.01
4,4874,12242.173444,RF,100,0.05,3,0.03,14,3805.409,38.05409,26278.384268287587,
4,4875,12246.03305,LoR,64,0.0,0,0.0,6,180.508,2.8204375,354554.92277350585,
4,4876,12246.291962,MLP,100,0.01,1,0.01,4,246.306,2.46306,405999.0418422612,
4,4877,12246.587675,RF,1,0.5,0,0.0,8,3062.352,3062.352,326.5463930991604,7.0
4,4878,12262.722022,GB,64,0.1,4,0.0625,8,271.888,4.24825,235391.04337079977,
4,4879,12263.099454,SGD,64,0.1,5,0.078125,11,175.588,2.7435625,364489.6006560813,
4,4880,12263.317628,RF,8,0.01,0,0.0,28,3066.162,383.27025,2609.12502340059,
4,4881,12266.463056,RF,100,0.5,49,0.49,15,5071.576,50.71576,19717.736656218894,
4,4882,12271.605393,SGD,16,0.0,0,0.0,5,219.703,13.7314375,72825.58727008734,
4,4883,12271.896162,LoR,16,0.5,7,0.4375,23,165.996,10.37475,96387.86476782573,
4,4884,12272.102025,MLP,1,1.0,1,1.0,5,184.267,184.267,5426.907693727037,
4,4885,12272.476133,AB,16,0.5,7,0.4375,11,8377.556,523.59725,1909.8648818342724,
4,4886,12280.894242,LoR,1,0.0,0,0.0,17,149.99,149.99,6667.111140742716,
4,4887,12281.194915,AB,16,1.0,16,1.0,4,8360.241,522.5150625,1913.8204269470223,
4,4888,12289.601988,SGD,16,1.0,16,1.0,15,161.867,10.1166875,98846.58392383871,
4,4889,12289.831188,NB,32,0.5,16,0.5,6,126.132,3.941625,253702.4704278058,
4,4890,12289.996174,RF,1,0.01,0,0.0,25,3135.015,3135.015,318.97774013840444,8.77
4,4891,12306.482807,DT,1,0.5,1,1.0,9,100.741,100.741,9926.445042237023,14.0
4,4892,12306.809331,GB,100,0.1,12,0.12,13,368.409,3.68409,271437.4513109072,
4,4893,12307.221267,MLP,1,0.5,1,1.0,25,211.578,211.578,4726.389322141244,
4,4894,12307.596395,AB,16,1.0,16,1.0,19,8262.077,516.3798125,1936.5590516767154,
4,4895,12315.902644,LoR,16,0.0,0,0.0,23,160.588,10.03675,99633.84561735622,
4,4896,12316.142326,LoR,100,0.05,3,0.03,27,164.301,1.6430099999999999,608639.0222822747,
4,4897,12316.356443,NB,64,1.0,64,1.0,8,134.778,2.10590625,474854.94665301463,
4,4898,12316.533937,MLP,16,0.05,0,0.0,18,185.671,11.6044375,86173.93130860501,
4,4899,12316.779747,MLP,8,0.1,1,0.125,27,170.378,21.29725,46954.41899775793,
4,4900,12317.005154,RF,100,0.0,0,0.0,9,3739.056,37.39056,26744.718452999903,
4,4901,12320.803852,LoR,100,1.0,100,1.0,17,180.175,1.8017500000000002,555015.9567087553,
4,4902,12321.054796,AB,64,0.05,2,0.03125,13,8545.278,133.51996875,7489.516432350123,
4,4903,12329.659854,DT,100,0.01,0,0.0,17,93.664,0.93664,1067646.0539801845,
4,4904,12329.798329,LoR,32,1.0,32,1.0,9,156.189,4.88090625,204879.9851462011,
4,4905,12329.996218,SGD,16,1.0,16,1.0,0,153.007,9.5629375,104570.37913298084,
4,4906,12330.190224,MLP,16,0.0,0,0.0,19,175.818,10.988625,91003.19648727661,
4,4907,12330.412807,GB,1,0.05,0,0.0,29,233.782,233.782,4277.489284889341,4.0
4,4908,12343.45246,DT,16,0.1,2,0.125,10,94.82,5.92625,168740.77198903187,
4,4909,12343.60699,RF,16,0.01,1,0.0625,0,3267.68,204.23,4896.440287910689,
4,4910,12346.921884,RF,32,0.0,0,0.0,2,3411.8,106.61875,9379.213318482913,
4,4911,12350.393031,AB,100,1.0,100,1.0,8,8830.824,88.30824000000001,11323.971579549088,
4,4912,12359.269612,SGD,8,0.01,0,0.0,18,160.356,20.0445,49888.99698171568,
4,4913,12359.48281,DT,64,0.01,0,0.0,16,92.519,1.445609375,691749.8027432202,
4,4914,12359.620763,LoR,32,0.01,0,0.0,8,156.695,4.89671875,204218.38603656786,
4,4915,12359.820558,DT,16,0.05,0,0.0,19,87.303,5.4564375,183269.76163476627,
4,4916,12359.965377,DT,8,0.1,2,0.25,22,88.549,11.068625,90345.4584467357,
4,4917,12360.106236,AB,100,0.0,0,0.0,16,8743.18,87.43180000000001,11437.486132048065,
4,4918,12368.916722,AB,32,0.1,2,0.0625,5,8259.181,258.09940625,3874.47617384823,
4,4919,12377.224673,NB,32,0.01,0,0.0,20,123.751,3.86721875,258583.76902004832,
4,4920,12377.391901,LoR,32,1.0,32,1.0,22,157.328,4.9165,203396.72531272247,
4,4921,12377.617869,NB,64,0.01,2,0.03125,19,127.395,1.990546875,502374.50449389697,
4,4922,12377.816942,MLP,100,0.5,52,0.52,25,237.682,2.37682,420730.2193687364,
4,4923,12378.117348,NB,16,0.05,1,0.0625,0,114.523,7.1576875,139709.92726351912,
4,4924,12378.303791,RF,100,0.01,3,0.03,3,3744.917,37.44917,26702.861505341774,
4,4925,12382.095586,RF,8,0.01,0,0.0,23,3114.011,389.251375,2569.03395652745,
4,4926,12385.265621,RF,32,0.05,0,0.0,4,3252.957,101.65490625,9837.203504380785,
4,4927,12388.566089,DT,32,0.0,0,0.0,7,96.73,3.0228125,330817.7401013129,
4,4928,12388.722729,SGD,8,0.5,2,0.25,4,164.933,20.616625,48504.54426949125,
4,4929,12388.942633,SGD,100,1.0,100,1.0,16,167.214,1.67214,598036.0496130707,
4,4930,12389.160948,LoR,64,0.01,0,0.0,15,168.497,2.632765625,379828.7209861303,
4,4931,12389.371872,DT,16,0.01,0,0.0,6,87.283,5.4551875,183311.75601205273,
4,4932,12389.524422,MLP,64,0.5,34,0.53125,11,206.28,3.223125,310257.9018809385,
4,4933,12389.769896,MLP,8,0.0,0,0.0,10,166.76,20.845,47973.13504437515,
4,4934,12389.990686,AB,100,1.0,100,1.0,29,9384.347,93.84347,10656.042450263189,
4,4935,12399.462516,DT,100,0.0,0,0.0,15,104.201,1.0420099999999999,959683.6882563508,
4,4936,12399.638435,MLP,16,0.1,2,0.125,8,225.653,14.1033125,70905.32809224783,
4,4937,12399.947035,DT,100,0.5,50,0.5,25,149.548,1.49548,668681.6273036082,
4,4938,12400.159171,DT,16,0.1,1,0.0625,25,94.045,5.8778125,170131.32011271198,
4,4939,12400.315867,DT,32,0.5,15,0.46875,26,96.311,3.00971875,332256.9592258413,
4,4940,12400.469721,RF,16,0.5,8,0.5,1,3734.336,233.396,4284.563574354316,
4,4941,12404.341408,AB,16,0.05,0,0.0,8,9033.546,564.596625,1771.176014380178,
4,4942,12413.480168,SGD,100,0.1,13,0.13,17,202.188,2.02188,494589.19421528484,
4,4943,12413.725506,DT,8,1.0,8,1.0,0,93.57,11.69625,85497.48851127499,
4,4944,12413.86272,GB,16,0.01,0,0.0,12,267.338,16.708625,59849.329313453374,
4,4945,12414.172037,AB,16,0.0,0,0.0,18,8206.49,512.905625,1949.6764146425573,
4,4946,12422.443345,DT,16,0.5,9,0.5625,24,92.886,5.805375,172254.16101457702,
4,4947,12422.594997,LoR,16,0.5,11,0.6875,3,161.984,10.124,98775.18767285657,
4,4948,12422.814887,DT,16,0.5,10,0.625,20,90.525,5.6578125,176746.75504004417,
4,4949,12422.964314,GB,32,0.1,6,0.1875,24,307.394,9.6060625,104100.92584760925,
4,4950,12423.345425,AB,100,0.5,58,0.58,10,8858.997,88.58997,11287.959573753102,
4,4951,12432.251293,SGD,1,0.05,0,0.0,27,192.508,192.508,5194.589315768695,
4,4952,12432.651705,SGD,64,1.0,64,1.0,25,218.133,3.408328125,293398.9813554116,
4,4953,12432.97114,GB,64,0.05,4,0.0625,28,326.484,5.1013125,196027.9829945725,
4,4954,12433.361549,DT,100,1.0,100,1.0,9,137.424,1.3742400000000001,727674.9330539061,
4,4955,12433.545509,AB,16,0.05,0,0.0,0,8592.596,537.03725,1862.0682271108756,
4,4956,12442.243147,RF,64,0.05,2,0.03125,28,4267.433,66.678640625,14997.306343181017,
4,4957,12446.597959,DT,32,0.0,0,0.0,23,144.837,4.52615625,220938.0199810822,
4,4958,12446.795396,RF,32,1.0,32,1.0,14,4179.763,130.61759375,7655.936472953132,
4,4959,12451.109027,NB,64,0.5,33,0.515625,10,161.398,2.52184375,396535.2730517107,
4,4960,12451.317378,LoR,32,0.01,0,0.0,17,187.862,5.8706875,170337.80115190937,
4,4961,12451.548312,NB,32,0.0,0,0.0,6,116.666,3.6458125,274287.2816416094,
4,4962,12451.703798,SGD,1,0.5,1,1.0,1,153.626,153.626,6509.314829521044,
4,4963,12452.024683,MLP,64,0.05,0,0.0,3,221.666,3.46353125,288722.6728501439,
4,4964,12452.287579,NB,8,1.0,8,1.0,2,106.407,13.300875,75183.02367325457,
4,4965,12452.43147,AB,1,1.0,1,1.0,2,8030.441,8030.441,124.52616238634964,2.0
4,4966,12473.360792,NB,100,1.0,100,1.0,21,146.787,1.46787,681259.2395784367,
4,4967,12473.551257,DT,16,0.0,0,0.0,6,94.091,5.8806875,170048.14488101946,
4,4968,12473.685108,MLP,1,0.05,0,0.0,10,172.791,172.791,5787.33846091521,
4,4969,12474.008541,SGD,1,0.05,0,0.0,11,146.524,146.524,6824.82050722066,
4,4970,12474.308657,MLP,64,0.0,0,0.0,5,199.463,3.116609375,320861.51316284225,
4,4971,12474.550907,RF,8,0.05,0,0.0,25,3219.318,402.41475,2484.998375432312,
4,4972,12477.849325,MLP,100,0.5,54,0.54,11,237.891,2.37891,420360.585310079,
4,4973,12478.149965,MLP,16,0.1,1,0.0625,3,178.075,11.1296875,89849.78239505827,
4,4974,12478.366558,SGD,1,0.0,0,0.0,11,147.257,147.257,6790.848652356085,
4,4975,12478.656247,LoR,1,0.0,0,0.0,6,141.487,141.487,7067.787146522295,
4,4976,12478.939741,RF,16,1.0,16,1.0,0,3621.608,226.3505,4417.927064442093,
4,4977,12482.629353,RF,32,0.05,2,0.0625,0,3812.312,119.13475,8393.856536401008,
4,4978,12486.505971,SGD,8,1.0,8,1.0,28,208.551,26.068875,38359.92155396043,
4,4979,12486.759037,MLP,1,1.0,1,1.0,26,187.513,187.513,5332.963581191704,
4,4980,12487.149795,RF,64,0.0,0,0.0,24,3654.019,57.094046875,17514.96092384851,
4,4981,12490.88086,MLP,64,0.05,2,0.03125,2,275.365,4.302578125,232418.78960652224,
4,4982,12491.222871,AB,32,0.1,5,0.15625,20,8388.64,262.145,3814.6827137652826,
4,4983,12499.685421,AB,64,0.05,7,0.109375,21,8903.786,139.12165625,7187.9535289819405,
4,4984,12508.671861,NB,16,0.5,6,0.375,14,130.502,8.156375,122603.48500406124,
4,4985,12508.873391,RF,64,0.01,3,0.046875,16,3728.857,58.263390625,17163.436409602193,
4,4986,12512.68715,LoR,100,0.5,42,0.42,2,198.807,1.9880699999999998,503000.39737031393,
4,4987,12512.951133,LoR,8,0.1,1,0.125,28,155.98,19.4975,51288.626747018854,
4,4988,12513.152875,MLP,32,0.01,0,0.0,22,206.011,6.43784375,155331.51142414726,
4,4989,12513.421939,DT,16,0.01,1,0.0625,21,94.09,5.880625,170049.95217345093,
4,4990,12513.556214,DT,16,1.0,16,1.0,11,93.248,5.828,171585.4495538778,
4,4991,12513.720622,MLP,100,0.1,5,0.05,6,229.324,2.29324,436064.2584291221,
4,4992,12514.025319,DT,100,0.05,2,0.02,23,99.265,0.99265,1007404.4225054148,
4,4993,12514.161607,AB,1,1.0,1,1.0,26,7977.132,7977.132,125.35833680575927,2.0
4,4994,12535.709156,DT,1,0.05,0,0.0,7,96.23,96.23,10391.76971838304,7.0
4,4995,12535.988174,LoR,1,0.0,0,0.0,2,178.446,178.446,5603.936204790245,
4,4996,12536.355204,RF,32,0.5,13,0.40625,29,3768.402,117.7625625,8491.66304444165,
4,4997,12540.194482,AB,32,0.05,3,0.09375,5,8392.276,262.258625,3813.029981378115,
4,4998,12548.630273,SGD,8,0.0,0,0.0,26,162.631,20.328875,49191.11362532358,
4,4999,12548.838354,GB,32,0.0,0,0.0,12,264.967,8.28021875,120769.75623379515,
4,5000,12549.15733,SGD,64,0.01,0,0.0,2,170.295,2.660859375,375818.43271969236,
4,5001,12549.387067,RF,100,0.0,0,0.0,27,3890.798,38.907979999999995,25701.668398102396,
4,5002,12553.362515,RF,100,0.1,16,0.16,3,4131.497,41.31497,24204.301733729928,
4,5003,12557.569506,RF,64,0.05,3,0.046875,13,3446.781,53.855953125,18568.049435110614,
4,5004,12561.08237,NB,16,0.1,3,0.1875,4,132.706,8.294125,120567.26900064806,
4,5005,12561.263699,RF,64,0.0,0,0.0,21,3404.663,53.197859375,18797.748852089033,
4,5006,12564.714193,GB,8,0.1,0,0.0,16,266.735,33.341875,29992.31446941721,
4,5007,12565.044365,MLP,16,0.5,4,0.25,8,216.872,13.5545,73776.23667416724,
4,5008,12565.311793,GB,64,1.0,64,1.0,16,278.701,4.354703125,229636.7792006487,
4,5009,12565.661626,RF,64,0.01,2,0.03125,14,3528.399,55.131234375,18138.538186866055,
4,5010,12569.264759,GB,64,0.01,3,0.046875,18,265.708,4.1516875,240865.91295708067,
4,5011,12569.583663,AB,64,0.01,0,0.0,20,8608.821,134.512828125,7434.235187373509,
4,5012,12578.266074,SGD,64,0.05,2,0.03125,10,172.016,2.68775,372058.41317086783,
4,5013,12578.479965,SGD,1,0.5,1,1.0,14,149.359,149.359,6695.277820553163,
4,5014,12578.782933,GB,8,0.0,0,0.0,6,212.407,26.550875,37663.54216198148,
4,5015,12579.043158,SGD,8,0.01,0,0.0,9,155.348,19.4185,51497.2835182944,
4,5016,12579.263073,SGD,32,0.05,4,0.125,18,154.32,4.8225,207361.32711249354,
4,5017,12579.491624,SGD,100,0.05,6,0.06,12,163.387,1.63387,612043.7978541744,
4,5018,12579.697571,DT,32,1.0,32,1.0,25,101.226,3.1633125,316124.31588722265,
4,5019,12579.837492,NB,8,1.0,8,1.0,19,112.127,14.015875,71347.66826901639,
4,5020,12580.016107,MLP,64,0.5,38,0.59375,6,215.899,3.373421875,296434.9070630248,
4,5021,12580.278621,NB,32,0.01,0,0.0,7,117.065,3.65828125,273352.41105368815,
4,5022,12580.444498,NB,64,0.01,0,0.0,15,123.688,1.932625,517430.95530690125,
4,5023,12580.632063,NB,32,0.1,3,0.09375,2,114.454,3.5766875,279588.3062190924,
4,5024,12580.787171,SGD,32,1.0,32,1.0,15,163.279,5.10246875,195983.56187874742,
4,5025,12581.004467,AB,100,0.0,0,0.0,4,8778.435,87.78434999999999,11391.55213884935,
4,5026,12589.863548,SGD,100,0.1,14,0.14,13,170.639,1.70639,586032.5013625255,
4,5027,12590.081985,MLP,32,1.0,32,1.0,13,190.332,5.947875,168127.2723451653,
4,5028,12590.350244,NB,100,0.01,1,0.01,23,142.354,1.42354,702474.1138289054,
4,5029,12590.537216,RF,32,0.01,0,0.0,28,3270.517,102.20365625,9784.385771423907,
4,5030,12593.856912,AB,32,1.0,32,1.0,10,8968.238,280.2574375,3568.1479461182903,
4,5031,12602.90394,GB,16,0.05,2,0.125,13,301.295,18.8309375,53104.100632270696,
4,5032,12603.245716,GB,1,1.0,1,1.0,0,207.961,207.961,4808.593919052129,4.0
4,5033,12616.542258,DT,32,0.01,1,0.03125,15,98.455,3.07671875,325021.5834645269,
4,5034,12616.719914,AB,100,0.1,7,0.07,17,8898.794,88.98794,11237.477797553242,
4,5035,12625.687079,GB,32,0.5,15,0.46875,15,240.359,7.51121875,133134.18677894317,
4,5036,12625.967854,RF,1,0.0,0,0.0,16,3198.909,3198.909,312.606579305632,8.96
4,5037,12642.74946,SGD,32,1.0,32,1.0,10,197.436,6.169875,162077.83788164266,
4,5038,12642.989701,LoR,8,1.0,8,1.0,26,199.513,24.939125,40097.637747916175,
4,5039,12643.257487,RF,32,0.01,1,0.03125,17,3491.766,109.1176875,9164.417088659435,
4,5040,12646.813006,AB,100,1.0,100,1.0,27,8934.379,89.34379000000001,11192.719717844966,
4,5041,12655.827987,DT,100,0.1,6,0.06,9,100.1,1.001,999000.999000999,
4,5042,12655.996037,DT,64,0.05,2,0.03125,9,91.779,1.434046875,697327.2753026292,
4,5043,12656.159934,AB,100,0.05,3,0.03,21,8786.966,87.86966000000001,11380.492424802827,
4,5044,12664.988067,GB,1,0.0,0,0.0,24,242.064,242.064,4131.138872364333,4.0
4,5045,12678.069703,LoR,1,0.1,1,1.0,25,164.231,164.231,6088.984418288874,
4,5046,12678.400213,DT,32,1.0,32,1.0,1,100.623,3.14446875,318018.74322967906,
4,5047,12678.566043,GB,32,0.05,1,0.03125,7,242.292,7.571625,132072.04530071153,
4,5048,12678.878641,AB,64,0.1,9,0.140625,0,8614.423,134.600359375,7429.40066908718,
4,5049,12687.575778,LoR,32,1.0,32,1.0,12,159.459,4.98309375,200678.54432800907,
4,5050,12687.778465,LoR,8,0.01,0,0.0,1,148.942,18.61775,53712.1832659693,
4,5051,12687.968286,DT,1,0.1,0,0.0,20,85.454,85.454,11702.202354483115,7.0
4,5052,12688.261568,AB,8,0.1,1,0.125,2,8201.08,1025.135,975.4812780755706,
4,5053,12696.503326,MLP,1,0.0,0,0.0,22,180.526,180.526,5539.368290440158,
4,5054,12696.843469,MLP,64,0.0,0,0.0,4,210.594,3.29053125,303902.29541202507,
4,5055,12697.133535,NB,100,0.05,5,0.05,9,147.823,1.4782300000000002,676484.7148278684,
4,5056,12697.342679,AB,32,0.05,2,0.0625,12,8335.98,260.499375,3838.7808032168987,
4,5057,12705.745841,NB,32,0.5,15,0.46875,19,120.681,3.77128125,265161.8730371807,
4,5058,12705.920357,LoR,100,1.0,100,1.0,3,166.992,1.6699199999999998,598831.0817284661,
4,5059,12706.129101,AB,8,0.01,0,0.0,9,8174.234,1021.77925,978.684975252727,
4,5060,12714.346674,MLP,1,0.5,0,0.0,18,166.941,166.941,5990.140229182765,
4,5061,12714.671828,LoR,64,0.0,0,0.0,10,156.427,2.444171875,409136.53013865894,
4,5062,12714.883811,SGD,100,0.0,0,0.0,21,201.457,2.01457,496383.8436986553,
4,5063,12715.130948,MLP,16,1.0,16,1.0,3,177.433,11.0895625,90174.88291355046,
4,5064,12715.365369,NB,100,1.0,100,1.0,12,140.021,1.40021,714178.5874975898,
4,5065,12715.559063,LoR,100,1.0,100,1.0,18,165.701,1.6570099999999999,603496.6596459888,
4,5066,12715.768286,NB,32,1.0,32,1.0,18,115.5,3.609375,277056.27705627703,
4,5067,12715.929089,NB,16,0.05,0,0.0,9,108.084,6.75525,148033.01136153363,
4,5068,12716.1023,GB,64,0.05,3,0.046875,1,264.055,4.125859375,242373.74789343128,
4,5069,12716.410193,RF,8,0.01,0,0.0,25,3447.271,430.908875,2320.676268271337,
4,5070,12719.923687,SGD,100,0.0,0,0.0,8,259.336,2.59336,385600.14807045687,
4,5071,12720.227219,SGD,8,0.0,0,0.0,23,163.092,20.3865,49052.06877100041,
4,5072,12720.43724,RF,16,0.05,0,0.0,1,3414.269,213.3918125,4686.215409506398,
4,5073,12723.917548,SGD,100,0.0,0,0.0,2,197.372,1.9737200000000001,506657.47927770903,
4,5074,12724.172714,AB,100,0.0,0,0.0,7,8834.291,88.34290999999999,11319.527509338328,
4,5075,12733.050186,NB,8,1.0,8,1.0,25,117.151,14.643875,68287.93608249183,
4,5076,12733.243706,NB,100,0.05,6,0.06,14,139.971,1.39971,714433.7041244258,
4,5077,12733.430049,RF,32,0.0,0,0.0,5,3379.84,105.62,9467.903806097329,
4,5078,12736.868714,AB,100,1.0,100,1.0,21,8808.398,88.08398,11352.802178103215,
4,5079,12745.743286,DT,16,0.05,1,0.0625,21,89.243,5.5776875,179285.77031251753,
4,5080,12745.872985,RF,1,0.1,0,0.0,27,3086.65,3086.65,323.97583140297735,6.6
4,5081,12762.084056,AB,100,0.5,49,0.49,15,8749.356,87.49356,11429.412633341242,
4,5082,12770.901012,RF,32,0.1,2,0.0625,7,3334.662,104.2081875,9596.174964659087,
4,5083,12774.280706,SGD,1,0.1,0,0.0,7,177.036,177.036,5648.568652703405,
4,5084,12774.617987,GB,1,0.05,0,0.0,14,247.233,247.233,4044.7674865410363,4.0
4,5085,12787.670988,GB,1,0.05,0,0.0,6,212.309,212.309,4710.1159159526915,4.0
4,5086,12800.39995,AB,16,0.05,0,0.0,4,8154.591,509.6619375,1962.0849163373123,
4,5087,12808.600574,AB,32,1.0,32,1.0,11,8144.343,254.51071875,3929.107602663591,
4,5088,12816.802695,NB,100,0.0,0,0.0,15,142.927,1.4292699999999998,699657.8673028889,
4,5089,12817.020648,MLP,16,0.1,3,0.1875,15,309.516,19.34475,51693.611961901806,
4,5090,12817.419576,LoR,100,0.1,4,0.04,17,213.993,2.13993,467305.0053039118,
4,5091,12817.68977,MLP,32,1.0,32,1.0,6,249.455,7.79546875,128279.64963620693,
4,5092,12818.006444,GB,8,0.1,0,0.0,19,324.001,40.500125,24691.28181703143,
4,5093,12818.409947,AB,100,0.05,4,0.04,23,8998.61,89.98610000000001,11112.82742556906,
4,5094,12827.490247,DT,32,0.5,17,0.53125,29,94.449,2.95153125,338807.1869474531,
4,5095,12827.64233,AB,8,0.5,6,0.75,1,8062.998,1007.87475,992.1867771764299,
4,5096,12835.752025,RF,32,0.0,0,0.0,12,3400.24,106.2575,9411.100392913442,
4,5097,12839.227085,DT,64,0.01,3,0.046875,18,100.745,1.574140625,635267.2589210382,
4,5098,12839.401331,NB,100,0.5,47,0.47,21,152.124,1.52124,657358.4707212538,
4,5099,12839.610425,RF,16,0.01,1,0.0625,12,3292.354,205.772125,4859.744729758708,
4,5100,12842.981175,LoR,100,0.5,57,0.57,22,251.913,2.51913,396962.44338323147,
4,5101,12843.281249,DT,64,0.0,0,0.0,4,94.046,1.46946875,680518.0443612699,
4,5102,12843.417202,SGD,32,0.0,0,0.0,17,162.185,5.06828125,197305.5461355859,
4,5103,12843.646788,AB,64,0.5,32,0.5,15,8491.48,132.679375,7536.9664652098345,
4,5104,12852.181128,MLP,16,0.0,0,0.0,2,198.155,12.3846875,80744.87143902501,
4,5105,12852.450035,LoR,64,0.05,3,0.046875,2,157.085,2.454453125,407422.7329153006,
4,5106,12852.667095,RF,16,0.1,2,0.125,15,3289.641,205.6025625,4863.75261008724,
4,5107,12856.005695,GB,32,0.01,0,0.0,2,278.49,8.7028125,114905.38259901611,
4,5108,12856.323979,NB,1,0.0,0,0.0,16,109.789,109.789,9108.38062100939,
4,5109,12856.492901,LoR,64,1.0,64,1.0,15,164.144,2.56475,389901.54985866067,
4,5110,12856.717505,SGD,16,0.5,8,0.5,26,154.338,9.646125,103668.57157666939,
4,5111,12856.918672,MLP,64,1.0,64,1.0,28,206.984,3.234125,309202.6436826035,
4,5112,12857.166548,MLP,1,0.1,0,0.0,0,160.1,160.1,6246.096189881325,
4,5113,12857.508473,NB,64,0.05,4,0.0625,3,127.499,1.992171875,501964.7212919317,
4,5114,12857.700786,RF,64,0.5,31,0.484375,10,4075.63,63.68171875,15703.093754830541,
4,5115,12861.822235,GB,8,0.01,0,0.0,16,246.557,30.819625,32446.858130168686,
4,5116,12862.118716,MLP,64,1.0,64,1.0,9,215.608,3.368875,296834.99684612814,
4,5117,12862.387631,LoR,64,0.0,0,0.0,23,159.771,2.496421875,400573.3205650588,
4,5118,12862.615722,DT,64,0.1,6,0.09375,13,96.882,1.51378125,660597.4277987655,
4,5119,12862.777282,RF,64,0.1,5,0.078125,9,3777.873,59.029265625,16940.749464050274,
4,5120,12866.59898,DT,1,0.05,0,0.0,11,91.038,91.038,10984.424086645138,7.0
4,5121,12866.905637,NB,32,0.0,0,0.0,29,147.621,4.61315625,216771.32657277756,
4,5122,12867.131018,SGD,32,0.05,1,0.03125,9,163.884,5.121375,195260.0619950697,
4,5123,12867.342531,AB,64,0.0,0,0.0,23,8362.767,130.668234375,7652.969405939446,
4,5124,12875.750601,NB,32,1.0,32,1.0,24,117.258,3.6643125,272902.4885295673,
4,5125,12875.910355,RF,32,1.0,32,1.0,12,3885.86,121.433125,8234.985305698096,
4,5126,12879.859168,GB,100,0.01,0,0.0,12,292.486,2.92486,341896.7061671328,
4,5127,12880.193957,MLP,8,1.0,8,1.0,20,189.573,23.696625,42200.102335248164,
4,5128,12880.426022,AB,1,0.05,0,0.0,23,7847.253,7847.253,127.43312851006588,2.0
4,5129,12900.964793,DT,100,1.0,100,1.0,12,120.241,1.20241,831663.0766543858,
4,5130,12901.153398,AB,64,0.5,31,0.484375,25,8807.858,137.62278125,7266.238851716274,
4,5131,12910.036514,MLP,64,0.5,32,0.5,19,219.665,3.432265625,291352.74167482305,
4,5132,12910.307473,RF,64,0.0,0,0.0,17,3466.41,54.16265625,18462.90542665178,
4,5133,12913.853485,RF,100,0.05,5,0.05,23,4462.462,44.62462000000001,22409.154408485716,
4,5134,12918.400537,NB,16,0.05,1,0.0625,17,149.708,9.35675,106874.71611403533,
4,5135,12918.611636,GB,16,0.05,1,0.0625,19,281.83,17.614375,56771.81279494731,
4,5136,12918.957255,LoR,16,0.1,1,0.0625,12,201.116,12.56975,79556.0770898387,
4,5137,12919.197792,LoR,8,1.0,8,1.0,17,151.535,18.941875,52793.08410598212,
4,5138,12919.39077,LoR,8,0.01,0,0.0,7,174.656,21.832,45804.32392817882,
4,5139,12919.624966,NB,16,0.5,8,0.5,18,114.751,7.1719375,139432.33610164616,
4,5140,12919.800556,MLP,32,0.01,1,0.03125,8,217.581,6.79940625,147071.66526488986,
4,5141,12920.060839,LoR,16,0.01,0,0.0,22,148.312,9.2695,107880.68396353631,
4,5142,12920.248486,SGD,1,0.1,0,0.0,27,173.274,173.274,5771.206297540311,
4,5143,12920.573619,GB,1,0.01,0,0.0,16,244.499,244.499,4089.996278103387,4.0
4,5144,12933.480295,AB,8,0.1,0,0.0,7,8128.805,1016.100625,984.154497493789,
4,5145,12941.689155,MLP,100,0.1,11,0.11,0,232.23,2.3223,430607.58730568836,
4,5146,12941.977212,LoR,100,0.0,0,0.0,8,162.987,1.62987,613545.8656211846,
4,5147,12942.18467,SGD,1,0.01,0,0.0,13,144.681,144.681,6911.757590837774,
4,5148,12942.516709,SGD,100,0.5,53,0.53,26,160.549,1.60549,622862.8020106012,
4,5149,12942.731015,LoR,100,1.0,100,1.0,25,156.562,1.56562,638724.5947292446,
4,5150,12942.92978,SGD,16,0.01,0,0.0,23,180.896,11.306,88448.6113568017,
4,5151,12943.152497,DT,16,0.01,0,0.0,11,88.816,5.551,180147.72113132768,
4,5152,12943.307777,GB,64,0.5,42,0.65625,20,261.088,4.0795,245128.0794214977,
4,5153,12943.644339,MLP,100,0.05,4,0.04,5,232.239,2.32239,430590.89989192167,
4,5154,12943.919953,AB,16,0.01,0,0.0,6,8189.764,511.86025,1953.6582494929035,
4,5155,12952.180991,NB,64,0.1,6,0.09375,25,127.464,1.991625,502102.5544467458,
4,5156,12952.380114,AB,100,0.5,46,0.46,29,8588.77,85.88770000000001,11643.11071317546,
4,5157,12961.032483,AB,16,0.5,7,0.4375,14,8037.992,502.3745,1990.5468928060639,
4,5158,12969.120087,MLP,64,0.0,0,0.0,21,205.122,3.20503125,312009.43828550813,
4,5159,12969.36822,GB,8,0.01,0,0.0,22,210.938,26.36725,37925.836027647936,
4,5160,12969.653289,MLP,100,0.05,9,0.09,12,223.024,2.2302400000000002,448382.23688930337,
4,5161,12969.917495,LoR,16,0.0,0,0.0,21,149.493,9.3433125,107028.42273551271,
4,5162,12970.123147,SGD,100,0.01,0,0.0,4,161.022,1.61022,621033.150749587,
4,5163,12970.360969,RF,100,0.01,1,0.01,22,3926.028,39.260279999999995,25471.035866275026,
4,5164,12974.336192,GB,32,0.01,0,0.0,0,237.466,7.4208125,134756.13350963927,
4,5165,12974.648753,RF,100,0.05,4,0.04,13,4003.753,40.037530000000004,24976.565737197074,
4,5166,12978.733934,LoR,100,0.1,16,0.16,8,181.62,1.8162,550600.1541680432,
4,5167,12978.963759,SGD,16,0.01,0,0.0,0,206.383,12.8989375,77525.76520352936,
4,5168,12979.210138,DT,16,1.0,16,1.0,3,95.287,5.9554375,167913.77627588232,
4,5169,12979.347305,MLP,32,0.0,0,0.0,20,191.076,5.971125,167472.6286922481,
4,5170,12979.613899,SGD,100,0.5,44,0.44,20,163.975,1.63975,609849.0623570667,
4,5171,12979.831252,SGD,100,0.0,0,0.0,22,159.425,1.5942500000000002,627254.1947624275,
4,5172,12980.031443,DT,8,0.01,0,0.0,28,86.677,10.834625,92296.68770262007,
4,5173,12980.156701,MLP,1,0.5,1,1.0,13,163.267,163.267,6124.936453784292,
4,5174,12980.499964,MLP,64,0.05,1,0.015625,14,199.79,3.12171875,320336.35317082936,
4,5175,12980.763648,AB,32,0.05,2,0.0625,9,8214.256,256.6955,3895.666266062319,
4,5176,12989.044805,DT,32,0.5,16,0.5,28,94.509,2.95340625,338592.09175845684,
4,5177,12989.197437,AB,8,0.5,1,0.125,23,7979.053,997.381625,1002.6252488860521,
4,5178,12997.243113,SGD,32,0.05,1,0.03125,8,156.396,4.887375,204608.81352464258,
4,5179,12997.443238,NB,32,1.0,32,1.0,10,117.767,3.68021875,271722.97842349723,
4,5180,12997.607232,GB,64,0.0,0,0.0,6,254.156,3.9711875,251813.84661389067,
4,5181,12997.910679,LoR,64,1.0,64,1.0,25,165.922,2.59253125,385723.4122057352,
4,5182,12998.122216,SGD,32,0.01,0,0.0,26,154.033,4.81353125,207747.6904299728,
4,5183,12998.318993,MLP,8,0.0,0,0.0,12,171.478,21.43475,46653.214989677974,
4,5184,12998.534228,LoR,32,0.0,0,0.0,10,149.48,4.67125,214075.4616002141,
4,5185,12998.721627,RF,1,0.0,0,0.0,25,2991.642,2991.642,334.2645944935925,7.0
4,5186,13014.624587,MLP,32,0.5,18,0.5625,12,198.249,6.19528125,161413.17232369396,
4,5187,13014.88399,GB,100,0.01,0,0.0,9,278.962,2.7896199999999998,358471.7631792144,
4,5188,13015.219057,MLP,100,1.0,100,1.0,15,229.3,2.293,436109.8996947231,
4,5189,13015.491548,RF,8,0.1,0,0.0,4,3108.958,388.61975,2573.2094161452164,
4,5190,13018.644319,LoR,1,0.5,1,1.0,28,160.675,160.675,6223.743581764431,
4,5191,13018.966859,AB,64,1.0,64,1.0,6,8295.471,129.616734375,7715.053189867098,
4,5192,13027.324254,GB,8,0.5,5,0.625,19,212.202,26.52525,37699.927427639705,
4,5193,13027.611325,GB,100,0.5,66,0.66,20,289.197,2.89197,345785.0530952949,
4,5194,13027.962017,LoR,16,0.1,1,0.0625,18,161.892,10.11825,98831.31964519556,
4,5195,13028.161021,AB,1,1.0,1,1.0,15,7771.448,7771.448,128.67614889786304,2.0
4,5196,13048.590012,GB,32,0.05,3,0.09375,12,240.511,7.51596875,133050.04760697015,
4,5197,13048.893495,AB,32,0.5,15,0.46875,19,8237.242,257.4138125,3884.795420603158,
4,5198,13057.175537,AB,16,0.01,0,0.0,12,7922.883,495.1801875,2019.466903651108,
4,5199,13065.141894,MLP,8,0.01,0,0.0,24,176.216,22.027,45398.82871021928,
4,5200,13065.360417,SGD,16,0.0,0,0.0,0,149.844,9.36525,106777.71549077707,
4,5201,13065.584699,LoR,100,0.01,1,0.01,6,158.382,1.58382,631384.8795949034,
4,5202,13065.784258,MLP,8,0.01,0,0.0,19,166.772,20.8465,47969.68316024273,
4,5203,13065.991754,NB,1,0.05,0,0.0,21,102.642,102.642,9742.600494924105,
4,5204,13066.143001,LoR,16,1.0,16,1.0,25,147.339,9.2086875,108593.10840985754,
4,5205,13066.332223,GB,32,1.0,32,1.0,29,228.418,7.1380625,140094.0381230901,
4,5206,13066.601862,NB,1,0.01,0,0.0,18,103.404,103.404,9670.805771536885,
4,5207,13066.774699,RF,8,0.5,5,0.625,26,3254.059,406.757375,2458.468024089299,
4,5208,13070.075518,NB,32,0.0,0,0.0,11,127.331,3.97909375,251313.50574486968,
4,5209,13070.248547,SGD,32,0.01,0,0.0,10,165.104,5.1595,193817.23035177827,
4,5210,13070.473587,MLP,16,0.05,1,0.0625,14,179.294,11.205875,89238.90370006804,
4,5211,13070.696003,LoR,16,0.01,0,0.0,10,148.413,9.2758125,107807.2675574242,
4,5212,13070.886437,RF,16,0.01,0,0.0,24,3255.681,203.4800625,4914.48640084824,
4,5213,13074.200314,NB,100,1.0,100,1.0,17,148.621,1.48621,672852.4232780024,
4,5214,13074.40911,NB,16,0.1,1,0.0625,13,112.513,7.0320625,142205.78955320717,
4,5215,13074.557443,NB,1,0.0,0,0.0,24,99.0,99.0,10101.0101010101,
4,5216,13074.737125,RF,100,0.01,2,0.02,8,3754.087,37.54087,26637.635195987732,
4,5217,13078.540254,SGD,32,0.05,0,0.0,16,170.638,5.3324375,187531.49943154515,
4,5218,13078.772113,RF,16,0.05,4,0.25,16,3213.22,200.82625,4979.428735038373,
4,5219,13082.052791,DT,32,0.1,1,0.03125,9,98.023,3.06321875,326453.9954908542,
4,5220,13082.208684,MLP,8,0.1,1,0.125,6,185.442,23.18025,43140.17320779543,
4,5221,13082.440682,MLP,32,0.05,0,0.0,9,185.775,5.80546875,172251.37935674874,
4,5222,13082.691036,LoR,16,0.05,4,0.25,28,152.633,9.5395625,104826.61023500815,
4,5223,13082.884417,MLP,8,0.05,0,0.0,28,200.995,25.124375,39801.98512400806,
4,5224,13083.126766,MLP,8,0.01,0,0.0,0,164.993,20.624125,48486.90550508204,
4,5225,13083.354087,SGD,32,0.05,4,0.125,5,151.049,4.72028125,211851.78319618135,
4,5226,13083.546422,SGD,32,0.0,0,0.0,0,147.316,4.603625,217220.12544462245,
4,5227,13083.755618,MLP,16,0.05,1,0.0625,10,169.769,10.6105625,94245.71034758996,
4,5228,13083.968413,MLP,32,0.0,0,0.0,13,176.858,5.5268125,180936.11824175325,
4,5229,13084.21698,GB,64,0.05,4,0.0625,18,256.089,4.001390625,249913.11614321583,
4,5230,13084.529538,NB,100,0.0,0,0.0,7,143.371,1.43371,697491.1244254416,
4,5231,13084.739285,RF,64,0.1,10,0.15625,11,3723.46,58.1790625,17188.314094954694,
4,5232,13088.53633,RF,64,0.5,37,0.578125,5,4118.079,64.344984375,15541.226868158674,
4,5233,13092.727592,LoR,64,0.1,9,0.140625,26,175.84,2.7475,363967.24294813466,
4,5234,13092.946823,SGD,16,0.01,0,0.0,26,154.355,9.6471875,103657.15396326651,
4,5235,13093.14602,MLP,32,0.01,0,0.0,4,188.372,5.886625,169876.62709956893,
4,5236,13093.375775,RF,1,0.5,0,0.0,9,2975.496,2975.496,336.0784218832759,6.94
4,5237,13109.795984,NB,1,1.0,1,1.0,8,118.429,118.429,8443.877766425454,
4,5238,13110.004844,SGD,100,0.01,3,0.03,24,187.462,1.87462,533441.4441326776,
4,5239,13110.248746,NB,100,1.0,100,1.0,9,139.401,1.3940100000000002,717354.9687591911,
4,5240,13110.424818,DT,1,1.0,1,1.0,21,90.846,90.846,11007.639301675363,15.0
4,5241,13110.720641,SGD,8,0.05,1,0.125,9,160.749,20.093625,49767.028099708245,
4,5242,13110.934913,MLP,100,1.0,100,1.0,29,290.651,2.90651,344055.2415095768,
4,5243,13111.290875,AB,32,0.05,1,0.03125,26,8268.09,258.3778125,3870.301363434602,
4,5244,13119.629823,SGD,64,0.1,4,0.0625,6,160.524,2.5081875,398694.27624529664,
4,5245,13119.832966,NB,16,0.01,0,0.0,3,110.637,6.9148125,144617.08108498965,
4,5246,13119.99973,RF,8,0.5,3,0.375,3,3315.474,414.43425,2412.927985561039,
4,5247,13123.364432,LoR,32,0.01,0,0.0,28,168.586,5.2683125,189814.10081501427,
4,5248,13123.592139,RF,8,0.05,2,0.25,18,3202.729,400.341125,2497.8697854236184,
4,5249,13126.847094,LoR,64,1.0,64,1.0,23,191.029,2.984828125,335027.6659564778,
4,5250,13127.095457,DT,16,0.01,0,0.0,0,106.551,6.6594375,150162.83282184118,
4,5251,13127.288217,AB,8,0.1,2,0.25,20,8560.734,1070.09175,934.4993081200747,
4,5252,13135.915892,SGD,100,1.0,100,1.0,25,177.453,1.77453,563529.4979515703,
4,5253,13136.138334,GB,8,0.05,0,0.0,9,250.022,31.25275,31997.184247786197,
4,5254,13136.439112,LoR,64,0.0,0,0.0,12,166.731,2.605171875,383851.83319238777,
4,5255,13136.66106,MLP,100,0.0,0,0.0,0,241.066,2.41066,414824.1560402545,
4,5256,13136.967059,AB,32,0.5,23,0.71875,1,8251.402,257.8563125,3878.1288319245627,
4,5257,13145.292592,RF,1,0.05,0,0.0,5,3259.957,3259.957,306.75251237976454,7.0
4,5258,13161.573856,MLP,8,0.1,2,0.25,28,211.834,26.47925,37765.42009309176,
4,5259,13161.837671,NB,64,0.0,0,0.0,5,136.318,2.12996875,469490.45613932126,
4,5260,13162.03192,DT,8,0.05,1,0.125,18,92.82,11.6025,86188.32148243913,
4,5261,13162.165741,DT,32,0.0,0,0.0,12,88.562,2.7675625,361328.7866127685,
4,5262,13162.292479,MLP,1,0.05,0,0.0,6,170.186,170.186,5875.923989047277,
4,5263,13162.642971,SGD,32,0.5,15,0.46875,26,160.483,5.01509375,199398.06708498718,
4,5264,13162.843678,NB,1,0.5,1,1.0,15,100.476,100.476,9952.625502607589,
4,5265,13162.999659,AB,64,0.0,0,0.0,10,8495.356,132.7399375,7533.52772973846,
4,5266,13171.537571,MLP,8,1.0,8,1.0,23,174.127,21.765875,45943.47803614603,
4,5267,13171.785614,AB,64,0.5,26,0.40625,10,8270.909,129.232953125,7737.964472828803,
4,5268,13180.118744,MLP,8,0.5,4,0.5,27,173.583,21.697875,46087.462481925075,
4,5269,13180.33366,LoR,1,0.05,0,0.0,17,145.769,145.769,6860.169171771776,
4,5270,13180.64686,LoR,32,0.05,2,0.0625,0,148.206,4.6314375,215915.6849250368,
4,5271,13180.835075,NB,1,0.01,0,0.0,24,99.943,99.943,10005.703250852986,
4,5272,13180.999858,NB,8,0.05,1,0.125,5,103.542,12.94275,77263.33275385834,
4,5273,13181.140401,GB,1,0.1,0,0.0,6,241.761,241.761,4136.316444753289,4.0
4,5274,13194.074066,SGD,32,0.5,14,0.4375,7,167.934,5.2479375,190551.0498171901,
4,5275,13194.291628,RF,64,0.0,0,0.0,8,3946.051,61.657046875,16218.746285843747,
4,5276,13198.330437,GB,100,0.1,12,0.12,18,332.147,3.3214699999999997,301071.5135166056,
4,5277,13198.714296,DT,64,1.0,64,1.0,21,117.443,1.835046875,544945.2074623434,
4,5278,13198.873303,DT,1,0.1,0,0.0,18,88.61,88.61,11285.407967498026,7.0
4,5279,13199.19859,MLP,1,1.0,1,1.0,11,187.888,187.888,5322.319679809248,
4,5280,13199.550533,DT,16,0.0,0,0.0,24,91.725,5.7328125,174434.4508040338,
4,5281,13199.681529,DT,8,0.0,0,0.0,15,101.191,12.648875,79058.41428585546,
4,5282,13199.842575,NB,64,1.0,64,1.0,22,133.794,2.09053125,478347.31004379864,
4,5283,13200.013911,AB,8,0.0,0,0.0,0,8258.267,1032.283375,968.726247286507,
4,5284,13208.313201,SGD,1,0.0,0,0.0,14,154.411,154.411,6476.222548911671,
4,5285,13208.645281,LoR,32,0.1,4,0.125,19,153.237,4.78865625,208826.84991222748,
4,5286,13208.841924,LoR,32,0.0,0,0.0,24,148.901,4.65315625,214907.89182073993,
4,5287,13209.049371,MLP,8,0.1,3,0.375,15,174.296,21.787,45898.93055491807,
4,5288,13209.273357,NB,64,1.0,64,1.0,2,127.607,1.993859375,501539.884175633,
4,5289,13209.460828,NB,16,0.05,2,0.125,8,109.633,6.8520625,145941.4592321655,
4,5290,13209.623163,SGD,100,0.0,0,0.0,1,170.25,1.7025,587371.5124816446,
4,5291,13209.851949,DT,8,0.1,1,0.125,3,91.515,11.439375,87417.36327378025,
4,5292,13209.982122,NB,16,1.0,16,1.0,0,113.073,7.0670625,141501.50787544332,
4,5293,13210.133453,NB,1,0.01,0,0.0,1,99.029,99.029,10098.052085752659,
4,5294,13210.276551,LoR,1,0.0,0,0.0,28,149.839,149.839,6673.8299107708945,
4,5295,13210.610005,MLP,100,0.5,49,0.49,8,230.048,2.30048,434691.8903880929,
4,5296,13210.910203,MLP,64,0.1,6,0.09375,12,241.639,3.775609375,264857.9078708321,
4,5297,13211.191635,MLP,1,0.0,0,0.0,0,161.617,161.617,6187.467902510256,
4,5298,13211.513765,AB,64,0.0,0,0.0,16,8889.094,138.89209375,7199.833863833593,
4,5299,13220.463417,AB,8,1.0,8,1.0,24,8141.631,1017.703875,982.6040998419112,
4,5300,13228.695388,SGD,64,0.5,36,0.5625,0,190.692,2.9795625,335619.742831372,
4,5301,13228.955926,RF,16,0.5,5,0.3125,14,3578.403,223.6501875,4471.268328357651,
4,5302,13232.606636,SGD,100,0.01,0,0.0,19,207.143,2.07143,482758.287752905,
4,5303,13232.892712,RF,100,0.1,11,0.11,9,3974.685,39.74685,25159.22645442343,
4,5304,13236.944312,LoR,64,0.5,28,0.4375,19,186.972,2.9214375,342297.2423678412,
4,5305,13237.201421,GB,64,0.5,34,0.53125,0,318.214,4.97209375,201122.51503705053,
4,5306,13237.562605,MLP,1,0.01,0,0.0,15,192.515,192.515,5194.400436329637,
4,5307,13237.921589,SGD,1,0.5,1,1.0,16,151.573,151.573,6597.481081722998,
4,5308,13238.236697,NB,100,0.0,0,0.0,27,149.996,1.4999600000000002,666684.4449185311,
4,5309,13238.427522,SGD,1,0.05,0,0.0,8,152.795,152.795,6544.716777381459,
4,5310,13238.727519,AB,1,0.05,0,0.0,18,8025.664,8025.664,124.60028229439958,2.0
4,5311,13259.927838,NB,8,0.0,0,0.0,24,117.741,14.717625,67945.74532236009,
4,5312,13260.102904,RF,100,0.01,0,0.0,16,3942.591,39.42591,25364.030912666316,
4,5313,13264.113639,DT,16,0.1,1,0.0625,19,99.069,6.1918125,161503.5985020541,
4,5314,13264.253439,NB,16,1.0,16,1.0,16,120.121,7.5075625,133199.0243171469,
4,5315,13264.411186,AB,1,1.0,1,1.0,10,8373.628,8373.628,119.4225489835469,2.0
4,5316,13286.394327,MLP,16,0.05,1,0.0625,23,234.822,14.676375,68136.71632129868,
4,5317,13286.679219,NB,16,0.0,0,0.0,6,127.859,7.9911875,125137.84715976194,
4,5318,13286.846541,LoR,8,0.0,0,0.0,0,173.76,21.72,46040.51565377533,
4,5319,13287.093138,GB,8,0.5,6,0.75,18,295.233,36.904125,27097.241839496262,
4,5320,13287.429283,DT,8,1.0,8,1.0,11,96.112,12.014,83236.224404861,
4,5321,13287.56286,DT,1,1.0,1,1.0,28,85.733,85.733,11664.120000466564,25.0
4,5322,13287.838473,DT,1,0.1,0,0.0,29,88.697,88.697,11274.338478189791,23.0
4,5323,13288.143395,NB,64,0.5,29,0.453125,27,137.012,2.1408125,467112.36971944064,
4,5324,13288.341563,AB,32,0.5,13,0.40625,5,8404.353,262.63603125,3807.5506823666265,
4,5325,13296.80983,DT,8,0.5,3,0.375,20,85.727,10.715875,93319.49094217691,
4,5326,13296.938783,DT,32,0.0,0,0.0,13,88.872,2.77725,360068.4129984697,
4,5327,13297.069346,GB,32,0.0,0,0.0,4,249.044,7.782625,128491.35092594079,
4,5328,13297.365123,MLP,32,0.01,0,0.0,21,204.701,6.39690625,156325.56753508776,
4,5329,13297.631545,LoR,8,0.5,2,0.25,24,155.187,19.398375,51550.709788835404,
4,5330,13297.846113,LoR,100,0.01,0,0.0,1,162.551,1.6255099999999998,615191.5398859435,
4,5331,13298.048382,SGD,8,1.0,8,1.0,7,150.947,18.868375,52998.73465521011,
4,5332,13298.240212,MLP,16,0.0,0,0.0,6,174.332,10.89575,91778.90461877338,
4,5333,13298.470261,RF,100,0.0,0,0.0,8,3884.8,38.848,25741.35090609555,
4,5334,13302.400996,DT,1,0.01,0,0.0,29,95.017,95.017,10524.432469979058,7.0
4,5335,13302.725474,NB,64,0.1,10,0.15625,14,138.069,2.157328125,463536.347768145,
4,5336,13302.92106,NB,8,0.1,1,0.125,19,138.752,17.344,57656.82656826568,
4,5337,13303.110162,NB,8,1.0,8,1.0,10,107.073,13.384125,74715.3810951407,
4,5338,13303.262573,LoR,64,0.0,0,0.0,13,166.734,2.60521875,383844.9266496335,
4,5339,13303.47263,DT,16,0.05,0,0.0,5,91.14,5.69625,175554.09260478386,
4,5340,13303.617287,RF,100,0.0,0,0.0,20,3859.977,38.59977,25906.89011877532,
4,5341,13307.522477,DT,16,1.0,16,1.0,26,101.184,6.324,158127.76723592664,
4,5342,13307.693566,LoR,64,0.05,4,0.0625,17,172.829,2.700453125,370308.2237355999,
4,5343,13307.941717,DT,100,0.5,49,0.49,8,112.28,1.1228,890630.5664410403,
4,5344,13308.119475,LoR,64,0.5,36,0.5625,7,166.918,2.60809375,383421.799925712,
4,5345,13308.347351,LoR,32,0.05,2,0.0625,15,157.841,4.93253125,202735.66437110762,
4,5346,13308.546639,DT,32,1.0,32,1.0,14,102.818,3.2130625,311229.5512458908,
4,5347,13308.708155,LoR,16,0.1,5,0.3125,1,155.402,9.712625,102958.77787930658,
4,5348,13308.903955,LoR,1,0.01,0,0.0,1,146.793,146.793,6812.313938675549,
4,5349,13309.210618,NB,16,0.0,0,0.0,15,114.395,7.1496875,139866.25289566853,
4,5350,13309.368294,GB,16,0.01,0,0.0,26,240.425,15.0265625,66548.8197982739,
4,5351,13309.650658,NB,1,0.5,1,1.0,28,104.992,104.992,9524.53520268211,
4,5352,13309.827883,AB,32,0.1,3,0.09375,4,8389.779,262.18059375,3814.16483080186,
4,5353,13318.297515,GB,100,0.05,3,0.03,6,277.05,2.7705,360945.6776755098,
4,5354,13318.650522,LoR,100,0.5,50,0.5,28,178.53,1.7853,560129.9501484344,
4,5355,13318.889788,AB,16,0.01,1,0.0625,28,8340.193,521.2620625,1918.4208327073488,
4,5356,13327.298132,SGD,32,0.5,17,0.53125,18,161.175,5.03671875,198541.9574996122,
4,5357,13327.503626,NB,1,0.5,1,1.0,9,102.658,102.658,9741.082039392935,
4,5358,13327.658198,AB,16,0.01,0,0.0,20,8196.065,512.2540625,1952.156309155674,
4,5359,13335.900413,DT,16,0.05,0,0.0,10,84.921,5.3075625,188410.40496461416,
4,5360,13336.040656,GB,100,1.0,100,1.0,8,282.387,2.82387,354123.9504651418,
4,5361,13336.392113,NB,32,0.5,21,0.65625,2,126.553,3.95478125,252858.48616785064,
4,5362,13336.558801,LoR,1,0.01,0,0.0,23,158.616,158.616,6304.5342210117515,
4,5363,13336.899697,NB,64,0.5,26,0.40625,0,131.518,2.05496875,486625.40488754393,
4,5364,13337.073723,RF,16,0.01,0,0.0,14,3184.507,199.0316875,5024.325586346647,
4,5365,13340.303263,MLP,1,0.01,0,0.0,21,186.391,186.391,5365.065909834702,
4,5366,13340.646961,MLP,8,0.0,0,0.0,1,176.217,22.027125,45398.571079975256,
4,5367,13340.865585,DT,1,0.01,0,0.0,7,88.382,88.382,11314.521056323685,14.0
4,5368,13341.167002,SGD,100,1.0,100,1.0,4,176.025,1.76025,568101.1219997159,
4,5369,13341.414008,DT,64,0.1,10,0.15625,0,98.413,1.537703125,650320.5877272312,
4,5370,13341.569573,NB,8,0.5,3,0.375,8,112.368,14.046,71194.64616260858,
4,5371,13341.737025,GB,8,0.5,5,0.625,15,222.356,27.7945,35978.34103869471,
4,5372,13342.008628,DT,64,1.0,64,1.0,24,106.244,1.6600625,602386.9583223524,
4,5373,13342.182603,AB,64,0.5,39,0.609375,13,8498.976,132.7965,7530.318946658986,
4,5374,13350.749288,GB,32,0.1,4,0.125,26,230.52,7.20375,138816.5885823356,
4,5375,13351.06871,GB,16,0.5,8,0.5,3,238.233,14.8895625,67161.14056406963,
4,5376,13351.349577,SGD,8,0.05,0,0.0,21,162.489,20.311125,49234.10200075082,
4,5377,13351.600472,RF,8,0.5,5,0.625,1,3335.164,416.8955,2398.682643492194,
4,5378,13354.979674,NB,8,1.0,8,1.0,11,127.429,15.928625,62780.05791460343,
4,5379,13355.183001,SGD,100,0.1,11,0.11,12,178.052,1.7805199999999999,561633.6800485252,
4,5380,13355.401617,LoR,8,1.0,8,1.0,23,153.351,19.168875,52167.90239385462,
4,5381,13355.596557,MLP,1,0.0,0,0.0,7,166.554,166.554,6004.058743710749,
4,5382,13355.948986,LoR,100,0.1,12,0.12,18,163.643,1.63643,611086.3281655799,
4,5383,13356.158742,AB,32,0.01,0,0.0,13,8266.963,258.34259375,3870.8289852029097,
4,5384,13364.470891,GB,8,0.1,0,0.0,29,211.324,26.4155,37856.56148852,
4,5385,13364.727434,RF,32,1.0,32,1.0,23,4017.298,125.5405625,7965.552966197679,
4,5386,13368.790281,DT,1,0.5,0,0.0,5,98.762,98.762,10125.351855976995,37.0
4,5387,13369.115062,AB,16,0.1,1,0.0625,12,8208.23,513.014375,1949.2631176270647,
4,5388,13377.374763,NB,64,0.0,0,0.0,2,133.52,2.08625,479328.93948472134,
4,5389,13377.550422,NB,8,0.05,0,0.0,18,106.689,13.336125,74984.30016215355,
4,5390,13377.715311,LoR,8,0.1,1,0.125,26,157.547,19.693375,50778.4978450875,
4,5391,13377.941352,DT,64,0.5,21,0.328125,9,100.678,1.57309375,635690.0216531914,
4,5392,13378.114956,MLP,100,0.05,5,0.05,7,236.52,2.3652,422797.2264501945,
4,5393,13378.400901,AB,64,0.0,0,0.0,6,8504.282,132.87940625,7525.620622646334,
4,5394,13386.947885,LoR,8,0.0,0,0.0,28,190.608,23.826,41970.956098379924,
4,5395,13387.180136,GB,1,0.01,0,0.0,7,209.076,209.076,4782.949740764124,4.0
4,5396,13400.575726,SGD,100,0.5,53,0.53,6,187.606,1.8760599999999998,533031.9925801947,
4,5397,13400.809898,RF,1,0.1,0,0.0,10,3529.712,3529.712,283.30923316123244,6.97
4,5398,13418.270288,NB,8,0.5,3,0.375,3,146.536,18.317,54594.09291914615,
4,5399,13418.457853,AB,16,0.0,0,0.0,15,8194.133,512.1333125,1952.6165855496854,
4,5400,13426.695181,DT,1,0.1,0,0.0,8,80.026,80.026,12495.938819883539,7.0
4,5401,13426.994701,NB,100,0.05,2,0.02,15,195.04,1.9504,512715.34044298605,
4,5402,13427.25562,RF,64,0.1,5,0.078125,21,3745.335,58.520859375,17087.924044177624,
4,5403,13431.119116,GB,100,0.1,13,0.13,12,324.155,3.2415499999999997,308494.39311440516,
4,5404,13431.499237,DT,100,0.0,0,0.0,9,102.923,1.02923,971600.128251217,
4,5405,13431.660488,RF,8,0.5,5,0.625,14,3510.047,438.755875,2279.171760378137,
4,5406,13435.257937,RF,64,1.0,64,1.0,12,5259.929,82.186390625,12167.464617868416,
4,5407,13440.608822,AB,8,0.01,0,0.0,27,8586.976,1073.372,931.6434563226915,
4,5408,13449.265674,NB,1,0.0,0,0.0,9,123.918,123.918,8069.852644490711,
4,5409,13449.448555,DT,8,1.0,8,1.0,22,95.371,11.921375,83882.94135533863,
4,5410,13449.621469,SGD,64,0.5,26,0.40625,8,197.957,3.093078125,323302.53539910185,
4,5411,13449.880775,GB,8,0.5,6,0.75,27,281.765,35.220625,28392.454705162105,
4,5412,13450.206764,DT,16,0.0,0,0.0,22,96.344,6.0215,166071.5768496222,
4,5413,13450.361123,GB,100,0.0,0,0.0,22,289.249,2.8924900000000004,345722.88927533024,
4,5414,13450.722498,LoR,64,0.05,2,0.03125,23,185.213,2.893953125,345548.09867557895,
4,5415,13450.970901,LoR,16,0.1,1,0.0625,28,178.693,11.1683125,89539.04182032871,
4,5416,13451.189152,AB,8,1.0,8,1.0,26,8280.843,1035.105375,966.0852162032295,
4,5417,13459.511249,RF,8,1.0,8,1.0,3,3413.964,426.7455,2343.317035563351,
4,5418,13462.977652,MLP,64,1.0,64,1.0,7,286.779,4.480921875,223168.36309492675,
4,5419,13463.307845,SGD,1,0.01,0,0.0,3,155.328,155.328,6437.989287185826,
4,5420,13463.622521,LoR,32,1.0,32,1.0,2,150.702,4.7094375,212339.5840798397,
4,5421,13463.84936,DT,100,0.1,9,0.09,15,101.815,1.0181499999999999,982173.5500662967,
4,5422,13464.009057,AB,16,0.1,3,0.1875,6,8317.383,519.8364375,1923.6820043035173,
4,5423,13472.366853,NB,1,1.0,1,1.0,13,106.694,106.694,9372.59827169288,
4,5424,13472.55105,RF,64,0.5,30,0.46875,2,4211.639,65.806859375,15195.98427120653,
4,5425,13476.808568,MLP,8,0.05,0,0.0,3,193.907,24.238375,41256.891190106595,
4,5426,13477.045393,DT,1,0.5,1,1.0,16,91.706,91.706,10904.41192506488,14.0
4,5427,13477.353239,SGD,64,1.0,64,1.0,16,167.961,2.624390625,381040.83686093794,
4,5428,13477.565612,MLP,32,0.0,0,0.0,10,190.576,5.9555,167912.0141046092,
4,5429,13477.817503,LoR,16,0.1,2,0.125,16,149.884,9.36775,106749.21939633318,
4,5430,13478.025315,LoR,16,0.5,7,0.4375,26,145.754,9.109625,109774.00277179357,
4,5431,13478.224197,LoR,100,0.0,0,0.0,27,211.347,2.11347,473155.521488358,
4,5432,13478.477763,LoR,32,0.0,0,0.0,29,145.222,4.5381875,220352.28822079298,
4,5433,13478.68348,AB,32,0.5,17,0.53125,9,8520.345,266.26078125,3755.716464532833,
4,5434,13487.266571,AB,16,1.0,16,1.0,26,8424.002,526.500125,1899.3347817343822,
4,5435,13495.742014,AB,1,0.0,0,0.0,27,7880.567,7880.567,126.89442269826525,2.0
4,5436,13517.150445,MLP,16,0.01,1,0.0625,17,224.298,14.018625,71333.67216827613,
4,5437,13517.442396,LoR,8,0.1,1,0.125,13,163.457,20.432125,48942.53534568725,
4,5438,13517.666552,MLP,16,0.5,10,0.625,16,179.763,11.2351875,89006.08022785556,
4,5439,13517.885619,GB,8,0.0,0,0.0,19,260.731,32.591375,30682.96443460885,
4,5440,13518.219051,SGD,64,0.05,4,0.0625,18,172.344,2.692875,371350.32261059276,
4,5441,13518.45189,NB,16,0.1,3,0.1875,19,122.174,7.635875,130960.76088202072,
4,5442,13518.63396,RF,32,0.1,7,0.21875,20,3611.998,112.8749375,8859.362602083389,
4,5443,13522.291208,MLP,16,0.0,0,0.0,23,197.179,12.3236875,81144.54379016021,
4,5444,13522.534706,AB,32,0.0,0,0.0,11,8764.581,273.89315625,3651.058732870402,
4,5445,13531.402596,GB,64,0.05,2,0.03125,16,304.989,4.765453125,209843.63370482216,
4,5446,13531.761286,GB,64,0.0,0,0.0,2,275.208,4.300125,232551.37932036858,
4,5447,13532.082383,RF,32,0.0,0,0.0,15,3411.621,106.61315625,9379.705424488828,
4,5448,13535.540534,LoR,16,1.0,16,1.0,19,190.099,11.8811875,84166.67105034746,
4,5449,13535.794619,MLP,16,0.5,7,0.4375,24,203.409,12.7130625,78659.2530320684,
4,5450,13536.054282,DT,100,0.0,0,0.0,5,103.437,1.03437,966772.044819552,
4,5451,13536.199608,AB,8,0.01,0,0.0,6,8257.652,1032.2065,968.7983945073006,
4,5452,13544.501614,LoR,16,0.0,0,0.0,8,213.657,13.3535625,74886.3833153138,
4,5453,13544.755015,NB,1,1.0,1,1.0,10,108.877,108.877,9184.676286084297,
4,5454,13544.93398,AB,16,0.5,5,0.3125,18,8408.12,525.5075,1902.922413095912,
4,5455,13553.421746,DT,64,0.01,1,0.015625,15,92.006,1.43759375,695606.8082516358,
4,5456,13553.589929,NB,100,0.05,4,0.04,5,149.549,1.49549,668677.1559823202,
4,5457,13553.779675,GB,1,0.05,0,0.0,28,247.352,247.352,4042.8215660273618,4.0
4,5458,13566.876524,RF,16,0.0,0,0.0,15,3208.798,200.549875,4986.290816685874,
4,5459,13570.145983,NB,100,1.0,100,1.0,25,154.084,1.54084,648996.6511772799,
4,5460,13570.341655,RF,1,0.5,1,1.0,15,3087.384,3087.384,323.89880882974063,11.97
4,5461,13586.440002,MLP,16,0.05,0,0.0,11,215.811,13.4881875,74138.94565151916,
4,5462,13586.734487,SGD,100,0.05,9,0.09,23,175.855,1.7585499999999998,568650.3084927924,
4,5463,13586.979034,MLP,64,0.1,12,0.1875,13,249.5,3.8984375,256513.02605210422,
4,5464,13587.303409,RF,100,0.5,57,0.57,14,4861.153,48.61153,20571.251306017315,
4,5465,13592.240969,RF,64,0.01,3,0.046875,15,3684.255,57.566484375,17371.218876000712,
4,5466,13596.006806,MLP,100,0.01,2,0.02,17,250.951,2.50951,398484.1662316548,
4,5467,13596.3614,DT,64,0.01,1,0.015625,27,132.147,2.064796875,484309.1405782954,
4,5468,13596.554839,DT,32,0.1,4,0.125,7,93.888,2.934,340831.62917518744,
4,5469,13596.687417,LoR,1,0.1,0,0.0,19,245.237,245.237,4077.688113946917,
4,5470,13597.124352,RF,32,0.0,0,0.0,20,3469.735,108.42921875,9222.606337371586,
4,5471,13600.655492,RF,1,0.05,0,0.0,8,3162.373,3162.373,316.21823232110825,20.62
4,5472,13617.065456,MLP,32,0.5,15,0.46875,13,232.399,7.26246875,137694.22415759103,
4,5473,13617.369586,DT,64,0.1,7,0.109375,16,102.51,1.60171875,624329.3337235391,
4,5474,13617.531264,AB,16,0.1,3,0.1875,19,8309.248,519.328,1925.5653459855814,
4,5475,13625.921489,GB,100,0.01,2,0.02,3,310.044,3.10044,322534.86601901666,
4,5476,13626.274549,LoR,1,0.5,0,0.0,18,166.407,166.407,6009.362586910406,
4,5477,13626.600846,NB,1,1.0,1,1.0,6,109.194,109.194,9158.012345000641,
4,5478,13626.76194,AB,32,1.0,32,1.0,9,8379.534,261.8604375,3818.8281114439064,
4,5479,13635.187732,DT,32,0.0,0,0.0,19,86.118,2.6911875,371583.17657168076,
4,5480,13635.349499,LoR,100,0.5,40,0.4,24,168.402,1.6840199999999999,593817.1755679862,
4,5481,13635.559472,GB,16,1.0,16,1.0,24,234.776,14.6735,68150.06644631478,
4,5482,13635.858868,MLP,32,0.05,2,0.0625,28,202.156,6.317375,158293.59504541047,
4,5483,13636.102578,RF,1,0.5,0,0.0,18,3089.924,3089.924,323.63255536382127,7.0
4,5484,13652.283605,GB,64,0.5,32,0.5,18,271.766,4.24634375,235496.71408491128,
4,5485,13652.625965,DT,64,0.05,4,0.0625,29,101.22,1.5815625,632286.1094645327,
4,5486,13652.766345,SGD,8,0.0,0,0.0,27,165.484,20.6855,48343.042227647384,
4,5487,13653.013683,SGD,100,0.5,47,0.47,7,169.491,1.6949100000000001,590001.8290056699,
4,5488,13653.242752,SGD,16,0.05,2,0.125,10,153.631,9.6019375,104145.64768829208,
4,5489,13653.439131,RF,32,1.0,32,1.0,29,4031.21,125.9753125,7938.063261402904,
4,5490,13657.529487,LoR,100,0.0,0,0.0,15,182.107,1.82107,549127.7106316616,
4,5491,13657.789912,DT,100,0.01,5,0.05,20,103.925,1.03925,962232.3791195574,
4,5492,13657.966229,GB,100,0.1,5,0.05,23,280.141,2.80141,356963.10072427813,
4,5493,13658.293265,SGD,32,0.01,0,0.0,9,168.082,5.2525625,190383.2653109792,
4,5494,13658.516167,MLP,100,1.0,100,1.0,0,236.561,2.36561,422723.9485798589,
4,5495,13658.8032,NB,64,0.0,0,0.0,10,134.149,2.096078125,477081.4542039076,
4,5496,13658.984902,NB,64,1.0,64,1.0,14,165.062,2.57909375,387733.09423125855,
4,5497,13659.187071,NB,1,1.0,1,1.0,23,99.301,99.301,10070.39204036213,
4,5498,13659.348496,MLP,100,0.0,0,0.0,21,232.423,2.32423,430250.0182856258,
4,5499,13659.630157,DT,32,0.0,0,0.0,29,93.118,2.9099375,343649.99248265644,
4,5500,13659.784041,DT,16,0.05,1,0.0625,0,89.293,5.5808125,179185.37847311658,
4,5501,13659.944546,NB,100,0.5,55,0.55,14,142.224,1.42224,703116.211047362,
4,5502,13660.145762,RF,32,0.1,3,0.09375,16,3296.128,103.004,9708.360840355714,
4,5503,13663.523799,MLP,100,0.01,1,0.01,24,242.074,2.4207400000000003,413096.82163305435,
4,5504,13663.814693,DT,32,0.01,0,0.0,19,95.578,2.9868125,334805.0806670991,
4,5505,13663.973511,SGD,32,0.1,3,0.09375,24,163.187,5.09959375,196094.0516095032,
4,5506,13664.179765,LoR,16,0.01,0,0.0,3,152.21,9.513125,105117.92917679521,
4,5507,13664.412532,MLP,100,0.1,6,0.06,5,225.311,2.25311,443830.9714128471,
4,5508,13664.71354,MLP,100,0.5,49,0.49,2,226.711,2.26711,441090.19853469834,
4,5509,13664.979166,RF,1,1.0,1,1.0,15,3032.424,3032.424,329.76918794997005,8.64
4,5510,13680.979822,GB,1,0.1,0,0.0,26,218.334,218.334,4580.13868659943,4.0
4,5511,13693.891052,RF,100,0.1,8,0.08,16,4142.259,41.42259,24141.416555555796,
4,5512,13698.082035,DT,32,0.0,0,0.0,9,97.789,3.05590625,327235.16959985276,
4,5513,13698.218852,RF,1,0.0,0,0.0,11,3010.739,3010.739,332.14436721349807,6.74
4,5514,13714.270532,RF,16,0.1,4,0.25,4,3356.779,209.7986875,4766.474051464216,
4,5515,13717.67384,AB,8,0.01,0,0.0,23,8686.236,1085.7795,920.99731114835,
4,5516,13726.438608,RF,8,0.5,2,0.25,2,3385.003,423.125375,2363.3657045503355,
4,5517,13729.87471,RF,32,1.0,32,1.0,7,4098.002,128.0625625,7808.68335349763,
4,5518,13734.021142,AB,8,0.1,0,0.0,21,8232.98,1029.1225,971.7016195836745,
4,5519,13742.315246,SGD,100,1.0,100,1.0,24,193.215,1.93215,517558.1605982972,
4,5520,13742.580961,RF,64,0.1,4,0.0625,15,3710.955,57.983671875,17246.234459862757,
4,5521,13746.339743,NB,32,0.0,0,0.0,8,138.235,4.31984375,231489.8542337324,
4,5522,13746.553272,SGD,100,0.5,58,0.58,9,185.126,1.8512600000000001,540172.6391754805,
4,5523,13746.803359,RF,32,0.01,1,0.03125,10,3318.533,103.70415625,9642.815063161946,
4,5524,13750.187637,SGD,16,0.1,3,0.1875,19,170.973,10.6858125,93582.02757160486,
4,5525,13750.400151,NB,1,0.1,0,0.0,11,107.162,107.162,9331.666075661147,
4,5526,13750.576243,RF,8,0.05,1,0.125,19,3160.763,395.095375,2531.0344369381696,
4,5527,13753.810297,SGD,64,0.05,6,0.09375,3,176.941,2.764703125,361702.48840008816,
4,5528,13754.062939,NB,100,0.5,54,0.54,19,145.736,1.45736,686172.2566833178,
4,5529,13754.280567,RF,100,0.1,8,0.08,6,3865.007,38.65007,25873.174356475938,
4,5530,13758.195696,LoR,32,0.01,0,0.0,5,174.315,5.44734375,183575.7106387861,
4,5531,13758.447105,SGD,100,0.5,56,0.56,11,171.234,1.7123400000000002,583996.1689851314,
4,5532,13758.67766,AB,8,0.05,1,0.125,13,8253.302,1031.66275,969.3090111085236,
4,5533,13766.982614,LoR,64,1.0,64,1.0,20,206.167,3.221359375,310427.9540372611,
4,5534,13767.228782,RF,1,0.0,0,0.0,1,3023.241,3023.241,330.7708515464033,8.77
4,5535,13783.367338,LoR,1,0.5,0,0.0,23,165.607,165.607,6038.392096952423,
4,5536,13783.731397,DT,100,0.05,6,0.06,22,105.943,1.0594299999999999,943903.7973249767,
4,5537,13783.899188,RF,32,0.05,3,0.09375,23,3517.212,109.912875,9098.115211707454,
4,5538,13787.483122,GB,16,0.1,3,0.1875,29,279.138,17.446125,57319.318759896545,
4,5539,13787.824118,MLP,8,0.5,3,0.375,4,203.787,25.473375,39256.674861497544,
4,5540,13788.092944,MLP,32,0.1,2,0.0625,22,191.789,5.99340625,166850.02789523904,
4,5541,13788.339968,GB,100,0.0,0,0.0,13,289.177,2.89177,345808.9682097815,
4,5542,13788.670936,AB,1,0.1,0,0.0,14,8000.276,8000.276,124.99568764877613,2.0
4,5543,13809.688451,RF,8,0.5,4,0.5,7,3240.89,405.11125,2468.4577384607314,
4,5544,13812.988123,SGD,100,0.0,0,0.0,25,187.732,1.87732,532674.2377431658,
4,5545,13813.218797,LoR,1,0.01,0,0.0,19,152.541,152.541,6555.614556086561,
4,5546,13813.559913,GB,64,0.5,27,0.421875,24,273.88,4.279375,233678.9834964218,
4,5547,13813.8798,NB,32,1.0,32,1.0,23,131.634,4.1135625,243098.28767643622,
4,5548,13814.050825,RF,8,0.0,0,0.0,12,3152.719,394.089875,2537.4922408245075,
4,5549,13817.248076,LoR,1,0.01,0,0.0,16,164.683,164.683,6072.272183528355,
4,5550,13817.565131,LoR,1,0.0,0,0.0,21,146.715,146.715,6815.935657567393,
4,5551,13817.865636,SGD,64,0.0,0,0.0,17,157.642,2.46315625,405983.1770721001,
4,5552,13818.08806,LoR,32,0.1,1,0.03125,28,151.13,4.7228125,211738.23860252762,
4,5553,13818.286817,RF,64,0.0,0,0.0,10,3895.231,60.862984375,16430.34777655035,
4,5554,13822.258068,MLP,1,0.05,0,0.0,20,252.094,252.094,3966.774298475965,
4,5555,13822.715807,LoR,8,0.5,2,0.25,11,167.838,20.97975,47665.01030755848,
4,5556,13822.926195,MLP,8,0.0,0,0.0,22,195.978,24.49725,40820.90846931798,
4,5557,13823.165162,NB,1,0.05,0,0.0,13,114.486,114.486,8734.692451478782,
4,5558,13823.353208,AB,32,0.1,2,0.0625,1,8422.996,263.218625,3799.12325733029,
4,5559,13831.823758,GB,16,0.05,0,0.0,18,258.628,16.16425,61864.91795165257,
4,5560,13832.145975,GB,16,0.5,6,0.375,17,226.903,14.1814375,70514.71333565445,
4,5561,13832.415405,MLP,1,0.01,0,0.0,4,173.785,173.785,5754.236556664845,
4,5562,13832.768018,GB,32,0.1,4,0.125,28,230.645,7.20765625,138741.35576318586,
4,5563,13833.039518,GB,8,0.0,0,0.0,18,214.364,26.7955,37319.69920322442,
4,5564,13833.335058,DT,100,0.05,9,0.09,8,107.848,1.0784799999999999,927230.917587716,
4,5565,13833.493244,NB,64,0.01,0,0.0,12,134.062,2.09471875,477391.0578687473,
4,5566,13833.666704,AB,1,0.05,0,0.0,16,7986.317,7986.317,125.2141631743393,2.0
4,5567,13854.594317,GB,32,1.0,32,1.0,5,245.609,7.67528125,130288.38519761083,
4,5568,13854.88054,RF,1,1.0,1,1.0,7,3186.469,3186.469,313.8269978462053,17.13
4,5569,13871.091052,SGD,1,0.5,1,1.0,10,166.406,166.406,6009.398699566122,
4,5570,13871.410776,DT,8,0.0,0,0.0,19,90.688,11.336,88214.53775582215,
4,5571,13871.545615,SGD,16,0.05,0,0.0,8,155.731,9.7331875,102741.26538710983,
4,5572,13871.778019,GB,100,0.01,2,0.02,22,268.628,2.68628,372262.01289515616,
4,5573,13872.111278,MLP,32,0.1,4,0.125,7,205.674,6.4273125,155586.0244853506,
4,5574,13872.378079,GB,8,0.1,1,0.125,12,216.667,27.083375,36923.020118430584,
4,5575,13872.66961,AB,100,0.5,55,0.55,22,8777.415,87.77415,11392.87592075799,
4,5576,13881.526842,GB,100,0.5,47,0.47,15,290.866,2.90866,343800.9255120915,
4,5577,13881.862201,DT,8,0.1,0,0.0,16,92.834,11.60425,86175.32369605963,
4,5578,13881.99615,RF,8,0.1,0,0.0,6,3104.886,388.11075,2576.584132235451,
4,5579,13885.143057,GB,1,1.0,1,1.0,12,221.261,221.261,4519.549310542753,4.0
4,5580,13898.096241,MLP,32,0.05,2,0.0625,12,197.778,6.1805625,161797.57101396515,
4,5581,13898.344111,DT,64,1.0,64,1.0,20,111.088,1.73575,576119.8329252484,
4,5582,13898.495504,RF,1,0.5,1,1.0,7,3058.782,3058.782,326.9275155928078,15.37
4,5583,13914.927014,AB,16,0.5,10,0.625,15,8319.034,519.939625,1923.3002293295112,
4,5584,13923.352043,LoR,100,0.5,56,0.56,4,198.813,1.98813,502985.21726446465,
4,5585,13923.594439,NB,32,0.0,0,0.0,7,120.191,3.75596875,266242.89672271634,
4,5586,13923.771396,DT,8,0.05,2,0.25,10,93.528,11.691,85535.88230262595,
4,5587,13923.936062,DT,100,0.1,5,0.05,6,97.741,0.97741,1023112.1023930592,
4,5588,13924.087143,AB,8,0.1,2,0.25,5,8089.66,1011.2075,988.9167159064782,
4,5589,13932.24888,AB,64,0.5,31,0.484375,3,8340.697,130.323390625,7673.219636200667,
4,5590,13940.666799,RF,100,0.1,15,0.15,10,4064.57,40.645700000000005,24602.84851780139,
4,5591,13944.799776,NB,32,0.5,17,0.53125,18,128.697,4.02178125,248646.04458534386,
4,5592,13944.968796,AB,8,0.1,0,0.0,27,8131.361,1016.420125,983.8451398234564,
4,5593,13953.166247,GB,32,0.05,1,0.03125,26,267.567,8.36146875,119596.21328489686,
4,5594,13953.494615,LoR,16,0.01,2,0.125,20,163.985,10.2490625,97569.89968594688,
4,5595,13953.701807,GB,32,1.0,32,1.0,17,232.663,7.27071875,137537.98412295897,
4,5596,13953.973504,LoR,1,1.0,1,1.0,25,154.036,154.036,6491.988885715027,
4,5597,13954.284933,DT,16,0.0,0,0.0,16,88.287,5.5179375,181227.13423267298,
4,5598,13954.413352,SGD,1,0.5,1,1.0,9,147.231,147.231,6792.047870353391,
4,5599,13954.743223,MLP,100,0.1,8,0.08,19,230.626,2.30626,433602.4559243104,
4,5600,13955.08424,LoR,100,0.05,6,0.06,16,162.378,1.6237799999999998,615846.9743438151,
4,5601,13955.284006,RF,1,1.0,1,1.0,21,2973.171,2973.171,336.34123297987236,14.85
4,5602,13971.093925,DT,32,0.01,0,0.0,12,93.425,2.91953125,342520.7385603425,
4,5603,13971.251032,NB,32,0.01,1,0.03125,4,122.055,3.81421875,262176.8874687641,
4,5604,13971.414835,SGD,32,0.0,0,0.0,24,160.84,5.02625,198955.48371051977,
4,5605,13971.616064,LoR,16,1.0,16,1.0,13,148.786,9.299125,107536.99944887287,
4,5606,13971.804827,GB,16,1.0,16,1.0,4,224.908,14.05675,71140.19954825974,
4,5607,13972.070864,SGD,1,0.05,0,0.0,0,152.634,152.634,6551.620215679338,
4,5608,13972.370196,RF,1,0.5,1,1.0,1,2978.016,2978.016,335.79403199982806,13.44
4,5609,13988.181428,RF,16,0.1,3,0.1875,7,3169.388,198.08675,5048.293235160858,
4,5610,13991.394066,NB,8,0.0,0,0.0,10,119.624,14.953,66876.21213134489,
4,5611,13991.553202,MLP,8,0.0,0,0.0,26,186.01,23.25125,43008.44040642976,
4,5612,13991.77848,SGD,1,0.0,0,0.0,25,148.004,148.004,6756.574146644686,
4,5613,13992.070382,AB,1,0.0,0,0.0,22,7836.1,7836.1,127.61450211202,2.0
4,5614,14012.658736,LoR,100,0.05,8,0.08,26,172.779,1.72779,578774.0408267209,
4,5615,14012.872588,SGD,16,1.0,16,1.0,4,152.646,9.540375,104817.68274307877,
4,5616,14013.066251,RF,8,0.05,0,0.0,26,3094.628,386.8285,2585.1249326251814,
4,5617,14016.228204,DT,32,0.1,3,0.09375,25,98.264,3.07075,325653.3420174225,
4,5618,14016.374188,DT,64,1.0,64,1.0,29,107.394,1.67803125,595936.4582751364,
4,5619,14016.519944,DT,16,0.0,0,0.0,11,86.131,5.3831875,185763.54622609745,
4,5620,14016.642939,NB,8,0.0,0,0.0,28,113.155,14.144375,70699.48301003048,
4,5621,14016.813228,SGD,16,0.5,10,0.625,1,157.934,9.870875,101308.14137551129,
4,5622,14017.010658,GB,1,0.5,0,0.0,11,214.394,214.394,4664.309635530845,4.0
4,5623,14029.646636,SGD,64,1.0,64,1.0,0,166.847,2.606984375,383584.96107211994,
4,5624,14029.877671,RF,32,0.1,1,0.03125,14,3323.122,103.8475625,9629.499007258837,
4,5625,14033.244444,RF,1,0.05,0,0.0,3,2951.506,2951.506,338.81008542757496,5.11
4,5626,14049.021793,NB,8,0.05,0,0.0,22,115.938,14.49225,69002.3978333247,
4,5627,14049.200168,NB,16,0.5,9,0.5625,11,109.986,6.874125,145473.06020766278,
4,5628,14049.361498,MLP,100,0.0,0,0.0,23,235.598,2.35598,424451.820473858,
4,5629,14049.66081,AB,32,0.05,2,0.0625,17,8335.924,260.497625,3838.8065918067387,
4,5630,14058.040526,MLP,8,0.01,0,0.0,25,174.084,21.7605,45954.82640564325,
4,5631,14058.28445,GB,64,0.5,25,0.390625,27,260.858,4.07590625,245344.21025998818,
4,5632,14058.595453,MLP,64,0.0,0,0.0,10,208.24,3.25375,307337.6872839032,
4,5633,14058.87363,MLP,64,0.05,6,0.09375,15,206.425,3.225390625,310039.9660893787,
4,5634,14059.141938,NB,16,0.1,1,0.0625,22,114.361,7.1475625,139907.8357132239,
4,5635,14059.295058,AB,16,0.0,0,0.0,26,8069.802,504.362625,1982.700442960063,
4,5636,14067.430859,SGD,32,0.1,3,0.09375,23,156.949,4.90465625,203887.88714805443,
4,5637,14067.659102,SGD,64,0.1,4,0.0625,26,156.496,2.44525,408956.1394540435,
4,5638,14067.852881,GB,1,0.0,0,0.0,9,204.431,204.431,4891.626025407105,4.0
4,5639,14080.50521,LoR,1,0.0,0,0.0,13,154.828,154.828,6458.780065621206,
4,5640,14080.813839,GB,32,0.0,0,0.0,25,223.027,6.96959375,143480.3857828873,
4,5641,14081.076151,GB,1,1.0,1,1.0,15,202.605,202.605,4935.712346684435,4.0
4,5642,14093.826635,LoR,32,0.01,1,0.03125,29,161.519,5.04746875,198119.10673047754,
4,5643,14094.028644,MLP,1,0.01,0,0.0,24,164.671,164.671,6072.714685645925,
4,5644,14094.339754,NB,1,0.1,0,0.0,29,101.286,101.286,9873.032798214956,
4,5645,14094.487829,MLP,1,0.1,0,0.0,27,160.087,160.087,6246.603409396142,
4,5646,14094.801722,GB,32,0.05,0,0.0,21,225.826,7.0570625,141702.01836812415,
4,5647,14095.10459,NB,1,0.01,0,0.0,29,106.003,106.003,9433.6952727753,
4,5648,14095.259696,DT,8,0.05,0,0.0,22,90.562,11.32025,88337.27170336344,
4,5649,14095.411206,GB,32,0.1,4,0.125,14,225.759,7.05496875,141744.0722186048,
4,5650,14095.696191,NB,16,0.1,3,0.1875,10,115.314,7.207125,138751.58263523944,
4,5651,14095.874984,LoR,64,0.1,10,0.15625,27,162.436,2.5380625,394001.3297544879,
4,5652,14096.097784,NB,32,0.05,3,0.09375,1,117.208,3.66275,273018.90655927925,
4,5653,14096.250395,SGD,1,1.0,1,1.0,27,150.073,150.073,6663.42380041713,
4,5654,14096.543622,AB,1,0.0,0,0.0,9,8284.345,8284.345,120.70960347498807,2.0
4,5655,14117.79335,RF,32,0.5,18,0.5625,9,3894.605,121.70640625,8216.494355653525,
4,5656,14121.735016,AB,1,0.05,0,0.0,2,8229.659,8229.659,121.51171755719162,2.0
4,5657,14142.934379,RF,8,1.0,8,1.0,24,3446.807,430.850875,2320.988671544418,
4,5658,14146.437884,NB,64,1.0,64,1.0,13,148.416,2.319,431220.35360068997,
4,5659,14146.646614,AB,8,0.5,5,0.625,11,8195.129,1024.391125,976.1896365511756,
4,5660,14154.8875,RF,32,0.0,0,0.0,23,3350.793,104.71228125,9549.978169346778,
4,5661,14158.28135,LoR,8,1.0,8,1.0,7,179.964,22.4955,44453.33511146674,
4,5662,14158.526198,LoR,32,0.05,2,0.0625,17,155.84,4.87,205338.80903490758,
4,5663,14158.740461,MLP,16,0.5,12,0.75,17,193.661,12.1038125,82618.59641332018,
4,5664,14158.972792,SGD,8,0.0,0,0.0,17,262.544,32.818,30471.082942287772,
4,5665,14159.310634,DT,100,0.01,1,0.01,13,100.699,1.00699,993058.520938639,
4,5666,14159.448707,DT,8,1.0,8,1.0,28,89.731,11.216375,89155.36436682976,
4,5667,14159.577493,NB,8,0.1,0,0.0,14,110.182,13.77275,72607.14091230872,
4,5668,14159.751717,NB,64,0.1,7,0.109375,18,123.65,1.93203125,517589.9716942984,
4,5669,14159.937304,LoR,64,0.1,8,0.125,7,160.327,2.505109375,399184.1673579622,
4,5670,14160.153363,AB,8,0.5,2,0.25,2,7990.7,998.8375,1001.1638529790882,
4,5671,14168.208074,SGD,16,0.05,1,0.0625,17,154.383,9.6489375,103638.35396384317,
4,5672,14168.416937,MLP,100,0.0,0,0.0,2,224.352,2.24352,445728.14149194123,
4,5673,14168.690987,LoR,64,1.0,64,1.0,5,155.006,2.42196875,412887.24307446164,
4,5674,14168.908818,GB,32,0.5,20,0.625,19,269.425,8.41953125,118771.45773406328,
4,5675,14169.220496,MLP,8,0.01,0,0.0,29,178.42,22.3025,44838.02264320144,
4,5676,14169.449309,AB,64,0.05,0,0.0,10,8327.591,130.118609375,7685.295783618575,
4,5677,14177.843108,NB,32,0.1,4,0.125,20,117.511,3.67221875,272314.9322191114,
4,5678,14177.997485,AB,1,1.0,1,1.0,12,7724.679,7724.679,129.45521749188543,2.0
4,5679,14198.809074,GB,100,0.01,1,0.01,26,319.778,3.1977800000000003,312716.94738224644,
4,5680,14199.188423,LoR,100,0.0,0,0.0,14,191.978,1.91978,520893.01899175945,
4,5681,14199.451685,DT,64,0.01,1,0.015625,0,103.309,1.614203125,619500.7211375582,
4,5682,14199.629747,LoR,100,0.1,7,0.07,4,178.242,1.78242,561034.9973631356,
4,5683,14199.881697,AB,100,0.1,8,0.08,19,8769.466,87.69466,11403.20288601381,
4,5684,14208.716989,LoR,32,0.1,4,0.125,0,155.076,4.846125,206350.43462560294,
4,5685,14208.913181,LoR,16,0.0,0,0.0,29,145.897,9.1185625,109666.40849366334,
4,5686,14209.098528,NB,16,1.0,16,1.0,9,112.51,7.031875,142209.58137054482,
4,5687,14209.277779,LoR,16,0.05,1,0.0625,27,148.161,9.2600625,107990.63181269025,
4,5688,14209.497647,LoR,100,0.5,50,0.5,8,156.119,1.56119,640537.0262428019,
4,5689,14209.701778,RF,64,0.01,0,0.0,27,3596.803,56.200046875,17793.57946487478,
4,5690,14213.344229,NB,8,0.01,0,0.0,22,119.223,14.902875,67101.14659084237,
4,5691,14213.502282,GB,8,0.0,0,0.0,10,241.843,30.230375,33079.31178491832,
4,5692,14213.793269,AB,64,1.0,64,1.0,25,8724.351,136.317984375,7335.789218017478,
4,5693,14222.606609,NB,100,0.5,46,0.46,9,150.568,1.5056800000000001,664151.7453907868,
4,5694,14222.795779,SGD,8,1.0,8,1.0,29,169.532,21.1915,47188.731330958166,
4,5695,14223.003302,MLP,1,1.0,1,1.0,20,228.016,228.016,4385.657146866886,
4,5696,14223.39202,NB,32,0.0,0,0.0,10,118.637,3.70740625,269730.3539367988,
4,5697,14223.572706,NB,32,0.05,2,0.0625,21,113.151,3.53596875,282807.9292273157,
4,5698,14223.723211,MLP,1,0.1,0,0.0,16,164.965,164.965,6061.89191646713,
4,5699,14224.069552,DT,100,0.05,7,0.07,14,103.344,1.03344,967642.0498529185,
4,5700,14224.211934,AB,16,1.0,16,1.0,18,8266.12,516.6325,1935.6118711076053,
4,5701,14232.535084,NB,100,1.0,100,1.0,26,138.925,1.38925,719812.8486593486,
4,5702,14232.748067,MLP,100,0.01,1,0.01,29,233.611,2.3361099999999997,428062.034750076,
4,5703,14233.022667,NB,1,0.05,0,0.0,3,101.577,101.577,9844.748319009224,
4,5704,14233.199337,RF,64,0.05,5,0.078125,20,3747.707,58.557921875,17077.108749429986,
4,5705,14236.993771,DT,32,1.0,32,1.0,16,105.289,3.29028125,303925.386317659,
4,5706,14237.142536,SGD,32,1.0,32,1.0,27,166.25,5.1953125,192481.2030075188,
4,5707,14237.376325,GB,32,0.05,1,0.03125,6,265.559,8.29871875,120500.52907263544,
4,5708,14237.682117,GB,8,1.0,8,1.0,20,218.072,27.259,36685.13151619649,
4,5709,14237.974406,RF,100,0.1,4,0.04,24,3906.77,39.0677,25596.592581595538,
4,5710,14241.926867,MLP,8,0.1,0,0.0,26,191.24,23.905,41832.252666806104,
4,5711,14242.161099,LoR,16,0.0,0,0.0,20,157.705,9.8565625,101455.2487238832,
4,5712,14242.36164,DT,8,1.0,8,1.0,17,91.594,11.44925,87341.96563093652,
4,5713,14242.492842,SGD,1,0.5,1,1.0,23,149.853,149.853,6673.206408947435,
4,5714,14242.793904,MLP,8,0.01,0,0.0,22,172.071,21.508875,46492.43626177566,
4,5715,14243.030058,LoR,16,0.0,0,0.0,1,175.017,10.9385625,91419.69065862174,
4,5716,14243.265916,LoR,16,0.05,1,0.0625,16,146.872,9.1795,108938.39533743667,
4,5717,14243.489352,RF,100,0.05,6,0.06,8,4058.56,40.5856,24639.28092722542,
4,5718,14247.611981,GB,8,0.5,2,0.25,9,243.354,30.41925,32873.92029718024,
4,5719,14247.930551,RF,100,0.05,4,0.04,17,3861.561,38.615610000000004,25896.263195117208,
4,5720,14251.872022,RF,100,0.01,3,0.03,12,3648.867,36.48867,27405.767324487297,
4,5721,14255.578515,SGD,100,0.0,0,0.0,18,185.898,1.8589799999999999,537929.4021452625,
4,5722,14255.814801,RF,64,0.0,0,0.0,9,3484.571,54.446421875,18366.679858151838,
4,5723,14259.344895,SGD,8,0.01,0,0.0,19,168.166,21.02075,47572.041910968925,
4,5724,14259.554876,SGD,1,0.1,0,0.0,16,151.55,151.55,6598.4823490597155,
4,5725,14259.860604,MLP,8,0.0,0,0.0,3,177.903,22.237875,44968.32543577118,
4,5726,14260.102677,GB,32,0.5,17,0.53125,1,257.539,8.04809375,124253.0257553225,
4,5727,14260.423982,LoR,32,0.5,15,0.46875,7,163.504,5.1095,195713.8663274293,
4,5728,14260.654967,SGD,64,0.1,6,0.09375,13,160.953,2.514890625,397631.6067423409,
4,5729,14260.872204,AB,8,0.1,2,0.25,9,8156.631,1019.578875,980.7970962521168,
4,5730,14269.078811,GB,64,1.0,64,1.0,29,253.962,3.96815625,252006.2056528142,
4,5731,14269.397797,DT,32,0.1,7,0.21875,26,96.375,3.01171875,332036.3164721141,
4,5732,14269.560115,SGD,64,0.1,5,0.078125,0,165.547,2.586671875,386597.1597189922,
4,5733,14269.784857,GB,16,0.01,1,0.0625,21,215.415,13.4634375,74275.23617204002,
4,5734,14270.056114,AB,100,0.01,0,0.0,5,9333.284,93.33283999999999,10714.342347238122,
4,5735,14279.498307,MLP,32,0.1,2,0.0625,18,217.325,6.79140625,147244.90969745774,
4,5736,14279.793643,GB,100,0.5,49,0.49,22,322.332,3.2233199999999997,310239.1323231947,
4,5737,14280.180897,NB,32,0.1,4,0.125,11,131.19,4.0996875,243921.03056635414,
4,5738,14280.371445,GB,32,0.1,3,0.09375,17,242.23,7.5696875,132105.849812162,
4,5739,14280.688802,AB,100,0.1,10,0.1,25,9269.82,92.6982,10787.695985466817,
4,5740,14290.031437,MLP,32,0.1,3,0.09375,3,211.854,6.6204375,151047.41944924335,
4,5741,14290.284388,DT,1,1.0,1,1.0,15,87.795,87.795,11390.17028304573,7.0
4,5742,14290.621317,RF,100,0.1,13,0.13,11,4075.648,40.75648,24535.975628906126,
4,5743,14294.745337,AB,16,0.01,0,0.0,15,8337.689,521.1055625,1918.9969786591944,
4,5744,14303.151399,NB,32,0.5,14,0.4375,29,126.19,3.9434375,253585.8625881607,
4,5745,14303.352304,LoR,100,0.1,12,0.12,13,183.318,1.83318,545500.1691050524,
4,5746,14303.60542,GB,64,0.1,7,0.109375,13,291.053,4.547703125,219891.22256083944,
4,5747,14303.941758,MLP,32,1.0,32,1.0,5,206.239,6.44496875,155159.7903403333,
4,5748,14304.226695,DT,100,0.05,9,0.09,24,105.896,1.05896,944322.7317367983,
4,5749,14304.390473,MLP,8,0.1,2,0.25,3,180.733,22.591625,44264.190822926634,
4,5750,14304.610693,RF,8,0.0,0,0.0,0,3212.862,401.60775,2489.991789252075,
4,5751,14307.865914,AB,1,1.0,1,1.0,5,7965.406,7965.406,125.54287879362333,2.0
4,5752,14328.741354,NB,1,0.01,0,0.0,5,110.981,110.981,9010.551355637452,
4,5753,14328.91632,MLP,100,0.0,0,0.0,25,238.865,2.38865,418646.5158143721,
4,5754,14329.201029,GB,32,0.0,0,0.0,29,253.549,7.92340625,126208.34631570229,
4,5755,14329.50214,NB,32,0.01,0,0.0,27,123.703,3.86571875,258684.10628683216,
4,5756,14329.666857,LoR,8,0.01,0,0.0,23,160.992,20.124,49691.91015702644,
4,5757,14329.895112,GB,32,0.01,1,0.03125,9,231.387,7.23084375,138296.4470778393,
4,5758,14330.190494,LoR,32,0.1,5,0.15625,5,162.6,5.08125,196801.9680196802,
4,5759,14330.427763,DT,100,0.5,45,0.45,11,113.092,1.13092,884235.8433841474,
4,5760,14330.607095,RF,64,0.1,3,0.046875,19,3725.931,58.217671875,17176.91497775992,
4,5761,14334.38034,NB,16,0.05,0,0.0,24,124.685,7.7928125,128323.37490476,
4,5762,14334.546934,DT,8,0.01,0,0.0,26,92.737,11.592125,86265.4603879789,
4,5763,14334.680008,NB,16,1.0,16,1.0,26,113.716,7.10725,140701.3964613599,
4,5764,14334.833168,MLP,16,1.0,16,1.0,12,194.624,12.164,82209.79940808944,
4,5765,14335.070229,SGD,1,0.1,0,0.0,5,153.727,153.727,6505.038152048762,
4,5766,14335.418543,NB,100,0.5,46,0.46,16,142.24,1.4224,703037.120359955,
4,5767,14335.621163,MLP,32,0.1,5,0.15625,6,195.948,6.123375,163308.6329026068,
4,5768,14335.861312,NB,32,0.0,0,0.0,17,118.038,3.6886875,271099.1375658686,
4,5769,14336.018853,GB,16,1.0,16,1.0,7,228.571,14.2856875,70000.1312502461,
4,5770,14336.311929,LoR,32,0.5,18,0.5625,20,162.891,5.09034375,196450.38706865328,
4,5771,14336.516124,NB,16,1.0,16,1.0,10,113.12,7.07,141442.71570014145,
4,5772,14336.669094,NB,1,1.0,1,1.0,14,98.832,98.832,10118.180346446496,
4,5773,14336.843301,NB,64,0.1,9,0.140625,19,125.971,1.968296875,508053.44087131164,
4,5774,14337.023943,RF,8,0.1,2,0.25,0,3231.752,403.969,2475.437471687184,
4,5775,14340.300275,AB,1,0.1,0,0.0,8,7951.421,7951.421,125.76368425216072,2.0
4,5776,14361.131123,MLP,32,0.05,2,0.0625,4,205.543,6.42321875,155685.18509508958,
4,5777,14361.400718,MLP,32,0.5,16,0.5,11,191.117,5.97240625,167436.70107839702,
4,5778,14361.646307,LoR,100,1.0,100,1.0,9,165.441,1.65441,604445.0891858729,
4,5779,14361.860021,SGD,64,1.0,64,1.0,5,158.033,2.469265625,404978.7069789222,
4,5780,14362.056848,SGD,1,0.0,0,0.0,23,144.842,144.842,6904.07478493807,
4,5781,14362.355429,LoR,1,0.05,0,0.0,29,141.471,141.471,7068.586494758643,
4,5782,14362.639337,NB,8,0.0,0,0.0,4,110.265,13.783125,72552.48718995148,
4,5783,14362.811721,MLP,32,0.5,15,0.46875,7,187.989,5.87465625,170222.72579778603,
4,5784,14363.079238,GB,100,0.1,10,0.1,26,283.804,2.83804,352355.8512212654,
4,5785,14363.428094,SGD,32,0.01,1,0.03125,11,165.676,5.177375,193148.07214080496,
4,5786,14363.637222,GB,16,0.01,0,0.0,13,223.176,13.9485,71692.29666272359,
4,5787,14363.90487,NB,16,0.01,0,0.0,1,118.593,7.4120625,134915.2142200636,
4,5788,14364.083201,GB,16,0.05,1,0.0625,3,224.15,14.009375,71380.77180459513,
4,5789,14364.348667,RF,1,0.5,1,1.0,6,3054.657,3054.657,327.3689975666662,22.26
4,5790,14380.490854,DT,32,0.1,2,0.0625,16,93.559,2.92371875,342030.1627849806,
4,5791,14380.62296,AB,1,0.0,0,0.0,25,7950.122,7950.122,125.78423324824449,2.0
4,5792,14401.676388,RF,8,0.01,1,0.125,16,3413.48,426.685,2343.6492963192986,
4,5793,14405.164858,NB,16,1.0,16,1.0,3,192.551,12.0344375,83094.86837253507,
4,5794,14405.40681,SGD,8,0.01,0,0.0,27,196.554,24.56925,40701.28310794998,
4,5795,14405.665633,RF,8,0.01,1,0.125,10,3375.209,421.901125,2370.2235920797793,
4,5796,14409.152566,DT,64,0.05,7,0.109375,27,161.583,2.524734375,396081.2709257781,
4,5797,14409.396784,RF,64,1.0,64,1.0,27,4832.484,75.5075625,13243.706549261207,
4,5798,14414.315654,DT,16,0.5,10,0.625,28,178.83,11.176875,89470.44679304367,
4,5799,14414.537913,RF,16,1.0,16,1.0,27,3824.524,239.03275,4183.527152660044,
4,5800,14418.427904,LoR,1,0.05,0,0.0,25,207.923,207.923,4809.472737503787,
4,5801,14418.802937,AB,1,0.01,0,0.0,20,7947.594,7947.594,125.82424316088617,2.0
4,5802,14440.04779,GB,8,1.0,8,1.0,13,291.282,36.41025,27464.79356774535,
4,5803,14440.411612,AB,16,0.05,1,0.0625,26,8768.098,548.006125,1824.7971224774176,
4,5804,14449.281867,NB,32,0.05,1,0.03125,20,138.294,4.3216875,231391.09433525676,
4,5805,14449.462625,SGD,8,1.0,8,1.0,4,186.522,23.31525,42890.382903893376,
4,5806,14449.695313,DT,32,0.0,0,0.0,1,106.203,3.31884375,301309.75584493845,
4,5807,14449.85313,RF,64,0.0,0,0.0,14,3780.839,59.075609375,16927.459751658294,
4,5808,14453.737571,DT,8,0.1,2,0.25,25,138.582,17.32275,57727.554805097345,
4,5809,14453.932702,LoR,64,0.01,0,0.0,17,203.564,3.1806875,314397.43766088306,
4,5810,14454.179647,MLP,8,0.05,0,0.0,0,202.046,25.25575,39594.94372568623,
4,5811,14454.433359,GB,64,0.0,0,0.0,10,303.066,4.73540625,211175.12357044342,
4,5812,14454.800091,NB,16,0.5,7,0.4375,3,130.083,8.1301875,122998.39333348708,
4,5813,14454.988559,SGD,100,0.01,0,0.0,16,199.566,1.99566,501087.3595702675,
4,5814,14455.257787,DT,64,0.01,1,0.015625,1,100.401,1.568765625,637443.850160855,
4,5815,14455.400098,LoR,32,1.0,32,1.0,0,158.833,4.96353125,201469.46793172703,
4,5816,14455.605101,RF,32,0.01,0,0.0,5,3504.086,109.5026875,9132.195956377784,
4,5817,14459.154037,MLP,16,0.0,0,0.0,17,195.256,12.2035,81943.70467488836,
4,5818,14459.426473,SGD,100,0.05,4,0.04,11,172.486,1.7248599999999998,579757.1976856093,
4,5819,14459.673471,LoR,100,0.5,44,0.44,17,166.852,1.66852,599333.5411022942,
4,5820,14459.908318,MLP,64,0.1,7,0.109375,9,202.088,3.157625,316693.71758837736,
4,5821,14460.170779,NB,16,0.5,9,0.5625,5,112.678,7.042375,141997.55054225316,
4,5822,14460.340306,AB,16,0.1,2,0.125,13,8343.77,521.485625,1917.5983997641354,
4,5823,14468.726887,LoR,1,0.5,0,0.0,7,147.53,147.53,6778.282383244086,
4,5824,14469.063881,AB,100,0.05,5,0.05,20,8759.875,87.59875,11415.688009246707,
4,5825,14477.866607,NB,16,0.0,0,0.0,5,112.54,7.03375,142171.67229429536,
4,5826,14478.026614,AB,64,0.0,0,0.0,14,8359.195,130.612421875,7656.239625944843,
4,5827,14486.43005,DT,8,0.01,0,0.0,29,80.648,10.081,99196.50828290844,
4,5828,14486.57814,GB,64,0.1,6,0.09375,3,298.06,4.6571875,214721.8680802523,
4,5829,14486.94476,DT,64,0.5,28,0.4375,28,156.985,2.452890625,407682.26263655757,
4,5830,14487.153997,NB,100,0.0,0,0.0,4,146.685,1.46685,681732.9651975321,
4,5831,14487.3643,MLP,32,0.1,1,0.03125,21,196.428,6.138375,162909.56482782494,
4,5832,14487.600166,RF,8,1.0,8,1.0,18,3896.884,487.1105,2052.922283547573,
4,5833,14491.635481,LoR,100,0.01,3,0.03,20,224.365,2.24365,445702.3154235286,
4,5834,14491.90587,MLP,8,0.1,0,0.0,10,197.839,24.729875,40436.92093065574,
4,5835,14492.151182,NB,32,1.0,32,1.0,21,129.24,4.03875,247601.3618074899,
4,5836,14492.321405,RF,1,0.1,0,0.0,11,3121.276,3121.276,320.3817925745753,7.0
4,5837,14508.585358,LoR,8,0.05,0,0.0,21,164.528,20.566,48623.942429252165,
4,5838,14508.821283,GB,64,0.5,30,0.46875,14,300.754,4.69928125,212798.4997705766,
4,5839,14509.163948,RF,8,0.0,0,0.0,6,3476.488,434.561,2301.172907831122,
4,5840,14512.735344,SGD,100,0.1,10,0.1,14,219.72,2.1972,455124.7041689423,
4,5841,14513.014028,NB,8,0.1,0,0.0,26,141.486,17.68575,56542.69680392407,
4,5842,14513.197472,LoR,1,0.1,0,0.0,11,192.341,192.341,5199.099515963835,
4,5843,14513.578652,GB,32,0.1,1,0.03125,8,283.735,8.86671875,112781.29240312263,
4,5844,14513.940977,MLP,100,0.1,12,0.12,26,261.201,2.61201,382846.9263134521,
4,5845,14514.254421,LoR,64,0.0,0,0.0,14,166.372,2.5995625,384680.114442334,
4,5846,14514.465279,SGD,16,0.05,0,0.0,26,156.927,9.8079375,101958.23535784155,
4,5847,14514.687377,AB,8,0.5,6,0.75,6,8239.889,1029.986125,970.8868651021878,
4,5848,14522.96971,LoR,8,1.0,8,1.0,12,183.533,22.941625,43588.89137103409,
4,5849,14523.195168,GB,1,0.05,0,0.0,16,222.126,222.126,4501.949344065981,4.0
4,5850,14536.722438,SGD,64,1.0,64,1.0,18,201.853,3.153953125,317062.41670918936,
4,5851,14536.969025,GB,8,1.0,8,1.0,18,251.168,31.396,31851.19123455217,
4,5852,14537.26048,AB,1,1.0,1,1.0,9,8001.073,8001.073,124.98323662338788,2.0
4,5853,14558.280228,LoR,32,0.1,3,0.09375,4,178.151,5.56721875,179622.9041655674,
4,5854,14558.518874,GB,8,0.01,1,0.125,9,236.573,29.571625,33816.20049625274,
4,5855,14558.798758,NB,8,0.01,0,0.0,3,121.968,15.246,65590.97468188377,
4,5856,14558.989073,RF,64,0.5,30,0.46875,17,4346.519,67.914359375,14724.426604370072,
4,5857,14563.400697,SGD,8,0.1,2,0.25,20,173.25,21.65625,46176.04617604618,
4,5858,14563.61789,NB,32,1.0,32,1.0,26,123.62,3.863125,258857.79000161786,
4,5859,14563.782091,DT,1,0.1,0,0.0,26,91.062,91.062,10981.529068107444,7.0
4,5860,14564.073588,AB,32,0.01,0,0.0,23,8358.97,261.2178125,3828.222855208238,
4,5861,14572.50713,GB,64,0.05,2,0.03125,8,259.539,4.055296875,246591.0710914352,
4,5862,14572.83202,MLP,32,0.05,2,0.0625,5,220.379,6.88684375,145204.39787820075,
4,5863,14573.112865,NB,8,0.5,7,0.875,28,114.984,14.373,69574.89737702637,
4,5864,14573.274104,MLP,64,1.0,64,1.0,1,210.453,3.288328125,304105.9048813749,
4,5865,14573.52669,NB,1,0.5,0,0.0,19,103.622,103.622,9650.460326957596,
4,5866,14573.697432,RF,8,0.5,3,0.375,27,3298.598,412.32475,2425.272797715878,
4,5867,14577.042618,LoR,8,0.05,0,0.0,6,169.371,21.171375,47233.58780428763,
4,5868,14577.257237,RF,32,0.0,0,0.0,13,3202.3,100.071875,9992.817662305217,
4,5869,14580.504018,GB,8,1.0,8,1.0,21,241.026,30.12825,33191.43992764266,
4,5870,14580.814705,MLP,32,0.5,14,0.4375,22,203.021,6.34440625,157619.162549687,
4,5871,14581.096104,DT,100,0.1,6,0.06,21,106.861,1.06861,935795.0983052751,
4,5872,14581.279494,MLP,100,0.01,1,0.01,1,230.185,2.30185,434433.1733171145,
4,5873,14581.55403,GB,32,0.0,0,0.0,2,234.838,7.3386875,136264.14805099685,
4,5874,14581.830705,LoR,16,1.0,16,1.0,23,161.81,10.113125,98881.40411593845,
4,5875,14582.033617,GB,1,0.5,1,1.0,9,206.343,206.343,4846.299607934362,4.0
4,5876,14594.931864,NB,8,0.0,0,0.0,12,155.641,19.455125,51400.33795722207,
4,5877,14595.130444,MLP,8,0.0,0,0.0,11,183.294,22.91175,43645.72762883673,
4,5878,14595.35429,GB,8,1.0,8,1.0,17,217.958,27.24475,36704.319180759594,
4,5879,14595.641558,SGD,64,0.1,4,0.0625,7,169.452,2.6476875,377688.07685952366,
4,5880,14595.871147,AB,16,0.05,2,0.125,17,8760.468,547.52925,1826.3864441945339,
4,5881,14604.709436,RF,16,0.5,6,0.375,23,3535.984,220.999,4524.907352521957,
4,5882,14608.290875,NB,8,0.0,0,0.0,20,130.181,16.272625,61452.90019280847,
4,5883,14608.493015,DT,64,0.05,2,0.03125,17,103.085,1.610703125,620846.8739389824,
4,5884,14608.634476,LoR,8,0.0,0,0.0,2,176.656,22.082,45285.753102074086,
4,5885,14608.885777,RF,100,0.05,2,0.02,0,3678.433,36.78433,27185.489038403037,
4,5886,14612.638142,SGD,64,0.1,5,0.078125,2,182.795,2.856171875,350118.9857490632,
4,5887,14612.902275,DT,100,0.1,8,0.08,11,108.35,1.0835,922934.9330872174,
4,5888,14613.086011,SGD,100,0.1,7,0.07,3,173.893,1.73893,575066.2763883538,
4,5889,14613.305137,GB,8,0.05,0,0.0,10,258.97,32.37125,30891.60906668726,
4,5890,14613.604863,MLP,8,1.0,8,1.0,13,198.292,24.7865,40344.54239202792,
4,5891,14613.874312,RF,64,0.5,37,0.578125,26,4332.611,67.697046875,14771.693096841605,
4,5892,14618.255441,NB,32,1.0,32,1.0,15,133.721,4.17878125,239304.22297170974,
4,5893,14618.428875,MLP,8,1.0,8,1.0,29,191.993,23.999125,41668.18581927466,
4,5894,14618.6634,GB,1,0.1,0,0.0,1,238.709,238.709,4189.201077462517,4.0
4,5895,14631.784523,MLP,16,1.0,16,1.0,6,190.561,11.9100625,83962.61564538389,
4,5896,14632.0236,SGD,32,0.01,0,0.0,29,160.25,5.0078125,199687.98751950078,
4,5897,14632.246329,DT,16,0.05,1,0.0625,23,92.381,5.7738125,173195.78701248093,
4,5898,14632.399481,DT,32,0.5,13,0.40625,22,93.931,2.93534375,340675.60230381874,
4,5899,14632.547822,AB,8,0.5,2,0.25,9,8239.824,1029.978,970.8945239607059,
4,5900,14640.833862,MLP,16,0.1,0,0.0,5,181.808,11.363,88004.92827598346,
4,5901,14641.082046,NB,32,0.05,1,0.03125,11,119.822,3.7444375,267062.80983458797,
4,5902,14641.243221,DT,8,0.05,0,0.0,20,89.151,11.143875,89735.3927605972,
4,5903,14641.390307,RF,8,0.1,1,0.125,23,3202.233,400.279125,2498.2566852568193,
4,5904,14644.673754,GB,100,0.01,2,0.02,29,328.502,3.2850200000000003,304412.14969771873,
4,5905,14645.060326,DT,100,1.0,100,1.0,15,123.692,1.23692,808459.7225366232,
4,5906,14645.225995,GB,1,0.5,1,1.0,16,215.604,215.604,4638.132873230552,4.0
4,5907,14658.26837,AB,8,0.0,0,0.0,6,8161.177,1020.147125,980.2507653001522,
4,5908,14666.494701,AB,16,0.1,2,0.125,24,8118.77,507.423125,1970.7418734611276,
4,5909,14674.687115,DT,64,0.1,9,0.140625,15,92.342,1.44284375,693075.7401832319,
4,5910,14674.82534,RF,32,0.01,0,0.0,6,3307.316,103.353625,9675.519363737847,
4,5911,14678.177195,SGD,16,0.0,0,0.0,24,175.921,10.9950625,90949.91501867316,
4,5912,14678.424721,NB,64,0.5,35,0.546875,21,134.767,2.105734375,474893.7054323388,
4,5913,14678.601624,GB,16,0.1,0,0.0,6,231.59,14.474375,69087.61172762209,
4,5914,14678.883246,MLP,64,0.0,0,0.0,16,229.932,3.5926875,278343.162326253,
4,5915,14679.189979,NB,100,0.1,14,0.14,28,144.582,1.4458199999999999,691649.0296164114,
4,5916,14679.376757,RF,32,1.0,32,1.0,0,3968.863,124.02696875,8062.762559453426,
4,5917,14683.393974,MLP,32,0.0,0,0.0,25,210.754,6.5860625,151835.78959355457,
4,5918,14683.677627,LoR,64,0.01,1,0.015625,3,169.411,2.647046875,377779.48303238867,
4,5919,14683.9087,GB,16,0.05,3,0.1875,6,233.109,14.5693125,68637.41854668845,
4,5920,14684.21722,DT,100,0.05,5,0.05,6,104.388,1.0438800000000001,957964.5169942905,
4,5921,14684.362681,MLP,8,0.05,0,0.0,24,184.289,23.036125,43410.07873503031,
4,5922,14684.616568,RF,64,0.5,29,0.453125,0,4211.448,65.803875,15196.673448182191,
4,5923,14688.889808,GB,100,1.0,100,1.0,10,307.591,3.07591,325107.0414934117,
4,5924,14689.275901,SGD,100,0.5,52,0.52,18,185.075,1.85075,540321.491287316,
4,5925,14689.502153,RF,1,0.1,0,0.0,19,3076.205,3076.205,325.07586457989635,8.92
4,5926,14705.656399,GB,100,0.1,9,0.09,7,289.77,2.8977,345101.2872278014,
4,5927,14706.017994,AB,64,0.05,6,0.09375,8,8593.061,134.266578125,7447.869856853105,
4,5928,14714.665437,GB,64,0.01,0,0.0,7,243.021,3.797203125,263351.72680550243,
4,5929,14714.951297,LoR,1,0.05,0,0.0,5,199.484,199.484,5012.933368089671,
4,5930,14715.307954,MLP,1,0.5,0,0.0,2,168.609,168.609,5930.881506918373,
4,5931,14715.647581,SGD,32,0.01,1,0.03125,20,157.323,4.91634375,203403.18961626716,
4,5932,14715.863789,RF,8,0.5,1,0.125,6,3043.639,380.454875,2628.4326097805947,
4,5933,14718.952166,LoR,1,0.5,1,1.0,8,200.889,200.889,4977.873352946154,
4,5934,14719.30686,MLP,8,0.01,0,0.0,17,179.957,22.494625,44455.06426535228,
4,5935,14719.565201,GB,100,0.05,5,0.05,25,273.868,2.73868,365139.41022682464,
4,5936,14719.900222,DT,8,0.05,2,0.25,24,95.19,11.89875,84042.44143292363,
4,5937,14720.041752,MLP,64,1.0,64,1.0,6,215.876,3.3730625,296466.4900220497,
4,5938,14720.327604,DT,64,0.5,29,0.453125,18,106.566,1.66509375,600566.7849032524,
4,5939,14720.473989,AB,1,0.1,0,0.0,27,8401.994,8401.994,119.01936611713838,2.0
4,5940,14741.84625,RF,16,0.0,0,0.0,10,3230.698,201.918625,4952.490142996962,
4,5941,14745.123466,SGD,8,1.0,8,1.0,12,184.825,23.103125,43284.187745164345,
4,5942,14745.349714,NB,8,1.0,8,1.0,21,121.164,15.1455,66026.21240632531,
4,5943,14745.542153,NB,64,0.5,32,0.5,24,129.613,2.025203125,493777.63033029094,
4,5944,14745.708084,LoR,1,0.0,0,0.0,0,155.783,155.783,6419.1856621069055,
4,5945,14746.028711,GB,32,1.0,32,1.0,8,272.01,8.5003125,117642.7337230249,
4,5946,14746.372752,SGD,64,0.05,3,0.046875,28,170.999,2.671859375,374271.1945683893,
4,5947,14746.585331,NB,16,0.0,0,0.0,8,114.245,7.1403125,140049.89277430085,
4,5948,14746.766881,SGD,64,0.1,7,0.109375,14,164.307,2.567296875,389514.7498280658,
4,5949,14746.974425,SGD,32,0.0,0,0.0,29,187.825,5.86953125,170371.35631571943,
4,5950,14747.201882,AB,8,1.0,8,1.0,21,8263.496,1032.937,968.113253760878,
4,5951,14755.539389,LoR,64,0.1,1,0.015625,11,162.742,2.54284375,393260.4982118937,
4,5952,14755.746491,SGD,32,0.0,0,0.0,16,154.731,4.83534375,206810.52924107,
4,5953,14755.941941,GB,1,0.05,0,0.0,7,218.907,218.907,4568.149944953793,4.0
4,5954,14768.992479,NB,8,0.1,1,0.125,18,116.971,14.621375,68393.02049225876,
4,5955,14769.151916,DT,16,0.01,0,0.0,24,94.66,5.91625,169025.9877456159,
4,5956,14769.30074,MLP,100,1.0,100,1.0,24,250.633,2.50633,398989.75793291384,
4,5957,14769.597553,AB,1,0.01,0,0.0,23,7899.317,7899.317,126.59322318625775,2.0
4,5958,14790.480857,GB,100,0.1,12,0.12,27,279.812,2.79812,357382.8141752319,
4,5959,14790.838039,GB,100,0.1,8,0.08,9,276.48,2.7648,361689.8148148148,
4,5960,14791.179068,DT,32,0.05,1,0.03125,28,96.541,3.01690625,331465.3877627122,
4,5961,14791.31698,LoR,16,0.1,0,0.0,21,161.54,10.09625,99046.67574594528,
4,5962,14791.541285,NB,32,0.05,1,0.03125,13,122.562,3.8300625,261092.34509880713,
4,5963,14791.702147,NB,16,0.0,0,0.0,18,109.577,6.8485625,146016.04351278098,
4,5964,14791.850573,NB,8,0.05,0,0.0,24,104.868,13.1085,76286.37906701758,
4,5965,14791.991169,RF,8,1.0,8,1.0,7,3406.606,425.82575,2348.3784153494707,
4,5966,14795.442263,AB,1,0.01,0,0.0,5,7966.884,7966.884,125.51958833591652,2.0
4,5967,14816.382463,NB,64,0.1,1,0.015625,10,137.843,2.153796875,464296.3371371778,
4,5968,14816.594248,SGD,100,0.01,1,0.01,25,180.163,1.80163,555052.9242963316,
4,5969,14816.818132,MLP,16,0.01,0,0.0,27,189.146,11.821625,84590.73942880104,
4,5970,14817.058216,RF,64,1.0,64,1.0,17,4653.661,72.713453125,13752.613265126101,
4,5971,14821.759106,GB,8,0.01,0,0.0,20,245.774,30.72175,32550.229072237096,
4,5972,14822.06301,SGD,100,0.0,0,0.0,6,178.009,1.78009,561769.348740794,
4,5973,14822.284354,DT,8,0.1,0,0.0,9,90.354,11.29425,88540.62908116962,
4,5974,14822.441951,DT,64,0.05,4,0.0625,19,96.165,1.502578125,665522.7993552748,
4,5975,14822.574868,SGD,1,0.0,0,0.0,1,154.405,154.405,6476.474207441469,
4,5976,14822.921131,NB,16,0.5,5,0.3125,25,124.684,7.79275,128324.4040935485,
4,5977,14823.101021,GB,16,0.1,0,0.0,2,259.491,16.2181875,61659.171223664795,
4,5978,14823.402,AB,1,0.01,0,0.0,16,8348.853,8348.853,119.77693223248751,2.0
4,5979,14844.78677,GB,16,0.1,0,0.0,22,263.767,16.4854375,60659.59729609845,
4,5980,14845.136114,DT,100,0.5,46,0.46,21,119.35,1.1935,837871.8056137412,
4,5981,14845.314843,SGD,8,0.5,5,0.625,8,180.044,22.5055,44433.5829019573,
4,5982,14845.56929,SGD,100,0.05,2,0.02,15,170.834,1.70834,585363.5693129002,
4,5983,14845.783354,LoR,16,0.01,0,0.0,6,152.185,9.5115625,105135.19729276867,
4,5984,14846.009182,DT,100,0.5,44,0.44,4,108.989,1.08989,917523.7868041729,
4,5985,14846.184051,LoR,64,0.5,34,0.53125,23,160.44,2.506875,398903.0167040638,
4,5986,14846.401172,MLP,8,0.5,4,0.5,13,189.223,23.652875,42278.158574803274,
4,5987,14846.660847,RF,64,0.5,28,0.4375,27,4280.709,66.886078125,14950.79436607347,
4,5988,14851.001624,NB,100,0.0,0,0.0,16,200.339,2.00339,499153.9340817315,
4,5989,14851.263133,MLP,16,0.1,1,0.0625,10,195.025,12.1890625,82040.76400461479,
4,5990,14851.500151,RF,1,0.1,0,0.0,0,3062.396,3062.396,326.5417013345106,6.95
4,5991,14867.673565,NB,16,0.0,0,0.0,19,121.609,7.6005625,131569.20951574307,
4,5992,14867.859779,LoR,32,0.01,1,0.03125,22,164.667,5.14584375,194331.59042188173,
4,5993,14868.068115,RF,32,1.0,32,1.0,10,3961.712,123.8035,8077.316069416454,
4,5994,14872.074135,LoR,8,0.0,0,0.0,9,169.287,21.160875,47257.025052130404,
4,5995,14872.316171,GB,64,0.05,1,0.015625,3,290.829,4.544203125,220060.58542992617,
4,5996,14872.649582,SGD,1,0.5,0,0.0,25,162.271,162.271,6162.530581558011,
4,5997,14872.982521,RF,64,0.0,0,0.0,28,3534.499,55.226546875,18107.23386822291,
4,5998,14876.599763,MLP,100,0.05,5,0.05,6,253.494,2.53494,394486.6545164777,
4,5999,14876.925074,SGD,64,0.1,6,0.09375,19,168.076,2.6261875,380780.12327756494,
4,6000,14877.168808,RF,100,0.1,3,0.03,1,3953.684,39.536840000000005,25292.86609653174,
4,6001,14881.168839,SGD,8,0.01,0,0.0,13,169.792,21.224,47116.471918582734,
4,6002,14881.409255,DT,64,0.1,8,0.125,4,103.749,1.621078125,616873.4156473797,
4,6003,14881.552043,GB,8,0.0,0,0.0,22,240.588,30.0735,33251.8662609939,
4,6004,14881.837386,NB,16,0.05,0,0.0,27,121.724,7.60775,131444.90815287043,
4,6005,14881.998989,NB,1,0.01,0,0.0,20,101.167,101.167,9884.64617909002,
4,6006,14882.149047,NB,16,1.0,16,1.0,7,110.03,6.876875,145414.88684904116,
4,6007,14882.302422,RF,8,0.01,0,0.0,4,3044.902,380.61275,2627.342357816442,
4,6008,14885.389987,DT,1,0.0,0,0.0,19,94.305,94.305,10603.891628227559,7.0
4,6009,14885.701341,DT,64,0.0,0,0.0,3,99.763,1.558796875,641520.4033559536,
4,6010,14885.840797,GB,8,0.0,0,0.0,21,229.051,28.631375,34926.71937690733,
4,6011,14886.114987,DT,32,1.0,32,1.0,11,100.103,3.12821875,319670.73913868715,
4,6012,14886.289328,DT,100,0.05,8,0.08,29,98.772,0.98772,1012432.6732272303,
4,6013,14886.431675,GB,32,0.01,0,0.0,15,230.101,7.19065625,139069.36519180707,
4,6014,14886.725365,GB,32,0.5,14,0.4375,12,238.051,7.43909375,134424.97616057063,
4,6015,14887.008163,NB,1,0.5,1,1.0,0,109.956,109.956,9094.54690967296,
4,6016,14887.189917,MLP,32,0.1,2,0.0625,23,206.658,6.4580625,154845.20318594007,
4,6017,14887.441471,RF,16,0.05,0,0.0,23,3106.446,194.152875,5150.58043822426,
4,6018,14890.627594,NB,100,0.1,8,0.08,0,149.757,1.49757,667748.4191056178,
4,6019,14890.816051,SGD,8,0.0,0,0.0,18,161.104,20.138,49657.36418710894,
4,6020,14891.040372,MLP,8,0.01,0,0.0,6,189.396,23.6745,42239.54043380008,
4,6021,14891.290392,RF,8,0.05,1,0.125,14,3055.139,381.892375,2618.5387964344663,
4,6022,14894.410343,LoR,16,0.5,4,0.25,27,167.848,10.4905,95324.34107049234,
4,6023,14894.64721,DT,64,0.5,34,0.53125,20,103.833,1.622390625,616374.3703832115,
4,6024,14894.822348,SGD,100,0.5,48,0.48,8,170.288,1.7028800000000002,587240.4397256413,
4,6025,14895.056885,MLP,8,0.0,0,0.0,16,199.386,24.92325,40123.17815694181,
4,6026,14895.304588,LoR,64,1.0,64,1.0,17,155.631,2.431734375,411229.12530279957,
4,6027,14895.522597,GB,8,0.1,1,0.125,13,216.767,27.095875,36905.98661235336,
4,6028,14895.807053,GB,64,0.5,33,0.515625,6,255.453,3.991453125,250535.32352330958,
4,6029,14896.117021,MLP,100,0.0,0,0.0,11,231.415,2.3141499999999997,432124.10604325566,
4,6030,14896.427157,LoR,64,0.1,3,0.046875,25,162.929,2.545765625,392809.13772256626,
4,6031,14896.632168,LoR,16,0.01,0,0.0,16,147.006,9.187875,108839.09500292505,
4,6032,14896.845194,SGD,64,0.5,36,0.5625,9,162.65,2.54140625,393482.9388256993,
4,6033,14897.046919,DT,16,1.0,16,1.0,15,91.429,5.7143125,174999.1796913452,
4,6034,14897.179377,MLP,32,1.0,32,1.0,10,185.644,5.801375,172372.928831527,
4,6035,14897.419287,DT,100,1.0,100,1.0,16,111.906,1.1190600000000002,893607.1345593623,
4,6036,14897.573564,GB,16,0.01,0,0.0,2,217.739,13.6086875,73482.47213406877,
4,6037,14897.831795,AB,1,0.05,0,0.0,26,7889.717,7889.717,126.74725848848571,2.0
4,6038,14919.179292,GB,32,0.05,2,0.0625,5,269.72,8.42875,118641.55420436006,
4,6039,14919.512307,RF,16,0.1,1,0.0625,1,3290.947,205.6841875,4861.82244806738,
4,6040,14922.848552,DT,8,0.05,0,0.0,9,94.793,11.849125,84394.41730929498,
4,6041,14922.999958,GB,100,1.0,100,1.0,15,349.094,3.49094,286455.79700596404,
4,6042,14923.391205,RF,1,0.05,0,0.0,28,3088.625,3088.625,323.76866728722325,7.03
4,6043,14939.477906,MLP,64,0.0,0,0.0,15,244.931,3.827046875,261298.0798673912,
4,6044,14939.775754,LoR,64,0.01,0,0.0,2,164.335,2.567734375,389448.3828764414,
4,6045,14939.981132,MLP,16,0.0,0,0.0,16,175.944,10.9965,90938.02573546128,
4,6046,14940.196629,GB,8,0.0,0,0.0,26,220.986,27.62325,36201.3883232422,
4,6047,14940.456536,LoR,1,1.0,1,1.0,16,150.621,150.621,6639.180459564071,
4,6048,14940.762361,AB,32,0.0,0,0.0,13,8242.826,257.5883125,3882.163714240723,
4,6049,14949.070015,SGD,16,0.05,1,0.0625,20,156.429,9.7768125,102282.8247959138,
4,6050,14949.289754,GB,32,0.05,1,0.03125,13,223.222,6.9756875,143355.04564962233,
4,6051,14949.5557,AB,8,0.05,0,0.0,18,8140.003,1017.500375,982.8006205894519,
4,6052,14957.743641,RF,32,0.1,0,0.0,27,3120.907,97.52834375,10253.429531863654,
4,6053,14960.906335,MLP,1,1.0,1,1.0,23,178.56,178.56,5600.358422939068,
4,6054,14961.267317,DT,64,0.05,2,0.03125,25,100.199,1.565609375,638728.9294304334,
4,6055,14961.428137,RF,32,0.5,16,0.5,18,3739.181,116.84940625,8558.023802538577,
4,6056,14965.234859,DT,32,0.1,7,0.21875,12,101.569,3.17403125,315056.75944431865,
4,6057,14965.378629,NB,32,0.0,0,0.0,15,128.659,4.02059375,248719.48328527348,
4,6058,14965.565538,RF,16,0.05,1,0.0625,8,3214.723,200.9201875,4977.100670882063,
4,6059,14968.822821,LoR,8,0.0,0,0.0,5,164.0,20.5,48780.48780487805,
4,6060,14969.037309,AB,64,1.0,64,1.0,13,8340.781,130.324703125,7673.142359210726,
4,6061,14977.419888,SGD,8,0.0,0,0.0,13,152.876,19.1095,52329.99293545095,
4,6062,14977.642192,LoR,64,0.1,8,0.125,13,155.433,2.428640625,411752.97395019076,
4,6063,14977.837524,SGD,16,1.0,16,1.0,1,146.573,9.1608125,109160.62303425596,
4,6064,14978.03898,LoR,100,0.0,0,0.0,23,156.868,1.5686799999999999,637478.6444654104,
4,6065,14978.2333,MLP,1,0.0,0,0.0,18,159.817,159.817,6257.156622887427,
4,6066,14978.542115,RF,1,0.5,0,0.0,22,3000.768,3000.768,333.24802183974236,9.01
4,6067,14994.413856,RF,100,0.0,0,0.0,23,3764.462,37.64462,26564.22086343281,
4,6068,14998.221656,LoR,8,0.0,0,0.0,14,163.235,20.404375,49009.09731368885,
4,6069,14998.45634,AB,64,0.05,1,0.015625,1,8471.214,132.36271875,7554.997430120406,
4,6070,15006.975442,MLP,32,0.01,0,0.0,6,232.022,7.2506875,137917.95605589126,
4,6071,15007.249903,RF,1,0.1,1,1.0,24,3034.821,3034.821,329.5087255558071,22.58
4,6072,15023.204231,LoR,64,0.01,0,0.0,18,168.243,2.628796875,380402.1564047241,
4,6073,15023.413952,NB,1,0.1,0,0.0,28,106.27,106.27,9409.993413004611,
4,6074,15023.566265,GB,1,0.0,0,0.0,16,231.038,231.038,4328.292315549823,4.0
4,6075,15036.273156,RF,8,0.01,0,0.0,12,3102.116,387.7645,2578.8848643957867,
4,6076,15039.417627,SGD,1,1.0,1,1.0,11,162.869,162.869,6139.903849105723,
4,6077,15039.754915,MLP,8,0.1,4,0.5,12,177.474,22.18425,45077.02536709603,
4,6078,15039.991266,SGD,8,0.5,5,0.625,20,150.305,18.788125,53225.10894514487,
4,6079,15040.181271,GB,16,0.0,0,0.0,18,222.552,13.9095,71893.31032747403,
4,6080,15040.462603,SGD,8,0.5,5,0.625,10,157.653,19.706625,50744.356276125414,
4,6081,15040.67436,RF,100,1.0,100,1.0,1,5306.065,53.060649999999995,18846.357894221048,
4,6082,15046.025847,GB,8,1.0,8,1.0,0,238.089,29.761125,33600.880343064986,
4,6083,15046.314404,DT,64,0.0,0,0.0,1,97.37,1.52140625,657286.6385950497,
4,6084,15046.451437,SGD,16,0.0,0,0.0,21,161.588,10.09925,99017.25375646706,
4,6085,15046.656104,LoR,32,1.0,32,1.0,16,153.946,4.8108125,207865.0955529861,
4,6086,15046.886819,AB,100,0.01,1,0.01,0,8793.209,87.93209,11372.412506060073,
4,6087,15055.730792,MLP,64,0.0,0,0.0,14,212.432,3.31925,301272.8779091663,
4,6088,15055.986119,DT,1,0.5,1,1.0,24,85.468,85.468,11700.285486965882,27.0
4,6089,15056.293731,RF,64,0.5,38,0.59375,6,4152.058,64.87590625,15414.042867416592,
4,6090,15060.526753,AB,100,0.5,54,0.54,6,8537.592,85.37592000000001,11712.904528583704,
4,6091,15069.107533,SGD,1,0.5,1,1.0,26,152.465,152.465,6558.882366444757,
4,6092,15069.413351,DT,32,1.0,32,1.0,3,96.095,3.00296875,333003.79832457466,
4,6093,15069.583917,MLP,100,0.05,4,0.04,1,228.129,2.28129,438348.4782732577,
4,6094,15069.881995,NB,64,0.05,1,0.015625,12,131.814,2.05959375,485532.644483894,
4,6095,15070.052256,MLP,1,0.01,0,0.0,1,165.336,165.336,6048.289543717036,
4,6096,15070.365314,SGD,8,0.0,0,0.0,5,149.767,18.720875,53416.306663016556,
4,6097,15070.589781,AB,100,0.1,10,0.1,24,8570.927,85.70927,11667.349401062453,
4,6098,15079.206426,AB,32,1.0,32,1.0,6,8026.719,250.83496875,3986.684970534038,
4,6099,15087.29675,DT,16,0.1,3,0.1875,15,84.744,5.2965,188803.92712168413,
4,6100,15087.426277,MLP,32,0.05,0,0.0,8,188.534,5.8916875,169730.65866103728,
4,6101,15087.656151,SGD,1,0.05,0,0.0,5,147.222,147.222,6792.463082963143,
4,6102,15087.950144,RF,8,0.01,0,0.0,11,3087.045,385.880625,2591.4750189906526,
4,6103,15091.115648,MLP,16,0.05,1,0.0625,27,190.319,11.8949375,84069.37825440445,
4,6104,15091.346989,RF,8,0.0,0,0.0,28,3043.286,380.41075,2628.7374896739907,
4,6105,15094.454168,SGD,8,0.1,1,0.125,24,165.805,20.725625,48249.449654714874,
4,6106,15094.660653,LoR,1,0.05,0,0.0,16,148.389,148.389,6739.04399921827,
4,6107,15094.981088,DT,8,0.5,5,0.625,8,122.757,15.344625,65169.39970836693,
4,6108,15095.175968,DT,100,0.1,11,0.11,14,98.77,0.9876999999999999,1012453.1740407007,
4,6109,15095.34396,DT,100,0.01,2,0.02,22,94.594,0.9459399999999999,1057149.5020825847,
4,6110,15095.482732,GB,64,0.0,0,0.0,29,256.35,4.00546875,249658.66978740002,
4,6111,15095.779537,RF,1,0.01,0,0.0,5,2961.75,2961.75,337.63822064657717,9.02
4,6112,15112.35079,RF,8,0.0,0,0.0,11,3181.9,397.7375,2514.2210628869543,
4,6113,15115.587142,GB,32,0.01,0,0.0,28,274.893,8.59040625,116408.93002004418,
4,6114,15115.90589,GB,8,0.05,0,0.0,16,216.275,27.034375,36989.94335914923,
4,6115,15116.16083,MLP,1,0.0,0,0.0,4,192.166,192.166,5203.834185027528,
4,6116,15116.533845,AB,8,0.5,3,0.375,29,8128.656,1016.082,984.1725372558514,
4,6117,15124.708138,AB,32,1.0,32,1.0,16,8412.88,262.9025,3803.691482583848,
4,6118,15133.185357,LoR,64,0.0,0,0.0,19,179.13,2.79890625,357282.4205883995,
4,6119,15133.425231,LoR,100,1.0,100,1.0,19,167.332,1.67332,597614.3236201085,
4,6120,15133.634355,AB,8,0.0,0,0.0,21,8087.864,1010.983,989.1363158430953,
4,6121,15141.763408,AB,8,0.0,0,0.0,7,8079.484,1009.9355,990.1622430343324,
4,6122,15149.888565,LoR,32,0.0,0,0.0,4,152.658,4.7705625,209618.88666168824,
4,6123,15150.111953,GB,64,0.05,4,0.0625,24,275.821,4.309703125,232034.54414275923,
4,6124,15150.457547,MLP,64,0.01,1,0.015625,3,228.845,3.575703125,279665.2756232384,
4,6125,15150.74939,MLP,32,0.05,5,0.15625,10,186.986,5.8433125,171135.80695880976,
4,6126,15151.051359,AB,8,0.5,2,0.25,4,8179.631,1022.453875,978.0392293980009,
4,6127,15159.272903,RF,8,0.0,0,0.0,4,3070.916,383.8645,2605.085909220571,
4,6128,15162.390891,DT,32,0.0,0,0.0,14,95.356,2.979875,335584.54633164144,
4,6129,15162.544862,MLP,100,0.01,0,0.0,26,233.488,2.33488,428287.5351195779,
4,6130,15162.821574,AB,8,0.01,0,0.0,20,8047.642,1005.95525,994.0800050499264,
4,6131,15170.936131,NB,32,0.1,5,0.15625,25,131.127,4.09771875,244038.22248659693,
4,6132,15171.140523,AB,100,0.05,5,0.05,10,8644.15,86.44149999999999,11568.517436647908,
4,6133,15179.82753,NB,1,0.5,0,0.0,27,103.166,103.166,9693.115949052983,
4,6134,15179.986671,AB,32,0.01,0,0.0,0,8091.196,252.849875,3954.9159357899625,
4,6135,15188.123163,AB,16,0.01,0,0.0,0,8158.565,509.9103125,1961.1291936756036,
4,6136,15196.32668,MLP,8,0.01,0,0.0,15,179.054,22.38175,44679.25877109699,
4,6137,15196.548996,NB,1,0.05,0,0.0,18,102.44,102.44,9761.811792268645,
4,6138,15196.708848,SGD,64,0.0,0,0.0,8,165.21,2.58140625,387385.7514678288,
4,6139,15196.950918,LoR,100,0.01,1,0.01,8,162.903,1.62903,613862.2370367643,
4,6140,15197.174429,DT,16,0.05,2,0.125,18,92.681,5.7925625,172635.16794164933,
4,6141,15197.306553,DT,8,0.05,0,0.0,14,86.759,10.844875,92209.4537742482,
4,6142,15197.433905,DT,16,0.01,0,0.0,20,83.4,5.2125,191846.52278177458,
4,6143,15197.554977,DT,16,0.0,0,0.0,15,82.708,5.16925,193451.66126614113,
4,6144,15197.673623,DT,8,1.0,8,1.0,27,84.626,10.57825,94533.59487627915,
4,6145,15197.813372,NB,8,0.05,1,0.125,13,110.28,13.785,72542.61878853827,
4,6146,15197.961083,NB,1,0.5,0,0.0,16,99.362,99.362,10064.209657615587,
4,6147,15198.147456,SGD,100,0.5,57,0.57,15,171.355,1.71355,583583.7880423683,
4,6148,15198.358508,RF,1,0.05,0,0.0,19,3364.312,3364.312,297.2375927084052,7.0
4,6149,15214.870141,SGD,8,0.05,0,0.0,29,211.021,26.377625,37910.918818506216,
4,6150,15215.1247,SGD,16,0.0,0,0.0,15,156.654,9.790875,102135.91737204285,
4,6151,15215.322337,DT,1,0.05,0,0.0,17,86.231,86.231,11596.757546589974,7.0
4,6152,15215.596288,AB,8,0.01,0,0.0,29,8572.951,1071.618875,933.1675872170506,
4,6153,15224.218221,MLP,1,1.0,1,1.0,21,190.205,190.205,5257.4853447596015,
4,6154,15224.615292,LoR,100,0.5,53,0.53,10,170.853,1.70853,585298.4729562841,
4,6155,15224.847269,DT,16,0.5,9,0.5625,21,94.33,5.895625,169617.3009646984,
4,6156,15224.979957,DT,8,1.0,8,1.0,13,90.454,11.30675,88442.74437835807,
4,6157,15225.114761,NB,32,0.01,0,0.0,22,125.269,3.91465625,255450.2710167719,
4,6158,15225.287307,DT,64,1.0,64,1.0,18,107.08,1.673125,597683.9745984311,
4,6159,15225.436047,NB,16,0.05,0,0.0,3,112.094,7.005875,142737.34544221815,
4,6160,15225.618491,LoR,100,0.5,55,0.55,13,168.17,1.6817,594636.3798537195,
4,6161,15225.826896,SGD,1,0.1,1,1.0,22,149.346,149.346,6695.860618965356,
4,6162,15226.151691,RF,32,0.05,1,0.03125,13,3493.442,109.1700625,9160.02040394545,
4,6163,15229.726677,SGD,100,0.1,15,0.15,4,184.216,1.84216,542841.0127241933,
4,6164,15229.953133,RF,16,0.0,0,0.0,28,3143.895,196.4934375,5089.228488864927,
4,6165,15233.141849,NB,1,0.01,0,0.0,17,113.311,113.311,8825.26850879438,
4,6166,15233.308406,LoR,1,0.5,0,0.0,19,157.666,157.666,6342.521532860605,
4,6167,15233.619873,AB,1,0.01,0,0.0,14,8004.473,8004.473,124.93014843075865,2.0
4,6168,15254.930977,RF,100,0.0,0,0.0,0,4105.026,41.05026,24360.38163948292,
4,6169,15259.120528,RF,16,0.01,0,0.0,9,3364.67,210.291875,4755.295467311802,
4,6170,15262.56033,MLP,1,0.1,0,0.0,2,252.774,252.774,3956.1030802218584,
4,6171,15262.994188,DT,8,0.1,0,0.0,0,127.027,15.878375,62978.736803986554,
4,6172,15263.194716,SGD,64,0.1,5,0.078125,9,175.773,2.746453125,364105.9775961041,
4,6173,15263.448967,NB,100,0.05,5,0.05,22,151.494,1.51494,660092.1488639814,
4,6174,15263.647818,SGD,64,0.0,0,0.0,9,165.97,2.59328125,385611.8575646201,
4,6175,15263.888795,SGD,100,0.5,52,0.52,14,165.957,1.65957,602565.7248564387,
4,6176,15264.097457,RF,32,1.0,32,1.0,5,4512.94,141.029375,7090.721347946129,
4,6177,15268.702317,RF,64,0.0,0,0.0,16,3967.52,61.9925,16130.9835867242,
4,6178,15272.746519,MLP,32,0.0,0,0.0,12,283.607,8.86271875,112832.19384570901,
4,6179,15273.077994,SGD,1,1.0,1,1.0,15,171.188,171.188,5841.5309484309655,
4,6180,15273.482391,SGD,100,0.05,4,0.04,8,178.074,1.7807400000000002,561564.2934959623,
4,6181,15273.727031,AB,32,0.1,5,0.15625,6,8949.871,279.68346875,3575.470529128297,
4,6182,15282.776616,SGD,16,0.1,2,0.125,4,190.924,11.93275,83802.97919591042,
4,6183,15283.036457,AB,64,0.01,0,0.0,2,8817.633,137.775515625,7258.183687164118,
4,6184,15291.917673,NB,32,0.0,0,0.0,16,132.596,4.143625,241334.5802286645,
4,6185,15292.105189,LoR,16,0.1,0,0.0,23,176.241,11.0150625,90784.77766240545,
4,6186,15292.350979,RF,64,0.5,30,0.46875,8,4357.248,68.082,14688.170147762992,
4,6187,15296.794723,RF,100,0.5,47,0.47,5,5232.916,52.32916,19109.804170370782,
4,6188,15302.153621,AB,100,0.05,4,0.04,12,9443.126,94.43126000000001,10589.71361813874,
4,6189,15311.664451,LoR,8,0.0,0,0.0,10,186.384,23.298,42922.139239419696,
4,6190,15311.93866,DT,100,0.5,55,0.55,29,118.687,1.1868699999999999,842552.2593038833,
4,6191,15312.128621,DT,64,0.05,3,0.046875,5,151.367,2.365109375,422813.4269688902,
4,6192,15312.331102,NB,64,0.01,0,0.0,23,144.066,2.25103125,444240.83406216593,
4,6193,15312.516906,MLP,8,0.1,0,0.0,7,211.385,26.423125,37845.637107647184,
4,6194,15312.794435,MLP,32,0.5,15,0.46875,28,199.029,6.21965625,160780.58976330084,
4,6195,15313.040785,AB,32,0.01,0,0.0,17,9120.468,285.014625,3508.59188366211,
4,6196,15322.263148,MLP,64,0.5,35,0.546875,17,263.888,4.12325,242527.13272297342,
4,6197,15322.602049,AB,100,0.0,0,0.0,24,9136.949,91.36949,10944.572416897587,
4,6198,15331.811381,SGD,1,0.05,0,0.0,24,186.586,186.586,5359.458909028544,
4,6199,15332.169357,GB,1,0.0,0,0.0,8,261.609,261.609,3822.4984614443697,4.0
4,6200,15346.021118,RF,1,0.0,0,0.0,9,3314.014,3314.014,301.7488761363108,6.92
4,6201,15363.246218,SGD,100,0.01,2,0.02,26,252.949,2.52949,395336.6093560362,
4,6202,15363.572873,GB,64,0.1,5,0.078125,20,331.062,5.17284375,193317.26383577698,
4,6203,15363.945903,AB,8,0.0,0,0.0,19,8584.084,1073.0105,931.9573294017159,
4,6204,15372.586558,RF,16,1.0,16,1.0,17,3941.485,246.3428125,4059.3837094394626,
4,6205,15376.600443,SGD,64,1.0,64,1.0,20,220.054,3.43834375,290837.70347278396,
4,6206,15376.865066,GB,1,0.0,0,0.0,4,417.918,417.918,2392.813901291641,4.0
4,6207,15390.754602,LoR,8,1.0,8,1.0,9,205.147,25.643375,38996.42695238049,
4,6208,15391.035355,SGD,64,0.05,0,0.0,0,182.034,2.84428125,351582.6713690849,
4,6209,15391.25945,LoR,1,1.0,1,1.0,10,153.682,153.682,6506.942908082925,
4,6210,15391.588527,AB,8,0.05,0,0.0,3,8440.307,1055.038375,947.8328217208212,
4,6211,15400.135673,SGD,64,0.05,5,0.078125,8,192.623,3.009734375,332255.23431781254,
4,6212,15400.411807,NB,100,0.05,7,0.07,27,157.224,1.5722399999999999,636035.210909276,
4,6213,15400.6095,RF,1,0.01,0,0.0,1,3260.157,3260.157,306.7336941135043,7.0
4,6214,15417.494663,DT,64,0.5,35,0.546875,19,124.353,1.943015625,514663.9003482023,
4,6215,15417.691263,RF,64,0.5,34,0.53125,12,4495.283,70.238796875,14237.145914951294,
4,6216,15422.255905,GB,16,0.05,0,0.0,29,312.668,19.54175,51172.489669553644,
4,6217,15422.659547,RF,100,0.01,1,0.01,28,4063.157,40.63157,24611.40438334034,
4,6218,15426.787359,NB,1,0.1,1,1.0,7,141.179,141.179,7083.2064258848695,
4,6219,15426.984757,AB,8,0.0,0,0.0,27,8435.353,1054.419125,948.3894746313522,
4,6220,15435.48071,DT,8,1.0,8,1.0,20,91.088,11.386,87827.15615668365,
4,6221,15435.659941,GB,100,0.05,7,0.07,12,338.828,3.38828,295134.99474659713,
4,6222,15436.067651,AB,32,0.05,2,0.0625,4,8566.45,267.7015625,3735.50303801458,
4,6223,15444.707023,SGD,16,0.1,0,0.0,11,190.765,11.9228125,83872.82782481064,
4,6224,15444.975859,LoR,64,0.1,1,0.015625,8,171.293,2.676453125,373628.81145172304,
4,6225,15445.226911,LoR,100,0.05,7,0.07,9,170.057,1.70057,588038.128392245,
4,6226,15445.454472,NB,100,1.0,100,1.0,29,152.603,1.52603,655295.1121537584,
4,6227,15445.679447,NB,16,0.05,1,0.0625,15,114.484,7.15525,139757.52070158275,
4,6228,15445.830506,DT,1,1.0,1,1.0,12,98.371,98.371,10165.597584654015,24.0
4,6229,15446.197026,AB,100,0.01,2,0.02,16,9073.785,90.73785,11020.759253167229,
4,6230,15455.344092,LoR,16,0.0,0,0.0,13,192.444,12.02775,83141.06960986054,
4,6231,15455.589022,LoR,8,0.01,0,0.0,18,159.27,19.90875,50229.17059082061,
4,6232,15455.816523,AB,32,0.1,1,0.03125,14,8562.394,267.5748125,3737.2725431695853,
4,6233,15464.470333,MLP,8,0.5,6,0.75,11,222.429,27.803625,35966.53314091238,
4,6234,15464.757568,AB,8,0.05,1,0.125,11,8344.18,1043.0225,958.7520882818923,
4,6235,15473.152513,SGD,8,0.0,0,0.0,2,175.562,21.94525,45567.94750572447,
4,6236,15473.373499,RF,1,0.01,0,0.0,16,3236.78,3236.78,308.94901723317616,7.0
4,6237,15490.115505,AB,32,1.0,32,1.0,23,8603.79,268.8684375,3719.2911495980256,
4,6238,15498.812716,SGD,8,0.1,1,0.125,27,189.748,23.7185,42161.18219954888,
4,6239,15499.056337,LoR,1,0.0,0,0.0,16,159.962,159.962,6251.484727622811,
4,6240,15499.400271,AB,100,0.0,0,0.0,6,8971.491,89.71491,11146.419251827818,
4,6241,15508.437657,RF,1,0.1,1,1.0,1,3265.791,3265.791,306.20453054099295,22.72
4,6242,15525.155554,AB,8,0.01,0,0.0,12,8429.325,1053.665625,949.0676892871018,
4,6243,15533.681004,NB,100,1.0,100,1.0,16,170.281,1.7028100000000002,587264.5803113676,
4,6244,15533.898662,LoR,1,1.0,1,1.0,2,183.988,183.988,5435.13707415701,
4,6245,15534.264764,GB,1,1.0,1,1.0,1,276.034,276.034,3622.7421259699895,4.0
4,6246,15547.732664,MLP,8,1.0,8,1.0,22,239.618,29.95225,33386.47347027352,
4,6247,15548.055445,DT,64,0.05,7,0.109375,11,119.531,1.867671875,535425.9564464448,
4,6248,15548.21417,MLP,1,1.0,1,1.0,28,186.544,186.544,5360.665580238442,
4,6249,15548.616045,RF,100,0.01,2,0.02,21,4115.352,41.15352,24299.257997857778,
4,6250,15552.813349,AB,32,0.0,0,0.0,10,8641.774,270.0554375,3702.943400278693,
4,6251,15561.528013,SGD,1,0.05,0,0.0,21,191.82,191.82,5213.220727765613,
4,6252,15561.903916,DT,32,0.01,0,0.0,27,97.195,3.03734375,329235.0429548845,
4,6253,15562.074234,MLP,64,0.5,30,0.46875,25,246.769,3.855765625,259351.86348366286,
4,6254,15562.367637,RF,16,0.05,0,0.0,21,3321.623,207.6014375,4816.92232983695,
4,6255,15565.763037,LoR,16,1.0,16,1.0,28,223.744,13.984,71510.29748283753,
4,6256,15566.03787,GB,8,0.01,0,0.0,23,281.626,35.20325,28406.468152798396,
4,6257,15566.387633,MLP,32,0.5,16,0.5,5,226.383,7.07446875,141353.37017355542,
4,6258,15566.659864,NB,16,0.1,0,0.0,21,126.781,7.9238125,126201.87567537722,
4,6259,15566.827271,GB,1,0.05,0,0.0,19,243.881,243.881,4100.360421681065,4.0
4,6260,15580.358144,NB,100,0.05,5,0.05,25,170.617,1.70617,586108.0666053207,
4,6261,15580.591069,NB,16,0.5,6,0.375,26,117.43,7.339375,136251.38380311674,
4,6262,15580.747641,RF,16,1.0,16,1.0,2,3824.219,239.0136875,4183.860809226669,
4,6263,15584.641091,LoR,16,0.1,2,0.125,17,197.251,12.3281875,81114.92463916533,
4,6264,15584.897314,LoR,100,0.0,0,0.0,12,174.827,1.74827,571994.0283823437,
4,6265,15585.114427,MLP,1,0.5,1,1.0,0,184.951,184.951,5406.837486685663,
4,6266,15585.489731,SGD,8,0.1,1,0.125,29,159.053,19.881625,50297.69950896871,
4,6267,15585.710322,RF,16,0.1,2,0.125,16,3403.058,212.691125,4701.653630352465,
4,6268,15589.175689,RF,64,0.0,0,0.0,23,3667.583,57.305984375,17450.18449480216,
4,6269,15592.93261,MLP,64,0.0,0,0.0,9,312.33,4.88015625,204911.47184068133,
4,6270,15593.299204,NB,8,0.05,0,0.0,16,128.773,16.096625,62124.82430323127,
4,6271,15593.489487,GB,8,0.1,1,0.125,1,291.166,36.39575,27475.735491094427,
4,6272,15593.824605,DT,1,0.1,0,0.0,16,100.227,100.227,9977.351412294092,35.0
4,6273,15594.181597,RF,32,0.05,5,0.15625,12,3777.005,118.03140625,8472.321323376591,
4,6274,15598.069088,MLP,100,0.5,55,0.55,21,320.684,3.20684,311833.455987826,
4,6275,15598.468569,RF,64,0.01,1,0.015625,21,3696.989,57.765453125,17311.385021702798,
4,6276,15602.247567,SGD,1,0.0,0,0.0,10,237.252,237.252,4214.927587544046,
4,6277,15602.697494,MLP,16,0.5,7,0.4375,1,215.061,13.4413125,74397.49652424196,
4,6278,15602.989983,NB,64,0.5,35,0.546875,12,157.83,2.46609375,405499.58816448075,
4,6279,15603.226708,RF,100,0.5,59,0.59,1,5211.789,52.117889999999996,19187.269476949277,
4,6280,15608.525757,NB,1,0.05,0,0.0,4,160.933,160.933,6213.765977145769,
4,6281,15608.768228,MLP,8,0.5,3,0.375,17,232.74,29.0925,34373.12021998797,
4,6282,15609.051245,LoR,32,1.0,32,1.0,20,170.075,5.31484375,188152.285756284,
4,6283,15609.264199,GB,1,0.5,1,1.0,10,266.882,266.882,3746.9743182380225,4.0
4,6284,15622.789215,DT,8,0.05,0,0.0,5,107.265,13.408125,74581.64359297068,
4,6285,15622.967234,AB,32,0.5,18,0.5625,20,8570.419,267.82559375,3733.7731095760896,
4,6286,15631.582188,MLP,1,1.0,1,1.0,25,200.889,200.889,4977.873352946154,
4,6287,15631.976565,SGD,16,0.5,7,0.4375,14,164.286,10.267875,97391.13497193917,
4,6288,15632.220537,MLP,100,0.5,43,0.43,17,240.933,2.4093299999999997,415053.1475555445,
4,6289,15632.50739,RF,32,1.0,32,1.0,6,4155.987,129.87459375,7699.735345659165,
4,6290,15636.71169,DT,16,1.0,16,1.0,5,107.055,6.6909375,149455.88716080517,
4,6291,15636.867667,SGD,32,0.01,0,0.0,15,175.853,5.49540625,181970.16826553995,
4,6292,15637.114321,DT,64,0.01,3,0.046875,4,99.366,1.55259375,644083.4893223034,
4,6293,15637.27606,DT,32,0.05,2,0.0625,22,90.754,2.8360625,352601.5382242105,
4,6294,15637.405697,RF,1,0.1,0,0.0,16,3123.809,3123.809,320.1220048985069,7.01
4,6295,15654.14367,GB,8,1.0,8,1.0,28,308.047,38.505875,25970.063009865375,
4,6296,15654.507743,MLP,1,0.1,0,0.0,23,224.686,224.686,4450.6555815671645,
4,6297,15654.920512,AB,64,0.01,0,0.0,8,8752.002,136.75003125,7312.61258852546,
4,6298,15663.731073,MLP,64,0.0,0,0.0,19,229.112,3.579875,279339.3624079053,
4,6299,15664.004733,NB,1,0.1,0,0.0,12,112.399,112.399,8896.876306728707,
4,6300,15664.165337,LoR,1,1.0,1,1.0,26,155.844,155.844,6416.6730833397505,
4,6301,15664.506455,GB,64,0.5,31,0.484375,9,307.129,4.798890625,208381.49442091107,
4,6302,15664.894235,NB,100,0.5,52,0.52,5,152.496,1.52496,655754.9050466897,
4,6303,15665.120794,RF,100,0.05,7,0.07,1,4245.078,42.45078,23556.693186791854,
4,6304,15669.415411,AB,32,0.0,0,0.0,14,8506.572,265.830375,3761.797349155453,
4,6305,15677.975547,LoR,64,0.0,0,0.0,24,175.21,2.73765625,365275.95456880314,
4,6306,15678.197784,SGD,32,1.0,32,1.0,9,160.483,5.01509375,199398.06708498718,
4,6307,15678.432751,DT,64,0.5,27,0.421875,3,107.234,1.67553125,596825.6336609657,
4,6308,15678.579402,LoR,1,1.0,1,1.0,23,150.886,150.886,6627.520114523548,
4,6309,15678.88303,RF,8,1.0,8,1.0,10,3467.274,433.40925,2307.288088567561,
4,6310,15682.418488,NB,16,0.1,1,0.0625,3,129.136,8.071,123900.38409119069,
4,6311,15682.603507,MLP,100,0.0,0,0.0,18,249.41,2.4941,400946.23311013996,
4,6312,15682.925824,RF,64,0.5,38,0.59375,23,4437.601,69.337515625,14422.206953712153,
4,6313,15687.447507,AB,100,0.5,47,0.47,26,8861.436,88.61435999999999,11284.852703331604,
4,6314,15696.369623,DT,100,1.0,100,1.0,13,116.066,1.16066,861578.7569141695,
4,6315,15696.524733,SGD,1,0.0,0,0.0,4,157.087,157.087,6365.899151425643,
4,6316,15696.840652,RF,1,0.5,1,1.0,17,3057.652,3057.652,327.0483364359319,10.0
4,6317,15713.000023,DT,64,1.0,64,1.0,0,110.372,1.7245625,579857.2101619976,
4,6318,15713.160296,RF,64,1.0,64,1.0,14,4777.433,74.647390625,13396.315552724654,
4,6319,15717.987211,RF,16,0.1,0,0.0,26,3218.786,201.174125,4970.818190460627,
4,6320,15721.248253,RF,1,0.0,0,0.0,15,3020.908,3020.908,331.0263007016434,6.98
4,6321,15737.842569,DT,32,0.5,15,0.46875,24,108.101,3.37815625,296019.4632797106,
4,6322,15738.011786,RF,16,0.1,1,0.0625,21,3231.474,201.967125,4951.300861464459,
4,6323,15741.309818,SGD,16,0.1,2,0.125,24,192.278,12.017375,83212.84806374104,
4,6324,15741.562418,SGD,8,0.5,3,0.375,27,159.438,19.92975,50176.2440572511,
4,6325,15741.800107,AB,100,0.01,1,0.01,15,8846.283,88.46283,11304.182785018296,
4,6326,15750.693509,NB,16,0.01,0,0.0,24,122.651,7.6656875,130451.44352675478,
4,6327,15750.87933,SGD,8,0.5,5,0.625,12,177.803,22.225375,44993.61653065471,
4,6328,15751.111456,DT,1,0.5,0,0.0,4,87.128,87.128,11477.366632999725,7.0
4,6329,15751.390668,MLP,8,1.0,8,1.0,21,197.757,24.719625,40453.688112178075,
4,6330,15751.631361,DT,16,0.0,0,0.0,4,89.155,5.5721875,179462.73344175873,
4,6331,15751.763735,LoR,32,0.0,0,0.0,6,159.088,4.9715,201146.53525093032,
4,6332,15751.963373,RF,1,0.5,0,0.0,19,3034.965,3034.965,329.49309135360704,7.0
4,6333,15768.137403,RF,100,0.0,0,0.0,7,3984.307,39.84307,25098.467562866015,
4,6334,15772.219065,AB,16,0.05,1,0.0625,23,8389.271,524.3294375,1907.197895979281,
4,6335,15780.6543,SGD,8,1.0,8,1.0,8,247.013,30.876625,32386.959390801294,
4,6336,15780.946061,DT,1,0.05,0,0.0,8,88.008,88.008,11362.603399690937,7.0
4,6337,15781.269005,RF,100,0.0,0,0.0,1,3820.155,38.201550000000005,26176.948317542086,
4,6338,15785.170827,GB,64,1.0,64,1.0,9,354.722,5.54253125,180422.9791216784,
4,6339,15785.576564,NB,32,1.0,32,1.0,14,139.408,4.3565,229542.06358315164,
4,6340,15785.786564,RF,64,0.05,5,0.078125,14,3779.751,59.058609375,16932.332315012285,
4,6341,15789.631432,MLP,100,0.01,0,0.0,28,285.385,2.85385,350403.8404260911,
4,6342,15789.961491,DT,1,0.05,0,0.0,2,92.913,92.913,10762.756557209434,7.0
4,6343,15790.268811,NB,1,0.5,0,0.0,13,109.239,109.239,9154.239786156959,
4,6344,15790.449961,AB,32,0.5,15,0.46875,27,8368.061,261.50190625,3824.063902019835,
4,6345,15798.863481,RF,8,0.01,0,0.0,2,3111.807,388.975875,2570.853526584393,
4,6346,15802.061699,LoR,100,0.05,4,0.04,13,200.019,2.00019,499952.5045120713,
4,6347,15802.306842,MLP,8,0.0,0,0.0,23,189.846,23.73075,42139.418265330845,
4,6348,15802.53686,SGD,1,0.0,0,0.0,27,153.838,153.838,6500.344518259468,
4,6349,15802.853513,LoR,64,1.0,64,1.0,24,161.791,2.527984375,395572.065195221,
4,6350,15803.126228,NB,100,0.1,8,0.08,13,148.529,1.48529,673269.1932215258,
4,6351,15803.347118,SGD,100,0.05,4,0.04,6,168.125,1.68125,594795.5390334573,
4,6352,15803.554909,AB,8,1.0,8,1.0,5,8220.732,1027.5915,973.1493497172758,
4,6353,15811.820415,GB,8,0.05,0,0.0,26,248.627,31.078375,32176.714516122545,
4,6354,15812.147359,MLP,100,0.5,39,0.39,23,242.054,2.42054,413130.9542498781,
4,6355,15812.434471,SGD,16,0.01,0,0.0,21,158.167,9.8854375,101158.90166722515,
4,6356,15812.662286,DT,64,0.5,30,0.46875,11,109.371,1.708921875,585164.2574357005,
4,6357,15812.847578,DT,100,0.1,9,0.09,5,102.094,1.02094,979489.4900777715,
4,6358,15812.98987,AB,8,0.1,0,0.0,12,8195.81,1024.47625,976.1085237456701,
4,6359,15821.229145,GB,16,1.0,16,1.0,18,239.599,14.9749375,66778.2419793071,
4,6360,15821.510182,DT,8,0.0,0,0.0,23,87.379,10.922375,91555.17916204121,
4,6361,15821.693085,DT,32,0.05,1,0.03125,11,89.194,2.7873125,358768.5270309662,
4,6362,15821.87995,RF,100,0.05,6,0.06,27,4368.321,43.68321,22892.090576676943,
4,6363,15826.314466,GB,8,0.01,0,0.0,17,319.567,39.945875,25033.873960703077,
4,6364,15826.734978,DT,64,0.5,37,0.578125,2,141.235,2.206796875,453145.46677523275,
4,6365,15826.923851,SGD,32,0.01,0,0.0,18,193.338,6.0418125,165513.24623198752,
4,6366,15827.179242,AB,8,0.1,2,0.25,28,8545.661,1068.207625,936.1475958384027,
4,6367,15835.824341,MLP,100,0.05,5,0.05,13,271.588,2.7158800000000003,368204.7807708735,
4,6368,15836.14069,GB,1,0.5,0,0.0,18,250.205,250.205,3996.722687396335,4.0
4,6369,15849.215571,SGD,1,1.0,1,1.0,26,167.908,167.908,5955.642375586631,
4,6370,15849.562232,RF,8,0.05,1,0.125,24,3309.472,413.684,2417.3040291623556,
4,6371,15852.916505,SGD,8,1.0,8,1.0,3,169.306,21.16325,47251.7217346107,
4,6372,15853.128597,RF,1,0.01,0,0.0,27,3069.425,3069.425,325.7939190565008,8.97
4,6373,15869.161257,NB,1,0.05,0,0.0,15,114.449,114.449,8737.51627362406,
4,6374,15869.360914,RF,100,0.5,51,0.51,6,4726.258,47.26258,21158.387883183696,
4,6375,15874.134099,NB,1,0.01,0,0.0,14,115.456,115.456,8661.308203991131,
4,6376,15874.297461,DT,1,0.0,0,0.0,4,91.39,91.39,10942.1162052741,7.0
4,6377,15874.617275,GB,100,0.05,5,0.05,22,305.111,3.05111,327749.57310618105,
4,6378,15874.965027,LoR,1,0.05,0,0.0,24,170.721,170.721,5857.510206711535,
4,6379,15875.329449,GB,100,0.05,8,0.08,23,284.116,2.84116,351968.9141055062,
4,6380,15875.655704,SGD,8,1.0,8,1.0,15,164.163,20.520375,48732.052898643415,
4,6381,15875.88922,DT,64,0.5,30,0.46875,23,106.475,1.663671875,601080.0657431323,
4,6382,15876.03383,GB,8,0.0,0,0.0,17,214.634,26.82925,37272.752685967745,
4,6383,15876.289781,GB,1,0.1,0,0.0,29,203.969,203.969,4902.705803332859,4.0
4,6384,15889.238314,NB,16,0.0,0,0.0,13,132.594,8.287125,120669.11021614855,
4,6385,15889.444469,RF,100,0.01,1,0.01,2,3581.198,35.81198,27923.616622147114,
4,6386,15893.070819,GB,8,0.1,0,0.0,9,228.985,28.623125,34936.78625237461,
4,6387,15893.342245,AB,16,1.0,16,1.0,15,8213.151,513.3219375,1948.0951951327816,
4,6388,15901.619392,SGD,16,0.05,1,0.0625,14,157.339,9.8336875,101691.2526455615,
4,6389,15901.839742,RF,32,0.1,2,0.0625,15,3332.545,104.14203125,9602.270937076619,
4,6390,15905.221095,GB,32,0.05,0,0.0,14,238.888,7.46525,133953.9868055323,
4,6391,15905.505129,LoR,32,0.0,0,0.0,17,162.931,5.09159375,196402.15796871067,
4,6392,15905.708885,DT,16,1.0,16,1.0,21,94.168,5.8855,169909.09863223173,
4,6393,15905.864515,GB,32,0.01,1,0.03125,12,221.395,6.91859375,144538.04286456332,
4,6394,15906.136023,RF,64,0.01,0,0.0,17,3764.713,58.823640625,16999.967859435765,
4,6395,15909.956004,GB,64,0.01,0,0.0,16,257.167,4.018234375,248865.52318143466,
4,6396,15910.26339,LoR,64,0.0,0,0.0,21,169.727,2.651984375,377076.1281351818,
4,6397,15910.496221,GB,8,0.1,1,0.125,21,213.033,26.629125,37552.86739613112,
4,6398,15910.767593,LoR,8,0.5,4,0.5,9,155.319,19.414875,51506.89870524534,
4,6399,15910.989517,RF,64,0.5,33,0.515625,1,4214.479,65.851234375,15185.74419281719,
4,6400,15915.248233,RF,1,0.01,0,0.0,2,2914.739,2914.739,343.08389190249966,6.73
4,6401,15931.171855,SGD,16,0.01,0,0.0,18,165.584,10.349,96627.69349695623,
4,6402,15931.381796,DT,16,0.01,0,0.0,3,88.168,5.5105,181471.7357771527,
4,6403,15931.512172,GB,16,0.05,0,0.0,16,222.669,13.9168125,71855.53444799231,
4,6404,15931.776383,LoR,1,0.01,0,0.0,26,155.052,155.052,6449.449217036866,
4,6405,15932.087783,RF,1,0.1,0,0.0,7,2978.603,2978.603,335.72785631384914,6.93
4,6406,15947.800933,LoR,16,0.05,1,0.0625,22,159.712,9.982,100180.32458425166,
4,6407,15948.004119,MLP,16,0.01,0,0.0,13,195.19,12.199375,81971.41246990113,
4,6408,15948.258776,SGD,8,0.5,4,0.5,19,149.79,18.72375,53408.104679885175,
4,6409,15948.475297,MLP,64,0.01,1,0.015625,8,201.431,3.147359375,317726.66570686735,
4,6410,15948.719376,SGD,8,0.01,0,0.0,0,146.326,18.29075,54672.443721553245,
4,6411,15948.910835,GB,32,0.01,0,0.0,6,226.64,7.0825,141193.0815390046,
4,6412,15949.178282,NB,1,0.01,0,0.0,10,107.2,107.2,9328.358208955224,
4,6413,15949.36651,SGD,100,0.1,10,0.1,8,168.762,1.68762,592550.4556713004,
4,6414,15949.596549,LoR,32,0.1,5,0.15625,6,151.647,4.73896875,211016.3735517353,
4,6415,15949.789555,AB,32,1.0,32,1.0,3,8245.36,257.6675,3880.9706307547517,
4,6416,15958.097058,AB,8,0.1,1,0.125,29,7982.713,997.839125,1002.1655544925642,
4,6417,15966.141831,NB,8,0.5,5,0.625,23,110.963,13.870375,72096.10410677434,
4,6418,15966.318519,LoR,64,0.05,3,0.046875,1,159.478,2.49184375,401309.27149826306,
4,6419,15966.535678,NB,16,0.1,3,0.1875,9,109.702,6.856375,145849.66545732986,
4,6420,15966.699332,LoR,8,0.05,1,0.125,12,149.29,18.66125,53586.97836425749,
4,6421,15966.887531,DT,16,1.0,16,1.0,17,93.296,5.831,171497.1702966901,
4,6422,15967.047769,RF,16,0.01,0,0.0,29,3043.26,190.20375,5257.5198964268575,
4,6423,15970.14781,NB,100,0.0,0,0.0,23,174.922,1.74922,571683.3788774426,
4,6424,15970.383111,GB,16,0.1,1,0.0625,17,225.564,14.09775,70933.30496001134,
4,6425,15970.683443,MLP,100,0.1,12,0.12,20,233.05,2.3305000000000002,429092.46942716156,
4,6426,15970.976058,LoR,8,0.05,1,0.125,25,205.674,25.70925,38896.50612133765,
4,6427,15971.261405,DT,100,0.05,5,0.05,11,99.822,0.99822,1001783.1740498086,
4,6428,15971.417679,AB,8,0.01,1,0.125,8,8044.531,1005.566375,994.4644380138507,
4,6429,15979.528933,DT,32,0.05,1,0.03125,29,85.467,2.67084375,374413.51632793946,
4,6430,15979.667298,NB,100,1.0,100,1.0,3,137.387,1.37387,727870.9048163218,
4,6431,15979.865225,RF,32,0.05,3,0.09375,5,3385.013,105.78165625,9453.43489079658,
4,6432,15983.294019,GB,1,0.1,0,0.0,21,223.215,223.215,4479.985664045875,4.0
4,6433,15996.145246,NB,64,0.0,0,0.0,1,132.858,2.07590625,481717.3222538349,
4,6434,15996.344845,SGD,64,0.1,11,0.171875,12,169.114,2.64240625,378442.9438130492,
4,6435,15996.554797,LoR,1,0.5,1,1.0,1,148.41,148.41,6738.0904251735055,
4,6436,15996.875417,AB,16,0.5,11,0.6875,5,8074.325,504.6453125,1981.5897923355824,
4,6437,16004.992171,RF,1,0.05,0,0.0,4,3011.446,3011.446,332.06638936909377,8.96
4,6438,16020.819064,DT,1,0.01,0,0.0,24,86.552,86.552,11553.748035862833,7.0
4,6439,16021.107016,LoR,32,0.1,6,0.1875,24,162.625,5.08203125,196771.71406610298,
4,6440,16021.311004,RF,16,1.0,16,1.0,12,3577.958,223.622375,4471.824431700987,
4,6441,16024.933092,MLP,1,0.01,0,0.0,20,185.499,185.499,5390.864640779735,
4,6442,16025.271919,MLP,1,0.0,0,0.0,26,159.72,159.72,6260.956674179814,
4,6443,16025.596838,GB,16,0.1,1,0.0625,28,229.82,14.36375,69619.70237577235,
4,6444,16025.86717,NB,8,0.0,0,0.0,1,113.074,14.13425,70750.12823460743,
4,6445,16026.046423,SGD,64,0.5,28,0.4375,28,164.955,2.577421875,387984.6018611136,
4,6446,16026.248841,MLP,1,0.0,0,0.0,24,160.287,160.287,6238.809136112099,
4,6447,16026.560235,MLP,32,1.0,32,1.0,19,182.603,5.70634375,175243.5611682174,
4,6448,16026.791146,MLP,64,0.0,0,0.0,24,195.254,3.05084375,327778.17611931125,
4,6449,16027.083515,DT,8,0.1,2,0.25,23,102.398,12.79975,78126.52590870915,
4,6450,16027.224667,NB,1,0.1,1,1.0,16,101.62,101.62,9840.582562487698,
4,6451,16027.407237,DT,100,0.05,7,0.07,4,98.007,0.98007,1020335.2821737223,
4,6452,16027.561576,MLP,16,0.1,2,0.125,18,180.061,11.2538125,88858.77563714518,
4,6453,16027.782088,MLP,16,1.0,16,1.0,26,170.472,10.6545,93857.05570416256,
4,6454,16027.997378,NB,8,0.01,0,0.0,13,108.564,13.5705,73689.25242253418,
4,6455,16028.162889,MLP,16,0.5,8,0.5,5,174.987,10.9366875,91435.36376988004,
4,6456,16028.377923,LoR,1,0.1,1,1.0,15,143.83,143.83,6952.652436904678,
4,6457,16028.688403,LoR,16,0.5,5,0.3125,5,144.513,9.0320625,110716.68292817946,
4,6458,16028.905756,MLP,100,0.05,7,0.07,3,224.158,2.24158,446113.901801408,
4,6459,16029.187697,RF,8,0.1,2,0.25,19,3219.268,402.4085,2485.036971137538,
4,6460,16032.45417,GB,32,0.0,0,0.0,28,241.927,7.56021875,132271.304980428,
4,6461,16032.760473,NB,32,0.5,12,0.375,10,123.168,3.849,259807.74227071967,
4,6462,16032.924678,SGD,16,0.01,0,0.0,27,159.006,9.937875,100625.13364275562,
4,6463,16033.151356,MLP,64,0.5,33,0.515625,0,204.971,3.202671875,312239.2923877036,
4,6464,16033.39728,AB,16,1.0,16,1.0,23,7995.018,499.688625,2001.2462761184527,
4,6465,16041.437414,MLP,16,0.01,0,0.0,28,176.477,11.0298125,90663.37256413017,
4,6466,16041.678978,AB,32,0.1,4,0.125,18,8188.629,255.89465625,3907.8580797835634,
4,6467,16049.931114,DT,16,0.5,12,0.75,3,87.728,5.483,182381.90771475472,
4,6468,16050.080462,SGD,32,0.5,18,0.5625,19,156.567,4.89271875,204385.34301608894,
4,6469,16050.299002,AB,32,0.5,15,0.46875,23,8284.705,258.89703125,3862.539462781113,
4,6470,16058.646485,GB,8,0.1,1,0.125,23,211.948,26.4935,37745.10729046747,
4,6471,16058.922371,GB,32,0.05,2,0.0625,16,256.28,8.00875,124863.43062275638,
4,6472,16059.238198,AB,16,0.1,3,0.1875,8,8023.899,501.4936875,1994.0430456564818,
4,6473,16067.332809,RF,64,0.5,29,0.453125,29,4070.469,63.601078125,15723.00390937752,
4,6474,16071.448626,AB,1,1.0,1,1.0,1,7841.899,7841.899,127.5201325597282,2.0
4,6475,16091.927781,SGD,8,1.0,8,1.0,16,162.693,20.336625,49172.3675880339,
4,6476,16092.134248,MLP,32,0.0,0,0.0,26,190.587,5.95584375,167902.32282369732,
4,6477,16092.404457,NB,100,0.5,48,0.48,12,142.608,1.42608,701222.9327947941,
4,6478,16092.588344,MLP,16,0.05,0,0.0,29,179.566,11.222875,89103.72787721506,
4,6479,16092.816334,MLP,64,0.0,0,0.0,25,197.545,3.086640625,323976.8154091473,
4,6480,16093.05938,DT,32,0.01,0,0.0,7,90.421,2.82565625,353900.08958096016,
4,6481,16093.222643,NB,100,0.1,6,0.06,19,139.317,1.39317,717787.4918351673,
4,6482,16093.399108,DT,8,1.0,8,1.0,1,91.081,11.385125,87833.90608359592,
4,6483,16093.545162,SGD,8,0.5,2,0.25,16,154.341,19.292625,51833.27826047518,
4,6484,16093.736255,RF,1,1.0,1,1.0,6,3062.688,3062.688,326.510568494081,18.24
4,6485,16110.230317,DT,16,0.5,6,0.375,17,99.592,6.2245,160655.474335288,
4,6486,16110.40564,MLP,100,0.5,60,0.6,29,258.979,2.58979,386131.69407558144,
4,6487,16110.729344,AB,16,0.5,7,0.4375,10,8134.579,508.4111875,1966.9118709155077,
4,6488,16118.914908,GB,64,0.0,0,0.0,21,322.677,5.041828125,198340.7556162974,
4,6489,16119.294945,LoR,100,1.0,100,1.0,11,182.599,1.82599,547648.1251266437,
4,6490,16119.539747,RF,16,0.05,1,0.0625,17,3288.78,205.54875,4865.0259366695245,
4,6491,16122.900824,AB,64,0.5,40,0.625,29,8437.765,131.840078125,7584.946961665797,
4,6492,16131.402839,AB,16,0.05,1,0.0625,14,8691.21,543.200625,1840.9404444260351,
4,6493,16140.182893,NB,100,0.01,2,0.02,4,151.134,1.51134,661664.4831738722,
4,6494,16140.37479,SGD,16,0.0,0,0.0,25,171.201,10.7000625,93457.39802921712,
4,6495,16140.586788,SGD,1,0.1,0,0.0,4,146.543,146.543,6823.935636639075,
4,6496,16140.888335,LoR,1,0.5,1,1.0,5,142.949,142.949,6995.501892283261,
4,6497,16141.172077,GB,1,0.5,0,0.0,25,238.938,238.938,4185.186115226545,4.0
4,6498,16154.189147,RF,32,0.0,0,0.0,16,3240.018,101.2505625,9876.488340496873,
4,6499,16157.476944,DT,32,1.0,32,1.0,22,107.313,3.35353125,298193.13596675143,
4,6500,16157.622623,MLP,1,1.0,1,1.0,13,184.746,184.746,5412.837084429432,
4,6501,16157.957924,MLP,8,0.0,0,0.0,4,174.667,21.833375,45801.43931023032,
4,6502,16158.209283,MLP,100,0.01,1,0.01,20,219.797,2.1979699999999998,454965.26340213924,
4,6503,16158.469121,LoR,8,1.0,8,1.0,2,147.35,18.41875,54292.50084832033,
4,6504,16158.684853,AB,64,0.05,3,0.046875,23,8451.819,132.059671875,7572.334428837154,
4,6505,16167.200482,AB,16,0.5,6,0.375,16,7958.978,497.436125,2010.3083586862533,
4,6506,16175.209885,MLP,64,0.0,0,0.0,17,204.183,3.190359375,313444.31221012527,
4,6507,16175.467454,DT,64,0.0,0,0.0,2,91.484,1.4294375,699575.8821214639,
4,6508,16175.598673,NB,1,0.01,0,0.0,22,104.688,104.688,9552.193183554944,
4,6509,16175.754028,DT,32,0.0,0,0.0,15,88.558,2.7674375,361345.1071614083,
4,6510,16175.915558,AB,100,0.5,56,0.56,7,8564.042,85.64041999999999,11676.729282738223,
4,6511,16184.527111,AB,32,0.05,0,0.0,18,8125.279,253.91496875,3938.3263023952777,
4,6512,16192.725219,LoR,64,0.05,2,0.03125,25,163.594,2.55615625,391212.3916525056,
4,6513,16192.928042,MLP,1,1.0,1,1.0,14,162.651,162.651,6148.133119378301,
4,6514,16193.279034,SGD,100,0.1,19,0.19,26,165.919,1.6591900000000002,602703.7289279709,
4,6515,16193.48911,NB,32,0.0,0,0.0,0,118.473,3.70228125,270103.7367163826,
4,6516,16193.680675,GB,100,0.5,45,0.45,0,314.255,3.14255,318212.9162622711,
4,6517,16194.038,RF,16,1.0,16,1.0,8,3652.933,228.3083125,4380.042010077929,
4,6518,16197.738074,SGD,8,0.1,0,0.0,15,170.433,21.304125,46939.26645661345,
4,6519,16197.950048,RF,8,0.0,0,0.0,22,3444.712,430.589,2322.4002471033864,
4,6520,16201.442834,DT,1,0.5,1,1.0,20,100.075,100.075,9992.505620784412,21.0
4,6521,16201.783774,SGD,16,0.1,1,0.0625,21,175.686,10.980375,91071.57087075805,
4,6522,16202.03889,GB,100,0.1,4,0.04,2,311.229,3.11229,321306.81909462163,
4,6523,16202.396247,RF,16,0.05,0,0.0,26,3280.586,205.036625,4877.177431105297,
4,6524,16205.736787,DT,100,0.0,0,0.0,11,103.979,1.03979,961732.6575558527,
4,6525,16205.887831,LoR,32,0.05,0,0.0,11,169.256,5.28925,189062.72155787682,
4,6526,16206.132128,SGD,100,0.05,5,0.05,20,171.003,1.71003,584785.0622503699,
4,6527,16206.374956,MLP,64,0.5,32,0.5,2,220.853,3.450828125,289785.51344106713,
4,6528,16206.638448,RF,16,0.0,0,0.0,18,3266.233,204.1395625,4898.609499077377,
4,6529,16209.963904,AB,100,1.0,100,1.0,4,9053.687,90.53687,11045.223896076814,
4,6530,16219.076159,DT,32,0.0,0,0.0,17,94.722,2.9600625,337830.7045881633,
4,6531,16219.211396,DT,1,0.0,0,0.0,13,83.226,83.226,12015.475933001706,7.0
4,6532,16219.531972,NB,8,0.5,6,0.75,24,125.885,15.735625,63550.06553600508,
4,6533,16219.722451,NB,100,0.01,0,0.0,8,142.607,1.42607,701227.8499652892,
4,6534,16219.922977,AB,8,0.5,6,0.75,28,8231.15,1028.89375,971.9176542767415,
4,6535,16228.227468,AB,64,0.5,28,0.4375,14,8472.42,132.3815625,7553.922019918748,
4,6536,16236.779912,MLP,100,0.05,4,0.04,19,256.612,2.56612,389693.3892413449,
4,6537,16237.07759,RF,1,0.0,0,0.0,19,3139.175,3139.175,318.5550343641243,8.83
4,6538,16253.253018,DT,16,1.0,16,1.0,7,99.4,6.2125,160965.79476861167,
4,6539,16253.396657,LoR,16,0.01,0,0.0,5,169.854,10.615875,94198.54698741272,
4,6540,16253.623247,NB,100,1.0,100,1.0,11,141.897,1.4189699999999998,704736.534246672,
4,6541,16253.825657,DT,16,0.05,1,0.0625,15,94.08,5.88,170068.02721088435,
4,6542,16253.965801,GB,64,1.0,64,1.0,27,293.459,4.585296875,218088.38713414822,
4,6543,16254.306463,LoR,32,0.05,0,0.0,16,168.077,5.25240625,190388.9288837854,
4,6544,16254.52362,AB,64,1.0,64,1.0,10,8577.739,134.027171875,7461.173626290099,
4,6545,16263.180835,GB,100,0.01,1,0.01,11,291.803,2.91803,342696.95650832925,
4,6546,16263.515752,NB,1,0.01,0,0.0,25,110.757,110.757,9028.774704984786,
4,6547,16263.703579,AB,32,0.5,17,0.53125,16,8702.949,271.96715625,3676.914572290381,
4,6548,16272.459025,DT,1,0.0,0,0.0,20,84.832,84.832,11788.004526593739,7.0
4,6549,16272.786767,DT,64,0.5,35,0.546875,5,110.006,1.71884375,581786.4480119266,
4,6550,16272.938197,NB,1,0.01,0,0.0,28,114.48,114.48,8735.150244584207,
4,6551,16273.122769,DT,16,0.5,5,0.3125,11,92.292,5.76825,173362.80501018505,
4,6552,16273.263169,SGD,64,1.0,64,1.0,23,186.378,2.91215625,343388.16813143186,
4,6553,16273.511865,LoR,32,0.1,3,0.09375,2,170.372,5.324125,187824.2903763529,
4,6554,16273.749607,LoR,64,0.1,5,0.078125,28,156.613,2.447078125,408650.6228729416,
4,6555,16273.956439,AB,64,0.01,0,0.0,21,8532.413,133.318953125,7500.808973967856,
4,6556,16282.531404,DT,8,0.0,0,0.0,27,88.36,11.045,90538.70529651426,
4,6557,16282.683826,MLP,32,0.1,5,0.15625,5,209.083,6.53384375,153049.26751577124,
4,6558,16282.955701,DT,16,0.1,2,0.125,12,131.193,8.1995625,121957.72640308551,
4,6559,16283.126799,MLP,1,0.5,0,0.0,20,167.556,167.556,5968.153930626178,
4,6560,16283.478518,GB,32,0.1,4,0.125,20,265.079,8.28371875,120718.72913357904,
4,6561,16283.80638,MLP,16,0.05,1,0.0625,9,189.891,11.8681875,84258.86429583287,
4,6562,16284.052841,SGD,100,1.0,100,1.0,27,170.841,1.70841,585339.5847600985,
4,6563,16284.266999,NB,16,0.1,0,0.0,26,115.624,7.2265,138379.57517470422,
4,6564,16284.424482,AB,16,0.01,0,0.0,8,8606.515,537.9071875,1859.0567726890617,
4,6565,16293.108801,GB,100,1.0,100,1.0,4,324.814,3.2481400000000002,307868.5032049111,
4,6566,16293.494838,RF,100,0.0,0,0.0,22,3745.435,37.45435,26699.16845439849,
4,6567,16297.286095,MLP,8,1.0,8,1.0,3,225.883,28.235375,35416.56521296423,
4,6568,16297.570529,RF,100,0.0,0,0.0,13,3750.387,37.50387,26663.91495064376,
4,6569,16301.369946,DT,16,0.01,0,0.0,7,96.752,6.047,165371.258475277,
4,6570,16301.538123,SGD,64,0.01,1,0.015625,20,180.869,2.826078125,353847.2596188402,
4,6571,16301.782498,DT,32,0.05,1,0.03125,12,93.101,2.90940625,343712.74207581015,
4,6572,16301.941455,GB,64,0.1,9,0.140625,18,285.068,4.4541875,224507.83672667574,
4,6573,16302.282762,DT,100,0.0,0,0.0,7,103.448,1.0344799999999998,966669.2444513186,
4,6574,16302.430848,GB,16,0.0,0,0.0,23,229.065,14.3165625,69849.16944971951,
4,6575,16302.735653,SGD,100,0.5,50,0.5,22,177.782,1.7778200000000002,562486.6409422776,
4,6576,16302.961515,AB,64,1.0,64,1.0,23,8636.801,134.950015625,7410.151050139977,
4,6577,16311.643766,GB,8,0.01,0,0.0,2,211.465,26.433125,37831.319603716925,
4,6578,16311.89806,RF,1,0.01,1,1.0,21,3059.889,3059.889,326.8092404659123,23.73
4,6579,16328.094679,NB,1,0.5,1,1.0,21,115.083,115.083,8689.380707836952,
4,6580,16328.263422,SGD,16,0.01,0,0.0,13,163.143,10.1964375,98073.46928768013,
4,6581,16328.502897,MLP,100,0.1,5,0.05,3,240.145,2.40145,416415.0825542901,
4,6582,16328.786541,GB,8,0.01,0,0.0,21,220.426,27.55325,36293.35922259625,
4,6583,16329.076858,MLP,64,0.5,27,0.421875,16,211.857,3.310265625,302090.56108601554,
4,6584,16329.330764,AB,1,0.5,0,0.0,10,7972.455,7972.455,125.43187763367746,2.0
4,6585,16350.162563,DT,100,0.1,15,0.15,25,106.049,1.0604900000000002,942960.3296589312,
4,6586,16350.310397,DT,8,0.05,0,0.0,26,90.617,11.327125,88283.6553847512,
4,6587,16350.439297,DT,8,0.0,0,0.0,9,84.297,10.537125,94902.54694710369,
4,6588,16350.581292,SGD,16,0.5,5,0.3125,19,159.496,9.9685,100315.99538546421,
4,6589,16350.782379,LoR,8,0.05,0,0.0,19,152.24,19.03,52548.607461902255,
4,6590,16350.974701,AB,1,0.1,0,0.0,7,7894.37,7894.37,126.67255271794963,2.0
4,6591,16371.641756,NB,64,0.05,2,0.03125,14,135.274,2.11365625,473113.82823011075,
4,6592,16371.830719,RF,100,0.0,0,0.0,6,3783.077,37.83077,26433.509019245445,
4,6593,16375.694269,MLP,100,0.05,8,0.08,9,247.122,2.47122,404658.4278210762,
4,6594,16375.984882,RF,16,1.0,16,1.0,21,3592.109,224.5068125,4454.207820531059,
4,6595,16379.62516,RF,32,0.0,0,0.0,19,3255.153,101.72353125,9830.56710391186,
4,6596,16382.925318,RF,16,1.0,16,1.0,13,3523.431,220.2144375,4541.02833289484,
4,6597,16386.530225,AB,100,0.5,45,0.45,5,8812.108,88.12108,11348.022516292356,
4,6598,16395.396917,RF,64,0.01,0,0.0,12,3262.837,50.981828125,19614.832123087974,
4,6599,16398.704399,SGD,1,0.05,0,0.0,4,170.226,170.226,5874.543254261981,
4,6600,16399.053077,AB,1,0.1,0,0.0,20,8328.674,8328.674,120.06713193480738,2.0
4,6601,16420.288945,DT,100,0.5,48,0.48,10,116.283,1.16283,859970.9329824651,
4,6602,16420.464676,RF,8,0.5,2,0.25,28,3240.677,405.084625,2468.6199827998903,
4,6603,16423.77026,RF,16,0.5,8,0.5,26,3466.713,216.6695625,4615.322929818534,
4,6604,16427.281001,GB,1,0.01,0,0.0,29,312.198,312.198,3203.0954714636227,4.0
4,6605,16440.138251,AB,100,0.01,0,0.0,4,8578.672,85.78672,11656.8158801269,
4,6606,16448.776162,AB,100,0.0,0,0.0,20,9120.706,91.20706,10964.063527538328,
4,6607,16457.987295,AB,32,0.05,1,0.03125,14,8210.923,256.59134375,3897.2476054153713,
4,6608,16466.258147,RF,100,1.0,100,1.0,14,5491.969,54.91969,18208.4057648541,
4,6609,16471.798734,RF,16,1.0,16,1.0,24,3585.348,224.08425,4462.607255976268,
4,6610,16475.467594,NB,100,0.5,48,0.48,10,160.087,1.6008699999999998,624660.3409396141,
4,6611,16475.668502,RF,8,0.05,0,0.0,11,3103.375,387.921875,2577.838643412414,
4,6612,16478.818573,MLP,32,1.0,32,1.0,14,280.384,8.762,114129.1942478886,
4,6613,16479.140059,LoR,1,1.0,1,1.0,0,159.934,159.934,6252.579188915428,
4,6614,16479.490438,DT,100,0.5,55,0.55,23,114.09,1.1409,876501.0079761591,
4,6615,16479.66385,MLP,16,0.05,1,0.0625,16,184.599,11.5374375,86674.35901602934,
4,6616,16479.902727,NB,100,0.0,0,0.0,0,141.6,1.416,706214.6892655367,
4,6617,16480.081521,MLP,1,1.0,1,1.0,9,169.704,169.704,5892.613020317729,
4,6618,16480.428813,AB,64,0.01,1,0.015625,15,8410.79,131.41859375,7609.273326286829,
4,6619,16488.905757,SGD,32,0.5,20,0.625,10,158.653,4.95790625,201698.04541987862,
4,6620,16489.10274,AB,1,0.0,0,0.0,7,8065.124,8065.124,123.99065408045803,2.0
4,6621,16510.892197,MLP,32,0.05,2,0.0625,15,269.164,8.411375,118886.62674057453,
4,6622,16511.205503,RF,1,0.1,0,0.0,29,3092.21,3092.21,323.3933012311583,7.01
4,6623,16527.835913,NB,8,1.0,8,1.0,1,129.471,16.183875,61789.898896277926,
4,6624,16528.038625,NB,64,0.05,6,0.09375,8,130.631,2.041109375,489929.6491644403,
4,6625,16528.242772,RF,100,0.5,56,0.56,7,4968.511,49.68511,20126.75427306088,
4,6626,16533.296562,AB,100,0.01,2,0.02,20,9211.047,92.11047,10856.52912204226,
4,6627,16542.584371,AB,64,0.01,0,0.0,1,8506.972,132.9214375,7523.240936963234,
4,6628,16551.176239,SGD,100,0.1,5,0.05,15,196.862,1.96862,507970.050085847,
4,6629,16551.422928,NB,32,1.0,32,1.0,25,127.037,3.96990625,251895.11717058808,
4,6630,16551.617423,LoR,64,0.01,2,0.03125,25,167.603,2.618796875,381854.7400702851,
4,6631,16551.841375,AB,100,1.0,100,1.0,1,8729.481,87.29481,11455.434750359156,
4,6632,16560.637254,GB,16,0.5,6,0.375,5,262.378,16.398625,60980.72246910945,
4,6633,16560.971643,NB,64,0.5,24,0.375,15,136.197,2.128078125,469907.560372108,
4,6634,16561.148828,LoR,8,0.01,0,0.0,20,159.554,19.94425,50139.76459380523,
4,6635,16561.37001,MLP,16,0.1,1,0.0625,4,198.216,12.3885,80720.02260160632,
4,6636,16561.609611,NB,1,0.5,1,1.0,22,103.069,103.069,9702.238306377281,
4,6637,16561.770171,SGD,8,0.01,0,0.0,8,155.579,19.447375,51420.82157617673,
4,6638,16561.968611,MLP,16,0.01,0,0.0,21,177.988,11.12425,89893.70069892352,
4,6639,16562.185951,AB,1,0.0,0,0.0,21,7929.449,7929.449,126.11216744063806,2.0
4,6640,16582.990158,NB,64,0.0,0,0.0,24,170.196,2.6593125,376037.0396484054,
4,6641,16583.201439,GB,16,1.0,16,1.0,22,247.746,15.484125,64582.273780404124,
4,6642,16583.49187,SGD,1,0.01,0,0.0,20,161.277,161.277,6200.512162304607,
4,6643,16583.845343,NB,100,0.1,9,0.09,3,141.641,1.41641,706010.2653892589,
4,6644,16584.034967,NB,64,0.0,0,0.0,27,124.583,1.946609375,513713.74906688713,
4,6645,16584.217622,LoR,16,0.5,6,0.375,10,157.608,9.8505,101517.68945738795,
4,6646,16584.415474,LoR,1,0.5,0,0.0,3,146.017,146.017,6848.517638357178,
4,6647,16584.751805,NB,100,0.1,6,0.06,4,140.127,1.40127,713638.3423608583,
4,6648,16584.949398,AB,8,0.1,1,0.125,1,8215.744,1026.968,973.7401749616346,
4,6649,16593.243785,DT,100,0.05,4,0.04,18,95.017,0.95017,1052443.2469979057,
4,6650,16593.377288,NB,8,1.0,8,1.0,13,109.971,13.746375,72746.4513371707,
4,6651,16593.528321,RF,32,1.0,32,1.0,8,4112.928,128.529,7780.345291724047,
4,6652,16597.697411,AB,64,0.05,0,0.0,9,8897.193,139.018640625,7193.27994795662,
4,6653,16606.667254,MLP,100,0.01,0,0.0,19,293.336,2.93336,340905.9917637112,
4,6654,16607.014196,RF,1,0.05,0,0.0,11,3230.543,3230.543,309.54548507789553,6.68
4,6655,16623.388668,GB,64,0.5,38,0.59375,26,313.816,4.903375,203941.16297448188,
4,6656,16623.782417,LoR,100,0.05,6,0.06,25,192.382,1.92382,519799.1496085912,
4,6657,16624.0502,SGD,100,0.05,3,0.03,13,173.786,1.73786,575420.3445617023,
4,6658,16624.291836,AB,64,0.1,3,0.046875,27,8532.375,133.318359375,7500.842379759446,
4,6659,16632.897803,SGD,64,0.05,1,0.015625,5,164.108,2.5641875,389987.0816779194,
4,6660,16633.103471,SGD,1,0.01,0,0.0,24,146.379,146.379,6831.581032798421,
4,6661,16633.424948,AB,16,0.01,1,0.0625,19,8189.381,511.8363125,1953.7496179503676,
4,6662,16641.665329,SGD,64,0.0,0,0.0,25,160.793,2.512390625,398027.2773068479,
4,6663,16641.870714,GB,16,0.01,0,0.0,27,236.913,14.8070625,67535.3399771224,
4,6664,16642.149799,NB,1,0.5,1,1.0,4,110.061,110.061,9085.870562687964,
4,6665,16642.306866,SGD,1,1.0,1,1.0,10,151.325,151.325,6608.293408227326,
4,6666,16642.633525,SGD,32,0.5,10,0.3125,4,155.243,4.85134375,206128.45667759576,
4,6667,16642.829337,LoR,1,0.05,0,0.0,10,143.724,143.724,6957.780189808244,
4,6668,16643.157946,AB,8,0.01,0,0.0,2,8542.368,1067.796,936.5084716556346,
4,6669,16651.801351,AB,16,1.0,16,1.0,20,8474.749,529.6718125,1887.9615195683082,
4,6670,16660.345745,DT,16,1.0,16,1.0,28,94.026,5.876625,170165.69884925446,
4,6671,16660.48908,AB,1,1.0,1,1.0,8,7982.122,7982.122,125.27996941164267,2.0
4,6672,16681.399085,SGD,8,0.01,0,0.0,17,181.772,22.7215,44011.178839425214,
4,6673,16681.655662,DT,64,0.1,7,0.109375,26,99.186,1.54978125,645252.3541628858,
4,6674,16681.810345,LoR,100,0.0,0,0.0,21,173.657,1.7365700000000002,575847.7919116418,
4,6675,16682.052109,MLP,64,0.1,8,0.125,14,227.436,3.5536875,281397.84378902195,
4,6676,16682.355205,SGD,100,0.01,4,0.04,0,167.25,1.6725,597907.3243647235,
4,6677,16682.583114,RF,8,0.5,3,0.375,5,3364.693,420.586625,2377.631480791858,
4,6678,16686.022865,MLP,64,0.1,11,0.171875,24,228.609,3.572015625,279953.982564116,
4,6679,16686.293173,NB,8,0.0,0,0.0,27,119.249,14.906125,67086.51644877525,
4,6680,16686.450316,NB,1,0.0,0,0.0,27,101.531,101.531,9849.208616087697,
4,6681,16686.602415,SGD,8,0.01,0,0.0,26,156.482,19.56025,51124.0909497578,
4,6682,16686.819645,AB,16,0.05,2,0.125,9,8295.336,518.4585,1928.7946865563977,
4,6683,16695.188568,LoR,64,0.5,39,0.609375,3,162.39,2.53734375,394112.93798879243,
4,6684,16695.394524,MLP,32,0.0,0,0.0,8,187.637,5.86365625,170542.05727015462,
4,6685,16695.64471,RF,16,0.5,7,0.4375,10,3371.594,210.724625,4745.5298591704695,
4,6686,16699.094961,RF,16,0.0,0,0.0,12,3153.72,197.1075,5073.3736666539835,
4,6687,16702.293231,AB,1,0.5,0,0.0,27,7996.367,7996.367,125.05679141540152,2.0
4,6688,16723.180096,SGD,1,0.0,0,0.0,9,161.712,161.712,6183.832987038686,
4,6689,16723.519151,MLP,8,0.1,2,0.25,2,180.105,22.513125,44418.53363315844,
4,6690,16723.761631,LoR,16,0.5,8,0.5,22,152.508,9.53175,104912.52917879717,
4,6691,16723.956232,AB,16,0.01,0,0.0,22,8573.775,535.8609375,1866.1558065146335,
4,6692,16732.590225,MLP,8,0.01,0,0.0,21,202.89,25.36125,39430.23313125339,
4,6693,16732.847963,SGD,64,1.0,64,1.0,17,168.857,2.638390625,379018.9331801465,
4,6694,16733.057988,RF,8,0.0,0,0.0,29,3288.501,411.062625,2432.719345379551,
4,6695,16736.391057,DT,8,0.0,0,0.0,29,95.911,11.988875,83410.66196786604,
4,6696,16736.563971,NB,100,0.05,7,0.07,20,155.651,1.55651,642462.9459495923,
4,6697,16736.760113,NB,8,0.1,0,0.0,11,110.298,13.78725,72530.78024986853,
4,6698,16736.926642,LoR,8,0.1,1,0.125,27,161.143,20.142875,49645.34605909037,
4,6699,16737.125251,SGD,1,1.0,1,1.0,2,151.09,151.09,6618.571712224501,
4,6700,16737.432453,RF,1,0.5,0,0.0,23,3103.954,3103.954,322.1697228760478,6.6
4,6701,16753.58228,GB,64,0.5,34,0.53125,2,307.556,4.8055625,208092.1848378832,
4,6702,16753.952688,MLP,16,0.5,9,0.5625,18,201.03,12.564375,79590.11092871711,
4,6703,16754.211597,RF,100,0.01,0,0.0,20,3785.353,37.85353,26417.615477341213,
4,6704,16758.04517,GB,32,0.0,0,0.0,22,264.345,8.26078125,121053.92574098242,
4,6705,16758.35359,LoR,8,0.05,0,0.0,5,163.737,20.467125,48858.84070185725,
4,6706,16758.557728,GB,8,1.0,8,1.0,22,221.294,27.66175,36151.00273843845,
4,6707,16758.818408,DT,1,1.0,1,1.0,18,89.444,89.444,11180.17977729082,35.0
4,6708,16759.134845,RF,16,0.05,0,0.0,24,3090.183,193.1364375,5177.686887799202,
4,6709,16762.293918,NB,32,0.1,3,0.09375,21,129.267,4.03959375,247549.64530777384,
4,6710,16762.481522,AB,8,0.5,3,0.375,5,8210.335,1026.291875,974.3816787012955,
4,6711,16770.735768,RF,16,1.0,16,1.0,3,3664.277,229.0173125,4366.48211911927,
4,6712,16774.471457,NB,32,0.1,3,0.09375,10,130.093,4.06540625,245977.87736465453,
4,6713,16774.643182,AB,8,0.05,0,0.0,1,8238.254,1029.78175,971.0795515651738,
4,6714,16782.922666,AB,1,1.0,1,1.0,11,7892.236,7892.236,126.70680400332681,2.0
4,6715,16803.750545,RF,8,0.0,0,0.0,25,3077.551,384.693875,2599.469513259082,
4,6716,16806.91008,RF,100,0.1,11,0.11,17,4100.203,41.002030000000005,24389.03634771254,
4,6717,16811.122376,LoR,64,0.05,1,0.015625,8,184.425,2.881640625,347024.535719127,
4,6718,16811.367703,DT,8,0.05,1,0.125,13,92.957,11.619625,86061.29715890143,
4,6719,16811.521805,GB,32,0.5,16,0.5,22,256.202,8.0063125,124901.4449535913,
4,6720,16811.838245,AB,16,0.1,2,0.125,22,8231.642,514.477625,1943.7191267550265,
4,6721,16820.111798,MLP,8,1.0,8,1.0,1,190.741,23.842625,41941.690564692435,
4,6722,16820.342926,SGD,1,1.0,1,1.0,20,149.979,149.979,6667.600130684962,
4,6723,16820.647058,LoR,16,1.0,16,1.0,16,148.081,9.2550625,108048.9731971016,
4,6724,16820.837527,MLP,8,0.01,0,0.0,7,169.88,21.235,47092.064987049685,
4,6725,16821.083422,SGD,100,0.05,5,0.05,18,162.253,1.6225299999999998,616321.4239490179,
4,6726,16821.304399,GB,16,0.5,8,0.5,0,233.32,14.5825,68575.34716269502,
4,6727,16821.580574,MLP,8,0.05,0,0.0,15,177.724,22.2155,45013.616619027256,
4,6728,16821.810216,SGD,64,0.01,0,0.0,25,159.315,2.489296875,401719.86316417163,
4,6729,16822.012342,NB,16,0.01,0,0.0,0,114.884,7.18025,139270.9167508095,
4,6730,16822.183612,NB,100,0.01,0,0.0,22,134.821,1.34821,741724.2121034557,
4,6731,16822.380376,AB,32,0.05,1,0.03125,3,8745.165,273.28640625,3659.1648070676765,
4,6732,16831.187186,RF,16,1.0,16,1.0,16,3742.586,233.911625,4275.118861664101,
4,6733,16834.989911,DT,8,1.0,8,1.0,8,134.519,16.814875,59471.15277395758,
4,6734,16835.168408,NB,16,0.0,0,0.0,23,130.534,8.158375,122573.42914489712,
4,6735,16835.336407,NB,1,0.0,0,0.0,18,101.764,101.764,9826.657757163634,
4,6736,16835.512805,LoR,32,0.01,1,0.03125,1,181.862,5.6831875,175957.59421979304,
4,6737,16835.733756,MLP,8,0.0,0,0.0,5,190.781,23.847625,41932.89688176495,
4,6738,16835.98231,GB,100,0.0,0,0.0,14,308.575,3.08575,324070.3232601475,
4,6739,16836.349371,SGD,100,1.0,100,1.0,3,177.425,1.77425,563618.4303226715,
4,6740,16836.5881,LoR,8,0.1,1,0.125,0,152.092,19.0115,52599.742261262916,
4,6741,16836.802929,AB,32,0.1,4,0.125,21,8361.244,261.288875,3827.1816968862527,
4,6742,16845.237066,RF,64,0.1,6,0.09375,18,3742.588,58.4779375,17100.466308340645,
4,6743,16849.063056,RF,100,0.05,5,0.05,19,3893.395,38.93395,25684.524688607245,
4,6744,16853.017984,DT,100,0.01,0,0.0,15,108.168,1.08168,924487.833740108,
4,6745,16853.167056,GB,8,1.0,8,1.0,16,251.983,31.497875,31748.173487894022,
4,6746,16853.464035,NB,16,0.05,0,0.0,29,123.283,7.7051875,129782.69509989212,
4,6747,16853.652616,AB,32,0.5,13,0.40625,8,8363.499,261.35934375,3826.1497968732942,
4,6748,16862.068499,NB,64,0.0,0,0.0,29,130.084,2.0325625,491989.7912118323,
4,6749,16862.240153,LoR,16,1.0,16,1.0,1,160.22,10.01375,99862.68880289602,
4,6750,16862.449502,AB,64,0.0,0,0.0,24,8532.275,133.316796875,7500.930291159158,
4,6751,16871.050018,RF,1,0.01,0,0.0,7,3039.894,3039.894,328.9588386963493,6.9
4,6752,16887.071166,GB,32,0.05,3,0.09375,4,267.805,8.36890625,119489.92737252852,
4,6753,16887.401457,AB,16,0.5,5,0.3125,13,8207.306,512.956625,1949.4825707729185,
4,6754,16895.687213,RF,100,0.5,50,0.5,24,4639.062,46.39062,21556.081811366177,
4,6755,16900.379594,LoR,64,1.0,64,1.0,2,181.405,2.834453125,352801.74195860093,
4,6756,16900.603539,LoR,16,1.0,16,1.0,21,154.334,9.645875,103671.25843948837,
4,6757,16900.82633,MLP,32,0.1,4,0.125,9,206.944,6.467,154631.20457708367,
4,6758,16901.102314,RF,64,0.05,5,0.078125,24,3672.936,57.389625,17424.75229625564,
4,6759,16904.840766,AB,16,0.5,6,0.375,9,8647.275,540.4546875,1850.2938787074543,
4,6760,16913.531518,GB,1,0.1,0,0.0,10,223.484,223.484,4474.593259472714,4.0
4,6761,16926.491306,AB,64,0.05,5,0.078125,28,8526.163,133.221296875,7506.307350680488,
4,6762,16935.06181,SGD,1,0.5,0,0.0,29,158.771,158.771,6298.37942697344,
4,6763,16935.406463,AB,64,0.5,30,0.46875,20,8407.976,131.374625,7611.820014709841,
4,6764,16943.866247,NB,64,1.0,64,1.0,9,131.95,2.06171875,485032.20917014027,
4,6765,16944.073494,MLP,100,0.05,6,0.06,26,237.637,2.37637,420809.89071567135,
4,6766,16944.353483,NB,1,0.05,0,0.0,11,102.409,102.409,9764.766768545733,
4,6767,16944.541002,NB,100,0.5,56,0.56,20,138.911,1.38911,719885.3942452362,
4,6768,16944.71833,RF,1,0.5,1,1.0,5,3077.89,3077.89,324.8979008346627,15.19
4,6769,16960.892731,GB,100,0.05,8,0.08,9,286.025,2.8602499999999997,349619.788480028,
4,6770,16961.221575,RF,1,0.1,0,0.0,15,3001.934,3001.934,333.1185828868989,6.99
4,6771,16977.146082,LoR,8,0.05,1,0.125,2,165.756,20.7195,48263.71292743551,
4,6772,16977.367946,LoR,100,1.0,100,1.0,24,165.66,1.6566,603646.0219727152,
4,6773,16977.602911,LoR,64,0.5,31,0.484375,27,157.068,2.4541875,407466.8296533985,
4,6774,16977.822045,SGD,32,0.1,5,0.15625,13,154.386,4.8245625,207272.68016529997,
4,6775,16978.037852,MLP,32,0.5,18,0.5625,21,191.105,5.97203125,167447.21488187124,
4,6776,16978.271742,RF,8,0.05,0,0.0,0,3170.79,396.34875,2523.030538130876,
4,6777,16981.487593,AB,1,0.5,0,0.0,26,7941.468,7941.468,125.92130321497235,2.0
4,6778,17002.102256,GB,100,0.01,1,0.01,5,276.661,2.76661,361453.1863905646,
4,6779,17002.454503,LoR,100,0.1,9,0.09,23,173.955,1.7395500000000002,574861.3147078267,
4,6780,17002.689803,RF,32,0.1,3,0.09375,17,3315.332,103.604125,9652.125337673573,
4,6781,17006.049973,AB,8,0.01,0,0.0,0,8148.591,1018.573875,981.7648229000572,
4,6782,17014.241013,SGD,1,0.1,0,0.0,1,155.89,155.89,6414.779652318944,
4,6783,17014.545939,DT,8,0.0,0,0.0,17,85.576,10.697,93484.15443582313,
4,6784,17014.674285,AB,32,0.0,0,0.0,12,8112.588,253.518375,3944.4872585665635,
4,6785,17022.830335,NB,8,0.01,0,0.0,19,111.053,13.881625,72037.6757043934,
4,6786,17023.018678,DT,100,0.05,4,0.04,20,100.426,1.00426,995758.0706191624,
4,6787,17023.159833,SGD,16,0.01,0,0.0,11,154.413,9.6508125,103618.21867329822,
4,6788,17023.361218,NB,64,0.0,0,0.0,8,124.875,1.951171875,512512.5125125125,
4,6789,17023.542647,SGD,16,0.1,3,0.1875,23,151.407,9.4629375,105675.4311227354,
4,6790,17023.731747,AB,8,0.0,0,0.0,11,7932.037,991.504625,1008.5681647728068,
4,6791,17031.740348,NB,100,0.5,48,0.48,24,140.034,1.40034,714112.2870160105,
4,6792,17031.938023,GB,16,0.1,2,0.125,25,227.039,14.1899375,70472.4738921507,
4,6793,17032.210358,RF,32,0.01,0,0.0,13,3219.814,100.6191875,9938.462283846211,
4,6794,17035.475586,NB,8,0.05,0,0.0,7,118.126,14.76575,67724.29439750774,
4,6795,17035.635464,GB,8,0.01,0,0.0,26,221.231,27.653875,36161.29746735313,
4,6796,17035.900635,MLP,32,0.0,0,0.0,27,202.509,6.32840625,158017.66835054246,
4,6797,17036.167435,DT,16,0.5,8,0.5,1,94.058,5.878625,170107.80582193963,
4,6798,17036.297513,RF,1,0.0,0,0.0,3,2956.2,2956.2,338.2721060821325,7.01
4,6799,17051.999446,MLP,1,0.5,0,0.0,5,176.37,176.37,5669.898508816692,
4,6800,17052.327723,RF,8,1.0,8,1.0,26,3364.092,420.5115,2378.056248164438,
4,6801,17055.738412,SGD,16,0.1,0,0.0,17,168.17,10.510625,95141.82077659512,
4,6802,17055.94738,NB,1,0.1,0,0.0,8,103.24,103.24,9686.168151879117,
4,6803,17056.095812,AB,1,0.0,0,0.0,2,7833.922,7833.922,127.64998170775763,2.0
4,6804,17076.600564,LoR,64,0.5,29,0.453125,5,168.844,2.6381875,379048.11542015115,
4,6805,17076.82473,GB,100,1.0,100,1.0,23,291.583,2.91583,342955.52209833905,
4,6806,17077.177028,LoR,8,0.1,1,0.125,22,159.092,19.8865,50285.36947175219,
4,6807,17077.378451,DT,8,1.0,8,1.0,18,91.022,11.37775,87890.83957724506,
4,6808,17077.52191,AB,100,1.0,100,1.0,0,8551.166,85.51165999999999,11694.311629548532,
4,6809,17086.1166,GB,8,0.05,0,0.0,20,210.922,26.36525,37928.71298394667,
4,6810,17086.389638,GB,16,0.1,1,0.0625,8,215.575,13.4734375,74220.10901078512,
4,6811,17086.663,LoR,8,0.5,5,0.625,27,154.753,19.344125,51695.28215931194,
4,6812,17086.890176,GB,100,0.01,2,0.02,8,293.424,2.93424,340803.75156769727,
4,6813,17087.258708,LoR,100,0.01,1,0.01,25,171.619,1.71619,582686.0662280982,
4,6814,17087.472534,SGD,32,1.0,32,1.0,20,155.458,4.8580625,205843.37891906497,
4,6815,17087.686363,MLP,16,0.5,7,0.4375,25,182.32,11.395,87757.78850372971,
4,6816,17087.922721,RF,100,0.0,0,0.0,10,3799.698,37.99698,26317.88105265208,
4,6817,17091.790536,DT,32,0.5,18,0.5625,8,102.653,3.20790625,311729.8081887524,
4,6818,17091.931685,LoR,8,0.0,0,0.0,19,157.358,19.66975,50839.487029575874,
4,6819,17092.127982,LoR,8,0.0,0,0.0,24,147.974,18.49675,54063.55170502927,
4,6820,17092.342489,SGD,64,0.5,34,0.53125,3,156.673,2.448015625,408494.124705597,
4,6821,17092.561443,RF,32,0.01,1,0.03125,3,3284.108,102.628375,9743.8939279707,
4,6822,17095.890532,NB,8,0.1,0,0.0,1,119.885,14.985625,66730.61684113942,
4,6823,17096.050556,AB,1,0.1,0,0.0,26,8065.108,8065.108,123.99090005986281,2.0
4,6824,17117.272548,SGD,1,0.5,0,0.0,19,175.251,175.251,5706.101534370702,
4,6825,17117.61444,RF,16,0.01,0,0.0,15,3262.762,203.922625,4903.820750640101,
4,6826,17120.922843,GB,8,0.1,0,0.0,17,259.359,32.419875,30845.27623872702,
4,6827,17121.225187,MLP,16,1.0,16,1.0,22,204.361,12.7725625,78292.82495192332,
4,6828,17121.469884,NB,1,0.0,0,0.0,25,109.071,109.071,9168.339888696353,
4,6829,17121.630835,DT,32,1.0,32,1.0,8,103.096,3.22175,310390.3158221463,
4,6830,17121.772439,RF,8,0.0,0,0.0,21,3203.039,400.379875,2497.628033876578,
4,6831,17125.049255,GB,64,0.05,3,0.046875,29,279.23,4.36296875,229201.73333810834,
4,6832,17125.405913,MLP,100,0.01,1,0.01,2,239.453,2.39453,417618.4888057364,
4,6833,17125.697519,SGD,64,0.01,0,0.0,27,162.734,2.54271875,393279.8308896727,
4,6834,17125.915902,MLP,100,1.0,100,1.0,6,218.1,2.181,458505.2728106373,
4,6835,17126.175169,AB,1,0.05,0,0.0,28,7866.555,7866.555,127.1204485317906,2.0
4,6836,17147.274739,AB,64,0.5,35,0.546875,8,8497.262,132.76971875,7531.837902609099,
4,6837,17155.845569,GB,64,0.5,34,0.53125,17,289.761,4.527515625,220871.68390501136,
4,6838,17156.176424,NB,8,1.0,8,1.0,27,120.271,15.033875,66516.45034962709,
4,6839,17156.362741,GB,64,0.1,4,0.0625,24,315.075,4.923046875,203126.23978417838,
4,6840,17156.73815,GB,16,0.1,2,0.125,23,245.417,15.3385625,65195.157629667054,
4,6841,17157.026807,LoR,32,0.0,0,0.0,25,173.911,5.43471875,184002.16202540378,
4,6842,17157.241243,MLP,1,0.01,0,0.0,3,172.107,172.107,5810.3389170690325,
4,6843,17157.598713,AB,64,0.5,33,0.515625,28,8341.763,130.340046875,7672.239069846505,
4,6844,17166.019183,DT,100,0.01,1,0.01,10,94.225,0.9422499999999999,1061289.466702043,
4,6845,17166.186119,GB,100,0.1,14,0.14,8,265.633,2.6563299999999996,376459.25016846554,
4,6846,17166.492789,GB,1,0.05,0,0.0,15,208.938,208.938,4786.108797825193,4.0
4,6847,17179.26881,SGD,16,0.5,8,0.5,16,175.917,10.9948125,90951.98303745517,
4,6848,17179.485651,MLP,1,0.01,0,0.0,9,164.138,164.138,6092.434414943523,
4,6849,17179.817467,SGD,8,0.05,1,0.125,16,147.883,18.485375,54096.81978320699,
4,6850,17180.026578,NB,32,0.5,16,0.5,4,118.058,3.6893125,271053.21113351063,
4,6851,17180.2148,LoR,100,0.5,46,0.46,15,165.524,1.65524,604141.9975351007,
4,6852,17180.426939,NB,64,0.0,0,0.0,28,123.979,1.937171875,516216.45601271186,
4,6853,17180.621197,SGD,100,0.01,2,0.02,17,164.338,1.6433799999999998,608501.9898015066,
4,6854,17180.822337,SGD,1,1.0,1,1.0,12,144.552,144.552,6917.925729149372,
4,6855,17181.110837,GB,16,1.0,16,1.0,3,216.746,13.546625,73819.12468972898,
4,6856,17181.402765,NB,100,0.01,1,0.01,15,141.75,1.4175,705467.3721340388,
4,6857,17181.58292,AB,1,0.05,0,0.0,21,7726.318,7726.318,129.4277558857919,2.0
4,6858,17202.165652,SGD,16,0.0,0,0.0,8,270.59,16.911875,59130.04915185336,
4,6859,17202.547696,RF,8,0.1,0,0.0,10,3285.812,410.7265,2434.7102025313684,
4,6860,17205.883005,DT,8,0.01,0,0.0,24,99.204,12.4005,80641.90960041934,
4,6861,17206.053318,MLP,64,0.5,40,0.625,27,240.388,3.7560625,266236.25139358034,
4,6862,17206.367457,DT,8,0.1,1,0.125,7,92.36,11.545,86617.583369424,
4,6863,17206.497111,GB,1,1.0,1,1.0,23,227.268,227.268,4400.091521903656,4.0
4,6864,17219.762886,LoR,100,1.0,100,1.0,22,282.914,2.8291399999999998,353464.30363997543,
4,6865,17220.093585,DT,8,0.05,0,0.0,8,99.285,12.410625,80576.1192526565,
4,6866,17220.236793,DT,16,0.05,0,0.0,14,111.377,6.9610625,143656.2306400783,
4,6867,17220.407725,SGD,16,0.5,12,0.75,12,165.771,10.3606875,96518.6914478407,
4,6868,17220.613372,GB,1,0.05,0,0.0,23,236.118,236.118,4235.170550318061,4.0
4,6869,17233.593905,LoR,16,0.01,0,0.0,2,163.498,10.218625,97860.52428775888,
4,6870,17233.814414,NB,100,0.0,0,0.0,19,150.791,1.5079099999999999,663169.5525595029,
4,6871,17234.013241,RF,64,0.0,0,0.0,22,3522.287,55.035734375,18170.01283541063,
4,6872,17237.588082,NB,64,1.0,64,1.0,12,140.284,2.1919375,456217.38758518436,
4,6873,17237.770745,SGD,8,0.01,0,0.0,16,164.526,20.56575,48624.53350838165,
4,6874,17237.975517,RF,8,1.0,8,1.0,4,3430.813,428.851625,2331.808816161067,
4,6875,17241.471585,NB,8,0.1,1,0.125,28,121.608,15.201,65785.14571409776,
4,6876,17241.666254,SGD,100,0.05,4,0.04,28,179.198,1.7919800000000001,558041.9424323932,
4,6877,17241.917134,MLP,64,0.1,5,0.078125,10,227.096,3.548375,281819.1425652587,
4,6878,17242.219163,RF,100,0.01,1,0.01,19,3796.41,37.9641,26340.674479310717,
4,6879,17246.070581,AB,64,0.05,0,0.0,18,8547.59,133.55609375,7487.490626012712,
4,6880,17254.676105,LoR,100,1.0,100,1.0,15,170.582,1.70582,586228.3242077124,
4,6881,17254.888855,LoR,1,0.05,0,0.0,7,180.776,180.776,5531.707748816214,
4,6882,17255.235568,RF,64,0.01,0,0.0,22,3712.26,58.0040625,17240.17175521111,
4,6883,17258.995615,RF,16,0.01,0,0.0,27,3185.713,199.1070625,5022.423551650761,
4,6884,17262.24983,AB,32,0.5,11,0.34375,4,8353.463,261.04571875,3830.746601738704,
4,6885,17270.683266,DT,100,0.1,6,0.06,2,98.181,0.98181,1018527.0062435706,
4,6886,17270.825113,LoR,1,0.5,0,0.0,29,153.678,153.678,6507.112273715171,
4,6887,17271.168075,AB,1,0.01,0,0.0,15,7879.409,7879.409,126.91307177987588,2.0
4,6888,17292.265721,NB,64,1.0,64,1.0,15,154.944,2.421,413052.45766212314,
4,6889,17292.479995,AB,16,0.05,0,0.0,10,8490.093,530.6308125,1884.549438975521,
4,6890,17301.02326,RF,8,0.05,0,0.0,15,3331.718,416.46475,2401.1636038824417,
4,6891,17304.426672,AB,32,1.0,32,1.0,27,8414.992,262.9685,3802.7368296963323,
4,6892,17312.895191,RF,16,0.01,0,0.0,8,3311.641,206.9775625,4831.441572320188,
4,6893,17316.284356,AB,64,0.5,34,0.53125,1,8534.643,133.353796875,7498.849102417054,
4,6894,17324.884191,DT,16,0.1,2,0.125,24,87.288,5.4555,183301.25561360095,
4,6895,17325.027001,AB,100,0.0,0,0.0,21,8698.737,86.98737,11495.921764274515,
4,6896,17333.806827,AB,100,0.05,4,0.04,4,8632.469,86.32468999999999,11584.171341941686,
4,6897,17342.512455,LoR,64,0.1,6,0.09375,22,182.857,2.857140625,350000.2734377136,
4,6898,17342.736732,RF,1,0.01,0,0.0,26,2995.439,2995.439,333.84088275541586,5.11
4,6899,17358.985264,RF,8,0.5,5,0.625,19,3309.143,413.642875,2417.544361183545,
4,6900,17362.336224,RF,1,1.0,1,1.0,23,3061.131,3061.131,326.6766433713552,16.68
4,6901,17378.527256,LoR,1,0.5,1,1.0,9,167.455,167.455,5971.753605446239,
4,6902,17378.861751,DT,8,1.0,8,1.0,29,94.442,11.80525,84708.07479723005,
4,6903,17379.021627,AB,16,0.05,1,0.0625,22,8265.516,516.59475,1935.7533153405063,
4,6904,17387.352072,MLP,16,0.1,2,0.125,14,200.395,12.5246875,79842.31143491603,
4,6905,17387.609653,MLP,100,0.0,0,0.0,27,225.739,2.25739,442989.47014029475,
4,6906,17387.897181,GB,8,0.05,1,0.125,1,256.52,32.065,31186.65211289568,
4,6907,17388.198557,MLP,32,1.0,32,1.0,24,194.585,6.08078125,164452.55286892617,
4,6908,17388.45783,DT,32,0.05,3,0.09375,2,95.604,2.987625,334714.028701728,
4,6909,17388.595088,RF,16,0.01,0,0.0,7,3170.139,198.1336875,5047.097303935253,
4,6910,17391.8382,MLP,64,0.05,6,0.09375,20,222.121,3.470640625,288131.24378154246,
4,6911,17392.130158,GB,64,0.1,7,0.109375,19,276.709,4.323578125,231289.9110618014,
4,6912,17392.446681,GB,1,1.0,1,1.0,27,210.465,210.465,4751.383840543558,4.0
4,6913,17405.668193,LoR,1,0.1,0,0.0,3,188.773,188.773,5297.3677379710025,
4,6914,17406.039766,MLP,64,1.0,64,1.0,5,281.549,4.399203125,227313.89562740413,
4,6915,17406.395787,NB,1,0.01,0,0.0,6,157.975,157.975,6330.115524608324,
4,6916,17406.605138,SGD,16,1.0,16,1.0,9,204.323,12.7701875,78307.38585474959,
4,6917,17406.879803,GB,16,0.5,7,0.4375,24,290.61,18.163125,55056.60507208974,
4,6918,17407.233029,RF,100,0.0,0,0.0,15,4061.409,40.614090000000004,24621.996947364816,
4,6919,17411.356284,SGD,8,0.01,0,0.0,28,202.567,25.320875,39493.10598468655,
4,6920,17411.603012,RF,8,1.0,8,1.0,1,3391.874,423.98425,2358.5781783167654,
4,6921,17415.097801,MLP,8,0.5,3,0.375,23,210.914,26.36425,37930.15162578112,
4,6922,17415.389514,LoR,100,0.01,1,0.01,3,178.272,1.7827199999999999,560940.5851732185,
4,6923,17415.624287,GB,100,1.0,100,1.0,1,329.637,3.29637,303364.0034340805,
4,6924,17416.015075,DT,8,0.5,2,0.25,16,96.522,12.06525,82882.65887569672,
4,6925,17416.151465,RF,1,0.05,0,0.0,25,3066.036,3066.036,326.1540308072051,7.0
4,6926,17432.240294,SGD,1,0.0,0,0.0,24,161.058,161.058,6208.943362018652,
4,6927,17432.565013,SGD,1,0.05,0,0.0,19,148.94,148.94,6714.113065664026,
4,6928,17432.886354,DT,32,0.1,2,0.0625,3,92.437,2.88865625,346181.7237686208,
4,6929,17433.018864,NB,16,1.0,16,1.0,22,121.068,7.56675,132157.1348333168,
4,6930,17433.198143,MLP,16,0.5,5,0.3125,19,186.739,11.6711875,85681.08429412174,
4,6931,17433.43337,NB,64,1.0,64,1.0,17,128.527,2.008234375,497949.84711383603,
4,6932,17433.634678,LoR,100,0.1,12,0.12,6,169.37,1.6937,590423.333530141,
4,6933,17433.870573,NB,64,0.1,5,0.078125,0,129.202,2.01878125,495348.36922029074,
4,6934,17434.064642,AB,64,0.05,1,0.015625,26,8571.072,133.923,7466.977292922052,
4,6935,17442.707605,MLP,64,0.05,2,0.03125,18,210.755,3.293046875,303670.1383122583,
4,6936,17442.963993,DT,32,0.0,0,0.0,22,97.179,3.03684375,329289.24973502505,
4,6937,17443.120545,LoR,8,0.1,1,0.125,11,154.03,19.25375,51937.93416866844,
4,6938,17443.315244,RF,1,0.1,0,0.0,9,3004.6,3004.6,332.82300472608665,7.03
4,6939,17459.898671,RF,8,0.1,0,0.0,2,3288.042,411.00525,2433.0589451107985,
4,6940,17463.237394,RF,16,1.0,16,1.0,23,3593.825,224.6140625,4452.0810000486945,
4,6941,17466.916075,NB,100,0.5,49,0.49,6,205.393,2.05393,486871.50973986456,
4,6942,17467.181447,RF,16,0.1,2,0.125,13,3248.639,203.0399375,4925.139419923235,
4,6943,17470.50968,NB,100,0.01,2,0.02,6,154.94,1.5493999999999999,645411.1268878275,
4,6944,17470.718865,MLP,100,1.0,100,1.0,16,274.645,2.74645,364106.3918877096,
4,6945,17471.068062,RF,1,0.0,0,0.0,4,3020.863,3020.863,331.031231803627,20.24
4,6946,17487.128015,MLP,64,0.0,0,0.0,22,226.929,3.545765625,282026.5369344597,
4,6947,17487.400938,RF,8,1.0,8,1.0,0,3334.134,416.76675,2399.4236584372434,
4,6948,17490.78062,GB,16,1.0,16,1.0,11,308.398,19.274875,51881.010901497415,
4,6949,17491.151861,MLP,8,0.5,5,0.625,28,188.579,23.572375,42422.53909502118,
4,6950,17491.405047,LoR,32,0.1,4,0.125,15,165.033,5.15728125,193900.61381663062,
4,6951,17491.628455,NB,8,0.5,4,0.5,4,111.831,13.978875,71536.51491983439,
4,6952,17491.789534,SGD,64,0.01,0,0.0,17,165.902,2.59221875,385769.9123578981,
4,6953,17492.009964,LoR,100,1.0,100,1.0,23,161.613,1.61613,618762.1045336699,
4,6954,17492.213586,LoR,8,0.05,0,0.0,22,145.865,18.233125,54845.23360641689,
4,6955,17492.399537,AB,1,0.1,1,1.0,24,8317.335,8317.335,120.23081912655918,2.0
4,6956,17513.822631,LoR,1,0.05,0,0.0,22,175.293,175.293,5704.734359044571,
4,6957,17514.192395,DT,32,0.1,2,0.0625,5,97.945,3.06078125,326713.97212721425,
4,6958,17514.330528,NB,1,0.1,0,0.0,19,110.914,110.914,9015.99437401951,
4,6959,17514.490892,NB,8,0.05,0,0.0,29,108.294,13.53675,73872.97541876743,
4,6960,17514.637705,SGD,1,0.01,0,0.0,29,154.38,154.38,6477.522995206633,
4,6961,17514.948789,SGD,32,0.01,0,0.0,14,193.186,6.0370625,165643.47312952284,
4,6962,17515.183536,SGD,1,0.1,0,0.0,6,144.528,144.528,6919.074504594266,
4,6963,17515.470906,NB,1,0.0,0,0.0,26,100.278,100.278,9972.277069746106,
4,6964,17515.625165,MLP,32,0.01,0,0.0,17,203.502,6.3594375,157246.61182691078,
4,6965,17515.86807,MLP,1,0.0,0,0.0,11,161.683,161.683,6184.942139866282,
4,6966,17516.2119,RF,64,0.05,1,0.015625,8,3984.149,62.252328125,16063.656253819825,
4,6967,17520.263287,DT,8,0.01,0,0.0,19,123.071,15.383875,65003.12827554826,
4,6968,17520.441767,DT,64,1.0,64,1.0,1,115.95,1.81171875,551962.0526088831,
4,6969,17520.623132,AB,32,0.5,17,0.53125,2,8415.86,262.995625,3802.344620751771,
4,6970,17529.084548,DT,8,0.01,0,0.0,11,82.198,10.27475,97325.96900167888,
4,6971,17529.243445,NB,100,0.05,6,0.06,3,157.904,1.57904,633296.1799574426,
4,6972,17529.442813,LoR,8,0.1,0,0.0,15,173.318,21.66475,46157.92935528912,
4,6973,17529.666686,MLP,64,0.01,0,0.0,17,223.334,3.48959375,286566.3087572873,
4,6974,17529.937307,LoR,32,0.05,0,0.0,28,153.355,4.79234375,208666.16673730887,
4,6975,17530.134098,GB,32,1.0,32,1.0,27,277.518,8.6724375,115307.83588812259,
4,6976,17530.48865,NB,100,0.5,52,0.52,25,146.55,1.4655,682360.9689525758,
4,6977,17530.672107,MLP,1,0.0,0,0.0,13,174.541,174.541,5729.3128835058815,
4,6978,17531.017405,AB,16,1.0,16,1.0,7,8598.916,537.43225,1860.6996509792632,
4,6979,17539.713775,DT,64,0.01,1,0.015625,10,96.805,1.512578125,661122.87588451,
4,6980,17539.882982,AB,64,0.1,5,0.078125,6,8577.791,134.027984375,7461.128395410894,
4,6981,17548.506498,GB,1,0.5,1,1.0,26,246.366,246.366,4059.001647954669,4.0
4,6982,17561.712507,GB,16,0.01,0,0.0,24,234.638,14.664875,68190.14822833471,
4,6983,17561.999199,NB,64,0.0,0,0.0,4,141.263,2.207234375,453055.6479757615,
4,6984,17562.199143,GB,8,0.1,1,0.125,20,221.345,27.668125,36142.673202466736,
4,6985,17562.464716,LoR,32,1.0,32,1.0,13,181.443,5.67009375,176363.92696328874,
4,6986,17562.707403,NB,16,0.05,1,0.0625,22,114.558,7.159875,139667.24279404318,
4,6987,17562.893553,SGD,64,0.05,3,0.046875,19,204.688,3.19825,312670.991948722,
4,6988,17563.160352,DT,32,0.05,1,0.03125,25,93.732,2.929125,341398.8819186617,
4,6989,17563.311126,NB,16,0.01,1,0.0625,22,114.485,7.1553125,139756.29995195876,
4,6990,17563.481038,GB,16,0.5,7,0.4375,14,225.886,14.117875,70832.18968860399,
4,6991,17563.762415,GB,100,1.0,100,1.0,3,285.525,2.85525,350232.02871902636,
4,6992,17564.087266,MLP,1,0.0,0,0.0,15,187.364,187.364,5337.20458572618,
4,6993,17564.447585,NB,64,0.01,0,0.0,18,132.63,2.07234375,482545.42712810077,
4,6994,17564.623764,LoR,32,1.0,32,1.0,25,160.012,5.000375,199985.00112491564,
4,6995,17564.825271,NB,16,1.0,16,1.0,14,112.059,7.0036875,142781.9273775422,
4,6996,17565.01058,LoR,100,0.1,8,0.08,5,167.179,1.67179,598161.2523103978,
4,6997,17565.24235,MLP,16,0.01,1,0.0625,8,185.045,11.5653125,86465.45434894215,
4,6998,17565.482466,LoR,100,0.0,0,0.0,3,164.928,1.64928,606325.184322856,
4,6999,17565.68858,NB,1,0.01,0,0.0,3,102.081,102.081,9796.142279170463,
4,7000,17565.867561,LoR,64,0.5,27,0.421875,8,159.974,2.49959375,400065.0105642167,
4,7001,17566.087437,AB,16,0.1,1,0.0625,7,8283.852,517.74075,1931.4685969763823,
4,7002,17574.418246,RF,1,0.05,0,0.0,0,3141.804,3141.804,318.2884737558422,8.86
4,7003,17590.688131,NB,32,0.5,18,0.5625,21,125.274,3.9148125,255440.07535482224,
4,7004,17590.863715,MLP,64,0.01,0,0.0,24,261.915,4.092421875,244354.0843403394,
4,7005,17591.202679,MLP,100,0.05,6,0.06,21,226.258,2.2625800000000003,441973.3224902545,
4,7006,17591.503854,NB,100,0.05,3,0.03,1,147.265,1.4726499999999998,679047.9747394155,
4,7007,17591.701221,RF,64,1.0,64,1.0,13,4867.869,76.060453125,13147.436794211184,
4,7008,17596.614596,GB,1,0.5,1,1.0,22,234.11,234.11,4271.496305155696,4.0
4,7009,17610.08475,SGD,8,0.5,4,0.5,18,189.918,23.73975,42123.442748975875,
4,7010,17610.315942,RF,8,0.0,0,0.0,9,3300.629,412.578625,2423.7804370015533,
4,7011,17613.685932,AB,32,0.5,17,0.53125,28,8385.216,262.038,3816.2403926148113,
4,7012,17622.136851,DT,16,0.5,11,0.6875,4,91.578,5.723625,174714.45106903405,
4,7013,17622.266821,SGD,8,1.0,8,1.0,27,160.767,20.095875,49761.45602020315,
4,7014,17622.486892,NB,8,0.5,6,0.75,0,116.252,14.5315,68816.02036954204,
4,7015,17622.663249,MLP,32,0.5,14,0.4375,17,208.33,6.5103125,153602.4576393222,
4,7016,17622.912706,LoR,1,0.1,0,0.0,24,187.501,187.501,5333.304889040592,
4,7017,17623.264185,GB,64,0.0,0,0.0,22,281.473,4.398015625,227375.2722285974,
4,7018,17623.610568,SGD,32,0.05,2,0.0625,12,165.713,5.17853125,193104.9465038953,
4,7019,17623.825092,AB,64,1.0,64,1.0,1,8671.0,135.484375,7380.924922154308,
4,7020,17632.570525,LoR,16,0.01,0,0.0,23,200.86,12.55375,79657.4728666733,
4,7021,17632.83024,MLP,16,0.0,0,0.0,24,228.669,14.2918125,69970.13150011588,
4,7022,17633.114613,SGD,64,0.01,0,0.0,4,166.879,2.607484375,383511.4064681596,
4,7023,17633.323603,SGD,1,0.1,0,0.0,25,148.776,148.776,6721.514222724095,
4,7024,17633.660811,RF,64,0.01,2,0.03125,26,3796.267,59.316671875,16858.666684930224,
4,7025,17637.5325,RF,64,0.01,1,0.015625,4,3834.41,59.91265625,16690.964190057923,
4,7026,17641.410856,DT,8,1.0,8,1.0,9,105.96,13.245,75500.18875047188,
4,7027,17641.587679,DT,64,0.05,3,0.046875,2,96.81,1.51265625,661088.7305030472,
4,7028,17641.740711,GB,100,1.0,100,1.0,26,332.136,3.3213600000000003,301081.4846930173,
4,7029,17642.130195,MLP,100,0.0,0,0.0,13,254.768,2.54768,392513.9734974565,
4,7030,17642.461654,MLP,100,0.05,6,0.06,25,229.268,2.29268,436170.76957970584,
4,7031,17642.735475,GB,16,0.05,0,0.0,0,243.376,15.211,65741.8973111564,
4,7032,17643.0439,GB,1,1.0,1,1.0,24,219.121,219.121,4563.6885556382085,4.0
4,7033,17656.647524,GB,16,0.05,0,0.0,8,300.328,18.7705,53275.08590607603,
4,7034,17657.018812,RF,16,0.05,1,0.0625,18,3587.024,224.189,4460.52214872273,
4,7035,17660.709633,NB,32,0.01,0,0.0,10,191.449,5.98278125,167146.34184560901,
4,7036,17660.994729,NB,100,0.05,5,0.05,6,166.239,1.66239,601543.5607769537,
4,7037,17661.242724,RF,64,0.1,3,0.046875,23,3947.336,61.677125,16213.466499938188,
4,7038,17665.267036,SGD,1,0.5,0,0.0,17,228.174,228.174,4382.620281013612,
4,7039,17665.677654,SGD,32,0.01,0,0.0,7,165.149,5.16090625,193764.4187975707,
4,7040,17665.926199,LoR,100,0.1,9,0.09,1,176.411,1.76411,566858.075743576,
4,7041,17666.173329,SGD,64,0.5,28,0.4375,6,164.795,2.574921875,388361.29736945906,
4,7042,17666.398327,LoR,16,0.5,8,0.5,0,154.048,9.628,103863.7307852098,
4,7043,17666.594004,DT,8,0.05,0,0.0,7,101.867,12.733375,78533.77443136639,
4,7044,17666.741466,GB,32,0.01,0,0.0,7,301.132,9.410375,106265.69079340622,
4,7045,17667.107443,AB,32,0.1,3,0.09375,26,8441.428,263.794625,3790.8278078069256,
4,7046,17675.621715,GB,64,0.5,28,0.4375,11,285.799,4.465609375,223933.60368650698,
4,7047,17675.953401,RF,16,0.05,0,0.0,7,3331.989,208.2493125,4801.936621039265,
4,7048,17679.367525,RF,100,0.05,9,0.09,3,4036.808,40.36808,24772.047617820812,
4,7049,17683.463284,LoR,100,1.0,100,1.0,4,187.549,1.87549,533193.9919700985,
4,7050,17683.727526,NB,100,0.05,6,0.06,26,150.002,1.5000200000000001,666657.7778962947,
4,7051,17683.917456,SGD,1,0.01,0,0.0,16,158.286,158.286,6317.678126934788,
4,7052,17684.238247,LoR,64,1.0,64,1.0,28,157.608,2.462625,406070.7578295518,
4,7053,17684.44213,DT,32,0.05,0,0.0,16,94.621,2.95690625,338191.3105970134,
4,7054,17684.596866,LoR,16,0.1,2,0.125,9,152.943,9.5589375,104614.13729297843,
4,7055,17684.788935,AB,8,0.0,0,0.0,14,8192.863,1024.107875,976.4596332197915,
4,7056,17693.060436,LoR,100,0.05,4,0.04,22,167.726,1.67726,596210.4861500304,
4,7057,17693.276703,SGD,64,0.0,0,0.0,29,158.568,2.477625,403612.3303566924,
4,7058,17693.483483,SGD,64,0.0,0,0.0,13,154.095,2.407734375,415328.2066257828,
4,7059,17693.676023,GB,1,0.0,0,0.0,13,226.544,226.544,4414.153541916802,4.0
4,7060,17706.740903,SGD,100,0.1,9,0.09,18,178.865,1.78865,559080.871047997,
4,7061,17706.964654,NB,16,0.01,0,0.0,15,156.715,9.7946875,102096.16182241648,
4,7062,17707.174969,DT,100,1.0,100,1.0,19,124.921,1.2492100000000002,800505.9197412764,
4,7063,17707.34159,SGD,8,0.01,0,0.0,14,158.639,19.829875,50428.96135250474,
4,7064,17707.574204,LoR,100,0.1,8,0.08,21,165.355,1.6535499999999999,604759.4569260078,
4,7065,17707.800855,GB,32,0.1,3,0.09375,7,237.508,7.422125,134732.3037539788,
4,7066,17708.080799,MLP,1,0.5,1,1.0,26,183.976,183.976,5435.491585859025,
4,7067,17708.427457,GB,1,0.01,0,0.0,18,207.843,207.843,4811.32393200637,4.0
4,7068,17721.395912,NB,64,0.1,8,0.125,12,134.225,2.097265625,476811.32426895143,
4,7069,17721.57079,RF,1,0.05,0,0.0,16,3089.335,3089.335,323.6942578257133,7.0
4,7070,17738.05613,RF,64,0.0,0,0.0,4,3749.01,58.57828125,17071.17345645917,
4,7071,17741.854973,SGD,1,0.05,0,0.0,17,185.658,185.658,5386.247832035248,
4,7072,17742.206208,MLP,32,1.0,32,1.0,20,210.916,6.591125,151719.1678203645,
4,7073,17742.483249,SGD,32,0.05,2,0.0625,17,157.546,4.9233125,203115.2806164549,
4,7074,17742.681492,DT,1,0.01,0,0.0,28,89.026,89.026,11232.673600970504,7.0
4,7075,17742.961515,RF,8,1.0,8,1.0,16,3431.962,428.99525,2331.028140754472,
4,7076,17746.43788,NB,1,0.5,0,0.0,20,118.466,118.466,8441.240524707511,
4,7077,17746.633784,NB,32,0.5,13,0.40625,25,120.178,3.7555625,266271.6969828088,
4,7078,17746.792588,SGD,1,0.1,0,0.0,19,157.711,157.711,6340.7118083076,
4,7079,17747.161726,MLP,32,0.1,5,0.15625,0,196.855,6.15171875,162556.1961850093,
4,7080,17747.429514,MLP,64,0.05,4,0.0625,17,205.737,3.214640625,311076.7630518575,
4,7081,17747.677623,NB,8,0.1,0,0.0,24,110.889,13.861125,72144.21628836043,
4,7082,17747.825453,DT,1,0.0,0,0.0,28,89.652,89.652,11154.240842368268,7.0
4,7083,17748.109997,MLP,8,1.0,8,1.0,10,182.081,22.760125,43936.48980398834,
4,7084,17748.332976,DT,8,0.0,0,0.0,14,90.091,11.261375,88799.1031290584,
4,7085,17748.483687,GB,16,0.05,1,0.0625,12,260.778,16.298625,61354.86889231453,
4,7086,17748.82154,DT,100,0.05,4,0.04,15,106.455,1.0645499999999999,939364.050537786,
4,7087,17748.999279,NB,100,0.5,42,0.42,27,145.541,1.4554099999999999,687091.6099243512,
4,7088,17749.202368,AB,16,0.5,6,0.375,24,8270.433,516.9020625,1934.6024567274771,
4,7089,17757.53675,AB,8,0.05,1,0.125,14,8164.426,1020.55325,979.8606785094261,
4,7090,17765.779294,MLP,100,0.5,57,0.57,12,231.534,2.31534,431902.01007195486,
4,7091,17766.075575,MLP,32,0.05,2,0.0625,21,187.816,5.86925,170379.52038165013,
4,7092,17766.323479,SGD,8,0.1,1,0.125,1,155.198,19.39975,51547.05601876313,
4,7093,17766.53941,NB,32,0.05,2,0.0625,26,119.107,3.72209375,268665.98940448504,
4,7094,17766.718617,LoR,32,0.05,2,0.0625,23,157.801,4.93128125,202787.05458140318,
4,7095,17766.942625,LoR,64,0.5,33,0.515625,2,195.12,3.04875,328003.28003280034,
4,7096,17767.19113,NB,100,1.0,100,1.0,20,139.276,1.39276,717998.7937620265,
4,7097,17767.396522,GB,64,0.5,35,0.546875,21,287.826,4.49728125,222356.5626454872,
4,7098,17767.740694,AB,100,1.0,100,1.0,5,8704.57,87.0457,11488.21825776575,
4,7099,17776.510517,LoR,16,0.1,1,0.0625,5,155.862,9.741375,102654.9126791649,
4,7100,17776.732921,NB,32,0.5,16,0.5,5,118.928,3.7165,269070.36189963674,
4,7101,17776.912342,AB,32,0.5,21,0.65625,0,8241.057,257.53303125,3882.9970475874634,
4,7102,17785.220664,AB,32,0.5,20,0.625,11,8213.842,256.6825625,3895.862618248561,
4,7103,17793.480399,MLP,16,0.01,0,0.0,5,180.716,11.29475,88536.7095331902,
4,7104,17793.724613,DT,8,0.05,1,0.125,6,88.339,11.042375,90560.2282117751,
4,7105,17793.850694,MLP,1,1.0,1,1.0,27,165.339,165.339,6048.179800289103,
4,7106,17794.178614,LoR,32,0.01,0,0.0,14,152.656,4.7705,209621.63295252068,
4,7107,17794.37775,NB,32,0.01,0,0.0,0,117.166,3.6614375,273116.7744908933,
4,7108,17794.541692,MLP,64,1.0,64,1.0,10,205.682,3.21378125,311159.9459359594,
4,7109,17794.790369,AB,8,0.01,0,0.0,13,8088.624,1011.078,989.0433774644489,
4,7110,17802.923944,MLP,8,0.01,0,0.0,5,181.937,22.742125,43971.264778467266,
4,7111,17803.149055,DT,16,0.0,0,0.0,1,90.983,5.6864375,175857.02823604408,
4,7112,17803.314177,AB,100,0.05,6,0.06,8,8703.892,87.03892,11489.113146164957,
4,7113,17812.085696,LoR,32,0.5,16,0.5,24,156.621,4.89440625,204314.8747613666,
4,7114,17812.318768,MLP,100,0.5,54,0.54,9,224.965,2.24965,444513.5910030449,
4,7115,17812.585803,MLP,1,0.01,0,0.0,6,160.611,160.611,6226.22360859468,
4,7116,17812.901722,SGD,8,0.05,0,0.0,24,149.971,18.746375,53343.64643831141,
4,7117,17813.100947,AB,64,0.0,0,0.0,7,8447.884,131.9981875,7575.861600372354,
4,7118,17821.597263,DT,8,0.05,0,0.0,28,82.339,10.292375,97159.30482517398,
4,7119,17821.734899,MLP,100,1.0,100,1.0,26,233.482,2.33482,428298.5412151686,
4,7120,17822.011228,SGD,1,0.01,0,0.0,14,150.928,150.928,6625.675818933531,
4,7121,17822.317839,DT,1,0.5,1,1.0,11,86.584,86.584,11549.477963596046,14.0
4,7122,17822.611302,RF,8,0.05,0,0.0,28,3181.912,397.739,2514.2115809613842,
4,7123,17825.835322,AB,1,0.0,0,0.0,0,8295.713,8295.713,120.54418951089558,2.0
4,7124,17847.208227,AB,100,0.5,55,0.55,8,8805.16,88.0516,11356.977045277996,
4,7125,17856.059801,RF,1,0.05,0,0.0,12,3152.981,3152.981,317.16017318214097,7.03
4,7126,17872.211824,AB,64,0.5,35,0.546875,23,8455.665,132.119765625,7568.890205560413,
4,7127,17880.720125,RF,64,0.0,0,0.0,1,3449.511,53.898609375,18553.35437399678,
4,7128,17884.244197,DT,64,0.1,5,0.078125,22,105.306,1.64540625,607752.6446736179,
4,7129,17884.388083,SGD,1,1.0,1,1.0,18,176.48,176.48,5666.364460562104,
4,7130,17884.726513,LoR,32,0.0,0,0.0,28,158.356,4.948625,202076.33433529516,
4,7131,17884.926202,SGD,1,0.01,0,0.0,5,147.21,147.21,6793.016778751443,
4,7132,17885.248457,RF,64,0.1,8,0.125,4,3747.469,58.554203125,17078.193308603753,
4,7133,17889.043837,AB,16,0.05,0,0.0,24,8201.442,512.590125,1950.8764434351913,
4,7134,17897.28725,AB,8,0.0,0,0.0,16,7953.712,994.214,1005.8196726258129,
4,7135,17905.286816,DT,16,0.01,0,0.0,5,81.916,5.11975,195322.0372088481,
4,7136,17905.406515,DT,1,1.0,1,1.0,16,79.019,79.019,12655.184196205975,31.0
4,7137,17905.674683,DT,16,0.1,0,0.0,13,85.778,5.361125,186528.01417612907,
4,7138,17905.848554,DT,32,0.05,2,0.0625,4,85.68,2.6775,373482.72642390284,
4,7139,17905.973052,MLP,1,0.0,0,0.0,6,179.356,179.356,5575.503467963157,
4,7140,17906.307037,DT,32,0.1,0,0.0,11,89.818,2.8068125,356276.0248502527,
4,7141,17906.436428,SGD,1,0.1,1,1.0,13,148.029,148.029,6755.433057036122,
4,7142,17906.727335,DT,8,0.0,0,0.0,26,85.208,10.651,93887.89784996714,
4,7143,17906.873248,NB,32,0.1,5,0.15625,12,122.578,3.8305625,261058.26494150664,
4,7144,17907.082434,AB,64,0.01,0,0.0,24,8602.337,134.411515625,7439.838732195682,
4,7145,17915.727392,GB,16,1.0,16,1.0,1,251.505,15.7190625,63617.025506451166,
4,7146,17916.055702,GB,100,0.5,58,0.58,8,303.357,3.03357,329644.6101458018,
4,7147,17916.403339,AB,16,0.1,0,0.0,25,8514.434,532.152125,1879.1619031869882,
4,7148,17924.969551,LoR,8,0.01,0,0.0,6,167.048,20.881,47890.42670370193,
4,7149,17925.187085,GB,64,1.0,64,1.0,28,278.364,4.3494375,229914.78783175987,
4,7150,17925.530197,RF,32,0.5,13,0.40625,26,3700.476,115.639875,8647.536154808193,
4,7151,17929.297206,GB,16,0.05,3,0.1875,25,253.499,15.8436875,63116.619789427175,
4,7152,17929.592031,NB,8,1.0,8,1.0,29,121.757,15.219625,65704.64121159358,
4,7153,17929.768385,AB,100,0.0,0,0.0,15,8831.147,88.31147000000001,11323.5574042647,
4,7154,17938.639853,NB,1,1.0,1,1.0,17,103.961,103.961,9618.991737286098,
4,7155,17938.822002,RF,64,0.5,31,0.484375,15,4177.743,65.277234375,15319.276460998199,
4,7156,17943.084715,RF,32,0.0,0,0.0,10,3308.689,103.39653125,9671.50433298506,
4,7157,17946.439057,NB,8,0.01,0,0.0,2,120.092,15.0115,66615.59471072178,
4,7158,17946.59799,AB,8,0.0,0,0.0,15,8089.631,1011.203875,988.920261010669,
4,7159,17954.757758,MLP,32,0.01,1,0.03125,2,216.803,6.77509375,147599.4335871736,
4,7160,17955.041662,NB,16,1.0,16,1.0,13,138.46,8.65375,115556.83952043911,
4,7161,17955.245987,DT,64,0.5,29,0.453125,25,103.321,1.614390625,619428.7705306762,
4,7162,17955.405997,MLP,8,0.01,1,0.125,16,179.347,22.418375,44606.26606522551,
4,7163,17955.652796,SGD,64,0.1,4,0.0625,5,164.829,2.575453125,388281.1883831122,
4,7164,17955.859776,GB,32,1.0,32,1.0,20,250.396,7.824875,127797.56865125641,
4,7165,17956.165893,GB,100,1.0,100,1.0,11,287.811,2.87811,347450.2364398859,
4,7166,17956.523592,RF,64,0.01,2,0.03125,20,3727.448,58.241375,17169.924302096235,
4,7167,17960.325417,LoR,64,0.1,9,0.140625,2,176.11,2.75171875,363409.23286582244,
4,7168,17960.561053,RF,8,0.5,5,0.625,22,3174.008,396.751,2520.4725381914604,
4,7169,17963.787088,AB,64,1.0,64,1.0,15,8378.581,130.915328125,7638.52494831762,
4,7170,17972.230032,MLP,16,0.1,1,0.0625,27,183.694,11.480875,87101.3751129596,
4,7171,17972.455463,SGD,1,0.01,0,0.0,4,148.086,148.086,6752.832813365206,
4,7172,17972.755134,DT,1,0.01,0,0.0,26,84.536,84.536,11829.27983344374,7.0
4,7173,17973.072069,GB,64,0.5,35,0.546875,29,265.346,4.14603125,241194.5158396961,
4,7174,17973.394038,AB,100,0.0,0,0.0,27,8638.613,86.38613,11575.932386368044,
4,7175,17982.110674,RF,100,0.5,53,0.53,26,4692.403,46.92403,21311.042551119328,
4,7176,17986.86875,MLP,8,0.1,1,0.125,18,256.681,32.085125,31167.090668962643,
4,7177,17987.166791,DT,16,0.0,0,0.0,17,91.695,5.7309375,174491.52080266102,
4,7178,17987.303447,MLP,1,0.1,0,0.0,29,167.883,167.883,5956.529249536879,
4,7179,17987.641066,RF,16,0.1,2,0.125,28,3349.239,209.3274375,4777.204612749344,
4,7180,17991.094718,RF,32,0.1,3,0.09375,0,3318.888,103.71525,9641.78363355437,
4,7181,17994.487853,RF,64,0.05,2,0.03125,12,3541.035,55.328671875,18073.811752778496,
4,7182,17998.081159,AB,64,0.0,0,0.0,12,8516.809,133.075140625,7514.551518062693,
4,7183,18006.656213,DT,100,1.0,100,1.0,6,115.765,1.15765,863818.943549432,
4,7184,18006.821489,SGD,64,1.0,64,1.0,6,169.674,2.65115625,377193.9130332284,
4,7185,18007.038721,MLP,8,0.05,0,0.0,18,179.032,22.379,44684.749095133826,
4,7186,18007.257871,SGD,1,1.0,1,1.0,0,148.195,148.195,6747.865987381491,
4,7187,18007.595853,RF,100,0.5,53,0.53,23,4555.468,45.55468,21951.641412034944,
4,7188,18012.227574,MLP,64,0.1,6,0.09375,7,228.886,3.57634375,279615.179609063,
4,7189,18012.499036,AB,1,0.5,0,0.0,22,7966.261,7966.261,125.52940457260941,2.0
4,7190,18033.327709,MLP,100,0.1,11,0.11,15,238.874,2.38874,418630.74256721116,
4,7191,18033.623947,AB,100,0.0,0,0.0,1,8737.035,87.37035,11445.53043452384,
4,7192,18042.424462,NB,8,0.5,6,0.75,14,117.372,14.6715,68159.35657567393,
4,7193,18042.615673,LoR,100,0.05,4,0.04,24,172.691,1.72691,579068.9729053627,
4,7194,18042.863018,RF,100,0.1,9,0.09,15,3844.467,38.44467,26011.408083357197,
4,7195,18046.75987,AB,64,1.0,64,1.0,18,8431.92,131.74875,7590.204840653137,
4,7196,18055.235721,NB,1,0.01,0,0.0,21,104.403,104.403,9578.268823692806,
4,7197,18055.401742,GB,64,1.0,64,1.0,2,286.778,4.48090625,223169.14128698854,
4,7198,18055.75032,SGD,8,0.5,4,0.5,25,167.567,20.945875,47742.09719097435,
4,7199,18055.986252,GB,64,0.1,6,0.09375,10,258.768,4.04325,247325.7898967415,
4,7200,18056.304774,DT,8,0.05,2,0.25,16,94.356,11.7945,84785.28127517064,
4,7201,18056.440058,SGD,16,0.1,0,0.0,15,161.916,10.11975,98816.6703722918,
4,7202,18056.639642,NB,1,1.0,1,1.0,21,103.151,103.151,9694.525501449332,
4,7203,18056.817857,RF,64,0.5,29,0.453125,14,4204.621,65.697203125,15221.348131020608,
4,7204,18061.086897,NB,8,0.05,3,0.375,21,119.923,14.990375,66709.47191114299,
4,7205,18061.265559,AB,16,0.05,2,0.125,13,8238.227,514.8891875,1942.1654683708034,
4,7206,18069.553349,NB,32,0.01,0,0.0,5,118.322,3.6975625,270448.43731512316,
4,7207,18069.73703,MLP,16,0.5,9,0.5625,21,192.678,12.042375,83040.09798731563,
4,7208,18069.990898,SGD,16,0.05,2,0.125,25,154.811,9.6756875,103351.82900439891,
4,7209,18070.184724,GB,8,1.0,8,1.0,24,224.266,28.03325,35671.92530298842,
4,7210,18070.473689,DT,32,0.01,1,0.03125,10,95.373,2.98040625,335524.72922105837,
4,7211,18070.61069,LoR,32,0.0,0,0.0,14,160.931,5.02909375,198842.9823961822,
4,7212,18070.809032,SGD,1,0.0,0,0.0,13,147.719,147.719,6769.609867383343,
4,7213,18071.137506,SGD,16,0.5,8,0.5,5,153.438,9.589875,104276.6459416833,
4,7214,18071.332539,RF,8,0.01,0,0.0,27,3068.316,383.5395,2607.2933817768444,
4,7215,18074.475972,GB,64,0.01,1,0.015625,3,261.64,4.088125,244610.9157621159,
4,7216,18074.783079,NB,32,0.0,0,0.0,28,124.502,3.8906875,257023.98355046505,
4,7217,18074.959472,GB,64,0.0,0,0.0,26,255.532,3.9926875,250457.8682904685,
4,7218,18075.258029,SGD,16,0.0,0,0.0,12,165.441,10.3400625,96711.21426973966,
4,7219,18075.472628,SGD,64,0.0,0,0.0,14,160.483,2.507546875,398796.13416997436,
4,7220,18075.707393,LoR,100,0.5,45,0.45,11,164.679,1.64679,607241.9677068722,
4,7221,18075.912281,SGD,16,1.0,16,1.0,11,150.155,9.3846875,106556.55822316938,
4,7222,18076.102035,DT,16,0.0,0,0.0,28,89.281,5.5800625,179209.4622596073,
4,7223,18076.22973,NB,8,1.0,8,1.0,20,109.258,13.65725,73221.18288820956,
4,7224,18076.395581,MLP,8,0.5,4,0.5,24,182.056,22.757,43942.523179680975,
4,7225,18076.631872,DT,100,0.0,0,0.0,14,99.236,0.99236,1007698.8189769841,
4,7226,18076.773126,DT,32,1.0,32,1.0,13,100.546,3.1420625,318262.2879080222,
4,7227,18076.932937,MLP,16,0.01,1,0.0625,9,182.192,11.387,87819.44322472996,
4,7228,18077.183564,SGD,64,0.1,9,0.140625,8,162.025,2.531640625,395000.7714858818,
4,7229,18077.405366,DT,16,0.05,1,0.0625,20,90.316,5.64475,177155.76420567784,
4,7230,18077.551394,NB,8,0.5,3,0.375,21,110.492,13.8115,72403.43192267313,
4,7231,18077.699537,AB,1,0.01,0,0.0,7,7896.458,7896.458,126.63905766357524,2.0
4,7232,18098.464997,AB,100,1.0,100,1.0,15,8997.33,89.9733,11114.40838559884,
4,7233,18107.521256,DT,32,1.0,32,1.0,21,99.349,3.10465625,322096.85049673374,
4,7234,18107.661906,DT,16,1.0,16,1.0,19,87.324,5.45775,183225.68824149147,
4,7235,18107.796896,GB,32,0.01,0,0.0,18,258.516,8.078625,123783.44087019758,
4,7236,18108.126602,GB,64,0.1,4,0.0625,14,270.784,4.231,236350.7445048452,
4,7237,18108.44262,RF,32,1.0,32,1.0,17,4162.788,130.087125,7687.155819609358,
4,7238,18112.652339,LoR,8,0.1,0,0.0,17,182.496,22.812,43836.5772400491,
4,7239,18112.912004,DT,100,0.5,51,0.51,19,113.431,1.13431,881593.2152586154,
4,7240,18113.063031,AB,1,0.0,0,0.0,28,7797.436,7797.436,128.24728538971016,2.0
4,7241,18133.466116,MLP,32,0.5,11,0.34375,1,217.634,6.8010625,147035.8491779777,
4,7242,18133.723729,DT,8,0.0,0,0.0,6,88.968,11.121,89919.9712256092,
4,7243,18133.871022,DT,16,0.1,3,0.1875,4,88.593,5.5370625,180601.17616515976,
4,7244,18133.997242,DT,1,0.05,0,0.0,23,82.85,82.85,12070.006035003018,7.0
4,7245,18134.263504,DT,1,0.01,0,0.0,3,85.809,85.809,11653.789229567994,7.0
4,7246,18134.530358,DT,8,0.01,0,0.0,5,90.658,11.33225,88243.72917999515,
4,7247,18134.676596,GB,100,0.01,0,0.0,1,280.093,2.80093,357024.2740803947,
4,7248,18135.036686,GB,100,0.05,7,0.07,19,293.123,2.93123,341153.7136287497,
4,7249,18135.376091,LoR,32,1.0,32,1.0,5,212.837,6.65115625,150349.79820238025,
4,7250,18135.663567,AB,8,0.01,1,0.125,10,8316.547,1039.568375,961.9376888028168,
4,7251,18144.037477,GB,64,1.0,64,1.0,1,272.052,4.2508125,235249.14354608677,
4,7252,18144.367461,MLP,100,1.0,100,1.0,14,253.947,2.53947,393782.9547110224,
4,7253,18144.663863,MLP,16,1.0,16,1.0,8,177.843,11.1151875,89966.99335931131,
4,7254,18144.881182,SGD,1,1.0,1,1.0,9,150.68,150.68,6636.580833554553,
4,7255,18145.221003,SGD,100,0.5,59,0.59,28,162.725,1.6272499999999999,614533.7225380243,
4,7256,18145.445253,SGD,32,0.1,4,0.125,7,150.657,4.70803125,212403.008157603,
4,7257,18145.632386,SGD,1,1.0,1,1.0,14,140.256,140.256,7129.819758156514,
4,7258,18145.936064,NB,100,0.0,0,0.0,20,143.073,1.43073,698943.8957734862,
4,7259,18146.125892,GB,64,0.0,0,0.0,12,250.92,3.920625,255061.3741431532,
4,7260,18146.420729,RF,16,0.05,0,0.0,13,3311.888,206.993,4831.081244293286,
4,7261,18149.777378,MLP,1,0.1,0,0.0,22,183.498,183.498,5449.65067739158,
4,7262,18150.210447,SGD,32,0.1,4,0.125,8,173.021,5.40690625,184948.64785199487,
4,7263,18150.422501,GB,8,0.0,0,0.0,15,232.253,29.031625,34445.19554106944,
4,7264,18150.730691,SGD,100,0.1,13,0.13,22,170.088,1.70088,587930.953388834,
4,7265,18150.973658,SGD,8,0.5,4,0.5,28,189.235,23.654375,42275.477580785795,
4,7266,18151.205456,MLP,32,0.0,0,0.0,29,206.085,6.44015625,155275.73574010722,
4,7267,18151.455811,AB,16,1.0,16,1.0,1,8333.212,520.82575,1920.0279556070338,
4,7268,18159.841337,GB,32,0.01,0,0.0,8,248.681,7.77128125,128678.90992878425,
4,7269,18160.130226,AB,1,0.0,0,0.0,14,7848.657,7848.657,127.41033274864732,2.0
4,7270,18180.71902,SGD,1,0.01,0,0.0,25,163.762,163.762,6106.422735433129,
4,7271,18181.058946,DT,16,0.05,1,0.0625,22,90.355,5.6471875,177079.29832328038,
4,7272,18181.222577,LoR,100,0.01,2,0.02,11,168.562,1.6856200000000001,593253.5209596469,
4,7273,18181.432664,GB,16,0.1,0,0.0,15,225.95,14.121875,70812.12657667627,
4,7274,18181.762492,MLP,64,0.05,3,0.046875,4,245.322,3.83315625,260881.6168138202,
4,7275,18182.047258,AB,1,1.0,1,1.0,24,7797.483,7797.483,128.24651236815777,2.0
4,7276,18202.699896,SGD,64,1.0,64,1.0,12,171.707,2.682921875,372727.9610033371,
4,7277,18202.917302,LoR,16,1.0,16,1.0,10,157.834,9.864625,101372.32788879455,
4,7278,18203.13922,SGD,32,0.1,3,0.09375,28,156.07,4.8771875,205036.20170436343,
4,7279,18203.358163,NB,32,0.1,2,0.0625,22,124.39,3.8871875,257255.40638314976,
4,7280,18203.542998,LoR,32,0.5,15,0.46875,29,276.205,8.63140625,115855.97653916475,
4,7281,18203.902133,LoR,16,0.05,1,0.0625,0,227.361,14.2100625,70372.66725603776,
4,7282,18204.188978,RF,32,0.01,0,0.0,27,3620.682,113.1463125,8838.11392439325,
4,7283,18207.85363,RF,1,1.0,1,1.0,28,3078.205,3078.205,324.864653263834,17.96
4,7284,18224.37563,SGD,64,0.0,0,0.0,2,196.964,3.0775625,324932.47497004527,
4,7285,18224.640688,LoR,32,0.1,1,0.03125,18,160.113,5.00353125,199858.84968740828,
4,7286,18224.860951,SGD,16,0.5,6,0.375,20,153.745,9.6090625,104068.42498943055,
4,7287,18225.083164,DT,32,0.5,19,0.59375,21,104.907,3.27834375,305032.076029245,
4,7288,18225.224913,DT,1,1.0,1,1.0,17,85.149,85.149,11744.119132344478,26.0
4,7289,18225.518069,MLP,16,0.1,1,0.0625,6,205.95,12.871875,77688.75940762322,
4,7290,18225.803506,GB,100,0.5,49,0.49,17,336.716,3.36716,296986.18420271087,
4,7291,18226.202951,SGD,16,0.1,2,0.125,0,168.073,10.5045625,95196.72999232476,
4,7292,18226.416539,AB,32,0.01,0,0.0,26,8381.806,261.9314375,3817.792967291297,
4,7293,18234.872645,SGD,8,0.1,1,0.125,17,208.957,26.119625,38285.38885990898,
4,7294,18235.124153,SGD,1,0.01,0,0.0,18,148.886,148.886,6716.548231532851,
4,7295,18235.440238,GB,64,1.0,64,1.0,18,293.399,4.584359375,218132.9861383304,
4,7296,18235.784538,RF,64,1.0,64,1.0,25,4913.416,76.772125,13025.56103533672,
4,7297,18240.742162,SGD,1,1.0,1,1.0,13,171.345,171.345,5836.178470337623,
4,7298,18241.076161,GB,32,0.0,0,0.0,10,264.569,8.26778125,120951.43421942857,
4,7299,18241.386356,LoR,32,0.0,0,0.0,26,166.677,5.20865625,191988.09673800226,
4,7300,18241.6152,NB,16,0.1,1,0.0625,11,122.62,7.66375,130484.423421954,
4,7301,18241.805005,AB,64,0.05,5,0.078125,19,8600.182,134.37784375,7441.702977913723,
4,7302,18250.451345,LoR,32,0.0,0,0.0,11,156.02,4.875625,205101.91001153697,
4,7303,18250.686183,LoR,100,0.1,9,0.09,11,163.307,1.6330699999999998,612343.6227473409,
4,7304,18250.908316,AB,8,0.5,5,0.625,26,8228.179,1028.522375,972.2685906565717,
4,7305,18259.204311,NB,32,0.5,17,0.53125,20,121.721,3.80378125,262896.29562688444,
4,7306,18259.366026,LoR,1,0.05,1,1.0,18,153.289,153.289,6523.62530905675,
4,7307,18259.704019,MLP,64,0.05,2,0.03125,24,221.689,3.463890625,288692.71817726636,
4,7308,18259.984621,LoR,100,0.05,0,0.0,18,164.348,1.64348,608464.964587339,
4,7309,18260.190334,LoR,16,0.0,0,0.0,18,147.128,9.1955,108748.84454352673,
4,7310,18260.412157,DT,100,0.05,5,0.05,16,104.444,1.04444,957450.8827697139,
4,7311,18260.589401,DT,100,0.1,15,0.15,26,99.944,0.99944,1000560.3137757144,
4,7312,18260.728295,MLP,8,0.1,0,0.0,14,179.344,22.418,44607.01222232135,
4,7313,18260.97582,LoR,64,0.5,35,0.546875,25,158.244,2.4725625,404438.7148959834,
4,7314,18261.192336,RF,16,0.5,10,0.625,8,3526.121,220.3825625,4537.564082457749,
4,7315,18264.771262,MLP,64,1.0,64,1.0,27,224.172,3.5026875,285495.0662883857,
4,7316,18265.041837,NB,32,1.0,32,1.0,12,123.826,3.8695625,258427.14777187345,
4,7317,18265.209555,AB,1,0.01,0,0.0,1,7974.281,7974.281,125.40315546943981,2.0
4,7318,18286.197105,MLP,1,1.0,1,1.0,3,175.229,175.229,5706.817935387407,
4,7319,18286.546564,AB,16,0.05,1,0.0625,1,8785.925,549.1203125,1821.0945347245738,
4,7320,18295.414099,NB,8,0.5,5,0.625,20,122.14,15.2675,65498.608154576716,
4,7321,18295.614558,MLP,100,0.1,14,0.14,25,265.534,2.65534,376599.6068300105,
4,7322,18295.925199,MLP,16,0.1,0,0.0,16,182.73,11.420625,87560.88217588792,
4,7323,18296.183922,MLP,100,0.05,7,0.07,8,220.712,2.2071199999999997,453079.125738519,
4,7324,18296.456127,DT,64,0.05,0,0.0,26,98.248,1.535125,651412.7514046087,
4,7325,18296.603711,RF,64,0.01,0,0.0,8,3757.808,58.71575,17031.20542614205,
4,7326,18300.406773,DT,8,0.0,0,0.0,3,99.627,12.453375,80299.51719915285,
4,7327,18300.553338,RF,32,0.01,0,0.0,11,3325.147,103.91084375,9623.634684421471,
4,7328,18303.931385,RF,64,0.0,0,0.0,26,3505.498,54.77340625,18257.035091733043,
4,7329,18307.483339,RF,8,0.01,0,0.0,18,3034.654,379.33175,2636.2148699654063,
4,7330,18310.583736,DT,8,0.05,1,0.125,25,98.058,12.25725,81584.36843500784,
4,7331,18310.72415,DT,8,0.1,0,0.0,4,89.726,11.21575,89160.33256804048,
4,7332,18310.873188,SGD,16,0.05,1,0.0625,19,198.812,12.42575,80478.03955495644,
4,7333,18311.150283,DT,32,0.1,6,0.1875,0,95.098,2.9718125,336494.98412164295,
4,7334,18311.311055,LoR,64,0.05,2,0.03125,22,168.518,2.63309375,379781.38833833777,
4,7335,18311.529436,NB,64,0.01,0,0.0,5,133.448,2.085125,479587.5547029554,
4,7336,18311.70516,RF,32,1.0,32,1.0,15,3945.531,123.29784375,8110.44191516934,
4,7337,18315.698555,AB,8,1.0,8,1.0,11,8204.964,1025.6205,975.0195125779954,
4,7338,18323.947325,AB,16,0.0,0,0.0,20,8177.323,511.0826875,1956.630550120131,
4,7339,18332.189567,MLP,16,0.1,1,0.0625,12,194.005,12.1253125,82472.10123450427,
4,7340,18332.445655,GB,8,0.1,1,0.125,22,256.141,32.017625,31232.797560718507,
4,7341,18332.742686,SGD,8,0.0,0,0.0,0,159.007,19.875875,50312.25040407026,
4,7342,18332.971617,DT,64,0.5,36,0.5625,6,105.092,1.6420625,608990.2180946219,
4,7343,18333.149582,LoR,100,0.5,45,0.45,23,168.642,1.68642,592972.0947332219,
4,7344,18333.359718,RF,8,0.1,0,0.0,7,3146.845,393.355625,2542.2288037701255,
4,7345,18336.550273,MLP,8,1.0,8,1.0,7,191.059,23.882375,41871.882507497685,
4,7346,18336.783204,SGD,8,0.0,0,0.0,21,156.857,19.607125,51001.867943413425,
4,7347,18337.008113,NB,32,0.05,5,0.15625,19,122.545,3.82953125,261128.56501693255,
4,7348,18337.191318,NB,32,0.05,1,0.03125,7,115.896,3.62175,276109.6155173604,
4,7349,18337.359624,LoR,100,1.0,100,1.0,20,167.262,1.67262,597864.4282622472,
4,7350,18337.564642,DT,1,1.0,1,1.0,23,88.14,88.14,11345.586566825505,19.0
4,7351,18337.882087,NB,16,0.5,6,0.375,4,117.358,7.334875,136334.97503365768,
4,7352,18338.055571,DT,8,0.1,1,0.125,28,91.701,11.462625,87240.05190783089,
4,7353,18338.183376,AB,1,1.0,1,1.0,7,7946.195,7946.195,125.84639566484337,2.0
4,7354,18359.002447,LoR,64,0.0,0,0.0,29,173.408,2.7095,369071.7844620779,
4,7355,18359.238073,SGD,16,0.5,11,0.6875,21,155.685,9.7303125,102771.62218582394,
4,7356,18359.453863,AB,16,0.01,1,0.0625,2,8146.755,509.1721875,1963.9721582396917,
4,7357,18367.644214,NB,16,1.0,16,1.0,17,114.775,7.1734375,139403.18013504683,
4,7358,18367.826942,MLP,64,0.1,9,0.140625,29,213.526,3.33634375,299729.30696964305,
4,7359,18368.1098,MLP,64,0.1,6,0.09375,19,202.293,3.160828125,316372.78600841353,
4,7360,18368.352887,AB,1,0.5,0,0.0,5,7861.91,7861.91,127.19555426098748,2.0
4,7361,18389.072122,RF,8,0.01,0,0.0,1,3115.714,389.46425,2567.629763193926,
4,7362,18392.246299,SGD,100,0.0,0,0.0,29,186.647,1.8664699999999999,535770.7329879398,
4,7363,18392.489553,SGD,100,1.0,100,1.0,11,167.432,1.6743199999999998,597257.3940465384,
4,7364,18392.731985,MLP,100,0.1,15,0.15,14,228.175,2.28175,438260.10737372626,
4,7365,18393.001936,SGD,16,1.0,16,1.0,29,152.414,9.525875,104977.23306257956,
4,7366,18393.195086,LoR,1,0.1,0,0.0,22,144.665,144.665,6912.522033663982,
4,7367,18393.495717,LoR,1,0.05,0,0.0,12,141.784,141.784,7052.982000789934,
4,7368,18393.803889,DT,32,0.5,16,0.5,13,95.579,2.98684375,334801.5777524352,
4,7369,18393.947162,SGD,64,0.0,0,0.0,19,159.503,2.492234375,401246.37154160114,
4,7370,18394.181443,MLP,100,0.5,56,0.56,6,224.889,2.2488900000000003,444663.8119249941,
4,7371,18394.449329,GB,8,0.1,0,0.0,8,242.348,30.2935,33010.38176506511,
4,7372,18394.766908,AB,100,0.1,10,0.1,10,8792.606,87.92605999999999,11373.192430094105,
4,7373,18403.60039,NB,1,0.0,0,0.0,23,104.967,104.967,9526.803662103328,
4,7374,18403.763289,RF,64,0.0,0,0.0,15,3524.646,55.07259375,18157.851880727878,
4,7375,18407.34846,NB,100,0.0,0,0.0,18,152.134,1.52134,657315.2615457426,
4,7376,18407.61336,NB,64,0.05,3,0.046875,4,195.126,3.04884375,327993.1941412216,
4,7377,18407.903679,SGD,16,0.5,9,0.5625,11,171.202,10.700125,93456.85213957781,
4,7378,18408.117531,RF,16,0.0,0,0.0,17,3366.241,210.3900625,4753.07620577374,
4,7379,18411.557907,NB,64,1.0,64,1.0,0,168.122,2.62690625,380675.93771189963,
4,7380,18411.771647,NB,1,0.5,1,1.0,18,106.263,106.263,9410.613289668087,
4,7381,18411.92635,RF,1,1.0,1,1.0,26,3056.191,3056.191,327.20468059751505,10.29
4,7382,18428.056067,SGD,8,0.5,3,0.375,0,181.108,22.6385,44172.53793316695,
4,7383,18428.276772,NB,8,0.0,0,0.0,21,111.35,13.91875,71845.53210597216,
4,7384,18428.430494,RF,16,0.05,0,0.0,27,3239.512,202.4695,4939.015506039181,
4,7385,18431.717733,DT,32,0.0,0,0.0,3,100.537,3.14178125,318290.7785193511,
4,7386,18431.877766,LoR,8,0.5,5,0.625,23,166.279,20.784875,48111.90829870279,
4,7387,18432.087251,LoR,1,0.1,1,1.0,27,147.399,147.399,6784.306542106799,
4,7388,18432.392597,GB,16,0.05,0,0.0,4,260.611,16.2881875,61394.18520323394,
4,7389,18432.69306,SGD,1,1.0,1,1.0,22,154.439,154.439,6475.048400986798,
4,7390,18432.997975,RF,16,1.0,16,1.0,20,3586.783,224.1739375,4460.821856242767,
4,7391,18436.630692,DT,8,0.01,0,0.0,6,95.671,11.958875,83619.9057185563,
4,7392,18436.784435,SGD,100,0.0,0,0.0,14,177.567,1.77567,563167.7057110837,
4,7393,18437.038107,DT,100,0.1,6,0.06,7,104.1,1.041,960614.7934678195,
4,7394,18437.20023,AB,8,0.05,1,0.125,25,8171.396,1021.4245,979.0248814278491,
4,7395,18445.414774,MLP,1,0.01,0,0.0,7,178.442,178.442,5604.061824010042,
4,7396,18445.74953,LoR,32,1.0,32,1.0,18,151.759,4.74246875,210860.64088456042,
4,7397,18445.952267,LoR,64,0.01,0,0.0,0,153.53,2.39890625,416856.6403960138,
4,7398,18446.145001,MLP,8,0.0,0,0.0,28,174.226,21.77825,45917.37168964448,
4,7399,18446.396013,GB,100,0.1,6,0.06,6,298.244,2.9824400000000004,335295.93218975066,
4,7400,18446.763355,LoR,64,0.05,4,0.0625,24,168.908,2.6391875,378904.4923863879,
4,7401,18446.99513,GB,32,0.5,15,0.46875,25,244.343,7.63571875,130963.44073699677,
4,7402,18447.286162,AB,32,0.01,0,0.0,12,8270.269,258.44590625,3869.2816400530623,
4,7403,18455.601112,AB,8,0.05,0,0.0,0,8554.438,1069.30475,935.1870923607138,
4,7404,18464.220154,LoR,1,0.05,0,0.0,0,170.412,170.412,5868.131352252189,
4,7405,18464.578556,NB,16,0.1,2,0.125,12,122.586,7.661625,130520.61409948934,
4,7406,18464.754865,SGD,64,0.01,0,0.0,28,166.104,2.595375,385300.7754178105,
4,7407,18464.962289,RF,1,0.01,0,0.0,15,3151.731,3151.731,317.2859612701718,7.0
4,7408,18481.221033,NB,32,0.05,2,0.0625,27,129.596,4.049875,246921.20127164418,
4,7409,18481.390774,SGD,1,0.1,0,0.0,26,161.658,161.658,6185.898625493326,
4,7410,18481.724917,RF,8,0.5,6,0.75,0,3381.886,422.73575,2365.5439597904838,
4,7411,18485.149174,AB,1,0.0,0,0.0,4,7928.369,7928.369,126.12934640151083,2.0
4,7412,18506.433588,GB,64,0.05,4,0.0625,11,314.297,4.910890625,203629.0515022415,
4,7413,18506.810969,DT,100,0.0,0,0.0,18,113.223,1.13223,883212.7747895746,
4,7414,18506.967787,AB,8,0.1,0,0.0,4,8297.143,1037.142875,964.1873112226702,
4,7415,18515.314803,NB,32,0.05,0,0.0,3,123.683,3.86509375,258725.9364666122,
4,7416,18515.508464,GB,64,0.05,7,0.109375,27,272.075,4.251171875,235229.25663879447,
4,7417,18515.823288,DT,16,0.0,0,0.0,2,92.97,5.810625,172098.52640636766,
4,7418,18515.98434,DT,64,0.1,4,0.0625,20,97.662,1.52596875,655321.4146751038,
4,7419,18516.139847,AB,16,0.1,1,0.0625,29,8624.961,539.0600625,1855.0808519597945,
4,7420,18524.845537,NB,32,0.1,4,0.125,3,130.206,4.0689375,245764.40409812145,
4,7421,18525.020927,MLP,32,0.01,0,0.0,20,231.009,7.21903125,138522.74153820847,
4,7422,18525.317808,RF,32,0.5,20,0.625,21,3975.992,124.24975,8048.305932205095,
4,7423,18529.361395,LoR,16,0.05,2,0.125,9,177.62,11.10125,90079.94595203243,
4,7424,18529.603781,LoR,32,0.05,1,0.03125,25,159.161,4.97378125,201054.2783722143,
4,7425,18529.821795,SGD,100,1.0,100,1.0,15,168.843,1.6884299999999999,592266.1881155868,
4,7426,18530.031625,LoR,1,0.05,0,0.0,15,146.181,146.181,6840.834308152222,
4,7427,18530.372845,SGD,100,0.5,55,0.55,1,163.656,1.63656,611037.7865767219,
4,7428,18530.579348,LoR,8,0.01,0,0.0,14,146.044,18.2555,54778.012105940674,
4,7429,18530.766156,AB,1,0.5,1,1.0,17,7968.578,7968.578,125.49290475665795,2.0
4,7430,18552.078806,AB,16,0.0,0,0.0,17,8298.585,518.6615625,1928.0395392708517,
4,7431,18560.426626,DT,16,1.0,16,1.0,12,90.79,5.674375,176230.862429783,
4,7432,18560.580305,NB,16,0.5,7,0.4375,20,123.157,7.6973125,129915.47374489473,
4,7433,18560.742631,NB,1,0.05,0,0.0,2,100.104,100.104,9989.610804763046,
4,7434,18560.921265,RF,64,0.1,4,0.0625,8,3849.863,60.154109375,16623.968177568917,
4,7435,18564.816185,DT,1,0.1,1,1.0,13,95.828,95.828,10435.363359352172,33.0
4,7436,18565.112132,MLP,16,0.0,0,0.0,4,219.857,13.7410625,72774.5762018039,
4,7437,18565.389653,AB,64,0.01,0,0.0,12,8535.652,133.3695625,7497.962662957674,
4,7438,18573.969394,SGD,16,1.0,16,1.0,27,164.238,10.264875,97419.59838770564,
4,7439,18574.175368,MLP,1,0.05,0,0.0,27,165.041,165.041,6059.100465944826,
4,7440,18574.51865,AB,32,0.1,5,0.15625,29,8282.683,258.83384375,3863.4824005699597,
4,7441,18582.843749,SGD,8,0.0,0,0.0,1,154.166,19.27075,51892.11629023261,
4,7442,18583.100627,MLP,32,0.1,4,0.125,4,189.157,5.91115625,169171.6404891175,
4,7443,18583.36894,DT,100,0.05,4,0.04,25,99.878,0.99878,1001221.490218066,
4,7444,18583.508561,NB,1,0.1,0,0.0,20,105.842,105.842,9448.045199448234,
4,7445,18583.664711,DT,16,0.01,0,0.0,16,88.385,5.5240625,181026.19222718786,
4,7446,18583.792043,LoR,1,0.5,1,1.0,4,152.987,152.987,6536.503101570722,
4,7447,18584.126816,SGD,64,0.01,1,0.015625,23,159.83,2.49734375,400425.4520427954,
4,7448,18584.354613,LoR,64,0.05,4,0.0625,20,155.29,2.42640625,412132.139867345,
4,7449,18584.582972,AB,100,0.05,5,0.05,7,8688.899,86.88898999999999,11508.938013895662,
4,7450,18593.350601,DT,100,0.1,10,0.1,4,99.116,0.99116,1008918.8425683038,
4,7451,18593.509304,SGD,8,0.05,1,0.125,23,156.774,19.59675,51028.86958296657,
4,7452,18593.706447,DT,1,0.5,0,0.0,17,85.146,85.146,11744.532919925774,7.0
4,7453,18594.005829,LoR,64,0.01,2,0.03125,24,165.375,2.583984375,386999.24414210126,
4,7454,18594.245193,SGD,100,0.5,48,0.48,3,164.823,1.64823,606711.4419710841,
4,7455,18594.468239,RF,8,0.5,5,0.625,12,3321.875,415.234375,2408.2784571966135,
4,7456,18597.837838,SGD,32,1.0,32,1.0,6,172.758,5.3986875,185230.20641591126,
4,7457,18598.071532,GB,8,0.5,3,0.375,8,261.96,32.745,30539.01358986105,
4,7458,18598.385587,LoR,64,0.01,0,0.0,22,169.197,2.643703125,378257.2977062241,
4,7459,18598.59697,SGD,8,0.01,0,0.0,2,151.329,18.916125,52864.94987741939,
4,7460,18598.788775,SGD,1,0.1,0,0.0,24,145.916,145.916,6853.25803887168,
4,7461,18599.125286,SGD,1,0.1,0,0.0,14,143.293,143.293,6978.707962007914,
4,7462,18599.423261,NB,64,0.01,0,0.0,24,130.132,2.0333125,491808.31770817324,
4,7463,18599.596499,GB,32,0.0,0,0.0,13,245.604,7.675125,130291.03760525072,
4,7464,18599.883042,MLP,8,1.0,8,1.0,17,182.849,22.856125,43751.94832894902,
4,7465,18600.107946,AB,1,0.5,0,0.0,14,7959.047,7959.047,125.64318315999391,2.0
4,7466,18621.437501,MLP,64,0.5,28,0.4375,26,253.928,3.967625,252039.9483318106,
4,7467,18621.766218,RF,32,0.1,4,0.125,12,3554.021,111.06315625,9003.886020932347,
4,7468,18625.383595,GB,100,0.01,0,0.0,13,323.052,3.2305200000000003,309547.6889169545,
4,7469,18625.750789,SGD,16,0.0,0,0.0,20,177.417,11.0885625,90183.01515638299,
4,7470,18625.972227,NB,16,0.05,0,0.0,18,122.008,7.6255,131138.94170874043,
4,7471,18626.135787,DT,16,0.01,0,0.0,18,93.517,5.8448125,171091.88703658158,
4,7472,18626.266353,GB,1,0.0,0,0.0,26,222.985,222.985,4484.606587887078,4.0
4,7473,18639.250172,AB,32,0.01,0,0.0,7,8346.39,260.8246875,3833.992899924399,
4,7474,18647.670366,MLP,64,0.5,37,0.578125,28,218.954,3.42115625,292298.8390255487,
4,7475,18647.955068,AB,32,0.05,2,0.0625,22,8298.374,259.3241875,3856.1771257839187,
4,7476,18656.317605,LoR,16,0.05,2,0.125,21,157.741,9.8588125,101432.09438256381,
4,7477,18656.555077,DT,100,0.1,14,0.14,20,103.224,1.03224,968766.9534216848,
4,7478,18656.700589,SGD,32,0.0,0,0.0,14,158.389,4.94965625,202034.2321752142,
4,7479,18656.921521,GB,32,0.1,3,0.09375,29,234.208,7.319,136630.68725235687,
4,7480,18657.195301,NB,1,0.0,0,0.0,1,108.575,108.575,9210.223347916186,
4,7481,18657.376403,GB,32,0.5,16,0.5,27,237.81,7.4315625,134561.20432277868,
4,7482,18657.66357,LoR,64,0.0,0,0.0,16,166.413,2.600203125,384585.33888578415,
4,7483,18657.871079,GB,16,0.0,0,0.0,10,217.812,13.61325,73457.84437955667,
4,7484,18658.132446,GB,16,0.01,0,0.0,22,253.378,15.836125,63146.760965829715,
4,7485,18658.429766,MLP,16,0.05,0,0.0,3,193.467,12.0916875,82701.44262328975,
4,7486,18658.730567,SGD,32,0.5,18,0.5625,21,188.824,5.90075,169469.98262932678,
4,7487,18658.964989,AB,16,1.0,16,1.0,16,8641.676,540.10475,1851.492696555622,
4,7488,18667.686306,GB,16,0.01,0,0.0,29,290.294,18.143375,55116.537027978535,
4,7489,18668.044844,DT,64,0.0,0,0.0,18,107.829,1.684828125,593532.3521501637,
4,7490,18668.218353,RF,16,0.5,8,0.5,22,3635.666,227.229125,4400.844301979335,
4,7491,18671.942754,MLP,64,1.0,64,1.0,11,301.022,4.70346875,212609.04518606613,
4,7492,18672.332502,NB,100,0.5,48,0.48,4,162.817,1.6281700000000001,614186.4792988447,
4,7493,18672.536081,GB,8,1.0,8,1.0,9,278.007,34.750875,28776.25383533508,
4,7494,18672.857404,AB,1,0.01,0,0.0,27,8033.242,8033.242,124.4827430818093,2.0
4,7495,18693.845688,MLP,64,0.5,35,0.546875,5,232.727,3.636359375,275000.32226600265,
4,7496,18694.14956,DT,64,0.01,1,0.015625,21,99.78,1.5590625,641411.1044297455,
4,7497,18694.321476,DT,100,0.05,8,0.08,2,99.575,0.99575,1004268.1395932714,
4,7498,18694.459597,DT,1,0.05,0,0.0,15,83.892,83.892,11920.087731845708,7.0
4,7499,18694.740002,NB,64,0.01,0,0.0,8,135.507,2.117296875,472300.32396850345,
4,7500,18694.937591,RF,32,0.1,3,0.09375,23,3579.475,111.85859375,8939.8584988022,
4,7501,18698.56195,NB,16,1.0,16,1.0,25,123.635,7.7271875,129413.19205726533,
4,7502,18698.727664,RF,8,0.05,0,0.0,16,3218.176,402.272,2485.8802004613794,
4,7503,18701.992196,AB,8,0.01,0,0.0,18,8150.155,1018.769375,981.57642400666,
4,7504,18710.1857,AB,1,0.05,0,0.0,11,7868.793,7868.793,127.08429361402696,2.0
4,7505,18730.953763,NB,32,0.1,4,0.125,14,129.107,4.03459375,247856.4291634071,
4,7506,18731.157266,RF,100,0.5,47,0.47,29,5006.578,50.065780000000004,19973.722570586135,
4,7507,18736.238955,GB,8,0.05,0,0.0,7,309.907,38.738375,25814.195871664728,
4,7508,18736.626921,DT,64,0.01,1,0.015625,6,108.023,1.687859375,592466.4191885062,
4,7509,18736.811971,AB,100,0.05,9,0.09,5,8795.175,87.95174999999999,11369.870411901982,
4,7510,18745.671532,NB,16,0.5,8,0.5,22,122.055,7.6284375,131088.44373438205,
4,7511,18745.851908,NB,8,0.5,6,0.75,11,107.909,13.488625,74136.54097433948,
4,7512,18745.995636,SGD,1,1.0,1,1.0,19,171.914,171.914,5816.861919331759,
4,7513,18746.334958,LoR,64,1.0,64,1.0,3,160.732,2.5114375,398178.3341213946,
4,7514,18746.564865,MLP,64,0.05,2,0.03125,1,221.353,3.458640625,289130.9356548138,
4,7515,18746.828003,MLP,1,0.1,0,0.0,15,161.974,161.974,6173.830367836814,
4,7516,18747.183133,DT,16,0.0,0,0.0,3,90.275,5.6421875,177236.2226530047,
4,7517,18747.31445,GB,8,0.01,0,0.0,15,232.992,29.124,34335.94286499108,
4,7518,18747.605459,RF,100,0.01,0,0.0,15,4039.725,40.39725,24754.16024605635,
4,7519,18751.693558,NB,32,0.0,0,0.0,20,129.339,4.04184375,247411.8402028777,
4,7520,18751.873959,RF,64,0.01,0,0.0,6,3616.005,56.500078125,17699.09057094777,
4,7521,18755.532851,GB,1,1.0,1,1.0,9,233.41,233.41,4284.306584979221,4.0
4,7522,18768.617323,MLP,8,0.5,8,1.0,12,194.792,24.349,41069.44843730749,
4,7523,18768.857736,SGD,16,0.01,0,0.0,29,158.498,9.906125,100947.64602707922,
4,7524,18769.080792,LoR,32,0.01,1,0.03125,21,154.781,4.83690625,206743.72177463642,
4,7525,18769.295986,SGD,16,0.1,1,0.0625,2,150.988,9.43675,105968.68625321217,
4,7526,18769.487574,NB,8,0.01,0,0.0,17,109.464,13.683,73083.38814587444,
4,7527,18769.678437,LoR,100,1.0,100,1.0,6,204.547,2.04547,488885.1950896371,
4,7528,18769.923262,DT,1,0.01,0,0.0,13,87.013,87.013,11492.535598129014,7.0
4,7529,18770.231869,RF,100,0.05,4,0.04,18,3875.294,38.752939999999995,25804.493800986456,
4,7530,18774.176429,LoR,32,0.5,13,0.40625,4,170.779,5.33684375,187376.66809151007,
4,7531,18774.423029,GB,100,0.01,1,0.01,25,285.386,2.85386,350402.6126018795,
4,7532,18774.784515,AB,100,0.1,13,0.13,7,8860.837,88.60837,11285.615568822675,
4,7533,18783.724061,SGD,100,0.5,42,0.42,13,171.613,1.71613,582706.438323437,
4,7534,18783.971907,RF,100,0.1,13,0.13,19,4016.446,40.16446,24897.633380356663,
4,7535,18788.054778,DT,16,0.5,5,0.3125,18,99.968,6.248,160051.21638924454,
4,7536,18788.217639,SGD,32,0.1,4,0.125,26,167.494,5.2341875,191051.61975951376,
4,7537,18788.439989,AB,100,1.0,100,1.0,16,8740.715,87.40715,11440.711658027976,
4,7538,18797.259756,AB,100,0.1,13,0.13,26,8602.865,86.02865,11624.0345512803,
4,7539,18805.926156,AB,8,0.5,4,0.5,3,8055.034,1006.87925,993.1677507506487,
4,7540,18814.045018,LoR,8,0.05,1,0.125,27,154.41,19.30125,51810.115925134385,
4,7541,18814.259124,MLP,8,0.5,4,0.5,9,180.728,22.591,44265.415430923815,
4,7542,18814.516485,RF,100,0.5,44,0.44,18,4534.636,45.346360000000004,22052.48668250329,
4,7543,18819.117798,NB,16,0.1,2,0.125,14,128.777,8.0485625,124245.7892325493,
4,7544,18819.294193,AB,64,0.0,0,0.0,17,8508.785,132.949765625,7521.63793067988,
4,7545,18827.868427,DT,16,0.1,1,0.0625,8,86.056,5.3785,185925.4438969973,
4,7546,18828.021171,AB,64,0.1,4,0.0625,29,8772.596,137.0718125,7295.44595465242,
4,7547,18836.879055,DT,16,0.05,2,0.125,3,93.496,5.8435,171130.31573543255,
4,7548,18837.017596,MLP,8,0.05,0,0.0,9,220.776,27.597,36235.822734355184,
4,7549,18837.325098,GB,100,0.5,61,0.61,29,352.674,3.5267399999999998,283547.9791535526,
4,7550,18837.724839,AB,16,0.01,0,0.0,14,8295.498,518.468625,1928.7570197714472,
4,7551,18846.064466,MLP,1,0.5,0,0.0,28,176.377,176.377,5669.673483504084,
4,7552,18846.424916,AB,16,0.5,6,0.375,2,8246.554,515.409625,1940.2043568743986,
4,7553,18854.715219,AB,1,0.01,0,0.0,13,7943.883,7943.883,125.88302219456153,2.0
4,7554,18875.694273,GB,64,0.5,39,0.609375,25,298.184,4.659125,214632.57585920102,
4,7555,18876.064009,RF,64,0.1,8,0.125,6,3791.902,59.24846875,16878.073325734684,
4,7556,18879.90224,LoR,8,0.01,0,0.0,8,175.028,21.8785,45706.97259866993,
4,7557,18880.151825,SGD,64,0.1,2,0.03125,10,169.278,2.64496875,378076.3005233994,
4,7558,18880.384282,DT,32,0.5,15,0.46875,11,100.527,3.14146875,318322.44073731435,
4,7559,18880.546394,AB,32,0.01,1,0.03125,5,8218.455,256.82671875,3893.67587946883,
4,7560,18888.843703,GB,100,0.5,52,0.52,5,303.148,3.03148,329871.877762677,
4,7561,18889.225029,LoR,100,0.05,2,0.02,12,187.659,1.87659,532881.4498638489,
4,7562,18889.467014,SGD,100,1.0,100,1.0,2,166.248,1.66248,601510.995621,
4,7563,18889.676918,LoR,32,0.0,0,0.0,19,149.69,4.6778125,213775.1352795778,
4,7564,18889.899592,MLP,100,0.5,50,0.5,24,231.287,2.31287,432363.25431174255,
4,7565,18890.193846,LoR,32,0.05,2,0.0625,9,151.347,4.72959375,211434.65017476393,
4,7566,18890.405975,RF,32,0.01,2,0.0625,23,3463.747,108.24209375,9238.550044215124,
4,7567,18893.933239,RF,8,0.5,3,0.375,16,3202.206,400.27575,2498.2777497762477,
4,7568,18897.178668,RF,1,0.05,0,0.0,9,2929.157,2929.157,341.39515225711693,8.77
4,7569,18913.425531,GB,8,0.0,0,0.0,28,228.04,28.505,35081.564637782845,
4,7570,18913.709203,RF,100,1.0,100,1.0,15,5174.227,51.74227,19326.558343884026,
4,7571,18918.932873,GB,32,1.0,32,1.0,15,309.303,9.66571875,103458.42103051054,
4,7572,18919.305016,NB,16,0.5,9,0.5625,19,126.844,7.92775,126139.19460124247,
4,7573,18919.471102,LoR,16,0.0,0,0.0,0,168.861,10.5538125,94752.4887333369,
4,7574,18919.677599,GB,1,0.0,0,0.0,5,206.86,206.86,4834.187373102581,4.0
4,7575,18932.454355,DT,100,0.05,3,0.03,1,105.522,1.05522,947669.6802562498,
4,7576,18932.608072,MLP,64,0.0,0,0.0,11,223.069,3.485453125,286906.7418601419,
4,7577,18932.898967,GB,64,0.1,7,0.109375,9,248.593,3.884265625,257448.9225360328,
4,7578,18933.209774,GB,32,0.1,4,0.125,21,227.424,7.107,140706.3458561981,
4,7579,18933.511187,GB,100,0.5,47,0.47,25,290.278,2.9027800000000004,344497.3439254783,
4,7580,18933.856843,GB,100,0.0,0,0.0,3,263.336,2.63336,379742.9899444056,
4,7581,18934.1776,RF,100,0.0,0,0.0,3,3807.452,38.07452,26264.283830761357,
4,7582,18938.026455,RF,1,1.0,1,1.0,1,3015.877,3015.877,331.5785093357587,14.95
4,7583,18953.78128,DT,16,0.1,3,0.1875,18,93.601,5.8500625,170938.34467580475,
4,7584,18953.916229,NB,16,0.1,0,0.0,15,117.346,7.334125,136348.91687829155,
4,7585,18954.089509,LoR,16,0.05,2,0.125,18,163.499,10.2186875,97859.92574878134,
4,7586,18954.305861,RF,100,1.0,100,1.0,25,5260.595,52.60595,19009.256557480665,
4,7587,18959.612149,SGD,16,0.0,0,0.0,23,175.472,10.967,91182.63882556761,
4,7588,18959.8528,RF,32,0.05,1,0.03125,21,3241.571,101.29909375,9871.756626648004,
4,7589,18963.16666,RF,64,0.5,36,0.5625,24,4084.94,63.8271875,15667.304782934389,
4,7590,18967.31841,NB,32,0.1,4,0.125,23,129.851,4.05784375,246436.30006699986,
4,7591,18967.48949,RF,16,0.01,0,0.0,26,3154.228,197.13925,5072.556581198315,
4,7592,18970.695084,RF,64,0.0,0,0.0,6,3389.801,52.965640625,18880.164351830685,
4,7593,18974.136184,RF,64,1.0,64,1.0,7,4430.69,69.22953125,14444.702743816428,
4,7594,18978.623012,NB,64,0.01,0,0.0,20,140.959,2.202484375,454032.7329223391,
4,7595,18978.819477,RF,100,1.0,100,1.0,10,5141.406,51.41406,19449.93256708379,
4,7596,18984.008321,AB,32,0.0,0,0.0,9,8359.802,261.2438125,3827.841855584618,
4,7597,18992.410341,MLP,8,1.0,8,1.0,25,204.056,25.507,39204.92413847179,
4,7598,18992.65795,MLP,1,0.01,0,0.0,0,160.726,160.726,6221.768724412977,
4,7599,18992.970775,NB,1,0.0,0,0.0,20,102.996,102.996,9709.11491708416,
4,7600,18993.121158,MLP,8,1.0,8,1.0,15,170.008,21.251,47056.609100748195,
4,7601,18993.332239,RF,16,0.0,0,0.0,3,3074.188,192.13675,5204.626392400204,
4,7602,18996.449979,DT,1,0.01,0,0.0,19,92.045,92.045,10864.251181487316,7.0
4,7603,18996.750611,AB,1,0.01,0,0.0,11,7831.644,7831.644,127.68711141619818,2.0
4,7604,19017.277067,RF,16,0.05,0,0.0,2,3136.577,196.0360625,5101.102252551109,
4,7605,19020.477387,LoR,8,0.1,2,0.25,18,167.835,20.979375,47665.86230524026,
4,7606,19020.720703,NB,100,0.1,10,0.1,2,144.763,1.44763,690784.2473560233,
4,7607,19020.93302,GB,64,0.5,29,0.453125,15,302.377,4.724640625,211656.30983838055,
4,7608,19021.285128,NB,64,0.0,0,0.0,13,132.007,2.062609375,484822.7745498345,
4,7609,19021.453645,RF,1,0.0,0,0.0,8,2926.084,2926.084,341.7536885475605,7.01
4,7610,19037.045662,LoR,16,0.5,9,0.5625,11,188.578,11.786125,84845.52811038402,
4,7611,19037.296722,AB,32,0.5,19,0.59375,22,8043.338,251.3543125,3978.4477539051572,
4,7612,19045.417378,NB,100,0.05,1,0.01,28,140.802,1.4080199999999998,710217.1844149941,
4,7613,19045.62361,NB,64,0.05,1,0.015625,29,123.567,1.930734375,517937.6370713864,
4,7614,19045.792565,MLP,64,1.0,64,1.0,14,213.662,3.33846875,299538.5234622909,
4,7615,19046.045665,NB,8,1.0,8,1.0,16,106.878,13.35975,74851.70006923782,
4,7616,19046.212731,DT,32,0.05,1,0.03125,8,92.679,2.89621875,345277.7867693868,
4,7617,19046.361954,DT,16,0.5,9,0.5625,22,89.929,5.6205625,177918.13541794082,
4,7618,19046.51515,MLP,64,0.05,5,0.078125,26,207.49,3.24203125,308448.5999325269,
4,7619,19046.794765,LoR,100,0.05,4,0.04,23,162.725,1.6272499999999999,614533.7225380243,
4,7620,19046.995329,DT,8,1.0,8,1.0,16,93.19,11.64875,85846.12082841506,
4,7621,19047.145291,SGD,16,0.5,9,0.5625,22,153.856,9.616,103993.34442595675,
4,7622,19047.345505,DT,64,0.0,0,0.0,16,90.681,1.416890625,705770.7788842205,
4,7623,19047.474767,AB,16,1.0,16,1.0,6,7979.776,498.736,2005.0688139616952,
4,7624,19055.519621,SGD,32,0.1,5,0.15625,20,156.555,4.89234375,204401.00922998306,
4,7625,19055.735894,NB,16,0.1,1,0.0625,1,110.407,6.9004375,144918.34756854185,
4,7626,19055.883646,LoR,16,1.0,16,1.0,27,149.088,9.318,107319.1672032625,
4,7627,19056.078179,LoR,8,0.0,0,0.0,12,142.144,17.768,56280.954524988745,
4,7628,19056.281291,NB,32,0.1,4,0.125,5,113.674,3.5523125,281506.7649594454,
4,7629,19056.431148,DT,8,0.0,0,0.0,13,86.676,10.8345,92297.75254972541,
4,7630,19056.572712,GB,8,0.5,3,0.375,16,235.208,29.401,34012.448556171556,
4,7631,19056.846983,AB,8,0.0,0,0.0,3,7954.135,994.266875,1005.7661832493413,
4,7632,19064.846291,SGD,1,0.5,0,0.0,0,146.712,146.712,6816.075031353946,
4,7633,19065.149209,LoR,64,1.0,64,1.0,18,152.244,2.3788125,420377.81456083653,
4,7634,19065.364277,MLP,32,0.5,14,0.4375,19,183.25,5.7265625,174624.82946793997,
4,7635,19065.586155,GB,1,1.0,1,1.0,22,201.725,201.725,4957.243772462511,4.0
4,7636,19078.365614,GB,1,0.01,0,0.0,0,207.199,207.199,4826.278119102891,4.0
4,7637,19090.961014,GB,64,0.01,0,0.0,5,279.725,4.370703125,228796.13906515326,
4,7638,19091.283685,MLP,8,0.01,0,0.0,4,183.255,22.906875,43655.016234209164,
4,7639,19091.535697,GB,64,0.1,4,0.0625,12,244.583,3.821609375,261669.86258243624,
4,7640,19091.830937,SGD,64,0.05,0,0.0,9,166.888,2.607625,383490.72431810555,
4,7641,19092.039112,LoR,8,0.05,0,0.0,15,149.87,18.73375,53379.59564956295,
4,7642,19092.255554,AB,64,0.1,2,0.03125,2,8339.0,130.296875,7674.781148818804,
4,7643,19100.671378,AB,100,0.01,2,0.02,10,8966.189,89.66189,11153.010493086862,
4,7644,19109.69368,LoR,8,0.01,0,0.0,27,168.792,21.099,47395.61116640599,
4,7645,19109.953731,NB,100,0.05,4,0.04,24,145.65,1.4565000000000001,686577.4116031582,
4,7646,19110.156934,MLP,16,0.1,5,0.3125,17,225.964,14.12275,70807.73928590395,
4,7647,19110.432763,AB,16,0.1,0,0.0,1,8160.2,510.0125,1960.7362564643024,
4,7648,19118.63251,DT,1,1.0,1,1.0,5,79.721,79.721,12543.746315274519,25.0
4,7649,19118.911744,NB,32,1.0,32,1.0,27,146.254,4.5704375,218797.43460007932,
4,7650,19119.141001,NB,8,0.5,3,0.375,15,132.97,16.62125,60163.94675490712,
4,7651,19119.311242,SGD,1,0.5,0,0.0,13,155.327,155.327,6438.03073515873,
4,7652,19119.627026,AB,16,0.05,0,0.0,2,8095.313,505.9570625,1976.452300238422,
4,7653,19127.772799,MLP,64,0.0,0,0.0,26,210.226,3.28478125,304434.2754939922,
4,7654,19128.025163,NB,1,0.01,0,0.0,15,100.62,100.62,9938.382031405286,
4,7655,19128.176728,GB,32,0.0,0,0.0,0,256.354,8.0110625,124827.38712873605,
4,7656,19128.501621,RF,64,0.5,31,0.484375,3,4178.92,65.295625,15314.961760454855,
4,7657,19132.743237,LoR,100,0.01,0,0.0,23,180.56,1.8056,553832.5210456358,
4,7658,19132.9666,RF,8,0.01,0,0.0,14,3009.358,376.16975,2658.3743110656824,
4,7659,19136.019027,NB,8,0.0,0,0.0,0,117.05,14.63125,68346.86031610423,
4,7660,19136.18976,AB,100,0.0,0,0.0,28,9034.874,90.34873999999999,11068.222976878262,
4,7661,19145.315809,LoR,100,0.1,12,0.12,26,178.396,1.7839599999999998,560550.6849929371,
4,7662,19145.535875,AB,16,0.0,0,0.0,0,8103.8,506.4875,1974.3823885090944,
4,7663,19153.702401,GB,8,0.5,4,0.5,0,246.098,30.76225,32507.375110728244,
4,7664,19154.024277,NB,100,0.01,1,0.01,13,149.59,1.4959,668493.883280968,
4,7665,19154.210311,NB,1,1.0,1,1.0,20,98.594,98.594,10142.605026675052,
4,7666,19154.390928,GB,100,0.05,3,0.03,27,290.512,2.90512,344219.86010904884,
4,7667,19154.741634,GB,16,0.5,6,0.375,18,222.011,13.8756875,72068.50111030534,
4,7668,19155.003622,SGD,1,0.1,0,0.0,28,199.792,199.792,5005.205413630175,
4,7669,19155.358072,AB,1,0.01,0,0.0,26,7881.653,7881.653,126.87693812452794,2.0
4,7670,19175.736356,AB,8,0.01,0,0.0,22,7999.853,999.981625,1000.0183753376468,
4,7671,19183.787283,LoR,64,1.0,64,1.0,16,159.017,2.484640625,402472.6915990114,
4,7672,19183.988928,LoR,8,0.05,0,0.0,1,143.138,17.89225,55890.12002403275,
4,7673,19184.171394,DT,8,1.0,8,1.0,23,87.201,10.900125,91742.0671781287,
4,7674,19184.311434,SGD,100,0.0,0,0.0,12,160.549,1.60549,622862.8020106012,
4,7675,19184.511512,NB,16,1.0,16,1.0,1,109.534,6.845875,146073.3653477459,
4,7676,19184.692942,GB,100,0.5,51,0.51,1,348.221,3.4822100000000002,287173.9498766588,
4,7677,19185.115865,AB,100,0.01,2,0.02,19,8585.981,85.85981,11646.89276624302,
4,7678,19193.791978,SGD,100,0.01,2,0.02,27,166.31,1.6631,601286.753652817,
4,7679,19194.033374,SGD,100,0.05,2,0.02,9,161.377,1.6137700000000001,619666.9909590585,
4,7680,19194.234605,NB,16,0.0,0,0.0,12,110.216,6.8885,145169.48537417434,
4,7681,19194.384251,LoR,8,0.05,0,0.0,10,147.332,18.4165,54299.13392881384,
4,7682,19194.587638,GB,8,0.5,4,0.5,2,213.822,26.72775,37414.297873932526,
4,7683,19194.842241,GB,1,0.01,0,0.0,25,222.313,222.313,4498.162500618498,4.0
4,7684,19207.972504,DT,64,1.0,64,1.0,23,116.74,1.8240625,548226.8288504368,
4,7685,19208.160182,GB,64,0.1,10,0.15625,6,268.225,4.191015625,238605.6482430795,
4,7686,19208.48097,NB,64,0.01,0,0.0,7,139.195,2.174921875,459786.6302668918,
4,7687,19208.679537,AB,100,1.0,100,1.0,25,8787.502,87.87502,11379.798263488303,
4,7688,19217.530043,GB,8,0.1,1,0.125,4,215.648,26.956,37097.49220952664,
4,7689,19217.784192,SGD,1,1.0,1,1.0,4,158.315,158.315,6316.520860310141,
4,7690,19218.106177,GB,64,0.0,0,0.0,7,235.232,3.6755,272071.82696231804,
4,7691,19218.416614,RF,100,0.05,6,0.06,22,4108.274,41.08274,24341.12233020485,
4,7692,19222.602927,RF,16,0.0,0,0.0,23,3502.494,218.905875,4568.173421567602,
4,7693,19226.192203,RF,64,0.5,36,0.5625,18,4494.42,70.2253125,14239.879673016763,
4,7694,19230.759259,GB,32,0.5,16,0.5,9,342.102,10.6906875,93539.35375998972,
4,7695,19231.155564,GB,64,0.01,0,0.0,29,252.693,3.948328125,253271.75663750083,
4,7696,19231.46009,DT,64,0.01,0,0.0,5,101.157,1.580578125,632679.8936306929,
4,7697,19231.608889,SGD,64,0.0,0,0.0,22,186.334,2.91146875,343469.2541350478,
4,7698,19231.855989,AB,16,0.1,2,0.125,2,8190.756,511.92225,1953.421637758468,
4,7699,19240.094454,SGD,32,0.01,0,0.0,0,159.863,4.99571875,200171.39675847444,
4,7700,19240.304024,NB,64,0.0,0,0.0,18,132.728,2.073875,482189.138689651,
4,7701,19240.494461,GB,8,0.05,1,0.125,28,213.149,26.643625,37532.43036561279,
4,7702,19240.781759,GB,100,0.05,5,0.05,16,267.644,2.67644,373630.64369087294,
4,7703,19241.124109,GB,100,0.5,45,0.45,4,289.026,2.89026,345989.6341505608,
4,7704,19241.488298,SGD,100,0.5,45,0.45,10,176.868,1.76868,565393.4007282268,
4,7705,19241.707786,RF,16,0.01,0,0.0,28,3168.683,198.0426875,5049.41642947559,
4,7706,19244.948812,MLP,64,0.05,6,0.09375,16,234.398,3.66246875,273039.87235385965,
4,7707,19245.248551,LoR,16,0.1,2,0.125,6,157.41,9.838125,101645.38466425259,
4,7708,19245.456335,GB,64,0.01,0,0.0,2,244.493,3.820203125,261766.1855349642,
4,7709,19245.750354,GB,64,1.0,64,1.0,12,254.127,3.970734375,251842.58264568503,
4,7710,19246.046143,LoR,1,0.01,0,0.0,27,153.843,153.843,6500.133252731682,
4,7711,19246.365706,AB,64,0.0,0,0.0,29,8371.525,130.805078125,7644.963133957075,
4,7712,19254.783051,DT,1,0.1,0,0.0,17,79.919,79.919,12512.669077440909,7.0
4,7713,19255.150983,MLP,100,0.05,3,0.03,24,232.965,2.32965,429249.0288240723,
4,7714,19255.426378,RF,1,0.05,0,0.0,17,3069.992,3069.992,325.7337478403852,6.98
4,7715,19271.415883,SGD,1,0.01,0,0.0,7,157.391,157.391,6353.603446194509,
4,7716,19271.726678,GB,1,0.5,0,0.0,3,207.24,207.24,4825.323296660876,4.0
4,7717,19284.638775,DT,100,1.0,100,1.0,21,120.273,1.2027299999999999,831441.8032309829,
4,7718,19284.802486,DT,16,0.05,0,0.0,4,87.153,5.4470625,183585.18926485605,
4,7719,19284.930653,GB,16,0.05,0,0.0,14,212.291,13.2681875,75368.24453226938,
4,7720,19285.183471,DT,1,0.5,1,1.0,19,85.744,85.744,11662.623623810412,35.0
4,7721,19285.453882,SGD,8,0.05,0,0.0,15,156.539,19.567375,51105.47531286134,
4,7722,19285.673773,AB,32,0.1,1,0.03125,7,8540.516,266.891125,3746.8462092922723,
4,7723,19294.280147,MLP,8,0.01,0,0.0,11,223.254,27.90675,35833.62448153225,
4,7724,19294.548285,DT,1,0.01,0,0.0,12,89.459,89.459,11178.305145373857,23.0
4,7725,19294.892672,SGD,1,0.01,0,0.0,11,202.722,202.722,4932.863724706741,
4,7726,19295.292233,DT,64,0.05,4,0.0625,15,102.929,1.608265625,621787.8343324038,
4,7727,19295.43484,DT,8,0.0,0,0.0,5,88.498,11.06225,90397.52310786684,
4,7728,19295.571241,LoR,64,1.0,64,1.0,4,170.194,2.65928125,376041.4585708075,
4,7729,19295.806117,DT,32,0.5,15,0.46875,7,98.07,3.0646875,326297.54257163254,
4,7730,19295.960945,DT,8,0.5,4,0.5,6,89.315,11.164375,89570.62083636568,
4,7731,19296.09962,SGD,64,0.05,0,0.0,1,170.281,2.660640625,375849.3313992753,
4,7732,19296.327466,SGD,100,0.0,0,0.0,11,169.67,1.6966999999999999,589379.3835091649,
4,7733,19296.541757,NB,32,1.0,32,1.0,19,127.419,3.98184375,251139.9398833769,
4,7734,19296.717397,AB,64,1.0,64,1.0,19,8524.567,133.196359375,7507.712708457802,
4,7735,19305.315979,LoR,64,0.1,5,0.078125,18,164.926,2.57696875,388052.8236906249,
4,7736,19305.55038,NB,64,0.05,5,0.078125,10,130.013,2.031453125,492258.4664610462,
4,7737,19305.718895,GB,8,0.0,0,0.0,11,253.381,31.672625,31573.00665795778,
4,7738,19306.033492,GB,16,0.5,6,0.375,9,227.29,14.205625,70394.6500065995,
4,7739,19306.301427,GB,16,0.0,0,0.0,0,213.532,13.34575,74930.22123147818,
4,7740,19306.578801,RF,32,0.05,2,0.0625,11,3427.546,107.1108125,9336.125612902058,
4,7741,19310.051767,NB,1,0.5,1,1.0,12,115.542,115.542,8654.861435668416,
4,7742,19310.242916,DT,32,0.5,13,0.40625,6,99.571,3.11159375,321378.71468600293,
4,7743,19310.379592,AB,1,0.0,0,0.0,15,7977.506,7977.506,125.35245977878299,2.0
4,7744,19331.309117,SGD,64,1.0,64,1.0,19,174.496,2.7265,366770.5849990831,
4,7745,19331.525621,NB,1,0.05,0,0.0,25,104.419,104.419,9576.80115687758,
4,7746,19331.701285,GB,32,0.5,14,0.4375,14,253.211,7.91284375,126376.81617307305,
4,7747,19332.032048,GB,100,0.05,2,0.02,0,275.738,2.75738,362663.1077327028,
4,7748,19332.348316,GB,8,1.0,8,1.0,11,216.94,27.1175,36876.55572969485,
4,7749,19332.62187,RF,100,1.0,100,1.0,0,5333.651,53.33651,18748.883269640253,
4,7750,19338.001992,SGD,16,0.0,0,0.0,4,176.196,11.01225,90807.96385843039,
4,7751,19338.220886,DT,1,0.01,0,0.0,23,89.777,89.777,11138.710360114506,7.0
4,7752,19338.524621,RF,16,0.05,2,0.125,15,3264.513,204.0320625,4901.190468532366,
4,7753,19341.836796,GB,16,0.01,0,0.0,7,242.067,15.1291875,66097.4027851793,
4,7754,19342.124603,LoR,32,0.0,0,0.0,5,168.59,5.2684375,189809.59724776083,
4,7755,19342.334977,RF,16,1.0,16,1.0,4,3570.949,223.1843125,4480.6016551902585,
4,7756,19345.974474,RF,32,0.5,14,0.4375,16,3599.474,112.4835625,8890.18784411278,
4,7757,19349.639078,AB,8,0.05,1,0.125,9,8202.615,1025.326875,975.2987309534825,
4,7758,19357.888248,NB,32,0.0,0,0.0,9,125.627,3.92584375,254722.31287860093,
4,7759,19358.055021,NB,1,0.05,0,0.0,19,100.318,100.318,9968.300803445045,
4,7760,19358.203628,SGD,8,1.0,8,1.0,0,162.982,20.37275,49085.17505000552,
4,7761,19358.413137,LoR,32,0.01,0,0.0,26,154.289,4.82153125,207402.99049186916,
4,7762,19358.628254,DT,16,0.05,1,0.0625,12,90.18,5.63625,177422.93191394987,
4,7763,19358.765772,RF,64,0.0,0,0.0,20,3405.007,53.203234375,18795.849758899174,
4,7764,19362.218155,RF,16,0.01,0,0.0,1,3098.316,193.64475,5164.095592573514,
4,7765,19365.360346,MLP,8,1.0,8,1.0,12,206.01,25.75125,38833.066356002135,
4,7766,19365.609941,GB,16,0.0,0,0.0,8,247.103,15.4439375,64750.3267868055,
4,7767,19365.897567,RF,1,1.0,1,1.0,18,3045.657,3045.657,328.3363819366396,22.19
4,7768,19381.987528,GB,64,0.5,36,0.5625,22,277.034,4.32865625,231018.57533732321,
4,7769,19382.325028,AB,8,0.1,2,0.25,19,8186.096,1023.262,977.2668192505928,
4,7770,19390.569394,SGD,100,0.0,0,0.0,9,170.945,1.70945,584983.4742168534,
4,7771,19390.786,SGD,32,0.0,0,0.0,4,152.689,4.77153125,209576.32835371245,
4,7772,19390.993697,RF,100,0.0,0,0.0,26,3838.223,38.38223,26053.723298516008,
4,7773,19394.876059,DT,8,1.0,8,1.0,3,98.345,12.293125,81346.28094971782,
4,7774,19395.057153,MLP,100,0.01,1,0.01,10,246.778,2.46778,405222.50767896656,
4,7775,19395.356692,GB,64,0.05,0,0.0,0,260.283,4.066921875,245886.20847308505,
4,7776,19395.679071,NB,16,0.5,8,0.5,8,124.053,7.7533125,128977.13074250522,
4,7777,19395.862819,LoR,16,0.01,1,0.0625,25,163.867,10.2416875,97640.15939756022,
4,7778,19396.098963,NB,100,0.01,3,0.03,0,140.012,1.40012,714224.495043282,
4,7779,19396.31003,GB,100,0.05,6,0.06,7,274.604,2.74604,364160.75512374187,
4,7780,19396.623941,LoR,1,1.0,1,1.0,17,158.401,158.401,6313.091457755948,
4,7781,19396.954139,MLP,100,1.0,100,1.0,11,226.827,2.26827,440864.62370000046,
4,7782,19397.258238,MLP,100,0.01,1,0.01,21,222.401,2.2240100000000003,449638.2660149909,
4,7783,19397.525248,MLP,32,1.0,32,1.0,26,183.759,5.74246875,174141.1305024516,
4,7784,19397.770725,RF,16,0.1,3,0.1875,29,3322.191,207.6369375,4816.098773369743,
4,7785,19401.136401,NB,8,1.0,8,1.0,23,120.955,15.119375,66140.30011161175,
4,7786,19401.326776,DT,64,0.05,3,0.046875,18,105.577,1.649640625,606192.6366538167,
4,7787,19401.474442,DT,16,0.01,0,0.0,27,90.558,5.659875,176682.34722498286,
4,7788,19401.603499,LoR,1,0.01,0,0.0,20,155.377,155.377,6435.9589900693145,
4,7789,19401.911587,SGD,1,1.0,1,1.0,7,145.989,145.989,6849.831151662112,
4,7790,19402.22003,RF,100,1.0,100,1.0,27,5266.359,52.663590000000006,18988.45103419649,
4,7791,19407.539155,LoR,32,0.01,0,0.0,13,175.664,5.4895,182165.95318335004,
4,7792,19407.756497,AB,8,0.0,0,0.0,20,8490.213,1061.276625,942.2614014512945,
4,7793,19416.339984,NB,64,0.5,39,0.609375,22,143.379,2.240296875,446369.412536006,
4,7794,19416.551727,AB,64,0.05,2,0.03125,20,8503.673,132.869890625,7526.159578337501,
4,7795,19425.11897,LoR,8,0.5,4,0.5,2,167.939,20.992375,47636.3441487683,
4,7796,19425.326103,GB,8,0.0,0,0.0,7,262.864,32.858,30433.988678556216,
4,7797,19425.629069,DT,1,1.0,1,1.0,9,88.806,88.806,11260.500416638515,15.0
4,7798,19425.927111,DT,1,0.0,0,0.0,3,88.086,88.086,11352.541834116659,7.0
4,7799,19426.229418,LoR,64,0.1,6,0.09375,23,172.289,2.692015625,371468.8691675035,
4,7800,19426.461345,RF,16,0.5,9,0.5625,4,3574.183,223.3864375,4476.547507500315,
4,7801,19430.091047,MLP,64,0.01,0,0.0,13,240.324,3.7550625,266307.1520114512,
4,7802,19430.403287,LoR,64,0.05,3,0.046875,4,164.756,2.5743125,388453.2278035398,
4,7803,19430.637063,MLP,64,0.05,1,0.015625,8,206.583,3.227859375,309802.83953665115,
4,7804,19430.8936,NB,64,0.0,0,0.0,9,156.388,2.4435625,409238.56050336343,
4,7805,19431.102937,RF,1,0.01,0,0.0,12,3023.776,3023.776,330.7123278973046,6.69
4,7806,19447.165953,LoR,100,0.1,7,0.07,2,174.609,1.7460900000000001,572708.1651003098,
4,7807,19447.387108,NB,8,0.01,0,0.0,15,112.479,14.059875,71124.38766347496,
4,7808,19447.572234,MLP,100,0.5,54,0.54,22,232.911,2.32911,429348.5494459257,
4,7809,19447.866827,RF,16,0.5,10,0.625,6,3458.56,216.16,4626.202812731311,
4,7810,19451.37263,LoR,16,0.01,0,0.0,29,168.84,10.5525,94764.27386875148,
4,7811,19451.583355,DT,1,0.5,0,0.0,26,88.939,88.939,11243.661385893703,7.0
4,7812,19451.871349,MLP,64,0.0,0,0.0,20,216.235,3.378671875,295974.28723379655,
4,7813,19452.138105,NB,64,0.0,0,0.0,25,132.004,2.0625625,484833.79291536624,
4,7814,19452.331505,LoR,32,0.05,2,0.0625,14,158.898,4.9655625,201387.05332980907,
4,7815,19452.530521,RF,1,0.05,0,0.0,18,3104.702,3104.702,322.0921041697399,24.93
4,7816,19469.260305,GB,8,0.5,6,0.75,23,276.782,34.59775,28903.61367429963,
4,7817,19469.585209,MLP,16,0.05,0,0.0,0,223.987,13.9991875,71432.71707733038,
4,7818,19469.864105,DT,64,1.0,64,1.0,6,119.489,1.867015625,535614.1569516859,
4,7819,19470.044355,GB,16,0.05,1,0.0625,2,238.455,14.9034375,67098.61399425467,
4,7820,19470.325018,GB,8,0.01,0,0.0,4,215.995,26.999375,37037.8943957036,
4,7821,19470.604247,AB,32,0.5,16,0.5,29,8356.597,261.14365625,3829.309945184625,
4,7822,19479.014247,AB,32,0.01,0,0.0,4,8209.535,256.54796875,3897.906519674988,
4,7823,19487.266941,LoR,1,0.5,0,0.0,13,156.097,156.097,6406.273022543674,
4,7824,19487.595821,MLP,64,0.0,0,0.0,8,210.013,3.281453125,304743.039716589,
4,7825,19487.846934,NB,8,0.0,0,0.0,6,115.355,14.419375,69351.13345758745,
4,7826,19488.005258,LoR,32,1.0,32,1.0,15,153.466,4.7958125,208515.2411609086,
4,7827,19488.203166,NB,1,0.1,1,1.0,5,100.33,100.33,9967.10854181202,
4,7828,19488.379987,AB,64,0.5,25,0.390625,5,8443.047,131.922609375,7580.201792078144,
4,7829,19496.866622,NB,16,1.0,16,1.0,11,113.826,7.114125,140565.42441972837,
4,7830,19497.055809,LoR,100,0.05,8,0.08,21,169.819,1.6981899999999999,588862.2592289438,
4,7831,19497.299352,SGD,100,0.1,10,0.1,1,168.059,1.68059,595029.1266757508,
4,7832,19497.525272,LoR,8,0.5,5,0.625,25,148.983,18.622875,53697.40171697442,
4,7833,19497.74306,RF,64,0.01,1,0.015625,19,3655.159,57.111859375,17509.498218818935,
4,7834,19501.442497,GB,1,0.01,0,0.0,19,228.301,228.301,4380.182303187459,4.0
4,7835,19515.059215,AB,64,0.05,4,0.0625,17,8925.287,139.457609375,7170.637762124624,
4,7836,19524.044656,DT,8,0.0,0,0.0,18,89.565,11.195625,89320.60514709988,
4,7837,19524.179086,SGD,16,0.05,0,0.0,2,252.399,15.7749375,63391.693310987765,
4,7838,19524.496558,NB,16,0.1,1,0.0625,0,124.573,7.7858125,128438.74675892851,
4,7839,19524.691417,AB,64,0.1,5,0.078125,11,8623.098,134.73590625,7421.926551223238,
4,7840,19533.385635,SGD,32,0.1,2,0.0625,5,171.6,5.3625,186480.18648018647,
4,7841,19533.627322,SGD,64,0.1,8,0.125,29,160.421,2.506578125,398950.26212278946,
4,7842,19533.856165,NB,64,0.5,35,0.546875,3,132.552,2.071125,482829.38016778324,
4,7843,19534.053647,RF,64,0.1,6,0.09375,25,3838.563,59.977546875,16672.90598070163,
4,7844,19537.960754,DT,16,0.05,1,0.0625,28,99.366,6.210375,161020.87233057586,
4,7845,19538.106616,DT,32,0.1,0,0.0,21,92.606,2.8939375,345549.9643651599,
4,7846,19538.25856,AB,16,0.5,10,0.625,12,8627.019,539.1886875,1854.6383171290106,
4,7847,19546.94653,SGD,8,1.0,8,1.0,2,215.873,26.984125,37058.82625432546,
4,7848,19547.228019,MLP,8,0.5,3,0.375,25,196.44,24.555,40724.903278354715,
4,7849,19547.486163,RF,8,0.1,2,0.25,12,3368.647,421.080875,2374.840700138661,
4,7850,19550.924835,LoR,32,0.5,18,0.5625,12,210.725,6.58515625,151856.6852532922,
4,7851,19551.178156,DT,1,0.05,0,0.0,6,90.811,90.811,11011.881820484301,7.0
4,7852,19551.504647,GB,8,0.1,1,0.125,0,265.435,33.179375,30139.20545519619,
4,7853,19551.815062,NB,16,0.01,0,0.0,11,125.665,7.8540625,127322.64353638641,
4,7854,19551.99809,MLP,8,0.5,3,0.375,3,186.887,23.360875,42806.61576246609,
4,7855,19552.226325,AB,1,0.1,0,0.0,18,7978.796,7978.796,125.33219297748683,2.0
4,7856,19573.087641,LoR,100,0.0,0,0.0,22,175.45,1.7545,569962.9524080935,
4,7857,19573.305018,AB,1,0.1,0,0.0,28,7909.9,7909.9,126.42384859479893,2.0
4,7858,19593.925235,LoR,1,1.0,1,1.0,21,157.198,157.198,6361.404089110548,
4,7859,19594.243683,MLP,16,0.0,0,0.0,26,179.526,11.220375,89123.58098548399,
4,7860,19594.488784,GB,32,0.5,18,0.5625,26,265.433,8.29478125,120557.73019933468,
4,7861,19594.818642,RF,32,0.1,4,0.125,8,3575.468,111.733375,8949.877330743835,
4,7862,19598.475398,LoR,100,0.05,11,0.11,6,181.92,1.8192,549692.1723834653,
4,7863,19598.733549,NB,100,0.1,12,0.12,25,149.385,1.49385,669411.2528031596,
4,7864,19598.950143,SGD,64,0.01,1,0.015625,7,204.944,3.20225,312280.42782418616,
4,7865,19599.20512,GB,64,0.01,0,0.0,14,256.452,4.0070625,249559.37173428165,
4,7866,19599.517684,GB,100,1.0,100,1.0,6,287.189,2.87189,348202.7514981423,
4,7867,19599.847349,RF,1,0.1,0,0.0,4,3028.687,3028.687,330.1760796014907,7.05
4,7868,19616.276939,DT,100,1.0,100,1.0,7,143.832,1.43832,695255.5759497192,
4,7869,19616.465045,NB,1,0.5,1,1.0,5,116.452,116.452,8587.22907292275,
4,7870,19616.631139,AB,8,1.0,8,1.0,25,8214.729,1026.841125,973.8604888852694,
4,7871,19624.904959,LoR,100,0.0,0,0.0,6,183.135,1.8313499999999998,546045.267152647,
4,7872,19625.153081,SGD,32,0.5,16,0.5,15,158.417,4.95053125,201998.5228858014,
4,7873,19625.387663,NB,100,0.5,48,0.48,13,144.794,1.44794,690636.3523350415,
4,7874,19625.571961,MLP,16,1.0,16,1.0,4,194.69,12.168125,82181.9302480867,
4,7875,19625.826114,AB,8,0.5,4,0.5,8,8166.341,1020.792625,979.6309020159702,
4,7876,19634.060527,GB,32,0.1,3,0.09375,5,272.412,8.512875,117469.12764489083,
4,7877,19634.373409,MLP,1,1.0,1,1.0,2,176.643,176.643,5661.135737051567,
4,7878,19634.73067,NB,16,0.1,2,0.125,18,115.404,7.21275,138643.37457973728,
4,7879,19634.912065,RF,64,0.5,32,0.5,28,4453.498,69.58590625,14370.726112372793,
4,7880,19639.436731,RF,8,0.5,2,0.25,11,3285.797,410.724625,2434.721317232927,
4,7881,19642.766768,AB,1,0.1,0,0.0,9,8011.966,8011.966,124.81331049083333,2.0
4,7882,19663.728234,MLP,32,0.01,0,0.0,9,229.796,7.181125,139253.9469790597,
4,7883,19664.020291,MLP,100,0.0,0,0.0,16,228.816,2.28816,437032.3753583665,
4,7884,19664.291481,NB,1,0.01,0,0.0,23,110.963,110.963,9012.013013346792,
4,7885,19664.454855,LoR,16,0.01,0,0.0,17,160.761,10.0475625,99526.62648279122,
4,7886,19664.654398,RF,1,1.0,1,1.0,24,3528.207,3528.207,283.43008219188954,15.72
4,7887,19681.832626,LoR,32,0.5,13,0.40625,23,202.313,6.32228125,158170.7552159278,
4,7888,19682.078218,GB,16,0.0,0,0.0,13,274.597,17.1623125,58267.20612388337,
4,7889,19682.423837,GB,100,1.0,100,1.0,17,289.909,2.8990899999999997,344935.82468981645,
4,7890,19682.779228,SGD,32,0.1,5,0.15625,3,175.139,5.47309375,182712.01731196363,
4,7891,19683.034145,GB,8,0.5,2,0.25,28,231.779,28.972375,34515.63774112409,
4,7892,19683.322246,LoR,100,1.0,100,1.0,7,172.28,1.7228,580450.4295333178,
4,7893,19683.546187,GB,64,0.01,0,0.0,25,245.022,3.82846875,261201.03500910124,
4,7894,19683.832985,MLP,1,0.5,1,1.0,12,187.692,187.692,5327.877586684568,
4,7895,19684.207015,NB,8,0.5,4,0.5,17,119.388,14.9235,67008.4095553992,
4,7896,19684.399693,MLP,100,0.05,10,0.1,17,235.326,2.35326,424942.4203020491,
4,7897,19684.679523,NB,32,0.0,0,0.0,5,119.776,3.743,267165.3753673524,
4,7898,19684.85251,DT,100,1.0,100,1.0,14,127.392,1.27392,784978.6485807586,
4,7899,19685.017578,RF,1,1.0,1,1.0,20,3171.469,3171.469,315.3112958064544,17.02
4,7900,19701.291023,GB,1,0.5,1,1.0,13,214.08,214.08,4671.150971599402,4.0
4,7901,19714.196021,DT,16,0.05,2,0.125,11,94.617,5.9135625,169102.80393586776,
4,7902,19714.328267,SGD,1,0.0,0,0.0,16,158.325,158.325,6316.121901152693,
4,7903,19714.662327,MLP,32,0.5,17,0.53125,26,192.548,6.017125,166192.32606934375,
4,7904,19714.913765,RF,100,0.01,0,0.0,0,3773.085,37.730850000000004,26503.511052626698,
4,7905,19718.760329,LoR,64,0.5,32,0.5,21,175.813,2.747078125,364023.1382207232,
4,7906,19718.977063,RF,8,1.0,8,1.0,6,3385.38,423.1725,2363.1025172949567,
4,7907,19722.415401,NB,64,1.0,64,1.0,18,142.757,2.230578125,448314.26830207976,
4,7908,19722.615756,DT,100,0.01,0,0.0,7,103.234,1.03234,968673.111571769,
4,7909,19722.764017,SGD,32,0.01,0,0.0,21,164.459,5.13934375,194577.37186776035,
4,7910,19722.988376,SGD,16,0.1,2,0.125,1,193.041,12.0650625,82883.94693355297,
4,7911,19723.2213,AB,1,0.5,0,0.0,12,7982.244,7982.244,125.27805464227855,2.0
4,7912,19744.658463,SGD,8,0.5,6,0.75,5,181.19,22.64875,44152.547050057954,
4,7913,19744.901533,LoR,16,0.5,6,0.375,17,155.403,9.7126875,102958.11535169849,
4,7914,19745.118202,LoR,32,0.5,15,0.46875,15,151.464,4.73325,211271.32519938733,
4,7915,19745.310922,SGD,8,0.1,0,0.0,28,148.709,18.588625,53796.340503937216,
4,7916,19745.499097,LoR,8,1.0,8,1.0,11,143.174,17.89675,55876.066883652056,
4,7917,19745.702401,RF,100,1.0,100,1.0,8,5352.58,53.5258,18682.579242159856,
4,7918,19751.122425,NB,32,0.1,0,0.0,8,140.325,4.38515625,228042.04525209338,
4,7919,19751.302841,LoR,8,1.0,8,1.0,24,162.304,20.288,49290.22082018927,
4,7920,19751.514122,GB,64,0.0,0,0.0,3,297.976,4.655875,214782.39858243617,
4,7921,19751.868149,NB,100,0.0,0,0.0,13,149.085,1.49085,670758.292249388,
4,7922,19752.055032,SGD,1,0.0,0,0.0,20,157.979,157.979,6329.955247216401,
4,7923,19752.392106,NB,16,0.5,10,0.625,6,113.952,7.122,140409.99719180007,
4,7924,19752.565644,GB,32,0.5,14,0.4375,18,259.559,8.11121875,123286.03515963614,
4,7925,19752.894312,NB,64,0.1,7,0.109375,7,132.5,2.0703125,483018.8679245283,
4,7926,19753.063391,DT,1,0.0,0,0.0,10,95.431,95.431,10478.775240749861,7.0
4,7927,19753.39604,NB,100,0.5,44,0.44,26,144.872,1.4487200000000002,690264.5093599866,
4,7928,19753.579985,MLP,1,0.05,0,0.0,18,181.956,181.956,5495.8341577084575,
4,7929,19753.916263,MLP,1,0.01,0,0.0,17,160.792,160.792,6219.214886312752,
4,7930,19754.24794,LoR,32,0.5,19,0.59375,10,153.361,4.79253125,208658.00301249995,
4,7931,19754.443026,LoR,8,0.1,0,0.0,19,145.014,18.12675,55167.087315707446,
4,7932,19754.661673,NB,100,0.01,3,0.03,18,139.229,1.39229,718241.1710204051,
4,7933,19754.852913,MLP,100,0.0,0,0.0,19,267.52,2.6752,373803.8277511962,
4,7934,19755.189404,LoR,64,0.05,2,0.03125,21,157.878,2.46684375,405376.30322147487,
4,7935,19755.386769,AB,1,0.1,0,0.0,5,7949.674,7949.674,125.79132175734502,2.0
4,7936,19776.34634,NB,64,1.0,64,1.0,10,136.079,2.126234375,470315.0375884596,
4,7937,19776.523403,RF,1,0.01,0,0.0,8,3112.526,3112.526,321.28245675698776,7.15
4,7938,19792.593796,SGD,8,0.5,4,0.5,6,165.909,20.738625,48219.2045036737,
4,7939,19792.808776,RF,64,0.0,0,0.0,25,3446.394,53.84990625,18570.13446518303,
4,7940,19796.324104,SGD,32,0.05,1,0.03125,27,172.175,5.38046875,185857.4125163351,
4,7941,19796.538084,NB,1,0.01,0,0.0,27,105.135,105.135,9511.580349074999,
4,7942,19796.691953,RF,8,0.0,0,0.0,10,3076.876,384.6095,2600.039780608643,
4,7943,19799.8275,DT,100,0.0,0,0.0,0,106.115,1.06115,942373.8397022099,
4,7944,19799.975345,NB,1,0.1,0,0.0,1,107.688,107.688,9286.085729143451,
4,7945,19800.151566,GB,16,0.1,1,0.0625,0,243.155,15.1971875,65801.64915383192,
4,7946,19800.435949,RF,1,0.05,0,0.0,23,3028.663,3028.663,330.1786960120687,8.82
4,7947,19816.487897,DT,1,0.1,0,0.0,22,88.762,88.762,11266.082332529686,7.0
4,7948,19816.761217,NB,32,0.0,0,0.0,19,123.836,3.869875,258406.27927258634,
4,7949,19816.947839,GB,32,0.5,15,0.46875,13,248.207,7.75646875,128924.64757238918,
4,7950,19817.238125,LoR,16,1.0,16,1.0,26,165.499,10.3436875,96677.32131311973,
4,7951,19817.449619,DT,32,0.05,0,0.0,0,93.485,2.92140625,342300.90388832433,
4,7952,19817.585399,NB,16,0.01,0,0.0,20,114.79,7.174375,139384.963847025,
4,7953,19817.739277,MLP,1,0.1,0,0.0,26,173.235,173.235,5772.505556036597,
4,7954,19818.06823,NB,32,1.0,32,1.0,29,118.297,3.69678125,270505.5918577817,
4,7955,19818.227324,AB,1,0.5,0,0.0,6,7953.409,7953.409,125.73224890106871,2.0
4,7956,19839.219232,SGD,16,1.0,16,1.0,12,195.632,12.227,81786.21084485155,
4,7957,19839.471387,NB,8,0.01,0,0.0,28,124.179,15.522375,64423.13112523051,
4,7958,19839.634124,RF,1,1.0,1,1.0,16,3314.78,3314.78,301.6791461273448,28.23
4,7959,19856.288712,DT,1,1.0,1,1.0,25,92.471,92.471,10814.201209027695,15.0
4,7960,19856.584149,SGD,64,0.01,0,0.0,0,193.774,3.02771875,330281.6683352772,
4,7961,19856.820883,NB,8,0.01,0,0.0,12,118.167,14.770875,67700.79633061684,
4,7962,19856.980522,GB,16,0.01,0,0.0,15,263.41,16.463125,60741.80934664591,
4,7963,19857.283429,GB,1,1.0,1,1.0,28,211.687,211.687,4723.955651504343,4.0
4,7964,19870.33957,NB,64,0.5,29,0.453125,8,139.09,2.17328125,460133.72636422457,
4,7965,19870.545649,AB,64,0.1,5,0.078125,25,8595.403,134.303171875,7445.840526616378,
4,7966,19879.188004,GB,32,1.0,32,1.0,0,241.491,7.54659375,132510.11424856412,
4,7967,19879.496176,SGD,32,0.05,1,0.03125,15,176.91,5.5284375,180882.93482561756,
4,7968,19879.73615,AB,32,0.1,5,0.15625,12,8353.091,261.03409375,3830.917201787937,
4,7969,19888.156588,LoR,32,0.1,2,0.0625,22,160.345,5.01078125,199569.67788206678,
4,7970,19888.387696,SGD,64,0.1,11,0.171875,25,159.923,2.498796875,400192.5926852298,
4,7971,19888.588222,NB,1,0.05,0,0.0,16,101.852,101.852,9818.167537210855,
4,7972,19888.758191,LoR,16,0.05,1,0.0625,24,151.129,9.4455625,105869.81982280039,
4,7973,19888.970049,LoR,32,0.1,2,0.0625,11,149.548,4.673375,213978.12073715462,
4,7974,19889.184906,SGD,64,0.5,26,0.40625,21,168.061,2.625953125,380814.1091627445,
4,7975,19889.408276,DT,8,0.5,5,0.625,7,88.213,11.026625,90689.58090077426,
4,7976,19889.537061,RF,32,1.0,32,1.0,25,4033.02,126.031875,7934.500696748342,
4,7977,19893.613382,RF,8,0.0,0,0.0,5,3122.791,390.348875,2561.8108928839615,
4,7978,19896.796004,RF,100,0.01,0,0.0,29,3667.283,36.67283,27268.143745655845,
4,7979,19900.507637,MLP,1,0.01,0,0.0,12,190.905,190.905,5238.207485398497,
4,7980,19900.892025,SGD,100,0.5,56,0.56,5,167.17,1.6717,598193.455763594,
4,7981,19901.107681,GB,64,1.0,64,1.0,4,265.464,4.147875,241087.3037398668,
4,7982,19901.448011,RF,100,0.5,47,0.47,12,4605.615,46.056149999999995,21712.626869592877,
4,7983,19906.12344,DT,32,0.01,1,0.03125,29,98.616,3.08175,324490.9548146345,
4,7984,19906.296274,LoR,100,0.5,46,0.46,14,201.697,2.01697,495793.19474260893,
4,7985,19906.538692,DT,8,0.05,0,0.0,0,87.431,10.928875,91500.7262870149,
4,7986,19906.676412,DT,64,0.0,0,0.0,9,93.758,1.46496875,682608.4174150473,
4,7987,19906.808279,GB,1,0.1,0,0.0,23,239.88,239.88,4168.7510421877605,4.0
4,7988,19920.680318,AB,1,0.0,0,0.0,13,7874.673,7874.673,126.98940006778695,2.0
4,7989,19941.367236,AB,32,1.0,32,1.0,13,8150.276,254.696125,3926.2474056093315,
4,7990,19949.563327,LoR,32,0.0,0,0.0,22,165.776,5.1805,193031.56066016792,
4,7991,19949.770869,SGD,1,0.1,0,0.0,17,146.812,146.812,6811.432307985723,
4,7992,19950.109891,DT,100,0.01,1,0.01,19,96.788,0.96788,1033185.932140348,
4,7993,19950.246554,SGD,16,0.0,0,0.0,16,149.267,9.3291875,107190.4707671488,
4,7994,19950.458223,DT,32,0.05,1,0.03125,6,87.985,2.74953125,363698.35767460364,
4,7995,19950.587039,SGD,32,0.0,0,0.0,5,150.48,4.7025,212652.84423179162,
4,7996,19950.795082,NB,16,0.5,4,0.25,7,115.05,7.190625,139069.96957844417,
4,7997,19950.971474,AB,32,0.5,22,0.6875,7,8254.402,257.9500625,3876.719355320955,
4,7998,19959.28866,RF,16,0.5,11,0.6875,9,3585.819,224.1136875,4462.021089184926,
4,7999,19962.918251,MLP,1,0.5,1,1.0,1,194.86,194.86,5131.889561736631,
4,8000,19963.284937,GB,100,1.0,100,1.0,9,314.488,3.14488,317977.1565210755,
4,8001,19963.641203,GB,1,0.1,0,0.0,13,211.974,211.974,4717.559700718013,4.0
4,8002,19976.320306,MLP,100,0.01,0,0.0,12,237.473,2.37473,421100.50405730336,
4,8003,19976.599506,GB,8,1.0,8,1.0,3,215.13,26.89125,37186.817273276625,
4,8004,19976.853571,MLP,1,1.0,1,1.0,16,168.793,168.793,5924.416296884349,
4,8005,19977.182087,RF,64,1.0,64,1.0,3,4596.338,71.81778125,13924.128295177596,
4,8006,19981.852766,SGD,64,0.5,31,0.484375,23,176.447,2.756984375,362715.1495916621,
4,8007,19982.068138,GB,1,1.0,1,1.0,5,209.923,209.923,4763.651434097264,4.0
4,8008,19994.8221,SGD,32,0.0,0,0.0,25,162.439,5.07621875,196997.02657613013,
4,8009,19995.052328,MLP,16,0.05,0,0.0,19,207.057,12.9410625,77273.40780558011,
4,8010,19995.303946,MLP,32,0.0,0,0.0,2,178.996,5.593625,178774.94469150147,
4,8011,19995.541232,MLP,100,0.01,0,0.0,5,214.004,2.14004,467280.98540214205,
4,8012,19995.815743,RF,16,0.1,3,0.1875,5,3296.731,206.0456875,4853.292549498276,
4,8013,19999.1537,LoR,1,1.0,1,1.0,6,161.514,161.514,6191.413747415085,
4,8014,19999.491547,NB,32,0.05,1,0.03125,18,123.19,3.8496875,259761.34426495657,
4,8015,19999.675714,NB,32,0.1,4,0.125,7,113.786,3.5558125,281229.6767616403,
4,8016,19999.82534,SGD,8,0.0,0,0.0,16,151.476,18.9345,52813.64704639679,
4,8017,20000.026852,AB,64,0.01,0,0.0,23,8384.784,131.01225,7632.874025138871,
4,8018,20008.455533,LoR,8,0.05,0,0.0,28,148.781,18.597625,53770.306692386795,
4,8019,20008.678892,GB,100,0.5,49,0.49,10,290.712,2.90712,343983.0485153692,
4,8020,20009.039545,AB,64,0.1,7,0.109375,22,8444.823,131.950359375,7578.607627418597,
4,8021,20017.548393,AB,16,0.5,8,0.5,19,8058.524,503.65775,1985.4752557664406,
4,8022,20025.684568,LoR,100,0.1,6,0.06,24,164.304,1.64304,608627.9092414061,
4,8023,20025.916818,GB,64,0.5,36,0.5625,10,259.249,4.050765625,246866.91173350715,
4,8024,20026.237658,MLP,16,0.05,1,0.0625,25,187.856,11.741,85171.62081594413,
4,8025,20026.473696,GB,16,0.1,0,0.0,9,219.457,13.7160625,72907.22100457037,
4,8026,20026.756512,AB,32,0.05,1,0.03125,8,8063.065,251.97078125,3968.714130420628,
4,8027,20034.862979,NB,8,0.01,0,0.0,24,110.058,13.75725,72688.94582856311,
4,8028,20035.016428,RF,1,0.01,0,0.0,22,2945.535,2945.535,339.49689954456494,7.13
4,8029,20050.668126,RF,8,0.05,0,0.0,8,2992.133,374.016625,2673.677941455143,
4,8030,20053.703944,NB,1,0.05,0,0.0,24,110.908,110.908,9016.48212933242,
4,8031,20053.864825,MLP,16,0.0,0,0.0,3,187.275,11.7046875,85435.85636096649,
4,8032,20054.121857,MLP,64,0.05,6,0.09375,28,202.35,3.16171875,316283.66691376327,
4,8033,20054.36707,LoR,32,0.0,0,0.0,1,152.623,4.76946875,209666.95714276357,
4,8034,20054.556606,AB,1,0.0,0,0.0,3,7859.958,7859.958,127.22714294402083,2.0
4,8035,20075.06256,RF,32,0.5,18,0.5625,12,3740.348,116.885875,8555.353672973744,
4,8036,20078.875625,SGD,64,0.1,9,0.140625,20,225.872,3.52925,283346.32003966847,
4,8037,20079.144505,AB,8,1.0,8,1.0,8,8034.118,1004.26475,995.7533608542966,
4,8038,20087.244298,MLP,32,0.5,16,0.5,25,191.032,5.96975,167511.20231165458,
4,8039,20087.475625,SGD,8,1.0,8,1.0,18,148.379,18.547375,53915.98541572595,
4,8040,20087.686459,GB,32,0.1,2,0.0625,15,234.7,7.334375,136344.26927993185,
4,8041,20087.966801,LoR,32,0.01,0,0.0,19,160.858,5.0268125,198933.22060450833,
4,8042,20088.201839,SGD,100,0.01,1,0.01,29,165.795,1.6579499999999998,603154.498024669,
4,8043,20088.425919,SGD,16,0.5,12,0.75,4,148.559,9.2849375,107701.31732173749,
4,8044,20088.634799,RF,32,0.1,4,0.125,29,3372.521,105.39128125,9488.450924397504,
4,8045,20092.078114,MLP,64,0.1,4,0.0625,2,218.446,3.41321875,292978.5850965456,
4,8046,20092.338966,LoR,16,1.0,16,1.0,5,154.061,9.6288125,103854.96653922796,
4,8047,20092.537952,RF,8,0.1,0,0.0,29,3084.075,385.509375,2593.9706394948244,
4,8048,20095.689592,MLP,32,0.01,1,0.03125,15,198.964,6.217625,160833.11553848936,
4,8049,20095.930458,MLP,1,0.01,0,0.0,14,200.507,200.507,4987.3570498785575,
4,8050,20096.28142,LoR,1,1.0,1,1.0,24,143.021,143.021,6991.980198712078,
4,8051,20096.571454,AB,1,0.05,0,0.0,7,7743.669,7743.669,129.13775110997125,2.0
4,8052,20117.441295,DT,100,1.0,100,1.0,18,127.923,1.27923,781720.2535900503,
4,8053,20117.634591,LoR,32,0.5,13,0.40625,1,176.641,5.52003125,181158.39471017488,
4,8054,20117.851432,MLP,1,0.05,0,0.0,3,172.701,172.701,5790.354427594513,
4,8055,20118.180375,SGD,8,0.01,0,0.0,25,149.747,18.718375,53423.44087026785,
4,8056,20118.376344,MLP,32,0.01,0,0.0,0,185.858,5.8080625,172174.4557673062,
4,8057,20118.638015,AB,100,0.5,59,0.59,9,8746.472,87.46472,11433.181287266454,
4,8058,20127.426733,AB,1,0.5,0,0.0,0,7657.088,7657.088,130.59795055248156,2.0
4,8059,20148.240019,AB,8,0.5,3,0.375,19,8043.439,1005.429875,994.5994493151499,
4,8060,20156.350848,DT,32,0.05,2,0.0625,27,87.642,2.7388125,365121.7452819425,
4,8061,20156.480582,DT,32,0.0,0,0.0,8,82.962,2.5925625,385718.7628070683,
4,8062,20156.604675,GB,16,0.01,0,0.0,8,254.892,15.93075,62771.68369348587,
4,8063,20156.919603,DT,16,0.05,1,0.0625,24,90.274,5.642125,177238.18596716662,
4,8064,20157.056241,NB,64,0.0,0,0.0,22,137.314,2.14553125,466085.03138791386,
4,8065,20157.285587,RF,64,0.05,3,0.046875,17,3712.36,58.005625,17239.707355967632,
4,8066,20161.063419,LoR,16,0.1,1,0.0625,15,180.749,11.2968125,88520.54506525624,
4,8067,20161.28854,SGD,16,0.0,0,0.0,13,155.382,9.711375,102972.03022229086,
4,8068,20161.503349,RF,16,0.5,7,0.4375,19,3434.078,214.629875,4659.1836294924,
4,8069,20164.981458,GB,16,0.0,0,0.0,3,255.758,15.984875,62559.137935079256,
4,8070,20165.31382,SGD,100,0.1,8,0.08,7,176.618,1.7661799999999999,566193.706190762,
4,8071,20165.533219,RF,32,0.0,0,0.0,3,3176.298,99.2593125,10074.621461840168,
4,8072,20168.777386,RF,32,0.05,1,0.03125,28,3161.789,98.80590625,10120.852466752209,
4,8073,20171.984352,SGD,8,0.1,0,0.0,18,165.905,20.738125,48220.367077544375,
4,8074,20172.211514,GB,16,0.1,2,0.125,27,239.293,14.9558125,66863.63579377583,
4,8075,20172.490037,AB,1,0.0,0,0.0,24,7779.29,7779.29,128.5464354716176,2.0
4,8076,20192.966129,NB,64,0.05,0,0.0,25,135.739,2.120921875,471493.0859959186,
4,8077,20193.171937,RF,64,0.5,23,0.359375,13,3927.693,61.370203125,16294.55255285991,
4,8078,20197.164639,RF,16,0.5,9,0.5625,18,3347.777,209.2360625,4779.290854797078,
4,8079,20200.558707,NB,16,0.01,0,0.0,29,123.317,7.7073125,129746.9124289433,
4,8080,20200.723047,NB,8,0.05,0,0.0,4,106.702,13.33775,74975.16447676707,
4,8081,20200.894159,SGD,64,0.5,28,0.4375,22,170.336,2.6615,375727.9729475859,
4,8082,20201.119591,DT,100,1.0,100,1.0,4,120.548,1.20548,829545.0774795102,
4,8083,20201.276739,DT,1,1.0,1,1.0,29,84.415,84.415,11846.235858555943,25.0
4,8084,20201.555756,GB,32,0.01,0,0.0,21,242.164,7.567625,132141.8542805702,
4,8085,20201.839664,SGD,1,0.05,0,0.0,29,156.243,156.243,6400.286732845631,
4,8086,20202.158467,AB,8,0.1,0,0.0,0,8309.653,1038.706625,962.7357484121178,
4,8087,20210.519646,RF,16,0.01,0,0.0,3,3415.875,213.4921875,4684.012149156511,
4,8088,20214.001544,DT,8,0.1,3,0.375,27,97.282,12.16025,82235.15141547254,
4,8089,20214.137561,NB,8,0.0,0,0.0,23,117.639,14.704875,68004.65831909486,
4,8090,20214.309762,MLP,100,0.0,0,0.0,24,257.789,2.57789,387914.14684102114,
4,8091,20214.628595,LoR,8,0.1,1,0.125,29,157.868,19.7335,50675.247675273014,
4,8092,20214.854511,RF,64,0.01,1,0.015625,2,3459.593,54.056140625,18499.28589865918,
4,8093,20218.366246,RF,64,0.0,0,0.0,13,3396.167,53.065109375,18844.77412329841,
4,8094,20221.814893,DT,64,0.0,0,0.0,29,100.801,1.575015625,634914.3361672999,
4,8095,20221.966619,GB,64,0.01,0,0.0,20,284.403,4.443796875,225032.7879804362,
4,8096,20222.311217,SGD,8,0.5,4,0.5,23,164.607,20.575875,48600.6062925635,
4,8097,20222.519234,GB,32,0.0,0,0.0,23,238.11,7.4409375,134391.66771660157,
4,8098,20222.797308,DT,8,1.0,8,1.0,21,92.462,11.55775,86522.03067205987,
4,8099,20222.950518,GB,32,0.5,18,0.5625,0,283.673,8.86478125,112805.94205299763,
4,8100,20223.294258,AB,16,0.01,1,0.0625,18,8622.59,538.911875,1855.5909535302037,
4,8101,20231.985549,LoR,100,0.0,0,0.0,7,178.332,1.78332,560751.8560886437,
4,8102,20232.208709,DT,32,0.0,0,0.0,6,90.286,2.8214375,354429.25813525904,
4,8103,20232.363099,GB,8,0.5,2,0.25,25,235.5,29.4375,33970.27600849257,
4,8104,20232.647499,LoR,64,1.0,64,1.0,14,161.7,2.5265625,395794.68150896725,
4,8105,20232.849324,LoR,1,0.05,0,0.0,3,141.964,141.964,7044.039333915641,
4,8106,20233.168476,AB,16,0.01,1,0.0625,27,8169.43,510.589375,1958.5209739235172,
4,8107,20241.388537,GB,64,0.0,0,0.0,8,250.682,3.91690625,255303.53196480003,
4,8108,20241.679547,MLP,8,1.0,8,1.0,9,194.35,24.29375,41162.85052739902,
4,8109,20241.920373,DT,32,0.01,0,0.0,13,89.307,2.79084375,358314.57780465134,
4,8110,20242.047641,RF,8,1.0,8,1.0,20,3359.151,419.893875,2381.5541486524426,
4,8111,20245.453452,MLP,32,0.0,0,0.0,15,205.094,6.4091875,156026.0173383912,
4,8112,20245.70411,GB,32,0.0,0,0.0,20,232.615,7.26921875,137566.36502375168,
4,8113,20245.9788,AB,1,0.5,1,1.0,1,7834.731,7834.731,127.63680080400974,2.0
4,8114,20266.603724,GB,64,0.05,5,0.078125,26,251.89,3.93578125,254079.16153876693,
4,8115,20266.918255,MLP,16,0.05,1,0.0625,1,240.886,15.055375,66421.46077397607,
4,8116,20267.198069,LoR,1,1.0,1,1.0,14,147.582,147.582,6775.894079223754,
4,8117,20267.519656,SGD,16,0.5,6,0.375,15,151.877,9.4923125,105348.40693455888,
4,8118,20267.738869,SGD,64,0.1,3,0.046875,1,161.414,2.52209375,396495.9668925868,
4,8119,20267.93954,GB,1,0.1,0,0.0,8,198.917,198.917,5027.222409346612,4.0
4,8120,20280.709494,SGD,8,0.0,0,0.0,7,158.581,19.822625,50447.40542687964,
4,8121,20280.938304,MLP,64,0.5,30,0.46875,8,204.55,3.19609375,312881.9359569787,
4,8122,20281.218623,DT,100,0.01,1,0.01,29,100.642,1.0064199999999999,993620.953478667,
4,8123,20281.356334,DT,1,1.0,1,1.0,2,85.627,85.627,11678.559332920691,43.0
4,8124,20281.64484,MLP,16,0.5,11,0.6875,27,187.439,11.7149375,85361.10414588213,
4,8125,20281.871649,GB,8,1.0,8,1.0,10,213.1,26.6375,37541.06053496011,
4,8126,20282.125459,AB,16,0.0,0,0.0,19,8111.126,506.945375,1972.5991187906586,
4,8127,20290.300877,GB,16,0.05,2,0.125,7,215.905,13.4940625,74106.66728422223,
4,8128,20290.558046,LoR,8,0.0,0,0.0,23,157.261,19.657625,50870.84528268293,
4,8129,20290.777923,MLP,16,0.1,1,0.0625,29,186.195,11.6371875,85931.41598861408,
4,8130,20291.003513,MLP,1,0.0,0,0.0,9,168.134,168.134,5947.637003818383,
4,8131,20291.322457,GB,1,0.1,0,0.0,12,203.984,203.984,4902.345281982901,4.0
4,8132,20304.879096,MLP,32,0.1,5,0.15625,29,239.479,7.48371875,133623.40748040538,
4,8133,20305.168411,MLP,32,0.01,0,0.0,16,190.571,5.95534375,167916.41960214303,
4,8134,20305.401683,DT,1,0.5,0,0.0,27,93.703,93.703,10672.016904474776,7.0
4,8135,20305.684344,NB,1,0.01,0,0.0,12,114.91,114.91,8702.462796971544,
4,8136,20305.845595,NB,1,1.0,1,1.0,0,98.357,98.357,10167.044541822137,
4,8137,20306.011596,LoR,16,0.05,1,0.0625,20,162.427,10.1516875,98505.7902934857,
4,8138,20306.23083,AB,100,0.0,0,0.0,10,8785.875,87.85875,11381.905615547683,
4,8139,20315.118546,RF,32,0.1,4,0.125,18,3348.534,104.6416875,9556.420809823045,
4,8140,20318.511947,LoR,1,0.01,0,0.0,11,165.828,165.828,6030.344694502738,
4,8141,20318.846117,AB,64,1.0,64,1.0,22,8518.013,133.093953125,7513.489354853062,
4,8142,20327.416337,AB,64,1.0,64,1.0,0,8394.141,131.158453125,7624.365614063428,
4,8143,20335.889871,LoR,100,0.5,51,0.51,0,168.381,1.68381,593891.2347592661,
4,8144,20336.099111,DT,1,0.01,0,0.0,2,85.935,85.935,11636.70215860825,31.0
4,8145,20336.37538,RF,16,1.0,16,1.0,22,3655.954,228.497125,4376.422679278788,
4,8146,20340.101262,NB,32,0.1,3,0.09375,16,132.335,4.13546875,241810.55654210903,
4,8147,20340.305137,NB,64,0.5,35,0.546875,4,130.379,2.037171875,490876.59822517436,
4,8148,20340.473147,SGD,8,1.0,8,1.0,21,164.179,20.522375,48727.303735556925,
4,8149,20340.698266,LoR,16,0.05,1,0.0625,26,155.48,9.7175,102907.12631849757,
4,8150,20340.891026,RF,1,0.0,0,0.0,6,3058.778,3058.778,326.92794311976877,7.02
4,8151,20356.948564,GB,8,0.05,0,0.0,24,255.561,31.945125,31303.680921580366,
4,8152,20357.246786,AB,1,0.01,0,0.0,18,7893.138,7893.138,126.69232439620339,2.0
4,8153,20377.895504,SGD,32,0.5,19,0.59375,3,168.836,5.276125,189533.03797768248,
4,8154,20378.140745,NB,100,0.05,3,0.03,0,142.866,1.42866,699956.6026906332,
4,8155,20378.354921,MLP,100,0.05,7,0.07,23,241.367,2.4136699999999998,414306.84393475496,
4,8156,20378.639177,SGD,8,0.05,0,0.0,20,155.869,19.483625,51325.15124880509,
4,8157,20378.837021,NB,8,1.0,8,1.0,4,110.082,13.76025,72673.09823586054,
4,8158,20378.983825,SGD,1,1.0,1,1.0,6,155.373,155.373,6436.124680607313,
4,8159,20379.294178,GB,16,1.0,16,1.0,25,239.448,14.9655,66820.35347966991,
4,8160,20379.583827,NB,64,0.0,0,0.0,12,132.287,2.066984375,483796.59376960696,
4,8161,20379.78219,RF,64,0.1,10,0.15625,5,3775.062,58.98534375,16953.363944751105,
4,8162,20383.599861,SGD,1,1.0,1,1.0,21,165.716,165.716,6034.420333582756,
4,8163,20383.94391,GB,32,0.1,3,0.09375,1,238.498,7.4530625,134173.0328975505,
4,8164,20384.240009,RF,100,1.0,100,1.0,5,5308.475,53.08475000000001,18837.801816905983,
4,8165,20389.598028,LoR,8,0.5,8,1.0,5,172.591,21.573875,46352.35904537317,
4,8166,20389.842263,AB,64,0.5,29,0.453125,18,8502.829,132.856703125,7526.90663307471,
4,8167,20398.419031,LoR,64,0.5,35,0.546875,28,164.611,2.572046875,388795.4024943655,
4,8168,20398.62549,DT,1,0.1,0,0.0,9,85.621,85.621,11679.377722754933,7.0
4,8169,20398.943321,AB,100,0.05,1,0.01,25,8706.308,87.06308000000001,11485.924917887121,
4,8170,20407.692039,RF,8,1.0,8,1.0,29,3301.4,412.675,2423.2143938934996,
4,8171,20411.060369,SGD,8,0.01,0,0.0,12,174.245,21.780625,45912.364773738125,
4,8172,20411.308579,LoR,64,0.5,38,0.59375,9,168.404,2.6313125,380038.4788959882,
4,8173,20411.519463,SGD,1,0.05,0,0.0,25,210.532,210.532,4749.871753462657,
4,8174,20411.889936,SGD,1,0.01,0,0.0,28,202.701,202.701,4933.374773681432,
4,8175,20412.307504,RF,64,1.0,64,1.0,4,4843.564,75.6806875,13213.410620774288,
4,8176,20417.218373,GB,32,0.01,0,0.0,25,311.225,9.72578125,102819.50357458429,
4,8177,20417.595634,DT,8,0.5,3,0.375,29,97.227,12.153375,82281.67072932415,
4,8178,20417.756383,MLP,32,0.1,1,0.03125,13,230.697,7.20928125,138710.08292262146,
4,8179,20418.049221,GB,16,0.01,1,0.0625,16,238.443,14.9026875,67101.9908321905,
4,8180,20418.328473,DT,8,1.0,8,1.0,12,92.437,11.554625,86545.4309421552,
4,8181,20418.503952,MLP,100,0.01,3,0.03,6,235.41,2.3541,424790.7905356612,
4,8182,20418.814489,SGD,100,0.05,7,0.07,1,172.421,1.72421,579975.7570133569,
4,8183,20419.089961,MLP,64,0.5,26,0.40625,22,203.507,3.179796875,314485.4968133774,
4,8184,20419.368741,NB,100,0.05,6,0.06,29,149.714,1.49714,667940.2059927596,
4,8185,20419.590599,SGD,100,0.01,1,0.01,12,170.549,1.7054900000000002,586341.7551554098,
4,8186,20419.803676,GB,32,0.0,0,0.0,3,232.456,7.26425,137660.4604742403,
4,8187,20420.076247,DT,8,1.0,8,1.0,7,92.737,11.592125,86265.4603879789,
4,8188,20420.216645,NB,64,1.0,64,1.0,26,131.264,2.051,487567.0404680643,
4,8189,20420.414554,GB,64,0.05,4,0.0625,15,250.454,3.91334375,255535.9467207551,
4,8190,20420.734196,AB,64,0.01,1,0.015625,28,8513.738,133.02715625,7517.2621003841095,
4,8191,20429.288916,RF,1,0.0,0,0.0,24,3119.035,3119.035,320.61198415535574,24.73
4,8192,20445.371097,GB,64,0.5,30,0.46875,16,272.725,4.261328125,234668.62223851864,
4,8193,20445.6844,DT,1,0.0,0,0.0,1,90.603,90.603,11037.162124874452,7.0
4,8194,20445.963991,MLP,1,0.5,0,0.0,15,177.676,177.676,5628.222157184989,
4,8195,20446.301993,NB,1,0.05,0,0.0,5,104.814,104.814,9540.710210468067,
4,8196,20446.470105,GB,100,0.0,0,0.0,23,271.378,2.71378,368489.7080824533,
4,8197,20446.817015,DT,100,0.5,49,0.49,1,114.381,1.14381,874271.0764899765,
4,8198,20446.978953,DT,64,1.0,64,1.0,27,110.329,1.723890625,580083.2056848154,
4,8199,20447.146633,NB,8,0.1,2,0.25,7,114.45,14.30625,69899.51944080384,
4,8200,20447.316747,RF,16,0.1,3,0.1875,20,3278.982,204.936375,4879.563230295256,
4,8201,20450.640607,RF,16,0.0,0,0.0,14,3178.371,198.6481875,5034.025291572318,
4,8202,20453.864986,AB,8,0.05,0,0.0,2,8153.599,1019.199875,981.1618157822086,
4,8203,20462.059091,SGD,1,1.0,1,1.0,8,157.443,157.443,6351.5049891071685,
4,8204,20462.413733,LoR,16,1.0,16,1.0,8,164.5,10.28125,97264.4376899696,
4,8205,20462.620038,GB,1,0.01,0,0.0,1,300.484,300.484,3327.964217728731,4.0
4,8206,20475.995283,DT,32,0.0,0,0.0,24,109.086,3.4089375,293346.5339273601,
4,8207,20476.169108,MLP,8,0.05,1,0.125,20,218.195,27.274375,36664.451522720505,
4,8208,20476.446407,NB,100,1.0,100,1.0,27,153.718,1.53718,650541.9014038695,
4,8209,20476.65131,MLP,64,0.01,0,0.0,0,213.761,3.340015625,299399.7969695127,
4,8210,20476.925311,DT,8,0.1,2,0.25,1,94.352,11.794,84788.87569950822,
4,8211,20477.060261,SGD,8,0.05,0,0.0,19,160.786,20.09825,49755.57573420571,
4,8212,20477.259793,MLP,8,0.0,0,0.0,27,171.242,21.40525,46717.51089101973,
4,8213,20477.480131,LoR,64,1.0,64,1.0,1,158.543,2.477234375,403675.9743413459,
4,8214,20477.681281,SGD,32,1.0,32,1.0,21,150.241,4.69503125,212991.1275883414,
4,8215,20477.885581,SGD,100,0.0,0,0.0,24,159.694,1.5969399999999998,626197.6029155761,
4,8216,20478.100472,RF,100,1.0,100,1.0,2,5336.332,53.36332,18739.463736514143,
4,8217,20483.482268,LoR,1,0.0,0,0.0,11,168.986,168.986,5917.649982838815,
4,8218,20483.848095,DT,100,0.1,9,0.09,27,105.623,1.05623,946763.4890128097,
4,8219,20484.008673,DT,100,0.0,0,0.0,20,96.883,0.96883,1032172.827018156,
4,8220,20484.145025,GB,16,0.0,0,0.0,16,253.702,15.856375,63066.11694034734,
4,8221,20484.440939,NB,1,0.05,0,0.0,17,109.709,109.709,9115.022468530384,
4,8222,20484.596717,SGD,1,0.0,0,0.0,6,154.637,154.637,6466.757632390696,
4,8223,20484.917728,LoR,100,0.0,0,0.0,13,163.329,1.6332900000000001,612261.1416221246,
4,8224,20485.124087,NB,8,0.01,0,0.0,11,109.695,13.711875,72929.48630293086,
4,8225,20485.276205,MLP,32,0.0,0,0.0,0,194.554,6.0798125,164478.75654060056,
4,8226,20485.510075,RF,1,0.0,0,0.0,13,3077.058,3077.058,324.9857493748899,9.95
4,8227,20501.686597,LoR,64,0.01,0,0.0,27,170.418,2.66278125,375547.18398291257,
4,8228,20501.898299,RF,8,1.0,8,1.0,22,3378.827,422.353375,2367.6855902950933,
4,8229,20505.332545,MLP,64,0.05,0,0.0,0,224.55,3.50859375,285014.4733912269,
4,8230,20505.619728,DT,8,0.5,5,0.625,21,94.709,11.838625,84469.26902406318,
4,8231,20505.772877,AB,16,0.5,7,0.4375,23,8796.338,549.771125,1818.9387447367303,
4,8232,20514.658625,SGD,64,0.5,34,0.53125,12,183.423,2.865984375,348920.2553660119,
4,8233,20514.903673,LoR,16,0.5,7,0.4375,29,192.148,12.00925,83269.1466994192,
4,8234,20515.154226,LoR,100,0.01,0,0.0,28,161.889,1.6188900000000002,617707.1944356936,
4,8235,20515.359999,RF,32,0.0,0,0.0,17,3333.716,104.178625,9598.898046504262,
4,8236,20518.74083,SGD,16,0.05,0,0.0,5,171.949,10.7468125,93050.846471919,
4,8237,20518.986746,RF,64,0.05,4,0.0625,22,3643.342,56.92721875,17566.28941230332,
4,8238,20522.67567,SGD,16,0.0,0,0.0,14,170.674,10.667125,93745.97185277195,
4,8239,20522.908426,DT,8,0.1,1,0.125,8,93.424,11.678,85631.10121596164,
4,8240,20523.085284,NB,64,0.0,0,0.0,16,140.241,2.191265625,456357.2706982979,
4,8241,20523.262744,MLP,1,0.0,0,0.0,12,185.437,185.437,5392.667051343583,
4,8242,20523.642111,SGD,100,0.05,5,0.05,17,167.301,1.6730099999999999,597725.0584276245,
4,8243,20523.865334,DT,100,1.0,100,1.0,8,119.541,1.1954099999999999,836533.0723350148,
4,8244,20524.058154,SGD,100,0.05,2,0.02,26,169.193,1.6919300000000002,591041.0005142057,
4,8245,20524.267182,RF,1,0.5,1,1.0,10,3408.063,3408.063,293.42180587624114,23.83
4,8246,20540.927606,AB,1,0.1,0,0.0,12,8471.189,8471.189,118.04718322303988,2.0
4,8247,20563.131082,NB,16,0.01,0,0.0,28,141.378,8.836125,113171.78061650328,
4,8248,20563.345338,NB,100,0.0,0,0.0,9,149.181,1.49181,670326.650176631,
4,8249,20563.553003,GB,100,0.0,0,0.0,27,338.5,3.385,295420.9748892171,
4,8250,20563.960674,LoR,32,0.5,16,0.5,17,202.408,6.32525,158096.51792419274,
4,8251,20564.206643,AB,1,0.1,0,0.0,6,8564.97,8564.97,116.75464128887785,2.0
4,8252,20586.449669,DT,100,0.05,6,0.06,7,115.701,1.1570099999999999,864296.7649372088,
4,8253,20586.605038,MLP,8,1.0,8,1.0,16,224.043,28.005375,35707.43116276786,
4,8254,20586.900137,NB,64,0.1,9,0.140625,3,162.9,2.5453125,392879.0669122161,
4,8255,20587.113737,MLP,8,0.0,0,0.0,14,182.804,22.8505,43762.71854007571,
4,8256,20587.343009,NB,32,0.01,0,0.0,18,117.897,3.68428125,271423.361069408,
4,8257,20587.533566,MLP,100,0.1,10,0.1,7,231.025,2.31025,432853.58727410453,
4,8258,20587.809397,GB,32,1.0,32,1.0,4,280.719,8.77246875,113992.99655527413,
4,8259,20588.130625,LoR,1,1.0,1,1.0,5,161.173,161.173,6204.513162874675,
4,8260,20588.493303,MLP,100,0.01,1,0.01,25,228.955,2.28955,436767.0502937258,
4,8261,20588.791706,LoR,64,0.05,2,0.03125,19,159.678,2.49496875,400806.62332945055,
4,8262,20589.013106,DT,32,0.5,15,0.46875,14,99.268,3.102125,322359.6728049321,
4,8263,20589.149453,RF,1,1.0,1,1.0,8,3240.137,3240.137,308.62892525840726,24.29
4,8264,20605.817216,AB,32,0.1,7,0.21875,16,8619.706,269.3658125,3712.423602382726,
4,8265,20614.500074,LoR,64,0.0,0,0.0,11,188.525,2.945703125,339477.52287495026,
4,8266,20614.732647,MLP,16,1.0,16,1.0,7,206.212,12.88825,77590.05295521114,
4,8267,20615.02334,GB,64,0.1,7,0.109375,22,307.884,4.8106875,207870.496680568,
4,8268,20615.406294,RF,64,0.01,1,0.015625,1,3786.622,59.16596875,16901.607818261236,
4,8269,20619.281511,DT,8,0.5,4,0.5,3,124.524,15.5655,64244.64360283961,
4,8270,20619.470181,LoR,16,0.1,1,0.0625,29,189.384,11.8365,84484.43374308285,
4,8271,20619.700648,DT,1,0.5,0,0.0,6,91.21,91.21,10963.710119504442,7.0
4,8272,20620.015284,RF,16,1.0,16,1.0,19,5131.836,320.73975,3117.792540525457,
4,8273,20625.241413,RF,8,0.1,0,0.0,21,3682.443,460.305375,2172.4708298268297,
4,8274,20629.039866,LoR,8,0.5,3,0.375,15,244.987,30.623375,32654.79392784107,
4,8275,20629.336489,MLP,32,1.0,32,1.0,21,226.308,7.072125,141400.21563532884,
4,8276,20629.648205,MLP,100,0.1,13,0.13,29,233.587,2.33587,428106.01617384533,
4,8277,20629.935891,GB,16,0.01,0,0.0,14,287.02,17.93875,55745.24423385131,
4,8278,20630.302866,NB,100,0.1,8,0.08,26,159.122,1.59122,628448.6117570166,
4,8279,20630.505784,MLP,16,0.01,0,0.0,15,192.738,12.046125,83014.24732019633,
4,8280,20630.765344,SGD,32,0.5,19,0.59375,11,168.884,5.277625,189479.16913384336,
4,8281,20631.023243,DT,100,0.5,57,0.57,17,133.902,1.3390199999999999,746814.8347298772,
4,8282,20631.197885,NB,8,0.0,0,0.0,22,116.438,14.55475,68706.09251275357,
4,8283,20631.371561,AB,100,0.0,0,0.0,12,8978.083,89.78083000000001,11138.235188959603,
4,8284,20640.431895,DT,64,0.0,0,0.0,24,100.746,1.57415625,635260.9532884681,
4,8285,20640.5984,RF,100,1.0,100,1.0,17,5592.288,55.92287999999999,17881.76860705314,
4,8286,20646.271276,GB,8,0.0,0,0.0,25,350.56,43.82,22820.629849383844,
4,8287,20646.677033,SGD,32,0.0,0,0.0,9,199.083,6.22134375,160736.9790489394,
4,8288,20646.94096,NB,8,0.5,4,0.5,22,138.082,17.26025,57936.58840399183,
4,8289,20647.120836,LoR,16,0.0,0,0.0,14,166.57,10.410625,96055.71231314163,
4,8290,20647.339027,MLP,64,0.0,0,0.0,28,234.532,3.6645625,272883.8708577081,
4,8291,20647.626196,AB,64,0.0,0,0.0,21,8712.965,136.140078125,7345.375540932392,
4,8292,20656.423877,DT,64,1.0,64,1.0,13,112.197,1.753078125,570425.2341862973,
4,8293,20656.582954,DT,1,0.05,0,0.0,10,85.78,85.78,11657.729074376311,7.0
4,8294,20656.928978,GB,64,0.5,22,0.34375,12,324.833,5.075515625,197024.31711063837,
4,8295,20657.300091,LoR,8,0.01,0,0.0,19,188.872,23.609,42356.72836630098,
4,8296,20657.571654,AB,100,0.5,52,0.52,27,9034.082,90.34082000000001,11069.193305971763,
4,8297,20666.677654,MLP,8,0.01,0,0.0,18,219.747,27.468375,36405.502691731854,
4,8298,20666.984858,AB,100,0.01,1,0.01,17,8940.148,89.40147999999999,11185.497152843556,
4,8299,20675.998621,GB,16,1.0,16,1.0,19,288.454,18.028375,55468.11623343756,
4,8300,20676.343458,AB,1,1.0,1,1.0,18,8154.587,8154.587,122.63036742388057,2.0
4,8301,20697.69428,AB,64,0.0,0,0.0,3,8665.573,135.399578125,7385.547383883328,
4,8302,20706.434489,LoR,32,0.5,12,0.375,11,184.288,5.759,173641.25716270183,
4,8303,20706.682267,DT,16,0.05,1,0.0625,29,92.351,5.7719375,173252.049246895,
4,8304,20706.832673,NB,8,0.5,5,0.625,18,120.631,15.078875,66317.94480689043,
4,8305,20707.019564,LoR,32,0.05,1,0.03125,4,165.15,5.1609375,193763.2455343627,
4,8306,20707.228343,LoR,32,0.0,0,0.0,20,155.087,4.84646875,206335.79861626055,
4,8307,20707.464986,RF,100,0.1,8,0.08,4,4248.949,42.489489999999996,23535.23188910952,
4,8308,20711.787738,GB,16,0.5,11,0.6875,21,303.117,18.9448125,52784.89824061336,
4,8309,20712.160902,RF,32,0.05,1,0.03125,6,3609.362,112.7925625,8865.83279815103,
4,8310,20715.839023,GB,1,1.0,1,1.0,25,302.33,302.33,3307.6439652035856,4.0
4,8311,20729.172597,DT,16,0.0,0,0.0,0,113.816,7.1135,140577.77465382722,
4,8312,20729.330737,RF,1,0.0,0,0.0,17,3195.445,3195.445,312.94545830080006,7.01
4,8313,20746.077066,NB,8,0.1,0,0.0,15,137.469,17.183625,58194.93849522438,
4,8314,20746.277162,AB,100,1.0,100,1.0,23,8903.801,89.03801,11231.158468164327,
4,8315,20755.266443,AB,100,0.1,7,0.07,9,8814.254,88.14254000000001,11345.2596215176,
4,8316,20764.128184,SGD,16,0.0,0,0.0,2,184.201,11.5125625,86861.63484454482,
4,8317,20764.367277,SGD,16,0.1,0,0.0,14,157.728,9.858,101440.45445323594,
4,8318,20764.58895,SGD,100,0.01,0,0.0,18,166.882,1.66882,599225.8002660562,
4,8319,20764.79945,RF,8,0.01,0,0.0,17,3267.783,408.472875,2448.1429764461104,
4,8320,20768.141228,AB,16,0.01,0,0.0,24,8553.67,534.604375,1870.5421181785127,
4,8321,20776.789301,AB,100,1.0,100,1.0,7,8869.46,88.6946,11274.6435521441,
4,8322,20785.754525,LoR,16,0.5,10,0.625,6,188.467,11.7791875,84895.4989467652,
4,8323,20785.984875,GB,8,0.0,0,0.0,20,267.091,33.386375,29952.338341613908,
4,8324,20786.29873,RF,32,0.0,0,0.0,21,3495.281,109.22753125,9155.200969535783,
4,8325,20789.850021,NB,8,1.0,8,1.0,15,141.958,17.74475,56354.6964595162,
4,8326,20790.038358,RF,16,0.1,0,0.0,19,3271.358,204.459875,4890.935201833611,
4,8327,20793.380388,MLP,32,0.05,3,0.09375,2,242.074,7.5648125,132190.9829225774,
4,8328,20793.684884,NB,100,0.01,0,0.0,17,151.583,1.51583,659704.5842871562,
4,8329,20793.879837,SGD,32,1.0,32,1.0,14,171.258,5.3518125,186852.58498873044,
4,8330,20794.094934,RF,32,1.0,32,1.0,3,4094.977,127.96803125,7814.451705101153,
4,8331,20798.236125,LoR,16,1.0,16,1.0,3,172.877,10.8048125,92551.35153895544,
4,8332,20798.481688,RF,64,0.05,6,0.09375,26,3638.891,56.857671875,17587.776055946717,
4,8333,20802.175882,SGD,64,0.01,0,0.0,11,177.878,2.77934375,359797.1643485985,
4,8334,20802.396111,AB,1,0.1,0,0.0,15,7975.88,7975.88,125.3780147143638,2.0
4,8335,20823.439597,GB,8,0.01,2,0.25,6,263.528,32.941,30357.3054855651,
4,8336,20823.748605,GB,32,0.0,0,0.0,6,237.121,7.41003125,134952.19740132673,
4,8337,20824.048801,SGD,16,0.05,1,0.0625,18,165.576,10.3485,96632.36217809345,
4,8338,20824.256239,MLP,8,0.01,0,0.0,23,187.115,23.389375,42754.45581594206,
4,8339,20824.493018,LoR,64,0.0,0,0.0,4,159.974,2.49959375,400065.0105642167,
4,8340,20824.712307,GB,8,0.5,1,0.125,3,217.537,27.192125,36775.3531583133,
4,8341,20824.990889,MLP,16,0.5,9,0.5625,7,184.678,11.542375,86637.28218845774,
4,8342,20825.250866,SGD,100,0.1,7,0.07,19,166.686,1.66686,599930.4080726636,
4,8343,20825.460026,LoR,16,0.1,0,0.0,11,150.462,9.403875,106339.14210897105,
4,8344,20825.678322,LoR,64,0.5,30,0.46875,16,155.516,2.4299375,411533.21844697656,
4,8345,20825.90057,LoR,64,0.5,29,0.453125,29,155.157,2.424328125,412485.41799596534,
4,8346,20826.094166,RF,8,0.0,0,0.0,16,3139.82,392.4775,2547.916759559465,
4,8347,20829.292263,RF,100,1.0,100,1.0,26,5342.661,53.426610000000004,18717.264673914367,
4,8348,20834.718453,LoR,100,0.05,4,0.04,17,184.97,1.8497,540628.2099799968,
4,8349,20834.969293,AB,32,0.05,1,0.03125,23,8758.638,273.7074375,3653.5360863184433,
4,8350,20843.819117,NB,8,0.1,0,0.0,0,134.619,16.827375,59426.97538980382,
4,8351,20844.042895,AB,100,0.01,1,0.01,24,9345.744,93.45744,10700.05769471109,
4,8352,20853.486052,RF,16,0.0,0,0.0,2,3435.884,214.74275,4656.734627827947,
4,8353,20856.997265,DT,8,0.01,0,0.0,13,153.09,19.13625,52256.84238029917,
4,8354,20857.228745,DT,64,0.1,5,0.078125,14,102.726,1.60509375,623016.5683468644,
4,8355,20857.40121,RF,64,0.01,4,0.0625,10,3659.369,57.177640625,17489.354038906706,
4,8356,20861.116256,AB,64,0.01,0,0.0,27,8834.007,138.031359375,7244.730505647098,
4,8357,20870.05991,AB,64,0.1,9,0.140625,5,8619.434,134.67865625,7425.081507672082,
4,8358,20878.749365,GB,8,0.05,0,0.0,4,268.259,33.532375,29821.92582541499,
4,8359,20879.11646,GB,8,0.5,5,0.625,10,226.041,28.255125,35391.809450497916,
4,8360,20879.387623,AB,16,0.01,0,0.0,7,8277.434,517.339625,1932.9661825150163,
4,8361,20887.713916,GB,32,0.01,0,0.0,17,226.582,7.0806875,141229.22385714663,
4,8362,20887.986628,DT,32,1.0,32,1.0,24,104.521,3.26628125,306158.5710048698,
4,8363,20888.149434,DT,8,0.5,4,0.5,1,89.007,11.125875,89880.57119102991,
4,8364,20888.312791,SGD,100,0.5,46,0.46,19,197.007,1.97007,507596.1767855964,
4,8365,20888.565706,GB,100,0.01,0,0.0,27,267.338,2.6733800000000003,374058.3082090836,
4,8366,20888.877671,DT,16,0.01,0,0.0,29,97.447,6.0904375,164191.81709031574,
4,8367,20889.043368,SGD,64,0.05,4,0.0625,22,176.514,2.75803125,362577.472608405,
4,8368,20889.284435,DT,32,0.5,18,0.5625,25,96.297,3.00928125,332305.2639230713,
4,8369,20889.441013,RF,32,0.1,5,0.15625,2,3594.688,112.334,8902.024320330444,
4,8370,20893.105395,RF,32,0.05,5,0.15625,26,3546.655,110.83296875,9022.586070536885,
4,8371,20896.697687,RF,16,0.0,0,0.0,27,3257.004,203.56275,4912.490128965147,
4,8372,20900.058157,AB,64,0.1,9,0.140625,19,9201.134,143.76771875,6955.664377890812,
4,8373,20909.358986,NB,100,0.1,11,0.11,21,158.234,1.58234,631975.4287953284,
4,8374,20909.560457,MLP,16,0.05,0,0.0,7,220.027,13.7516875,72718.34820272058,
4,8375,20909.821335,AB,8,1.0,8,1.0,3,8348.864,1043.608,958.214195368376,
4,8376,20918.215748,NB,8,0.05,0,0.0,9,112.642,14.08025,71021.46623817048,
4,8377,20918.4042,DT,100,0.5,47,0.47,14,111.822,1.11822,894278.4067535906,
4,8378,20918.554824,MLP,8,0.0,0,0.0,13,186.168,23.271,42971.93932362167,
4,8379,20918.788488,MLP,16,1.0,16,1.0,16,175.853,10.9908125,90985.08413276997,
4,8380,20919.01003,NB,16,0.0,0,0.0,7,143.876,8.99225,111206.87258472573,
4,8381,20919.193266,AB,16,0.0,0,0.0,5,8510.636,531.91475,1880.0005076001369,
4,8382,20927.774892,SGD,8,0.5,4,0.5,15,173.073,21.634125,46223.26994967441,
4,8383,20928.027836,DT,100,0.5,50,0.5,3,117.781,1.17781,849033.3755019909,
4,8384,20928.22142,MLP,100,0.05,4,0.04,11,248.711,2.48711,402073.0888460904,
4,8385,20928.536764,SGD,32,0.1,4,0.125,10,164.408,5.13775,194637.7305240621,
4,8386,20928.752733,DT,64,0.01,0,0.0,25,140.731,2.198921875,454768.3168598248,
4,8387,20928.933325,RF,1,0.1,0,0.0,18,3195.366,3195.366,312.95319534601043,8.96
4,8388,20945.24143,AB,1,0.0,0,0.0,26,7955.645,7955.645,125.69691080987147,2.0
4,8389,20966.23578,MLP,1,0.05,0,0.0,16,187.522,187.522,5332.707628971534,
4,8390,20966.607147,RF,32,0.05,3,0.09375,24,3433.168,107.2865,9320.837197597088,
4,8391,20970.124021,DT,100,0.05,7,0.07,5,109.4,1.094,914076.7824497258,
4,8392,20970.272696,SGD,1,0.0,0,0.0,5,163.076,163.076,6132.110181755746,
4,8393,20970.597616,RF,32,0.01,0,0.0,18,3384.127,105.75396875,9455.909899362525,
4,8394,20974.027711,RF,16,1.0,16,1.0,10,3537.817,221.1135625,4522.562925103249,
4,8395,20977.610346,GB,1,0.5,1,1.0,28,259.36,259.36,3855.6446637877852,4.0
4,8396,20990.670028,MLP,8,0.05,2,0.25,1,195.971,24.496375,40822.36657464625,
4,8397,20990.936711,RF,8,0.1,1,0.125,9,3165.076,395.6345,2527.5854355472034,
4,8398,20994.147461,RF,16,0.0,0,0.0,13,3185.823,199.1139375,5022.250137562571,
4,8399,20997.415473,GB,100,0.05,7,0.07,4,302.172,3.02172,330937.34694147704,
4,8400,20997.795778,RF,100,0.1,9,0.09,28,3921.103,39.21103,25503.028102041695,
4,8401,21001.760759,AB,8,1.0,8,1.0,14,8284.285,1035.535625,965.6838218385775,
4,8402,21010.09686,GB,64,0.0,0,0.0,28,247.61,3.86890625,258470.98259359476,
4,8403,21010.41639,NB,64,0.05,3,0.046875,9,141.871,2.216734375,451114.0402196361,
4,8404,21010.61938,SGD,32,0.1,3,0.09375,12,173.38,5.418125,184565.69385165532,
4,8405,21010.865362,AB,100,0.1,16,0.16,18,8795.113,87.95112999999999,11369.950562317961,
4,8406,21019.728835,GB,32,0.05,1,0.03125,10,228.023,7.12571875,140336.72041855427,
4,8407,21020.018428,MLP,16,0.5,8,0.5,2,198.894,12.430875,80444.8600762215,
4,8408,21020.261379,LoR,16,0.1,0,0.0,3,158.102,9.881375,101200.49082238048,
4,8409,21020.458577,SGD,8,1.0,8,1.0,5,149.025,18.628125,53682.2680758262,
4,8410,21020.681792,DT,100,0.5,51,0.51,28,109.369,1.09369,914335.8721392717,
4,8411,21020.838414,DT,64,0.0,0,0.0,21,93.263,1.457234375,686231.4100983241,
4,8412,21020.972711,GB,32,1.0,32,1.0,13,232.604,7.268875,137572.87062991178,
4,8413,21021.269319,LoR,32,0.1,5,0.15625,1,163.935,5.12296875,195199.3168023912,
4,8414,21021.506833,RF,100,0.5,45,0.45,20,4629.537,46.295370000000005,21600.432181447086,
4,8415,21026.206298,LoR,32,0.1,3,0.09375,29,171.669,5.36465625,186405.23332692563,
4,8416,21026.422285,SGD,32,1.0,32,1.0,18,158.784,4.962,201531.64046755343,
4,8417,21026.640167,AB,8,0.1,3,0.375,26,8111.99,1013.99875,986.1945096086164,
4,8418,21034.798233,LoR,8,1.0,8,1.0,13,152.266,19.03325,52539.63458684145,
4,8419,21035.019111,LoR,32,0.1,3,0.09375,7,151.972,4.749125,210565.10409812332,
4,8420,21035.213884,RF,16,0.05,0,0.0,9,3197.304,199.8315,5004.21605202383,
4,8421,21038.485529,GB,64,0.1,12,0.1875,7,272.906,4.26415625,234512.98249214015,
4,8422,21038.81475,GB,100,0.0,0,0.0,29,293.124,2.9312400000000003,341152.549774157,
4,8423,21039.152947,AB,8,0.1,0,0.0,17,8125.89,1015.73625,984.5075431737323,
4,8424,21047.336601,NB,100,1.0,100,1.0,1,144.848,1.4484800000000002,690378.8799293052,
4,8425,21047.54491,GB,32,0.5,11,0.34375,24,240.13,7.5040625,133261.15021030276,
4,8426,21047.840623,GB,100,0.0,0,0.0,21,275.96,2.7596,362371.3581678504,
4,8427,21048.159087,SGD,1,0.05,0,0.0,28,164.461,164.461,6080.468925763555,
4,8428,21048.511499,MLP,64,0.5,33,0.515625,14,218.807,3.418859375,292495.2126760113,
4,8429,21048.770829,LoR,8,1.0,8,1.0,28,150.207,18.775875,53259.834761362654,
4,8430,21048.961773,RF,16,1.0,16,1.0,14,3473.947,217.1216875,4605.712176956067,
4,8431,21052.490432,RF,64,0.01,0,0.0,7,3495.711,54.620484375,18308.149615342918,
4,8432,21056.067646,SGD,100,0.01,4,0.04,2,186.228,1.8622800000000002,536976.1797366668,
4,8433,21056.294585,LoR,8,1.0,8,1.0,6,152.753,19.094125,52372.130170929544,
4,8434,21056.488409,SGD,1,0.01,0,0.0,1,149.011,149.011,6710.9139593721275,
4,8435,21056.794516,NB,32,0.0,0,0.0,14,120.68,3.77125,265164.0702684786,
4,8436,21056.958047,RF,32,1.0,32,1.0,21,3856.777,120.52428125,8297.083290011324,
4,8437,21060.862374,MLP,1,0.1,0,0.0,24,188.779,188.779,5297.199370692715,
4,8438,21061.2033,SGD,1,1.0,1,1.0,28,149.091,149.091,6707.3129833457415,
4,8439,21061.500407,LoR,1,0.0,0,0.0,8,143.262,143.262,6980.218062012257,
4,8440,21061.818148,LoR,64,0.1,5,0.078125,5,155.717,2.433078125,411002.0100567054,
4,8441,21062.014824,NB,16,1.0,16,1.0,2,113.532,7.09575,140929.42958813376,
4,8442,21062.18162,RF,100,1.0,100,1.0,21,5118.196,51.18196,19538.134139450696,
4,8443,21067.345607,AB,1,0.05,0,0.0,13,7905.227,7905.227,126.49858125516194,2.0
4,8444,21088.149868,AB,100,0.1,10,0.1,3,8615.106,86.15106,11607.518235991525,
4,8445,21096.838152,MLP,64,0.05,4,0.0625,7,220.805,3.450078125,289848.50886528834,
4,8446,21097.128363,NB,64,0.1,2,0.03125,4,129.419,2.022171875,494517.80650445446,
4,8447,21097.299327,AB,1,0.5,0,0.0,9,7736.142,7736.142,129.2633976987496,2.0
4,8448,21118.265548,LoR,32,0.5,18,0.5625,26,182.313,5.69728125,175522.31601695984,
4,8449,21118.511759,SGD,32,0.1,3,0.09375,19,159.757,4.99240625,200304.21202200843,
4,8450,21118.711022,DT,1,0.1,1,1.0,28,88.198,88.198,11338.125581078937,25.0
4,8451,21119.029953,RF,32,0.5,15,0.46875,10,3743.084,116.971375,8549.100153776939,
4,8452,21122.820019,SGD,16,0.05,0,0.0,7,169.594,10.599625,94342.96024623513,
4,8453,21123.054531,LoR,1,1.0,1,1.0,3,176.029,176.029,5680.882127376739,
4,8454,21123.388848,LoR,32,0.01,0,0.0,25,149.134,4.6604375,214572.1297624955,
4,8455,21123.578368,SGD,1,0.1,0,0.0,18,140.956,140.956,7094.412440761656,
4,8456,21123.876873,NB,64,0.0,0,0.0,7,132.797,2.074953125,481938.5980104972,
4,8457,21124.083944,LoR,100,0.01,1,0.01,14,162.825,1.62825,614156.3027790573,
4,8458,21124.301407,GB,100,0.0,0,0.0,7,334.373,3.34373,299067.2093739626,
4,8459,21124.680458,SGD,32,1.0,32,1.0,7,161.525,5.04765625,198111.74740752205,
4,8460,21124.890515,SGD,64,0.0,0,0.0,11,156.967,2.452609375,407729.01310466527,
4,8461,21125.109286,SGD,32,0.1,4,0.125,11,149.908,4.684625,213464.25807828802,
4,8462,21125.306237,NB,64,1.0,64,1.0,7,124.938,1.95215625,512254.0780226992,
4,8463,21125.482962,RF,100,1.0,100,1.0,29,5580.355,55.803549999999994,17920.006881282643,
4,8464,21131.163454,AB,32,0.05,2,0.0625,2,8212.213,256.63165625,3896.635413621152,
4,8465,21139.420399,MLP,8,0.01,0,0.0,10,198.783,24.847875,40244.89015660293,
4,8466,21139.701252,GB,32,0.1,1,0.03125,13,354.457,11.07678125,90278.93369294443,
4,8467,21140.170773,MLP,64,0.01,1,0.015625,5,397.089,6.204515625,161172.936042046,
4,8468,21140.622407,LoR,16,0.0,0,0.0,17,221.391,13.8369375,72270.32715873726,
4,8469,21140.936578,MLP,32,0.1,2,0.0625,2,197.355,6.16734375,162144.35914975553,
4,8470,21141.196445,DT,8,0.5,6,0.75,0,103.86,12.9825,77026.76680146351,
4,8471,21141.355012,MLP,8,0.1,0,0.0,29,177.043,22.130375,45186.76253791452,
4,8472,21141.592229,NB,8,0.1,1,0.125,20,118.311,14.788875,67618.39558451876,
4,8473,21141.749248,AB,16,1.0,16,1.0,9,8119.806,507.487875,1970.4904279732793,
4,8474,21149.909115,DT,1,0.0,0,0.0,22,78.836,78.836,12684.56035313816,7.0
4,8475,21150.191921,DT,1,0.01,0,0.0,10,83.887,83.887,11920.798216648587,7.0
4,8476,21150.479136,MLP,32,0.1,6,0.1875,10,195.574,6.1116875,163620.93120762473,
4,8477,21150.730608,LoR,16,0.0,0,0.0,26,156.503,9.7814375,102234.46195919567,
4,8478,21150.955024,NB,64,0.05,4,0.0625,23,182.667,2.854171875,350364.32415269315,
4,8479,21151.17656,AB,1,0.5,0,0.0,11,7909.359,7909.359,126.43249598355568,2.0
4,8480,21171.921626,DT,64,1.0,64,1.0,26,114.301,1.785953125,559925.1100165353,
4,8481,21172.091108,NB,100,0.0,0,0.0,17,145.697,1.45697,686355.9304584172,
4,8482,21172.294899,MLP,16,0.5,7,0.4375,15,186.189,11.6368125,85934.18515594369,
4,8483,21172.524068,SGD,32,0.0,0,0.0,15,157.764,4.930125,202834.61372683247,
4,8484,21172.741562,MLP,16,0.05,1,0.0625,8,173.484,10.84275,92227.52530492726,
4,8485,21172.952592,AB,1,0.0,0,0.0,6,7825.919,7825.919,127.78052008971726,2.0
4,8486,21193.650597,RF,100,0.1,6,0.06,21,4038.377,40.38377,24762.423121962114,
4,8487,21197.764327,GB,64,0.05,4,0.0625,10,301.489,4.710765625,212279.71833134876,
4,8488,21198.131994,AB,32,0.01,1,0.03125,20,8346.222,260.8194375,3834.070073860964,
4,8489,21206.546062,SGD,32,0.5,17,0.53125,28,163.707,5.11584375,195471.17716407974,
4,8490,21206.751057,SGD,1,0.5,0,0.0,24,149.041,149.041,6709.563140343932,
4,8491,21207.083431,SGD,32,0.05,2,0.0625,25,153.73,4.8040625,208157.15865478438,
4,8492,21207.278228,AB,1,0.1,0,0.0,25,8441.458,8441.458,118.46294798836882,2.0
4,8493,21229.089077,GB,32,0.5,16,0.5,5,289.526,9.0476875,110525.47957696373,
4,8494,21229.422705,MLP,1,0.01,0,0.0,26,201.79,201.79,4955.646959710591,
4,8495,21229.809046,AB,8,0.5,5,0.625,20,8176.463,1022.057875,978.4181742154279,
4,8496,21238.028591,RF,1,0.01,0,0.0,10,3171.572,3171.572,315.3010557540551,6.92
4,8497,21254.338867,DT,8,0.0,0,0.0,11,93.373,11.671625,85677.87261842289,
4,8498,21254.484678,AB,64,0.01,0,0.0,22,8561.546,133.77415625,7475.28542158157,
4,8499,21263.105062,GB,8,0.1,0,0.0,26,240.614,30.07675,33248.273167812345,
4,8500,21263.411616,RF,32,0.05,2,0.0625,8,3431.758,107.2424375,9324.666832568031,
4,8501,21266.903947,DT,100,1.0,100,1.0,20,153.353,1.53353,652090.2753777233,
4,8502,21267.142325,GB,64,0.01,1,0.015625,22,262.443,4.100671875,243862.4768044871,
4,8503,21267.448408,DT,8,0.01,0,0.0,2,92.907,11.613375,86107.61298933343,
4,8504,21267.584644,GB,32,0.0,0,0.0,8,229.653,7.17665625,139340.6574266393,
4,8505,21267.858164,LoR,32,0.0,0,0.0,9,176.184,5.50575,181628.29768877992,
4,8506,21268.099083,DT,32,0.1,1,0.03125,4,96.621,3.01940625,331190.9419277383,
4,8507,21268.243944,SGD,64,1.0,64,1.0,27,169.438,2.64746875,377719.2837498082,
4,8508,21268.457043,AB,32,1.0,32,1.0,22,8804.034,275.1260625,3634.6974580061824,
4,8509,21277.333623,AB,100,0.0,0,0.0,5,8717.126,87.17126,11471.670823617784,
4,8510,21286.120418,NB,32,0.5,20,0.625,28,130.03,4.0634375,246097.05452587863,
4,8511,21286.32527,RF,100,0.05,5,0.05,20,3959.005,39.59005,25258.87186300598,
4,8512,21290.352154,MLP,16,0.1,1,0.0625,22,225.594,14.099625,70923.87208879669,
4,8513,21290.621585,GB,16,0.0,0,0.0,14,259.715,16.2321875,61605.991182642516,
4,8514,21290.921726,RF,1,1.0,1,1.0,11,3105.111,3105.111,322.049678739343,16.1
4,8515,21307.867243,RF,32,0.1,1,0.03125,22,3449.701,107.80315625,9276.166253249194,
4,8516,21311.385106,LoR,16,0.1,2,0.125,10,193.182,12.073875,82823.45146028098,
4,8517,21311.626177,DT,8,0.05,0,0.0,29,93.464,11.683,85594.45347941453,
4,8518,21311.795574,RF,100,0.05,5,0.05,12,4076.35,40.7635,24531.750217719284,
4,8519,21315.937072,MLP,8,0.5,5,0.625,26,213.553,26.694125,37461.426437465176,
4,8520,21316.215394,SGD,16,0.01,1,0.0625,17,164.107,10.2566875,97497.3645243652,
4,8521,21316.421061,MLP,1,0.1,0,0.0,13,167.649,167.649,5964.843214096118,
4,8522,21316.767223,LoR,8,0.5,4,0.5,18,149.06,18.6325,53669.66322286327,
4,8523,21316.971935,MLP,100,1.0,100,1.0,8,224.607,2.24607,445222.0990441082,
4,8524,21317.238757,DT,16,1.0,16,1.0,4,97.451,6.0906875,164185.07762875702,
4,8525,21317.378827,GB,16,0.01,0,0.0,10,263.096,16.4435,60814.30352418889,
4,8526,21317.70568,LoR,32,0.05,4,0.125,1,165.819,5.18184375,192981.50392898283,
4,8527,21317.936793,DT,8,0.1,1,0.125,5,91.484,11.4355,87446.98526518299,
4,8528,21318.067298,SGD,1,0.5,0,0.0,18,152.893,152.893,6540.521802829429,
4,8529,21318.397996,RF,64,0.05,4,0.0625,27,3768.773,58.887078125,16981.65424131408,
4,8530,21322.248222,AB,100,0.01,1,0.01,27,8876.824,88.76824,11265.290378630914,
4,8531,21331.181946,RF,1,0.05,1,1.0,29,3113.879,3113.879,321.14285750987756,19.18
4,8532,21347.408447,SGD,100,1.0,100,1.0,1,183.857,1.83857,543900.9665120175,
4,8533,21347.670038,RF,100,0.1,9,0.09,23,3896.856,38.968560000000004,25661.712929602734,
4,8534,21351.612204,SGD,1,0.1,0,0.0,20,168.471,168.471,5935.739682200498,
4,8535,21351.940667,SGD,32,1.0,32,1.0,25,156.82,4.900625,204055.60515240405,
4,8536,21352.1381,NB,8,0.0,0,0.0,11,116.613,14.576625,68602.98594496325,
4,8537,21352.294143,NB,16,0.0,0,0.0,27,108.052,6.75325,148076.8518861289,
4,8538,21352.454269,DT,100,1.0,100,1.0,22,124.674,1.24674,802091.8555592987,
4,8539,21352.621885,NB,16,0.01,0,0.0,18,112.706,7.044125,141962.2735258105,
4,8540,21352.773327,LoR,1,0.1,0,0.0,6,153.695,153.695,6506.3925306613755,
4,8541,21353.085685,DT,32,0.01,0,0.0,4,91.615,2.86296875,349287.7803853081,
4,8542,21353.219578,RF,32,0.0,0,0.0,28,3338.015,104.31296875,9586.535710594471,
4,8543,21356.639578,AB,100,0.01,1,0.01,25,8804.425,88.04424999999999,11357.925134236479,
4,8544,21365.507272,GB,8,0.5,4,0.5,22,248.558,31.06975,32185.646810804723,
4,8545,21365.818609,LoR,16,0.05,1,0.0625,10,161.83,10.114375,98869.18371130197,
4,8546,21366.028773,GB,64,0.0,0,0.0,4,261.07,4.07921875,245144.98027348987,
4,8547,21366.331829,RF,1,0.05,1,1.0,14,3037.955,3037.955,329.1687994061795,22.36
4,8548,21382.383989,DT,32,0.01,0,0.0,22,94.859,2.96434375,337342.7929874867,
4,8549,21382.519421,LoR,1,0.01,0,0.0,3,156.111,156.111,6405.6985093939575,
4,8550,21382.827295,SGD,16,0.0,0,0.0,29,154.111,9.6319375,103821.27168080151,
4,8551,21383.029423,LoR,32,0.0,0,0.0,21,151.649,4.73903125,211013.5905940692,
4,8552,21383.240801,SGD,8,0.1,2,0.25,19,148.679,18.584875,53807.195367200475,
4,8553,21383.456898,NB,64,0.5,31,0.484375,7,130.184,2.034125,491611.8724267191,
4,8554,21383.626497,MLP,1,0.1,0,0.0,21,176.924,176.924,5652.144423594312,
4,8555,21383.985645,SGD,64,0.1,6,0.09375,22,159.876,2.4980625,400310.2404363381,
4,8556,21384.207345,DT,32,0.5,15,0.46875,9,97.634,3.0510625,327754.67562529445,
4,8557,21384.341637,SGD,1,1.0,1,1.0,25,149.205,149.205,6702.188264468348,
4,8558,21384.638683,DT,32,1.0,32,1.0,23,96.438,3.0136875,331819.40728758374,
4,8559,21384.79685,MLP,32,0.5,12,0.375,4,195.473,6.10853125,163705.47339018687,
4,8560,21385.056082,DT,32,0.01,1,0.03125,21,90.612,2.831625,353154.1076237143,
4,8561,21385.185591,DT,16,0.0,0,0.0,19,85.409,5.3380625,187333.88752941726,
4,8562,21385.326998,AB,8,0.1,1,0.125,18,8129.705,1016.213125,984.0455465481219,
4,8563,21393.519482,SGD,8,0.5,3,0.375,1,154.732,19.3415,51702.29816715353,
4,8564,21393.722633,MLP,64,0.0,0,0.0,29,204.892,3.2014375,312359.6821740234,
4,8565,21393.972329,SGD,32,0.0,0,0.0,19,152.38,4.761875,210001.31250820318,
4,8566,21394.185383,NB,16,0.05,1,0.0625,11,112.955,7.0596875,141649.32937895623,
4,8567,21394.337445,NB,1,0.0,0,0.0,7,99.313,99.313,10069.175233856595,
4,8568,21394.497883,GB,100,0.0,0,0.0,1,281.145,2.81145,355688.3458713475,
4,8569,21394.840825,LoR,8,0.05,1,0.125,17,161.032,20.129,49679.566794177554,
4,8570,21395.061614,LoR,100,0.0,0,0.0,9,164.395,1.64395,608291.00641747,
4,8571,21395.274504,RF,64,1.0,64,1.0,19,4775.917,74.623703125,13400.567890941153,
4,8572,21400.116374,MLP,8,0.5,4,0.5,29,198.122,24.76525,40379.16031536124,
4,8573,21400.356039,RF,8,1.0,8,1.0,14,3435.078,429.38475,2328.91363747781,
4,8574,21403.836973,AB,8,0.05,0,0.0,4,8215.368,1026.921,973.7847409878656,
4,8575,21412.118747,LoR,16,0.05,1,0.0625,17,157.353,9.8345625,101682.20497861496,
4,8576,21412.335381,MLP,8,0.5,3,0.375,0,175.156,21.8945,45673.57098814771,
4,8577,21412.549375,AB,1,0.0,0,0.0,18,8183.37,8183.37,122.1990451366613,2.0
4,8578,21433.641779,LoR,8,0.5,4,0.5,22,179.11,22.38875,44665.28948690748,
4,8579,21433.902244,SGD,100,0.01,2,0.02,20,174.914,1.74914,571709.5258241193,
4,8580,21434.118245,GB,16,0.0,0,0.0,11,267.662,16.728875,59776.88278500497,
4,8581,21434.430821,GB,32,1.0,32,1.0,2,238.286,7.4464375,134292.40492517396,
4,8582,21434.713034,DT,16,0.05,0,0.0,16,92.521,5.7825625,172933.71234638622,
4,8583,21434.860095,MLP,100,1.0,100,1.0,5,256.799,2.56799,389409.61608105956,
4,8584,21435.167251,SGD,64,1.0,64,1.0,14,164.275,2.566796875,389590.62547557446,
4,8585,21435.400596,MLP,64,0.05,1,0.015625,9,205.736,3.214625,311078.27507096477,
4,8586,21435.650688,GB,32,1.0,32,1.0,24,240.343,7.51071875,133143.04972476835,
4,8587,21435.95317,NB,16,0.5,4,0.25,15,124.225,7.7640625,128798.55101630108,
4,8588,21436.117455,NB,1,0.05,0,0.0,8,101.193,101.193,9882.106469815106,
4,8589,21436.301903,AB,100,0.05,8,0.08,16,8724.972,87.24972,11461.354833001184,
4,8590,21445.090798,GB,8,0.1,1,0.125,10,212.807,26.600875,37592.74835884158,
4,8591,21445.342979,LoR,1,0.0,0,0.0,1,153.414,153.414,6518.309932600676,
4,8592,21445.672548,AB,8,0.5,4,0.5,17,8096.269,1012.033625,988.1094612839568,
4,8593,21453.848896,LoR,100,0.01,1,0.01,24,168.181,1.68181,594597.487231019,
4,8594,21454.069459,AB,64,0.0,0,0.0,18,8445.943,131.967859375,7577.602643067802,
4,8595,21462.558307,SGD,8,0.0,0,0.0,6,152.798,19.09975,52356.70623961047,
4,8596,21462.781959,DT,64,0.1,5,0.078125,10,96.585,1.509140625,662628.7725837346,
4,8597,21462.932812,SGD,100,0.0,0,0.0,3,204.588,2.04588,488787.22114689037,
4,8598,21463.178304,RF,16,1.0,16,1.0,29,4037.235,252.3271875,3963.108414546094,
4,8599,21467.321198,AB,64,0.5,33,0.515625,11,8661.812,135.3408125,7388.754223712082,
4,8600,21476.069598,RF,64,0.1,5,0.078125,13,3865.922,60.40503125,16554.912385712905,
4,8601,21479.982346,LoR,1,0.5,0,0.0,16,184.486,184.486,5420.465509577963,
4,8602,21480.338717,NB,64,0.01,0,0.0,3,140.246,2.19134375,456341.00081285735,
4,8603,21480.539795,DT,16,0.01,1,0.0625,17,94.991,5.9369375,168437.00982198314,
4,8604,21480.674605,NB,1,0.05,0,0.0,26,103.283,103.283,9682.135491804072,
4,8605,21480.825182,GB,1,0.05,0,0.0,9,250.31,250.31,3995.046142782949,4.0
4,8606,21493.817237,MLP,16,0.05,2,0.125,5,208.519,13.0324375,76731.61678312288,
4,8607,21494.081651,AB,64,0.01,0,0.0,17,8494.172,132.7214375,7534.57782583164,
4,8608,21502.622075,RF,16,0.05,0,0.0,10,3149.52,196.845,5080.139195813966,
4,8609,21505.845407,LoR,64,0.01,1,0.015625,29,176.619,2.759671875,362361.92029170133,
4,8610,21506.065912,MLP,32,1.0,32,1.0,8,195.483,6.10884375,163697.098980474,
4,8611,21506.318345,DT,100,1.0,100,1.0,27,120.103,1.20103,832618.6689757959,
4,8612,21506.497619,NB,8,0.5,4,0.5,10,113.705,14.213125,70357.50406754321,
4,8613,21506.652074,RF,32,0.0,0,0.0,6,3326.564,103.955125,9619.535352393641,
4,8614,21510.055398,MLP,32,1.0,32,1.0,2,357.01,11.1565625,89633.34360382063,
4,8615,21510.520108,LoR,100,0.5,54,0.54,16,188.479,1.8847900000000002,530563.0866038126,
4,8616,21510.779596,AB,64,0.1,7,0.109375,9,8702.162,135.97128125,7354.494205003308,
4,8617,21519.556068,DT,16,0.5,5,0.3125,10,87.749,5.4843125,182338.26026507426,
4,8618,21519.711839,DT,64,0.5,35,0.546875,1,99.706,1.55790625,641887.1482157543,
4,8619,21519.883827,DT,100,0.5,53,0.53,6,103.555,1.03555,965670.4166867847,
4,8620,21520.023734,SGD,1,1.0,1,1.0,1,172.367,172.367,5801.574547332147,
4,8621,21520.362626,LoR,32,0.01,0,0.0,0,156.41,4.8878125,204590.49932868744,
4,8622,21520.560432,RF,1,0.05,0,0.0,15,3085.613,3085.613,324.08471185466226,7.16
4,8623,21537.288079,LoR,8,0.5,4,0.5,17,182.604,22.8255,43810.650369104726,
4,8624,21537.522995,DT,64,1.0,64,1.0,22,116.799,1.824984375,547949.8968313085,
4,8625,21537.700262,DT,16,0.5,8,0.5,5,90.991,5.6869375,175841.56674835974,
4,8626,21537.832949,NB,32,0.0,0,0.0,25,128.289,4.00903125,249436.81843338092,
4,8627,21538.011733,NB,64,0.0,0,0.0,11,126.964,1.9838125,504079.8966636212,
4,8628,21538.174735,AB,8,0.0,0,0.0,22,8188.205,1023.525625,977.0151089280251,
4,8629,21546.407622,NB,8,0.1,0,0.0,3,111.902,13.98775,71491.1261639649,
4,8630,21546.595414,DT,100,0.05,5,0.05,0,99.039,0.99039,1009703.2482153495,
4,8631,21546.737177,DT,32,1.0,32,1.0,7,96.781,3.02440625,330643.41141339723,
4,8632,21546.875437,AB,32,1.0,32,1.0,29,8816.166,275.5051875,3629.6957203392044,
4,8633,21555.750844,DT,1,0.0,0,0.0,12,82.495,82.495,12121.946784653615,7.0
4,8634,21556.047934,GB,1,0.01,0,0.0,11,256.31,256.31,3901.5254964691194,4.0
4,8635,21569.134186,LoR,64,1.0,64,1.0,12,193.403,3.021921875,330915.2391638186,
4,8636,21569.370221,MLP,1,0.1,1,1.0,19,183.055,183.055,5462.839037447761,
4,8637,21569.717853,GB,1,0.01,0,0.0,4,216.997,216.997,4608.358640902869,4.0
4,8638,21582.65508,SGD,64,0.01,1,0.015625,21,173.491,2.710796875,368895.2164665602,
4,8639,21582.906421,LoR,100,0.1,10,0.1,25,203.722,2.03722,490865.0023070655,
