run_id,sequence,elapsed_since_start_ms,model,batch_size,requested_malicious_fraction,malicious_count,actual_malicious_fraction,repetition,elapsed_us_total,us_per_flow,throughput_flows_s,mean_tree_path_nodes
8,0,1.291136,AB,16,0.05,1,0.0625,12,8782.833,548.9270625,1821.7356518107538,
8,1,10.146674,AB,8,0.05,0,0.0,17,8016.726,1002.09075,997.9136121154696,
8,2,18.229863,GB,8,0.1,3,0.375,11,256.378,32.04725,31203.925453822092,
8,3,18.528297,MLP,1,0.01,0,0.0,28,198.758,198.758,5031.244025397719,
8,4,18.895598,NB,8,0.0,0,0.0,8,119.548,14.9435,66918.72720580855,
8,5,19.068735,GB,64,0.01,0,0.0,19,317.338,4.95840625,201677.70642028374,
8,6,19.430013,MLP,16,0.0,0,0.0,16,190.706,11.919125,83898.77612660326,
8,7,19.690478,LoR,64,0.05,6,0.09375,25,165.176,2.580875,387465.49135467625,
8,8,19.915497,RF,100,1.0,100,1.0,13,5387.811,53.87811,18560.413496316036,
8,9,25.369311,MLP,8,0.5,3,0.375,10,191.165,23.895625,41848.66476603981,
8,10,25.638294,SGD,100,0.5,53,0.53,16,173.264,1.7326400000000002,577153.9384984763,
8,11,25.866712,DT,100,1.0,100,1.0,19,120.999,1.20999,826453.111182737,
8,12,26.061349,RF,100,0.05,8,0.08,6,3974.436,39.74436,25160.802689991735,
8,13,30.11532,MLP,100,0.01,2,0.02,24,238.129,2.38129,419940.4524438435,
8,14,30.428932,NB,100,0.5,60,0.6,19,146.158,1.4615799999999999,684191.0808850697,
8,15,30.632219,GB,16,0.05,2,0.125,25,246.409,15.4005625,64932.69320519949,
8,16,30.92285,LoR,32,0.0,0,0.0,10,190.687,5.95896875,167814.27155495653,
8,17,31.183172,DT,32,0.1,7,0.21875,3,146.406,4.5751875,218570.27717443273,
8,18,31.369442,DT,8,0.1,0,0.0,8,85.124,10.6405,93980.54602697243,
8,19,31.523756,SGD,100,0.5,53,0.53,22,168.84,1.6884000000000001,592276.7116796967,
8,20,31.733655,LoR,32,1.0,32,1.0,26,151.648,4.739,211014.98206372652,
8,21,31.931013,MLP,64,1.0,64,1.0,4,198.741,3.105328125,322027.16097835876,
8,22,32.18932,GB,16,0.5,8,0.5,15,234.936,14.6835,68103.65376102428,
8,23,32.483304,MLP,8,0.05,1,0.125,15,179.467,22.433375,44576.44023692378,
8,24,32.700396,SGD,1,1.0,1,1.0,11,147.258,147.258,6790.802537043827,
8,25,33.018397,AB,16,0.05,0,0.0,21,8026.811,501.6756875,1993.3196383968677,
8,26,41.089179,NB,16,0.0,0,0.0,5,115.395,7.2121875,138654.1877897656,
8,27,41.280882,AB,100,0.01,1,0.01,19,8651.646,86.51646000000001,11558.494187117687,
8,28,50.013415,MLP,32,0.1,4,0.125,1,211.568,6.6115,151251.6070483249,
8,29,50.306475,LoR,1,1.0,1,1.0,7,178.374,178.374,5606.19821274401,
8,30,50.694231,DT,32,0.05,1,0.03125,3,110.4,3.45,289855.0724637681,
8,31,50.847255,NB,8,0.1,0,0.0,6,118.422,14.80275,67555.01511543464,
8,32,51.023184,GB,8,0.5,6,0.75,2,261.647,32.705875,30575.546442344075,
8,33,51.357401,LoR,64,0.05,2,0.03125,28,173.452,2.7101875,368978.1611050896,
8,34,51.572706,SGD,16,0.0,0,0.0,20,159.726,9.982875,100171.54376870391,
8,35,51.772385,NB,8,1.0,8,1.0,21,114.973,14.371625,69581.55393005314,
8,36,51.948332,DT,16,0.5,10,0.625,24,108.463,6.7789375,147515.7426956658,
8,37,52.093169,MLP,1,0.0,0,0.0,11,181.932,181.932,5496.559153969615,
8,38,52.435936,LoR,8,0.05,0,0.0,21,151.85,18.98125,52683.56931182088,
8,39,52.665882,AB,100,0.5,49,0.49,1,8671.948,86.71948,11531.434459708476,
8,40,61.402073,AB,8,0.1,1,0.125,24,8000.219,1000.027375,999.9726257493701,
8,41,69.470867,AB,32,0.1,4,0.125,8,8088.964,252.780125,3956.007221691183,
8,42,77.608797,DT,32,0.01,0,0.0,0,83.745,2.61703125,382112.3649173085,
8,43,77.752603,MLP,16,0.5,11,0.6875,5,185.881,11.6175625,86076.57587381174,
8,44,77.999982,SGD,16,0.5,6,0.375,5,154.033,9.6270625,103873.8452149864,
8,45,78.1938,RF,16,0.0,0,0.0,9,3241.249,202.5780625,4936.368665289215,
8,46,81.508612,SGD,64,0.1,4,0.0625,16,176.463,2.757234375,362682.26200393285,
8,47,81.750828,LoR,16,0.5,4,0.25,12,156.919,9.8074375,101963.43336370993,
8,48,81.948339,LoR,1,0.01,0,0.0,8,145.066,145.066,6893.414032233604,
8,49,82.250568,RF,32,0.01,0,0.0,3,3423.721,106.99128125,9346.555983971824,
8,50,85.720705,DT,8,0.05,0,0.0,6,97.193,12.149125,82310.45445659666,
8,51,85.88792,MLP,64,0.5,28,0.4375,5,220.754,3.44928125,289915.4715203349,
8,52,86.169682,DT,16,0.1,2,0.125,26,93.598,5.849875,170943.82358597405,
8,53,86.303917,SGD,8,0.1,0,0.0,11,155.465,19.433125,51458.527642877816,
8,54,86.49959,MLP,1,0.01,0,0.0,2,162.86,162.86,6140.243153628883,
8,55,86.817916,SGD,16,0.0,0,0.0,0,152.599,9.5374375,104849.96625141712,
8,56,87.034839,NB,32,0.05,2,0.0625,16,123.769,3.86778125,258546.16260937715,
8,57,87.220249,NB,8,0.1,2,0.25,20,109.954,13.74425,72757.69867399095,
8,58,87.400612,GB,100,0.1,10,0.1,4,313.412,3.13412,319068.8295279058,
8,59,87.761466,AB,32,0.01,0,0.0,14,8164.233,255.13228125,3919.535368478582,
8,60,95.983224,NB,100,1.0,100,1.0,6,144.889,1.44889,690183.5197979142,
8,61,96.170259,LoR,8,0.05,0,0.0,26,154.617,19.327125,51740.75295730741,
8,62,96.379524,RF,100,0.0,0,0.0,4,3591.001,35.91001,27847.38851367627,
8,63,100.017988,LoR,32,1.0,32,1.0,9,169.818,5.3068125,188437.0325878293,
8,64,100.237762,AB,64,0.0,0,0.0,4,8373.284,130.8325625,7643.357134428977,
8,65,108.678388,MLP,32,0.5,17,0.53125,9,194.552,6.07975,164480.4473868169,
8,66,108.917455,AB,16,0.01,0,0.0,10,8102.088,506.3805,1974.7995825273683,
8,67,117.083888,DT,16,0.1,2,0.125,16,85.475,5.3421875,187189.2366188944,
8,68,117.206545,LoR,1,1.0,1,1.0,25,148.934,148.934,6714.38355244605,
8,69,117.530823,NB,32,0.5,17,0.53125,16,120.463,3.76446875,265641.7323161469,
8,70,117.691898,LoR,8,0.05,0,0.0,23,150.734,18.84175,53073.626388207034,
8,71,117.881192,MLP,1,1.0,1,1.0,8,162.003,162.003,6172.72519644698,
8,72,118.187782,AB,1,0.0,0,0.0,15,7785.999,7785.999,128.4356702331968,2.0
8,73,138.997077,RF,8,0.5,5,0.625,6,3194.089,399.261125,2504.626514790289,
8,74,142.245948,AB,64,0.01,0,0.0,10,8220.227,128.441046875,7785.673072045333,
8,75,150.539177,RF,64,0.1,6,0.09375,25,3587.013,56.047078125,17842.143309767765,
8,76,154.169636,NB,8,0.0,0,0.0,9,121.679,15.209875,65746.75991748781,
8,77,154.336541,LoR,16,0.0,0,0.0,13,161.201,10.0750625,99254.96740094665,
8,78,154.540635,AB,32,0.0,0,0.0,11,8086.306,252.6970625,3957.3075765374206,
8,79,162.67591,NB,32,0.01,0,0.0,1,117.996,3.687375,271195.6337502966,
8,80,162.854107,NB,16,0.05,1,0.0625,17,107.777,6.7360625,148454.67956985257,
8,81,163.020022,LoR,32,0.5,18,0.5625,28,157.915,4.93484375,202640.6611151569,
8,82,163.222498,LoR,8,0.01,0,0.0,22,147.815,18.476875,54121.70618678754,
8,83,163.42781,AB,16,0.1,2,0.125,16,7895.971,493.4981875,2026.3498941422151,
8,84,171.395723,MLP,64,0.5,29,0.453125,21,213.631,3.337984375,299581.98950526846,
8,85,171.684485,SGD,100,0.5,53,0.53,11,164.476,1.64476,607991.4394805321,
8,86,171.890282,NB,8,0.01,0,0.0,22,107.982,13.49775,74086.42181104259,
8,87,172.066351,AB,64,0.05,5,0.078125,27,8075.344,126.17725,7925.358969227813,
8,88,180.208854,LoR,32,0.05,3,0.09375,9,155.588,4.862125,205671.38853896188,
8,89,180.437323,DT,100,0.1,13,0.13,24,103.212,1.03212,968879.5876448475,
8,90,180.595977,AB,8,0.1,1,0.125,9,7849.565,981.195625,1019.1647562635637,
8,91,188.488353,MLP,16,0.0,0,0.0,9,177.283,11.0801875,90251.18031621758,
8,92,188.729742,MLP,32,0.5,13,0.40625,8,178.15,5.5671875,179623.9124333427,
8,93,188.948512,SGD,16,1.0,16,1.0,13,147.117,9.1948125,108756.9757403971,
8,94,189.136539,MLP,8,0.05,0,0.0,9,163.712,20.464,48866.30179827991,
8,95,189.37354,SGD,100,0.1,9,0.09,11,158.442,1.5844200000000002,631145.7820527385,
8,96,189.578296,LoR,64,1.0,64,1.0,11,149.876,2.3418125,427019.66959353065,
8,97,189.771309,RF,1,0.01,0,0.0,26,3505.193,3505.193,285.2909953888416,6.94
8,98,206.201081,SGD,16,0.1,1,0.0625,26,181.415,11.3384375,88195.5736846457,
8,99,206.446587,AB,32,0.1,2,0.0625,16,8090.7,252.834375,3955.158391733719,
8,100,214.610211,AB,64,0.1,4,0.0625,14,8060.313,125.942390625,7940.138304802804,
8,101,222.710351,SGD,1,1.0,1,1.0,10,150.999,150.999,6622.56041430738,
8,102,223.032617,RF,100,1.0,100,1.0,4,5258.669,52.58669,19016.21874280355,
8,103,228.346608,MLP,64,1.0,64,1.0,18,237.983,3.718484375,268926.7720803587,
8,104,228.650679,NB,32,0.01,1,0.03125,7,127.666,3.9895625,250654.05041279588,
8,105,228.848979,NB,100,0.05,4,0.04,14,137.866,1.3786600000000002,725341.9987524117,
8,106,229.044381,LoR,16,0.05,1,0.0625,25,157.71,9.856875,101452.03221102023,
8,107,229.280027,RF,100,0.05,2,0.02,19,3864.754,38.64754,25874.868102859848,
8,108,233.188179,AB,8,1.0,8,1.0,24,7967.174,995.89675,1004.1201560302311,
8,109,241.196285,AB,1,0.0,0,0.0,17,7614.7,7614.7,131.32493729234244,2.0
8,110,261.570071,LoR,16,0.0,0,0.0,11,160.501,10.0313125,99687.8524121345,
8,111,261.780193,DT,64,0.0,0,0.0,10,96.089,1.501390625,666049.1835693992,
8,112,261.921632,NB,32,0.1,0,0.0,5,119.525,3.73515625,267726.4170675591,
8,113,262.082011,RF,16,0.05,0,0.0,16,3081.8,192.6125,5191.771042897008,
8,114,265.206633,LoR,8,0.0,0,0.0,26,162.704,20.338,49169.0431704199,
8,115,265.413009,GB,16,0.01,0,0.0,24,252.697,15.7935625,63316.93688488585,
8,116,265.715214,GB,64,1.0,64,1.0,13,264.141,4.127203125,242294.83495557297,
8,117,266.056542,GB,100,0.1,7,0.07,27,268.038,2.68038,373081.42875263956,
8,118,266.36499,NB,8,0.0,0,0.0,1,115.173,14.396625,69460.72430170265,
8,119,266.538496,SGD,16,0.5,5,0.3125,24,160.169,10.0105625,99894.48644868856,
8,120,266.751801,MLP,100,0.0,0,0.0,29,234.21,2.3421000000000003,426967.2516118014,
8,121,267.059037,AB,100,0.01,2,0.02,29,8378.836,83.78836,11934.831998143896,
8,122,275.483587,MLP,16,0.01,0,0.0,3,177.067,11.0666875,90361.27567530934,
8,123,275.704851,DT,16,0.01,0,0.0,15,88.325,5.5203125,181149.1650155675,
8,124,275.864647,SGD,100,0.05,4,0.04,25,163.469,1.63469,611736.7818974851,
8,125,276.066316,GB,8,1.0,8,1.0,27,208.296,26.037,38406.88251334639,
8,126,276.318597,GB,16,0.05,0,0.0,9,215.109,13.4443125,74380.89526705066,
8,127,276.574487,LoR,1,0.01,0,0.0,9,151.263,151.263,6611.002029577623,
8,128,276.914801,MLP,100,0.5,45,0.45,29,247.559,2.47559,403944.1102928999,
8,129,277.206793,RF,32,0.0,0,0.0,7,3195.837,99.86990625,10013.026321430036,
8,130,280.48105,GB,100,0.05,4,0.04,9,280.569,2.8056900000000002,356418.563704472,
8,131,280.831932,LoR,64,0.1,10,0.15625,24,167.205,2.612578125,382763.67333512753,
8,132,281.038696,LoR,8,0.0,0,0.0,21,148.151,18.518875,53998.96052000998,
8,133,281.22546,RF,8,0.0,0,0.0,27,3100.378,387.54725,2580.330527438912,
8,134,284.398102,AB,64,0.05,4,0.0625,25,8258.124,129.0331875,7749.944176183356,
8,135,292.699039,DT,1,0.01,0,0.0,26,80.962,80.962,12351.473530792224,7.0
8,136,292.98808,AB,16,0.05,2,0.125,9,7941.475,496.3421875,2014.7390755495671,
8,137,300.973352,NB,8,0.05,0,0.0,16,111.65,13.95625,71652.48544558889,
8,138,301.12571,MLP,8,0.05,0,0.0,12,175.504,21.938,45583.006655118974,
8,139,301.349937,LoR,64,0.0,0,0.0,15,153.469,2.397953125,417022.3302425897,
8,140,301.54848,GB,32,0.1,0,0.0,12,225.558,7.0486875,141870.38367071885,
8,141,301.816025,SGD,8,0.1,0,0.0,28,152.848,19.106,52339.57918978331,
8,142,302.01665,NB,64,1.0,64,1.0,16,126.751,1.980484375,504926.9828245931,
8,143,302.189517,NB,64,1.0,64,1.0,11,121.557,1.899328125,526501.9702690919,
8,144,302.348409,RF,1,0.1,0,0.0,0,3420.274,3420.274,292.3742366839616,7.03
8,145,318.888203,RF,100,0.0,0,0.0,25,3774.629,37.74629,26492.66987563546,
8,146,322.709678,MLP,1,0.0,0,0.0,0,207.3,207.3,4823.92667631452,
8,147,323.087082,DT,1,0.5,0,0.0,19,87.618,87.618,11413.179940194937,7.0
8,148,323.443234,GB,64,0.01,1,0.015625,22,286.711,4.479859375,223221.29252104033,
8,149,323.771671,SGD,1,0.05,0,0.0,18,162.671,162.671,6147.377221508444,
8,150,324.112312,DT,32,0.5,14,0.4375,15,97.7,3.053125,327533.26509723644,
8,151,324.270075,DT,32,0.1,6,0.1875,5,90.918,2.8411875,351965.5073802767,
8,152,324.400856,LoR,16,0.01,0,0.0,17,156.266,9.766625,102389.51531363188,
8,153,324.595516,NB,1,0.01,0,0.0,0,107.638,107.638,9290.399301361973,
8,154,324.763938,GB,64,0.01,0,0.0,13,252.012,3.9376875,253956.16081773883,
8,155,325.065002,GB,64,1.0,64,1.0,12,248.819,3.887796875,257215.08405708568,
8,156,325.388909,SGD,100,0.5,52,0.52,23,174.039,1.7403899999999999,574583.8576411034,
8,157,325.631655,AB,1,1.0,1,1.0,1,7741.105,7741.105,129.18052396912327,2.0
8,158,346.114425,NB,32,0.01,0,0.0,23,123.698,3.8655625,258694.56256366312,
8,159,346.299341,GB,32,0.5,16,0.5,6,240.0,7.5,133333.33333333334,
8,160,346.583645,GB,16,0.05,0,0.0,24,220.503,13.7814375,72561.37104710595,
8,161,346.847399,DT,16,0.05,0,0.0,16,89.417,5.5885625,178936.8911951866,
8,162,346.980933,DT,32,0.01,0,0.0,24,88.985,2.78078125,359611.17042198125,
8,163,347.129197,DT,32,0.5,14,0.4375,8,115.804,3.618875,276328.96963835444,
8,164,347.311263,NB,8,0.1,0,0.0,15,111.573,13.946625,71701.93505597232,
8,165,347.48601,SGD,64,0.1,7,0.109375,25,162.828,2.5441875,393052.7919031125,
8,166,347.713744,DT,64,0.5,28,0.4375,15,103.523,1.617546875,618220.1056769993,
8,167,347.855337,MLP,1,0.1,0,0.0,29,169.889,169.889,5886.196281101189,
8,168,348.203844,GB,64,0.5,34,0.53125,29,259.205,4.050078125,246908.81734534443,
8,169,348.507964,GB,32,1.0,32,1.0,12,232.768,7.274,137475.9417102007,
8,170,348.801336,SGD,16,0.5,8,0.5,28,160.57,10.035625,99645.01463536153,
8,171,349.002702,DT,8,0.1,0,0.0,20,88.014,11.00175,90894.63039970915,
8,172,349.12816,RF,8,1.0,8,1.0,6,3339.838,417.47975,2395.3257613093806,
8,173,352.5332,LoR,16,0.05,1,0.0625,15,165.986,10.374125,96393.67175544926,
8,174,352.747761,RF,64,1.0,64,1.0,21,4560.185,71.252890625,14034.51833642714,
8,175,357.381442,DT,64,0.01,1,0.015625,26,100.959,1.577484375,633920.700482374,
8,176,357.556669,GB,100,0.1,11,0.11,6,287.935,2.87935,347300.60603955755,
8,177,357.892054,DT,32,0.01,0,0.0,1,94.433,2.95103125,338864.59182700963,
8,178,358.043163,RF,8,0.5,6,0.75,24,3171.589,396.448625,2522.394925698128,
8,179,361.266529,NB,64,0.0,0,0.0,9,140.205,2.190703125,456474.4481295246,
8,180,361.447009,RF,16,1.0,16,1.0,9,4010.684,250.66775,3989.344460944816,
8,181,365.568523,SGD,32,0.5,21,0.65625,7,242.17,7.5678125,132138.58033612752,
8,182,365.877681,DT,16,0.5,12,0.75,27,109.873,6.8670625,145622.6734502562,
8,183,366.049015,DT,32,0.5,13,0.40625,27,97.398,3.0436875,328548.8408386209,
8,184,366.183239,AB,1,0.0,0,0.0,26,7709.224,7709.224,129.71474171719487,2.0
8,185,386.466484,MLP,64,1.0,64,1.0,27,233.028,3.6410625,274645.1070257652,
8,186,386.743879,SGD,8,0.01,0,0.0,12,150.916,18.8645,53009.621246256196,
8,187,386.944752,MLP,32,0.01,0,0.0,20,181.368,5.66775,176436.85765956508,
8,188,387.167434,GB,8,0.1,0,0.0,8,301.046,37.63075,26574.01194501837,
8,189,387.517654,LoR,64,1.0,64,1.0,5,160.15,2.50234375,399625.35123321885,
8,190,387.753853,RF,100,0.05,8,0.08,25,4049.166,40.49166,24696.44366271968,
8,191,391.856377,MLP,64,1.0,64,1.0,11,218.907,3.420421875,292361.59647704277,
8,192,392.152501,RF,100,0.01,2,0.02,5,3654.071,36.54071,27366.736990058485,
8,193,395.886555,AB,100,0.1,9,0.09,22,8449.4,84.494,11835.159893010155,
8,194,404.414254,MLP,100,0.01,1,0.01,8,233.778,2.33778,427756.247379993,
8,195,404.712382,LoR,32,0.5,18,0.5625,8,154.203,4.81884375,207518.6604670467,
8,196,404.908208,LoR,8,0.05,0,0.0,27,143.017,17.877125,55937.406042638286,
8,197,405.107962,AB,100,1.0,100,1.0,24,8557.272,85.57272,11685.967210110884,
8,198,413.705506,MLP,1,1.0,1,1.0,3,162.012,162.012,6172.3822926696785,
8,199,414.021242,RF,8,0.0,0,0.0,18,3074.431,384.303875,2602.107511926597,
8,200,417.142816,GB,32,0.0,0,0.0,2,264.802,8.2750625,120845.00872349906,
8,201,417.451111,NB,16,1.0,16,1.0,17,121.533,7.5958125,131651.48560473288,
8,202,417.61981,DT,64,0.0,0,0.0,17,95.687,1.495109375,668847.3878374283,
8,203,417.761803,MLP,64,0.0,0,0.0,15,208.6,3.259375,306807.28667305846,
8,204,418.009035,LoR,1,0.0,0,0.0,12,175.88,175.88,5685.694791903571,
8,205,418.421731,NB,32,0.01,1,0.03125,6,119.745,3.74203125,267234.5400643033,
8,206,418.632985,RF,64,1.0,64,1.0,15,4879.373,76.240203125,13116.439345792995,
8,207,423.62061,LoR,100,0.05,5,0.05,15,232.161,2.32161,430735.5671279845,
8,208,423.915626,LoR,16,0.05,1,0.0625,16,150.67,9.416875,106192.34087741423,
8,209,424.132722,RF,64,0.1,6,0.09375,14,3623.08,56.610625,17664.5285226934,
8,210,427.821432,NB,16,0.5,7,0.4375,4,127.866,7.991625,125130.99651197347,
8,211,428.006533,AB,8,0.1,1,0.125,28,7886.562,985.82025,1014.3837073746456,
8,212,435.956187,DT,16,0.1,2,0.125,7,85.226,5.326625,187736.13685964377,
8,213,436.102156,RF,32,0.5,14,0.4375,11,3611.23,112.8509375,8861.246722030997,
8,214,439.773003,RF,100,1.0,100,1.0,11,5204.846,52.04846,19212.86431913644,
8,215,445.050587,LoR,32,0.05,1,0.03125,24,184.355,5.76109375,173578.15085026174,
8,216,445.304863,GB,64,0.05,5,0.078125,26,308.36,4.818125,207549.61733039303,
8,217,445.683496,NB,64,0.05,4,0.0625,25,141.349,2.208578125,452779.99844356877,
8,218,445.866001,MLP,8,0.05,0,0.0,26,197.417,24.677125,40523.359183859546,
8,219,446.104746,GB,1,0.1,0,0.0,2,222.919,222.919,4485.934352836681,4.0
8,220,459.732331,SGD,100,0.5,49,0.49,12,216.25,2.1625,462427.74566473986,
8,221,460.015026,RF,16,0.1,1,0.0625,28,3381.641,211.3525625,4731.430687054007,
8,222,463.441453,SGD,8,0.0,0,0.0,23,175.315,21.914375,45632.14784815903,
8,223,463.688223,NB,64,0.5,33,0.515625,26,141.619,2.212796875,451916.7625812921,
8,224,463.871789,SGD,16,0.01,0,0.0,1,157.996,9.87475,101268.38654143142,
8,225,464.070099,RF,1,0.1,0,0.0,2,3041.897,3041.897,328.74222894463554,6.68
8,226,480.07151,MLP,32,0.01,0,0.0,2,218.161,6.81753125,146680.66244654177,
8,227,480.346177,AB,64,0.0,0,0.0,17,8672.268,135.5041875,7379.845733549747,
8,228,489.097461,DT,32,0.05,2,0.0625,20,89.657,2.80178125,356915.8013317421,
8,229,489.237011,LoR,64,1.0,64,1.0,6,177.679,2.776234375,360200.1362006765,
8,230,489.459489,NB,16,0.01,0,0.0,0,119.276,7.45475,134142.6607196754,
8,231,489.616261,LoR,1,0.0,0,0.0,20,148.386,148.386,6739.180246114863,
8,232,489.93209,AB,16,0.01,0,0.0,4,8079.684,504.98025,1980.2754662187283,
8,233,498.059625,DT,16,0.05,0,0.0,9,85.22,5.32625,187749.35461159353,
8,234,498.183284,GB,1,1.0,1,1.0,13,243.813,243.813,4101.504021524694,4.0
8,235,511.050996,NB,8,0.05,2,0.25,11,119.753,14.969125,66804.17192053644,
8,236,511.2077,SGD,1,0.0,0,0.0,1,195.454,195.454,5116.293347795389,
8,237,511.577905,RF,16,0.0,0,0.0,0,3537.603,221.1001875,4522.836508223223,
8,238,515.204059,SGD,100,0.05,3,0.03,10,226.832,2.26832,440854.9058333921,
8,239,515.473417,SGD,1,0.05,0,0.0,19,153.169,153.169,6528.736232527469,
8,240,515.889944,SGD,32,0.5,19,0.59375,1,256.805,8.02515625,124608.16572886042,
8,241,516.220699,NB,8,0.5,4,0.5,1,120.154,15.01925,66581.22076668276,
8,242,516.379179,DT,8,1.0,8,1.0,17,102.591,12.823875,77979.54986304842,
8,243,516.520996,NB,8,1.0,8,1.0,0,111.567,13.945875,71705.79113895686,
8,244,516.717701,GB,100,0.1,17,0.17,15,323.648,3.2364800000000002,308977.6547360095,
8,245,517.08619,GB,8,0.01,0,0.0,14,240.024,30.003,33330.000333300006,
8,246,517.367691,DT,1,0.1,0,0.0,11,92.216,92.216,10844.105144443482,7.0
8,247,517.665108,NB,8,0.01,0,0.0,17,115.658,14.45725,69169.4478548825,
8,248,517.82197,LoR,8,0.01,0,0.0,10,187.41,23.42625,42687.156501787525,
8,249,518.052433,RF,32,0.0,0,0.0,10,3388.223,105.88196875,9444.47871347311,
8,250,521.485181,MLP,1,0.1,0,0.0,13,191.585,191.585,5219.615314351332,
8,251,521.857916,GB,32,0.1,3,0.09375,16,246.412,7.700375,129863.8053341558,
8,252,522.168639,MLP,32,0.5,17,0.53125,25,203.027,6.34459375,157614.5044747743,
8,253,522.412909,NB,1,0.05,0,0.0,2,105.862,105.862,9446.260225576694,
8,254,522.58837,MLP,32,0.1,3,0.09375,5,189.304,5.91575,169040.27384524362,
8,255,522.84063,GB,32,0.01,1,0.03125,9,232.328,7.26025,137736.3038462863,
8,256,523.131556,LoR,8,0.5,3,0.375,16,196.746,24.59325,40661.56364042979,
8,257,523.379545,MLP,64,0.01,0,0.0,25,207.119,3.236234375,309001.10564458114,
8,258,523.630541,GB,32,1.0,32,1.0,9,232.028,7.250875,137914.38964262934,
8,259,523.91929,RF,100,1.0,100,1.0,6,5222.173,52.22173,19149.116660822994,
8,260,529.189683,SGD,8,0.01,0,0.0,13,171.635,21.454375,46610.539808314155,
8,261,529.404797,NB,8,0.1,0,0.0,28,113.496,14.187,70487.0656234581,
8,262,529.57268,SGD,100,1.0,100,1.0,22,170.342,1.7034200000000002,587054.2790386399,
8,263,529.784094,LoR,1,0.5,1,1.0,25,145.893,145.893,6854.3384535241585,
8,264,530.109457,RF,64,0.05,3,0.046875,23,3621.42,56.5846875,17672.625655129756,
8,265,533.811451,DT,100,0.1,12,0.12,19,110.384,1.10384,905928.395419626,
8,266,533.965357,SGD,16,0.01,0,0.0,24,163.584,10.224,97809.07668231611,
8,267,534.195189,NB,32,0.1,2,0.0625,17,121.554,3.7985625,263257.48227125395,
8,268,534.356037,DT,1,0.1,0,0.0,13,88.855,88.855,11254.290698328738,7.0
8,269,534.648362,NB,1,0.1,0,0.0,27,106.111,106.111,9424.093637794385,
8,270,534.811571,MLP,64,1.0,64,1.0,25,214.869,3.357328125,297855.90289897565,
8,271,535.068447,NB,1,0.1,0,0.0,4,102.509,102.509,9755.241003228984,
8,272,535.226067,SGD,16,0.05,0,0.0,7,188.975,11.8109375,84667.2840322794,
8,273,535.458871,GB,32,0.0,0,0.0,25,238.01,7.4378125,134448.13243141046,
8,274,535.76669,MLP,64,0.5,36,0.5625,18,215.127,3.361359375,297498.6868222027,
8,275,536.049538,RF,64,0.1,6,0.09375,8,3615.647,56.494484375,17700.843030306885,
8,276,539.733953,AB,32,0.05,3,0.09375,29,8587.673,268.36478125,3726.2713659451165,
8,277,548.396125,RF,100,1.0,100,1.0,26,5431.55,54.3155,18410.9508335558,
8,278,553.923819,RF,100,0.1,5,0.05,4,3929.847,39.29847,25446.283277695034,
8,279,557.931717,LoR,64,0.01,1,0.015625,18,198.458,3.10090625,322486.3699120217,
8,280,558.206663,AB,100,0.5,48,0.48,19,8635.214,86.35214,11580.488914345377,
8,281,566.908889,LoR,32,0.1,6,0.1875,5,159.206,4.9751875,200997.44984485512,
8,282,567.14147,LoR,100,0.5,53,0.53,25,199.115,1.9911500000000002,502222.33382718527,
8,283,567.383647,AB,32,0.0,0,0.0,21,8430.027,263.43834375,3795.9546274288327,
8,284,575.8576,SGD,1,1.0,1,1.0,26,158.545,158.545,6307.357532561734,
8,285,576.21267,GB,64,0.5,32,0.5,17,301.536,4.7115,212246.63058473947,
8,286,576.556936,LoR,8,0.0,0,0.0,2,158.901,19.862625,50345.812801681546,
8,287,576.771601,SGD,100,0.0,0,0.0,14,164.996,1.64996,606075.2987951223,
8,288,576.97646,SGD,8,0.0,0,0.0,10,147.823,18.477875,54118.777186229476,
8,289,577.178542,MLP,100,1.0,100,1.0,23,237.212,2.37212,421563.8331956225,
8,290,577.454788,NB,1,1.0,1,1.0,4,108.8,108.8,9191.176470588236,
8,291,577.632048,DT,16,0.1,2,0.125,10,91.879,5.7424375,174142.07816802533,
8,292,577.773013,SGD,64,0.01,0,0.0,24,161.826,2.52853125,395486.5102023161,
8,293,577.988395,SGD,100,1.0,100,1.0,5,162.394,1.6239400000000002,615786.2975233075,
8,294,578.190093,NB,8,1.0,8,1.0,11,109.361,13.670125,73152.22062709741,
8,295,578.352213,NB,100,0.0,0,0.0,18,137.154,1.37154,729107.4266882483,
8,296,578.535843,GB,64,0.0,0,0.0,6,268.382,4.19346875,238466.06702386896,
8,297,578.868673,LoR,32,0.05,1,0.03125,28,163.704,5.11575,195474.7593217026,
8,298,579.086258,DT,100,0.0,0,0.0,8,99.508,0.99508,1004944.326084335,
8,299,579.248421,AB,1,0.1,0,0.0,21,7780.646,7780.646,128.52403258032817,2.0
8,300,600.220246,DT,64,0.0,0,0.0,19,105.337,1.645890625,607573.7869884276,
8,301,600.369841,SGD,1,0.01,0,0.0,28,177.791,177.791,5624.581671738165,
8,302,600.736327,NB,64,0.5,34,0.53125,0,138.587,2.165421875,461803.77668901125,
8,303,600.914078,SGD,1,0.05,0,0.0,6,151.999,151.999,6578.990651254285,
8,304,601.213104,DT,1,0.5,0,0.0,13,86.14,86.14,11609.008590666357,7.0
8,305,601.520172,NB,100,0.5,59,0.59,10,148.205,1.48205,674741.0681151107,
8,306,601.707849,MLP,1,0.01,0,0.0,17,182.159,182.159,5489.709539468267,
8,307,602.068207,MLP,32,0.5,17,0.53125,24,192.998,6.0311875,165804.82699302584,
8,308,602.32907,SGD,64,0.05,3,0.046875,13,159.217,2.487765625,401967.1266259256,
8,309,602.549317,RF,32,0.05,2,0.0625,28,3349.36,104.6675,9554.064059999522,
8,310,605.978787,DT,100,0.01,2,0.02,25,105.633,1.05633,946673.8613880132,
8,311,606.158162,RF,100,0.1,1,0.01,16,3812.422,38.12422,26230.044837638645,
8,312,610.018126,MLP,32,0.0,0,0.0,13,209.443,6.54509375,152786.19958652233,
8,313,610.285129,LoR,100,0.0,0,0.0,9,173.143,1.73143,577557.2792431689,
8,314,610.503182,SGD,32,0.0,0,0.0,0,156.42,4.888125,204577.4197672932,
8,315,610.700773,RF,16,1.0,16,1.0,25,3443.982,215.248875,4645.785024428118,
8,316,614.212893,SGD,32,0.1,4,0.125,21,169.019,5.28184375,189327.82704903,
8,317,614.427464,RF,1,0.5,1,1.0,18,3017.907,3017.907,331.35547251787415,22.01
8,318,630.372239,RF,1,0.05,1,1.0,1,2975.422,2975.422,336.0867802953665,20.8
8,319,646.188984,MLP,8,0.01,0,0.0,14,190.255,23.781875,42048.82920291188,
8,320,646.419133,AB,1,0.0,0,0.0,11,7792.911,7792.911,128.32175293673956,2.0
8,321,667.209108,MLP,8,0.0,0,0.0,17,235.149,29.393625,34020.98244092044,
8,322,667.512604,NB,32,0.01,2,0.0625,27,131.311,4.10346875,243696.26307011597,
8,323,667.699776,SGD,100,0.0,0,0.0,6,175.493,1.7549299999999999,569823.2977953537,
8,324,667.933963,MLP,8,0.5,3,0.375,5,174.073,21.759125,45957.730377485306,
8,325,668.151373,MLP,32,0.0,0,0.0,0,182.774,5.7116875,175079.60650858437,
8,326,668.396719,MLP,32,0.05,2,0.0625,21,181.477,5.67115625,176330.88490552522,
8,327,668.622456,RF,1,0.01,0,0.0,19,3011.372,3011.372,332.07454940804394,7.01
8,328,684.575095,GB,64,0.1,6,0.09375,18,291.555,4.555546875,219512.61340055906,
8,329,684.91211,AB,32,0.0,0,0.0,20,8215.486,256.7339375,3895.083017608453,
8,330,693.191547,MLP,16,0.05,2,0.125,12,187.866,11.741625,85167.08717915961,
8,331,693.441003,GB,16,0.5,9,0.5625,2,237.78,14.86125,67289.09075616115,
8,332,693.730111,AB,64,1.0,64,1.0,27,8274.526,129.28946875,7734.582017145151,
8,333,702.063893,RF,100,0.0,0,0.0,22,3871.418,38.71418,25830.328835584274,
8,334,706.010132,GB,64,0.5,42,0.65625,16,277.118,4.32996875,230948.54899356954,
8,335,706.364687,DT,100,0.01,1,0.01,10,106.021,1.06021,943209.3641825676,
8,336,706.527845,MLP,8,0.05,1,0.125,2,189.02,23.6275,42323.56364405883,
8,337,706.771633,GB,100,1.0,100,1.0,17,282.605,2.8260500000000004,353850.7811255993,
8,338,707.096911,GB,1,0.01,0,0.0,17,214.629,214.629,4659.202624062918,4.0
8,339,719.843352,SGD,64,0.0,0,0.0,8,172.6,2.696875,370799.5365005794,
8,340,720.084914,SGD,64,0.05,6,0.09375,4,161.369,2.521390625,396606.535332065,
8,341,720.305106,LoR,16,0.5,8,0.5,26,151.285,9.4553125,105760.65042800014,
8,342,720.510716,DT,100,1.0,100,1.0,9,118.279,1.18279,845458.6190278917,
8,343,720.702324,DT,100,0.5,49,0.49,11,106.255,1.0625499999999999,941132.182014964,
8,344,720.868212,NB,32,0.5,17,0.53125,20,124.246,3.8826875,257553.56309257442,
8,345,721.049856,MLP,32,0.05,2,0.0625,25,193.581,6.04940625,165305.47936006117,
8,346,721.28283,NB,8,0.0,0,0.0,12,108.645,13.580625,73634.31359013301,
8,347,721.436683,DT,32,0.0,0,0.0,15,93.166,2.9114375,343472.9407723848,
8,348,721.570205,LoR,8,0.05,0,0.0,10,151.866,18.98325,52678.01877971369,
8,349,721.788516,GB,64,0.01,1,0.015625,7,243.501,3.804703125,262832.59617003624,
8,350,722.105579,SGD,100,0.01,2,0.02,13,173.586,1.7358600000000002,576083.3246920834,
8,351,722.333447,DT,100,1.0,100,1.0,24,111.242,1.11242,898941.0474461084,
8,352,722.506773,GB,32,0.5,19,0.59375,4,236.939,7.40434375,135055.85825887677,
8,353,722.799882,LoR,100,1.0,100,1.0,22,171.573,1.71573,582842.2887050993,
8,354,723.010043,AB,1,0.0,0,0.0,25,7714.788,7714.788,129.62118984993495,2.0
8,355,743.739001,MLP,64,0.1,8,0.125,13,245.353,3.833640625,260848.6547953357,
8,356,744.02843,SGD,16,1.0,16,1.0,15,161.419,10.0886875,99120.92132896374,
8,357,744.245769,SGD,64,0.01,0,0.0,3,156.993,2.453015625,407661.48809182574,
8,358,744.465274,LoR,32,0.1,5,0.15625,16,151.294,4.7279375,211508.7181249752,
8,359,744.670571,SGD,100,0.0,0,0.0,12,159.468,1.5946799999999999,627085.0578172423,
8,360,744.88685,NB,8,0.05,0,0.0,23,127.145,15.893125,62920.28786031697,
8,361,745.085985,NB,100,0.5,53,0.53,17,138.54,1.3854,721813.1947452,
8,362,745.284313,LoR,32,0.05,1,0.03125,14,156.658,4.8955625,204266.61900445557,
8,363,745.482748,DT,32,0.0,0,0.0,23,94.798,2.9624375,337559.8641321547,
8,364,745.616644,SGD,1,0.05,0,0.0,2,150.234,150.234,6656.282865396647,
8,365,745.926524,GB,8,1.0,8,1.0,20,249.245,31.155625,32096.932736865332,
8,366,746.219008,NB,8,0.1,0,0.0,0,112.316,14.0395,71227.60782079134,
8,367,746.371179,NB,1,0.5,0,0.0,6,99.866,99.866,10013.417980093325,
8,368,746.540234,AB,32,0.5,13,0.40625,1,8137.883,254.30884375,3932.2265999646347,
8,369,754.7562,NB,100,0.1,9,0.09,9,142.404,1.42404,702227.4655206314,
8,370,754.965467,AB,64,0.1,8,0.125,8,8304.832,129.763,7706.356973867743,
8,371,763.320158,RF,32,0.0,0,0.0,9,3198.362,99.9488125,10005.121371502037,
8,372,766.59219,DT,64,0.1,9,0.140625,9,104.132,1.6270625,614604.5403910421,
8,373,766.754922,SGD,8,0.05,1,0.125,3,162.027,20.253375,49374.48696822135,
8,374,766.984801,NB,64,0.1,7,0.109375,1,131.023,2.047234375,488463.8574906696,
8,375,767.176083,DT,32,0.05,1,0.03125,24,97.284,3.040125,328933.84318079025,
8,376,767.325987,MLP,100,1.0,100,1.0,2,238.997,2.38997,418415.29391582316,
8,377,767.628187,LoR,32,0.5,17,0.53125,5,157.043,4.90759375,203765.84757041064,
8,378,767.824556,DT,1,0.01,0,0.0,4,86.433,86.433,11569.655108581212,7.0
8,379,768.111781,DT,64,0.0,0,0.0,11,94.115,1.470546875,680019.1255379058,
8,380,768.272255,DT,64,0.1,5,0.078125,10,93.895,1.467109375,681612.4394270196,
8,381,768.402707,MLP,8,1.0,8,1.0,4,178.732,22.3415,44759.75203097375,
8,382,768.643512,RF,32,0.05,3,0.09375,0,3470.033,108.43853125,9221.814317039636,
8,383,772.156839,RF,8,1.0,8,1.0,19,3270.954,408.86925,2445.769643963198,
8,384,775.472701,LoR,1,0.05,0,0.0,13,166.83,166.83,5994.125756758376,
8,385,775.797103,MLP,1,1.0,1,1.0,2,166.162,166.162,6018.223179788399,
8,386,776.114407,DT,8,0.01,0,0.0,0,89.042,11.13025,89845.24157139327,
8,387,776.24366,DT,1,0.01,0,0.0,15,83.707,83.707,11946.43219802406,7.0
8,388,776.513769,DT,8,0.0,0,0.0,1,88.279,11.034875,90621.77867896103,
8,389,776.641717,NB,16,0.0,0,0.0,14,115.187,7.1991875,138904.5638830771,
8,390,776.806966,SGD,64,1.0,64,1.0,4,164.703,2.573484375,388578.22869043064,
8,391,777.012014,AB,1,0.1,0,0.0,14,7711.679,7711.679,129.67344724799878,2.0
8,392,797.898368,DT,32,0.05,1,0.03125,21,103.022,3.2194375,310613.26706916967,
8,393,798.070071,RF,64,0.5,33,0.515625,0,4308.802,67.32503125,14853.316536707884,
8,394,802.449502,MLP,32,0.01,1,0.03125,25,236.654,7.3954375,135218.50465236168,
8,395,802.748984,DT,16,0.05,2,0.125,13,95.278,5.954875,167929.63748189507,
8,396,802.918056,LoR,100,0.1,11,0.11,6,178.492,1.7849199999999998,560249.1988436456,
8,397,803.142193,SGD,8,0.01,0,0.0,9,190.95,23.86875,41895.78423671118,
8,398,803.375777,NB,32,0.0,0,0.0,11,123.669,3.86465625,258755.22564264288,
8,399,803.571948,AB,100,0.05,6,0.06,3,8573.817,85.73817,11663.416655615581,
8,400,812.209299,MLP,8,0.5,1,0.125,1,179.579,22.447375,44548.63876065687,
8,401,812.432447,AB,8,0.05,0,0.0,9,7939.113,992.389125,1007.6692446624704,
8,402,820.415677,RF,8,0.05,0,0.0,10,3096.691,387.086375,2583.4027353714014,
8,403,823.55778,DT,16,1.0,16,1.0,15,101.325,6.3328125,157907.72267456204,
8,404,823.699252,RF,8,1.0,8,1.0,8,3301.566,412.69575,2423.0925566837072,
8,405,827.052577,LoR,16,0.05,0,0.0,4,201.942,12.621375,79230.67019243148,
8,406,827.347148,GB,100,0.1,16,0.16,28,336.273,3.3627300000000004,297377.4284584251,
8,407,827.726278,LoR,1,0.1,1,1.0,24,159.807,159.807,6257.54816747702,
8,408,828.051941,MLP,16,0.01,0,0.0,2,186.711,11.6694375,85693.933405102,
8,409,828.299327,SGD,8,0.5,5,0.625,4,153.14,19.1425,52239.78059292152,
8,410,828.4962,LoR,16,0.0,0,0.0,21,147.109,9.1943125,108762.89010189722,
8,411,828.702789,AB,8,0.05,1,0.125,20,7961.724,995.2155,1004.807501490883,
8,412,836.7119,AB,32,0.0,0,0.0,16,8007.122,250.2225625,3996.442167360507,
8,413,844.760301,RF,8,0.0,0,0.0,17,3083.09,385.38625,2594.799373355951,
8,414,847.91584,MLP,64,0.5,34,0.53125,24,221.182,3.45596875,289354.46826595295,
8,415,848.178905,GB,1,0.05,0,0.0,0,234.519,234.519,4264.046836290449,4.0
8,416,860.822956,AB,1,0.01,0,0.0,10,7598.075,7598.075,131.61228337440733,2.0
8,417,880.928353,DT,100,0.5,48,0.48,20,112.266,1.12266,890741.6314823722,
8,418,881.105957,SGD,64,0.5,34,0.53125,25,166.249,2.597640625,384964.72159231035,
8,419,881.31188,LoR,1,0.1,0,0.0,11,143.894,143.894,6949.560092846123,
8,420,881.629234,SGD,32,0.1,3,0.09375,4,165.922,5.1850625,192861.7061028676,
8,421,881.873066,LoR,64,0.1,8,0.125,14,151.437,2.366203125,422617.9863573631,
8,422,882.061756,MLP,8,0.0,0,0.0,0,168.501,21.062625,47477.46304176236,
8,423,882.268126,SGD,1,0.0,0,0.0,23,140.581,140.581,7113.336795157241,
8,424,882.560754,DT,32,0.01,0,0.0,23,86.406,2.7001875,370344.65199175983,
8,425,882.690525,LoR,32,0.01,0,0.0,13,146.967,4.59271875,217735.95432988356,
8,426,882.898624,RF,32,0.5,13,0.40625,8,3727.343,116.47946875,8585.203991154021,
8,427,886.69099,LoR,16,0.01,1,0.0625,9,163.36,10.21,97943.1929480901,
8,428,886.911447,RF,100,0.01,0,0.0,28,3624.475,36.244749999999996,27590.20271901448,
8,429,890.589827,SGD,64,0.01,0,0.0,17,198.798,3.10621875,321934.82831819233,
8,430,890.838241,SGD,64,0.0,0,0.0,17,199.378,3.11528125,320998.30472770316,
8,431,891.078702,GB,1,0.01,0,0.0,24,273.062,273.062,3662.171960946598,4.0
8,432,903.5997,NB,16,1.0,16,1.0,26,121.172,7.57325,132043.70646684052,
8,433,903.76386,SGD,32,1.0,32,1.0,13,157.751,4.92971875,202851.3289931601,
8,434,903.964197,SGD,32,0.0,0,0.0,15,148.892,4.652875,214920.88225022165,
8,435,904.1861,GB,100,0.1,5,0.05,17,269.231,2.69231,371428.2530614974,
8,436,904.504208,RF,64,1.0,64,1.0,24,4538.194,70.90928125,14102.526247225216,
8,437,909.087898,DT,8,0.1,0,0.0,14,93.721,11.715125,85359.7379456045,
8,438,909.2546,AB,100,0.5,53,0.53,25,8417.553,84.17553,11879.937079101255,
8,439,917.713444,AB,8,0.0,0,0.0,18,7870.783,983.847875,1016.417299269971,
8,440,925.627685,RF,8,0.05,0,0.0,29,3348.143,418.517875,2389.384204915979,
8,441,929.071705,SGD,100,1.0,100,1.0,13,243.855,2.4385499999999998,410079.76051341987,
8,442,929.406639,AB,100,0.5,51,0.51,0,8643.841,86.43841,11568.930987971666,
8,443,938.103992,RF,64,0.0,0,0.0,0,3668.763,57.324421875,17444.571917019442,
8,444,941.826466,SGD,64,0.0,0,0.0,16,182.443,2.850671875,350794.4947188985,
8,445,942.071897,AB,16,0.05,1,0.0625,18,8400.303,525.0189375,1904.6931997571992,
8,446,950.525107,AB,32,0.0,0,0.0,22,8101.69,253.1778125,3949.793191297125,
8,447,958.731976,LoR,32,0.0,0,0.0,23,198.858,6.2143125,160918.8466141669,
8,448,959.023534,LoR,16,0.1,1,0.0625,7,153.516,9.59475,104223.66398290732,
8,449,959.226342,GB,1,0.1,0,0.0,3,340.074,340.074,2940.5364714738557,4.0
8,450,972.181429,GB,16,0.0,0,0.0,1,240.399,15.0249375,66556.0172879255,
8,451,972.489383,MLP,32,0.05,5,0.15625,29,273.718,8.5536875,116908.64320212773,
8,452,972.824698,GB,16,0.1,1,0.0625,26,223.182,13.948875,71690.36929501484,
8,453,973.124154,GB,100,0.5,47,0.47,0,283.575,2.83575,352640.39495724236,
8,454,973.467378,LoR,16,0.5,5,0.3125,16,164.535,10.2834375,97243.74753092047,
8,455,973.686037,LoR,100,0.0,0,0.0,15,160.432,1.60432,623317.0439812507,
8,456,973.906925,DT,32,0.1,5,0.15625,14,97.437,3.04490625,328417.3363301415,
8,457,974.05022,MLP,64,1.0,64,1.0,9,205.629,3.212953125,311240.1460883436,
8,458,974.295877,MLP,1,0.5,1,1.0,4,159.742,159.742,6260.094402223586,
8,459,974.634,NB,100,0.01,0,0.0,14,146.981,1.4698099999999998,680360.0465366272,
8,460,974.823562,LoR,32,1.0,32,1.0,1,152.254,4.7579375,210175.1021319637,
8,461,975.034926,DT,16,0.5,10,0.625,18,93.1,5.81875,171858.21697099894,
8,462,975.168057,RF,16,0.01,0,0.0,11,3236.688,202.293,4943.324781381461,
8,463,978.466571,NB,8,0.5,5,0.625,3,120.606,15.07575,66331.69162396564,
8,464,978.659093,NB,100,0.1,7,0.07,1,139.397,1.39397,717375.5532758955,
8,465,978.852805,MLP,8,0.05,1,0.125,7,179.287,22.410875,44621.19395159716,
8,466,979.073995,MLP,16,0.05,0,0.0,10,210.309,13.1443125,76078.53206472381,
8,467,979.368558,RF,64,0.5,35,0.546875,12,4181.39,65.33421875,15305.915018689955,
8,468,983.593577,MLP,1,0.01,0,0.0,19,179.505,179.505,5570.875463079023,
8,469,983.944061,DT,100,1.0,100,1.0,23,118.689,1.18689,842538.0616569354,
8,470,984.110503,NB,64,1.0,64,1.0,19,130.366,2.03696875,490925.5480723501,
8,471,984.277913,GB,1,0.0,0,0.0,15,270.612,270.612,3695.3276277474756,4.0
8,472,996.917883,LoR,100,0.0,0,0.0,4,169.167,1.69167,591131.8401343052,
8,473,997.161201,LoR,100,0.05,2,0.02,2,160.934,1.60934,621372.7366498067,
8,474,997.39606,MLP,100,0.1,10,0.1,4,220.712,2.2071199999999997,453079.125738519,
8,475,997.656267,DT,1,0.1,0,0.0,19,85.114,85.114,11748.948469112014,7.0
8,476,997.9431,MLP,16,0.05,1,0.0625,19,177.69,11.105625,90044.45945185436,
8,477,998.191056,SGD,64,0.5,38,0.59375,15,159.046,2.48509375,402399.3058611974,
8,478,998.420764,AB,100,0.05,6,0.06,1,8510.289,85.10289,11750.482269168531,
8,479,1007.016935,GB,16,0.01,0,0.0,26,277.783,17.3614375,57598.91714035776,
8,480,1007.337542,LoR,1,0.01,0,0.0,29,201.538,201.538,4961.843424068909,
8,481,1007.738961,SGD,16,0.0,0,0.0,1,202.736,12.671,78920.36934732855,
8,482,1008.023108,MLP,100,0.05,5,0.05,10,286.9,2.8689999999999998,348553.5029627048,
8,483,1008.376675,AB,32,0.05,1,0.03125,3,8222.409,256.95028125,3891.8034848424595,
8,484,1016.654388,NB,1,0.1,0,0.0,6,110.784,110.784,9026.574234546504,
8,485,1016.835858,GB,16,0.1,4,0.25,4,254.469,15.9043125,62876.02812130358,
8,486,1017.149617,MLP,100,1.0,100,1.0,29,250.944,2.5094399999999997,398495.28181586333,
8,487,1017.460042,MLP,100,1.0,100,1.0,20,217.796,2.17796,459145.25519293285,
8,488,1017.721352,NB,16,0.01,0,0.0,7,111.031,6.9394375,144103.8989111149,
8,489,1017.893504,RF,16,0.1,1,0.0625,6,3325.537,207.8460625,4811.253039734635,
8,490,1021.292691,GB,64,0.5,24,0.375,12,287.2,4.4875,222841.22562674095,
8,491,1021.623091,DT,8,0.01,0,0.0,26,92.968,11.621,86051.11436193099,
8,492,1021.758345,MLP,32,1.0,32,1.0,21,223.242,6.9763125,143342.2026321212,
8,493,1022.023136,SGD,1,0.05,0,0.0,1,152.761,152.761,6546.173434318969,
8,494,1022.351976,GB,100,0.01,0,0.0,12,262.899,2.62899,380374.2121499131,
8,495,1022.691008,MLP,100,0.01,1,0.01,13,229.038,2.2903800000000003,436608.7723434539,
8,496,1022.96101,DT,1,0.1,0,0.0,6,87.76,87.76,11394.712853236098,21.0
8,497,1023.305612,SGD,16,0.01,0,0.0,13,158.925,9.9328125,100676.4196948246,
8,498,1023.53891,DT,100,0.5,53,0.53,6,110.947,1.10947,901331.266280296,
8,499,1023.690581,RF,8,0.01,0,0.0,11,3506.18,438.2725,2281.685481064863,
8,500,1027.336402,AB,16,0.5,4,0.25,7,8140.329,508.7705625,1965.522523721093,
8,501,1035.557871,MLP,100,0.1,6,0.06,13,249.874,2.4987399999999997,400201.70165763545,
8,502,1035.872049,LoR,32,0.5,13,0.40625,19,157.831,4.93221875,202748.5094816608,
8,503,1036.095765,NB,64,0.1,7,0.109375,5,134.136,2.095875,477127.69129838375,
8,504,1036.268729,GB,8,0.05,0,0.0,22,250.945,31.368125,31879.495506983603,
8,505,1036.578789,MLP,16,0.5,9,0.5625,0,184.292,11.51825,86818.74416686562,
8,506,1036.824925,LoR,32,0.01,1,0.03125,23,152.121,4.75378125,210358.85906613813,
8,507,1037.040827,MLP,32,0.05,2,0.0625,13,181.574,5.6741875,176236.68586912222,
8,508,1037.294843,SGD,100,0.1,11,0.11,24,163.85,1.6384999999999998,610314.3118706134,
8,509,1037.499058,LoR,8,0.1,0,0.0,28,142.338,17.79225,56204.24623080274,
8,510,1037.687104,GB,32,0.0,0,0.0,9,248.107,7.75334375,128976.61089771752,
8,511,1038.003952,LoR,64,0.5,32,0.5,16,162.295,2.535859375,394343.6335068856,
8,512,1038.207174,GB,1,0.05,0,0.0,20,202.673,202.673,4934.056337055256,4.0
8,513,1051.019622,RF,8,0.05,0,0.0,22,3513.278,439.15975,2277.075711059586,
8,514,1054.596675,RF,8,0.0,0,0.0,28,3106.732,388.3415,2575.0531426592315,
8,515,1057.754376,DT,16,0.01,0,0.0,25,101.747,6.3591875,157252.79369416297,
8,516,1057.897474,DT,16,0.0,0,0.0,23,95.786,5.986625,167039.02449209697,
8,517,1058.060562,LoR,64,0.5,32,0.5,4,186.409,2.912640625,343331.06234141055,
8,518,1058.295154,LoR,64,1.0,64,1.0,24,159.685,2.495078125,400789.05344897765,
8,519,1058.521396,DT,64,0.1,6,0.09375,8,96.887,1.513859375,660563.3366705544,
8,520,1058.691895,LoR,100,0.05,5,0.05,20,166.006,1.66006,602387.8654988374,
8,521,1058.901267,MLP,16,0.01,0,0.0,0,191.854,11.990875,83396.74961168387,
8,522,1059.132078,MLP,1,0.0,0,0.0,8,198.401,198.401,5040.297175921492,
8,523,1059.486591,NB,8,1.0,8,1.0,10,118.45,14.80625,67539.0460109751,
8,524,1059.66381,AB,16,0.05,1,0.0625,16,8442.827,527.6766875,1895.0998285289988,
8,525,1068.201743,MLP,64,0.5,33,0.515625,15,240.735,3.761484375,265852.49340561195,
8,526,1068.49419,MLP,64,1.0,64,1.0,10,202.349,3.161703125,316285.2299739559,
8,527,1068.746455,SGD,32,0.0,0,0.0,16,158.859,4.96434375,201436.49399782196,
8,528,1068.980834,DT,100,0.1,6,0.06,2,100.751,1.0075100000000001,992545.9796925092,
8,529,1069.121285,GB,1,0.01,0,0.0,0,251.707,251.707,3972.8732216426242,4.0
8,530,1082.066584,MLP,1,0.05,0,0.0,20,175.837,175.837,5687.085198223355,
8,531,1082.407814,DT,16,0.0,0,0.0,12,90.683,5.6676875,176438.8033038166,
8,532,1082.538255,LoR,8,0.0,0,0.0,10,155.993,19.499125,51284.35250299693,
8,533,1082.750129,LoR,100,1.0,100,1.0,23,159.825,1.59825,625684.3422493353,
8,534,1082.951477,DT,16,1.0,16,1.0,20,93.729,5.8580625,170704.9045652893,
8,535,1083.087139,GB,8,0.01,0,0.0,28,251.492,31.4365,31810.156983124714,
8,536,1083.378096,NB,1,0.0,0,0.0,8,111.885,111.885,8937.748581132413,
8,537,1083.547807,AB,64,1.0,64,1.0,8,8288.356,129.5055625,7721.676047698724,
8,538,1091.878326,NB,8,1.0,8,1.0,8,110.767,13.845875,72223.67672682297,
8,539,1092.044666,NB,100,0.0,0,0.0,12,136.117,1.36117,734662.0921707061,
8,540,1092.223075,NB,16,0.01,0,0.0,5,107.267,6.7041875,149160.5060270167,
8,541,1092.401825,LoR,100,0.1,7,0.07,2,168.242,1.6824199999999998,594381.90225984,
8,542,1092.615245,LoR,32,0.05,0,0.0,25,151.428,4.732125,211321.5521568006,
8,543,1092.824918,DT,8,0.05,1,0.125,25,87.698,10.96225,91222.14873771352,
8,544,1092.950304,AB,8,1.0,8,1.0,11,7928.987,991.123375,1008.9561251645387,
8,545,1100.921376,AB,8,0.0,0,0.0,5,7877.739,984.717375,1015.519808412033,
8,546,1108.841145,AB,8,1.0,8,1.0,12,7975.885,996.985625,1003.0234889294417,
8,547,1116.857488,SGD,1,0.0,0,0.0,5,151.789,151.789,6588.092681287841,
8,548,1117.194548,NB,100,0.5,50,0.5,7,141.211,1.4121100000000002,708160.1291684075,
8,549,1117.397912,LoR,32,0.01,1,0.03125,27,155.894,4.8716875,205267.68188641,
8,550,1117.623296,NB,32,0.0,0,0.0,20,123.522,3.8600625,259063.16283738927,
8,551,1117.783421,NB,1,0.0,0,0.0,23,98.451,98.451,10157.337152492104,
8,552,1117.92902,LoR,16,0.0,0,0.0,27,149.967,9.3729375,106690.13849713602,
8,553,1118.126359,SGD,64,1.0,64,1.0,25,155.696,2.43275,411057.4452779776,
8,554,1118.33566,SGD,100,1.0,100,1.0,12,159.367,1.59367,627482.4775518144,
8,555,1118.53829,NB,16,0.01,0,0.0,26,110.211,6.8881875,145176.07135403907,
8,556,1118.720936,MLP,100,0.1,8,0.08,5,228.784,2.28784,437093.5030421708,
8,557,1119.027989,SGD,100,0.1,11,0.11,4,164.442,1.64442,608117.1476873305,
8,558,1119.257044,DT,1,0.1,0,0.0,27,99.815,99.815,10018.534288433602,7.0
8,559,1119.547167,RF,8,0.05,0,0.0,21,3141.453,392.681625,2546.5922934387368,
8,560,1122.768549,RF,100,0.1,14,0.14,3,4147.799,41.47799,24109.172117549573,
8,561,1126.964777,MLP,32,0.0,0,0.0,6,210.837,6.58865625,151776.0165435858,
8,562,1127.222863,LoR,16,0.0,0,0.0,18,186.16,11.635,85947.57198109153,
8,563,1127.473828,MLP,32,0.01,1,0.03125,14,186.011,5.81284375,172032.83676771805,
8,564,1127.701308,MLP,16,1.0,16,1.0,16,174.158,10.884875,91870.60025953445,
8,565,1127.916203,DT,1,0.1,0,0.0,22,87.814,87.814,11387.705832782929,7.0
8,566,1128.229957,DT,100,0.01,1,0.01,7,103.371,1.03371,967389.3064786062,
8,567,1128.405522,AB,100,0.1,6,0.06,15,8524.669,85.24669,11730.660744716306,
8,568,1136.975215,LoR,8,0.1,0,0.0,16,151.228,18.9035,52900.256566244345,
8,569,1137.167309,SGD,8,1.0,8,1.0,26,149.264,18.658,53596.31257369493,
8,570,1137.397451,MLP,100,0.05,3,0.03,27,220.935,2.20935,452621.8118451128,
8,571,1137.68214,LoR,32,0.5,16,0.5,27,151.538,4.7355625,211168.155842099,
8,572,1137.893906,SGD,16,0.05,1,0.0625,24,149.397,9.3373125,107097.19740021553,
8,573,1138.081713,NB,8,0.0,0,0.0,27,109.346,13.66825,73162.2555923399,
8,574,1138.232033,LoR,32,1.0,32,1.0,16,151.624,4.73825,211048.3828417665,
8,575,1138.443238,NB,16,0.01,1,0.0625,14,110.153,6.8845625,145252.51241455067,
8,576,1138.59147,LoR,1,0.5,1,1.0,19,145.785,145.785,6859.416263675961,
8,577,1138.888597,DT,1,0.0,0,0.0,17,85.267,85.267,11727.866583789744,7.0
8,578,1139.180527,DT,16,0.5,9,0.5625,25,128.531,8.0331875,124483.58761699512,
8,579,1139.355698,AB,64,1.0,64,1.0,10,8286.959,129.483734375,7722.977753359223,
8,580,1147.686512,DT,16,1.0,16,1.0,3,88.155,5.5096875,181498.496965572,
8,581,1147.815243,SGD,16,0.0,0,0.0,11,154.447,9.6529375,103595.40813353448,
8,582,1148.011686,AB,8,0.01,0,0.0,9,7893.186,986.64825,1013.5324316442055,
8,583,1155.945263,RF,1,1.0,1,1.0,22,3014.549,3014.549,331.7245796966644,20.37
8,584,1172.254123,NB,32,0.0,0,0.0,15,126.734,3.9604375,252497.35666829738,
8,585,1172.423161,NB,8,0.05,0,0.0,1,109.683,13.710375,72937.46524073921,
8,586,1172.588348,MLP,100,0.01,0,0.0,4,232.764,2.32764,429619.70064099255,
8,587,1172.889102,MLP,32,0.5,12,0.375,17,187.831,5.86971875,170365.91403974852,
8,588,1173.139717,GB,32,0.5,18,0.5625,9,268.379,8.38684375,119234.36632523408,
8,589,1173.48467,NB,100,0.1,5,0.05,22,147.198,1.47198,679357.0564817457,
8,590,1173.67421,MLP,32,1.0,32,1.0,2,194.759,6.08621875,164305.6290081588,
8,591,1173.908999,AB,8,1.0,8,1.0,9,7914.014,989.25175,1010.8650300593353,
8,592,1181.866421,MLP,1,0.01,0,0.0,20,165.003,165.003,6060.495869772065,
8,593,1182.198,NB,100,0.0,0,0.0,29,141.166,1.41166,708385.8719521698,
8,594,1182.377463,GB,1,0.0,0,0.0,27,220.295,220.295,4539.367666084115,4.0
8,595,1195.242712,SGD,100,0.1,12,0.12,29,196.812,1.96812,508099.0996483954,
8,596,1195.496212,DT,1,0.5,0,0.0,27,150.507,150.507,6644.2092394373685,7.0
8,597,1195.876504,LoR,1,0.1,1,1.0,3,172.846,172.846,5785.496916330144,
8,598,1196.263559,SGD,1,0.05,0,0.0,24,148.383,148.383,6739.3164985207195,
8,599,1196.562272,MLP,1,0.5,1,1.0,6,173.125,173.125,5776.173285198556,
8,600,1196.893651,MLP,16,0.0,0,0.0,15,183.617,11.4760625,87137.90117472784,
8,601,1197.150959,GB,64,0.05,8,0.125,13,307.373,4.802703125,208216.0762331109,
8,602,1197.530293,SGD,64,0.01,2,0.03125,13,173.093,2.704578125,369743.43272113835,
8,603,1197.759986,AB,100,1.0,100,1.0,13,8555.082,85.55082,11688.958679764846,
8,604,1206.39322,DT,100,0.05,2,0.02,12,96.977,0.96977,1031172.3398331563,
8,605,1206.54994,NB,16,0.05,1,0.0625,18,120.757,7.5473125,132497.49496923573,
8,606,1206.735481,AB,64,0.1,3,0.046875,1,8299.389,129.677953125,7711.411044837157,
8,607,1215.077721,NB,8,0.0,0,0.0,14,110.729,13.841125,72248.46246240822,
8,608,1215.295062,DT,64,0.05,5,0.078125,18,95.613,1.493953125,669365.0445023166,
8,609,1215.462752,NB,100,0.05,5,0.05,21,141.207,1.41207,708180.1893673827,
8,610,1215.649499,SGD,16,0.05,0,0.0,2,159.557,9.9723125,100277.64372606656,
8,611,1215.863869,MLP,100,1.0,100,1.0,10,229.328,2.29328,436056.6524802902,
8,612,1216.132749,AB,1,1.0,1,1.0,27,7774.533,7774.533,128.62508912110863,2.0
8,613,1236.7458,LoR,64,0.05,6,0.09375,1,173.095,2.704609375,369739.160576562,
8,614,1236.969204,AB,64,1.0,64,1.0,2,8226.255,128.535234375,7779.967919788532,
8,615,1245.239311,DT,8,0.1,0,0.0,5,81.307,10.163375,98392.5123298117,
8,616,1245.383211,NB,32,0.5,20,0.625,3,167.416,5.23175,191140.63171978784,
8,617,1245.587096,GB,1,0.0,0,0.0,13,233.018,233.018,4291.513960294913,4.0
8,618,1258.360227,DT,32,0.1,3,0.09375,26,93.514,2.9223125,342194.75158799754,
8,619,1258.494148,RF,8,0.05,0,0.0,5,3023.899,377.987375,2645.5910068424905,
8,620,1261.561551,LoR,1,0.5,1,1.0,11,163.49,163.49,6116.582053948254,
8,621,1261.891534,MLP,64,0.01,0,0.0,10,213.312,3.333,300030.0030003,
8,622,1262.146498,LoR,1,0.5,0,0.0,24,144.782,144.782,6906.935945076045,
8,623,1262.448982,NB,100,0.0,0,0.0,15,141.452,1.41452,706953.595565987,
8,624,1262.629969,NB,1,0.05,0,0.0,27,99.085,99.085,10092.34495635061,
8,625,1262.808683,RF,100,0.05,6,0.06,11,3823.884,38.23884,26151.420911303794,
8,626,1266.676791,MLP,1,0.05,0,0.0,6,178.378,178.378,5606.072497729541,
8,627,1267.035928,LoR,64,0.5,35,0.546875,24,157.14,2.4553125,407280.13236604305,
8,628,1267.256226,RF,8,0.1,1,0.125,13,2989.545,373.693125,2675.9925005310174,
8,629,1270.289409,NB,1,0.05,0,0.0,14,111.423,111.423,8974.807714744711,
8,630,1270.482813,NB,100,0.5,46,0.46,15,141.152,1.4115199999999999,708456.132396282,
8,631,1270.665787,DT,16,0.01,0,0.0,18,90.885,5.6803125,176046.65236287616,
8,632,1270.815345,AB,32,0.1,3,0.09375,5,7946.677,248.33365625,4026.8404013400823,
8,633,1278.825536,MLP,16,0.01,1,0.0625,29,179.824,11.239,88975.88753447816,
8,634,1279.064749,LoR,8,0.5,5,0.625,6,147.333,18.416625,54298.76538182213,
8,635,1279.328902,NB,64,0.05,4,0.0625,22,126.404,1.9750625,506313.09135786846,
8,636,1279.52044,GB,64,0.1,11,0.171875,8,271.095,4.235859375,236079.6030911673,
8,637,1279.835439,SGD,16,0.1,0,0.0,10,159.851,9.9906875,100093.211803492,
8,638,1280.037063,AB,8,0.01,0,0.0,20,7875.556,984.4445,1015.8012970766763,
8,639,1287.971621,AB,100,0.01,0,0.0,27,8363.114,83.63114,11957.268548533477,
8,640,1296.411571,RF,100,0.01,2,0.02,11,3914.7,39.147,25544.741614938564,
8,641,1300.373109,DT,32,1.0,32,1.0,9,104.584,3.26825,305974.14518473187,
8,642,1300.518276,NB,1,0.01,0,0.0,28,105.796,105.796,9452.153200499073,
8,643,1300.693939,SGD,32,0.05,1,0.03125,20,160.747,5.02334375,199070.5891867344,
8,644,1300.894723,MLP,16,0.0,0,0.0,3,178.075,11.1296875,89849.78239505827,
8,645,1301.131923,RF,16,0.5,8,0.5,7,3249.993,203.1245625,4923.087526650057,
8,646,1304.430844,MLP,32,0.01,0,0.0,16,203.703,6.36571875,157091.45177046975,
8,647,1304.679093,SGD,8,1.0,8,1.0,11,152.032,19.004,52620.500947169014,
8,648,1304.899212,LoR,64,0.05,4,0.0625,26,154.935,2.420859375,413076.45141510956,
8,649,1305.098077,MLP,8,0.01,0,0.0,22,165.214,20.65175,48422.04655779777,
8,650,1305.302325,LoR,8,0.0,0,0.0,11,142.441,17.805125,56163.60458014195,
8,651,1305.486958,NB,32,1.0,32,1.0,7,113.998,3.5624375,280706.67906454497,
8,652,1305.639607,RF,1,0.5,0,0.0,12,3312.368,3312.368,301.89882283611,7.0
8,653,1322.057432,SGD,100,0.1,13,0.13,0,198.478,1.98478,503834.1780953053,
8,654,1322.297761,LoR,8,1.0,8,1.0,19,180.699,22.587375,44272.51949374373,
8,655,1322.517492,LoR,8,1.0,8,1.0,20,142.075,17.759375,56308.28787612177,
8,656,1322.697754,RF,8,1.0,8,1.0,14,3270.373,408.796625,2446.204148578771,
8,657,1326.042045,NB,64,0.5,33,0.515625,14,146.112,2.283,438020.14892685064,
8,658,1326.226606,GB,8,0.0,0,0.0,15,259.952,32.494,30774.912291499968,
8,659,1326.531215,NB,32,1.0,32,1.0,22,120.252,3.757875,266107.84020224196,
8,660,1326.69202,SGD,8,0.05,0,0.0,17,156.946,19.61825,50972.946108852724,
8,661,1326.903534,AB,100,0.0,0,0.0,27,8567.166,85.67165999999999,11672.471386687268,
8,662,1335.513739,AB,1,0.01,0,0.0,24,7560.068,7560.068,132.2739425095118,2.0
8,663,1355.817369,AB,1,1.0,1,1.0,3,7638.693,7638.693,130.91244798030237,2.0
8,664,1376.633547,LoR,1,0.5,0,0.0,4,180.384,180.384,5543.728933830052,
8,665,1376.989729,LoR,32,0.01,0,0.0,16,151.39,4.7309375,211374.59541581347,
8,666,1377.201126,SGD,16,0.05,2,0.125,9,150.369,9.3980625,106404.91058662358,
8,667,1377.390691,SGD,1,0.1,0,0.0,16,140.401,140.401,7122.456392760735,
8,668,1377.671824,RF,1,1.0,1,1.0,2,3057.617,3057.617,327.05208010028724,9.74
8,669,1393.329528,RF,64,0.05,3,0.046875,18,3479.278,54.36371875,18394.62095296783,
8,670,1396.852735,GB,1,0.5,0,0.0,25,256.615,256.615,3896.88833466477,4.0
8,671,1409.442529,MLP,16,1.0,16,1.0,0,201.86,12.61625,79262.85544436738,
8,672,1409.684927,AB,8,0.0,0,0.0,3,8017.977,1002.247125,997.75791324919,
8,673,1417.770582,MLP,32,0.05,1,0.03125,9,190.931,5.96659375,167599.81354520743,
8,674,1418.037199,MLP,100,0.01,2,0.02,29,216.05,2.1605000000000003,462855.8204119417,
8,675,1418.296181,MLP,32,0.0,0,0.0,9,175.845,5.49515625,181978.446927692,
8,676,1418.512962,NB,8,0.01,0,0.0,14,112.277,14.034625,71252.34910088441,
8,677,1418.668791,GB,1,0.05,0,0.0,29,207.841,207.841,4811.370230127838,4.0
8,678,1431.810679,MLP,1,0.1,1,1.0,5,190.324,190.324,5254.198104285324,
8,679,1432.205945,DT,100,0.05,6,0.06,19,106.065,1.0606499999999999,942818.0832508368,
8,680,1432.354806,GB,16,0.1,0,0.0,6,241.206,15.075375,66333.34162500103,
8,681,1432.670835,NB,100,0.01,2,0.02,0,150.481,1.50481,664535.7221177424,
8,682,1432.877875,AB,16,0.5,8,0.5,20,7953.756,497.10975,2011.6282169078356,
8,683,1440.877986,SGD,16,0.01,0,0.0,27,163.023,10.1889375,98145.66042828312,
8,684,1441.084055,DT,8,0.01,0,0.0,18,85.216,10.652,93879.0837401427,
8,685,1441.223894,DT,100,1.0,100,1.0,16,114.111,1.14111,876339.7043229837,
8,686,1441.396755,NB,16,0.1,3,0.1875,18,114.449,7.1530625,139800.26037798496,
8,687,1441.586841,NB,100,0.5,51,0.51,0,137.065,1.37065,729580.8557983439,
8,688,1441.776697,MLP,100,1.0,100,1.0,15,236.923,2.36923,422078.05911625293,
8,689,1442.068907,GB,100,1.0,100,1.0,23,289.689,2.8968900000000004,345197.7810686633,
8,690,1442.403236,AB,8,0.01,0,0.0,29,8021.955,1002.744375,997.2631359811917,
8,691,1450.477059,LoR,64,0.0,0,0.0,4,163.613,2.556453125,391166.9610605514,
8,692,1450.682741,DT,16,0.0,0,0.0,7,85.977,5.3735625,186096.28156367398,
8,693,1450.817891,MLP,64,0.01,0,0.0,15,205.85,3.21640625,310905.9995142094,
8,694,1451.074746,DT,64,0.01,0,0.0,28,92.288,1.442,693481.2760055478,
8,695,1451.209419,AB,32,0.0,0,0.0,13,9003.449,281.35778125,3554.1935096205907,
8,696,1460.326435,GB,100,0.05,4,0.04,16,334.552,3.34552,298907.1952940051,
8,697,1460.709789,RF,1,0.01,0,0.0,10,3116.447,3116.447,320.87823088279697,7.02
8,698,1476.815833,NB,1,0.0,0,0.0,21,115.959,115.959,8623.737700394104,
8,699,1476.98138,AB,1,0.01,1,1.0,26,8117.321,8117.321,123.19335406348966,2.0
8,700,1497.92485,SGD,64,0.0,0,0.0,5,193.179,3.018421875,331298.9507141045,
8,701,1498.17953,SGD,100,0.0,0,0.0,28,169.133,1.69133,591250.67254764,
8,702,1498.412339,NB,8,0.05,1,0.125,9,116.776,14.597,68507.22751250258,
8,703,1498.58159,MLP,100,0.0,0,0.0,22,240.672,2.40672,415503.2575455392,
8,704,1498.887035,MLP,32,0.05,4,0.125,24,188.171,5.88034375,170058.08546481657,
8,705,1499.144102,LoR,64,0.05,5,0.078125,11,199.026,3.10978125,321566.02654929506,
8,706,1499.38395,NB,16,0.0,0,0.0,11,112.136,7.0085,142683.88385531853,
8,707,1499.542733,GB,1,0.01,0,0.0,26,248.105,248.105,4030.551580983858,4.0
8,708,1512.314735,AB,8,0.1,1,0.125,10,8664.295,1083.036875,923.3295957720737,
8,709,1521.059207,DT,32,0.5,21,0.65625,11,95.9,2.996875,333680.91762252344,
8,710,1521.198514,DT,32,0.0,0,0.0,24,84.003,2.62509375,380938.7759960954,
8,711,1521.339779,LoR,16,0.5,7,0.4375,13,168.674,10.542125,94857.53583836276,
8,712,1521.565763,MLP,8,0.1,1,0.125,10,187.14,23.3925,42748.744255637495,
8,713,1521.792174,AB,8,1.0,8,1.0,4,7980.44,997.555,1002.4509926770955,
8,714,1529.837279,GB,16,0.05,1,0.0625,12,251.764,15.73525,63551.58005115902,
8,715,1530.134912,LoR,32,1.0,32,1.0,15,164.384,5.137,194666.14755693986,
8,716,1530.340814,RF,1,0.01,0,0.0,15,3071.469,3071.469,325.57710984548436,7.71
8,717,1546.39755,GB,100,0.01,1,0.01,10,304.738,3.04738,328150.7393236157,
8,718,1546.76465,LoR,16,0.1,2,0.125,1,164.499,10.2811875,97265.02896674145,
8,719,1546.984549,RF,100,1.0,100,1.0,1,5338.696,53.38696,18731.165812775256,
8,720,1552.371242,NB,16,1.0,16,1.0,4,132.296,8.2685,120940.92036040395,
8,721,1552.542543,GB,1,1.0,1,1.0,21,228.91,228.91,4368.52911624656,4.0
8,722,1565.315446,MLP,16,0.5,7,0.4375,9,205.432,12.8395,77884.65282916001,
8,723,1565.597887,LoR,100,0.5,55,0.55,24,170.271,1.70271,587299.0703055718,
8,724,1565.81661,LoR,64,1.0,64,1.0,7,155.005,2.421953125,412889.90677720075,
8,725,1566.011176,AB,8,1.0,8,1.0,26,8224.783,1028.097875,972.6700388326356,
8,726,1574.287035,LoR,32,1.0,32,1.0,19,163.293,5.10290625,195966.75913848114,
8,727,1574.50018,LoR,1,0.05,0,0.0,0,157.61,157.61,6344.775077723494,
8,728,1574.82092,DT,8,0.1,0,0.0,22,85.993,10.749125,93030.82809065854,
8,729,1574.96947,NB,32,0.1,2,0.0625,28,121.168,3.7865,264096.13099168096,
8,730,1575.161914,LoR,100,0.05,4,0.04,14,201.779,2.0177899999999998,495591.71172421315,
8,731,1575.430381,GB,64,0.5,31,0.484375,21,284.2,4.440625,225193.52568613653,
8,732,1575.755064,SGD,1,1.0,1,1.0,2,159.988,159.988,6250.468785158887,
8,733,1576.091684,LoR,32,0.1,1,0.03125,23,156.189,4.88090625,204879.9851462011,
8,734,1576.290688,LoR,16,0.01,0,0.0,7,146.606,9.162875,109136.05173048853,
8,735,1576.477237,NB,1,0.05,0,0.0,28,102.479,102.479,9758.096780803871,
8,736,1576.636352,DT,64,0.0,0,0.0,6,96.633,1.509890625,662299.6284913021,
8,737,1576.791448,GB,16,0.5,11,0.6875,19,232.023,14.5014375,68958.68082043591,
8,738,1577.097502,NB,100,0.05,7,0.07,9,144.801,1.4480099999999998,690602.9654491337,
8,739,1577.307842,LoR,64,0.5,30,0.46875,17,163.719,2.558109375,390913.6996927663,
8,740,1577.519122,SGD,64,1.0,64,1.0,1,158.326,2.47384375,404229.2485125627,
8,741,1577.743579,DT,64,0.5,24,0.375,13,102.847,1.606984375,622283.5862980933,
8,742,1577.911144,GB,64,0.05,2,0.03125,29,248.522,3.88315625,257522.47285954564,
8,743,1578.21557,RF,100,0.0,0,0.0,11,4295.499,42.954989999999995,23280.182349012306,
8,744,1582.610864,MLP,16,0.1,3,0.1875,23,257.871,16.1169375,62046.52713953877,
8,745,1582.912641,RF,1,0.5,0,0.0,24,3061.983,3061.983,326.58574525070844,6.83
8,746,1599.277031,LoR,1,0.0,0,0.0,16,178.615,178.615,5598.6339333202695,
8,747,1599.640495,MLP,64,0.0,0,0.0,4,227.429,3.553578125,281406.50488723954,
8,748,1599.948188,SGD,100,0.01,3,0.03,12,171.109,1.71109,584422.7948266894,
8,749,1600.193062,MLP,100,0.1,7,0.07,14,220.045,2.20045,454452.4983526097,
8,750,1600.451539,AB,1,0.0,0,0.0,3,7799.857,7799.857,128.2074786755706,2.0
8,751,1621.018193,LoR,64,0.1,8,0.125,23,170.656,2.6665,375023.4389649353,
8,752,1621.253354,NB,32,0.5,21,0.65625,7,127.266,3.9770625,251441.86192698756,
8,753,1621.421339,DT,8,0.05,0,0.0,22,91.126,11.39075,87790.53179114632,
8,754,1621.565974,RF,100,0.0,0,0.0,10,3678.053,36.78053,27188.29772164784,
8,755,1625.289182,GB,1,0.5,1,1.0,14,259.348,259.348,3855.8230639912395,4.0
8,756,1638.10255,AB,64,0.5,29,0.453125,1,8390.966,131.10884375,7627.250545408002,
8,757,1646.556406,RF,8,0.1,1,0.125,7,3178.263,397.282875,2517.0981759533433,
8,758,1649.79361,RF,100,0.0,0,0.0,9,3829.768,38.29768,26111.242247572176,
8,759,1653.69702,GB,64,0.5,28,0.4375,11,294.325,4.598828125,217446.7000764461,
8,760,1654.035491,GB,1,0.01,0,0.0,21,214.825,214.825,4654.951704876062,4.0
8,761,1667.155003,AB,32,1.0,32,1.0,20,8148.313,254.63478125,3927.1932730124627,
8,762,1675.345769,LoR,1,1.0,1,1.0,27,164.663,164.663,6073.009722888566,
8,763,1675.669584,GB,16,1.0,16,1.0,22,234.257,14.6410625,68301.05397063908,
8,764,1675.966541,AB,100,0.01,0,0.0,21,8586.557,85.86557,11646.111474016883,
8,765,1684.59411,AB,1,1.0,1,1.0,17,7721.01,7721.01,129.51673420964354,2.0
8,766,1705.097379,NB,8,0.01,0,0.0,5,122.076,15.2595,65532.94668894787,
8,767,1705.27366,SGD,64,0.0,0,0.0,15,174.753,2.730515625,366231.194886497,
8,768,1705.493404,AB,16,0.05,0,0.0,27,8033.131,502.0706875,1991.7514105023308,
8,769,1713.599833,RF,64,0.5,29,0.453125,21,4283.356,66.9274375,14941.555173093248,
8,770,1717.949678,NB,8,0.1,1,0.125,17,122.36,15.295,65380.84341288003,
8,771,1718.130009,RF,8,0.5,1,0.125,5,3088.931,386.116375,2589.8927493038855,
8,772,1721.264372,RF,16,1.0,16,1.0,26,3514.367,219.6479375,4552.74022320378,
8,773,1724.843274,NB,8,0.1,2,0.25,24,122.023,15.252875,65561.41055374806,
8,774,1725.011166,LoR,32,0.01,0,0.0,17,169.888,5.309,188359.38971557733,
8,775,1725.222156,LoR,1,0.5,0,0.0,28,146.716,146.716,6815.88920090515,
8,776,1725.524217,MLP,8,1.0,8,1.0,18,212.891,26.611375,37577.915459084696,
8,777,1725.777242,RF,1,0.0,0,0.0,10,2937.633,2937.633,340.41011930353454,6.98
8,778,1741.914215,AB,16,0.01,0,0.0,12,8085.851,505.3656875,1978.7651293599154,
8,779,1750.048729,DT,8,0.01,0,0.0,14,81.81,10.22625,97787.55653343112,
8,780,1750.174728,RF,32,0.0,0,0.0,2,3333.868,104.183375,9598.460406950726,
8,781,1753.55458,LoR,8,0.01,0,0.0,14,181.25,22.65625,44137.93103448276,
8,782,1753.806727,MLP,64,0.1,7,0.109375,25,225.565,3.524453125,283731.9619621839,
8,783,1754.09421,LoR,16,0.05,1,0.0625,7,152.033,9.5020625,105240.30966961122,
8,784,1754.308038,GB,32,0.05,1,0.03125,8,272.575,8.51796875,117398.88104191507,
8,785,1754.641012,DT,8,0.5,6,0.75,0,96.581,12.072625,82832.0270032408,
8,786,1754.776394,LoR,1,0.1,0,0.0,13,151.909,151.909,6582.888439789611,
8,787,1755.091057,AB,1,0.1,0,0.0,6,7756.797,7756.797,128.91919177464618,2.0
8,788,1775.506314,LoR,1,0.01,0,0.0,2,155.749,155.749,6420.586970060803,
8,789,1775.815538,AB,16,1.0,16,1.0,13,8025.487,501.5929375,1993.6484851324287,
8,790,1783.908419,DT,32,0.1,3,0.09375,29,87.782,2.7431875,364539.427217425,
8,791,1784.035836,GB,1,0.05,0,0.0,15,218.807,218.807,4570.237698062677,4.0
8,792,1797.046624,DT,1,0.0,0,0.0,15,103.66,103.66,9646.922631680494,7.0
8,793,1797.341785,AB,1,0.1,1,1.0,28,7848.715,7848.715,127.40939121881735,2.0
8,794,1817.862209,RF,1,0.0,0,0.0,19,3094.755,3094.755,323.1273558003784,13.81
8,795,1833.774573,LoR,32,0.1,4,0.125,4,181.557,5.67365625,176253.187704137,
8,796,1834.000273,MLP,32,1.0,32,1.0,27,204.092,6.377875,156792.03496462377,
8,797,1834.247478,DT,1,1.0,1,1.0,13,88.407,88.407,11311.321501691044,23.0
8,798,1834.525811,RF,32,0.0,0,0.0,1,3245.558,101.4236875,9859.629684633583,
8,799,1837.813327,RF,1,1.0,1,1.0,26,2940.099,2940.099,340.1246012464206,16.01
8,800,1853.646522,SGD,64,0.05,3,0.046875,22,177.913,2.779890625,359726.3831198395,
8,801,1853.886815,GB,32,0.05,2,0.0625,3,271.874,8.4960625,117701.58235064772,
8,802,1854.200248,LoR,16,0.0,0,0.0,16,158.578,9.911125,100896.71959540415,
8,803,1854.4078,SGD,64,1.0,64,1.0,16,160.195,2.503046875,399513.0934173976,
8,804,1854.626125,SGD,8,0.1,2,0.25,13,148.645,18.580625,53819.50284234249,
8,805,1854.83538,MLP,32,0.1,2,0.0625,18,190.627,5.95709375,167867.09123051824,
8,806,1855.084103,GB,100,1.0,100,1.0,3,335.928,3.35928,297682.83679836156,
8,807,1855.460493,LoR,1,0.0,0,0.0,9,156.485,156.485,6390.388855161836,
8,808,1855.813319,GB,100,0.01,1,0.01,29,266.147,2.66147,375732.20814061404,
8,809,1856.123601,LoR,8,0.01,0,0.0,4,157.921,19.740125,50658.240512661396,
8,810,1856.349916,SGD,64,0.01,2,0.03125,23,161.795,2.528046875,395562.28560833156,
8,811,1856.55218,NB,1,0.1,1,1.0,0,108.263,108.263,9236.766023479859,
8,812,1856.70591,SGD,1,1.0,1,1.0,28,147.712,147.712,6769.930675909879,
8,813,1857.022268,SGD,8,0.01,1,0.125,1,149.866,18.73325,53381.02037820452,
8,814,1857.220672,RF,64,1.0,64,1.0,9,4638.702,72.47971875,13796.963029744096,
8,815,1861.905571,MLP,16,1.0,16,1.0,8,199.924,12.49525,80030.41155639142,
8,816,1862.169534,MLP,16,0.1,1,0.0625,11,180.416,11.276,88683.9304717985,
8,817,1862.412278,NB,16,0.01,1,0.0625,21,117.253,7.3283125,136457.0629322917,
8,818,1862.58274,LoR,100,0.0,0,0.0,19,167.199,1.67199,598089.70149343,
8,819,1862.791931,RF,8,0.01,0,0.0,15,3026.169,378.271125,2643.6064872781394,
8,820,1865.863173,GB,16,1.0,16,1.0,7,242.898,15.181125,65871.27106851435,
8,821,1866.149204,DT,1,0.1,0,0.0,21,89.24,89.24,11205.73733751681,7.0
8,822,1866.435347,MLP,16,0.05,0,0.0,20,186.823,11.6764375,85642.5600702269,
8,823,1866.666722,NB,16,0.01,0,0.0,24,114.697,7.1685625,139497.98163857817,
8,824,1866.827465,NB,32,0.0,0,0.0,26,115.576,3.61175,276874.0915068873,
8,825,1867.001271,SGD,16,0.05,1,0.0625,3,158.505,9.9065625,100943.18791205325,
8,826,1867.223383,MLP,16,0.5,9,0.5625,15,178.945,11.1840625,89412.94811254855,
8,827,1867.447445,GB,8,0.01,0,0.0,11,219.88,27.485,36383.48189921775,
8,828,1867.711093,GB,8,0.1,0,0.0,21,212.263,26.532875,37689.09324752783,
8,829,1867.982101,SGD,8,0.1,2,0.25,14,157.458,19.68225,50807.19938015217,
8,830,1868.188726,RF,64,0.0,0,0.0,7,3481.801,54.403140625,18381.291751021956,
8,831,1871.723119,NB,1,0.05,0,0.0,18,125.723,125.723,7953.994098136379,
8,832,1871.93624,LoR,100,0.1,10,0.1,25,182.249,1.82249,548699.855691938,
8,833,1872.157498,MLP,1,1.0,1,1.0,15,174.153,174.153,5742.077368750467,
8,834,1872.489806,MLP,16,1.0,16,1.0,4,178.158,11.134875,89807.92330403351,
8,835,1872.715055,LoR,32,0.01,0,0.0,24,148.673,4.64603125,215237.46746214846,
8,836,1872.903727,GB,8,1.0,8,1.0,23,240.724,30.0905,33233.080208039086,
8,837,1873.214045,NB,64,0.05,6,0.09375,11,135.938,2.12403125,470802.8660124469,
8,838,1873.389901,MLP,8,0.1,0,0.0,7,177.603,22.200375,45044.284161866635,
8,839,1873.616474,MLP,64,0.0,0,0.0,8,199.272,3.113625,321169.05536151596,
8,840,1873.892135,DT,100,0.1,9,0.09,1,106.235,1.06235,941309.3613215983,
8,841,1874.06545,RF,64,0.1,7,0.109375,29,3705.067,57.891671875,17273.641745210007,
8,842,1877.857165,AB,64,0.1,6,0.09375,24,8386.104,131.032875,7631.672585982717,
8,843,1886.290994,SGD,16,0.01,0,0.0,5,170.792,10.6745,93681.2028666448,
8,844,1886.506568,DT,8,0.01,0,0.0,17,86.193,10.774125,92814.96177183762,
8,845,1886.633991,MLP,8,0.01,0,0.0,23,184.8,23.1,43290.043290043286,
8,846,1886.859295,LoR,8,0.0,0,0.0,14,148.37,18.54625,53919.25591426838,
8,847,1887.052069,DT,1,0.5,0,0.0,10,84.569,84.569,11824.663883929099,7.0
8,848,1887.399965,DT,16,0.5,8,0.5,12,93.551,5.8469375,171029.7057220126,
8,849,1887.549263,GB,100,0.0,0,0.0,17,300.621,3.00621,332644.7586828598,
8,850,1887.893407,GB,8,0.01,0,0.0,0,216.361,27.045125,36975.24045461058,
8,851,1888.152154,LoR,8,0.01,0,0.0,13,160.303,20.037875,49905.49147551824,
8,852,1888.353698,LoR,1,0.5,1,1.0,9,145.277,145.277,6883.402052630493,
8,853,1888.665072,NB,16,0.05,0,0.0,15,118.518,7.407375,135000.590627584,
8,854,1888.841438,MLP,8,0.1,2,0.25,1,177.557,22.194625,45055.953862703245,
8,855,1889.086494,SGD,64,0.1,7,0.109375,2,159.696,2.49525,400761.44674882275,
8,856,1889.300906,SGD,100,1.0,100,1.0,19,161.418,1.6141800000000002,619509.5962036452,
8,857,1889.539418,NB,100,0.05,3,0.03,18,142.578,1.42578,701370.4779138436,
8,858,1889.738605,AB,8,0.05,1,0.125,25,8000.031,1000.003875,999.9961250150155,
8,859,1897.80122,GB,8,0.1,2,0.25,13,248.145,31.018125,32239.214975115356,
8,860,1898.094051,DT,32,0.0,0,0.0,4,90.031,2.81346875,355433.12858904153,
8,861,1898.258048,RF,100,0.5,54,0.54,19,4762.274,47.62274,20998.371786251693,
8,862,1903.087183,DT,16,0.5,9,0.5625,26,101.231,6.3269375,158054.35093992949,
8,863,1903.273048,MLP,16,0.5,6,0.375,12,207.792,12.987,77000.077000077,
8,864,1903.524001,MLP,8,0.0,0,0.0,27,173.91,21.73875,46000.805014087746,
8,865,1903.738708,LoR,1,0.01,0,0.0,11,147.471,147.471,6780.9942293739105,
8,866,1904.062181,LoR,16,0.5,6,0.375,7,147.946,9.246625,108147.56735565679,
8,867,1904.28217,GB,100,0.05,4,0.04,26,273.734,2.7373399999999997,365318.15558169613,
8,868,1904.62547,GB,64,0.5,36,0.5625,7,266.686,4.16696875,239982.60126140856,
8,869,1904.93409,LoR,1,0.01,0,0.0,25,156.03,156.03,6409.023905659168,
8,870,1905.242124,SGD,8,0.01,0,0.0,8,150.362,18.79525,53204.93209720541,
8,871,1905.432897,DT,1,0.01,0,0.0,28,86.353,86.353,11580.373582851784,7.0
8,872,1905.72006,MLP,16,0.1,0,0.0,5,182.524,11.40775,87659.7050250926,
8,873,1905.963341,MLP,16,0.5,7,0.4375,14,174.444,10.90275,91719.97890440485,
8,874,1906.180515,RF,16,0.01,0,0.0,26,3539.634,221.227125,4520.241358287326,
8,875,1909.79261,AB,16,1.0,16,1.0,5,8091.335,505.7084375,1977.4239973996873,
8,876,1917.946349,MLP,64,0.01,0,0.0,9,239.249,3.738265625,267503.73042311566,
8,877,1918.271269,MLP,100,0.05,3,0.03,24,222.717,2.22717,449000.30083020154,
8,878,1918.549269,SGD,100,1.0,100,1.0,27,166.148,1.66148,601873.0288658305,
8,879,1918.770574,SGD,100,0.0,0,0.0,16,160.695,1.6069499999999999,622296.8978499642,
8,880,1918.986116,AB,100,1.0,100,1.0,4,8543.4,85.434,11704.941826439122,
8,881,1927.575748,RF,16,0.01,0,0.0,18,3524.454,220.278375,4539.710264341654,
8,882,1931.176777,AB,64,0.01,0,0.0,26,8514.794,133.04365625,7516.329813733603,
8,883,1939.770562,NB,16,0.05,1,0.0625,14,126.863,7.9289375,126120.30300402797,
8,884,1939.951679,GB,64,1.0,64,1.0,18,305.576,4.774625,209440.5319789512,
8,885,1940.308668,NB,64,0.0,0,0.0,5,135.112,2.111125,473681.0942033276,
8,886,1940.510662,GB,64,0.01,2,0.03125,9,262.761,4.105640625,243567.34827466783,
8,887,1940.812537,LoR,1,1.0,1,1.0,4,176.468,176.468,5666.749778996759,
8,888,1941.174836,SGD,32,0.05,4,0.125,23,160.76,5.02375,199054.49116695696,
8,889,1941.41184,AB,100,0.1,7,0.07,28,8598.216,85.98216000000001,11630.31959187813,
8,890,1950.055704,NB,8,0.01,0,0.0,16,110.911,13.863875,72129.90596063511,
8,891,1950.208055,AB,16,1.0,16,1.0,23,8417.978,526.123625,1900.6939671260725,
8,892,1958.722994,DT,100,0.01,1,0.01,4,99.043,0.99043,1009662.4698363337,
8,893,1958.890488,GB,64,0.1,10,0.15625,14,293.945,4.592890625,217727.80622225246,
8,894,1959.286834,NB,32,0.01,1,0.03125,22,133.404,4.168875,239872.86738028846,
8,895,1959.456865,RF,1,0.0,0,0.0,23,3466.766,3466.766,288.4532731658266,6.99
8,896,1976.002169,SGD,16,0.01,0,0.0,11,185.086,11.567875,86446.30063862204,
8,897,1976.250319,DT,16,0.5,5,0.3125,1,95.522,5.970125,167500.6804715144,
8,898,1976.413381,RF,64,0.5,38,0.59375,1,4386.684,68.5419375,14589.608004588432,
8,899,1980.883098,DT,100,0.1,9,0.09,20,109.962,1.09962,909405.0672050344,
8,900,1981.033646,RF,1,0.05,0,0.0,4,2999.301,2999.301,333.4110181005508,19.92
8,901,1997.007668,MLP,32,0.0,0,0.0,1,225.05,7.0328125,142190.62430570985,
8,902,1997.289951,SGD,100,0.0,0,0.0,2,173.946,1.73946,574891.0581444816,
8,903,1997.507041,LoR,8,0.1,0,0.0,15,152.101,19.012625,52596.62987094102,
8,904,1997.714837,NB,100,1.0,100,1.0,10,145.297,1.4529699999999999,688245.4558593777,
8,905,1997.899049,DT,8,1.0,8,1.0,21,93.044,11.6305,85980.82627574052,
8,906,1998.051883,SGD,16,0.05,1,0.0625,12,157.124,9.82025,101830.40146635778,
8,907,1998.253352,LoR,1,1.0,1,1.0,8,146.023,146.023,6848.236236757223,
8,908,1998.567524,GB,100,1.0,100,1.0,26,315.665,3.1566500000000004,316791.53533017595,
8,909,1998.948708,DT,32,0.5,15,0.46875,19,101.887,3.18396875,314073.43429485604,
8,910,1999.10654,NB,8,0.1,2,0.25,16,119.862,14.98275,66743.42160150841,
8,911,1999.31986,AB,32,0.1,4,0.125,29,8155.262,254.8519375,3923.846959178013,
8,912,2007.518643,NB,1,0.05,0,0.0,9,102.582,102.582,9748.298921838139,
8,913,2007.6992,MLP,64,0.5,22,0.34375,28,214.85,3.35703125,297882.2434256458,
8,914,2007.969567,GB,100,0.0,0,0.0,8,283.346,2.83346,352925.3986292377,
8,915,2008.298825,GB,32,1.0,32,1.0,17,233.304,7.29075,137160.1001268731,
8,916,2008.575324,RF,8,0.01,0,0.0,6,3508.014,438.50175,2280.492609208515,
8,917,2012.18664,AB,16,0.05,1,0.0625,10,8290.74,518.17125,1929.863920470308,
8,918,2020.567709,LoR,100,0.01,1,0.01,5,190.61,1.9061000000000001,524631.4464088978,
8,919,2020.800753,MLP,1,0.01,0,0.0,15,178.37,178.37,5606.323933396871,
8,920,2021.137015,RF,1,1.0,1,1.0,1,3089.956,3089.956,323.6292037815425,20.45
8,921,2037.310992,NB,1,0.01,0,0.0,25,113.95,113.95,8775.77885037297,
8,922,2037.493026,SGD,8,0.5,4,0.5,22,162.617,20.327125,49195.34857979178,
8,923,2037.695852,MLP,8,0.0,0,0.0,7,180.191,22.523875,44397.3339400969,
8,924,2037.936606,MLP,16,0.5,9,0.5625,20,176.075,11.0046875,90870.36774101947,
8,925,2038.175216,DT,32,0.05,6,0.1875,4,96.641,3.02003125,331122.4014652166,
8,926,2038.320128,LoR,64,0.0,0,0.0,27,161.129,2.517640625,397197.27671617153,
8,927,2038.523276,RF,1,1.0,1,1.0,29,3061.292,3061.292,326.65946273664844,20.6
8,928,2054.527066,RF,64,1.0,64,1.0,3,5145.724,80.4019375,12437.511222910518,
8,929,2059.763982,AB,100,0.0,0,0.0,25,8675.02,86.7502,11527.350945588598,
8,930,2068.508092,GB,16,0.5,4,0.25,24,264.969,16.5605625,60384.422328649765,
8,931,2068.815887,LoR,16,0.0,0,0.0,12,173.354,10.834625,92296.68770262007,
8,932,2069.030939,GB,1,0.05,0,0.0,24,209.728,209.728,4768.080561489167,4.0
8,933,2081.759877,NB,100,0.1,16,0.16,14,155.833,1.55833,641712.6025938024,
8,934,2081.954154,AB,8,1.0,8,1.0,1,7998.176,999.772,1000.228051995855,
8,935,2089.996855,GB,8,0.1,0,0.0,14,208.539,26.067375,38362.12890634366,
8,936,2090.281745,GB,100,0.5,46,0.46,9,288.958,2.8895800000000005,346071.05530907604,
8,937,2090.633578,NB,16,0.1,1,0.0625,4,120.449,7.5280625,132836.30416192746,
8,938,2090.791042,RF,1,1.0,1,1.0,20,3128.31,3128.31,319.6614146296243,22.66
8,939,2106.826737,RF,1,0.1,0,0.0,19,2982.527,2982.527,335.28615164255007,8.96
8,940,2122.672053,SGD,32,0.05,1,0.03125,25,178.227,5.56959375,179546.30892064614,
8,941,2122.893931,LoR,16,0.05,0,0.0,14,154.598,9.662375,103494.22372863814,
8,942,2123.103219,NB,100,0.0,0,0.0,20,168.612,1.6861199999999998,593077.5982729581,
8,943,2123.357389,GB,100,0.1,10,0.1,22,279.146,2.7914600000000003,358235.47534265224,
8,944,2123.700574,LoR,32,0.1,3,0.09375,28,164.773,5.14915625,194206.57510635845,
8,945,2123.909501,GB,32,0.0,0,0.0,14,226.592,7.081,141222.99110295155,
8,946,2124.192759,NB,100,1.0,100,1.0,19,145.46,1.4546000000000001,687474.2197167606,
8,947,2124.385042,NB,16,0.1,0,0.0,13,110.899,6.9311875,144275.42178017835,
8,948,2124.552678,NB,16,0.5,9,0.5625,21,109.599,6.8499375,145986.73345559722,
8,949,2124.701662,GB,32,1.0,32,1.0,27,235.231,7.35096875,136036.49178892237,
8,950,2124.981216,SGD,32,0.0,0,0.0,25,168.637,5.26990625,189756.6963359168,
8,951,2125.193332,DT,16,0.01,0,0.0,26,89.652,5.60325,178467.8534778923,
8,952,2125.321066,DT,8,1.0,8,1.0,7,87.483,10.935375,91446.33814569688,
8,953,2125.454743,SGD,64,0.0,0,0.0,20,161.801,2.528140625,395547.61713462835,
8,954,2125.657417,AB,1,0.01,0,0.0,0,7770.891,7770.891,128.68537211498656,2.0
8,955,2146.111036,SGD,16,0.01,0,0.0,0,161.364,10.08525,99154.7061302397,
8,956,2146.314562,NB,1,0.5,1,1.0,21,104.526,104.526,9566.99768478656,
8,957,2146.470856,LoR,1,0.05,0,0.0,2,178.055,178.055,5616.242172362472,
8,958,2146.80445,NB,8,1.0,8,1.0,4,109.635,13.704375,72969.39845852145,
8,959,2146.988353,MLP,100,0.05,6,0.06,11,266.161,2.66161,375712.4447233066,
8,960,2147.312918,GB,32,0.0,0,0.0,22,230.032,7.1885,139111.08019753773,
8,961,2147.60339,RF,8,0.5,5,0.625,21,3185.864,398.233,2511.0927522329894,
8,962,2150.852614,RF,8,0.5,2,0.25,20,3155.453,394.431625,2535.293664649735,
8,963,2154.066655,NB,100,0.0,0,0.0,19,152.978,1.5297800000000001,653688.7657048726,
8,964,2154.279082,MLP,16,0.05,2,0.125,1,194.865,12.1790625,82108.12613860877,
8,965,2154.537066,RF,32,0.01,1,0.03125,1,3290.274,102.8210625,9725.633792200893,
8,966,2157.896428,RF,32,0.05,1,0.03125,21,3548.974,110.9054375,9016.690457580135,
8,967,2161.517204,RF,32,0.5,18,0.5625,24,3728.39,116.5121875,8582.793109089982,
8,968,2165.296106,RF,32,0.01,0,0.0,14,3157.191,98.66221875,10135.592050021682,
8,969,2168.52764,SGD,64,0.1,2,0.03125,13,182.817,2.856515625,350076.85280909325,
8,970,2168.750113,AB,1,1.0,1,1.0,22,7750.744,7750.744,129.0198721567891,2.0
8,971,2189.19175,LoR,100,1.0,100,1.0,10,175.639,1.7563900000000001,569349.6319154629,
8,972,2189.407137,AB,1,0.0,0,0.0,2,8265.366,8265.366,120.98677783899709,2.0
8,973,2210.664193,AB,32,1.0,32,1.0,10,8144.379,254.51184375,3929.0902351179875,
8,974,2218.895908,LoR,100,0.5,52,0.52,19,186.499,1.86499,536195.9045356811,
8,975,2219.14347,AB,16,0.5,8,0.5,6,8013.145,500.8215625,1996.7191408616716,
8,976,2227.229576,GB,32,0.05,2,0.0625,26,308.245,9.63265625,103813.52495579814,
8,977,2227.583585,AB,16,0.01,0,0.0,25,8060.618,503.788625,1984.9594658871067,
8,978,2235.722665,DT,100,0.5,53,0.53,15,109.042,1.09042,917077.8232240787,
8,979,2235.906333,DT,100,0.1,9,0.09,16,95.581,0.95581,1046233.0379468723,
8,980,2236.055192,RF,100,0.0,0,0.0,7,3824.244,38.24244,26148.959114533485,
8,981,2239.943221,RF,8,0.5,3,0.375,15,3149.31,393.66375,2540.238972981383,
8,982,2243.172532,AB,100,0.1,7,0.07,11,8646.089,86.46089,11565.92304335521,
8,983,2251.897491,MLP,100,0.5,53,0.53,10,251.889,2.5188900000000003,397000.2659901782,
8,984,2252.226474,DT,100,0.01,1,0.01,12,97.304,0.97304,1027706.9801858094,
8,985,2252.38387,SGD,32,0.05,4,0.125,0,161.841,5.05753125,197724.92755235077,
8,986,2252.586869,SGD,16,1.0,16,1.0,1,149.776,9.361,106826.19378271552,
8,987,2252.808049,NB,64,0.1,3,0.046875,19,136.017,2.125265625,470529.41911672807,
8,988,2253.003947,LoR,32,0.5,20,0.625,1,156.325,4.88515625,204701.74316328164,
8,989,2253.213466,LoR,100,1.0,100,1.0,14,159.174,1.5917400000000002,628243.3060675738,
8,990,2253.41441,RF,8,0.01,0,0.0,7,3076.828,384.6035,2600.0803424825826,
8,991,2256.541538,GB,32,0.01,0,0.0,19,274.062,8.5644375,116761.90059183688,
8,992,2256.858361,RF,1,0.01,0,0.0,21,2995.796,2995.796,333.80109994138456,8.81
8,993,2272.649677,NB,1,0.05,0,0.0,23,110.163,110.163,9077.457948676052,
8,994,2272.836494,LoR,64,0.1,6,0.09375,27,165.91,2.59234375,385751.3109517208,
8,995,2273.042828,GB,8,1.0,8,1.0,25,230.962,28.87025,34637.73261402309,
8,996,2273.315102,SGD,1,0.1,0,0.0,28,153.408,153.408,6518.5648727576145,
8,997,2273.630037,NB,1,0.1,0,0.0,11,104.079,104.079,9608.08616531673,
8,998,2273.781517,MLP,1,0.01,0,0.0,27,168.046,168.046,5950.751579924545,
8,999,2274.094381,SGD,1,1.0,1,1.0,7,144.376,144.376,6926.358951626309,
8,1000,2274.410165,RF,32,0.05,2,0.0625,6,3316.706,103.6470625,9648.126786034094,
8,1001,2277.807105,LoR,100,0.1,9,0.09,17,179.847,1.79847,556028.1795081374,
8,1002,2278.046858,RF,16,0.5,7,0.4375,16,3344.951,209.0594375,4783.328664605251,
8,1003,2281.471799,AB,100,0.5,49,0.49,8,8598.329,85.98329,11630.166745189676,
8,1004,2290.121865,DT,64,1.0,64,1.0,29,104.152,1.627375,614486.519701974,
8,1005,2290.286394,MLP,8,0.05,1,0.125,13,183.703,22.962875,43548.55391583153,
8,1006,2290.509683,RF,1,0.0,0,0.0,24,3001.699,3001.699,333.1446624061906,9.01
8,1007,2306.286008,AB,16,1.0,16,1.0,20,8385.278,524.079875,1908.1060878363246,
8,1008,2314.761867,LoR,100,0.01,0,0.0,6,197.969,1.97969,505129.5909965702,
8,1009,2315.009517,NB,32,0.0,0,0.0,25,129.151,4.03596875,247771.9878282011,
8,1010,2315.178674,NB,8,1.0,8,1.0,17,117.143,14.642875,68292.59964317117,
8,1011,2315.337927,AB,32,0.0,0,0.0,15,8219.095,256.84671875,3893.3726888422634,
8,1012,2323.609346,AB,64,0.0,0,0.0,13,8269.325,129.208203125,7739.4466900260895,
8,1013,2331.92524,AB,32,1.0,32,1.0,12,8027.202,250.8500625,3986.445090082447,
8,1014,2340.031193,AB,100,0.1,9,0.09,4,8442.476,84.42476,11844.866363848709,
8,1015,2348.516649,MLP,1,0.1,0,0.0,24,178.227,178.227,5610.822153770192,
8,1016,2348.851898,MLP,16,0.0,0,0.0,23,174.653,10.9158125,91610.22141045387,
8,1017,2349.067632,GB,1,0.1,0,0.0,1,241.66,241.66,4138.045187453447,4.0
8,1018,2361.700426,NB,100,0.01,0,0.0,1,146.051,1.46051,684692.3334999419,
8,1019,2361.889045,DT,16,0.01,0,0.0,0,90.539,5.6586875,176719.42477827234,
8,1020,2362.020968,SGD,32,0.0,0,0.0,9,161.164,5.036375,198555.5086743938,
8,1021,2362.219316,AB,1,0.0,0,0.0,22,8021.826,8021.826,124.6598966370001,2.0
8,1022,2383.322543,GB,8,0.5,4,0.5,28,266.229,33.278625,30049.318443896045,
8,1023,2383.635376,AB,32,0.0,0,0.0,25,8079.659,252.48934375,3960.5631871345067,
8,1024,2391.757112,MLP,8,1.0,8,1.0,20,198.679,24.834875,40265.95664363119,
8,1025,2391.999547,SGD,8,0.01,0,0.0,17,151.778,18.97225,52708.561188050975,
8,1026,2392.207611,SGD,100,1.0,100,1.0,11,157.689,1.57689,634159.6433486167,
8,1027,2392.429777,GB,32,0.0,0,0.0,6,289.024,9.032,110717.44906997343,
8,1028,2392.762587,MLP,32,0.0,0,0.0,3,195.808,6.119,163425.39630658604,
8,1029,2393.019795,AB,16,0.1,1,0.0625,6,7906.205,494.1378125,2023.7269334655502,
8,1030,2400.991574,DT,32,0.5,17,0.53125,5,89.363,2.79259375,358090.0372637445,
8,1031,2401.139716,RF,16,0.5,8,0.5,20,3412.714,213.294625,4688.350679254107,
8,1032,2404.595738,SGD,8,1.0,8,1.0,17,165.034,20.62925,48474.859725874674,
8,1033,2404.830035,DT,64,0.01,1,0.015625,18,96.743,1.511609375,661546.5718449914,
8,1034,2404.968633,NB,32,0.0,0,0.0,16,125.288,3.91525,255411.53183066216,
8,1035,2405.140824,NB,64,1.0,64,1.0,8,124.605,1.946953125,513623.04883431643,
8,1036,2405.317143,GB,100,0.0,0,0.0,13,275.769,2.75769,362622.3397118603,
8,1037,2405.663133,GB,16,0.0,0,0.0,23,216.328,13.5205,73961.76176916534,
8,1038,2405.920981,SGD,1,0.01,0,0.0,19,153.427,153.427,6517.757630664746,
8,1039,2406.252148,MLP,8,0.05,2,0.25,17,174.289,21.786125,45900.77400180161,
8,1040,2406.472957,MLP,32,1.0,32,1.0,10,208.069,6.50215625,153795.13526762757,
8,1041,2406.721307,GB,1,0.05,0,0.0,7,198.284,198.284,5043.2712674749355,4.0
8,1042,2419.510393,MLP,64,0.05,1,0.015625,3,213.264,3.33225,300097.5316978018,
8,1043,2419.763966,SGD,8,0.0,0,0.0,12,151.468,18.9335,52816.436475031034,
8,1044,2419.982889,RF,64,0.01,1,0.015625,19,3607.343,56.364734375,17741.589862677323,
8,1045,2423.634176,NB,8,1.0,8,1.0,26,181.053,22.631625,44185.956598344135,
8,1046,2423.878162,MLP,16,0.5,7,0.4375,24,289.655,18.1034375,55238.12811793341,
8,1047,2424.244123,LoR,8,0.01,0,0.0,29,187.325,23.415625,42706.526091018284,
8,1048,2424.475996,GB,16,0.01,0,0.0,28,261.971,16.3731875,61075.46255119841,
8,1049,2424.834035,MLP,100,0.05,4,0.04,12,272.994,2.7299400000000005,366308.41703480657,
8,1050,2425.147868,AB,1,1.0,1,1.0,16,7860.994,7860.994,127.2103756853141,2.0
8,1051,2445.707424,LoR,100,0.01,0,0.0,1,182.217,1.82217,548796.2155012978,
8,1052,2445.933241,NB,1,0.5,1,1.0,29,108.032,108.032,9256.516587677725,
8,1053,2446.109746,DT,8,0.01,1,0.125,6,93.544,11.693,85521.25203112974,
8,1054,2446.263451,DT,32,0.05,3,0.09375,25,89.893,2.80915625,355978.7747655546,
8,1055,2446.392747,RF,8,0.01,0,0.0,2,3150.89,393.86125,2538.9651812662455,
8,1056,2449.609567,RF,16,0.1,1,0.0625,22,3169.487,198.0929375,5048.135550011721,
8,1057,2452.859671,GB,100,0.05,2,0.02,1,320.913,3.20913,311610.9350509328,
8,1058,2453.223517,NB,16,1.0,16,1.0,29,121.616,7.601,131561.63662675963,
8,1059,2453.407244,GB,32,0.05,2,0.0625,28,244.647,7.64521875,130800.70468879651,
8,1060,2453.6913,LoR,1,1.0,1,1.0,12,162.216,162.216,6164.620012822409,
8,1061,2454.035209,SGD,32,0.5,21,0.65625,14,157.745,4.92953125,202859.04466068654,
8,1062,2454.231361,LoR,1,1.0,1,1.0,29,143.34,143.34,6976.419701409237,
8,1063,2454.552274,RF,64,0.01,2,0.03125,20,3821.537,59.711515625,16747.188369496358,
8,1064,2458.461605,RF,1,0.05,0,0.0,15,3230.39,3230.39,309.56014598856484,6.85
8,1065,2474.848711,MLP,64,0.01,1,0.015625,23,258.035,4.031796875,248028.36824461794,
8,1066,2475.172662,NB,32,0.5,12,0.375,25,169.922,5.3100625,188321.70054495594,
8,1067,2475.387058,DT,8,0.05,0,0.0,19,97.539,12.192375,82018.47466141748,
8,1068,2475.557782,DT,100,0.01,1,0.01,17,94.973,0.94973,1052930.832973582,
8,1069,2475.72469,RF,100,0.01,3,0.03,14,3825.548,38.25548,26140.045818272312,
8,1070,2479.594923,AB,1,0.5,0,0.0,1,8067.707,8067.707,123.9509565729147,2.0
8,1071,2500.652799,GB,8,0.1,0,0.0,20,275.616,34.452,29025.891094856615,
8,1072,2500.977787,AB,32,1.0,32,1.0,0,8139.33,254.3540625,3931.52753359306,
8,1073,2509.180229,LoR,100,1.0,100,1.0,18,185.833,1.85833,538117.5571615375,
8,1074,2509.432865,LoR,32,0.1,2,0.0625,26,153.817,4.80678125,208039.4234707477,
8,1075,2509.629454,RF,16,0.01,0,0.0,10,3239.448,202.4655,4939.113083463602,
8,1076,2512.927796,DT,100,1.0,100,1.0,8,132.392,1.32392,755332.6484983987,
8,1077,2513.122844,RF,16,0.01,1,0.0625,13,3480.883,217.5551875,4596.534844750599,
8,1078,2516.656687,GB,1,0.01,0,0.0,12,274.699,274.699,3640.3481628982995,4.0
8,1079,2529.796296,AB,64,0.0,0,0.0,21,8436.212,131.8158125,7586.343254531774,
8,1080,2538.277865,LoR,16,1.0,16,1.0,19,169.119,10.5699375,94607.93878866361,
8,1081,2538.49716,AB,64,1.0,64,1.0,22,8235.099,128.673421875,7771.612703138117,
8,1082,2546.77338,LoR,1,0.0,0,0.0,27,148.435,148.435,6736.955569778017,
8,1083,2547.08311,GB,32,0.0,0,0.0,23,282.672,8.8335,113205.41121865624,
8,1084,2547.433631,NB,32,0.1,8,0.25,11,129.637,4.05115625,246843.1080632844,
8,1085,2547.620976,RF,8,0.1,1,0.125,27,3138.604,392.3255,2548.903907597136,
8,1086,2550.806837,MLP,32,1.0,32,1.0,3,218.268,6.820875,146608.75620796453,
8,1087,2551.083428,LoR,64,0.01,0,0.0,6,203.447,3.178859375,314578.24396525876,
8,1088,2551.337347,GB,64,1.0,64,1.0,27,267.494,4.17959375,239257.70297651534,
8,1089,2551.655928,NB,64,0.0,0,0.0,22,135.745,2.121015625,471472.2457549081,
8,1090,2551.829514,MLP,1,1.0,1,1.0,13,173.072,173.072,5777.9421281316445,
8,1091,2552.19293,SGD,100,0.5,48,0.48,7,169.289,1.6928899999999998,590705.8344015264,
8,1092,2552.404668,AB,8,0.05,0,0.0,12,8018.358,1002.29475,997.7105038213559,
8,1093,2560.487645,AB,16,0.1,1,0.0625,18,8163.582,510.223875,1959.9239647497875,
8,1094,2568.717369,NB,32,0.1,2,0.0625,7,122.01,3.8128125,262273.58413244813,
8,1095,2568.879417,NB,1,0.05,0,0.0,21,101.127,101.127,9888.555974171093,
8,1096,2569.042244,MLP,100,1.0,100,1.0,17,229.901,2.29901,434969.8348419537,
8,1097,2569.311739,LoR,1,1.0,1,1.0,1,148.366,148.366,6740.088699567285,
8,1098,2569.619791,RF,64,0.0,0,0.0,5,3821.397,59.709328125,16747.801916419572,
8,1099,2573.495753,DT,16,1.0,16,1.0,26,118.252,7.39075,135304.26546696885,
8,1100,2573.678052,RF,16,0.5,7,0.4375,26,3419.232,213.702,4679.413388737588,
8,1101,2577.151944,AB,64,0.0,0,0.0,10,8357.73,130.58953125,7657.581663920706,
8,1102,2585.590756,AB,100,0.1,10,0.1,18,8989.054,89.89054,11124.641146888203,
8,1103,2594.632392,DT,8,0.0,0,0.0,8,84.766,10.59575,94377.46266191633,
8,1104,2594.782035,MLP,16,0.1,2,0.125,12,216.019,13.5011875,74067.55887213624,
8,1105,2595.03834,GB,1,1.0,1,1.0,0,259.099,259.099,3859.528597177141,4.0
8,1106,2607.941669,AB,32,0.05,0,0.0,18,8115.2,253.6,3943.217665615142,
8,1107,2616.120047,GB,8,0.5,7,0.875,8,221.216,27.652,36163.74945754376,
8,1108,2616.420566,MLP,100,0.5,47,0.47,1,244.326,2.44326,409289.2283260889,
8,1109,2616.71189,GB,32,0.05,0,0.0,0,229.53,7.1728125,139415.32697250904,
8,1110,2616.98072,NB,1,0.0,0,0.0,25,112.806,112.806,8864.776696275021,
8,1111,2617.143541,MLP,1,0.01,0,0.0,26,168.421,168.421,5937.50185546933,
8,1112,2617.490059,LoR,16,0.5,7,0.4375,6,156.131,9.7581875,102478.04728080907,
8,1113,2617.689434,NB,16,0.05,0,0.0,24,111.939,6.9961875,142934.99137923334,
8,1114,2617.843042,LoR,16,0.01,0,0.0,20,150.879,9.4299375,106045.24155117678,
8,1115,2618.045079,SGD,64,0.01,0,0.0,2,157.463,2.460359375,406444.6885935109,
8,1116,2618.26479,LoR,32,0.05,2,0.0625,2,149.32,4.66625,214304.84864720065,
8,1117,2618.48126,GB,16,0.05,1,0.0625,13,218.952,13.6845,73075.37725163506,
8,1118,2618.744937,MLP,32,0.0,0,0.0,2,190.08,5.94,168350.16835016833,
8,1119,2618.97642,AB,16,0.0,0,0.0,25,8053.196,503.32475,1986.788847558162,
8,1120,2627.075511,NB,32,0.0,0,0.0,6,118.774,3.7116875,269419.2331655076,
8,1121,2627.243717,GB,32,1.0,32,1.0,6,231.899,7.24684375,137991.10819796548,
8,1122,2627.51649,GB,8,0.0,0,0.0,13,209.599,26.199875,38168.12103111179,
8,1123,2627.790383,NB,32,0.5,12,0.375,10,122.554,3.8298125,261109.38851445078,
8,1124,2627.959439,LoR,64,0.0,0,0.0,7,164.229,2.566078125,389699.748521881,
8,1125,2628.171292,MLP,64,0.0,0,0.0,10,205.048,3.203875,312122.03971752955,
8,1126,2628.450773,GB,100,0.5,50,0.5,26,295.832,2.95832,338029.69252819166,
8,1127,2628.811241,NB,32,0.1,5,0.15625,27,125.003,3.90634375,255993.85614745246,
8,1128,2628.989075,DT,100,1.0,100,1.0,0,123.962,1.23962,806698.8270599054,
8,1129,2629.150542,MLP,1,0.0,0,0.0,3,170.744,170.744,5856.721173218385,
8,1130,2629.493457,MLP,16,0.05,1,0.0625,15,176.695,11.0434375,90551.51532301423,
8,1131,2629.733316,RF,32,0.1,3,0.09375,2,3290.086,102.8151875,9726.189528176468,
8,1132,2633.071108,SGD,32,1.0,32,1.0,22,171.666,5.3645625,186408.4909067608,
8,1133,2633.285896,GB,1,0.5,0,0.0,9,209.185,209.185,4780.457489781772,4.0
8,1134,2646.021259,GB,16,0.1,3,0.1875,13,223.255,13.9534375,71666.92795234149,
8,1135,2646.314436,DT,64,0.5,36,0.5625,16,107.992,1.687375,592636.4915919697,
8,1136,2646.495739,NB,100,0.01,1,0.01,4,145.984,1.45984,685006.5760631302,
8,1137,2646.706558,DT,64,0.5,32,0.5,4,102.322,1.59878125,625476.437129845,
8,1138,2646.847423,SGD,1,0.05,0,0.0,17,155.046,155.046,6449.698799066084,
8,1139,2647.151598,AB,1,1.0,1,1.0,15,7766.433,7766.433,128.75923863632121,2.0
8,1140,2668.237095,MLP,16,1.0,16,1.0,25,229.559,14.3474375,69698.85737435691,
8,1141,2668.514511,MLP,1,0.5,0,0.0,12,169.246,169.246,5908.55913876842,
8,1142,2668.865914,NB,16,0.05,1,0.0625,10,125.167,7.8229375,127829.22016186375,
8,1143,2669.059299,GB,64,0.5,26,0.40625,20,306.434,4.78803125,208854.10887825763,
8,1144,2669.443569,MLP,100,0.5,49,0.49,8,237.842,2.37842,420447.1876287619,
8,1145,2669.723799,RF,1,0.05,0,0.0,26,3073.22,3073.22,325.39160880119226,7.0
8,1146,2685.785274,SGD,32,0.1,2,0.0625,26,171.013,5.34415625,187120.27740581124,
8,1147,2686.026296,RF,32,0.1,1,0.03125,16,3151.857,98.49553125,10152.744873894977,
8,1148,2689.232592,LoR,64,0.0,0,0.0,29,178.753,2.793015625,358035.94904700905,
8,1149,2689.461873,MLP,64,0.0,0,0.0,3,212.12,3.314375,301716.0098057703,
8,1150,2689.73718,GB,16,0.05,1,0.0625,0,250.875,15.6796875,63776.781265570506,
8,1151,2690.056847,DT,64,0.5,30,0.46875,14,108.459,1.694671875,590084.7324795545,
8,1152,2690.202185,AB,1,0.0,0,0.0,5,7807.487,7807.487,128.08218572762271,2.0
8,1153,2710.88972,NB,100,0.01,0,0.0,25,154.286,1.5428600000000001,648146.9478760224,
8,1154,2711.103001,MLP,8,0.1,1,0.125,15,189.501,23.687625,42216.13606260653,
8,1155,2711.339935,GB,32,0.01,0,0.0,22,234.573,7.33040625,136418.08733315428,
8,1156,2711.617552,DT,16,1.0,16,1.0,27,102.269,6.3918125,156450.14618310533,
8,1157,2711.760545,MLP,16,1.0,16,1.0,14,185.91,11.619375,86063.14883545802,
8,1158,2712.021757,NB,100,0.05,6,0.06,10,144.558,1.4455799999999999,691763.8594889248,
8,1159,2712.221145,GB,100,0.01,0,0.0,17,269.218,2.69218,371446.1885906588,
8,1160,2712.543207,AB,64,0.05,0,0.0,26,8439.174,131.86209375,7583.680582957526,
8,1161,2721.026247,GB,1,0.1,0,0.0,19,200.1,200.1,4997.501249375313,4.0
8,1162,2733.774065,LoR,100,0.1,7,0.07,15,175.179,1.75179,570844.6788713259,
8,1163,2733.991624,GB,16,1.0,16,1.0,19,220.086,13.755375,72698.8540843125,
8,1164,2734.273871,DT,16,0.1,2,0.125,19,91.83,5.739375,174234.99945551562,
8,1165,2734.407619,DT,32,0.0,0,0.0,1,88.105,2.75328125,363202.9964247205,
8,1166,2734.53481,RF,1,0.1,0,0.0,28,2967.856,2967.856,336.9435713862128,6.68
8,1167,2750.910062,SGD,16,0.0,0,0.0,26,191.548,11.97175,83529.97682043143,
8,1168,2751.166795,SGD,16,0.5,9,0.5625,29,193.707,12.1066875,82598.97680517483,
8,1169,2751.423928,DT,32,0.1,2,0.0625,17,97.213,3.03790625,329174.0816557456,
8,1170,2751.557824,NB,1,1.0,1,1.0,9,111.289,111.289,8985.614031934872,
8,1171,2751.739568,NB,32,0.5,15,0.46875,2,117.517,3.67240625,272301.0287873244,
8,1172,2751.897529,NB,32,1.0,32,1.0,13,113.387,3.54334375,282219.30203638866,
8,1173,2752.065882,RF,100,1.0,100,1.0,18,5350.662,53.506620000000005,18689.27620544897,
8,1174,2757.495405,DT,64,0.05,3,0.046875,27,105.541,1.649078125,606399.4087605765,
8,1175,2757.649462,MLP,64,0.0,0,0.0,0,246.385,3.849765625,259756.07281287416,
8,1176,2757.961531,SGD,32,0.1,4,0.125,12,188.245,5.88265625,169991.23482695423,
8,1177,2758.208321,LoR,8,0.5,5,0.625,20,182.619,22.827375,43807.051840169974,
8,1178,2758.457134,RF,64,0.5,29,0.453125,14,4153.307,64.895421875,15409.407491427915,
8,1179,2762.692968,AB,100,0.05,1,0.01,22,8661.139,86.61138999999999,11545.825554814443,
8,1180,2771.43443,NB,100,0.1,12,0.12,6,147.055,1.47055,680017.6804596919,
8,1181,2771.622376,AB,1,0.05,0,0.0,28,7797.398,7797.398,128.24791039267203,2.0
8,1182,2792.088215,DT,32,0.0,0,0.0,28,95.749,2.99215625,334207.1457665354,
8,1183,2792.232541,DT,64,1.0,64,1.0,2,105.943,1.655359375,604098.430287985,
8,1184,2792.375868,GB,1,0.0,0,0.0,6,247.037,247.037,4047.9766188870494,4.0
8,1185,2805.554657,MLP,1,0.1,0,0.0,2,210.341,210.341,4754.184871232903,
8,1186,2805.937576,NB,1,0.5,0,0.0,4,112.276,112.276,8906.622964836653,
8,1187,2806.123827,SGD,32,0.05,1,0.03125,3,165.953,5.18603125,192825.6795598754,
8,1188,2806.359435,RF,64,0.1,6,0.09375,10,3740.832,58.4505,17108.493511603836,
8,1189,2810.148573,DT,32,0.0,0,0.0,5,100.251,3.13284375,319198.8109844291,
8,1190,2810.298534,DT,64,1.0,64,1.0,24,111.252,1.7383125,575270.5569338079,
8,1191,2810.471484,LoR,32,0.5,16,0.5,29,166.498,5.2030625,192194.50083484486,
8,1192,2810.680778,LoR,8,0.05,0,0.0,5,150.557,18.819625,53136.02157322476,
8,1193,2810.873054,LoR,8,0.1,0,0.0,0,145.496,18.187,54984.32946610216,
8,1194,2811.082004,MLP,32,0.1,3,0.09375,21,232.318,7.2599375,137742.23262941313,
8,1195,2811.383748,DT,64,0.05,2,0.03125,25,95.15,1.48671875,672622.1755123489,
8,1196,2811.53883,AB,32,0.5,17,0.53125,13,8146.088,254.56525,3928.2659357473185,
8,1197,2819.767993,GB,100,0.01,1,0.01,14,303.937,3.03937,329015.55256516975,
8,1198,2820.142141,NB,64,0.05,1,0.015625,2,138.954,2.17115625,460584.07818414725,
8,1199,2820.35393,LoR,100,0.5,55,0.55,12,176.387,1.76387,566935.2049754234,
8,1200,2820.571145,GB,16,0.0,0,0.0,10,228.865,14.3040625,69910.20907521901,
8,1201,2820.861082,AB,16,0.5,6,0.375,19,8062.793,503.9245625,1984.424007908922,
8,1202,2828.967226,LoR,1,0.5,0,0.0,8,151.415,151.415,6604.365485585972,
8,1203,2829.301576,DT,32,0.05,1,0.03125,16,92.967,2.90521875,344208.15988469025,
8,1204,2829.439492,NB,32,0.01,0,0.0,17,121.383,3.79321875,263628.349933681,
8,1205,2829.607802,RF,64,1.0,64,1.0,26,4675.67,73.05734375,13687.8778870194,
8,1206,2834.330525,RF,8,0.01,0,0.0,26,3155.377,394.422125,2535.3547294031746,
8,1207,2837.531465,RF,16,1.0,16,1.0,5,3513.434,219.589625,4553.949213219887,
8,1208,2841.089912,AB,1,0.5,1,1.0,26,7873.525,7873.525,127.00791576835027,2.0
8,1209,2861.789213,AB,32,1.0,32,1.0,27,8104.726,253.2726875,3948.313613563247,
8,1210,2869.941699,RF,8,0.05,0,0.0,16,3117.144,389.643,2566.451854646433,
8,1211,2873.121196,DT,100,0.0,0,0.0,5,103.553,1.03553,965689.0674340676,
8,1212,2873.264484,RF,1,0.0,0,0.0,21,2985.289,2985.289,334.975943702603,6.94
8,1213,2889.039664,LoR,16,0.0,0,0.0,23,176.163,11.0101875,90824.97459738991,
8,1214,2889.255896,NB,1,1.0,1,1.0,26,108.752,108.752,9195.233191113726,
8,1215,2889.41338,NB,16,0.0,0,0.0,17,110.149,6.8843125,145257.78717918455,
8,1216,2889.562137,SGD,16,1.0,16,1.0,29,157.909,9.8693125,101324.18038237213,
8,1217,2889.768973,MLP,64,1.0,64,1.0,15,219.244,3.4256875,291912.2074036234,
8,1218,2890.048752,AB,8,0.01,1,0.125,25,7954.746,994.34325,1005.6889308596402,
8,1219,2898.061316,SGD,100,1.0,100,1.0,17,168.13,1.6813,594777.8504728484,
8,1220,2898.3008,RF,64,0.5,23,0.359375,23,4079.597,63.743703125,15687.824066936022,
8,1221,2902.443507,AB,100,0.01,0,0.0,24,8507.033,85.07033,11754.979673876898,
8,1222,2911.030428,MLP,100,0.5,61,0.61,24,238.817,2.38817,418730.6598776469,
8,1223,2911.332666,MLP,16,0.05,1,0.0625,9,176.952,11.0595,90420.00090420002,
8,1224,2911.550666,GB,1,0.05,0,0.0,28,245.972,245.972,4065.5033906298277,4.0
8,1225,2924.339922,GB,32,0.01,0,0.0,7,231.64,7.23875,138145.39803142808,
8,1226,2924.628408,MLP,100,0.0,0,0.0,18,235.806,2.35806,424077.41957371734,
8,1227,2924.910461,GB,1,0.5,0,0.0,5,206.353,206.353,4846.064753117231,4.0
8,1228,2938.078635,DT,16,0.5,8,0.5,11,108.472,6.7795,147503.5032082012,
8,1229,2938.226442,AB,1,0.0,0,0.0,6,7825.341,7825.341,127.78995829063551,2.0
8,1230,2959.245425,LoR,32,0.0,0,0.0,6,207.57,6.4865625,154164.860047213,
8,1231,2959.529536,LoR,64,0.1,8,0.125,13,164.741,2.574078125,388488.5972526572,
8,1232,2959.735844,DT,1,0.05,0,0.0,25,89.06,89.06,11228.385358185493,7.0
8,1233,2960.041432,SGD,64,0.05,5,0.078125,0,170.917,2.670578125,374450.75680008426,
8,1234,2960.272144,GB,8,0.1,1,0.125,2,262.045,32.755625,30529.107596023583,
8,1235,2960.578347,SGD,32,0.0,0,0.0,21,160.772,5.024125,199039.6337670739,
8,1236,2960.780236,RF,1,0.05,0,0.0,12,3194.047,3194.047,313.08243116021777,7.15
8,1237,2977.007747,SGD,64,0.05,3,0.046875,15,190.709,2.979828125,335589.82533598307,
8,1238,2977.262343,MLP,32,0.5,13,0.40625,20,207.77,6.4928125,154016.4605092169,
8,1239,2977.51227,NB,1,0.1,0,0.0,9,111.011,111.011,9008.11631279783,
8,1240,2977.692775,RF,16,0.05,2,0.125,18,3230.392,201.8995,4952.959269339449,
8,1241,2980.998179,RF,64,0.01,1,0.015625,16,3624.733,56.636453125,17656.47290434909,
8,1242,2984.683927,LoR,100,1.0,100,1.0,3,184.975,1.84975,540613.5964319502,
8,1243,2984.940863,GB,64,0.01,1,0.015625,1,294.861,4.607203125,217051.4242304001,
8,1244,2985.27987,RF,8,0.01,0,0.0,4,3063.345,382.918125,2611.524330429645,
8,1245,2988.388839,DT,8,0.0,0,0.0,24,98.354,12.29425,81338.83726132134,
8,1246,2988.529098,GB,16,0.0,0,0.0,17,248.162,15.510125,64474.01294315809,
8,1247,2988.822315,NB,16,0.1,0,0.0,11,122.055,7.6284375,131088.44373438205,
8,1248,2988.991471,MLP,64,1.0,64,1.0,12,223.427,3.491046875,286447.0274407301,
8,1249,2989.271609,AB,100,0.0,0,0.0,2,8608.357,86.08357,11616.618595162818,
8,1250,2997.943221,RF,8,0.5,6,0.75,22,3247.788,405.9735,2463.2149635382607,
8,1251,3001.235855,MLP,1,0.01,0,0.0,3,183.598,183.598,5446.682425734485,
8,1252,3001.608231,AB,64,0.05,5,0.078125,23,8317.347,129.958546875,7694.761322330306,
8,1253,3009.9891,NB,8,0.05,1,0.125,3,113.348,14.1685,70579.10152803754,
8,1254,3010.158098,SGD,100,0.01,0,0.0,29,170.401,1.70401,586851.0161325344,
8,1255,3010.368303,NB,8,0.0,0,0.0,10,107.926,13.49075,74124.86333228323,
8,1256,3010.526339,LoR,64,0.0,0,0.0,2,159.882,2.49815625,400295.21772307076,
8,1257,3010.7292,AB,32,0.0,0,0.0,0,8616.677,269.27115625,3713.728621834148,
8,1258,3019.454394,RF,100,0.05,6,0.06,18,3919.792,39.197919999999996,25511.557756125836,
8,1259,3023.444348,AB,16,0.1,3,0.1875,21,8062.711,503.9194375,1984.4441900497238,
8,1260,3031.587348,AB,100,0.1,6,0.06,12,8465.965,84.65965,11812.002530130942,
8,1261,3040.10748,AB,64,0.01,0,0.0,28,8225.526,128.52384375,7780.657431512586,
8,1262,3048.39985,SGD,32,0.1,3,0.09375,7,177.076,5.533625,180713.3660123337,
8,1263,3048.615709,AB,1,1.0,1,1.0,10,7717.751,7717.751,129.5714256653266,2.0
8,1264,3069.430462,AB,8,0.05,0,0.0,24,8004.234,1000.52925,999.471029957395,
8,1265,3077.477042,MLP,1,0.0,0,0.0,6,190.485,190.485,5249.757198729559,
8,1266,3077.833935,DT,1,0.05,0,0.0,15,86.268,86.268,11591.783743682478,7.0
8,1267,3078.127043,MLP,16,0.5,7,0.4375,16,192.048,12.003,83312.50520703157,
8,1268,3078.363651,MLP,16,0.01,0,0.0,23,174.704,10.919,91583.47834050737,
8,1269,3078.579005,RF,8,0.0,0,0.0,13,3216.308,402.0385,2487.3239751914307,
8,1270,3081.870798,DT,64,0.05,1,0.015625,5,106.152,1.658625,602909.0360991785,
8,1271,3082.02881,DT,64,0.01,0,0.0,16,97.01,1.51578125,659725.8014637666,
8,1272,3082.165399,RF,1,0.1,0,0.0,24,2968.075,2968.075,336.91870993825967,7.03
8,1273,3098.119838,RF,1,0.1,0,0.0,26,2939.728,2939.728,340.16752570305823,6.96
8,1274,3113.975367,LoR,8,1.0,8,1.0,24,166.314,20.78925,48101.78337361858,
8,1275,3114.204,GB,16,0.05,1,0.0625,14,261.588,16.34925,61164.885239384064,
8,1276,3114.526445,RF,8,0.5,3,0.375,9,3177.209,397.151125,2517.9331923080917,
8,1277,3117.77333,NB,32,0.01,1,0.03125,15,137.167,4.28646875,233292.26417432763,
8,1278,3117.9722,NB,32,0.05,2,0.0625,19,118.783,3.71196875,269398.8196964212,
8,1279,3118.128605,AB,16,0.0,0,0.0,16,8072.224,504.514,1982.1055510848064,
8,1280,3126.24658,NB,16,0.01,0,0.0,9,112.759,7.0474375,141895.5471403613,
8,1281,3126.399786,NB,1,0.5,1,1.0,5,100.004,100.004,9999.60001599936,
8,1282,3126.547903,LoR,1,0.5,1,1.0,26,154.56,154.56,6469.979296066253,
8,1283,3126.864096,DT,64,1.0,64,1.0,5,110.599,1.728109375,578667.0765558459,
8,1284,3127.015823,SGD,1,0.01,0,0.0,26,151.577,151.577,6597.306979291054,
8,1285,3127.364658,LoR,16,1.0,16,1.0,2,149.333,9.3333125,107143.09630155425,
8,1286,3127.557663,MLP,32,0.0,0,0.0,23,191.112,5.97225,167441.08166938758,
8,1287,3127.795246,RF,32,0.01,0,0.0,24,3140.216,98.13175,10190.381808130396,
8,1288,3130.979825,MLP,1,0.05,0,0.0,10,180.236,180.236,5548.281142502054,
8,1289,3131.379657,GB,64,0.05,2,0.03125,17,279.103,4.360984375,229306.0268073077,
8,1290,3131.703257,GB,8,0.05,0,0.0,7,217.836,27.2295,36724.87559448392,
8,1291,3131.970213,MLP,64,0.0,0,0.0,2,215.036,3.3599375,297624.5837906211,
8,1292,3132.26154,GB,100,0.5,51,0.51,27,289.857,2.8985700000000003,344997.7057652566,
8,1293,3132.607909,AB,100,0.0,0,0.0,22,8526.0,85.26,11728.82946281961,
8,1294,3141.204024,AB,32,0.1,4,0.125,21,8013.773,250.43040625,3993.1253355941076,
8,1295,3149.261599,AB,8,0.01,0,0.0,14,7824.153,978.019125,1022.4748928094837,
8,1296,3157.127113,MLP,8,0.0,0,0.0,10,174.323,21.790375,45891.82150376026,
8,1297,3157.344563,GB,8,0.05,0,0.0,15,212.498,26.56225,37647.41315212379,
8,1298,3157.595737,AB,1,0.0,0,0.0,1,7739.711,7739.711,129.20379068417412,2.0
8,1299,3177.940768,MLP,8,1.0,8,1.0,9,181.785,22.723125,44008.0314657425,
8,1300,3178.184187,RF,16,0.5,9,0.5625,4,3285.436,205.33975,4869.977683327266,
8,1301,3181.510694,SGD,1,0.0,0,0.0,16,161.794,161.794,6180.698913433131,
8,1302,3181.84338,MLP,8,0.5,6,0.75,27,202.795,25.349375,39448.70435661629,
8,1303,3182.103608,RF,8,0.5,5,0.625,8,3169.838,396.22975,2523.7882819248175,
8,1304,3185.340548,DT,32,0.05,3,0.09375,14,98.616,3.08175,324490.9548146345,
8,1305,3185.495032,SGD,100,0.0,0,0.0,1,172.053,1.72053,581216.2531313025,
8,1306,3185.729544,GB,32,0.5,14,0.4375,11,251.742,7.8669375,127114.26778209436,
8,1307,3186.040691,DT,8,0.1,1,0.125,3,90.508,11.3135,88389.9765766562,
8,1308,3186.176863,SGD,64,1.0,64,1.0,21,160.035,2.500546875,399912.5191364389,
8,1309,3186.395101,GB,16,0.1,1,0.0625,16,217.572,13.59825,73538.87448752597,
8,1310,3186.652174,RF,1,0.1,1,1.0,16,2915.831,2915.831,342.95540447988924,22.87
8,1311,3202.831403,DT,16,1.0,16,1.0,14,106.019,6.6261875,150916.3451834105,
8,1312,3202.982328,AB,1,0.05,0,0.0,4,7782.349,7782.349,128.4959078550705,2.0
8,1313,3223.3616,MLP,1,0.01,0,0.0,9,189.639,189.639,5273.176930905563,
8,1314,3223.750039,SGD,100,0.05,4,0.04,3,167.81,1.6781,595912.0433823968,
8,1315,3223.985292,AB,64,0.05,5,0.078125,17,8228.476,128.5699375,7777.86797944115,
8,1316,3232.256231,DT,1,0.01,0,0.0,19,82.562,82.562,12112.109687265329,7.0
8,1317,3232.532617,MLP,100,1.0,100,1.0,22,232.113,2.32113,430824.64144619217,
8,1318,3232.829127,GB,32,0.01,1,0.03125,24,264.119,8.25371875,121157.50854728359,
8,1319,3233.13348,AB,8,1.0,8,1.0,21,7882.418,985.30225,1014.9169962821054,
8,1320,3241.060749,MLP,16,0.01,0,0.0,11,176.567,11.0354375,90617.15949186428,
8,1321,3241.313425,RF,100,0.05,6,0.06,17,4030.16,40.3016,24812.91065367132,
8,1322,3245.417029,LoR,64,0.1,5,0.078125,0,174.184,2.721625,367427.54788040236,
8,1323,3245.632127,NB,1,0.5,1,1.0,2,109.371,109.371,9143.19152243282,
8,1324,3245.807719,DT,16,0.5,12,0.75,5,94.308,5.89425,169656.8689824829,
8,1325,3245.966232,AB,64,0.5,30,0.46875,0,8263.387,129.115421875,7745.00819095124,
8,1326,3254.286234,MLP,100,1.0,100,1.0,4,224.526,2.24526,445382.7173690352,
8,1327,3254.57523,NB,16,0.5,10,0.625,27,113.159,7.0724375,141393.9677798496,
8,1328,3254.729522,NB,32,0.0,0,0.0,14,147.685,4.61515625,216677.38768324474,
8,1329,3254.947752,LoR,100,0.01,1,0.01,12,166.068,1.6606800000000002,602162.9693860346,
8,1330,3255.180144,LoR,64,0.05,6,0.09375,5,203.542,3.18034375,314431.4195595995,
8,1331,3255.425864,AB,16,0.01,0,0.0,16,7926.218,495.388625,2018.6172017978815,
8,1332,3263.397481,RF,32,0.0,0,0.0,12,3058.451,95.57659375,10462.812711401948,
8,1333,3266.508194,AB,16,0.01,0,0.0,8,7892.572,493.28575,2027.2225581217376,
8,1334,3274.477607,SGD,100,0.05,4,0.04,6,167.046,1.6704599999999998,598637.5010476157,
8,1335,3274.685776,AB,16,1.0,16,1.0,26,7812.691,488.2931875,2047.9499317200693,
8,1336,3282.548939,RF,64,0.0,0,0.0,10,3428.915,53.576796875,18664.796298537585,
8,1337,3286.043392,NB,16,0.05,1,0.0625,11,122.087,7.6304375,131054.08438244858,
8,1338,3286.202182,MLP,1,0.0,0,0.0,26,173.783,173.783,5754.302779903674,
8,1339,3286.531651,GB,1,0.05,0,0.0,13,236.715,236.715,4224.489364848024,4.0
8,1340,3299.136039,NB,32,0.0,0,0.0,29,126.265,3.94578125,253435.23541757415,
8,1341,3299.309939,GB,64,1.0,64,1.0,15,259.307,4.051671875,246811.694246588,
8,1342,3299.638641,SGD,64,0.1,6,0.09375,0,168.108,2.6266875,380707.6403264568,
8,1343,3299.848861,LoR,32,0.0,0,0.0,22,151.91,4.7471875,210651.04338094924,
8,1344,3300.059098,DT,16,0.1,2,0.125,8,89.02,5.56375,179734.8910357223,
8,1345,3300.186309,NB,1,0.01,0,0.0,23,101.803,101.803,9822.89323497343,
8,1346,3300.33547,MLP,8,0.01,0,0.0,15,173.748,21.7185,46043.695466998186,
8,1347,3300.55838,NB,8,0.05,0,0.0,19,106.759,13.344875,74935.13427439373,
8,1348,3300.736575,GB,100,0.01,1,0.01,25,261.6,2.616,382262.996941896,
8,1349,3301.047218,RF,64,0.0,0,0.0,23,3419.568,53.43075,18715.81439526864,
8,1350,3304.510306,LoR,1,0.05,0,0.0,29,158.557,158.557,6306.880175583545,
8,1351,3304.837356,SGD,100,0.0,0,0.0,3,162.008,1.6200800000000002,617253.4689644956,
8,1352,3305.037733,NB,1,0.0,0,0.0,29,100.935,100.935,9907.366126715213,
8,1353,3305.185535,SGD,1,0.01,0,0.0,15,144.263,144.263,6931.784310599392,
8,1354,3305.507619,MLP,100,0.1,10,0.1,22,220.626,2.20626,453255.7359513384,
8,1355,3305.790092,DT,32,0.5,21,0.65625,7,98.106,3.0658125,326177.8076774102,
8,1356,3305.943255,GB,8,0.5,4,0.5,15,216.502,27.06275,36951.15980452836,
8,1357,3306.217355,NB,8,0.5,6,0.75,12,113.231,14.153875,70652.02992113467,
8,1358,3306.385642,NB,16,0.1,1,0.0625,27,110.108,6.88175,145311.87561303447,
8,1359,3306.552558,GB,32,0.05,1,0.03125,25,229.689,7.17778125,139318.81805397733,
8,1360,3306.854892,MLP,100,0.05,3,0.03,20,227.24,2.2724,440063.369125154,
8,1361,3307.121601,GB,8,0.0,0,0.0,27,242.69,30.33625,32963.86336478635,
8,1362,3307.405114,LoR,1,0.05,0,0.0,22,148.77,148.77,6721.78530617732,
8,1363,3307.728537,RF,64,0.05,3,0.046875,4,3530.341,55.161578125,18128.560385526496,
8,1364,3311.315097,RF,1,0.05,0,0.0,11,3368.133,3368.133,296.90038962238134,6.93
8,1365,3327.672785,SGD,100,0.1,12,0.12,23,200.69,2.0069,498280.9307887787,
8,1366,3327.931325,GB,100,0.0,0,0.0,27,313.036,3.13036,319452.0757995885,
8,1367,3328.295184,DT,64,0.0,0,0.0,12,100.756,1.5743125,635197.9038469173,
8,1368,3328.462738,LoR,64,0.1,8,0.125,5,172.329,2.692640625,371382.64598529553,
8,1369,3328.675517,DT,8,0.01,0,0.0,13,87.067,10.883375,91883.26231522851,
8,1370,3328.799197,LoR,8,1.0,8,1.0,22,148.739,18.592375,53785.490019430006,
8,1371,3329.013034,SGD,64,0.05,2,0.03125,25,155.463,2.429109375,411673.5171712884,
8,1372,3329.225307,MLP,8,0.1,1,0.125,18,183.436,22.9295,43611.940949431955,
8,1373,3329.469361,SGD,32,0.01,1,0.03125,8,150.273,4.69603125,212945.77202824195,
8,1374,3329.690057,NB,100,0.05,4,0.04,12,144.85,1.4485,690369.3476009666,
8,1375,3329.871986,DT,1,0.01,0,0.0,13,85.686,85.686,11670.51793758607,7.0
8,1376,3330.151204,AB,64,0.0,0,0.0,23,8243.126,128.79884375,7764.044853857627,
8,1377,3338.437106,LoR,16,1.0,16,1.0,1,148.892,9.30575,107460.44112511082,
8,1378,3338.640862,SGD,100,1.0,100,1.0,21,157.685,1.57685,634175.7300948093,
8,1379,3338.865667,SGD,64,0.5,31,0.484375,14,152.635,2.384921875,419300.94670291874,
8,1380,3339.057711,MLP,1,0.05,0,0.0,26,162.341,162.341,6159.873353003862,
8,1381,3339.429701,AB,16,1.0,16,1.0,10,7819.774,488.735875,2046.094938293613,
8,1382,3347.320137,MLP,64,0.05,2,0.03125,12,203.76,3.18375,314095.01374165685,
8,1383,3347.564184,NB,8,1.0,8,1.0,22,108.164,13.5205,73961.76176916534,
8,1384,3347.76968,NB,64,0.01,2,0.03125,6,147.998,2.31246875,432438.27619292156,
8,1385,3347.954699,GB,1,0.5,0,0.0,18,228.684,228.684,4372.846373161218,4.0
8,1386,3360.568788,AB,100,0.0,0,0.0,0,8381.227,83.81227000000001,11931.427224199988,
8,1387,3369.01517,GB,32,0.1,2,0.0625,23,221.891,6.93409375,144214.95238653212,
8,1388,3369.278817,SGD,1,0.1,0,0.0,7,153.459,153.459,6516.398516867697,
8,1389,3369.581265,LoR,8,0.0,0,0.0,23,145.438,18.17975,55006.2569617294,
8,1390,3369.774706,SGD,64,1.0,64,1.0,19,153.037,2.391203125,418199.52037742507,
8,1391,3369.985677,AB,16,0.5,8,0.5,27,8545.313,534.0820625,1872.371439173732,
8,1392,3378.63703,GB,100,0.1,8,0.08,2,312.669,3.12669,319827.0375380994,
8,1393,3379.018621,RF,32,0.1,4,0.125,8,3587.649,112.11403125,8919.49017309107,
8,1394,3382.686137,LoR,100,0.05,2,0.02,12,198.568,1.9856800000000001,503605.8176544055,
8,1395,3382.936029,RF,64,1.0,64,1.0,20,4642.497,72.539015625,13785.684729575483,
8,1396,3387.63254,AB,64,0.0,0,0.0,24,8322.618,130.04090625,7689.887965541611,
8,1397,3396.018707,SGD,8,0.5,5,0.625,16,161.861,20.232625,49425.124026170604,
8,1398,3396.222459,NB,8,0.01,0,0.0,24,114.416,14.302,69920.29086841001,
8,1399,3396.376528,SGD,1,0.5,1,1.0,3,147.198,147.198,6793.570564817456,
8,1400,3396.679354,SGD,1,1.0,1,1.0,16,140.561,140.561,7114.348930357638,
8,1401,3396.983244,RF,32,0.5,18,0.5625,3,3685.672,115.17725,8682.27015317695,
8,1402,3400.710741,DT,1,0.0,0,0.0,28,93.0,93.0,10752.68817204301,19.0
8,1403,3401.019963,SGD,64,0.0,0,0.0,6,166.948,2.6085625,383352.90030428633,
8,1404,3401.246612,GB,8,0.5,3,0.375,18,248.865,31.108125,32145.942579310067,
8,1405,3401.55978,SGD,32,0.05,1,0.03125,4,159.901,4.99690625,200123.8266177197,
8,1406,3401.758714,AB,8,0.0,0,0.0,6,7835.196,979.3995,1021.0338069398647,
8,1407,3409.671175,NB,100,0.05,8,0.08,23,141.265,1.41265,707889.4276713978,
8,1408,3409.870658,DT,16,0.5,9,0.5625,20,92.712,5.7945,172577.44412805245,
8,1409,3410.021256,MLP,32,0.5,17,0.53125,22,203.346,6.3545625,157367.24597484092,
8,1410,3410.272096,DT,64,1.0,64,1.0,22,108.102,1.68909375,592033.4498899188,
8,1411,3410.417171,AB,8,0.0,0,0.0,24,7873.39,984.17375,1016.0807479370385,
8,1412,3418.339122,DT,32,0.0,0,0.0,3,82.269,2.57090625,388967.89799316874,
8,1413,3418.459865,LoR,8,1.0,8,1.0,6,149.319,18.664875,53576.57096551678,
8,1414,3418.666715,SGD,8,0.5,7,0.875,24,145.288,18.161,55063.04718903144,
8,1415,3418.857016,AB,32,0.01,0,0.0,4,8365.729,261.42903125,3825.129884078244,
8,1416,3427.301977,DT,64,0.05,3,0.046875,2,123.495,1.929609375,518239.6048423013,
8,1417,3427.549714,DT,64,0.01,1,0.015625,5,91.706,1.43290625,697882.3632041523,
8,1418,3427.72181,SGD,100,0.0,0,0.0,26,179.528,1.79528,557016.1757497438,
8,1419,3427.979117,RF,100,0.5,49,0.49,18,4856.079,48.56079,20592.74571109737,
8,1420,3432.894179,SGD,8,0.1,0,0.0,12,186.218,23.27725,42960.401250147675,
8,1421,3433.123249,GB,16,0.0,0,0.0,24,270.909,16.9318125,59060.42250349749,
8,1422,3433.465001,NB,64,0.01,1,0.015625,20,139.131,2.173921875,459998.13125759177,
8,1423,3433.669175,DT,64,0.1,10,0.15625,27,99.106,1.54853125,645773.2125199282,
8,1424,3433.80687,RF,1,0.01,0,0.0,20,2968.807,2968.807,336.83563801890796,7.01
8,1425,3449.754424,DT,100,0.05,7,0.07,8,103.115,1.03115,969791.010037337,
8,1426,3449.897654,SGD,1,0.5,1,1.0,26,158.562,158.562,6306.681298167278,
8,1427,3450.252479,LoR,100,0.5,44,0.44,8,167.368,1.67368,597485.7798384399,
8,1428,3450.460366,MLP,1,0.1,0,0.0,22,173.26,173.26,5771.672630728385,
8,1429,3450.809564,NB,64,0.05,2,0.03125,26,132.006,2.06259375,484826.4472826993,
8,1430,3450.978458,GB,1,0.0,0,0.0,4,229.251,229.251,4362.03113617825,4.0
8,1431,3464.204295,NB,64,0.01,1,0.015625,7,171.521,2.680015625,373132.15291422047,
8,1432,3464.419744,NB,8,0.0,0,0.0,16,116.708,14.5885,68547.14329780306,
8,1433,3464.586115,SGD,64,1.0,64,1.0,29,201.272,3.144875,317977.66206923965,
8,1434,3464.853572,NB,32,0.5,12,0.375,27,122.112,3.816,262054.5073375262,
8,1435,3465.017536,GB,8,0.01,0,0.0,27,286.206,35.77575,27951.894789068014,
8,1436,3465.386063,NB,100,0.1,11,0.11,20,157.022,1.57022,636853.4345505725,
8,1437,3465.618214,RF,32,0.5,13,0.40625,13,3897.282,121.7900625,8210.850536348153,
8,1438,3469.592778,DT,1,1.0,1,1.0,25,136.627,136.627,7319.197523183558,24.0
8,1439,3469.967397,DT,32,0.01,0,0.0,13,95.784,2.99325,334085.02463877056,
8,1440,3470.101699,MLP,1,1.0,1,1.0,12,205.63,205.63,4863.103632738414,
8,1441,3470.469098,GB,16,0.0,0,0.0,22,264.986,16.561625,60380.548406330905,
8,1442,3470.794028,DT,100,0.0,0,0.0,0,100.818,1.00818,991886.3694975104,
8,1443,3470.954182,AB,16,0.5,7,0.4375,11,8120.796,507.54975,1970.2502069994123,
8,1444,3479.117079,AB,8,0.0,0,0.0,20,8355.485,1044.435625,957.4548934023578,
8,1445,3487.527015,NB,1,0.5,1,1.0,26,114.981,114.981,8697.08908428349,
8,1446,3487.700902,RF,32,0.01,0,0.0,15,3179.151,99.34846875,10065.58040181168,
8,1447,3490.947236,SGD,16,0.1,1,0.0625,8,184.58,11.53625,86683.2809621844,
8,1448,3491.203298,AB,64,0.01,2,0.03125,24,8401.902,131.27971875,7617.322839518956,
8,1449,3499.646433,LoR,1,1.0,1,1.0,14,155.524,155.524,6429.875774800031,
8,1450,3499.981291,SGD,8,0.5,6,0.75,27,150.67,18.83375,53096.170438707115,
8,1451,3500.175403,SGD,16,0.01,0,0.0,9,147.49,9.218125,108481.93097837141,
8,1452,3500.398396,GB,64,0.01,1,0.015625,5,324.367,5.068234375,197307.37097176962,
8,1453,3500.801886,SGD,100,0.01,1,0.01,26,172.969,1.72969,578138.2791135984,
8,1454,3501.015628,SGD,1,0.5,1,1.0,27,145.861,145.861,6855.842205935789,
8,1455,3501.31201,LoR,8,0.1,0,0.0,11,146.108,18.2635,54754.01757603964,
8,1456,3501.496962,AB,1,0.0,0,0.0,8,7793.387,7793.387,128.31391537466317,2.0
8,1457,3522.365623,RF,1,0.05,0,0.0,9,3057.754,3057.754,327.03742681719984,8.96
8,1458,3538.294355,RF,32,0.05,0,0.0,5,3347.707,104.61584375,9558.781577957689,
8,1459,3541.72686,RF,100,0.05,4,0.04,10,3812.877,38.12877,26226.91474180783,
8,1460,3545.623455,SGD,100,0.01,2,0.02,4,202.222,2.02222,494506.03791872296,
8,1461,3545.888263,SGD,16,0.5,7,0.4375,21,158.225,9.8890625,101121.82019276348,
8,1462,3546.087455,DT,1,0.5,1,1.0,5,89.484,89.484,11175.182155469134,17.0
8,1463,3546.376696,AB,64,1.0,64,1.0,21,8344.579,130.384046875,7669.649960770939,
8,1464,3554.786071,GB,16,0.5,12,0.75,18,258.973,16.1858125,61782.502423032514,
8,1465,3555.085359,NB,1,1.0,1,1.0,7,114.401,114.401,8741.18233232227,
8,1466,3555.300633,LoR,100,0.0,0,0.0,26,173.235,1.73235,577250.5556036597,
8,1467,3555.519173,SGD,1,0.05,0,0.0,20,149.096,149.096,6707.088050651929,
8,1468,3555.858554,DT,100,0.5,57,0.57,28,112.352,1.12352,890059.8120193677,
8,1469,3556.011191,SGD,1,0.5,0,0.0,12,148.417,148.417,6737.772627124925,
8,1470,3556.344874,GB,100,0.5,43,0.43,18,301.659,3.01659,331500.1375725571,
8,1471,3556.708058,AB,8,0.1,1,0.125,21,8079.224,1009.903,990.1941077509424,
8,1472,3564.850441,MLP,8,0.5,4,0.5,26,190.613,23.826625,41969.855151537406,
8,1473,3565.081408,MLP,1,0.0,0,0.0,22,161.091,161.091,6207.671440366004,
8,1474,3565.410933,DT,16,0.1,2,0.125,2,90.196,5.63725,177391.45860126836,
8,1475,3565.558401,RF,16,0.5,7,0.4375,10,3422.863,213.9289375,4674.449430199223,
8,1476,3569.061873,MLP,100,0.01,1,0.01,9,241.466,2.41466,414136.9799474874,
8,1477,3569.418775,RF,100,0.01,2,0.02,4,3749.097,37.490970000000004,26673.089546629493,
8,1478,3573.237462,AB,32,0.5,16,0.5,29,8587.893,268.37165625,3726.1759083397988,
8,1479,3581.873629,MLP,1,0.05,0,0.0,1,179.78,179.78,5562.353988207809,
8,1480,3582.21291,SGD,8,0.01,0,0.0,5,153.714,19.21425,52044.7064028,
8,1481,3582.409325,GB,8,0.01,0,0.0,12,243.979,30.497375,32789.707310875114,
8,1482,3582.723488,RF,64,0.1,7,0.109375,26,3600.713,56.261140625,17774.257487336534,
8,1483,3586.389761,RF,16,0.5,11,0.6875,24,3391.049,211.9405625,4718.303982042135,
8,1484,3589.826539,LoR,16,1.0,16,1.0,15,174.239,10.8899375,91827.89157421702,
8,1485,3590.043873,DT,1,0.5,0,0.0,1,90.404,90.404,11061.457457634619,7.0
8,1486,3590.36249,MLP,100,0.0,0,0.0,15,245.836,2.4583600000000003,406775.24853967683,
8,1487,3590.654481,MLP,8,1.0,8,1.0,12,175.784,21.973,45510.39912620034,
8,1488,3590.906302,SGD,100,0.5,50,0.5,0,168.309,1.68309,594145.2922897765,
8,1489,3591.1366,MLP,8,0.5,5,0.625,20,209.777,26.222125,38135.73461342283,
8,1490,3591.409263,MLP,32,0.05,1,0.03125,17,185.408,5.794,172592.33690024164,
8,1491,3591.667773,DT,100,0.05,3,0.03,21,100.815,1.0081499999999999,991915.8855329069,
8,1492,3591.825391,LoR,16,0.5,9,0.5625,0,155.881,9.7425625,102642.40029253085,
8,1493,3592.046198,AB,64,0.5,33,0.515625,9,8732.554,136.44615625,7328.898281075616,
8,1494,3600.853422,SGD,16,0.5,10,0.625,22,171.052,10.69075,93538.80691251783,
8,1495,3601.102482,LoR,100,0.5,47,0.47,26,170.223,1.7022300000000001,587464.6786861939,
8,1496,3601.347716,RF,100,0.01,2,0.02,1,3812.024,38.120239999999995,26232.783424238674,
8,1497,3605.235478,AB,64,0.1,6,0.09375,7,8397.69,131.21390625,7621.143433491829,
8,1498,3613.676998,AB,1,0.05,0,0.0,0,7797.162,7797.162,128.25179212641729,2.0
8,1499,3634.277089,NB,16,0.1,1,0.0625,15,126.836,7.92725,126147.15065123467,
8,1500,3634.446588,GB,32,1.0,32,1.0,22,278.827,8.71334375,114766.50396123761,
8,1501,3634.787315,RF,16,0.1,2,0.125,7,3164.486,197.780375,5056.113378286395,
8,1502,3638.017751,MLP,16,0.05,1,0.0625,23,209.479,13.0924375,76379.9712620358,
8,1503,3638.297338,SGD,64,0.01,1,0.015625,26,167.671,2.619859375,381699.8765439462,
8,1504,3638.507981,GB,32,0.0,0,0.0,12,249.239,7.78871875,128390.82166113649,
8,1505,3638.799294,RF,1,0.1,0,0.0,25,2957.574,2957.574,338.1149550273298,9.01
8,1506,3654.651724,MLP,8,0.1,1,0.125,16,191.596,23.9495,41754.52514666277,
8,1507,3654.910617,SGD,32,0.5,18,0.5625,15,160.747,5.02334375,199070.5891867344,
8,1508,3655.146885,LoR,100,0.5,53,0.53,29,206.161,2.06161,485057.7946362309,
8,1509,3655.426771,AB,100,0.1,12,0.12,16,9081.39,90.81389999999999,11011.530173244404,
8,1510,3664.555987,SGD,8,0.0,0,0.0,3,161.666,20.20825,49484.74014325832,
8,1511,3664.795711,SGD,100,0.05,5,0.05,5,164.938,1.6493799999999998,606288.4235288412,
8,1512,3665.028444,NB,64,0.5,30,0.46875,19,134.693,2.104578125,475154.61085579795,
8,1513,3665.202203,SGD,1,0.01,0,0.0,27,152.264,152.264,6567.540587400829,
8,1514,3665.518042,SGD,32,1.0,32,1.0,6,153.09,4.7840625,209027.36952119667,
8,1515,3665.715095,AB,16,0.01,0,0.0,15,8019.437,501.2148125,1995.152527540275,
8,1516,3673.778415,MLP,1,0.01,0,0.0,4,171.747,171.747,5822.518006136934,
8,1517,3674.109337,AB,32,0.0,0,0.0,18,8081.007,252.53146875,3959.902522049542,
8,1518,3682.241585,NB,64,1.0,64,1.0,0,130.0,2.03125,492307.6923076923,
8,1519,3682.446901,AB,100,0.05,5,0.05,0,8462.914,84.62914,11816.260923837817,
8,1520,3690.976453,MLP,32,0.05,2,0.0625,22,197.229,6.16340625,162247.94528188044,
8,1521,3691.217952,DT,1,0.0,0,0.0,23,86.298,86.298,11587.754061507798,7.0
8,1522,3691.503877,GB,1,0.1,1,1.0,23,240.79,240.79,4152.996386893144,4.0
8,1523,3704.3642,DT,16,0.1,0,0.0,3,91.921,5.7450625,174062.5101989752,
8,1524,3704.497838,LoR,8,0.01,0,0.0,17,158.003,19.750375,50631.95002626533,
8,1525,3704.696862,GB,16,1.0,16,1.0,4,230.024,14.3765,69557.95916947797,
8,1526,3704.986682,SGD,8,0.05,2,0.25,12,160.801,20.100125,49750.934384736414,
8,1527,3705.190951,MLP,8,0.0,0,0.0,26,175.901,21.987625,45480.12802656039,
8,1528,3705.406949,LoR,8,0.0,0,0.0,6,150.013,18.751625,53328.71151166899,
8,1529,3705.619223,RF,32,0.1,4,0.125,17,3506.784,109.587,9125.169956290436,
8,1530,3709.170825,SGD,1,0.5,1,1.0,20,165.074,165.074,6057.889189090953,
8,1531,3709.492672,MLP,16,0.0,0,0.0,29,180.536,11.2835,88624.98338281561,
8,1532,3709.72354,NB,64,0.0,0,0.0,7,131.132,2.0489375,488057.8348534301,
8,1533,3709.914447,MLP,16,0.5,10,0.625,19,179.873,11.2420625,88951.6492191713,
8,1534,3710.135798,MLP,8,0.01,0,0.0,5,169.888,21.236,47089.84742889433,
8,1535,3710.380603,SGD,100,0.01,1,0.01,27,164.586,1.64586,607585.0922921755,
8,1536,3710.593199,GB,64,1.0,64,1.0,25,259.146,4.04915625,246965.03129510005,
8,1537,3710.895177,AB,1,0.1,0,0.0,29,7808.615,7808.615,128.06368350853512,2.0
8,1538,3731.484972,LoR,100,0.1,10,0.1,12,173.024,1.73024,577954.5034214907,
8,1539,3731.700253,SGD,1,0.5,0,0.0,14,150.322,150.322,6652.386210933862,
8,1540,3732.023986,RF,16,0.5,7,0.4375,0,3331.188,208.19925,4803.091269541076,
8,1541,3735.424501,LoR,32,0.05,1,0.03125,29,169.979,5.31184375,188258.54958553702,
8,1542,3735.669308,SGD,100,0.1,5,0.05,25,170.652,1.7065199999999998,585987.8583315754,
8,1543,3735.902723,MLP,32,0.1,4,0.125,13,191.741,5.99190625,166891.79674665304,
8,1544,3736.1547,NB,16,0.5,10,0.625,3,116.904,7.3065,136864.4357763635,
8,1545,3736.326624,NB,100,0.01,0,0.0,13,137.064,1.3706399999999999,729586.1787194303,
8,1546,3736.515263,SGD,100,0.0,0,0.0,27,169.35,1.6935,590493.0617065249,
8,1547,3736.726104,LoR,1,0.0,0,0.0,1,147.748,147.748,6768.281127324905,
8,1548,3737.021576,RF,1,0.05,0,0.0,16,2967.278,2967.278,337.0092050694273,10.58
8,1549,3753.519467,NB,16,1.0,16,1.0,6,132.486,8.280375,120767.47731835817,
8,1550,3753.694999,AB,1,0.01,0,0.0,27,7883.537,7883.537,126.8466171973316,2.0
8,1551,3774.353203,SGD,1,0.5,0,0.0,5,173.107,173.107,5776.7739028462165,
8,1552,3774.708858,MLP,32,0.5,17,0.53125,10,206.621,6.45690625,154872.9315994018,
8,1553,3774.986135,AB,64,0.05,2,0.03125,6,8256.352,129.0055,7751.607489603156,
8,1554,3783.283362,NB,1,1.0,1,1.0,22,105.152,105.152,9510.042604990871,
8,1555,3783.439117,AB,16,0.0,0,0.0,27,7957.544,497.3465,2010.670629028253,
8,1556,3791.441649,RF,8,0.01,0,0.0,12,3152.89,394.11125,2537.35461750965,
8,1557,3794.641767,GB,16,0.05,0,0.0,11,268.702,16.793875,59545.51882754874,
8,1558,3794.989924,SGD,100,0.1,9,0.09,26,180.343,1.8034299999999999,554498.9270445762,
8,1559,3795.217292,AB,32,0.0,0,0.0,26,8494.002,265.4375625,3767.3643118991495,
8,1560,3803.812038,GB,100,0.1,12,0.12,8,315.036,3.15036,317424.0404271258,
8,1561,3804.171611,GB,16,0.0,0,0.0,21,230.107,14.3816875,69532.86949114977,
8,1562,3804.444833,SGD,1,0.5,0,0.0,21,173.486,173.486,5764.153879851977,
8,1563,3804.80462,GB,32,0.5,13,0.40625,10,233.453,7.29540625,137072.5585021396,
8,1564,3805.08173,DT,8,0.01,0,0.0,8,93.001,11.625125,86020.5804238664,
8,1565,3805.223148,AB,64,0.0,0,0.0,28,8309.681,129.838765625,7701.860035300993,
8,1566,3813.59069,MLP,100,1.0,100,1.0,8,241.815,2.41815,413539.2758927279,
8,1567,3813.910755,RF,64,0.05,4,0.0625,19,3791.144,59.236625,16881.447921788254,
8,1568,3817.786479,SGD,100,0.01,1,0.01,18,182.347,1.8234700000000001,548404.9641617356,
8,1569,3818.012346,LoR,8,0.1,0,0.0,12,155.071,19.383875,51589.27201088534,
8,1570,3818.241169,GB,100,0.1,7,0.07,25,274.919,2.74919,363743.50263168424,
8,1571,3818.561138,MLP,32,0.0,0,0.0,14,202.286,6.3214375,158191.8669606399,
8,1572,3818.833524,DT,64,0.05,5,0.078125,22,100.175,1.565234375,638881.956575992,
8,1573,3818.976654,NB,32,0.0,0,0.0,13,126.591,3.95596875,252782.583280012,
8,1574,3819.160343,NB,8,0.05,1,0.125,14,147.282,18.41025,54317.567659320215,
8,1575,3819.377969,LoR,100,0.05,7,0.07,10,169.706,1.6970599999999998,589254.357535974,
8,1576,3819.586581,DT,8,1.0,8,1.0,13,91.021,11.377625,87891.8051878138,
8,1577,3819.743576,DT,64,0.1,5,0.078125,29,94.453,1.475828125,677585.6775327411,
8,1578,3819.879164,DT,32,1.0,32,1.0,14,95.235,2.97609375,336010.92035491153,
8,1579,3820.014955,LoR,32,0.0,0,0.0,20,155.799,4.86871875,205392.84591043586,
8,1580,3820.226704,SGD,100,0.01,0,0.0,20,164.837,1.64837,606659.9125196406,
8,1581,3820.432648,SGD,8,0.05,0,0.0,25,147.369,18.421125,54285.50102124599,
8,1582,3820.638782,RF,16,0.1,4,0.25,14,3331.902,208.243875,4802.062005425129,
8,1583,3824.013012,SGD,1,1.0,1,1.0,4,163.045,163.045,6133.276089423166,
8,1584,3824.333885,AB,1,0.5,0,0.0,5,7779.737,7779.737,128.53904958483815,2.0
8,1585,3844.947053,RF,1,0.1,0,0.0,15,2967.419,2967.419,336.99319172654754,9.01
8,1586,3860.871448,RF,8,0.05,1,0.125,26,3075.157,384.394625,2601.4931920549097,
8,1587,3864.010664,MLP,8,0.1,1,0.125,2,198.451,24.806375,40312.2181294123,
8,1588,3864.274193,AB,32,0.5,20,0.625,24,8096.94,253.029375,3952.1103033985682,
8,1589,3872.41715,GB,16,0.05,0,0.0,23,232.073,14.5045625,68943.82371064277,
8,1590,3872.692098,RF,1,0.05,0,0.0,22,2918.463,2918.463,342.6461120116993,9.01
8,1591,3888.456695,GB,16,0.1,2,0.125,25,231.009,14.4380625,69261.37076910424,
8,1592,3888.749832,AB,16,0.1,1,0.0625,0,8065.162,504.072625,1983.841118132531,
8,1593,3896.857444,NB,8,1.0,8,1.0,20,113.085,14.135625,70743.24623071142,
8,1594,3897.047428,RF,100,0.1,6,0.06,15,3840.311,38.40311,26039.557733735626,
8,1595,3900.956213,SGD,32,0.5,11,0.34375,18,175.299,5.47809375,182545.25125642473,
8,1596,3901.206871,AB,100,0.01,4,0.04,4,8518.445,85.18445,11739.231749456621,
8,1597,3909.766263,DT,1,0.0,0,0.0,4,81.099,81.099,12330.608268905904,7.0
8,1598,3910.031,RF,1,0.01,0,0.0,16,2889.645,2889.645,346.0632707477908,7.0
8,1599,3925.659708,DT,32,0.5,16,0.5,22,101.34,3.166875,315768.6994276692,
8,1600,3925.815913,SGD,100,0.0,0,0.0,13,173.978,1.73978,574785.3176838451,
8,1601,3926.033068,DT,16,0.1,0,0.0,15,88.896,5.556,179985.60115190785,
8,1602,3926.18035,NB,16,0.1,1,0.0625,9,117.83,7.364375,135788.84834083,
8,1603,3926.35733,AB,32,0.1,3,0.09375,25,8088.43,252.7634375,3956.268398193469,
8,1604,3934.488995,AB,1,0.5,1,1.0,28,8001.278,8001.278,124.98003443949828,2.0
8,1605,3955.146489,DT,1,1.0,1,1.0,14,114.535,114.535,8730.955603090759,17.0
8,1606,3955.493415,GB,32,0.1,3,0.09375,0,280.823,8.77571875,113950.78038479754,
8,1607,3955.830288,AB,1,0.05,0,0.0,13,8232.305,8232.305,121.472661666447,2.0
8,1608,3976.952669,GB,64,0.1,6,0.09375,24,302.459,4.725921875,211598.92745793646,
8,1609,3977.314538,GB,100,0.0,0,0.0,6,284.523,2.8452300000000004,351465.4351317819,
8,1610,3977.641013,MLP,16,0.0,0,0.0,13,216.234,13.514625,73993.91400057345,
8,1611,3977.906539,NB,64,1.0,64,1.0,6,136.832,2.138,467726.84752104775,
8,1612,3978.096419,NB,100,0.0,0,0.0,2,136.453,1.36453,732853.070287938,
8,1613,3978.304601,GB,100,0.01,1,0.01,18,264.288,2.64288,378375.10594502965,
8,1614,3978.611554,DT,8,0.05,0,0.0,4,92.742,11.59275,86260.80955769769,
8,1615,3978.744669,AB,8,0.01,0,0.0,8,7894.635,986.829375,1013.3464055019642,
8,1616,3986.715884,RF,100,0.05,6,0.06,5,3942.039,39.420390000000005,25367.582613972107,
8,1617,3990.725097,GB,32,0.1,4,0.125,26,244.588,7.643375,130832.25669288763,
8,1618,3991.014599,GB,16,0.01,0,0.0,22,238.156,14.88475,67182.85493542047,
8,1619,3991.340064,NB,8,0.01,1,0.125,27,115.482,14.43525,69274.86534698048,
8,1620,3991.511742,NB,16,0.1,1,0.0625,10,110.757,6.9223125,144460.39527975657,
8,1621,3991.659519,DT,1,0.01,0,0.0,17,87.62,87.62,11412.91942478886,7.0
8,1622,3991.954272,RF,8,0.5,5,0.625,2,3208.534,401.06675,2493.3505457632673,
8,1623,3995.257334,AB,64,0.5,33,0.515625,5,8236.076,128.6886875,7770.690799842061,
8,1624,4003.556457,NB,16,0.05,1,0.0625,9,114.035,7.1271875,140307.80023676943,
8,1625,4003.707032,RF,1,1.0,1,1.0,3,2903.849,2903.849,344.3705233984274,23.56
8,1626,4019.99745,LoR,16,0.05,1,0.0625,5,191.627,11.9766875,83495.54081627328,
8,1627,4020.276494,DT,100,0.01,1,0.01,1,107.811,1.0781100000000001,927549.136915528,
8,1628,4020.42475,GB,8,0.01,0,0.0,29,255.605,31.950625,31298.292286927095,
8,1629,4020.720364,LoR,8,0.0,0,0.0,15,159.486,19.93575,50161.14267083004,
8,1630,4020.919823,DT,1,0.5,1,1.0,14,85.256,85.256,11729.379750398799,29.0
8,1631,4021.190948,AB,8,0.01,0,0.0,19,7917.886,989.73575,1010.3706974311071,
8,1632,4029.172042,SGD,16,0.5,9,0.5625,25,156.13,9.758125,102478.7036443989,
8,1633,4029.408507,RF,32,1.0,32,1.0,14,3950.286,123.4464375,8100.679292587929,
8,1634,4033.466615,RF,100,0.05,3,0.03,26,3647.171,36.47171,27418.511498364074,
8,1635,4037.162673,GB,32,0.01,0,0.0,27,391.405,12.23140625,81756.74812534332,
8,1636,4037.59573,NB,16,0.0,0,0.0,24,136.862,8.553875,116906.08057751604,
8,1637,4037.783563,NB,64,0.0,0,0.0,13,128.95,2.01484375,496316.4017060877,
8,1638,4037.978019,DT,64,0.01,1,0.015625,1,97.828,1.5285625,654209.4287933925,
8,1639,4038.131819,AB,100,0.01,0,0.0,15,8612.281,86.12281000000002,11611.325733565822,
8,1640,4046.788712,DT,8,0.01,0,0.0,15,81.789,10.223625,97812.66429470955,
8,1641,4046.908292,AB,1,1.0,1,1.0,11,7737.119,7737.119,129.24707504175652,2.0
8,1642,4067.859389,RF,100,0.1,11,0.11,18,4124.85,41.24850000000001,24243.30581718123,
8,1643,4072.032973,MLP,1,0.01,0,0.0,24,210.506,210.506,4750.458419237457,
8,1644,4072.410292,RF,16,0.0,0,0.0,19,3207.301,200.4563125,4988.618155888706,
8,1645,4075.688008,NB,32,0.05,1,0.03125,23,137.009,4.28153125,233561.29889277348,
8,1646,4075.880254,SGD,100,1.0,100,1.0,7,180.856,1.80856,552926.0848409785,
8,1647,4076.104146,SGD,1,0.0,0,0.0,12,149.878,149.878,6672.093302552744,
8,1648,4076.406181,MLP,8,0.05,0,0.0,25,179.28,22.41,44622.936189201246,
8,1649,4076.655402,MLP,64,0.01,1,0.015625,22,200.443,3.131921875,319292.7665221534,
8,1650,4076.915017,SGD,8,0.1,1,0.125,16,149.629,18.703625,53465.5715135435,
8,1651,4077.101585,LoR,1,0.0,0,0.0,2,145.006,145.006,6896.266361391942,
8,1652,4077.390383,MLP,8,0.0,0,0.0,8,166.818,20.85225,47956.455538371156,
8,1653,4077.626365,RF,64,0.5,38,0.59375,13,4200.647,65.635109375,15235.748207359486,
8,1654,4081.883321,DT,64,0.01,0,0.0,9,106.461,1.663453125,601159.1099087929,
8,1655,4082.041669,RF,64,0.01,0,0.0,4,3399.492,53.1170625,18826.34228878903,
8,1656,4085.522406,SGD,100,0.5,47,0.47,14,181.944,1.81944,549619.6631930704,
8,1657,4085.747753,GB,8,0.05,0,0.0,13,259.495,32.436875,30829.11038748338,
8,1658,4086.063771,SGD,100,1.0,100,1.0,24,172.439,1.7243899999999999,579915.216395363,
8,1659,4086.276513,RF,8,0.0,0,0.0,10,3028.537,378.567125,2641.539462783516,
8,1660,4089.352554,AB,32,1.0,32,1.0,1,8183.97,255.7490625,3910.0827593454032,
8,1661,4097.581404,NB,8,0.1,0,0.0,2,114.914,14.36425,69617.27900864994,
8,1662,4097.77131,MLP,100,0.1,9,0.09,0,235.924,2.3592400000000002,423865.31255828147,
8,1663,4098.050232,DT,8,0.01,0,0.0,9,89.672,11.209,89214.0244446427,
8,1664,4098.179328,NB,16,0.0,0,0.0,19,113.802,7.112625,140595.06862796788,
8,1665,4098.364664,DT,64,0.1,4,0.0625,16,96.705,1.511015625,661806.5249987075,
8,1666,4098.520075,SGD,32,0.5,14,0.4375,16,160.123,5.00384375,199846.36810451967,
8,1667,4098.725907,AB,32,0.0,0,0.0,2,8120.161,253.75503125,3940.8085627858854,
8,1668,4106.911308,NB,16,0.1,1,0.0625,5,113.964,7.12275,140395.21252325297,
8,1669,4107.063823,MLP,8,0.0,0,0.0,25,202.151,25.268875,39574.377569242795,
8,1670,4107.343916,NB,32,0.05,1,0.03125,26,118.847,3.71396875,269253.746413456,
8,1671,4107.515763,SGD,100,1.0,100,1.0,28,168.882,1.68882,592129.4158051184,
8,1672,4107.72796,RF,32,1.0,32,1.0,18,3820.261,119.38315625,8376.391037156885,
8,1673,4111.592492,AB,1,0.1,0,0.0,19,7760.955,7760.955,128.85012218212836,2.0
8,1674,4131.985645,MLP,1,0.05,0,0.0,16,173.616,173.616,5759.837802967468,
8,1675,4132.317231,LoR,1,0.5,1,1.0,3,148.747,148.747,6722.82466200999,
8,1676,4132.638847,MLP,64,0.05,3,0.046875,19,202.015,3.156484375,316808.1578100636,
8,1677,4132.882555,RF,1,0.05,1,1.0,2,2974.374,2974.374,336.20519813580944,12.52
8,1678,4148.723544,RF,32,0.05,2,0.0625,20,3319.117,103.72240625,9641.118405889276,
8,1679,4152.089476,AB,8,0.01,0,0.0,27,8118.228,1014.7785,985.4367233834773,
8,1680,4160.267781,AB,100,0.0,0,0.0,15,9624.772,96.24772000000002,10389.856507769742,
8,1681,4169.96296,NB,32,0.5,13,0.40625,28,131.365,4.10515625,243596.08723784873,
8,1682,4170.137402,MLP,8,0.05,0,0.0,1,190.853,23.856625,41917.077541353814,
8,1683,4170.373967,NB,32,1.0,32,1.0,10,124.803,3.90009375,256404.09285033212,
8,1684,4170.561132,SGD,16,0.05,2,0.125,10,164.742,10.296375,97121.55977224995,
8,1685,4170.797201,SGD,64,0.01,1,0.015625,14,167.788,2.6216875,381433.7139723937,
8,1686,4171.022767,NB,100,0.01,0,0.0,20,146.172,1.46172,684125.5507210684,
8,1687,4171.240457,DT,32,0.1,1,0.03125,13,100.312,3.13475,319004.7053194035,
8,1688,4171.393302,LoR,100,0.0,0,0.0,1,171.217,1.7121700000000002,584054.1535011126,
8,1689,4171.605181,RF,16,0.0,0,0.0,8,3019.54,188.72125,5298.820350119555,
8,1690,4174.671824,AB,32,1.0,32,1.0,16,8051.216,251.6005,3974.5548995331883,
8,1691,4182.766633,SGD,1,0.1,1,1.0,29,151.734,151.734,6590.480709662962,
8,1692,4183.069726,SGD,16,0.0,0,0.0,25,153.718,9.607375,104086.70422461911,
8,1693,4183.29871,RF,16,0.05,0,0.0,24,3045.784,190.3615,5253.163060807989,
8,1694,4186.395259,LoR,32,0.01,0,0.0,18,168.088,5.25275,190376.46946837372,
8,1695,4186.624911,SGD,8,0.01,1,0.125,24,155.205,19.400625,51544.73116201153,
8,1696,4186.848256,NB,64,0.1,11,0.171875,3,132.202,2.06565625,484107.6534394336,
8,1697,4187.019675,NB,1,0.01,0,0.0,26,101.876,101.876,9815.854568298715,
8,1698,4187.168609,NB,1,0.01,0,0.0,7,137.264,137.264,7285.231378948595,
8,1699,4187.37975,DT,64,0.5,23,0.359375,18,104.249,1.628890625,613914.7617722952,
8,1700,4187.549273,RF,64,0.1,10,0.15625,18,3891.381,60.802828125,16446.60340377876,
8,1701,4191.493924,RF,16,0.05,0,0.0,1,3173.267,198.3291875,5042.122204025063,
8,1702,4194.725444,DT,64,1.0,64,1.0,13,127.6,1.99375,501567.39811912226,
8,1703,4194.895587,GB,16,0.0,0,0.0,16,269.854,16.865875,59291.320491821505,
8,1704,4195.208793,AB,1,0.05,1,1.0,18,8177.452,8177.452,122.28748025668631,2.0
8,1705,4216.357565,MLP,32,0.0,0,0.0,24,231.76,7.2425,138073.86952019332,
8,1706,4216.652279,LoR,100,0.0,0,0.0,5,178.967,1.78967,558762.2299083071,
8,1707,4216.875882,SGD,8,1.0,8,1.0,4,158.29,19.78625,50540.14782993241,
8,1708,4217.077903,RF,32,1.0,32,1.0,29,3970.916,124.091125,8058.594037244807,
8,1709,4221.097148,DT,8,0.1,0,0.0,12,97.096,12.137,82392.68352970255,
8,1710,4221.235838,GB,1,0.5,1,1.0,17,250.866,250.866,3986.191831495699,4.0
8,1711,4233.999333,DT,16,0.0,0,0.0,22,89.875,5.6171875,178025.0347705146,
8,1712,4234.159263,DT,64,0.5,36,0.5625,24,103.276,1.6136875,619698.671520973,
8,1713,4234.304166,RF,32,0.0,0,0.0,21,3327.349,103.97965625,9617.265877429749,
8,1714,4237.696866,LoR,16,0.5,8,0.5,4,172.642,10.790125,92677.33228299023,
8,1715,4237.913866,RF,16,0.1,0,0.0,3,3022.275,188.8921875,5294.025196251168,
8,1716,4240.982963,NB,32,1.0,32,1.0,26,134.141,4.19190625,238554.95336996147,
8,1717,4241.169712,SGD,64,0.0,0,0.0,3,171.703,2.682859375,372736.64408892096,
8,1718,4241.397729,MLP,100,1.0,100,1.0,18,238.481,2.38481,419320.6167367631,
8,1719,4241.678891,AB,1,0.05,0,0.0,1,7808.364,7808.364,128.06780011792483,2.0
8,1720,4262.214657,SGD,64,1.0,64,1.0,2,168.385,2.631015625,380081.3611663747,
8,1721,4262.432987,NB,64,0.0,0,0.0,3,131.187,2.049796875,487853.21716328594,
8,1722,4262.601537,RF,1,0.0,0,0.0,15,2955.44,2955.44,338.3590937390033,7.0
8,1723,4278.272666,AB,100,0.5,54,0.54,10,8473.978,84.73978,11800.833091612936,
8,1724,4286.825188,SGD,100,0.05,5,0.05,2,168.735,1.6873500000000001,592645.2721723412,
8,1725,4287.054532,SGD,16,0.5,6,0.375,27,150.727,9.4204375,106152.1824225255,
8,1726,4287.267019,SGD,8,0.5,5,0.625,6,148.006,18.50075,54051.862762320445,
8,1727,4287.458685,NB,16,1.0,16,1.0,23,112.145,7.0090625,142672.43301083418,
8,1728,4287.607545,LoR,1,0.0,0,0.0,24,145.942,145.942,6852.037110632991,
8,1729,4287.912489,NB,16,0.0,0,0.0,12,111.601,6.9750625,143367.89096871892,
8,1730,4288.074255,AB,64,0.01,0,0.0,16,8268.672,129.198,7740.057895633059,
8,1731,4296.421665,SGD,100,0.5,45,0.45,21,168.598,1.68598,593126.8461073085,
8,1732,4296.634899,DT,32,1.0,32,1.0,8,98.761,3.08628125,324014.5401524894,
8,1733,4296.792604,LoR,16,0.1,3,0.1875,18,152.609,9.5380625,104843.09575450988,
8,1734,4296.984862,SGD,1,0.5,1,1.0,19,145.828,145.828,6857.393641824615,
8,1735,4297.314781,AB,100,0.05,6,0.06,23,8416.254,84.16254,11881.770678499008,
8,1736,4305.775325,DT,8,0.1,0,0.0,9,81.376,10.172,98309.08375933935,
8,1737,4305.930165,NB,100,0.5,47,0.47,13,142.254,1.42254,702967.9306030059,
8,1738,4306.109085,AB,1,0.0,0,0.0,19,7663.15,7663.15,130.49463993266477,2.0
8,1739,4326.753982,RF,32,0.0,0,0.0,29,3297.444,103.045125,9704.486262693164,
8,1740,4330.14264,NB,100,0.05,6,0.06,29,164.648,1.64648,607356.2994995384,
8,1741,4330.34881,AB,16,1.0,16,1.0,29,8078.035,504.8771875,1980.6797073793318,
8,1742,4338.489539,AB,8,0.1,1,0.125,26,7832.482,979.06025,1021.3876010184256,
8,1743,4346.367547,SGD,32,0.0,0,0.0,3,172.688,5.3965,185305.29046604282,
8,1744,4346.591714,NB,64,0.01,0,0.0,2,125.508,1.9610625,509927.65401408676,
8,1745,4346.756203,NB,16,1.0,16,1.0,18,105.959,6.6224375,151001.80258401835,
8,1746,4346.909578,MLP,64,0.01,0,0.0,0,218.257,3.410265625,293232.2903732755,
8,1747,4347.194417,GB,32,0.01,1,0.03125,3,305.866,9.5583125,104620.9778138139,
8,1748,4347.575007,LoR,100,0.1,8,0.08,19,171.161,1.71161,584245.2427831106,
8,1749,4347.807439,GB,32,0.1,5,0.15625,14,229.821,7.18190625,139238.79889131107,
8,1750,4348.099753,RF,32,0.1,6,0.1875,0,3452.56,107.8925,9268.48483444169,
8,1751,4351.598263,SGD,16,0.01,0,0.0,19,165.844,10.36525,96476.20655555824,
8,1752,4351.805329,MLP,1,0.1,0,0.0,26,199.308,199.308,5017.360065827765,
8,1753,4352.157872,SGD,1,0.5,0,0.0,22,142.127,142.127,7035.960795626446,
8,1754,4352.466827,GB,64,0.0,0,0.0,9,258.704,4.04225,247386.97507576225,
8,1755,4352.769239,SGD,8,0.05,0,0.0,24,155.29,19.41125,51516.51748341812,
8,1756,4352.986827,RF,32,0.05,4,0.125,3,3284.877,102.65240625,9741.612851866295,
8,1757,4356.315836,MLP,1,0.1,0,0.0,23,177.319,177.319,5639.553572939167,
8,1758,4356.644674,SGD,16,0.0,0,0.0,13,152.359,9.5224375,105015.12874198439,
8,1759,4356.839884,MLP,16,0.1,0,0.0,20,172.482,10.780125,92763.30283739752,
8,1760,4357.051285,GB,1,0.0,0,0.0,3,207.256,207.256,4824.950785501988,4.0
8,1761,4369.675332,NB,100,0.01,1,0.01,6,146.6,1.466,682128.2401091405,
8,1762,4369.869058,DT,64,1.0,64,1.0,7,112.076,1.7511875,571041.0792676399,
8,1763,4370.037565,RF,8,0.5,4,0.5,28,3198.793,399.849125,2500.9433245602327,
8,1764,4373.28685,DT,32,0.05,0,0.0,1,97.689,3.05278125,327570.14607581205,
8,1765,4373.423692,RF,8,1.0,8,1.0,29,3724.758,465.59475,2147.790541023068,
8,1766,4377.229232,AB,8,0.1,0,0.0,7,8119.267,1014.908375,985.3106197887075,
8,1767,4385.417697,RF,8,0.05,2,0.25,24,3106.353,388.294125,2575.367319812011,
8,1768,4388.599678,MLP,64,0.05,4,0.0625,6,250.774,3.91834375,255209.8702417316,
8,1769,4388.892386,GB,1,0.1,0,0.0,15,250.911,250.911,3985.4769220958824,4.0
8,1770,4401.785041,DT,100,1.0,100,1.0,28,121.377,1.21377,823879.3181574764,
8,1771,4401.948027,NB,16,1.0,16,1.0,1,120.22,7.51375,133089.33621693563,
8,1772,4402.134376,LoR,64,0.1,6,0.09375,8,171.308,2.6766875,373596.09592079767,
8,1773,4402.378481,GB,100,0.1,7,0.07,29,276.972,2.76972,361047.326083503,
8,1774,4402.718539,NB,32,0.5,18,0.5625,14,123.283,3.85259375,259565.39019978425,
8,1775,4402.897908,LoR,16,0.05,1,0.0625,28,156.256,9.766,102396.06799098915,
8,1776,4403.111689,SGD,16,0.05,1,0.0625,14,196.959,12.3099375,81235.18092597951,
8,1777,4403.366038,RF,16,0.01,2,0.125,20,3300.968,206.3105,4847.063043325473,
8,1778,4406.719004,SGD,64,0.0,0,0.0,23,173.926,2.71759375,367972.58604233986,
8,1779,4406.969079,AB,100,0.05,4,0.04,25,8504.1,85.041,11759.033877776601,
8,1780,4415.535441,GB,8,0.05,1,0.125,11,209.788,26.2235,38133.73500867542,
8,1781,4415.785642,DT,8,1.0,8,1.0,8,90.077,11.259625,88812.90451502604,
8,1782,4415.917237,RF,16,0.01,0,0.0,19,3267.014,204.188375,4897.438456033552,
8,1783,4419.278832,MLP,32,1.0,32,1.0,19,208.875,6.52734375,153201.67564332735,
8,1784,4419.544057,AB,100,0.0,0,0.0,29,8430.351,84.30351,11861.902309880097,
8,1785,4428.053299,RF,100,0.1,13,0.13,23,4689.09,46.8909,21326.09952037602,
8,1786,4432.812781,LoR,1,0.5,0,0.0,29,207.173,207.173,4826.883812079759,
8,1787,4433.238635,DT,100,0.05,5,0.05,15,114.108,1.14108,876362.7440670242,
8,1788,4433.427398,GB,100,0.05,5,0.05,2,327.255,3.27255,305572.1073780385,
8,1789,4433.802765,AB,16,0.01,0,0.0,11,8092.258,505.766125,1977.1984531387902,
8,1790,4441.967873,DT,64,0.05,2,0.03125,28,90.978,1.42153125,703466.7721866826,
8,1791,4442.101238,MLP,32,0.0,0,0.0,25,203.859,6.37059375,156971.23992563487,
8,1792,4442.365901,AB,8,0.05,1,0.125,5,7996.248,999.531,1000.4692200642102,
8,1793,4450.43467,RF,64,0.5,31,0.484375,6,4268.51,66.69546875,14993.52232980595,
8,1794,4454.773297,RF,32,0.01,1,0.03125,25,3339.765,104.36765625,9581.512471685883,
8,1795,4458.188948,RF,64,0.1,4,0.0625,4,3594.862,56.16971875,17803.186881721747,
8,1796,4461.849236,RF,16,0.5,7,0.4375,12,3576.615,223.5384375,4473.503578103878,
8,1797,4465.526483,MLP,16,0.05,0,0.0,13,307.161,19.1975625,52089.946314799075,
8,1798,4465.922474,AB,32,0.5,12,0.375,19,8414.854,262.9641875,3802.7991929509417,
8,1799,4474.422054,DT,64,0.05,0,0.0,11,98.651,1.541421875,648751.6598919423,
8,1800,4474.589395,LoR,32,0.05,1,0.03125,1,184.852,5.776625,173111.46214268712,
8,1801,4474.85742,LoR,100,0.05,6,0.06,16,169.326,1.69326,590576.7572611412,
8,1802,4475.091877,LoR,32,0.1,2,0.0625,10,161.213,5.03790625,198495.1585790228,
8,1803,4475.294729,AB,1,0.5,1,1.0,13,7813.905,7813.905,127.97698461908611,2.0
8,1804,4496.20961,NB,32,0.01,0,0.0,3,140.126,4.3789375,228365.8992620927,
8,1805,4496.410906,MLP,16,0.01,2,0.125,7,211.216,13.201,75751.8369820468,
8,1806,4496.692168,SGD,64,0.01,1,0.015625,12,169.021,2.640953125,378651.17352281674,
8,1807,4496.908697,SGD,8,0.05,0,0.0,22,149.788,18.7235,53408.81779581808,
8,1808,4497.127107,DT,64,0.5,40,0.625,26,107.56,1.680625,595016.7348456675,
8,1809,4497.275076,AB,8,0.05,0,0.0,11,7973.809,996.726125,1003.2846284630093,
8,1810,4505.295023,RF,32,1.0,32,1.0,20,4011.705,125.36578125,7976.658303638977,
8,1811,4509.353865,AB,8,0.01,0,0.0,11,8009.985,1001.248125,998.7534308740903,
8,1812,4517.453945,LoR,16,0.01,0,0.0,13,263.834,16.489625,60644.19293949984,
8,1813,4517.800263,GB,1,0.5,1,1.0,22,347.444,347.444,2878.1616605841514,4.0
8,1814,4531.026231,DT,32,0.05,2,0.0625,11,102.769,3.21153125,311377.9447109537,
8,1815,4531.207338,GB,100,0.01,1,0.01,8,329.487,3.2948700000000004,303502.110857181,
8,1816,4531.596367,RF,100,1.0,100,1.0,17,5282.13,52.8213,18931.756696635635,
8,1817,4536.96234,DT,100,0.05,4,0.04,11,112.862,1.12862,886037.8160939909,
8,1818,4537.121402,RF,32,0.01,0,0.0,18,3242.487,101.32771875,9868.96786324818,
8,1819,4540.44398,LoR,100,0.1,11,0.11,21,199.189,1.99189,502035.75498647016,
8,1820,4540.703079,SGD,8,0.5,6,0.75,26,161.869,20.233625,49422.681304017446,
8,1821,4540.938197,SGD,100,0.05,4,0.04,4,165.88,1.6588,602845.4304316373,
8,1822,4541.162621,DT,16,0.5,11,0.6875,22,95.68,5.98,167224.08026755851,
8,1823,4541.297211,RF,1,0.5,0,0.0,19,2956.193,2956.193,338.2729070801534,6.96
8,1824,4557.097932,DT,8,0.5,2,0.25,6,92.657,11.582125,86339.94193638905,
8,1825,4557.233,DT,16,0.01,0,0.0,8,88.01,5.500625,181797.523008749,
8,1826,4557.392033,AB,100,0.1,8,0.08,8,8567.398,85.67397999999999,11672.155303162059,
8,1827,4566.026569,SGD,32,0.01,1,0.03125,26,158.119,4.94121875,202379.22071351323,
8,1828,4566.229145,RF,32,0.0,0,0.0,23,3204.072,100.12725,9987.29117198365,
8,1829,4569.483248,SGD,32,0.01,0,0.0,4,170.21,5.3190625,188003.05504964455,
8,1830,4569.69789,GB,16,0.01,0,0.0,1,250.139,15.6336875,63964.43577370982,
8,1831,4570.000344,GB,64,0.01,0,0.0,23,247.747,3.871046875,258328.05240830363,
8,1832,4570.289976,DT,1,0.5,1,1.0,17,90.137,90.137,11094.223237959994,27.0
8,1833,4570.592295,AB,16,0.1,1,0.0625,25,8348.144,521.759,1916.5936763908242,
8,1834,4578.988329,GB,1,0.1,0,0.0,11,241.084,241.084,4147.931841183986,4.0
8,1835,4591.814963,MLP,100,0.01,2,0.02,19,258.261,2.5826100000000003,387205.1916472096,
8,1836,4592.115766,LoR,1,0.05,0,0.0,6,156.804,156.804,6377.388331930308,
8,1837,4592.436071,AB,8,0.01,0,0.0,3,8370.392,1046.299,955.7497426643818,
8,1838,4600.865668,RF,32,0.05,0,0.0,2,3162.425,98.82578125,10118.817047044593,
8,1839,4604.073904,DT,8,0.0,0,0.0,19,96.667,12.083375,82758.33531608511,
8,1840,4604.21268,RF,1,0.01,0,0.0,8,2974.585,2974.585,336.1813496672645,7.01
8,1841,4620.04671,LoR,1,0.01,0,0.0,28,169.819,169.819,5888.622592289438,
8,1842,4620.401467,LoR,32,0.5,16,0.5,0,155.781,4.86815625,205416.57840173063,
8,1843,4620.598243,RF,1,0.05,0,0.0,13,2943.08,2943.08,339.7800943229542,7.0
8,1844,4636.28948,SGD,1,0.05,0,0.0,9,159.874,159.874,6254.9257540313,
8,1845,4636.624861,SGD,16,0.5,9,0.5625,3,153.39,9.586875,104309.27700632375,
8,1846,4636.822253,NB,32,1.0,32,1.0,23,124.797,3.89990625,256416.4202665128,
8,1847,4636.984072,DT,1,1.0,1,1.0,11,87.761,87.761,11394.583015234559,24.0
8,1848,4637.287367,MLP,64,0.1,7,0.109375,10,227.391,3.552984375,281453.53158216464,
8,1849,4637.576097,LoR,16,0.5,6,0.375,10,153.299,9.5811875,104371.19615913997,
8,1850,4637.767663,AB,1,1.0,1,1.0,4,7776.199,7776.199,128.59753203332374,2.0
8,1851,4658.165365,MLP,1,0.5,0,0.0,5,176.491,176.491,5666.011298026528,
8,1852,4658.504852,LoR,64,0.01,0,0.0,10,158.202,2.47190625,404546.08664871496,
8,1853,4658.739867,LoR,100,0.5,54,0.54,20,160.945,1.6094499999999998,621330.2681040107,
8,1854,4658.974696,RF,100,0.5,56,0.56,5,5155.31,51.5531,19397.475612523784,
8,1855,4664.186255,LoR,8,1.0,8,1.0,17,188.774,23.59675,42378.71740811764,
8,1856,4664.427428,GB,64,1.0,64,1.0,2,308.761,4.824390625,207280.06451592006,
8,1857,4664.800154,NB,16,0.1,1,0.0625,12,126.223,7.8889375,126759.78229007391,
8,1858,4664.963103,NB,1,0.0,0,0.0,3,102.461,102.461,9759.811050058071,
8,1859,4665.11493,RF,1,0.05,1,1.0,21,3025.465,3025.465,330.5277040058305,19.16
8,1860,4681.029884,DT,64,0.01,0,0.0,2,96.985,1.515390625,659895.8601845646,
8,1861,4681.184477,LoR,8,0.5,4,0.5,22,159.782,19.97275,50068.21794695272,
8,1862,4681.41321,LoR,64,0.05,1,0.015625,12,160.244,2.5038125,399390.9288335289,
8,1863,4681.647,NB,100,0.5,52,0.52,2,143.197,1.43197,698338.6523460686,
8,1864,4681.847418,DT,16,0.1,4,0.25,4,93.507,5.8441875,171110.18426427967,
8,1865,4681.977331,LoR,8,0.0,0,0.0,29,153.219,19.152375,52212.84566535482,
8,1866,4682.172664,LoR,32,1.0,32,1.0,6,151.397,4.73115625,211364.82228842052,
8,1867,4682.38604,MLP,16,0.5,8,0.5,28,188.95,11.809375,84678.48637205611,
8,1868,4682.647561,AB,100,0.05,5,0.05,15,8605.904,86.05904000000001,11619.929759848586,
8,1869,4691.34625,RF,100,0.1,1,0.01,1,3641.8,36.418,27458.9488714372,
8,1870,4695.051978,SGD,32,0.01,0,0.0,19,206.326,6.4476875,155094.36522784331,
8,1871,4695.302947,RF,8,0.01,0,0.0,21,2991.816,373.977,2673.9612329100455,
8,1872,4698.336701,DT,1,0.0,0,0.0,19,92.949,92.949,10758.588042905249,7.0
8,1873,4698.658585,MLP,100,0.1,6,0.06,17,243.639,2.4363900000000003,410443.31982974807,
8,1874,4698.972242,MLP,64,0.5,32,0.5,4,205.787,3.215421875,311001.1808326085,
8,1875,4699.273419,SGD,16,0.1,2,0.125,29,157.238,9.827375,101756.5728386268,
8,1876,4699.488368,SGD,8,0.5,3,0.375,23,150.006,18.75075,53331.20008532992,
8,1877,4699.687512,AB,32,0.01,0,0.0,28,8146.262,254.5706875,3928.1820299911788,
8,1878,4707.878934,AB,8,0.1,0,0.0,16,7913.745,989.218125,1010.8993908699358,
8,1879,4715.862529,LoR,32,0.1,2,0.0625,29,158.203,4.94384375,202271.76475793758,
8,1880,4716.082496,SGD,16,0.05,1,0.0625,28,153.638,9.602375,104140.90264127364,
8,1881,4716.277272,DT,8,0.05,0,0.0,26,88.788,11.0985,90102.26607199172,
8,1882,4716.422352,SGD,8,0.5,4,0.5,0,151.952,18.994,52648.20469621986,
8,1883,4716.618706,SGD,32,0.01,0,0.0,22,150.416,4.7005,212743.32517817253,
8,1884,4716.828619,LoR,16,0.1,1,0.0625,17,148.277,9.2673125,107906.14862723148,
8,1885,4717.034966,GB,16,0.5,9,0.5625,9,252.43,15.776875,63383.90841025235,
8,1886,4717.343002,MLP,100,1.0,100,1.0,6,229.626,2.29626,435490.7545312813,
8,1887,4717.626092,RF,64,1.0,64,1.0,25,4606.934,71.98334375,13892.102643536895,
8,1888,4722.280268,AB,8,0.1,0,0.0,5,7982.845,997.855625,1002.148983225905,
8,1889,4730.342097,AB,100,0.1,9,0.09,2,8412.021,84.12021,11887.749685836494,
8,1890,4738.794379,LoR,1,1.0,1,1.0,19,147.308,147.308,6788.497569717871,
8,1891,4739.102848,GB,64,1.0,64,1.0,4,276.436,4.3193125,231518.32612250216,
8,1892,4739.443639,GB,32,0.1,6,0.1875,15,231.698,7.2405625,138110.8166665228,
8,1893,4739.741533,SGD,64,0.5,30,0.46875,3,165.949,2.592953125,385660.6547794804,
8,1894,4739.950465,LoR,32,1.0,32,1.0,4,152.385,4.76203125,209994.422023165,
8,1895,4740.17009,DT,64,0.05,1,0.015625,12,94.792,1.481125,675162.4609671702,
8,1896,4740.31845,MLP,8,0.5,4,0.5,9,175.239,21.904875,45651.93821010163,
8,1897,4740.536443,AB,16,0.05,0,0.0,5,8333.672,520.8545,1919.9219743709614,
8,1898,4748.96337,DT,100,0.5,45,0.45,10,112.266,1.12266,890741.6314823722,
8,1899,4749.119466,RF,8,0.1,0,0.0,12,3234.653,404.331625,2473.2173744757165,
8,1900,4752.409334,AB,64,1.0,64,1.0,28,8150.729,127.355140625,7852.0583864339005,
8,1901,4760.611584,MLP,64,0.0,0,0.0,20,229.152,3.5805,279290.60187124705,
8,1902,4760.883486,NB,1,0.1,0,0.0,16,109.017,109.017,9172.881293743178,
8,1903,4761.04513,RF,16,0.01,0,0.0,6,3063.169,191.4480625,5223.348760711538,
8,1904,4764.181615,DT,64,0.5,26,0.40625,1,106.584,1.665375,600465.3606545072,
8,1905,4764.362138,LoR,100,0.05,3,0.03,26,176.077,1.76077,567933.3473423559,
8,1906,4764.599956,NB,32,0.05,2,0.0625,10,118.892,3.715375,269151.8352790768,
8,1907,4764.76998,DT,64,0.01,0,0.0,27,97.34,1.5209375,657489.2130675981,
8,1908,4764.906313,SGD,8,0.01,0,0.0,20,156.751,19.593875,51036.35702483557,
8,1909,4765.102645,DT,1,0.1,1,1.0,16,83.968,83.968,11909.298780487805,14.0
8,1910,4765.409173,MLP,16,0.1,2,0.125,16,185.239,11.5774375,86374.8994542186,
8,1911,4765.635706,LoR,1,0.01,0,0.0,19,145.021,145.021,6895.5530578330045,
8,1912,4765.944081,MLP,64,1.0,64,1.0,1,194.815,3.043984375,328516.7979878346,
8,1913,4766.178056,MLP,8,1.0,8,1.0,1,161.8,20.225,49443.757725587144,
8,1914,4766.388484,LoR,64,0.0,0,0.0,9,149.329,2.333265625,428583.8651568014,
8,1915,4766.611386,DT,100,0.05,6,0.06,7,97.898,0.97898,1021471.3272998427,
8,1916,4766.779765,NB,100,0.1,14,0.14,13,140.389,1.40389,712306.5197415751,
8,1917,4766.981699,GB,8,0.05,1,0.125,2,279.516,34.9395,28620.90184461712,
8,1918,4767.332995,AB,32,0.01,0,0.0,5,7928.236,247.757375,4036.206793036938,
8,1919,4775.329595,DT,16,1.0,16,1.0,4,85.124,5.32025,187961.09205394486,
8,1920,4775.475071,DT,8,0.05,1,0.125,3,81.158,10.14475,98573.15360161659,
8,1921,4775.594242,DT,8,0.05,0,0.0,23,78.64,9.83,101729.3997965412,
8,1922,4775.740406,RF,100,0.5,53,0.53,4,4631.011,46.31011,21593.557000836317,
8,1923,4780.415784,DT,1,0.05,0,0.0,9,92.208,92.208,10845.045982994969,7.0
8,1924,4780.707461,LoR,32,0.01,0,0.0,26,162.843,5.08884375,196508.29326406418,
8,1925,4780.914363,SGD,32,0.0,0,0.0,1,152.651,4.77034375,209628.49899443827,
8,1926,4781.109818,LoR,16,0.01,0,0.0,27,145.15,9.071875,110230.79572855667,
8,1927,4781.299245,RF,8,0.1,0,0.0,5,2998.588,374.8235,2667.9223687949125,
8,1928,4784.34955,SGD,64,1.0,64,1.0,18,169.871,2.654234375,376756.47991711355,
8,1929,4784.55853,LoR,1,1.0,1,1.0,16,146.474,146.474,6827.150210958942,
8,1930,4784.88361,LoR,64,0.1,6,0.09375,6,152.583,2.384109375,419443.8436785225,
8,1931,4785.079005,NB,32,1.0,32,1.0,2,116.395,3.63734375,274925.89887881785,
8,1932,4785.248181,MLP,100,0.0,0,0.0,10,224.487,2.24487,445460.09345752763,
8,1933,4785.532061,GB,8,0.05,1,0.125,1,237.768,29.721,33646.243396924736,
8,1934,4785.809747,LoR,8,1.0,8,1.0,18,149.725,18.715625,53431.290699615965,
8,1935,4786.020803,RF,32,0.1,1,0.03125,21,3142.434,98.2010625,10183.189209383554,
8,1936,4789.24138,GB,100,0.1,8,0.08,12,288.708,2.88708,346370.72751707607,
8,1937,4789.572105,AB,1,0.01,0,0.0,14,7687.62,7687.62,130.0792703073253,2.0
8,1938,4810.458354,LoR,8,0.5,4,0.5,25,179.535,22.441875,44559.556632411506,
8,1939,4810.682981,NB,16,0.1,0,0.0,6,121.257,7.5785625,131951.14508853096,
8,1940,4810.859784,AB,8,0.5,5,0.625,26,7919.896,989.987,1010.1142742278435,
8,1941,4818.841825,AB,100,0.01,0,0.0,3,8321.521,83.21521000000001,12017.03390521997,
8,1942,4827.259442,AB,64,0.5,27,0.421875,26,8152.092,127.3764375,7850.745550957963,
8,1943,4835.474671,DT,16,0.05,1,0.0625,27,83.455,5.2159375,191720.088670541,
8,1944,4835.617912,GB,32,0.5,14,0.4375,28,265.281,8.29003125,120626.80704611336,
8,1945,4835.942645,MLP,100,0.01,0,0.0,20,247.175,2.47175,404571.65975523414,
8,1946,4836.258588,GB,64,0.01,1,0.015625,25,294.439,4.600609375,217362.50972187787,
8,1947,4836.593608,LoR,8,0.0,0,0.0,19,154.775,19.346875,51687.93409788403,
8,1948,4836.790119,MLP,8,0.01,0,0.0,24,172.258,21.53225,46441.964959537436,
8,1949,4837.00487,SGD,16,0.01,0,0.0,2,150.047,9.3779375,106633.25491346045,
8,1950,4837.227297,RF,100,0.01,1,0.01,22,4004.862,40.04862,24969.64939116504,
8,1951,4841.278843,DT,8,0.01,0,0.0,2,95.467,11.933375,83798.59008872176,
8,1952,4841.416518,SGD,8,0.01,0,0.0,16,160.93,20.11625,49711.05449574349,
8,1953,4841.646003,SGD,64,0.1,4,0.0625,19,162.484,2.5388125,393884.936362965,
8,1954,4841.857345,DT,64,1.0,64,1.0,4,109.967,1.718234375,581992.7796520775,
8,1955,4842.007176,GB,16,1.0,16,1.0,3,224.82,14.05125,71168.04554754915,
8,1956,4842.274147,SGD,16,0.0,0,0.0,12,162.47,10.154375,98479.7193327999,
8,1957,4842.486263,SGD,32,0.01,0,0.0,20,153.381,4.79315625,208630.79520931537,
8,1958,4842.707682,RF,64,0.05,2,0.03125,7,3554.262,55.53534375,18006.55100833872,
8,1959,4846.341035,SGD,64,0.5,31,0.484375,9,178.391,2.787359375,358762.49362355727,
8,1960,4846.560591,RF,8,0.0,0,0.0,7,3119.824,389.978,2564.247213945402,
8,1961,4849.747924,LoR,32,0.1,4,0.125,0,170.8,5.3375,187353.6299765808,
8,1962,4849.958038,RF,1,0.0,0,0.0,7,2967.7,2967.7,336.9612831485662,8.79
8,1963,4865.777461,MLP,64,0.1,4,0.0625,2,235.625,3.681640625,271618.0371352785,
8,1964,4866.077552,NB,32,0.05,2,0.0625,14,128.253,4.00790625,249506.83414812913,
8,1965,4866.245942,AB,8,0.01,0,0.0,15,7928.428,991.0535,1009.0272624030893,
8,1966,4874.247128,SGD,64,0.5,33,0.515625,13,166.347,2.599171875,384737.927344647,
8,1967,4874.493208,AB,100,0.5,46,0.46,15,8492.123,84.92123,11775.618417208512,
8,1968,4883.049018,AB,16,0.1,3,0.1875,9,7962.573,497.6608125,2009.4007301408728,
8,1969,4891.057126,SGD,16,0.01,0,0.0,16,154.305,9.6440625,103690.74236090858,
8,1970,4891.285778,SGD,1,0.05,0,0.0,10,144.4,144.4,6925.207756232687,
8,1971,4891.582865,RF,1,0.0,0,0.0,26,2972.996,2972.996,336.36103109455917,8.96
8,1972,4907.36762,RF,32,0.01,0,0.0,6,3243.684,101.365125,9865.325968867497,
8,1973,4910.680363,SGD,32,0.05,1,0.03125,8,171.39,5.3559375,186708.6761187934,
8,1974,4910.897098,AB,32,1.0,32,1.0,2,8019.174,250.5991875,3990.4359227022633,
8,1975,4918.960357,AB,1,0.1,0,0.0,17,7705.783,7705.783,129.77266554222976,2.0
8,1976,4939.727909,AB,1,0.1,0,0.0,12,7930.058,7930.058,126.10248247869058,2.0
8,1977,4960.48574,SGD,100,0.5,50,0.5,29,210.944,2.1094399999999998,474059.4660194175,
8,1978,4960.742147,GB,1,0.1,0,0.0,26,259.884,259.884,3847.87058841637,4.0
8,1979,4974.036077,RF,8,0.05,0,0.0,11,3124.832,390.604,2560.1376329991504,
8,1980,4977.207798,RF,16,1.0,16,1.0,1,3538.544,221.159,4521.633756708974,
8,1981,4980.830508,NB,100,0.5,56,0.56,16,163.095,1.63095,613139.581225666,
8,1982,4981.060311,NB,64,0.1,9,0.140625,16,128.34,2.0053125,498675.39348605264,
8,1983,4981.258221,RF,100,0.05,2,0.02,12,3803.31,38.0331,26292.886985283872,
8,1984,4985.129044,NB,32,0.01,1,0.03125,14,126.947,3.96709375,252073.70004805154,
8,1985,4985.327198,SGD,100,0.1,9,0.09,16,192.875,1.92875,518470.5119896306,
8,1986,4985.559322,NB,8,0.0,0,0.0,21,108.121,13.515125,73991.17655219615,
8,1987,4985.723678,DT,100,1.0,100,1.0,27,119.989,1.1998900000000001,833409.729225179,
8,1988,4985.880632,NB,1,1.0,1,1.0,6,101.641,101.641,9838.549404275833,
8,1989,4986.064425,AB,100,0.05,6,0.06,11,8416.955,84.16955,11880.78111383511,
8,1990,4994.542507,MLP,8,0.1,2,0.25,21,192.919,24.114875,41468.180946407556,
8,1991,4994.804703,SGD,64,0.1,3,0.046875,4,158.719,2.479984375,403228.3469527908,
8,1992,4995.005382,AB,16,0.1,0,0.0,20,7917.405,494.8378125,2020.864159405765,
8,1993,5002.988364,RF,32,0.5,21,0.65625,25,3717.55,116.1734375,8607.819666177993,
8,1994,5006.750456,GB,16,0.0,0,0.0,8,268.897,16.8060625,59502.3373261881,
8,1995,5007.095404,SGD,100,0.1,10,0.1,7,237.852,2.37852,420429.51078822126,
8,1996,5007.387575,RF,100,0.0,0,0.0,15,3703.052,37.03052,27004.751756119007,
8,1997,5011.155924,SGD,16,0.1,1,0.0625,3,217.094,13.568375,73700.79320478687,
8,1998,5011.419917,RF,16,0.01,0,0.0,15,3130.373,195.6483125,5111.21198655879,
8,1999,5014.596458,NB,16,0.01,0,0.0,23,122.874,7.679625,130214.69147256539,
8,2000,5014.760144,AB,16,1.0,16,1.0,12,8269.531,516.8456875,1934.8134737024384,
8,2001,5023.097029,LoR,8,0.1,0,0.0,18,190.266,23.78325,42046.39820041416,
8,2002,5023.358736,RF,32,0.5,14,0.4375,10,3781.218,118.1630625,8462.881537113173,
8,2003,5027.186316,SGD,1,0.1,0,0.0,4,221.86,221.86,4507.346975570179,
8,2004,5027.587781,DT,8,0.5,4,0.5,19,124.141,15.517625,64442.85127395461,
8,2005,5027.751217,AB,1,0.5,0,0.0,14,7739.751,7739.751,129.20312294284403,2.0
8,2006,5048.247966,LoR,32,1.0,32,1.0,23,164.419,5.13809375,194624.70882318952,
8,2007,5048.460753,SGD,32,0.0,0,0.0,20,157.839,4.93246875,202738.2332630085,
8,2008,5048.662229,GB,32,1.0,32,1.0,26,271.166,8.4739375,118008.89492045464,
8,2009,5049.003815,NB,64,0.05,3,0.046875,9,142.324,2.2238125,449678.19903881283,
8,2010,5049.185568,NB,1,0.05,0,0.0,1,103.131,103.131,9696.405542465409,
8,2011,5049.368833,AB,100,0.1,13,0.13,10,8655.059,86.55059,11553.936258551214,
8,2012,5058.067125,GB,1,0.01,0,0.0,13,218.04,218.04,4586.3144377178505,4.0
8,2013,5071.399414,MLP,8,0.5,4,0.5,22,216.535,27.066875,36945.52843651142,
8,2014,5071.669965,LoR,64,1.0,64,1.0,2,167.58,2.6184375,381907.148824442,
8,2015,5071.907618,RF,64,0.1,6,0.09375,24,3859.504,60.30475,16582.441681625412,
8,2016,5075.821701,SGD,64,0.0,0,0.0,4,179.919,2.811234375,355715.6275879701,
8,2017,5076.046797,GB,16,0.0,0,0.0,25,253.277,15.8298125,63171.942181879924,
8,2018,5076.344788,MLP,8,0.01,0,0.0,1,189.088,23.636,42308.343205280085,
8,2019,5076.583197,DT,64,0.0,0,0.0,27,97.114,1.51740625,659019.2969087876,
8,2020,5076.748227,MLP,64,0.5,28,0.4375,12,210.279,3.285609375,304357.5440248432,
8,2021,5076.998476,AB,8,1.0,8,1.0,2,7947.283,993.410375,1006.6333361980439,
8,2022,5085.012937,AB,32,0.5,12,0.375,9,8004.863,250.15196875,3997.5699771501395,
8,2023,5093.089642,DT,64,0.5,31,0.484375,25,97.384,1.521625,657192.1465538486,
8,2024,5093.225997,NB,8,0.0,0,0.0,6,115.491,14.436375,69269.46688486548,
8,2025,5093.378432,MLP,1,0.0,0,0.0,21,168.379,168.379,5938.982889790294,
8,2026,5093.748721,RF,100,0.5,48,0.48,28,4644.775,46.44775,21529.56817068642,
8,2027,5098.437578,DT,1,0.0,0,0.0,12,94.755,94.755,10553.532795103161,7.0
8,2028,5098.770632,AB,100,0.01,1,0.01,5,8634.612,86.34611999999998,11581.296299127282,
8,2029,5107.450556,GB,8,0.01,0,0.0,17,233.809,29.226125,34215.96260195287,
8,2030,5107.740462,GB,100,0.0,0,0.0,7,265.895,2.65895,376088.30553413945,
8,2031,5108.053938,GB,32,0.01,0,0.0,20,228.774,7.1491875,139876.03486410168,
8,2032,5108.332934,RF,64,0.0,0,0.0,3,3517.926,54.96759375,18192.53730749311,
8,2033,5111.896027,SGD,1,0.01,0,0.0,12,168.834,168.834,5922.97759929872,
8,2034,5112.227806,AB,32,0.0,0,0.0,8,8134.31,254.1971875,3933.953832593053,
8,2035,5120.411555,RF,32,0.01,0,0.0,12,3176.918,99.2786875,10072.655321918915,
8,2036,5123.634079,LoR,16,1.0,16,1.0,14,169.432,10.5895,94433.16492752255,
8,2037,5123.886143,NB,100,0.5,57,0.57,21,150.688,1.5068799999999998,663622.8498619664,
8,2038,5124.074462,NB,1,0.0,0,0.0,7,101.551,101.551,9847.268859981685,
8,2039,5124.223585,AB,1,0.05,0,0.0,15,7701.983,7701.983,129.83669270628096,2.0
8,2040,5144.740713,MLP,64,0.1,8,0.125,26,224.588,3.5091875,284966.24930984736,
8,2041,5145.010177,RF,16,0.01,0,0.0,4,3064.363,191.5226875,5221.313532371981,
8,2042,5148.154702,RF,100,0.1,14,0.14,10,3905.005,39.05005,25608.16183333952,
8,2043,5152.138993,SGD,100,0.5,48,0.48,17,185.401,1.8540100000000002,539371.4165511513,
8,2044,5152.367059,NB,1,0.1,0,0.0,19,107.111,107.111,9336.109269822893,
8,2045,5152.530868,DT,64,1.0,64,1.0,16,110.61,1.72828125,578609.5289756804,
8,2046,5152.681703,LoR,1,0.1,0,0.0,8,153.907,153.907,6497.430266329666,
8,2047,5153.014048,DT,16,0.05,1,0.0625,4,89.464,5.5915,178842.8865241885,
8,2048,5153.142332,AB,1,0.01,0,0.0,28,8016.785,8016.785,124.73828348895474,2.0
8,2049,5174.443149,AB,16,1.0,16,1.0,11,7979.902,498.743875,2005.0371545916228,
8,2050,5182.489892,AB,32,0.05,2,0.0625,8,7978.324,249.322625,4010.8674453431577,
8,2051,5190.510419,MLP,8,1.0,8,1.0,10,183.321,22.915125,43639.2993710486,
8,2052,5190.770512,DT,100,0.1,14,0.14,8,97.954,0.97954,1020887.3552892174,
8,2053,5190.908299,NB,1,0.5,0,0.0,9,104.695,104.695,9551.554515497397,
8,2054,5191.086674,LoR,64,0.05,2,0.03125,10,185.238,2.89434375,345501.4629827573,
8,2055,5191.35989,RF,100,0.1,9,0.09,17,3806.104,38.06104,26273.585797970838,
8,2056,5195.21759,AB,16,0.1,0,0.0,11,8087.432,505.4645,1978.378303520821,
8,2057,5203.347101,RF,8,0.0,0,0.0,0,3382.853,422.856625,2364.86776102893,
8,2058,5206.809691,LoR,8,0.5,3,0.375,15,199.983,24.997875,40003.40028902457,
8,2059,5207.054649,RF,1,0.05,0,0.0,28,3051.133,3051.133,327.74710246980385,6.69
8,2060,5222.983752,GB,16,0.1,1,0.0625,19,304.155,19.0096875,52604.75744275123,
8,2061,5223.331197,NB,1,0.05,0,0.0,20,114.548,114.548,8729.964730942487,
8,2062,5223.499058,RF,32,0.0,0,0.0,0,3221.39,100.6684375,9933.6000918858,
8,2063,5226.764667,DT,1,0.5,0,0.0,4,93.401,93.401,10706.523484759264,7.0
8,2064,5227.079753,NB,64,0.5,27,0.421875,29,143.231,2.237984375,446830.6442041178,
8,2065,5227.296553,NB,1,0.5,0,0.0,27,104.052,104.052,9610.579325721754,
8,2066,5227.448284,LoR,1,0.01,0,0.0,4,161.225,161.225,6202.512017367034,
8,2067,5227.803093,RF,64,0.5,31,0.484375,27,4146.224,64.78475,15435.731402837859,
8,2068,5232.031829,SGD,100,0.1,10,0.1,10,184.949,1.84949,540689.5955101135,
8,2069,5232.281357,AB,32,0.01,1,0.03125,6,8039.49,251.2340625,3980.351987501695,
8,2070,5240.392268,SGD,64,0.05,1,0.015625,17,196.409,3.068890625,325850.64839187614,
8,2071,5240.657245,DT,8,0.1,0,0.0,27,85.907,10.738375,93123.95963076351,
8,2072,5240.813678,NB,100,0.01,3,0.03,28,139.925,1.39925,714668.5724495265,
8,2073,5241.036216,LoR,8,0.1,1,0.125,7,150.649,18.831125,53103.57187900351,
8,2074,5241.225062,AB,8,0.0,0,0.0,22,7803.954,975.49425,1025.1213679629584,
8,2075,5249.068581,LoR,1,1.0,1,1.0,21,144.126,144.126,6938.373367747665,
8,2076,5249.387327,GB,32,0.05,1,0.03125,19,251.051,7.84534375,127464.14075227744,
8,2077,5249.712226,LoR,8,0.01,0,0.0,20,180.552,22.569,44308.56484558465,
8,2078,5249.933938,MLP,8,0.01,0,0.0,28,182.032,22.754,43948.31677946734,
8,2079,5250.178508,GB,32,0.5,19,0.59375,3,244.687,7.64646875,130779.32215442586,
8,2080,5250.462236,DT,1,0.0,0,0.0,26,86.805,86.805,11520.073728471862,7.0
8,2081,5250.759432,LoR,32,0.1,3,0.09375,1,216.381,6.76190625,147887.29139804328,
8,2082,5251.037722,LoR,32,0.5,20,0.625,17,151.271,4.72721875,211540.8769691481,
8,2083,5251.296884,NB,32,0.1,7,0.21875,10,117.686,3.6776875,271909.99779073126,
8,2084,5251.470078,GB,32,0.01,0,0.0,15,232.873,7.27728125,137413.95524599246,
8,2085,5251.757724,RF,100,1.0,100,1.0,12,5285.101,52.851009999999995,18921.114279556816,
8,2086,5257.085552,MLP,1,0.0,0,0.0,28,183.805,183.805,5440.548407279453,
8,2087,5257.429149,RF,32,0.0,0,0.0,28,3160.847,98.77646875,10123.868697219446,
8,2088,5260.642037,AB,64,1.0,64,1.0,18,8276.791,129.324859375,7732.465396311204,
8,2089,5268.964501,LoR,32,0.0,0,0.0,3,153.878,4.8086875,207956.9529107475,
8,2090,5269.182845,MLP,32,0.5,24,0.75,18,187.413,5.85665625,170745.8927609077,
8,2091,5269.429647,NB,8,1.0,8,1.0,9,121.698,15.21225,65736.49525875528,
8,2092,5269.604627,GB,100,0.0,0,0.0,24,278.126,2.7812599999999996,359549.2690363361,
8,2093,5269.925675,AB,8,0.05,0,0.0,10,7787.293,973.411625,1027.3146265332512,
8,2094,5277.75556,MLP,1,0.5,0,0.0,18,163.96,163.96,6099.048548426445,
8,2095,5278.105264,DT,32,0.0,0,0.0,2,88.898,2.7780625,359963.10378186236,
8,2096,5278.234178,NB,1,0.5,1,1.0,15,100.82,100.82,9918.666931164453,
8,2097,5278.407721,DT,32,0.5,15,0.46875,4,95.086,2.9714375,336537.4503081421,
8,2098,5278.540935,MLP,16,1.0,16,1.0,15,175.808,10.988,91008.37277029487,
8,2099,5278.777824,DT,32,0.5,18,0.5625,1,92.817,2.90053125,344764.42893004516,
8,2100,5278.909917,MLP,8,0.1,0,0.0,28,170.595,21.324375,46894.69210703713,
8,2101,5279.121252,SGD,8,0.05,0,0.0,29,198.098,24.76225,40384.052337731824,
8,2102,5279.362287,RF,32,1.0,32,1.0,4,3944.013,123.25040625,8113.563520201379,
8,2103,5283.350068,GB,1,0.5,1,1.0,8,225.531,225.531,4433.980251051962,4.0
8,2104,5295.964149,SGD,16,0.1,5,0.3125,20,160.254,10.015875,99841.50161618431,
8,2105,5296.187307,NB,32,0.05,1,0.03125,17,118.441,3.70128125,270176.7124559907,
8,2106,5296.344084,GB,1,0.01,0,0.0,18,208.178,208.178,4803.581550403981,4.0
8,2107,5308.792438,AB,8,0.5,5,0.625,29,7739.454,967.43175,1033.6646486948564,
8,2108,5316.590409,GB,100,0.01,0,0.0,9,256.445,2.56445,389947.1621595274,
8,2109,5316.892552,AB,32,1.0,32,1.0,11,8608.768,269.024,3717.140478172951,
8,2110,5325.571375,AB,16,0.1,0,0.0,7,7906.33,494.145625,2023.6949381065551,
8,2111,5333.52674,LoR,32,0.0,0,0.0,8,173.49,5.4215625,184448.67139316385,
8,2112,5333.743321,AB,8,0.1,0,0.0,6,7868.162,983.52025,1016.7558827588958,
8,2113,5341.678214,SGD,32,0.1,1,0.03125,25,158.323,4.94759375,202118.4540464746,
8,2114,5341.915236,LoR,100,0.01,1,0.01,28,160.341,1.60341,623670.8016040813,
8,2115,5342.132268,AB,8,0.5,4,0.5,15,7924.868,990.6085,1009.4805364581466,
8,2116,5350.098166,SGD,8,0.0,0,0.0,20,149.527,18.690875,53502.04310927124,
8,2117,5350.293388,NB,1,0.01,0,0.0,21,104.882,104.882,9534.524513262522,
8,2118,5350.465599,DT,8,0.05,1,0.125,2,88.207,11.025875,90695.7497704264,
8,2119,5350.593066,GB,8,0.1,0,0.0,19,249.132,31.1415,32111.491097089092,
8,2120,5350.880825,DT,1,1.0,1,1.0,10,85.293,85.293,11724.291559682506,14.0
8,2121,5351.191494,LoR,32,0.5,13,0.40625,6,210.631,6.58221875,151924.45556447055,
8,2122,5351.469515,GB,64,0.1,11,0.171875,7,262.398,4.09996875,243904.2980510522,
8,2123,5351.799304,MLP,64,0.1,7,0.109375,19,225.604,3.5250625,283682.91342352086,
8,2124,5352.09335,DT,64,0.05,4,0.0625,26,96.992,1.5155,659848.2349059716,
8,2125,5352.254335,MLP,64,0.05,5,0.078125,17,206.216,3.222125,310354.19172130193,
8,2126,5352.49852,GB,1,1.0,1,1.0,2,205.781,205.781,4859.535136868807,4.0
8,2127,5365.123265,GB,8,0.5,5,0.625,22,215.031,26.878875,37203.9380368412,
8,2128,5365.380752,DT,8,0.01,0,0.0,3,87.216,10.902,91726.28875435701,
8,2129,5365.507845,NB,8,0.1,0,0.0,23,110.685,13.835625,72277.1829967927,
8,2130,5365.678397,GB,32,0.05,1,0.03125,9,225.157,7.03615625,142123.05191488605,
8,2131,5365.964724,NB,32,0.5,15,0.46875,21,120.355,3.76109375,265880.1046902912,
8,2132,5366.130785,NB,64,0.0,0,0.0,28,123.787,1.934171875,517017.1342709654,
8,2133,5366.309407,RF,16,0.5,9,0.5625,19,3446.439,215.4024375,4642.4729989418065,
8,2134,5369.818865,NB,8,0.1,1,0.125,13,118.157,14.769625,67706.52606278087,
8,2135,5369.975752,GB,16,0.0,0,0.0,19,223.841,13.9900625,71479.3089737805,
8,2136,5370.243044,LoR,16,0.1,0,0.0,4,157.925,9.8703125,101313.91483299034,
8,2137,5370.441008,DT,1,0.01,0,0.0,21,85.448,85.448,11703.02406141747,7.0
8,2138,5370.737981,RF,64,0.5,29,0.453125,17,4115.272,64.301125,15551.82743692276,
8,2139,5374.925632,MLP,64,0.01,2,0.03125,26,226.634,3.54115625,282393.63908327965,
8,2140,5375.196839,DT,16,0.01,0,0.0,23,143.404,8.96275,111572.89894284679,
8,2141,5375.413994,AB,100,0.5,48,0.48,23,8904.212,89.04212,11230.64006113062,
8,2142,5384.380692,GB,8,0.0,0,0.0,16,261.475,32.684375,30595.6592408452,
8,2143,5384.726008,NB,100,0.5,48,0.48,3,155.336,1.55336,643765.7722614204,
8,2144,5384.931815,MLP,64,0.01,0,0.0,24,240.826,3.76290625,265752.0367402191,
8,2145,5385.215651,LoR,8,0.01,0,0.0,6,158.586,19.82325,50445.81488908226,
8,2146,5385.442046,GB,64,0.01,2,0.03125,18,267.777,4.184015625,239004.84358253324,
8,2147,5385.751959,MLP,1,0.05,0,0.0,28,173.709,173.709,5756.754111761624,
8,2148,5386.117859,LoR,64,0.1,3,0.046875,11,159.63,2.49421875,400927.1440205475,
8,2149,5386.331094,RF,16,0.0,0,0.0,13,3195.043,199.6901875,5007.75732908759,
8,2150,5389.598631,LoR,64,0.05,4,0.0625,15,170.176,2.659,376081.2335464461,
8,2151,5389.808357,RF,8,1.0,8,1.0,18,3271.788,408.9735,2445.1462014042477,
8,2152,5393.123596,GB,8,0.0,0,0.0,9,230.392,28.799,34723.42789680197,
8,2153,5393.401144,SGD,32,0.05,0,0.0,28,166.724,5.210125,191933.97471269884,
8,2154,5393.623522,MLP,100,1.0,100,1.0,14,224.482,2.24482,445470.01541326253,
8,2155,5393.895688,GB,32,0.0,0,0.0,28,227.22,7.100625,140832.6731801778,
8,2156,5394.164486,AB,1,0.01,0,0.0,17,7754.163,7754.163,128.9629841415508,2.0
8,2157,5414.671238,GB,100,0.5,47,0.47,17,288.956,2.8895600000000004,346073.4506291615,
8,2158,5415.003224,SGD,16,0.0,0,0.0,29,162.691,10.1681875,98345.94415179697,
8,2159,5415.273692,AB,32,0.1,4,0.125,1,8137.747,254.30459375,3932.2923162885254,
8,2160,5423.488648,SGD,100,0.1,9,0.09,20,165.448,1.6544800000000002,604419.5154973164,
8,2161,5423.693945,AB,8,0.0,0,0.0,4,7875.718,984.46475,1015.7804024979056,
8,2162,5431.636521,AB,1,1.0,1,1.0,26,8074.116,8074.116,123.85256788483099,2.0
8,2163,5452.509449,DT,8,0.05,1,0.125,18,92.324,11.5405,86651.35826004072,
8,2164,5452.659879,RF,8,0.5,3,0.375,14,3252.142,406.51775,2459.9171868879034,
8,2165,5455.954556,LoR,1,0.0,0,0.0,22,180.663,180.663,5535.167687905105,
8,2166,5456.338421,RF,100,0.5,48,0.48,0,4507.7,45.077,22184.262484193714,
8,2167,5460.888906,NB,1,1.0,1,1.0,8,120.643,120.643,8288.91854479746,
8,2168,5461.076613,RF,100,1.0,100,1.0,24,5189.976,51.89975999999999,19267.911836201172,
8,2169,5466.309868,GB,1,0.0,0,0.0,22,264.383,264.383,3782.3914548212256,4.0
8,2170,5479.708154,NB,100,0.1,11,0.11,2,170.392,1.7039199999999999,586882.0132400582,
8,2171,5479.923538,SGD,16,0.05,0,0.0,5,215.299,13.4561875,74315.25459941755,
8,2172,5480.195123,GB,100,0.0,0,0.0,18,307.881,3.07881,324800.8158996496,
8,2173,5480.574195,NB,64,0.05,3,0.046875,23,135.869,2.122953125,471041.95953455166,
8,2174,5480.755436,MLP,32,0.01,0,0.0,15,212.9,6.653125,150305.3076561766,
8,2175,5481.009233,MLP,8,0.0,0,0.0,3,171.388,21.4235,46677.71372558172,
8,2176,5481.224605,SGD,32,0.0,0,0.0,18,153.678,4.8024375,208227.59275888547,
8,2177,5481.453591,NB,100,0.1,10,0.1,3,140.824,1.4082400000000002,710106.231892291,
8,2178,5481.652075,MLP,16,0.05,1,0.0625,24,179.47,11.216875,89151.390204491,
8,2179,5481.897839,NB,64,0.05,3,0.046875,29,127.362,1.99003125,502504.67172312,
8,2180,5482.066447,RF,32,1.0,32,1.0,13,4080.836,127.526125,7841.530509924927,
8,2181,5486.212342,RF,8,0.05,1,0.125,17,3462.307,432.788375,2310.598106984736,
8,2182,5489.737291,NB,16,0.05,0,0.0,7,145.521,9.0950625,109949.76670033879,
8,2183,5489.962703,NB,100,0.05,3,0.03,17,145.883,1.45883,685480.8305285742,
8,2184,5490.150517,NB,16,0.01,0,0.0,10,111.297,6.9560625,143759.49037260664,
8,2185,5490.299459,MLP,8,0.0,0,0.0,18,204.207,25.525875,39175.93422360644,
8,2186,5490.56847,AB,32,0.05,2,0.0625,16,8222.848,256.964,3891.5957099048896,
8,2187,5498.833918,GB,8,1.0,8,1.0,10,251.341,31.417625,31829.26780748067,
8,2188,5499.150987,RF,32,0.05,2,0.0625,12,3494.553,109.20478125,9157.108219563417,
8,2189,5502.718881,RF,8,0.5,3,0.375,10,3261.674,407.70925,2452.7282616227126,
8,2190,5506.029749,LoR,16,0.1,0,0.0,15,193.56,12.0975,82661.7069642488,
8,2191,5506.264546,NB,8,0.0,0,0.0,4,120.468,15.0585,66407.67672742969,
8,2192,5506.434083,DT,64,1.0,64,1.0,10,115.89,1.81078125,552247.8212097678,
8,2193,5506.598444,RF,64,0.0,0,0.0,22,3442.0,53.78125,18593.840790238235,
8,2194,5510.119003,LoR,64,0.01,1,0.015625,21,177.781,2.777828125,359993.47511826345,
8,2195,5510.346575,SGD,64,1.0,64,1.0,24,164.853,2.575828125,388224.66075837257,
8,2196,5510.574596,RF,32,0.5,15,0.46875,21,3669.628,114.675875,8720.229952463846,
8,2197,5514.290884,SGD,8,0.05,0,0.0,8,166.556,20.8195,48031.89317706957,
8,2198,5514.499516,DT,16,1.0,16,1.0,6,96.822,6.051375,165251.69899403027,
8,2199,5514.636666,AB,16,0.0,0,0.0,28,8362.423,522.6514375,1913.3210553926774,
8,2200,5523.052359,SGD,1,0.1,0,0.0,11,180.472,180.472,5541.025754687707,
8,2201,5523.420609,DT,32,0.0,0,0.0,6,92.667,2.89584375,345322.4988399322,
8,2202,5523.554469,NB,16,0.0,0,0.0,25,119.958,7.497375,133380.016339052,
8,2203,5523.714771,MLP,1,0.01,0,0.0,12,176.872,176.872,5653.806142294992,
8,2204,5524.041477,GB,16,0.0,0,0.0,5,261.278,16.329875,61237.45588989505,
8,2205,5524.383316,SGD,100,0.01,1,0.01,1,173.644,1.73644,575890.9032272926,
8,2206,5524.597895,MLP,1,0.5,0,0.0,13,167.312,167.312,5976.857607344362,
8,2207,5524.91737,NB,1,0.1,0,0.0,25,103.018,103.018,9707.04148789532,
8,2208,5525.065883,SGD,1,0.0,0,0.0,11,146.721,146.721,6815.656927092918,
8,2209,5525.367007,GB,64,1.0,64,1.0,22,270.561,4.227515625,236545.54795406584,
8,2210,5525.680378,NB,16,0.0,0,0.0,1,119.361,7.4600625,134047.13432360653,
8,2211,5525.856161,RF,100,0.01,0,0.0,29,3825.901,38.259009999999996,26137.63398477901,
8,2212,5529.760629,AB,64,0.5,28,0.4375,23,8363.952,130.68675,7651.885137552201,
8,2213,5538.20311,RF,100,0.5,48,0.48,17,4718.872,47.18872,21191.5050885042,
8,2214,5542.982758,DT,100,1.0,100,1.0,12,125.194,1.25194,798760.3239771874,
8,2215,5543.172949,RF,32,0.01,1,0.03125,5,3448.095,107.75296875,9280.486761530643,
8,2216,5546.715509,LoR,16,0.05,1,0.0625,20,215.419,13.4636875,74273.85699497258,
8,2217,5547.037207,RF,100,0.1,6,0.06,29,4244.381,42.443810000000006,23560.561598970497,
8,2218,5551.349762,DT,64,0.0,0,0.0,18,119.43,1.86609375,535878.7574311312,
8,2219,5551.534391,RF,16,0.1,1,0.0625,5,3173.032,198.3145,5042.495631938159,
8,2220,5554.760916,DT,64,1.0,64,1.0,0,116.888,1.826375,547532.6808568886,
8,2221,5554.956114,RF,100,0.1,13,0.13,27,4004.859,40.04859,24969.668095680772,
8,2222,5559.006006,GB,16,0.0,0,0.0,14,324.865,20.3040625,49251.22743293368,
8,2223,5559.376184,LoR,8,0.01,0,0.0,24,179.41,22.42625,44590.60253051669,
8,2224,5559.621216,LoR,32,0.01,1,0.03125,5,156.345,4.88578125,204675.5572611852,
8,2225,5559.820694,MLP,16,0.05,0,0.0,22,192.266,12.016625,83218.04167143437,
8,2226,5560.073604,SGD,16,0.5,11,0.6875,20,153.541,9.5963125,104206.69397750439,
8,2227,5560.281395,AB,64,0.0,0,0.0,8,8338.239,130.284984375,7675.481597493188,
8,2228,5568.662055,RF,8,0.0,0,0.0,29,3011.279,376.409875,2656.6784412869083,
8,2229,5571.741994,SGD,32,0.1,1,0.03125,16,170.205,5.31890625,188008.57789136627,
8,2230,5571.953704,NB,1,0.1,0,0.0,5,112.127,112.127,8918.458533627048,
8,2231,5572.119535,GB,16,0.05,0,0.0,16,244.948,15.30925,65319.98628280288,
8,2232,5572.415626,RF,16,0.0,0,0.0,6,3117.508,194.84425,5132.304391841176,
8,2233,5575.600912,MLP,32,0.1,5,0.15625,11,209.514,6.5473125,152734.42347528087,
8,2234,5575.861235,MLP,64,0.0,0,0.0,18,203.749,3.183578125,314111.97110169864,
8,2235,5576.109613,RF,32,1.0,32,1.0,23,4354.65,136.0828125,7348.466581700022,
8,2236,5580.55868,RF,100,0.5,57,0.57,20,4807.346,48.07346,20801.498373530845,
8,2237,5585.435187,LoR,16,0.1,1,0.0625,9,195.375,12.2109375,81893.79398592451,
8,2238,5585.670122,LoR,1,0.0,0,0.0,28,149.528,149.528,6687.710662885881,
8,2239,5585.978026,DT,1,0.5,1,1.0,12,91.414,91.414,10939.243441923556,22.0
8,2240,5586.29814,LoR,8,0.05,1,0.125,3,155.702,19.46275,51380.2006396835,
8,2241,5586.493278,GB,8,0.0,0,0.0,12,255.068,31.8835,31364.18523687801,
8,2242,5586.805031,MLP,100,0.0,0,0.0,24,242.726,2.42726,411987.1789589908,
8,2243,5587.106924,AB,8,0.5,4,0.5,3,8017.448,1002.181,997.8237464090818,
8,2244,5595.203046,AB,100,0.1,13,0.13,14,8892.386,88.92386,11245.575709376539,
8,2245,5604.173144,MLP,32,0.1,3,0.09375,19,216.552,6.76725,147770.51239425174,
8,2246,5604.435322,MLP,16,0.01,0,0.0,18,177.535,11.0959375,90123.07432337286,
8,2247,5604.663506,NB,16,0.05,0,0.0,8,120.407,7.5254375,132882.6397136379,
8,2248,5604.826809,DT,32,0.0,0,0.0,0,94.297,2.94678125,339353.3198298992,
8,2249,5604.961339,RF,16,1.0,16,1.0,2,3629.319,226.8324375,4408.540555404471,
8,2250,5608.67399,DT,100,0.05,4,0.04,13,106.105,1.06105,942462.6549172988,
8,2251,5608.841522,AB,16,0.05,1,0.0625,15,8058.496,503.656,1985.4821544863955,
8,2252,5616.941386,MLP,1,1.0,1,1.0,27,171.224,171.224,5840.3027612951455,
8,2253,5617.312471,NB,100,0.01,1,0.01,17,143.932,1.43932,694772.5314731958,
8,2254,5617.496642,GB,16,1.0,16,1.0,8,268.021,16.7513125,59696.814801825225,
8,2255,5617.84102,SGD,100,0.01,1,0.01,2,180.673,1.80673,553486.1324049525,
8,2256,5618.06329,GB,16,1.0,16,1.0,12,232.174,14.510875,68913.8318674787,
8,2257,5618.37123,DT,100,0.5,53,0.53,12,119.122,1.19122,839475.4957102803,
8,2258,5618.557779,DT,64,0.1,12,0.1875,3,96.729,1.511390625,661642.320296912,
8,2259,5618.709639,AB,8,0.5,3,0.375,16,8050.851,1006.356375,993.6837733054556,
8,2260,5626.822945,AB,8,0.5,1,0.125,10,7929.826,991.22825,1008.8493745007772,
8,2261,5634.819523,SGD,32,0.1,4,0.125,24,160.388,5.012125,199516.1732797965,
8,2262,5635.028566,SGD,64,1.0,64,1.0,6,158.157,2.471203125,404661.19109492464,
8,2263,5635.290718,AB,64,0.05,6,0.09375,2,8349.868,130.4666875,7664.791826649235,
8,2264,5643.704961,AB,16,0.5,11,0.6875,10,8019.692,501.23075,1995.0890882093727,
8,2265,5651.788869,SGD,16,0.1,1,0.0625,24,156.525,9.7828125,102220.09263695894,
8,2266,5651.996991,DT,64,0.01,0,0.0,10,96.35,1.50546875,664244.9403217437,
8,2267,5652.133877,AB,1,0.05,0,0.0,20,7687.913,7687.913,130.0743127556204,2.0
8,2268,5672.887574,GB,32,0.05,2,0.0625,5,268.547,8.39209375,119159.7746390762,
8,2269,5673.204022,SGD,32,0.05,0,0.0,10,174.403,5.45009375,183483.08228642857,
8,2270,5673.456945,GB,100,0.05,2,0.02,22,287.851,2.87851,347401.9544833959,
8,2271,5673.806526,SGD,16,0.5,4,0.25,16,165.232,10.327,96833.54313934347,
8,2272,5674.034483,NB,32,0.5,15,0.46875,15,124.592,3.8935,256838.32027738538,
8,2273,5674.197955,MLP,8,0.0,0,0.0,23,187.645,23.455625,42633.69660795651,
8,2274,5674.46143,SGD,100,0.1,12,0.12,21,165.156,1.6515600000000001,605488.1445421298,
8,2275,5674.666884,DT,1,0.5,0,0.0,18,87.234,87.234,11463.420226058648,7.0
8,2276,5674.943001,NB,1,0.5,1,1.0,7,107.211,107.211,9327.40110622977,
8,2277,5675.115114,MLP,64,0.01,0,0.0,8,253.508,3.9610625,252457.51613361313,
8,2278,5675.438915,RF,64,0.1,6,0.09375,27,3692.497,57.695265625,17332.44468445066,
8,2279,5679.196536,MLP,8,0.1,1,0.125,5,224.111,28.013875,35696.5967757049,
8,2280,5679.477329,DT,100,1.0,100,1.0,29,122.55,1.2255,815993.4720522236,
8,2281,5679.642661,DT,8,0.05,0,0.0,12,89.048,11.131,89839.1878537418,
8,2282,5679.792427,GB,32,0.05,2,0.0625,7,240.726,7.5226875,132931.2164037121,
8,2283,5680.102551,AB,64,0.1,3,0.046875,23,8358.347,130.599171875,7657.016393313175,
8,2284,5688.506662,SGD,32,1.0,32,1.0,28,157.898,4.9343125,202662.47830878163,
8,2285,5688.70658,SGD,1,0.05,0,0.0,3,147.163,147.163,6795.18629003214,
8,2286,5689.033056,SGD,100,0.0,0,0.0,11,160.572,1.60572,622773.5844356426,
8,2287,5689.258039,SGD,32,0.1,4,0.125,10,151.411,4.73159375,211345.27874460904,
8,2288,5689.468797,SGD,16,0.5,9,0.5625,12,148.957,9.3098125,107413.54887652141,
8,2289,5689.657185,AB,1,0.1,0,0.0,8,7808.287,7808.287,128.06906303520861,2.0
8,2290,5710.206089,AB,8,0.05,0,0.0,18,7935.815,991.976875,1008.0880161646913,
8,2291,5718.18481,RF,1,0.1,0,0.0,14,2998.0,2998.0,333.55570380253505,9.01
8,2292,5733.866319,SGD,32,0.0,0,0.0,22,164.3,5.134375,194765.672550213,
8,2293,5734.073063,LoR,1,0.05,0,0.0,15,151.853,151.853,6585.3160622444075,
8,2294,5734.392195,DT,100,1.0,100,1.0,7,117.512,1.17512,850976.9215058888,
8,2295,5734.570889,MLP,16,0.05,1,0.0625,11,185.466,11.591625,86269.18141330486,
8,2296,5734.797546,NB,1,0.5,0,0.0,16,105.9,105.9,9442.870632672331,
8,2297,5734.954898,GB,32,1.0,32,1.0,29,246.006,7.6876875,130078.12817573555,
8,2298,5735.283866,NB,64,0.01,1,0.015625,17,139.035,2.172421875,460315.7478332794,
8,2299,5735.469891,RF,64,0.0,0,0.0,1,3349.182,52.33096875,19109.14366552788,
8,2300,5738.870754,RF,64,0.0,0,0.0,28,3484.264,54.441625,18368.298154215638,
8,2301,5742.433774,AB,100,0.5,53,0.53,29,8842.569,88.42568999999999,11308.930696497817,
8,2302,5751.32851,SGD,16,0.0,0,0.0,4,175.299,10.9561875,91272.62562821236,
8,2303,5751.551823,DT,32,1.0,32,1.0,25,105.597,3.29990625,303038.9120903056,
8,2304,5751.698323,DT,1,1.0,1,1.0,23,84.995,84.995,11765.397964586151,25.0
8,2305,5752.022556,LoR,32,0.1,6,0.1875,14,171.558,5.3611875,186525.8396577251,
8,2306,5752.241734,DT,32,0.01,0,0.0,4,99.627,3.11334375,321198.0687966114,
8,2307,5752.390583,AB,64,1.0,64,1.0,7,8167.572,127.6183125,7835.866032157414,
8,2308,5760.62969,GB,64,0.5,39,0.609375,22,296.006,4.62509375,216211.83354391466,
8,2309,5760.971404,DT,32,1.0,32,1.0,17,101.973,3.18665625,313808.55716709327,
8,2310,5761.110413,MLP,1,1.0,1,1.0,0,206.855,206.855,4834.304222764738,
8,2311,5761.483182,AB,32,0.01,0,0.0,24,8120.147,253.75459375,3940.815357160406,
8,2312,5769.674372,DT,64,0.1,10,0.15625,6,89.534,1.39896875,714812.250094936,
8,2313,5769.803211,AB,1,0.05,1,1.0,23,7579.11,7579.11,131.9416131973279,2.0
8,2314,5789.872044,RF,100,0.01,0,0.0,23,3783.176,37.83176,26432.817294252236,
8,2315,5793.720064,DT,16,0.5,13,0.8125,6,97.761,6.1100625,163664.4469676047,
8,2316,5793.856316,AB,8,0.0,0,0.0,12,7949.988,993.7485,1006.2908271056509,
8,2317,5801.851913,SGD,32,1.0,32,1.0,11,162.335,5.07296875,197123.23282101826,
8,2318,5802.105089,GB,100,0.01,2,0.02,5,310.681,3.10681,321873.56162752147,
8,2319,5802.471306,SGD,100,0.0,0,0.0,15,175.357,1.75357,570265.2303586398,
8,2320,5802.73586,SGD,100,0.5,54,0.54,24,189.073,1.89073,528896.2464233391,
8,2321,5802.9832,AB,100,1.0,100,1.0,9,9062.282,90.62281999999999,11034.748201391218,
8,2322,5812.102352,LoR,1,0.1,0,0.0,1,162.617,162.617,6149.418572473973,
8,2323,5812.448202,GB,32,0.05,2,0.0625,12,267.412,8.356625,119665.53483014974,
8,2324,5812.774488,LoR,100,0.0,0,0.0,12,169.773,1.69773,589021.8114776791,
8,2325,5812.984992,DT,1,0.05,0,0.0,17,87.079,87.079,11483.825032441806,16.0
8,2326,5813.286488,GB,64,0.01,0,0.0,16,266.774,4.16834375,239903.4388658565,
8,2327,5813.595436,RF,16,1.0,16,1.0,4,3554.812,222.17575,4500.94125934086,
8,2328,5817.214838,MLP,16,0.1,3,0.1875,25,202.379,12.6486875,79059.58622189061,
8,2329,5817.460991,RF,8,0.05,0,0.0,23,3107.091,388.386375,2574.7556154615363,
8,2330,5820.647073,GB,100,0.1,9,0.09,9,285.791,2.85791,349906.05022551445,
8,2331,5820.972841,NB,1,1.0,1,1.0,3,115.115,115.115,8686.96520870434,
8,2332,5821.159188,GB,32,0.1,3,0.09375,20,229.645,7.17640625,139345.51155043652,
8,2333,5821.437143,SGD,64,1.0,64,1.0,17,168.319,2.629984375,380230.3958554887,
8,2334,5821.663902,NB,100,0.01,0,0.0,29,138.75,1.3875,720720.7207207207,
8,2335,5821.843094,RF,8,0.05,0,0.0,6,3090.454,386.30675,2588.6164298190492,
8,2336,5824.997177,NB,8,0.5,1,0.125,16,117.914,14.73925,67846.05729599539,
8,2337,5825.172546,NB,16,0.5,9,0.5625,14,111.422,6.963875,143598.2122022581,
8,2338,5825.322772,DT,8,0.01,0,0.0,5,88.883,11.110375,90005.9628950418,
8,2339,5825.457261,NB,64,0.0,0,0.0,20,124.994,1.95303125,512024.5771797046,
8,2340,5825.619598,NB,16,1.0,16,1.0,7,106.152,6.6345,150727.25902479462,
8,2341,5825.784451,AB,32,0.05,1,0.03125,11,7997.06,249.908125,4001.4705404236056,
8,2342,5833.832063,DT,64,0.0,0,0.0,22,87.781,1.371578125,729087.1600915915,
8,2343,5834.020765,SGD,100,0.01,1,0.01,7,165.958,1.65958,602562.0940237892,
8,2344,5834.236459,DT,64,0.01,0,0.0,20,89.969,1.405765625,711356.133779413,
8,2345,5834.364619,GB,1,0.1,0,0.0,27,200.169,200.169,4995.778567110791,4.0
8,2346,5846.997038,AB,8,1.0,8,1.0,15,8001.46,1000.1825,999.8175333001727,
8,2347,5855.042049,AB,1,0.01,0,0.0,3,7703.295,7703.295,129.8145793455917,2.0
8,2348,5875.338993,AB,64,1.0,64,1.0,9,8240.13,128.75203125,7766.867755727156,
8,2349,5883.622594,GB,1,0.1,0,0.0,16,204.658,204.658,4886.200392850512,4.0
8,2350,5896.226458,RF,32,0.01,0,0.0,11,3206.32,100.1975,9980.288929364504,
8,2351,5899.506668,LoR,64,0.05,8,0.125,8,179.697,2.807765625,356155.08327907533,
8,2352,5899.726778,RF,8,0.0,0,0.0,5,3023.045,377.880625,2646.3383773645446,
8,2353,5902.818164,GB,32,0.1,6,0.1875,21,249.669,7.80215625,128169.6966784022,
8,2354,5903.144183,AB,100,0.05,4,0.04,13,8589.25,85.8925,11642.460051808946,
8,2355,5911.805778,RF,64,0.05,4,0.0625,15,3576.328,55.880125,17895.450305452967,
8,2356,5915.446363,MLP,8,0.1,2,0.25,6,207.634,25.95425,38529.33527264321,
8,2357,5915.696683,GB,1,0.0,0,0.0,20,215.664,215.664,4636.842495734105,4.0
8,2358,5928.407076,MLP,8,0.05,0,0.0,14,185.056,23.132,43230.15735777278,
8,2359,5928.634466,AB,1,0.01,0,0.0,4,7754.67,7754.67,128.95455254704584,2.0
8,2360,5949.555199,NB,100,0.5,48,0.48,14,220.196,2.20196,454140.8563279987,
8,2361,5949.833278,SGD,100,0.01,0,0.0,14,221.814,2.21814,450828.1713507714,
8,2362,5950.118498,SGD,32,0.5,20,0.625,11,156.015,4.87546875,205108.48315867066,
8,2363,5950.326889,LoR,100,1.0,100,1.0,5,204.725,2.04725,488460.1294419343,
8,2364,5950.589859,RF,16,0.5,9,0.5625,13,3457.379,216.0861875,4627.783069197794,
8,2365,5954.114929,DT,32,0.5,17,0.53125,0,103.547,3.23584375,309038.4076796044,
8,2366,5954.265639,RF,64,0.0,0,0.0,25,3495.228,54.6129375,18310.679589428786,
8,2367,5957.832759,NB,64,0.5,29,0.453125,20,138.963,2.171296875,460554.24825313216,
8,2368,5958.020339,RF,64,0.01,0,0.0,1,3620.096,56.564,17679.08917332579,
8,2369,5961.711788,SGD,16,0.1,1,0.0625,22,200.975,12.5609375,79611.89202637144,
8,2370,5961.999122,LoR,64,0.1,10,0.15625,10,196.003,3.062546875,326525.61440386117,
8,2371,5962.234571,DT,1,1.0,1,1.0,4,95.33,95.33,10489.87726843596,14.0
8,2372,5962.549941,AB,32,1.0,32,1.0,21,8389.659,262.17684375,3814.2193860322573,
8,2373,5971.016179,SGD,32,0.5,17,0.53125,6,177.933,5.56040625,179842.97460279995,
8,2374,5971.258697,SGD,32,0.0,0,0.0,26,169.549,5.29840625,188735.999622528,
8,2375,5971.488387,AB,32,0.01,0,0.0,25,8343.554,260.7360625,3835.2960860563735,
8,2376,5979.878605,SGD,16,0.0,0,0.0,7,156.416,9.776,102291.32569558102,
8,2377,5980.107426,NB,64,0.01,2,0.03125,5,133.339,2.083421875,479979.60086696316,
8,2378,5980.279516,AB,1,0.05,0,0.0,22,7664.61,7664.61,130.46978254601345,2.0
8,2379,6000.484241,MLP,16,0.1,2,0.125,6,200.621,12.5388125,79752.36889458232,
8,2380,6000.731789,SGD,32,0.01,0,0.0,11,154.026,4.8133125,207757.13191279394,
8,2381,6000.946038,AB,16,0.1,1,0.0625,12,7958.835,497.4271875,2010.3444788087704,
8,2382,6008.975825,DT,64,0.1,4,0.0625,21,90.588,1.4154375,706495.3415463418,
8,2383,6009.104161,RF,8,1.0,8,1.0,16,3369.083,421.135375,2374.533367091283,
8,2384,6012.524795,NB,64,0.0,0,0.0,11,139.425,2.178515625,459028.1513358436,
8,2385,6012.723076,AB,16,0.5,8,0.5,21,7976.079,498.5049375,2005.9981853238917,
8,2386,6020.761409,AB,16,0.5,9,0.5625,4,8414.556,525.90975,1901.4669342030643,
8,2387,6029.26527,AB,32,0.01,1,0.03125,10,8042.776,251.33675,3978.7257533965885,
8,2388,6037.354216,GB,32,0.0,0,0.0,17,267.374,8.3554375,119682.54205719328,
8,2389,6037.664384,GB,16,1.0,16,1.0,11,241.009,15.0630625,66387.56229020494,
8,2390,6037.948096,DT,1,0.01,0,0.0,25,87.517,87.517,11426.351451717952,7.0
8,2391,6038.246153,SGD,1,0.1,0,0.0,5,173.805,173.805,5753.5744081010325,
8,2392,6038.579783,SGD,1,0.1,0,0.0,13,145.174,145.174,6888.28578120049,
8,2393,6038.909665,MLP,100,0.1,11,0.11,19,241.422,2.41422,414212.4578538824,
8,2394,6039.212155,GB,16,0.5,8,0.5,5,264.171,16.5106875,60566.82981856449,
8,2395,6039.546881,GB,64,0.05,3,0.046875,7,247.672,3.869875,258406.27927258634,
8,2396,6039.87055,NB,100,0.1,9,0.09,11,154.164,1.54164,648659.8687112426,
8,2397,6040.071739,RF,32,0.0,0,0.0,17,3281.749,102.55465625,9750.898072948297,
8,2398,6043.42674,NB,64,0.1,3,0.046875,18,140.014,2.18771875,457097.1474281143,
8,2399,6043.625489,AB,8,0.1,1,0.125,4,8045.478,1005.68475,994.347383710452,
8,2400,6051.720408,MLP,32,0.01,0,0.0,11,198.461,6.20190625,161240.74755241582,
8,2401,6051.962517,LoR,8,0.05,0,0.0,9,152.426,19.05325,52484.484274336406,
8,2402,6052.172748,LoR,100,0.01,0,0.0,20,160.81,1.6081,621851.8748834027,
8,2403,6052.393622,LoR,16,0.5,8,0.5,1,147.927,9.2454375,108161.45801645407,
8,2404,6052.614176,RF,100,0.1,9,0.09,24,3960.646,39.60646,25248.406446827106,
8,2405,6056.61824,GB,1,1.0,1,1.0,7,232.781,232.781,4295.88325507666,4.0
8,2406,6069.918431,RF,16,0.1,1,0.0625,27,3220.058,201.253625,4968.854598271211,
8,2407,6073.201223,MLP,100,0.0,0,0.0,1,274.12,2.7412,364803.73559025244,
8,2408,6073.522078,GB,16,0.05,0,0.0,19,258.675,16.1671875,61853.67739441384,
8,2409,6073.857751,MLP,100,0.1,8,0.08,11,238.795,2.38795,418769.23721183446,
8,2410,6074.146622,RF,64,0.0,0,0.0,13,3476.629,54.322328125,18408.63664198855,
8,2411,6077.691917,AB,32,0.5,20,0.625,18,8181.399,255.66871875,3911.3115006369935,
8,2412,6085.946742,GB,64,0.05,3,0.046875,28,266.47,4.16359375,240177.13063384243,
8,2413,6086.25729,GB,8,0.01,0,0.0,18,214.853,26.856625,37234.760510674736,
8,2414,6086.547874,GB,100,0.5,53,0.53,24,291.928,2.91928,342550.2178619386,
8,2415,6086.882105,SGD,1,0.5,0,0.0,29,166.089,166.089,6020.868329630499,
8,2416,6087.253301,LoR,32,0.5,17,0.53125,23,172.069,5.37715625,185971.9066188564,
8,2417,6087.499077,LoR,100,0.05,3,0.03,1,162.843,1.6284299999999998,614088.4164502005,
8,2418,6087.722861,GB,32,0.5,18,0.5625,18,234.829,7.33840625,136269.37047809258,
8,2419,6088.000311,LoR,8,0.05,0,0.0,29,154.337,19.292125,51834.621639658675,
8,2420,6088.229458,RF,100,0.1,8,0.08,5,3910.8,39.108000000000004,25570.215812621456,
8,2421,6092.184927,MLP,1,0.01,0,0.0,1,185.068,185.068,5403.419283722739,
8,2422,6092.566634,DT,100,0.5,48,0.48,7,115.84,1.1584,863259.6685082873,
8,2423,6092.756302,NB,100,0.01,4,0.04,24,151.334,1.5133400000000001,660790.0405725085,
8,2424,6092.979637,SGD,100,0.05,6,0.06,28,172.689,1.72689,579075.6794005409,
8,2425,6093.200419,MLP,64,0.0,0,0.0,6,208.644,3.2600625,306742.5854565672,
8,2426,6093.452567,MLP,32,1.0,32,1.0,6,183.461,5.73315625,174423.99202010236,
8,2427,6093.698452,LoR,8,0.5,3,0.375,27,149.979,18.747375,53340.8010454797,
8,2428,6093.921352,RF,100,0.05,5,0.05,0,3882.504,38.82504,25756.57359271233,
8,2429,6097.857749,RF,32,0.01,0,0.0,4,3215.994,100.4998125,9950.267320150473,
8,2430,6101.142268,MLP,32,0.1,3,0.09375,15,205.94,6.435625,155385.0636107604,
8,2431,6101.419991,MLP,64,0.1,7,0.109375,17,206.297,3.223390625,310232.3349345846,
8,2432,6101.685409,LoR,8,0.1,2,0.25,13,153.081,19.135125,52259.91468568928,
8,2433,6101.906597,AB,64,0.1,11,0.171875,29,8304.711,129.761109375,7706.469255823593,
8,2434,6110.268412,SGD,100,1.0,100,1.0,9,168.355,1.6835499999999999,593982.9526892578,
8,2435,6110.478794,GB,1,0.01,0,0.0,8,218.419,218.419,4578.356278528882,4.0
8,2436,6123.37792,GB,100,1.0,100,1.0,2,290.211,2.90211,344576.8768241038,
8,2437,6123.713278,SGD,8,0.1,0,0.0,17,164.492,20.5615,48634.58405271989,
8,2438,6123.917095,SGD,1,1.0,1,1.0,8,149.991,149.991,6667.066690668106,
8,2439,6124.252444,GB,64,0.01,1,0.015625,2,244.834,3.82553125,261401.60271857667,
8,2440,6124.559048,NB,16,0.1,1,0.0625,2,123.128,7.6955,129946.07237996231,
8,2441,6124.752177,GB,100,0.05,4,0.04,15,271.418,2.7141800000000003,368435.4022209286,
8,2442,6125.063515,RF,1,1.0,1,1.0,27,3052.046,3052.046,327.6490590246674,20.24
8,2443,6140.945143,RF,100,0.05,3,0.03,9,3941.225,39.41225,25372.821901819865,
8,2444,6144.929846,AB,8,0.0,0,0.0,23,8122.542,1015.31775,984.9133436306023,
8,2445,6153.116984,GB,16,0.1,2,0.125,11,231.951,14.4969375,68980.086311333,
8,2446,6153.410921,NB,16,0.1,2,0.125,28,121.371,7.5856875,131827.2074877854,
8,2447,6153.604629,AB,64,0.01,1,0.015625,22,8788.721,137.323765625,7282.06072305629,
8,2448,6162.459335,AB,8,0.5,3,0.375,22,8613.012,1076.6265,928.827220953599,
8,2449,6171.115191,GB,1,0.01,0,0.0,1,211.505,211.505,4728.020614169878,4.0
8,2450,6183.816634,GB,64,0.1,3,0.046875,2,249.036,3.8911875,256990.95713069596,
8,2451,6184.116356,RF,64,1.0,64,1.0,10,4604.031,71.937984375,13900.862092370795,
8,2452,6188.778171,NB,64,0.01,0,0.0,11,145.422,2.27221875,440098.47203311743,
8,2453,6188.964901,RF,16,1.0,16,1.0,24,3486.943,217.9339375,4588.546471794922,
8,2454,6192.504884,GB,64,0.0,0,0.0,17,264.915,4.139296875,241586.92410773266,
8,2455,6192.840874,SGD,64,0.1,12,0.1875,1,187.984,2.93725,340454.5067665333,
8,2456,6193.069859,NB,1,0.05,0,0.0,11,105.707,105.707,9460.111440112765,
8,2457,6193.227826,SGD,16,0.01,0,0.0,14,157.164,9.82275,101804.48448754169,
8,2458,6193.424672,AB,1,0.05,0,0.0,29,7772.761,7772.761,128.65441250541474,2.0
8,2459,6214.309547,GB,16,1.0,16,1.0,15,265.397,16.5873125,60287.0416771855,
8,2460,6214.658544,SGD,100,0.01,3,0.03,8,193.6,1.936,516528.92561983474,
8,2461,6214.893832,DT,1,0.05,0,0.0,29,90.784,90.784,11015.156855833626,7.0
8,2462,6215.186645,SGD,100,1.0,100,1.0,10,230.356,2.30356,434110.68085919187,
8,2463,6215.482449,AB,32,0.1,2,0.0625,4,8124.073,253.87728125,3938.910937900238,
8,2464,6223.652276,SGD,16,0.01,0,0.0,7,153.842,9.615125,104002.80807581804,
8,2465,6223.849479,NB,8,0.01,0,0.0,23,140.362,17.54525,56995.48310796369,
8,2466,6224.04639,DT,100,0.01,0,0.0,13,100.379,1.00379,996224.3098656093,
8,2467,6224.189179,LoR,32,0.0,0,0.0,5,158.415,4.95046875,202001.07313070103,
8,2468,6224.385527,GB,1,0.0,0,0.0,1,218.229,218.229,4582.3424017889465,4.0
8,2469,6237.030469,AB,64,0.05,4,0.0625,16,8281.323,129.395671875,7728.233761682764,
8,2470,6245.375675,NB,16,0.1,2,0.125,8,116.612,7.28825,137207.14849243645,
8,2471,6245.531256,MLP,8,0.0,0,0.0,5,190.11,23.76375,42080.90053127136,
8,2472,6245.76376,NB,16,0.0,0,0.0,21,111.727,6.9829375,143206.20798911632,
8,2473,6245.937164,MLP,32,0.1,2,0.0625,10,191.487,5.98396875,167113.17217356793,
8,2474,6246.172266,RF,16,0.01,0,0.0,7,3120.523,195.0326875,5127.345640458346,
8,2475,6249.340323,SGD,32,1.0,32,1.0,21,172.02,5.375625,186024.8808278107,
8,2476,6249.556012,SGD,8,0.01,0,0.0,14,153.126,19.14075,52244.5567702415,
8,2477,6249.780916,AB,64,0.1,10,0.15625,21,8331.049,130.172640625,7682.1058188470615,
8,2478,6258.156918,SGD,8,0.1,0,0.0,20,152.512,19.064,52454.88879563575,
8,2479,6258.36507,AB,100,0.0,0,0.0,6,8497.712,84.97712,11767.87351701258,
8,2480,6266.920521,AB,100,1.0,100,1.0,12,8451.327,84.51326999999999,11832.461340094877,
8,2481,6275.450744,MLP,100,0.1,6,0.06,10,230.832,2.30832,433215.49871768215,
8,2482,6275.726374,DT,16,0.05,0,0.0,24,88.284,5.51775,181233.2925558425,
8,2483,6275.856373,SGD,16,0.01,0,0.0,17,154.245,9.6403125,103731.07718240461,
8,2484,6276.058155,DT,64,0.0,0,0.0,0,92.674,1.44803125,690592.8307831754,
8,2485,6276.193398,LoR,32,0.0,0,0.0,26,156.394,4.8873125,204611.4301060143,
8,2486,6276.389796,NB,16,0.0,0,0.0,8,112.11,7.006875,142716.97440014273,
8,2487,6276.571562,AB,64,0.5,32,0.5,29,8241.188,128.7685625,7765.870648746273,
8,2488,6284.875558,NB,8,0.05,1,0.125,12,111.405,13.925625,71810.0623849917,
8,2489,6285.048287,MLP,32,0.1,5,0.15625,12,191.004,5.968875,167535.7584134364,
8,2490,6285.298602,DT,8,0.5,5,0.625,21,90.722,11.34025,88181.47748065519,
8,2491,6285.450258,SGD,32,0.01,1,0.03125,6,157.969,4.93653125,202571.39058929283,
8,2492,6285.670269,GB,32,0.5,19,0.59375,25,251.368,7.85525,127303.39581808345,
8,2493,6285.971449,AB,64,1.0,64,1.0,14,8245.258,128.83215625,7762.03728252045,
8,2494,6294.260237,LoR,1,0.01,0,0.0,15,149.626,149.626,6683.330437223477,
8,2495,6294.569604,AB,1,0.5,1,1.0,27,7740.555,7740.555,129.18970280554817,2.0
8,2496,6314.943258,NB,64,0.05,2,0.03125,17,135.733,2.120828125,471513.92807939113,
8,2497,6315.145295,RF,64,0.1,5,0.078125,2,3668.506,57.32040625,17445.79400987759,
8,2498,6318.87701,LoR,100,0.01,0,0.0,11,182.323,1.8232300000000001,548477.1531841841,
8,2499,6319.128279,GB,64,0.1,2,0.03125,26,273.264,4.26975,234205.74975115637,
8,2500,6319.479295,AB,100,0.5,52,0.52,2,8970.848,89.70848,11147.218189406398,
8,2501,6328.547369,MLP,64,0.05,2,0.03125,1,278.524,4.3519375,229782.71172322673,
8,2502,6328.895113,NB,32,0.05,3,0.09375,8,130.581,4.08065625,245058.62261737927,
8,2503,6329.091814,GB,64,0.1,9,0.140625,3,300.116,4.6893125,213250.87632781992,
8,2504,6329.434418,AB,16,1.0,16,1.0,6,8048.859,503.0536875,1987.8593972139404,
8,2505,6337.555911,GB,64,0.1,5,0.078125,16,267.348,4.1773125,239388.3627332166,
8,2506,6337.885756,MLP,32,0.5,15,0.46875,14,202.841,6.33878125,157759.0329371281,
8,2507,6338.134587,SGD,16,1.0,16,1.0,27,157.484,9.84275,101597.62261563078,
8,2508,6338.330706,MLP,8,0.0,0,0.0,9,170.026,21.25325,47051.62739816263,
8,2509,6338.599355,AB,64,0.05,3,0.046875,29,8191.193,127.987390625,7813.2696909961705,
8,2510,6346.853804,SGD,16,0.5,10,0.625,19,153.039,9.5649375,104548.51377753384,
8,2511,6347.065142,LoR,8,0.5,5,0.625,0,154.207,19.275875,51878.31940184298,
8,2512,6347.3043,NB,1,0.0,0,0.0,15,101.153,101.153,9886.014255632555,
8,2513,6347.456547,NB,8,0.01,0,0.0,18,103.664,12.958,77172.40314863405,
8,2514,6347.597783,MLP,1,0.01,1,1.0,8,160.798,160.798,6218.982823169443,
8,2515,6347.922595,DT,32,1.0,32,1.0,0,99.47,3.1084375,321705.03669448075,
8,2516,6348.060733,AB,8,1.0,8,1.0,14,7893.394,986.67425,1013.5057239002639,
8,2517,6356.015316,LoR,8,0.05,3,0.375,25,149.8,18.725,53404.53938584779,
8,2518,6356.21026,LoR,32,0.01,0,0.0,2,145.681,4.55253125,219658.01992023666,
8,2519,6356.396042,SGD,1,0.1,0,0.0,18,140.931,140.931,7095.670931164896,
8,2520,6356.683486,LoR,8,1.0,8,1.0,15,139.074,17.38425,57523.33290190833,
8,2521,6356.897326,RF,100,0.1,12,0.12,14,4201.83,42.018299999999996,23799.15417806051,
8,2522,6361.143492,AB,16,1.0,16,1.0,19,7895.438,493.464875,2026.4866876289827,
8,2523,6369.11262,DT,64,0.05,1,0.015625,4,91.306,1.42665625,700939.6972816683,
8,2524,6369.263749,DT,32,0.5,17,0.53125,2,88.87,2.7771875,360076.5162597052,
8,2525,6369.390395,MLP,16,1.0,16,1.0,7,180.951,11.3094375,88421.72742897249,
8,2526,6369.620068,MLP,64,1.0,64,1.0,19,195.384,3.052875,327560.086803423,
8,2527,6369.887279,AB,64,0.05,5,0.078125,12,8258.433,129.038015625,7749.6542019533235,
8,2528,6378.223366,AB,100,0.05,3,0.03,6,8997.386,89.97386,11114.33920918809,
8,2529,6387.332171,SGD,8,0.1,1,0.125,0,174.998,21.87475,45714.808169236225,
8,2530,6387.589061,GB,100,0.05,6,0.06,12,321.043,3.21043,311484.7543786969,
8,2531,6387.951665,NB,8,0.0,0,0.0,18,121.719,15.214875,65725.15383793821,
8,2532,6388.120483,NB,64,0.0,0,0.0,14,125.482,1.96065625,510033.31155066064,
8,2533,6388.285053,DT,8,0.1,0,0.0,13,89.844,11.2305,89043.23048840213,
8,2534,6388.41561,DT,16,0.01,0,0.0,13,85.582,5.348875,186955.20085999393,
8,2535,6388.559421,MLP,32,0.05,2,0.0625,5,205.009,6.40653125,156090.7082128102,
8,2536,6388.807234,RF,32,0.0,0,0.0,14,3366.599,105.20621875,9505.141538983407,
8,2537,6392.253334,LoR,100,0.1,9,0.09,20,178.453,1.78453,560371.6384706338,
8,2538,6392.499856,NB,64,0.5,31,0.484375,12,129.995,2.031171875,492326.6279472287,
8,2539,6392.688839,NB,32,0.05,5,0.15625,28,115.336,3.60425,277450.2323645696,
8,2540,6392.861177,RF,32,0.1,6,0.1875,20,3409.28,106.54,9386.146048432513,
8,2541,6396.312245,NB,1,1.0,1,1.0,19,110.962,110.962,9012.094230457273,
8,2542,6396.472861,NB,8,1.0,8,1.0,27,109.435,13.679375,73102.75506008133,
8,2543,6396.654628,SGD,100,0.1,12,0.12,13,203.389,2.03389,491668.67431375344,
8,2544,6396.902782,AB,32,0.0,0,0.0,3,8085.584,252.6745,3957.6609432293326,
8,2545,6405.059392,RF,64,0.5,33,0.515625,9,4144.908,64.7641875,15440.63221668611,
8,2546,6409.248769,LoR,1,0.05,0,0.0,12,162.679,162.679,6147.074914401982,
8,2547,6409.595555,SGD,32,0.1,5,0.15625,29,156.15,4.8796875,204931.15593980148,
8,2548,6409.826043,DT,100,0.05,3,0.03,26,100.962,1.00962,990471.6626057328,
8,2549,6409.984361,GB,16,0.5,9,0.5625,10,254.661,15.9163125,62828.62314999156,
8,2550,6410.300846,DT,8,0.1,1,0.125,1,90.041,11.255125,88848.41350051643,
8,2551,6410.428323,SGD,8,1.0,8,1.0,19,152.059,19.007375,52611.1575112292,
8,2552,6410.620601,NB,1,0.05,0,0.0,7,103.206,103.206,9689.359145786097,
8,2553,6410.792947,MLP,16,0.1,3,0.1875,7,241.853,15.1158125,66155.88808077633,
8,2554,6411.102243,DT,64,0.01,2,0.03125,21,109.982,1.71846875,581913.4040115655,
8,2555,6411.29797,LoR,16,0.05,0,0.0,23,151.521,9.4700625,105595.92399733371,
8,2556,6411.506459,LoR,8,0.05,1,0.125,0,145.484,18.1855,54988.86475488713,
8,2557,6411.710787,LoR,8,0.1,1,0.125,8,143.105,17.888125,55903.008280633105,
8,2558,6411.89526,LoR,16,0.01,0,0.0,26,141.763,8.8601875,112864.42865910004,
8,2559,6412.107302,RF,100,0.5,61,0.61,26,4625.658,46.25658000000001,21618.54594524714,
8,2560,6416.799319,RF,16,0.1,3,0.1875,18,3065.65,191.603125,5219.121556603004,
8,2561,6419.934458,DT,32,0.1,3,0.09375,12,97.387,3.04334375,328585.95089693693,
8,2562,6420.074933,NB,16,0.05,0,0.0,0,117.439,7.3399375,136240.94210611467,
8,2563,6420.230442,LoR,8,0.0,0,0.0,13,155.184,19.398,51551.70636148057,
8,2564,6420.442946,LoR,8,0.1,2,0.25,21,146.152,18.269,54737.53352673929,
8,2565,6420.631114,DT,32,0.0,0,0.0,29,88.189,2.75590625,362857.04566329136,
8,2566,6420.762546,DT,32,0.01,0,0.0,2,89.048,2.78275,359356.7514149672,
8,2567,6420.910188,NB,32,0.05,2,0.0625,1,116.154,3.6298125,275496.3238459287,
8,2568,6421.063605,RF,1,0.1,0,0.0,23,2851.365,2851.365,350.70922172363066,8.96
8,2569,6437.297566,AB,16,0.0,0,0.0,19,8110.136,506.8835,1972.839912918846,
8,2570,6445.454101,SGD,8,0.0,0,0.0,9,171.194,21.39925,46730.609717630294,
8,2571,6445.668059,SGD,16,0.0,0,0.0,5,148.688,9.293,107607.87689658884,
8,2572,6445.860092,LoR,1,0.05,0,0.0,19,144.978,144.978,6897.59825628716,
8,2573,6446.18193,LoR,16,0.5,6,0.375,28,145.248,9.078,110156.42211940957,
8,2574,6446.367743,LoR,1,0.5,0,0.0,0,139.334,139.334,7176.9991531140995,
8,2575,6446.696051,LoR,100,0.5,51,0.51,22,157.127,1.5712700000000002,636427.8577201881,
8,2576,6446.8943,RF,1,0.01,0,0.0,13,3029.889,3029.889,330.04509406120155,6.75
8,2577,6462.73981,DT,8,0.1,1,0.125,6,91.693,11.461625,87247.6633985146,
8,2578,6462.874653,AB,32,1.0,32,1.0,5,8390.619,262.20684375,3813.7829878820617,
8,2579,6471.353395,DT,64,0.05,6,0.09375,8,98.874,1.54490625,647288.4681513846,
8,2580,6471.497416,DT,16,0.05,0,0.0,15,86.528,5.408,184911.2426035503,
8,2581,6471.628955,DT,32,1.0,32,1.0,22,98.9,3.090625,323559.15065722953,
8,2582,6471.808558,AB,100,0.05,3,0.03,9,8904.386,89.04386000000001,11230.420603958542,
8,2583,6480.789557,NB,1,0.01,0,0.0,5,122.906,122.906,8136.299285632922,
8,2584,6480.995344,NB,16,0.5,10,0.625,6,118.408,7.4005,135126.0049996622,
8,2585,6481.156667,RF,16,0.05,0,0.0,17,3353.598,209.599875,4770.995211709931,
8,2586,6484.585597,RF,32,0.5,15,0.46875,14,3714.579,116.08059375,8614.704385072979,
8,2587,6488.346702,SGD,1,0.01,0,0.0,25,188.956,188.956,5292.237346260506,
8,2588,6488.724292,LoR,32,0.05,1,0.03125,26,162.15,5.0671875,197348.13444341658,
8,2589,6488.955283,GB,64,0.05,2,0.03125,1,300.075,4.688671875,213280.01333000083,
8,2590,6489.321386,NB,32,0.5,14,0.4375,26,159.876,4.996125,200155.12021816906,
8,2591,6489.535513,LoR,1,0.5,0,0.0,15,213.994,213.994,4673.028215744367,
8,2592,6489.978987,MLP,16,0.1,1,0.0625,8,313.128,19.5705,51097.31483610537,
8,2593,6490.380084,SGD,100,1.0,100,1.0,6,206.598,2.06598,484031.7912080465,
8,2594,6490.6843,GB,64,0.5,32,0.5,9,338.819,5.294046875,188891.4139998052,
8,2595,6491.104571,AB,100,0.01,1,0.01,7,8734.272,87.34272000000001,11449.151114139791,
8,2596,6499.883806,AB,8,0.01,0,0.0,16,7924.73,990.59125,1009.4981153932059,
8,2597,6507.872558,MLP,16,0.5,8,0.5,1,191.957,11.9973125,83352.000708492,
8,2598,6508.134705,MLP,64,0.1,2,0.03125,11,202.621,3.165953125,315860.6462311409,
8,2599,6508.401406,AB,32,0.1,1,0.03125,7,8095.728,252.9915,3952.701968247945,
8,2600,6516.56147,AB,16,0.1,1,0.0625,4,8469.303,529.3314375,1889.1755319180338,
8,2601,6525.115142,MLP,64,0.5,32,0.5,14,227.722,3.55815625,281044.4313680716,
8,2602,6525.407397,SGD,32,0.5,18,0.5625,23,162.612,5.081625,196787.4449610115,
8,2603,6525.613008,NB,32,0.0,0,0.0,7,122.313,3.82228125,261623.86663723396,
8,2604,6525.773055,SGD,8,0.0,0,0.0,2,149.556,18.6945,53491.66867260424,
8,2605,6525.997943,DT,100,0.5,54,0.54,27,113.063,1.13063,884462.6447202002,
8,2606,6526.171912,LoR,32,0.1,4,0.125,11,157.376,4.918,203334.68889792598,
8,2607,6526.402981,AB,64,0.5,32,0.5,7,8311.127,129.861359375,7700.520037775863,
8,2608,6534.781158,LoR,32,0.5,20,0.625,14,157.195,4.91234375,203568.81580202933,
8,2609,6535.004988,DT,16,0.1,1,0.0625,1,88.777,5.5485625,180226.86056073083,
8,2610,6535.149911,RF,8,0.5,5,0.625,4,3344.65,418.08125,2391.879568863708,
8,2611,6538.544212,LoR,32,0.01,0,0.0,3,170.085,5.31515625,188141.2235058941,
8,2612,6538.755058,SGD,8,1.0,8,1.0,15,153.377,19.172125,52159.059050574724,
8,2613,6538.975881,SGD,64,0.5,34,0.53125,29,158.314,2.47365625,404259.8885758682,
8,2614,6539.175616,NB,8,0.01,0,0.0,11,149.44,18.68,53533.19057815846,
8,2615,6539.386507,SGD,32,0.1,3,0.09375,18,155.973,4.87415625,205163.71423259153,
8,2616,6539.608398,LoR,64,0.01,2,0.03125,26,157.257,2.457140625,406977.11389636074,
8,2617,6539.802939,DT,1,0.0,0,0.0,13,86.448,86.448,11567.647603183417,7.0
8,2618,6540.117934,MLP,32,0.5,17,0.53125,1,203.945,6.37328125,156905.04792958885,
8,2619,6540.363391,LoR,1,0.05,0,0.0,1,147.654,147.654,6772.589973857803,
8,2620,6540.664862,GB,1,0.1,0,0.0,24,244.775,244.775,4085.384536819528,4.0
8,2621,6553.440985,RF,8,0.0,0,0.0,2,3110.53,388.81625,2571.908967282103,
8,2622,6556.599143,MLP,32,1.0,32,1.0,29,208.65,6.5203125,153366.88233884494,
8,2623,6556.854199,NB,32,1.0,32,1.0,11,122.733,3.83540625,260728.57340731507,
8,2624,6557.02494,DT,64,1.0,64,1.0,21,113.095,1.767109375,565895.9282019541,
8,2625,6557.180042,MLP,8,0.05,0,0.0,10,177.396,22.1745,45096.84547565898,
8,2626,6557.41594,GB,8,0.5,4,0.5,29,231.388,28.9235,34573.962348955,
8,2627,6557.692093,NB,32,1.0,32,1.0,15,122.571,3.83034375,261073.1739155265,
8,2628,6557.862116,DT,64,0.0,0,0.0,4,95.608,1.493875,669400.0502050037,
8,2629,6558.031206,AB,100,0.5,49,0.49,16,8578.853,85.78853,11656.569940060754,
8,2630,6566.652418,RF,8,0.0,0,0.0,26,3071.718,383.96475,2604.4057429751037,
8,2631,6569.792884,LoR,32,0.05,3,0.09375,0,170.186,5.3183125,188029.56764951287,
8,2632,6570.005844,NB,16,1.0,16,1.0,12,116.901,7.3063125,136867.9480928307,
8,2633,6570.170677,LoR,64,0.0,0,0.0,8,161.773,2.527703125,395616.0793210239,
8,2634,6570.373954,DT,16,1.0,16,1.0,9,93.766,5.860375,170637.54452573427,
8,2635,6570.509737,RF,32,0.0,0,0.0,27,3291.421,102.85690625,9722.244586760551,
8,2636,6573.859659,AB,100,0.0,0,0.0,9,8966.765,89.66765,11152.2940547678,
8,2637,6582.920316,RF,100,0.01,0,0.0,3,4096.797,40.967969999999994,24409.31293398233,
8,2638,6587.071523,NB,16,0.0,0,0.0,29,137.758,8.609875,116145.70478665485,
8,2639,6587.288811,SGD,1,0.1,0,0.0,9,180.154,180.154,5550.806532189127,
8,2640,6587.628312,MLP,1,0.0,0,0.0,13,176.785,176.785,5656.5885114687335,
8,2641,6587.977046,GB,8,0.5,4,0.5,9,260.909,32.613625,30662.031589558046,
8,2642,6588.309758,SGD,64,0.5,31,0.484375,7,168.715,2.636171875,379337.93675725337,
8,2643,6588.53571,MLP,8,0.5,6,0.75,0,181.875,22.734375,43986.25429553264,
8,2644,6588.760779,RF,16,0.01,0,0.0,12,3304.065,206.5040625,4842.519744617615,
8,2645,6592.130738,RF,16,0.05,2,0.125,9,3081.583,192.5989375,5192.136638863856,
8,2646,6595.29439,DT,1,0.1,0,0.0,25,98.402,98.402,10162.395073270869,24.0
8,2647,6595.627647,SGD,32,0.05,2,0.0625,12,167.774,5.2429375,190732.7714663774,
8,2648,6595.838144,AB,16,0.0,0,0.0,1,8526.04,532.8775,1876.6039099042462,
8,2649,6604.458664,MLP,100,0.05,5,0.05,13,256.309,2.5630900000000003,390154.07184297073,
8,2650,6604.766571,SGD,64,1.0,64,1.0,15,165.659,2.588421875,386335.78616314236,
8,2651,6604.992581,RF,8,0.1,1,0.125,10,3160.845,395.105625,2530.968775754585,
8,2652,6608.217673,SGD,8,0.1,3,0.375,2,168.459,21.057375,47489.300067078635,
8,2653,6608.428681,LoR,8,0.05,0,0.0,18,155.064,19.383,51591.600887375535,
8,2654,6608.651225,SGD,64,0.5,32,0.5,18,158.808,2.481375,403002.3676389099,
8,2655,6608.877474,SGD,64,0.05,4,0.0625,14,157.377,2.459015625,406666.7937500397,
8,2656,6609.092431,AB,8,0.5,6,0.75,14,7999.967,999.995875,1000.0041250170158,
8,2657,6617.159797,RF,32,0.5,15,0.46875,2,3699.084,115.596375,8650.790303761689,
8,2658,6620.918688,MLP,100,1.0,100,1.0,12,250.987,2.50987,398427.010163873,
8,2659,6621.211891,GB,8,1.0,8,1.0,5,261.36,32.67,30609.121518212425,
8,2660,6621.534777,NB,8,0.5,1,0.125,14,123.455,15.431875,64800.939613624396,
8,2661,6621.711106,DT,100,0.0,0,0.0,9,105.263,1.05263,950001.4250021374,
8,2662,6621.861327,AB,32,0.05,0,0.0,15,8132.04,254.12625,3935.051967280043,
8,2663,6630.050924,LoR,100,0.0,0,0.0,24,167.085,1.6708500000000002,598497.7705958046,
8,2664,6630.267648,AB,64,1.0,64,1.0,24,8238.518,128.72684375,7768.387469688117,
8,2665,6638.56291,GB,100,1.0,100,1.0,25,291.784,2.91784,342719.2717900913,
8,2666,6638.916325,MLP,8,0.5,2,0.25,2,186.78,23.3475,42831.138237498664,
8,2667,6639.17691,RF,64,0.5,33,0.515625,24,4220.735,65.948984375,15163.235787131864,
8,2668,6643.482647,DT,100,0.1,6,0.06,29,109.389,1.09389,914168.7006920257,
8,2669,6643.632644,LoR,16,0.0,0,0.0,9,162.484,10.15525,98471.23409074124,
8,2670,6643.835134,MLP,8,1.0,8,1.0,19,175.725,21.965625,45525.67932849623,
8,2671,6644.079835,GB,64,0.05,7,0.109375,19,264.408,4.131375,242050.16489667483,
8,2672,6644.414049,DT,64,0.1,3,0.046875,7,100.978,1.57778125,633801.4220919409,
8,2673,6644.572801,SGD,16,0.1,2,0.125,5,163.524,10.22025,97844.96465350651,
8,2674,6644.775151,AB,8,1.0,8,1.0,13,8011.233,1001.404125,998.5978438025707,
8,2675,6652.832735,RF,32,0.0,0,0.0,22,3428.087,107.12771875,9334.652241906346,
8,2676,6656.305441,AB,16,0.0,0,0.0,8,8305.568,519.098,1926.4185182759327,
8,2677,6664.657747,DT,1,0.5,0,0.0,29,82.966,82.966,12053.130197912398,7.0
8,2678,6664.97276,RF,8,0.1,2,0.25,26,3300.85,412.60625,2423.618158959056,
8,2679,6668.356608,RF,100,0.01,1,0.01,10,3812.045,38.12045,26232.638911660277,
8,2680,6672.238168,RF,32,0.05,1,0.03125,14,3242.948,101.342125,9867.564943995401,
8,2681,6675.526535,LoR,16,0.0,0,0.0,15,184.816,11.551,86572.59111765215,
8,2682,6675.751533,RF,1,0.0,0,0.0,28,2912.258,2912.258,343.3761706552098,7.0
8,2683,6691.633454,MLP,16,0.5,8,0.5,21,207.802,12.987625,76996.3715459909,
8,2684,6691.883528,DT,1,0.5,0,0.0,2,89.517,89.517,11171.06247975245,24.0
8,2685,6692.159077,RF,16,1.0,16,1.0,12,3462.387,216.3991875,4621.089439164368,
8,2686,6695.666852,RF,16,1.0,16,1.0,11,3520.392,220.0245,4544.9484034732495,
8,2687,6699.29736,RF,64,0.1,5,0.078125,15,3553.927,55.530109375,18008.248340497707,
8,2688,6702.904805,LoR,64,1.0,64,1.0,18,183.867,2.872921875,348077.68658867554,
8,2689,6703.147014,NB,100,1.0,100,1.0,18,192.319,1.92319,519969.4257977631,
8,2690,6703.402061,GB,32,0.5,18,0.5625,8,284.865,8.90203125,112333.91255506994,
8,2691,6703.748115,NB,16,0.5,7,0.4375,16,118.837,7.4273125,134638.20190681354,
8,2692,6703.932173,MLP,64,0.5,31,0.484375,25,226.978,3.54653125,281965.65305888676,
8,2693,6704.200504,LoR,16,0.0,0,0.0,1,153.417,9.5885625,104290.91952000104,
8,2694,6704.394238,DT,1,0.1,0,0.0,9,87.957,87.957,11369.191764157487,7.0
8,2695,6704.701211,DT,64,0.1,3,0.046875,23,96.653,1.510203125,662162.581606365,
8,2696,6704.843762,LoR,64,0.0,0,0.0,5,164.063,2.563484375,390094.0492371833,
8,2697,6705.048236,GB,1,0.1,0,0.0,25,220.58,220.58,4533.502584096473,4.0
8,2698,6717.7238,SGD,8,0.5,6,0.75,3,165.099,20.637375,48455.77501983658,
8,2699,6717.95275,DT,32,0.1,1,0.03125,19,93.694,2.9279375,341537.3449740645,
8,2700,6718.08671,NB,8,0.1,0,0.0,14,112.779,14.097375,70935.19183535942,
8,2701,6718.237809,NB,1,0.1,0,0.0,22,100.628,100.628,9937.591922725285,
8,2702,6718.407314,DT,32,0.1,4,0.125,7,93.685,2.92765625,341570.15530767996,
8,2703,6718.542271,NB,32,0.0,0,0.0,1,117.272,3.66475,272869.90927075513,
8,2704,6718.714524,NB,100,0.01,0,0.0,5,135.933,1.35933,735656.5366761567,
8,2705,6718.904904,GB,8,0.1,1,0.125,9,218.778,27.34725,36566.74802768103,
8,2706,6719.163689,DT,8,0.0,0,0.0,9,129.926,16.24075,61573.51107553531,
8,2707,6719.354397,LoR,32,0.1,5,0.15625,6,164.607,5.14396875,194402.425170254,
8,2708,6719.556382,MLP,1,0.0,0,0.0,24,166.467,166.467,6007.19662155262,
8,2709,6719.913168,RF,100,0.5,50,0.5,25,4616.636,46.166360000000005,21660.7937034672,
8,2710,6724.578173,LoR,16,0.01,0,0.0,28,168.14,10.50875,95158.79624122755,
8,2711,6724.822927,GB,100,0.1,10,0.1,7,284.091,2.84091,351999.887360036,
8,2712,6725.150205,RF,16,0.0,0,0.0,7,3151.845,196.9903125,5076.391764188912,
8,2713,6728.36768,MLP,8,0.01,1,0.125,19,194.874,24.35925,41052.16704126769,
8,2714,6728.611239,LoR,32,0.01,0,0.0,15,158.394,4.9498125,202027.85459045166,
8,2715,6728.81423,AB,32,1.0,32,1.0,26,8146.742,254.5856875,3927.9505844176724,
8,2716,6737.026119,AB,16,0.05,1,0.0625,20,7966.447,497.9029375,2008.4235795455616,
8,2717,6745.056309,RF,16,0.1,1,0.0625,9,3111.117,194.4448125,5142.847408181691,
8,2718,6748.235823,LoR,32,0.1,1,0.03125,13,170.319,5.32246875,187882.7376863415,
8,2719,6748.450764,LoR,32,1.0,32,1.0,7,155.25,4.8515625,206119.16264090178,
8,2720,6748.666811,MLP,8,0.05,1,0.125,22,176.07,22.00875,45436.474129607544,
8,2721,6748.906404,GB,32,0.1,2,0.0625,2,241.947,7.56084375,132260.3710730036,
8,2722,6749.197419,RF,64,0.0,0,0.0,20,3797.785,59.340390625,16851.928163389977,
8,2723,6753.046689,GB,16,1.0,16,1.0,20,274.452,17.15325,58297.990176788655,
8,2724,6753.398958,RF,64,0.1,9,0.140625,7,3833.38,59.8965625,16695.44892496961,
8,2725,6757.289738,AB,16,1.0,16,1.0,28,8109.318,506.832375,1973.038916466218,
8,2726,6765.476508,NB,64,0.01,1,0.015625,27,142.496,2.2265,449135.4143274197,
8,2727,6765.664636,LoR,1,1.0,1,1.0,6,169.558,169.558,5897.686927187157,
8,2728,6766.017817,GB,8,0.5,3,0.375,23,250.279,31.284875,31964.327810163857,
8,2729,6766.312611,SGD,32,1.0,32,1.0,18,163.613,5.11290625,195583.4805302757,
8,2730,6766.520167,RF,16,0.01,0,0.0,9,3130.665,195.6665625,5110.735259122263,
8,2731,6769.71905,MLP,32,0.05,5,0.15625,11,218.255,6.82046875,146617.48871732608,
8,2732,6769.98819,AB,64,0.0,0,0.0,0,8277.711,129.339234375,7731.605995908773,
8,2733,6778.333575,AB,32,0.05,1,0.03125,0,8008.098,250.2530625,3995.955094455637,
8,2734,6786.390104,LoR,32,0.01,0,0.0,10,155.158,4.8486875,206241.3797548306,
8,2735,6786.622854,AB,100,0.5,58,0.58,14,8491.085,84.91085,11777.057937825379,
8,2736,6795.193069,DT,100,0.1,13,0.13,18,137.194,1.37194,728894.8496289926,
8,2737,6795.389641,NB,16,0.01,1,0.0625,28,119.906,7.494125,133437.8596567311,
8,2738,6795.54941,MLP,8,0.1,0,0.0,0,180.866,22.60825,44231.64110446408,
8,2739,6795.787503,AB,100,0.01,0,0.0,23,8509.637,85.09637000000001,11751.382579538938,
8,2740,6804.360613,SGD,16,0.5,10,0.625,11,156.114,9.757125,102489.20660542937,
8,2741,6804.557419,MLP,1,0.5,1,1.0,1,161.303,161.303,6199.5127183003415,
8,2742,6804.898428,AB,8,0.0,0,0.0,7,8344.973,1043.121625,958.6609806886133,
8,2743,6813.309187,AB,32,0.01,0,0.0,16,8048.493,251.51540625,3975.8995876619383,
8,2744,6821.42602,MLP,32,0.05,2,0.0625,12,211.877,6.62115625,151031.02271600976,
8,2745,6821.677981,RF,1,1.0,1,1.0,19,3076.184,3076.184,325.0780837557181,13.49
8,2746,6837.610196,GB,100,0.5,56,0.56,12,343.085,3.43085,291472.9585962662,
8,2747,6837.999955,GB,16,0.01,0,0.0,12,226.028,14.12675,70787.6900207054,
8,2748,6838.290163,RF,32,0.5,15,0.46875,19,3660.016,114.3755,8743.131177568623,
8,2749,6841.993579,GB,8,1.0,8,1.0,26,230.134,28.76675,34762.35584485561,
8,2750,6842.300682,GB,100,0.1,5,0.05,0,272.838,2.72838,366517.860415338,
8,2751,6842.626063,DT,64,0.01,0,0.0,15,100.376,1.568375,637602.6141707181,
8,2752,6842.786558,GB,16,0.05,1,0.0625,27,220.796,13.79975,72465.08088914654,
8,2753,6843.049639,SGD,16,0.0,0,0.0,22,175.23,10.951875,91308.56588483708,
8,2754,6843.266711,DT,1,0.01,0,0.0,22,88.357,88.357,11317.72242153989,7.0
8,2755,6843.545264,DT,8,0.1,0,0.0,28,88.285,11.035625,90615.61986747466,
8,2756,6843.671991,GB,8,0.0,0,0.0,8,216.28,27.035,36989.088218975405,
8,2757,6843.929782,AB,1,0.1,0,0.0,4,7741.109,7741.109,129.18045721872667,2.0
8,2758,6864.356516,DT,8,0.1,0,0.0,0,91.882,11.48525,87068.19616464595,
8,2759,6864.492091,GB,32,0.0,0,0.0,24,231.826,7.2445625,138034.56040306092,
8,2760,6864.799993,GB,100,0.05,7,0.07,7,270.09,2.7009,370246.95471879747,
8,2761,6865.112989,DT,1,0.05,0,0.0,27,90.265,90.265,11078.491109510884,7.0
8,2762,6865.388098,AB,1,0.0,0,0.0,12,7744.48,7744.48,129.12422783711753,2.0
8,2763,6885.792453,RF,8,1.0,8,1.0,5,3381.161,422.645125,2366.0511877429085,
8,2764,6889.225292,DT,16,0.01,0,0.0,19,99.121,6.1950625,161418.87188385913,
8,2765,6889.389112,DT,32,0.01,1,0.03125,21,94.674,2.9585625,338001.9857616663,
8,2766,6889.522785,GB,1,0.05,0,0.0,18,235.044,235.044,4254.5225574786,4.0
8,2767,6902.223104,MLP,16,1.0,16,1.0,11,215.638,13.477375,74198.42513842644,
8,2768,6902.481551,NB,1,0.5,1,1.0,13,111.225,111.225,8990.784445942909,
8,2769,6902.641455,RF,8,1.0,8,1.0,4,3391.014,423.87675,2359.176340764149,
8,2770,6906.101476,LoR,32,0.5,16,0.5,26,182.327,5.69771875,175508.83851541462,
8,2771,6906.328645,MLP,16,0.01,0,0.0,10,187.073,11.6920625,85528.1093476878,
8,2772,6906.557503,AB,1,0.5,1,1.0,9,8194.705,8194.705,122.03001816416821,2.0
8,2773,6927.602023,NB,8,0.5,4,0.5,4,125.374,15.67175,63809.08322299679,
8,2774,6927.766744,DT,8,0.0,0,0.0,21,90.599,11.324875,88301.19537743242,
8,2775,6927.897868,SGD,8,0.1,0,0.0,22,173.081,21.635125,46221.13345774522,
8,2776,6928.117546,NB,32,0.05,0,0.0,2,117.659,3.67684375,271972.3948019276,
8,2777,6928.294876,NB,32,0.5,16,0.5,18,115.851,3.62034375,276216.8647659494,
8,2778,6928.474785,LoR,64,0.5,40,0.625,11,166.476,2.6011875,384439.79913020495,
8,2779,6928.716275,SGD,100,0.05,10,0.1,19,167.407,1.6740700000000002,597346.5864629316,
8,2780,6928.941672,DT,16,0.1,1,0.0625,5,92.332,5.77075,173287.70090542824,
8,2781,6929.088244,SGD,8,0.05,1,0.125,23,153.76,19.22,52029.13631633715,
8,2782,6929.296676,DT,8,0.05,1,0.125,8,88.342,11.04275,90557.15288311336,
8,2783,6929.454211,MLP,100,0.05,5,0.05,29,243.142,2.43142,411282.2959422889,
8,2784,6929.769869,GB,100,0.5,43,0.43,20,334.399,3.34399,299043.9564711617,
8,2785,6930.176089,LoR,64,0.01,2,0.03125,5,169.723,2.651921875,377085.0149950213,
8,2786,6930.388756,NB,32,0.0,0,0.0,27,124.311,3.88471875,257418.89293787355,
8,2787,6930.582083,MLP,64,0.5,30,0.46875,17,212.912,3.32675,300593.6725031938,
8,2788,6930.835759,GB,1,0.5,1,1.0,29,223.548,223.548,4473.312219299658,4.0
8,2789,6943.638629,GB,8,1.0,8,1.0,18,247.199,30.899875,32362.590463553654,
8,2790,6944.005207,RF,100,0.01,2,0.02,7,4287.799,42.87799,23321.988740610275,
8,2791,6948.370752,SGD,32,0.0,0,0.0,13,225.32,7.04125,142020.23788389846,
8,2792,6948.644253,RF,1,0.05,0,0.0,18,3036.876,3036.876,329.28575285918816,8.79
8,2793,6964.732289,AB,64,1.0,64,1.0,13,8618.886,134.67009375,7425.553604027248,
8,2794,6973.471503,SGD,16,0.5,6,0.375,0,208.757,13.0473125,76644.13648404604,
8,2795,6973.784259,DT,100,0.0,0,0.0,29,128.569,1.2856899999999998,777792.4694133112,
8,2796,6973.952192,SGD,1,0.0,0,0.0,29,157.182,157.182,6362.051634411066,
8,2797,6974.281745,DT,1,0.1,0,0.0,15,88.045,88.045,11357.82838321313,7.0
8,2798,6974.639518,AB,32,0.1,1,0.03125,26,8130.071,254.06471875,3936.0049869183185,
8,2799,6982.834636,MLP,8,0.5,2,0.25,18,194.957,24.369625,41034.68970080582,
8,2800,6983.099406,DT,64,0.01,2,0.03125,11,93.156,1.4555625,687019.6229979818,
8,2801,6983.268363,NB,8,0.01,0,0.0,1,128.834,16.10425,62095.40959684555,
8,2802,6983.443365,LoR,64,1.0,64,1.0,8,161.765,2.527578125,395635.64429882856,
8,2803,6983.643676,AB,8,0.0,0,0.0,9,7890.933,986.366625,1013.8218129592534,
8,2804,6991.574422,GB,1,0.0,0,0.0,29,239.769,239.769,4170.680947078229,4.0
8,2805,7004.15366,GB,16,0.1,1,0.0625,23,223.755,13.9846875,71506.7819713526,
8,2806,7004.421753,LoR,32,1.0,32,1.0,27,159.788,4.993375,200265.35159085787,
8,2807,7004.630951,AB,32,0.01,0,0.0,1,8156.446,254.8889375,3923.2773685990196,
8,2808,7012.866315,MLP,100,0.5,46,0.46,17,233.748,2.33748,427811.1470472475,
8,2809,7013.142028,GB,16,1.0,16,1.0,14,218.357,13.6473125,73274.5000160288,
8,2810,7013.436637,MLP,100,0.01,1,0.01,15,222.714,2.22714,449006.34894977417,
8,2811,7013.725787,NB,64,0.5,36,0.5625,2,130.98,2.0465625,488624.2174377768,
8,2812,7013.902033,RF,64,1.0,64,1.0,5,4730.631,73.916109375,13528.850590967673,
8,2813,7018.70131,SGD,32,0.1,3,0.09375,19,173.247,5.41396875,184707.38310042885,
8,2814,7018.918087,SGD,8,0.01,0,0.0,6,151.532,18.9415,52794.12929282263,
8,2815,7019.127879,GB,8,0.1,1,0.125,17,268.679,33.584875,29775.30808139081,
8,2816,7019.43747,NB,16,0.0,0,0.0,2,115.514,7.219625,138511.34927368112,
8,2817,7019.610725,SGD,16,0.1,5,0.3125,27,154.857,9.6785625,103321.12852502632,
8,2818,7019.859034,NB,64,0.1,9,0.140625,0,125.898,1.96715625,508348.02776851103,
8,2819,7020.021918,NB,8,1.0,8,1.0,15,102.682,12.83525,77910.44194698194,
8,2820,7020.192914,LoR,100,0.05,6,0.06,19,165.005,1.65005,606042.2411442078,
8,2821,7020.397644,LoR,16,1.0,16,1.0,25,145.27,9.079375,110139.73979486473,
8,2822,7020.583498,AB,8,0.05,0,0.0,4,8473.874,1059.23425,944.0782338750848,
8,2823,7029.131927,DT,64,1.0,64,1.0,19,112.064,1.751,571102.2272986865,
8,2824,7029.313626,DT,32,0.1,4,0.125,16,91.902,2.8719375,348196.9924484777,
8,2825,7029.443911,NB,8,0.0,0,0.0,28,120.652,15.0815,66306.40188310182,
8,2826,7029.604872,SGD,8,0.05,0,0.0,27,173.562,21.69525,46093.0387988154,
8,2827,7029.826399,DT,16,0.0,0,0.0,3,90.209,5.6380625,177365.89475551218,
8,2828,7029.978884,DT,32,0.5,16,0.5,14,91.753,2.86728125,348762.43828539667,
8,2829,7030.120076,DT,64,0.01,0,0.0,8,91.504,1.42975,699422.976044763,
8,2830,7030.257944,SGD,64,1.0,64,1.0,3,167.858,2.62278125,381274.64881030394,
8,2831,7030.485833,LoR,16,0.5,10,0.625,18,155.692,9.73075,102767.00151581327,
8,2832,7030.682667,NB,1,0.05,0,0.0,12,103.628,103.628,9649.901571003977,
8,2833,7030.853337,RF,100,1.0,100,1.0,22,5300.475,53.00475,18866.23368660356,
8,2834,7036.20819,RF,64,1.0,64,1.0,8,4532.419,70.819046875,14120.495038080107,
8,2835,7040.784063,RF,1,0.0,0,0.0,3,2979.22,2979.22,335.6583266761099,6.68
8,2836,7056.720015,RF,1,0.01,0,0.0,2,2986.826,2986.826,334.8035673989713,15.66
8,2837,7072.967213,GB,64,0.01,1,0.015625,24,306.594,4.79053125,208745.11569045708,
8,2838,7073.335804,MLP,100,0.0,0,0.0,13,273.431,2.73431,365722.9794719692,
8,2839,7073.652489,SGD,1,0.1,0,0.0,8,163.49,163.49,6116.582053948254,
8,2840,7074.011298,NB,64,0.01,3,0.046875,1,138.986,2.17165625,460478.0337587959,
8,2841,7074.223645,LoR,100,0.05,5,0.05,29,170.21,1.7021000000000002,587509.5470301392,
8,2842,7074.443486,LoR,64,0.01,0,0.0,27,155.526,2.43009375,411506.7577125368,
8,2843,7074.660471,LoR,32,0.05,1,0.03125,16,149.117,4.65990625,214596.5919378743,
8,2844,7074.873103,GB,64,1.0,64,1.0,8,280.066,4.37603125,228517.56371712385,
8,2845,7075.198335,MLP,8,0.1,0,0.0,24,208.026,26.00325,38456.731370117195,
8,2846,7075.467944,AB,16,0.05,2,0.125,24,8088.662,505.541375,1978.0774620079314,
8,2847,7083.599921,AB,1,0.1,1,1.0,22,7713.533,7713.533,129.64227935499855,2.0
8,2848,7104.051411,RF,64,0.01,0,0.0,29,3616.662,56.51034375,17695.875367949786,
8,2849,7107.748412,LoR,100,0.1,7,0.07,18,180.44,1.8044,554200.8423852804,
8,2850,7107.990417,NB,16,0.05,1,0.0625,22,119.002,7.437625,134451.52182316265,
8,2851,7108.150143,GB,8,0.01,0,0.0,21,229.251,28.656375,34896.249089426,
8,2852,7108.420234,NB,8,0.0,0,0.0,23,112.803,14.100375,70920.09964274,
8,2853,7108.598945,GB,64,0.01,2,0.03125,11,252.16,3.94,253807.10659898477,
8,2854,7108.926289,MLP,100,0.05,7,0.07,22,239.953,2.39953,416748.27987147484,
8,2855,7109.235332,GB,64,0.05,3,0.046875,14,248.192,3.878,257864.87880350696,
8,2856,7109.542852,RF,8,0.1,1,0.125,18,3182.626,397.82825,2513.6475350858063,
8,2857,7112.773031,RF,16,0.05,0,0.0,2,3129.799,195.6124375,5112.149374448647,
8,2858,7115.946647,GB,8,0.0,0,0.0,6,228.696,28.587,34980.93539021233,
8,2859,7116.238508,DT,16,0.1,1,0.0625,22,94.577,5.9110625,169174.3235670406,
8,2860,7116.375276,SGD,16,0.01,0,0.0,6,162.433,10.1520625,98502.15165637525,
8,2861,7116.596046,DT,8,0.5,1,0.125,25,91.254,11.40675,87667.38992263352,
8,2862,7116.740574,SGD,100,1.0,100,1.0,16,168.392,1.6839199999999999,593852.4395458216,
8,2863,7116.966245,AB,8,0.5,3,0.375,13,7977.737,997.217125,1002.790641005087,
8,2864,7124.987087,MLP,1,0.1,0,0.0,12,168.067,168.067,5950.008032510844,
8,2865,7125.349349,NB,100,0.1,11,0.11,26,146.086,1.46086,684528.2915542899,
8,2866,7125.557035,DT,16,0.05,2,0.125,17,94.492,5.90575,169326.50383101215,
8,2867,7125.708593,DT,8,0.1,1,0.125,25,88.588,11.0735,90305.68474285457,
8,2868,7125.834996,RF,1,0.5,0,0.0,6,2965.391,2965.391,337.2236578582723,8.13
8,2869,7141.581432,AB,100,0.0,0,0.0,28,8528.2,85.28200000000001,11725.803803850753,
8,2870,7150.152065,LoR,8,0.0,0,0.0,28,152.456,19.057,52474.15647793462,
8,2871,7150.374615,GB,64,0.01,1,0.015625,10,248.463,3.882234375,257583.6241210965,
8,2872,7150.666702,GB,8,0.1,0,0.0,28,212.64,26.58,37622.27238525207,
8,2873,7150.954003,NB,100,0.1,10,0.1,24,147.467,1.4746700000000001,678117.8161893847,
8,2874,7151.159169,DT,16,0.5,7,0.4375,15,138.219,8.6386875,115758.32555582083,
8,2875,7151.357808,NB,32,0.01,1,0.03125,5,119.069,3.72090625,268751.7321888989,
8,2876,7151.517319,AB,16,0.01,0,0.0,2,8184.014,511.500875,1955.0308687155227,
8,2877,7159.781208,DT,100,0.1,11,0.11,11,105.157,1.05157,950959.0421940527,
8,2878,7159.935078,AB,64,1.0,64,1.0,3,8722.384,136.28725,7337.443524614371,
8,2879,7168.735833,NB,100,0.5,58,0.58,22,144.288,1.4428800000000002,693058.3277888667,
8,2880,7168.91898,DT,8,1.0,8,1.0,14,91.59,11.44875,87345.78010699857,
8,2881,7169.076134,MLP,64,0.01,2,0.03125,17,219.051,3.422671875,292169.4034722508,
8,2882,7169.3539,AB,8,0.5,5,0.625,21,7948.837,993.604625,1006.4365390811259,
8,2883,7177.348575,SGD,16,0.05,0,0.0,17,154.906,9.681625,103288.44589622093,
8,2884,7177.544886,GB,1,0.1,0,0.0,5,203.984,203.984,4902.345281982901,4.0
8,2885,7190.238876,SGD,100,0.01,0,0.0,10,173.959,1.73959,574848.0963905288,
8,2886,7190.453952,GB,8,0.0,0,0.0,10,216.151,27.018875,37011.16349218833,
8,2887,7190.746433,SGD,100,0.1,5,0.05,9,175.404,1.75404,570112.4261704409,
8,2888,7190.996076,MLP,100,0.05,4,0.04,6,235.129,2.35129,425298.45318952575,
8,2889,7191.305398,NB,100,0.05,7,0.07,0,142.851,1.42851,700030.1012943557,
8,2890,7191.490035,MLP,32,1.0,32,1.0,18,188.382,5.8869375,169867.609431899,
8,2891,7191.7532,NB,100,0.1,8,0.08,18,140.786,1.4078600000000001,710297.8989388149,
8,2892,7191.951592,RF,16,0.05,1,0.0625,29,3508.952,219.3095,4559.765992809249,
8,2893,7195.549992,AB,64,0.5,33,0.515625,22,8469.328,132.33325,7556.67982158679,
8,2894,7204.064257,SGD,1,0.1,0,0.0,17,160.726,160.726,6221.768724412977,
8,2895,7204.384818,NB,8,0.1,0,0.0,18,114.559,14.319875,69833.01181050812,
8,2896,7204.568538,LoR,64,0.05,1,0.015625,13,163.974,2.56209375,390305.7801846634,
8,2897,7204.773179,AB,1,0.05,0,0.0,27,8200.421,8200.421,121.94495867956047,2.0
8,2898,7225.804257,GB,100,0.1,8,0.08,11,324.509,3.2450900000000003,308157.86311011406,
8,2899,7226.190762,NB,100,0.01,0,0.0,11,156.453,1.56453,639169.5908675449,
8,2900,7226.390327,LoR,8,0.05,0,0.0,13,173.766,21.72075,46038.92591185848,
8,2901,7226.620379,RF,100,1.0,100,1.0,10,5358.227,53.58227,18662.88979544913,
8,2902,7232.023537,GB,1,1.0,1,1.0,10,255.781,255.781,3909.5945359506763,4.0
8,2903,7244.834593,NB,100,1.0,100,1.0,25,150.724,1.50724,663464.3454260769,
8,2904,7245.025352,MLP,8,1.0,8,1.0,5,201.313,25.164125,39739.112724960636,
8,2905,7245.269257,NB,1,0.05,1,1.0,26,104.391,104.391,9579.369869050013,
8,2906,7245.422805,RF,1,0.5,0,0.0,17,2998.396,2998.396,333.5116508960124,6.74
8,2907,7261.290523,SGD,100,0.5,45,0.45,3,181.634,1.8163399999999998,550557.7149652599,
8,2908,7261.536822,RF,32,0.1,4,0.125,25,3396.904,106.15325,9420.342759171292,
8,2909,7265.013495,LoR,100,0.01,2,0.02,16,182.246,1.8224600000000002,548708.8879865676,
8,2910,7265.265167,LoR,64,0.05,3,0.046875,7,162.572,2.5401875,393671.7269886573,
8,2911,7265.465086,SGD,1,0.0,0,0.0,6,147.727,147.727,6769.243266295261,
8,2912,7265.789229,MLP,100,0.01,0,0.0,26,229.683,2.29683,435382.6796062399,
8,2913,7266.064378,MLP,32,1.0,32,1.0,17,182.038,5.6886875,175787.47294520924,
8,2914,7266.290273,MLP,32,1.0,32,1.0,20,179.703,5.61571875,178071.59591103098,
8,2915,7266.519318,NB,64,0.0,0,0.0,0,128.578,2.00903125,497752.3371027703,
8,2916,7266.687715,RF,1,0.1,0,0.0,12,2977.653,2977.653,335.83496801004014,8.96
8,2917,7282.438786,RF,1,0.05,1,1.0,19,3070.714,3070.714,325.6571598657511,22.2
8,2918,7298.297341,DT,16,0.01,0,0.0,21,91.586,5.724125,174699.18983250717,
8,2919,7298.428822,LoR,8,0.0,0,0.0,5,156.55,19.56875,51101.88438198658,
8,2920,7298.660316,LoR,100,0.5,48,0.48,16,164.04,1.6403999999999999,609607.41282614,
8,2921,7298.86553,MLP,8,0.1,0,0.0,9,173.289,21.661125,46165.65390763407,
8,2922,7299.106374,MLP,64,0.05,3,0.046875,2,204.799,3.199984375,312501.52588635683,
8,2923,7299.352796,AB,16,1.0,16,1.0,15,7978.88,498.68,2005.2939760968957,
8,2924,7307.408855,MLP,100,0.5,53,0.53,20,226.173,2.26173,442139.42424604174,
8,2925,7307.677036,SGD,1,0.05,0,0.0,21,148.143,148.143,6750.23457065133,
8,2926,7307.993157,AB,100,1.0,100,1.0,20,8431.818,84.31818,11859.838530670373,
8,2927,7316.504598,GB,100,0.05,3,0.03,29,293.01,2.9301,341285.2803658578,
8,2928,7316.860694,DT,16,0.1,1,0.0625,0,94.681,5.9175625,168988.49822033988,
8,2929,7317.016173,DT,32,0.01,1,0.03125,29,93.121,2.91003125,343638.92140333547,
8,2930,7317.163319,DT,8,0.1,2,0.25,2,86.353,10.794125,92642.98866281427,
8,2931,7317.286948,GB,1,0.01,0,0.0,28,208.873,208.873,4787.598205608193,4.0
8,2932,7330.511835,DT,100,0.0,0,0.0,28,115.874,1.1587399999999999,863006.3689870031,
8,2933,7330.710474,NB,100,0.5,44,0.44,11,165.987,1.65987,602456.8189075048,
8,2934,7330.92514,LoR,64,0.0,0,0.0,22,190.638,2.97871875,335714.8102686767,
8,2935,7331.158362,RF,16,0.0,0,0.0,1,3220.215,201.2634375,4968.612344206831,
8,2936,7334.423036,SGD,8,1.0,8,1.0,7,174.71,21.83875,45790.16656173087,
8,2937,7334.674914,GB,100,0.5,50,0.5,15,330.789,3.30789,302307.5132486268,
8,2938,7335.047846,NB,8,1.0,8,1.0,13,117.905,14.738125,67851.23616470887,
8,2939,7335.206944,MLP,8,0.01,0,0.0,26,232.351,29.043875,34430.66739544913,
8,2940,7335.479324,AB,1,0.0,0,0.0,21,7780.708,7780.708,128.52300844601803,2.0
8,2941,7355.881767,RF,1,1.0,1,1.0,24,2950.391,2950.391,338.9381271838207,15.0
8,2942,7371.468161,MLP,16,0.1,1,0.0625,21,194.345,12.1465625,82327.81908461756,
8,2943,7371.731087,NB,64,0.5,29,0.453125,13,130.155,2.033671875,491721.40908916295,
8,2944,7371.925182,SGD,64,0.5,35,0.546875,24,163.785,2.559140625,390756.17425283144,
8,2945,7372.135987,MLP,64,0.0,0,0.0,23,200.001,3.125015625,319998.40000799997,
8,2946,7372.395695,RF,16,0.05,1,0.0625,21,3079.425,192.4640625,5195.775185302451,
8,2947,7375.522259,LoR,32,1.0,32,1.0,17,164.398,5.1374375,194649.5699461064,
8,2948,7375.755702,RF,64,0.1,2,0.03125,22,3394.383,53.037234375,18854.678449662282,
8,2949,7379.193915,DT,1,0.01,0,0.0,10,132.496,132.496,7547.397657287766,7.0
8,2950,7379.513286,LoR,1,0.0,0,0.0,3,154.45,154.45,6474.587245063128,
8,2951,7379.855128,GB,100,0.05,5,0.05,24,295.229,2.9522899999999996,338720.1121841012,
8,2952,7380.193131,RF,16,1.0,16,1.0,10,3460.691,216.2931875,4623.354122052504,
8,2953,7383.729151,MLP,16,0.0,0,0.0,7,292.109,18.2568125,54774.074061394895,
8,2954,7384.076133,MLP,1,1.0,1,1.0,25,273.044,273.044,3662.4133839234705,
8,2955,7384.517405,GB,8,1.0,8,1.0,12,289.457,36.182125,27637.95658767969,
8,2956,7384.8496,NB,8,0.0,0,0.0,15,126.03,15.75375,63476.94993255574,
8,2957,7385.015321,AB,8,0.0,0,0.0,28,8038.938,1004.86725,995.156325375317,
8,2958,7393.140195,GB,64,0.05,2,0.03125,0,284.268,4.4416875,225139.65694344774,
8,2959,7393.498454,NB,64,0.5,40,0.625,23,137.97,2.15578125,463868.95701964194,
8,2960,7393.67777,MLP,16,0.01,0,0.0,14,206.038,12.877375,77655.5780972442,
8,2961,7393.942526,SGD,8,0.5,5,0.625,8,156.41,19.55125,51147.62483217186,
8,2962,7394.158914,AB,32,0.01,1,0.03125,0,8041.806,251.3064375,3979.205665990948,
8,2963,7402.254025,NB,64,0.01,0,0.0,19,125.248,1.957,510986.2033725089,
8,2964,7402.418757,NB,1,0.05,0,0.0,4,97.659,97.659,10239.711649719944,
8,2965,7402.586903,LoR,32,0.5,19,0.59375,13,157.019,4.90684375,203796.99272062615,
8,2966,7402.80892,MLP,64,0.5,32,0.5,9,204.689,3.198265625,312669.4644069784,
8,2967,7403.074951,SGD,8,0.05,2,0.25,19,152.866,19.10825,52333.416194575635,
8,2968,7403.33063,AB,8,0.5,1,0.125,8,7758.99,969.87375,1031.0620325583614,
8,2969,7411.137729,RF,32,0.01,0,0.0,7,3388.741,105.89815625,9443.035038676606,
8,2970,7414.59926,DT,64,0.5,37,0.578125,9,111.256,1.738375,575249.87416409,
8,2971,7414.750835,SGD,1,0.1,0,0.0,1,156.317,156.317,6397.256856260035,
8,2972,7415.066016,DT,32,0.0,0,0.0,20,89.739,2.80434375,356589.6655857542,
8,2973,7415.211846,GB,100,0.01,0,0.0,13,337.601,3.37601,296207.6534133489,
8,2974,7415.613354,MLP,32,0.5,13,0.40625,15,196.749,6.14840625,162643.774555398,
8,2975,7415.858497,AB,64,1.0,64,1.0,12,8149.824,127.341,7852.930320949263,
8,2976,7424.066654,LoR,100,1.0,100,1.0,6,164.184,1.64184,609072.7476489792,
8,2977,7424.3064,GB,100,0.01,1,0.01,11,267.569,2.6756900000000003,373735.3729318419,
8,2978,7424.615722,DT,16,1.0,16,1.0,5,95.001,5.9375625,168419.27979705477,
8,2979,7424.782631,DT,100,0.5,44,0.44,23,105.316,1.05316,949523.3392836796,
8,2980,7424.939127,DT,100,0.0,0,0.0,25,93.326,0.93326,1071512.7617169921,
8,2981,7425.101706,RF,100,0.05,3,0.03,16,3814.237,38.14237,26217.563302962033,
8,2982,7428.962304,RF,32,0.0,0,0.0,25,3310.672,103.4585,9665.711372192714,
8,2983,7432.352075,MLP,100,0.5,49,0.49,23,240.715,2.40715,415429.0343352097,
8,2984,7432.635653,DT,1,1.0,1,1.0,24,88.97,88.97,11239.743733842868,24.0
8,2985,7432.93109,LoR,16,0.0,0,0.0,14,157.092,9.81825,101851.1445522369,
8,2986,7433.130293,DT,8,0.01,0,0.0,16,90.788,11.3485,88117.37233995683,
8,2987,7433.292854,AB,100,0.05,6,0.06,21,9076.465,90.76465,11017.505163078356,
8,2988,7442.425449,MLP,1,0.1,1,1.0,7,185.948,185.948,5377.847570288468,
8,2989,7442.782573,GB,64,0.0,0,0.0,5,286.02,4.4690625,223760.57618348367,
8,2990,7443.111915,SGD,16,1.0,16,1.0,12,200.799,12.5499375,79681.67172147271,
8,2991,7443.357517,LoR,32,0.0,0,0.0,16,154.894,4.8404375,206592.8957867961,
8,2992,7443.555739,AB,16,0.01,0,0.0,5,8029.098,501.818625,1992.7518632852657,
8,2993,7451.628331,LoR,16,1.0,16,1.0,5,151.323,9.4576875,105734.09197544325,
8,2994,7451.821786,LoR,1,0.01,0,0.0,20,142.87,142.87,6999.370056694897,
8,2995,7452.155606,DT,16,0.0,0,0.0,0,88.104,5.5065,181603.55942976483,
8,2996,7452.285419,AB,8,0.01,0,0.0,24,7979.535,997.441875,1002.5646857868285,
8,2997,7460.307773,GB,1,0.5,0,0.0,27,221.19,221.19,4521.00004521,4.0
8,2998,7473.234793,RF,32,0.1,5,0.15625,7,3792.688,118.5215,8437.287749480052,
8,2999,7477.134922,MLP,32,0.5,14,0.4375,11,280.47,8.7646875,114094.19902306842,
8,3000,7477.478674,AB,100,0.0,0,0.0,7,9011.503,90.11503,11096.928004129832,
8,3001,7486.584804,MLP,16,0.1,3,0.1875,1,222.542,13.908875,71896.54087767702,
8,3002,7486.874569,SGD,32,0.01,1,0.03125,21,165.149,5.16090625,193764.4187975707,
8,3003,7487.081323,GB,8,0.1,0,0.0,1,304.408,38.051,26280.518251819925,
8,3004,7487.430386,GB,16,0.01,0,0.0,14,222.334,13.895875,71963.80220748963,
8,3005,7487.692775,MLP,8,0.0,0,0.0,21,180.71,22.58875,44269.824580820095,
8,3006,7487.938539,LoR,32,0.01,1,0.03125,28,157.375,4.91796875,203335.9809372518,
8,3007,7488.142509,SGD,16,0.0,0,0.0,10,149.385,9.3365625,107105.80044850554,
8,3008,7488.366669,LoR,100,0.1,11,0.11,16,160.674,1.60674,622378.2316989681,
8,3009,7488.585912,LoR,16,0.05,2,0.125,12,145.628,9.10175,109868.98123987147,
8,3010,7488.768936,DT,1,0.0,0,0.0,22,86.259,86.259,11592.993194912995,7.0
8,3011,7489.086912,LoR,32,0.05,2,0.0625,18,158.515,4.95359375,201873.63971863865,
8,3012,7489.303072,GB,8,0.5,4,0.5,19,216.788,27.0985,36902.41157259627,
8,3013,7489.594421,NB,100,0.1,8,0.08,0,152.303,1.5230299999999999,656585.8847166504,
8,3014,7489.818343,MLP,100,0.05,5,0.05,15,233.263,2.33263,428700.65119628917,
8,3015,7490.090111,MLP,1,1.0,1,1.0,5,162.932,162.932,6137.52976701937,
8,3016,7490.41613,RF,16,0.0,0,0.0,25,3497.297,218.5810625,4574.961749030751,
8,3017,7494.018784,DT,32,0.1,3,0.09375,23,138.17,4.3178125,231598.75515669104,
8,3018,7494.227472,NB,64,0.05,4,0.0625,0,149.482,2.33565625,428145.19473916595,
8,3019,7494.450003,SGD,100,0.1,9,0.09,17,196.859,1.96859,507977.7912109682,
8,3020,7494.688607,DT,8,0.01,0,0.0,4,91.701,11.462625,87240.05190783089,
8,3021,7494.82032,MLP,8,0.05,0,0.0,5,194.884,24.3605,41050.06054883931,
8,3022,7495.079298,GB,32,0.5,21,0.65625,0,326.027,10.18834375,98151.38010042114,
8,3023,7495.476126,GB,64,0.1,2,0.03125,22,268.264,4.191625,238570.95994990008,
8,3024,7495.794621,NB,64,0.0,0,0.0,24,136.21,2.12828125,469862.7119888407,
8,3025,7495.981161,MLP,16,1.0,16,1.0,23,191.081,11.9425625,83734.1232252291,
8,3026,7496.23281,RF,16,0.1,2,0.125,12,3374.026,210.876625,4742.109278351738,
8,3027,7499.653869,NB,1,0.5,0,0.0,28,116.728,116.728,8566.92481666781,
8,3028,7499.826785,LoR,32,1.0,32,1.0,22,169.073,5.28353125,189267.35788682994,
8,3029,7500.034279,AB,1,1.0,1,1.0,0,7806.341,7806.341,128.10098867062047,2.0
8,3030,7520.602277,NB,1,0.05,1,1.0,29,116.73,116.73,8566.778034781119,
8,3031,7520.77476,MLP,16,0.05,0,0.0,4,211.162,13.197625,75771.20883492295,
8,3032,7521.047981,DT,16,0.1,2,0.125,25,92.826,5.801625,172365.50104496587,
8,3033,7521.180571,AB,1,0.5,0,0.0,21,8281.228,8281.228,120.75503777942113,2.0
8,3034,7542.184399,RF,64,0.01,0,0.0,7,3422.783,53.480984375,18698.234740560532,
8,3035,7545.685961,DT,64,0.1,8,0.125,24,105.111,1.642359375,608880.1362369305,
8,3036,7545.842499,DT,64,0.01,0,0.0,14,100.559,1.571234375,636442.2876122475,
8,3037,7546.004885,NB,32,0.1,6,0.1875,19,133.804,4.181375,239155.7800962602,
8,3038,7546.197912,RF,32,0.5,12,0.375,23,3600.846,112.5264375,8886.800490773558,
8,3039,7549.842439,GB,8,1.0,8,1.0,14,270.069,33.758625,29622.059547745204,
8,3040,7550.183188,LoR,64,0.5,31,0.484375,27,185.994,2.90615625,344097.12141251867,
8,3041,7550.408071,RF,1,1.0,1,1.0,4,3038.063,3038.063,329.1570977955362,19.09
8,3042,7566.392125,GB,64,0.05,6,0.09375,6,282.034,4.40678125,226922.99509988158,
8,3043,7566.715056,NB,1,1.0,1,1.0,16,111.613,111.613,8959.529803875892,
8,3044,7566.886105,NB,64,1.0,64,1.0,17,128.55,2.00859375,497860.7545702061,
8,3045,7567.052679,RF,8,0.0,0,0.0,3,3084.29,385.53625,2593.789818726514,
8,3046,7570.189831,DT,64,1.0,64,1.0,18,120.727,1.886359375,530121.6794917458,
8,3047,7570.349513,SGD,1,1.0,1,1.0,22,169.574,169.574,5897.130456319955,
8,3048,7570.681563,LoR,1,0.05,0,0.0,26,146.099,146.099,6844.673817069248,
8,3049,7571.00757,DT,100,0.1,9,0.09,3,99.825,0.9982500000000001,1001753.0678687703,
8,3050,7571.173324,MLP,64,0.5,34,0.53125,27,262.528,4.102,243783.52023403216,
8,3051,7571.476887,GB,1,0.05,0,0.0,6,208.654,208.654,4792.623194379212,4.0
8,3052,7584.382753,NB,1,0.5,1,1.0,11,115.183,115.183,8681.836729378467,
8,3053,7584.548326,NB,1,0.01,0,0.0,6,99.986,99.986,10001.400196027444,
8,3054,7584.698711,RF,16,0.05,0,0.0,14,3109.456,194.341,5145.594599183908,
8,3055,7587.85199,NB,8,0.0,0,0.0,19,122.202,15.27525,65465.37699873979,
8,3056,7588.015191,MLP,16,0.0,0,0.0,27,207.673,12.9795625,77044.19929408253,
8,3057,7588.274601,LoR,64,1.0,64,1.0,25,165.313,2.583015625,387144.3867088493,
8,3058,7588.478845,GB,1,1.0,1,1.0,26,228.205,228.205,4382.024933721873,4.0
8,3059,7601.375416,RF,64,1.0,64,1.0,7,4902.193,76.596765625,13055.381540465665,
8,3060,7606.383901,AB,100,0.1,10,0.1,26,8658.774,86.58774,11548.979104894066,
8,3061,7615.088231,MLP,1,0.01,0,0.0,22,226.358,226.358,4417.780683695739,
8,3062,7615.499091,MLP,32,0.5,15,0.46875,4,193.231,6.03846875,165604.8977648514,
8,3063,7615.734212,GB,1,0.5,0,0.0,6,244.326,244.326,4092.892283260889,4.0
8,3064,7628.550817,AB,32,0.5,12,0.375,5,8139.42,254.356875,3931.484061517897,
8,3065,7636.733787,MLP,16,0.0,0,0.0,22,181.151,11.3219375,88324.10530441454,
8,3066,7636.979638,AB,32,0.1,3,0.09375,22,8104.437,253.26365625,3948.454408369144,
8,3067,7645.127862,LoR,16,1.0,16,1.0,23,154.853,9.6783125,103323.79740786423,
8,3068,7645.325994,DT,8,0.05,0,0.0,21,85.01,10.62625,94106.57569697683,
8,3069,7645.472174,SGD,32,0.05,2,0.0625,16,158.247,4.94521875,202215.52383299524,
8,3070,7645.685634,NB,100,1.0,100,1.0,23,145.135,1.45135,689013.676921487,
8,3071,7645.870073,GB,1,0.01,0,0.0,11,212.809,212.809,4699.049382309959,4.0
8,3072,7658.595692,DT,8,0.05,0,0.0,5,90.474,11.30925,88423.19340362978,
8,3073,7658.727307,DT,16,1.0,16,1.0,18,93.18,5.82375,171710.66752522,
8,3074,7658.857473,RF,1,1.0,1,1.0,6,3059.622,3059.622,326.8377596971129,16.15
8,3075,7675.197135,MLP,8,0.01,0,0.0,10,243.104,30.388,32907.7267342372,
8,3076,7675.520346,MLP,100,0.5,47,0.47,6,229.312,2.29312,436087.0778677086,
8,3077,7675.794593,MLP,8,1.0,8,1.0,6,170.431,21.303875,46939.81728676121,
8,3078,7676.025887,SGD,8,0.05,1,0.125,4,154.141,19.267625,51900.53262921611,
8,3079,7676.223202,MLP,16,0.05,0,0.0,28,171.576,10.7235,93253.13563668578,
8,3080,7676.433267,DT,1,0.0,0,0.0,14,88.173,88.173,11341.34031959897,7.0
8,3081,7676.742799,MLP,100,0.05,3,0.03,21,226.758,2.26758,440998.7740234082,
8,3082,7677.03802,AB,64,0.05,4,0.0625,5,8339.671,130.307359375,7674.163645064656,
8,3083,7685.45703,SGD,100,0.05,3,0.03,9,170.228,1.70228,587447.4234556007,
8,3084,7685.668017,MLP,8,1.0,8,1.0,17,172.805,21.600625,46294.95674314979,
8,3085,7685.901345,DT,16,0.5,9,0.5625,16,94.298,5.893625,169674.86054847398,
8,3086,7686.054476,DT,32,0.5,16,0.5,25,95.237,2.97615625,336003.86404443654,
8,3087,7686.20105,AB,100,0.0,0,0.0,13,8527.603,85.27602999999999,11726.624703331054,
8,3088,7694.769094,DT,1,1.0,1,1.0,21,81.243,81.243,12308.752754083429,15.0
8,3089,7695.033786,AB,1,0.5,1,1.0,12,7808.884,7808.884,128.05927197791644,2.0
8,3090,7715.652501,AB,100,0.0,0,0.0,20,8553.175,85.53174999999999,11691.564828265527,
8,3091,7724.273746,AB,32,0.05,1,0.03125,10,8020.729,250.64778125,3989.662286308389,
8,3092,7732.367067,LoR,64,0.1,3,0.046875,4,167.56,2.618125,381952.733349248,
8,3093,7732.596131,GB,16,0.5,7,0.4375,29,258.848,16.178,61812.337742613425,
8,3094,7732.897765,DT,8,0.01,0,0.0,10,91.687,11.460875,87253.3728881957,
8,3095,7733.042412,DT,100,0.0,0,0.0,18,96.433,0.96433,1036989.4123380999,
8,3096,7733.203878,MLP,64,0.05,5,0.078125,18,214.203,3.346921875,298781.9965173224,
8,3097,7733.491565,LoR,100,0.5,50,0.5,27,167.931,1.67931,595482.668476934,
8,3098,7733.725675,NB,64,0.1,5,0.078125,7,135.217,2.112765625,473313.2668229586,
8,3099,7733.930176,LoR,100,0.5,56,0.56,17,165.904,1.65904,602758.2216221429,
8,3100,7734.134662,SGD,8,0.0,0,0.0,5,149.526,18.69075,53502.40092024129,
8,3101,7734.35713,GB,100,0.1,12,0.12,14,300.885,3.00885,332352.89230104524,
8,3102,7734.713914,LoR,100,1.0,100,1.0,0,172.164,1.7216399999999998,580841.5231988105,
8,3103,7734.927791,DT,16,0.0,0,0.0,27,89.836,5.61475,178102.31978271517,
8,3104,7735.055812,DT,8,1.0,8,1.0,25,89.078,11.13475,89808.93149823749,
8,3105,7735.184139,AB,1,0.01,0,0.0,12,7714.523,7714.523,129.62564244088713,2.0
8,3106,7755.967525,LoR,64,0.0,0,0.0,25,263.894,4.12334375,242521.61852865166,
8,3107,7756.329758,RF,32,0.5,21,0.65625,28,3941.532,123.172875,8118.670608281247,
8,3108,7760.334397,LoR,64,1.0,64,1.0,15,194.612,3.0408125,328859.4742359156,
8,3109,7760.602593,SGD,64,0.1,6,0.09375,26,168.95,2.63984375,378810.2989050015,
8,3110,7760.813278,SGD,1,0.1,0,0.0,6,148.651,148.651,6727.166315732823,
8,3111,7761.142827,RF,16,0.1,1,0.0625,10,3197.056,199.816,5004.604235897025,
8,3112,7764.400437,NB,100,0.0,0,0.0,16,161.311,1.61311,619920.5261885426,
8,3113,7764.603275,MLP,16,0.0,0,0.0,6,207.849,12.9905625,76978.96068780702,
8,3114,7764.858681,GB,32,0.05,0,0.0,20,274.678,8.5836875,116500.04732814422,
8,3115,7765.198221,RF,32,0.1,3,0.09375,3,3385.765,105.80515625,9451.335222615864,
8,3116,7768.631554,NB,32,0.0,0,0.0,24,131.036,4.094875,244207.69864769987,
8,3117,7768.822784,AB,100,1.0,100,1.0,29,8562.092,85.62092000000001,11679.388635394247,
8,3118,7777.430334,SGD,8,0.1,0,0.0,5,155.431,19.428875,51469.7840199188,
8,3119,7777.625136,GB,1,1.0,1,1.0,16,220.751,220.751,4529.990804118667,4.0
8,3120,7790.364019,LoR,32,0.01,0,0.0,0,162.869,5.08965625,196476.92317138313,
8,3121,7790.603139,MLP,100,0.05,5,0.05,4,234.602,2.34602,426253.825628085,
8,3122,7790.89972,DT,16,0.01,1,0.0625,28,93.58,5.84875,170976.70442402223,
8,3123,7791.054491,DT,32,0.5,17,0.53125,28,96.427,3.01334375,331857.25989608717,
8,3124,7791.219964,MLP,64,0.01,3,0.046875,2,241.649,3.775765625,264846.94743201917,
8,3125,7791.519576,MLP,8,0.5,5,0.625,17,171.572,21.4465,46627.65486209871,
8,3126,7791.758491,NB,64,0.5,30,0.46875,25,131.034,2.04740625,488422.8520841919,
8,3127,7791.949081,RF,8,0.1,1,0.125,1,3054.342,381.79275,2619.2220779467393,
8,3128,7795.076523,RF,64,0.05,5,0.078125,24,3549.22,55.4565625,18032.13100343174,
8,3129,7798.671731,DT,8,0.01,0,0.0,1,96.665,12.083125,82760.04758702735,
8,3130,7798.809701,LoR,1,0.5,0,0.0,17,157.103,157.103,6365.250822708668,
8,3131,7799.120622,GB,1,1.0,1,1.0,3,252.478,252.478,3960.7411338809716,4.0
8,3132,7812.318504,DT,1,0.05,0,0.0,1,99.552,99.552,10045.001607200256,7.0
8,3133,7812.614831,MLP,32,0.01,0,0.0,18,235.423,7.35696875,135925.5467817503,
8,3134,7812.895339,LoR,8,0.05,0,0.0,20,161.341,20.167625,49584.420575055316,
8,3135,7813.118436,RF,16,0.5,10,0.625,6,3477.54,217.34625,4600.953547622745,
8,3136,7816.675378,MLP,32,0.1,3,0.09375,14,233.947,7.31084375,136783.11754371718,
8,3137,7816.952662,RF,16,0.0,0,0.0,18,3234.388,202.14925,4946.84002043045,
8,3138,7820.231418,SGD,8,0.0,0,0.0,13,175.174,21.89675,45668.877801500224,
8,3139,7820.494191,SGD,64,0.05,4,0.0625,5,179.445,2.803828125,356655.24255342863,
8,3140,7820.729343,LoR,100,0.0,0,0.0,6,169.493,1.69493,589994.8670446568,
8,3141,7820.967209,RF,64,0.05,5,0.078125,11,3599.335,56.239609375,17781.062335125793,
8,3142,7824.613374,DT,8,1.0,8,1.0,19,111.197,13.899625,71944.38698885762,
8,3143,7824.802601,AB,100,0.1,10,0.1,0,8602.683,86.02683,11624.28047156916,
8,3144,7833.467258,NB,8,0.5,4,0.5,18,119.279,14.909875,67069.64344100805,
8,3145,7833.648872,MLP,32,0.01,2,0.0625,28,208.036,6.501125,153819.53123497855,
8,3146,7833.90693,LoR,64,0.0,0,0.0,12,160.91,2.51421875,397737.8658877633,
8,3147,7834.146479,AB,100,0.1,12,0.12,13,8521.841,85.21841,11734.553601739342,
8,3148,7842.711849,LoR,1,0.01,0,0.0,24,150.189,150.189,6658.277237347609,
8,3149,7843.047604,LoR,64,0.5,32,0.5,18,155.905,2.436015625,410506.3981270646,
8,3150,7843.273108,LoR,32,0.0,0,0.0,9,160.671,5.02096875,199164.75281787006,
8,3151,7843.495714,NB,32,0.5,16,0.5,19,117.551,3.67346875,272222.26948303287,
8,3152,7843.677896,GB,64,0.5,29,0.453125,14,302.098,4.72028125,211851.78319618135,
8,3153,7844.022634,LoR,16,0.0,0,0.0,7,159.018,9.938625,100617.54015268711,
8,3154,7844.230581,AB,64,1.0,64,1.0,6,8261.466,129.08540625,7746.809101435508,
8,3155,7852.537977,AB,32,1.0,32,1.0,19,8057.862,251.8081875,3971.2767481001783,
8,3156,7860.638835,RF,1,0.5,0,0.0,22,3076.331,3076.331,325.06255016121474,23.64
8,3157,7876.590371,DT,8,0.05,1,0.125,15,90.333,11.291625,88561.2124029978,
8,3158,7876.739186,MLP,16,0.1,2,0.125,4,192.28,12.0175,83211.98252548368,
8,3159,7876.972062,LoR,8,1.0,8,1.0,2,150.13,18.76625,53287.15113568241,
8,3160,7877.162936,NB,16,1.0,16,1.0,20,114.468,7.15425,139777.05559632386,
8,3161,7877.316439,DT,16,1.0,16,1.0,8,96.067,6.0041875,166550.42834688292,
8,3162,7877.452482,SGD,1,0.05,0,0.0,16,153.434,153.434,6517.460276079617,
8,3163,7877.760428,LoR,32,0.0,0,0.0,12,150.139,4.69184375,213135.82746654766,
8,3164,7877.970328,AB,16,0.05,2,0.125,22,8021.794,501.362125,1994.5663027497342,
8,3165,7886.035007,GB,1,0.5,1,1.0,10,225.391,225.391,4436.734386022512,4.0
8,3166,7898.781092,DT,8,0.01,0,0.0,20,93.922,11.74025,85177.06181725262,
8,3167,7898.943017,SGD,64,0.5,35,0.546875,23,166.079,2.594984375,385358.7750407938,
8,3168,7899.167069,MLP,100,0.01,0,0.0,1,268.49,2.6849000000000003,372453.3502178852,
8,3169,7899.511117,SGD,100,0.1,8,0.08,2,167.225,1.67225,597996.7110180894,
8,3170,7899.718014,NB,8,1.0,8,1.0,12,113.421,14.177625,70533.67542165912,
8,3171,7899.892347,RF,32,0.05,1,0.03125,23,3154.145,98.56703125,10145.380126785547,
8,3172,7903.093774,GB,32,0.0,0,0.0,8,254.161,7.94253125,125904.44639421468,
8,3173,7903.418273,LoR,64,0.5,33,0.515625,0,169.997,2.656203125,376477.23195115203,
8,3174,7903.657647,DT,64,0.05,3,0.046875,6,98.771,1.543296875,647963.471059319,
8,3175,7903.793688,SGD,1,0.0,0,0.0,8,152.062,152.062,6576.264944562086,
8,3176,7904.097815,SGD,1,0.05,0,0.0,5,145.528,145.528,6871.529877411907,
8,3177,7904.416154,MLP,64,0.1,13,0.203125,5,204.597,3.196828125,312810.06075357896,
8,3178,7904.68214,LoR,16,0.05,2,0.125,17,149.4,9.3375,107095.04685408299,
8,3179,7904.871124,DT,1,0.5,1,1.0,7,86.262,86.262,11592.590016461478,28.0
8,3180,7905.171939,GB,64,0.5,33,0.515625,6,266.035,4.156796875,240569.84983178903,
8,3181,7905.481496,RF,8,0.1,0,0.0,4,3080.287,385.035875,2597.1605892567804,
8,3182,7908.642979,SGD,64,0.0,0,0.0,13,190.413,2.975203125,336111.504991781,
8,3183,7908.881154,GB,32,0.05,0,0.0,6,228.522,7.1413125,140030.28154838484,
8,3184,7909.175179,DT,32,0.01,1,0.03125,18,94.352,2.9485,339155.5027980329,
8,3185,7909.34044,SGD,100,0.5,46,0.46,10,172.193,1.7219300000000002,580743.7003827101,
8,3186,7909.552995,NB,1,0.1,0,0.0,7,105.599,105.599,9469.786645706872,
8,3187,7909.740432,RF,64,0.1,5,0.078125,3,3751.101,58.610953125,17061.657364064577,
8,3188,7913.535477,LoR,8,1.0,8,1.0,7,166.033,20.754125,48183.19249787693,
8,3189,7913.743773,RF,1,0.01,0,0.0,5,2908.789,2908.789,343.7856785074476,7.0
8,3190,7929.39978,RF,16,0.5,11,0.6875,3,3405.146,212.821625,4698.770625400496,
8,3191,7932.847103,LoR,1,1.0,1,1.0,13,166.17,166.17,6017.933441656136,
8,3192,7933.182619,GB,100,0.0,0,0.0,5,281.384,2.8138400000000003,355386.2337588491,
8,3193,7933.530364,SGD,32,0.05,1,0.03125,26,167.203,5.22509375,191384.1258829088,
8,3194,7933.738035,RF,1,0.1,0,0.0,13,2950.485,2950.485,338.9273288967746,6.93
8,3195,7949.79781,MLP,100,0.01,0,0.0,3,283.431,2.83431,352819.557493711,
8,3196,7950.148503,NB,8,0.01,1,0.125,7,128.836,16.1045,62094.44565183644,
8,3197,7950.358202,RF,100,0.05,7,0.07,1,3993.786,39.93786,25038.89792793104,
8,3198,7954.404668,RF,64,1.0,64,1.0,2,4616.276,72.1293125,13863.98906824462,
8,3199,7959.081865,GB,100,0.0,0,0.0,23,366.371,3.66371,272947.3675591136,
8,3200,7959.510907,LoR,8,0.5,4,0.5,2,178.266,22.28325,44876.75720552433,
8,3201,7959.728742,DT,8,1.0,8,1.0,9,95.301,11.912625,83944.55462167239,
8,3202,7959.863902,NB,1,0.1,0,0.0,8,106.703,106.703,9371.807727992653,
8,3203,7960.019854,LoR,16,0.0,0,0.0,25,153.841,9.6150625,104003.48411671791,
8,3204,7960.214612,LoR,8,0.01,0,0.0,23,143.146,17.89325,55886.99649309098,
8,3205,7960.419482,MLP,32,0.1,4,0.125,20,193.706,6.0533125,165198.8064386235,
8,3206,7960.680276,MLP,64,0.5,31,0.484375,2,197.133,3.080203125,324653.91385511303,
8,3207,7960.921715,NB,16,0.0,0,0.0,26,109.961,6.8725625,145506.13399296114,
8,3208,7961.088591,GB,16,0.1,1,0.0625,3,233.527,14.5954375,68514.5614853957,
8,3209,7961.370008,LoR,64,1.0,64,1.0,19,161.849,2.528890625,395430.3084974266,
8,3210,7961.572694,RF,1,0.05,0,0.0,10,3039.465,3039.465,329.0052690193833,7.7
8,3211,7978.390937,MLP,16,1.0,16,1.0,6,230.597,14.4123125,69385.11775955455,
8,3212,7978.676899,DT,64,1.0,64,1.0,1,121.544,1.899125,526558.283419996,
8,3213,7978.866168,LoR,32,0.5,18,0.5625,7,173.767,5.43021875,184154.64386218326,
8,3214,7979.080656,DT,1,0.05,0,0.0,16,89.468,89.468,11177.180667948316,7.0
8,3215,7979.379887,GB,1,0.01,0,0.0,2,253.119,253.119,3950.710930431931,4.0
8,3216,7992.098512,DT,16,0.0,0,0.0,11,89.631,5.6019375,178509.6674141759,
8,3217,7992.227457,LoR,8,1.0,8,1.0,29,158.465,19.808125,50484.33408008077,
8,3218,7992.426221,AB,1,0.1,1,1.0,23,7740.798,7740.798,129.1856472678915,2.0
8,3219,8012.794517,LoR,8,1.0,8,1.0,25,155.675,19.459375,51389.11193190942,
8,3220,8013.013356,NB,32,0.5,15,0.46875,11,124.793,3.89978125,256424.63920251935,
8,3221,8013.179309,GB,32,0.0,0,0.0,13,238.553,7.45478125,134142.09840161307,
8,3222,8013.457812,SGD,8,1.0,8,1.0,1,160.573,20.071625,49821.57647923374,
8,3223,8013.657334,RF,8,1.0,8,1.0,15,3378.932,422.3665,2367.61201468393,
8,3224,8017.099659,DT,8,0.5,4,0.5,17,94.671,11.833875,84503.17415047903,
8,3225,8017.235259,LoR,8,0.1,0,0.0,5,156.392,19.549,51153.51168857742,
8,3226,8017.431984,LoR,1,0.01,0,0.0,1,144.628,144.628,6914.2904555134555,
8,3227,8017.731946,NB,1,0.5,0,0.0,1,101.415,101.415,9860.474288813291,
8,3228,8017.88385,NB,32,0.0,0,0.0,22,112.649,3.52028125,284068.21187937754,
8,3229,8018.069559,SGD,100,0.5,58,0.58,25,166.307,1.6630699999999998,601297.6002212776,
8,3230,8018.292369,NB,8,0.5,6,0.75,13,107.131,13.391375,74674.93069232994,
8,3231,8018.43654,MLP,16,0.0,0,0.0,28,186.023,11.6264375,86010.86962364869,
8,3232,8018.683681,RF,32,0.5,14,0.4375,7,3636.061,113.62690625,8800.732440957398,
8,3233,8022.383189,GB,8,0.1,1,0.125,10,238.264,29.783,33576.20118859752,
8,3234,8022.67695,LoR,100,1.0,100,1.0,7,174.883,1.74883,571810.8678373541,
8,3235,8022.891423,LoR,8,0.0,0,0.0,27,145.948,18.2435,54814.0433579083,
8,3236,8023.087577,MLP,64,0.01,0,0.0,5,238.055,3.719609375,268845.4348784945,
8,3237,8023.373058,LoR,16,0.01,0,0.0,22,145.44,9.09,110011.00110011,
8,3238,8023.591654,AB,100,0.01,2,0.02,0,9064.051,90.64050999999999,11032.594587122248,
8,3239,8032.753313,NB,64,0.1,4,0.0625,28,147.503,2.304734375,433889.4802139618,
8,3240,8032.950699,NB,8,0.0,0,0.0,25,112.91,14.11375,70852.89168364184,
8,3241,8033.104274,RF,1,0.01,0,0.0,17,3057.555,3057.555,327.05871194467477,7.38
8,3242,8049.086093,LoR,8,0.1,0,0.0,10,178.286,22.28575,44871.722961982436,
8,3243,8049.326597,AB,16,0.1,2,0.125,10,8126.297,507.8935625,1968.9164695801792,
8,3244,8057.513781,SGD,100,0.0,0,0.0,7,174.676,1.7467599999999999,572488.4929812911,
8,3245,8057.737687,LoR,64,1.0,64,1.0,22,156.599,2.446859375,408687.1563675375,
8,3246,8057.942474,NB,64,1.0,64,1.0,15,128.368,2.00575,498566.62096472643,
8,3247,8058.144086,MLP,64,0.01,1,0.015625,12,223.939,3.499046875,285792.1130307807,
8,3248,8058.42778,DT,8,0.05,1,0.125,11,90.953,11.369125,87957.51651952107,
8,3249,8058.586069,NB,64,0.1,5,0.078125,21,131.154,2.04928125,487975.96718361625,
8,3250,8058.787385,RF,100,0.05,5,0.05,23,3809.655,38.09655,26249.09604675489,
8,3251,8062.643377,GB,8,0.05,0,0.0,25,268.229,33.528625,29825.26125064777,
8,3252,8062.955925,SGD,8,0.01,0,0.0,25,163.712,20.464,48866.30179827991,
8,3253,8063.162301,RF,8,0.01,0,0.0,5,2975.686,371.96075,2688.45570399565,
8,3254,8066.182613,NB,1,0.05,0,0.0,6,113.832,113.832,8784.87595755148,
8,3255,8066.344928,DT,1,1.0,1,1.0,17,90.85,90.85,11007.15465052284,11.0
8,3256,8066.624986,NB,1,1.0,1,1.0,10,107.078,107.078,9338.986533181418,
8,3257,8066.794574,MLP,100,0.0,0,0.0,20,236.508,2.3650800000000003,422818.6784379387,
8,3258,8067.093999,RF,16,0.1,1,0.0625,1,3428.187,214.2616875,4667.189975342652,
8,3259,8070.60306,GB,32,0.1,3,0.09375,10,291.403,9.10634375,109813.55716996736,
8,3260,8070.939398,GB,1,0.1,0,0.0,9,229.865,229.865,4350.379570617536,4.0
8,3261,8083.771687,GB,64,0.01,1,0.015625,6,260.232,4.066125,245934.39699960034,
8,3262,8084.077735,AB,32,1.0,32,1.0,25,8172.585,255.39328125,3915.5297864751483,
8,3263,8092.294042,LoR,1,0.5,1,1.0,13,165.231,165.231,6052.133074302038,
8,3264,8092.617414,DT,8,0.0,0,0.0,25,86.876,10.8595,92085.2709609098,
8,3265,8092.772606,NB,64,0.1,1,0.015625,25,138.443,2.163171875,462284.1169289888,
8,3266,8092.970811,GB,32,0.5,18,0.5625,12,249.226,7.7883125,128397.51871795078,
8,3267,8093.276871,LoR,100,1.0,100,1.0,2,175.184,1.75184,570828.3861539867,
8,3268,8093.522054,LoR,64,0.5,33,0.515625,14,159.271,2.488609375,401830.8417728275,
8,3269,8093.735305,AB,100,1.0,100,1.0,10,8549.758,85.49758,11696.237484148674,
8,3270,8102.352398,RF,32,0.1,7,0.21875,24,3424.169,107.00528125,9345.333130461728,
8,3271,8105.821671,GB,1,0.1,0,0.0,0,225.254,225.254,4439.432818063165,4.0
8,3272,8118.496275,SGD,1,1.0,1,1.0,19,160.097,160.097,6246.213233227356,
8,3273,8118.80995,DT,1,0.5,0,0.0,0,87.463,87.463,11433.406126019003,7.0
8,3274,8119.080575,NB,1,0.0,0,0.0,12,107.091,107.091,9337.852854114726,
8,3275,8119.302642,LoR,64,0.5,31,0.484375,6,164.189,2.565453125,389794.68782926997,
8,3276,8119.521459,NB,100,0.0,0,0.0,27,140.23,1.4022999999999999,713114.1695785496,
8,3277,8119.731424,SGD,64,0.05,2,0.03125,9,166.098,2.59528125,385314.69373502384,
8,3278,8119.945163,GB,64,1.0,64,1.0,21,256.85,4.01328125,249172.668872883,
8,3279,8120.264404,AB,16,0.1,3,0.1875,22,8106.152,506.6345,1973.8095214597506,
8,3280,8128.413987,MLP,1,0.05,0,0.0,17,175.859,175.859,5686.3737426006055,
8,3281,8128.779169,DT,100,0.01,1,0.01,9,101.004,1.01004,990059.7996118965,
8,3282,8128.92162,DT,8,0.01,0,0.0,29,85.102,10.63775,94004.84124932434,
8,3283,8129.050283,SGD,32,0.01,0,0.0,23,156.415,4.88796875,204583.9593389381,
8,3284,8129.269725,NB,32,0.05,3,0.09375,6,118.317,3.69740625,270459.8662914036,
8,3285,8129.441072,RF,100,1.0,100,1.0,9,5301.444,53.01444000000001,18862.785309059193,
8,3286,8134.789516,MLP,1,0.5,0,0.0,17,187.715,187.715,5327.2247822496865,
8,3287,8135.136636,NB,1,0.05,0,0.0,3,134.767,134.767,7420.214147380294,
8,3288,8135.357122,AB,32,0.1,4,0.125,28,8101.163,253.16134375,3950.050134776945,
8,3289,8143.49986,SGD,1,0.0,0,0.0,22,151.424,151.424,6603.972950126796,
8,3290,8143.804555,MLP,32,0.0,0,0.0,27,189.645,5.92640625,168736.3231300588,
8,3291,8144.035553,RF,8,1.0,8,1.0,28,3164.929,395.616125,2527.7028331441243,
8,3292,8147.253091,GB,32,0.0,0,0.0,10,255.955,7.99859375,125021.97651931003,
8,3293,8147.550011,MLP,1,1.0,1,1.0,21,175.2,175.2,5707.762557077626,
8,3294,8147.880847,NB,32,1.0,32,1.0,5,122.431,3.82596875,261371.71141295915,
8,3295,8148.071173,SGD,64,0.1,4,0.0625,11,164.423,2.569109375,389239.9481824319,
8,3296,8148.284737,NB,64,1.0,64,1.0,23,127.619,1.994046875,501492.72443758376,
8,3297,8148.465842,AB,100,0.0,0,0.0,11,8604.604,86.04603999999999,11621.685321021167,
8,3298,8157.14352,AB,32,0.5,22,0.6875,7,8179.065,255.59578125,3912.4276430129853,
8,3299,8165.364019,NB,1,1.0,1,1.0,15,104.062,104.062,9609.655782129885,
8,3300,8165.520786,GB,32,0.0,0,0.0,16,234.561,7.33003125,136425.0664006378,
8,3301,8165.815953,NB,8,0.5,4,0.5,8,112.625,14.078125,71032.18645948946,
8,3302,8166.000651,SGD,100,0.5,40,0.4,6,172.324,1.72324,580302.2213969035,
8,3303,8166.215961,MLP,32,0.0,0,0.0,11,188.381,5.88690625,169868.51115558363,
8,3304,8166.472913,MLP,64,0.1,10,0.15625,8,199.654,3.11959375,320554.5593877408,
8,3305,8166.733019,NB,16,0.1,3,0.1875,14,113.847,7.1154375,140539.4959902325,
8,3306,8166.903405,NB,8,0.05,1,0.125,21,107.733,13.466625,74257.65550017172,
8,3307,8167.052,GB,16,1.0,16,1.0,1,227.652,14.22825,70282.71220986418,
8,3308,8167.330514,DT,64,0.0,0,0.0,14,95.286,1.48884375,671662.1539365699,
8,3309,8167.463192,SGD,1,1.0,1,1.0,14,153.72,153.72,6505.334374186833,
8,3310,8167.790614,RF,8,0.1,1,0.125,21,3087.611,385.951375,2590.9999672886256,
8,3311,8170.951634,RF,64,0.05,4,0.0625,2,3611.754,56.43365625,17719.922231691307,
8,3312,8174.630053,GB,100,1.0,100,1.0,4,330.755,3.30755,302338.5889858052,
8,3313,8175.053732,LoR,64,0.01,0,0.0,20,218.792,3.418625,292515.2656404256,
8,3314,8175.31648,LoR,1,0.5,1,1.0,2,167.493,167.493,5970.398762933377,
8,3315,8175.664839,NB,1,0.05,0,0.0,8,108.893,108.893,9183.326751949162,
8,3316,8175.837498,MLP,100,0.0,0,0.0,19,241.249,2.41249,414509.490194778,
8,3317,8176.144113,MLP,16,0.5,8,0.5,17,179.324,11.20775,89223.9744819433,
8,3318,8176.361948,DT,1,1.0,1,1.0,19,91.305,91.305,10952.302721647226,31.0
8,3319,8176.662346,SGD,1,0.0,0,0.0,24,157.92,157.92,6332.320162107397,
8,3320,8176.966656,DT,1,0.0,0,0.0,1,86.602,86.602,11547.077434701276,7.0
8,3321,8177.23813,MLP,8,0.0,0,0.0,28,178.312,22.289,44865.18013369823,
8,3322,8177.493202,GB,100,0.5,45,0.45,8,307.795,3.07795,324891.5674393671,
8,3323,8177.877862,MLP,100,0.5,56,0.56,19,231.796,2.31796,431413.8294017153,
8,3324,8178.179597,RF,64,0.1,10,0.15625,23,3843.418,60.05340625,16651.84479023619,
8,3325,8182.097293,LoR,64,0.01,1,0.015625,24,198.338,3.09903125,322681.48312476685,
8,3326,8182.350529,DT,1,0.05,0,0.0,26,93.682,93.682,10674.40917145236,7.0
8,3327,8182.663263,MLP,64,0.05,5,0.078125,14,216.274,3.37928125,295920.91513543006,
8,3328,8182.94932,LoR,64,0.01,3,0.046875,16,161.713,2.526765625,395762.86383902346,
8,3329,8183.186658,MLP,100,0.05,6,0.06,2,226.764,2.26764,440987.1055370341,
8,3330,8183.458329,GB,32,0.0,0,0.0,7,236.478,7.3899375,135319.14173834352,
8,3331,8183.736929,NB,1,0.1,0,0.0,26,109.369,109.369,9143.358721392717,
8,3332,8183.92875,GB,100,0.5,47,0.47,16,296.044,2.9604399999999997,337787.6261636784,
8,3333,8184.289673,RF,32,0.1,2,0.0625,9,3351.803,104.74384375,9547.100471000234,
8,3334,8187.689688,RF,32,0.0,0,0.0,8,3181.195,99.41234375,10059.113006275942,
8,3335,8190.949959,LoR,100,0.1,15,0.15,8,181.517,1.81517,550912.5866998683,
8,3336,8191.174928,RF,8,0.1,0,0.0,2,2945.723,368.215375,2715.801859170058,
8,3337,8194.190217,SGD,16,0.05,1,0.0625,0,168.181,10.5113125,95135.59795696303,
8,3338,8194.434193,NB,100,0.05,6,0.06,22,144.384,1.4438399999999998,692597.5177304965,
8,3339,8194.618543,AB,16,0.0,0,0.0,18,8137.877,508.6173125,1966.1147495839516,
8,3340,8202.808993,AB,64,0.0,0,0.0,5,8199.823,128.122234375,7805.046523565204,
8,3341,8211.066167,RF,100,0.0,0,0.0,6,4139.597,41.39597,24156.940880960152,
8,3342,8215.294063,AB,1,0.5,0,0.0,6,7828.843,7828.843,127.73279525467557,2.0
8,3343,8236.060412,NB,8,0.05,0,0.0,24,122.899,15.362375,65094.10166071327,
8,3344,8236.254295,NB,64,0.5,31,0.484375,16,128.743,2.011609375,497114.406220144,
8,3345,8236.427745,DT,32,0.05,0,0.0,27,95.936,2.998,333555.703802535,
8,3346,8236.570412,SGD,64,1.0,64,1.0,12,181.072,2.82925,353450.5611027657,
8,3347,8236.816701,AB,8,0.5,3,0.375,12,7979.423,997.427875,1002.5787578876318,
8,3348,8244.839221,AB,1,0.05,1,1.0,26,7714.257,7714.257,129.6301121417137,2.0
8,3349,8265.4118,MLP,8,1.0,8,1.0,13,201.65,25.20625,39672.700223158936,
8,3350,8265.657756,MLP,8,0.01,0,0.0,11,173.936,21.742,45993.928801398215,
8,3351,8265.884795,RF,64,0.01,0,0.0,12,3675.924,57.4363125,17410.58846700857,
8,3352,8269.614737,DT,64,0.0,0,0.0,2,103.22,1.6128125,620034.8769618291,
8,3353,8269.760445,MLP,1,0.1,0,0.0,19,176.898,176.898,5652.975160827144,
8,3354,8270.111415,NB,100,1.0,100,1.0,20,144.151,1.44151,693717.0050849456,
8,3355,8270.299027,DT,16,0.01,0,0.0,6,93.249,5.8280625,171583.60947570484,
8,3356,8270.460451,RF,64,0.05,3,0.046875,3,3509.613,54.837703125,18235.62882859164,
8,3357,8274.015431,AB,16,1.0,16,1.0,4,8107.658,506.728625,1973.4428857260627,
8,3358,8282.186719,AB,8,0.5,4,0.5,28,7926.535,990.816875,1009.2682363731442,
8,3359,8290.171333,GB,100,0.0,0,0.0,25,302.172,3.02172,330937.34694147704,
8,3360,8290.519908,RF,32,1.0,32,1.0,16,3906.726,122.0851875,8191.001877275243,
8,3361,8294.483071,GB,64,0.01,0,0.0,0,286.032,4.46925,223751.18867818988,
8,3362,8294.831435,NB,16,0.5,8,0.5,8,123.063,7.6914375,130014.70791383275,
8,3363,8295.019593,NB,64,0.5,35,0.546875,27,129.681,2.026265625,493518.7112992651,
8,3364,8295.189325,NB,8,0.01,0,0.0,8,111.885,13.985625,71501.9886490593,
8,3365,8295.341839,AB,32,0.0,0,0.0,10,8173.983,255.43696875,3914.8601116493637,
8,3366,8303.561948,GB,16,0.01,0,0.0,4,223.828,13.98925,71483.4605143235,
8,3367,8303.8315,MLP,32,0.0,0,0.0,15,202.287,6.32146875,158191.08494366915,
8,3368,8304.073917,LoR,1,0.0,0,0.0,11,151.733,151.733,6590.524144385203,
8,3369,8304.383583,LoR,16,0.05,0,0.0,1,145.831,9.1144375,109716.04117094446,
8,3370,8304.6057,LoR,100,0.5,49,0.49,15,167.0,1.67,598802.3952095809,
8,3371,8304.82673,AB,100,1.0,100,1.0,19,8526.116,85.26116,11728.669889079623,
8,3372,8313.417508,GB,16,0.5,7,0.4375,20,219.134,13.695875,73014.68507853642,
8,3373,8313.699295,NB,16,0.1,1,0.0625,0,116.441,7.2775625,137408.64472136102,
8,3374,8313.85444,NB,1,0.1,0,0.0,1,101.674,101.674,9835.356138245765,
8,3375,8314.003074,NB,1,0.05,0,0.0,16,97.471,97.471,10259.461788634568,
8,3376,8314.168596,RF,16,0.1,2,0.125,11,3192.07,199.504375,5012.421406798723,
8,3377,8317.404464,DT,8,1.0,8,1.0,15,99.368,12.421,80508.81571532083,
8,3378,8317.545038,SGD,1,0.5,1,1.0,9,160.475,160.475,6231.500233681259,
8,3379,8317.895774,MLP,100,0.05,4,0.04,7,230.294,2.30294,434227.552606668,
8,3380,8318.194945,AB,64,0.5,29,0.453125,20,8251.55,128.93046875,7756.118547424424,
8,3381,8326.493008,GB,32,1.0,32,1.0,18,235.746,7.3670625,135739.31265005557,
8,3382,8326.795288,AB,32,0.5,17,0.53125,27,8597.964,268.686375,3721.8113497567565,
8,3383,8335.460884,DT,32,1.0,32,1.0,12,99.315,3.10359375,322207.11876353016,
8,3384,8335.642584,MLP,100,0.1,9,0.09,29,264.157,2.6415699999999998,378562.7486684056,
8,3385,8335.959808,GB,64,0.01,0,0.0,3,298.433,4.663015625,214453.49542443364,
8,3386,8336.301341,AB,1,0.01,0,0.0,23,7744.453,7744.453,129.1246780114748,2.0
8,3387,8356.689644,RF,8,0.1,1,0.125,6,3112.117,389.014625,2570.59744219128,
8,3388,8359.846149,RF,16,0.0,0,0.0,23,3176.527,198.5329375,5036.9475845790075,
8,3389,8363.070302,NB,32,0.0,0,0.0,18,133.854,4.1829375,239066.44553020454,
8,3390,8363.330341,GB,100,0.05,5,0.05,17,300.283,3.0028300000000003,333019.1852352614,
8,3391,8363.670335,NB,1,1.0,1,1.0,13,107.945,107.945,9263.977025336977,
8,3392,8363.827362,LoR,1,0.01,0,0.0,16,162.774,162.774,6143.487289124799,
8,3393,8364.153102,DT,64,1.0,64,1.0,8,108.286,1.69196875,591027.464307482,
8,3394,8364.334298,AB,100,0.01,2,0.02,6,8430.305,84.30305,11861.967034407415,
8,3395,8372.804646,LoR,1,1.0,1,1.0,2,146.074,146.074,6845.845256513821,
8,3396,8373.120595,NB,16,0.05,1,0.0625,3,111.143,6.9464375,143958.68385773283,
8,3397,8373.27566,SGD,32,0.01,0,0.0,2,182.542,5.7044375,175302.12225131752,
8,3398,8373.505668,SGD,64,0.0,0,0.0,26,152.715,2.386171875,419081.29522312805,
8,3399,8373.717769,GB,16,0.01,1,0.0625,10,220.056,13.7535,72708.76504162577,
8,3400,8373.980756,DT,32,0.0,0,0.0,22,87.493,2.73415625,365743.54519790155,
8,3401,8374.120313,NB,100,0.0,0,0.0,28,137.538,1.37538,727071.7910686501,
8,3402,8374.318138,RF,32,0.1,3,0.09375,4,3240.043,101.25134375,9876.412134036493,
8,3403,8377.62592,SGD,32,0.05,1,0.03125,29,167.331,5.22909375,191237.72642248002,
8,3404,8377.836263,NB,8,0.01,0,0.0,10,111.19,13.89875,71948.91626944869,
8,3405,8377.996582,AB,64,0.01,0,0.0,2,8216.512,128.383,7789.193273252688,
8,3406,8386.290278,DT,8,0.5,4,0.5,8,172.788,21.5985,46299.511540153246,
8,3407,8386.543821,NB,16,0.0,0,0.0,20,110.774,6.923375,144438.2255763988,
8,3408,8386.709412,AB,8,0.5,4,0.5,4,8242.374,1030.29675,970.5941516364096,
8,3409,8395.016154,SGD,32,1.0,32,1.0,10,175.844,5.495125,181979.48181342555,
8,3410,8395.256496,LoR,1,0.0,0,0.0,17,160.812,160.812,6218.441409845036,
8,3411,8395.601088,AB,8,0.5,6,0.75,24,7895.46,986.9325,1013.2405205016554,
8,3412,8403.546067,GB,32,0.01,0,0.0,28,261.409,8.16903125,122413.53587672957,
8,3413,8403.847744,LoR,1,0.0,0,0.0,8,151.252,151.252,6611.482823367624,
8,3414,8404.176215,DT,64,0.1,5,0.078125,15,97.361,1.521265625,657347.3978286993,
8,3415,8404.326485,DT,32,0.01,0,0.0,19,86.64,2.7075,369344.4136657433,
8,3416,8404.46614,RF,100,1.0,100,1.0,8,5188.429,51.88429,19273.656823674373,
8,3417,8409.718965,NB,8,0.5,3,0.375,29,127.147,15.893375,62919.2981352293,
8,3418,8409.886078,RF,1,0.05,0,0.0,20,2987.736,2987.736,334.7015934473461,8.76
8,3419,8425.574629,AB,16,0.1,2,0.125,19,8068.677,504.2923125,1982.976887041085,
8,3420,8433.706642,GB,16,0.1,1,0.0625,15,242.588,15.16175,65955.447095487,
8,3421,8434.012561,MLP,32,0.5,18,0.5625,7,207.154,6.4735625,154474.44896067661,
8,3422,8434.260454,LoR,1,0.1,0,0.0,27,147.079,147.079,6799.067167984552,
8,3423,8434.572443,MLP,100,1.0,100,1.0,5,219.206,2.1920599999999997,456191.8925576855,
8,3424,8434.833044,DT,1,0.01,0,0.0,1,86.061,86.061,11619.665121251204,7.0
8,3425,8435.116486,GB,100,0.0,0,0.0,20,336.704,3.3670400000000003,296996.7686751568,
8,3426,8435.500065,DT,32,0.01,0,0.0,22,96.254,3.0079375,332453.7162091965,
8,3427,8435.636208,MLP,16,1.0,16,1.0,17,180.463,11.2789375,88660.83352266115,
8,3428,8435.856443,AB,8,1.0,8,1.0,19,8574.703,1071.837875,932.9769206000489,
8,3429,8444.51063,GB,32,0.01,0,0.0,0,292.303,9.13446875,109475.44157945694,
8,3430,8444.878723,AB,64,0.05,5,0.078125,7,8375.044,130.8600625,7641.750897069914,
8,3431,8453.321022,RF,32,0.1,4,0.125,13,3519.001,109.96878125,9093.489885339617,
8,3432,8456.904735,SGD,16,0.5,5,0.3125,7,184.099,11.5061875,86909.7605092912,
8,3433,8457.148148,MLP,16,0.5,10,0.625,25,193.775,12.1109375,82569.99096890724,
8,3434,8457.397462,SGD,100,1.0,100,1.0,2,160.811,1.6081100000000002,621848.0079099067,
8,3435,8457.600021,RF,16,0.0,0,0.0,14,3256.817,203.5510625,4912.7721944462955,
8,3436,8460.920378,NB,16,0.5,5,0.3125,20,127.744,7.984,125250.501002004,
8,3437,8461.091893,SGD,8,0.1,0,0.0,15,157.156,19.6445,50904.833413932654,
8,3438,8461.287119,MLP,1,0.0,0,0.0,4,166.303,166.303,6013.120629212943,
8,3439,8461.624551,AB,100,1.0,100,1.0,26,8405.525,84.05525,11896.936836188102,
8,3440,8470.101223,DT,64,0.5,31,0.484375,0,98.976,1.5465,646621.4031684449,
8,3441,8470.238247,AB,8,1.0,8,1.0,17,8199.034,1024.87925,975.7247012269983,
8,3442,8478.539338,AB,64,0.5,33,0.515625,4,8721.181,136.268453125,7338.45565182055,
8,3443,8487.341426,DT,32,0.0,0,0.0,11,96.333,3.01040625,332181.0802113502,
8,3444,8487.480832,GB,1,1.0,1,1.0,28,269.333,269.333,3712.875882272131,4.0
8,3445,8500.763893,MLP,32,0.0,0,0.0,20,235.557,7.36115625,135848.22357221396,
8,3446,8501.05526,RF,64,1.0,64,1.0,12,4677.923,73.092546875,13681.285476481764,
8,3447,8505.813991,MLP,64,0.5,33,0.515625,11,234.955,3.671171875,272392.5858143048,
8,3448,8506.102624,LoR,64,0.01,0,0.0,28,168.762,2.63690625,379232.29162963224,
8,3449,8506.328311,RF,100,1.0,100,1.0,19,5244.944,52.44944,19065.980494739313,
8,3450,8511.648848,LoR,64,0.5,38,0.59375,8,175.381,2.740328125,364919.8031713812,
8,3451,8511.882095,RF,100,0.01,0,0.0,16,3772.472,37.724720000000005,26507.817685591832,
8,3452,8515.701551,GB,32,1.0,32,1.0,14,285.193,8.91228125,112204.7175070917,
8,3453,8516.029754,LoR,1,0.5,0,0.0,12,156.616,156.616,6385.043673698728,
8,3454,8516.36417,LoR,16,0.5,8,0.5,14,148.416,9.276,107805.08840017249,
8,3455,8516.55483,SGD,16,0.01,0,0.0,22,149.749,9.3593125,106845.45472757748,
8,3456,8516.74421,AB,16,0.0,0,0.0,5,8371.361,523.2100625,1911.2782258464304,
8,3457,8525.207739,LoR,16,0.0,0,0.0,0,192.297,12.0185625,83204.62617721545,
8,3458,8525.444324,SGD,16,0.0,0,0.0,28,157.098,9.818625,101847.25457994372,
8,3459,8525.642215,MLP,1,0.0,0,0.0,5,219.147,219.147,4563.1471112997215,
8,3460,8526.015821,RF,8,1.0,8,1.0,3,3428.583,428.572875,2333.3254583599114,
8,3461,8529.505106,MLP,100,0.0,0,0.0,21,250.487,2.50487,399222.31493051536,
8,3462,8529.805884,LoR,64,0.0,0,0.0,17,160.785,2.512265625,398047.08150635945,
8,3463,8530.009281,GB,1,0.5,0,0.0,11,245.519,245.519,4073.0045332540453,4.0
8,3464,8542.842009,RF,1,1.0,1,1.0,5,3021.098,3021.098,331.00548211279477,13.5
8,3465,8558.794992,SGD,64,0.01,0,0.0,28,174.205,2.721953125,367383.2553600643,
8,3466,8559.011971,AB,1,0.5,0,0.0,11,7832.816,7832.816,127.6680059891615,2.0
8,3467,8579.604287,RF,1,0.0,0,0.0,18,3248.046,3248.046,307.87741306619426,7.0
8,3468,8595.948035,DT,8,1.0,8,1.0,6,96.061,12.007625,83280.41556927368,
8,3469,8596.106413,GB,100,0.01,0,0.0,27,307.43,3.0743,325277.2988973099,
8,3470,8596.475945,MLP,8,0.05,1,0.125,16,208.409,26.051125,38386.058183667694,
8,3471,8596.755025,DT,64,0.5,35,0.546875,27,108.838,1.70059375,588029.9160219777,
8,3472,8596.919377,SGD,100,0.01,0,0.0,11,178.847,1.78847,559137.1395662214,
8,3473,8597.138356,SGD,8,0.0,0,0.0,14,151.201,18.900125,52909.702978154906,
8,3474,8597.357007,SGD,64,0.05,4,0.0625,12,158.382,2.47471875,404086.32294073823,
8,3475,8597.557657,MLP,32,0.0,0,0.0,4,185.977,5.81178125,172064.28751942446,
8,3476,8597.798167,DT,100,0.0,0,0.0,22,103.319,1.03319,967876.1892778676,
8,3477,8597.943602,NB,8,0.01,0,0.0,3,117.037,14.629625,68354.45201090253,
8,3478,8598.098159,DT,8,1.0,8,1.0,0,90.072,11.259,88817.83462119193,
8,3479,8598.245286,AB,16,0.5,8,0.5,28,8331.413,520.7133125,1920.44254678048,
8,3480,8606.657664,RF,32,0.5,19,0.59375,15,3936.411,123.01284375,8129.2324404133615,
8,3481,8610.649725,AB,64,0.0,0,0.0,29,8365.856,130.7165,7650.143631446681,
8,3482,8619.091033,RF,64,0.5,28,0.4375,19,4243.497,66.304640625,15081.900611688896,
8,3483,8623.381821,SGD,8,0.05,0,0.0,1,187.614,23.45175,42640.74109608025,
8,3484,8623.648174,SGD,100,0.01,1,0.01,21,170.697,1.70697,585833.3772708366,
8,3485,8623.859976,DT,1,0.1,0,0.0,1,87.944,87.944,11370.87237332848,7.0
8,3486,8624.164805,SGD,64,0.0,0,0.0,7,166.844,2.6069375,383591.8582628084,
8,3487,8624.377257,AB,1,0.01,0,0.0,22,7812.769,7812.769,127.99559285574679,2.0
8,3488,8644.899747,RF,100,1.0,100,1.0,5,5167.65,51.6765,19351.155747777037,
8,3489,8650.115423,MLP,8,0.01,0,0.0,8,207.817,25.977125,38495.407016750316,
8,3490,8650.363972,MLP,1,0.0,0,0.0,7,168.617,168.617,5930.600117425883,
8,3491,8650.69518,MLP,16,0.05,0,0.0,3,175.168,10.948,91340.88417975885,
8,3492,8650.921789,NB,64,0.01,0,0.0,28,136.613,2.134578125,468476.64570721675,
8,3493,8651.133507,MLP,100,0.1,2,0.02,9,267.545,2.67545,373768.89868994,
8,3494,8651.444019,RF,8,0.01,0,0.0,23,3034.158,379.26975,2636.645817389866,
8,3495,8654.557626,DT,100,0.5,46,0.46,17,116.323,1.16323,859675.2147038849,
8,3496,8654.720179,GB,32,0.01,0,0.0,26,272.788,8.524625,117307.21292725486,
8,3497,8655.035738,AB,1,0.05,0,0.0,16,7784.153,7784.153,128.4661285563118,2.0
8,3498,8675.868136,SGD,100,1.0,100,1.0,18,187.853,1.87853,532331.131256887,
8,3499,8676.11862,AB,8,0.1,2,0.25,23,7999.16,999.895,1000.1050110261577,
8,3500,8684.181938,MLP,16,0.5,9,0.5625,18,193.72,12.1075,82593.43382201115,
8,3501,8684.416891,LoR,8,1.0,8,1.0,21,151.348,18.9185,52858.313291222876,
8,3502,8684.627359,SGD,8,0.5,3,0.375,15,149.106,18.63825,53653.10584416456,
8,3503,8684.836582,LoR,16,0.05,1,0.0625,8,145.906,9.119125,109659.6438803065,
8,3504,8685.033148,NB,64,0.01,0,0.0,18,131.846,2.06009375,485414.80211762205,
8,3505,8685.218047,DT,100,0.0,0,0.0,4,100.084,1.00084,999160.7050077934,
8,3506,8685.390967,SGD,100,0.1,9,0.09,19,167.769,1.6776900000000001,596057.6745405885,
8,3507,8685.637395,GB,100,0.1,12,0.12,10,310.213,3.1021300000000003,322359.1532269763,
8,3508,8685.988049,NB,1,0.0,0,0.0,9,108.112,108.112,9249.667011987569,
8,3509,8686.154322,MLP,64,1.0,64,1.0,23,215.393,3.365515625,297131.29024620116,
8,3510,8686.433673,SGD,32,0.05,3,0.09375,24,157.687,4.92771875,202933.6597183027,
8,3511,8686.628892,GB,1,1.0,1,1.0,24,213.616,213.616,4681.297281102539,4.0
8,3512,8699.493524,RF,32,0.05,2,0.0625,7,3454.143,107.94196875,9264.237178368121,
8,3513,8703.013792,LoR,8,0.1,1,0.125,27,168.097,21.012125,47591.56915352445,
8,3514,8703.22947,AB,8,0.05,0,0.0,23,8094.947,1011.868375,988.2708311740645,
8,3515,8711.397008,SGD,64,0.05,3,0.046875,3,163.623,2.556609375,391143.05446055875,
8,3516,8711.602138,MLP,1,0.5,1,1.0,10,165.96,165.96,6025.548324897565,
8,3517,8711.947778,LoR,8,0.5,5,0.625,9,146.88,18.36,54466.23093681917,
8,3518,8712.135987,RF,16,1.0,16,1.0,19,3602.326,225.145375,4441.574693684025,
8,3519,8715.785232,SGD,8,0.05,0,0.0,21,166.637,20.829625,48008.54552110276,
8,3520,8716.013387,MLP,8,0.5,7,0.875,11,182.64,22.83,43802.01489268507,
8,3521,8716.26024,AB,32,0.5,14,0.4375,16,8083.687,252.61521875,3958.5896880965333,
8,3522,8724.389064,RF,8,0.01,0,0.0,13,3053.912,381.739,2619.5908722975646,
8,3523,8727.507531,LoR,8,0.5,2,0.25,13,165.877,20.734625,48228.50666457676,
8,3524,8727.730467,RF,100,0.0,0,0.0,16,3560.119,35.60119,28088.948712107656,
8,3525,8731.338113,LoR,16,0.1,0,0.0,26,168.037,10.5023125,95217.12479989526,
8,3526,8731.562387,AB,100,1.0,100,1.0,15,8467.952,84.67952,11809.230850623622,
8,3527,8740.080818,AB,64,0.0,0,0.0,19,8051.954,125.81178125,7948.381225228063,
8,3528,8748.17824,RF,32,0.0,0,0.0,11,3154.025,98.56328125,10145.766124238076,
8,3529,8751.376354,MLP,1,0.1,0,0.0,10,178.371,178.371,5606.292502705036,
8,3530,8751.729367,DT,8,0.5,2,0.25,12,90.224,11.278,88668.20358219542,
8,3531,8751.890401,AB,100,0.01,2,0.02,22,8910.469,89.10468999999999,11222.753819131183,
8,3532,8760.87855,LoR,100,0.0,0,0.0,8,189.058,1.89058,528938.2094383735,
8,3533,8761.11137,AB,8,1.0,8,1.0,16,8083.931,1010.491375,989.6175511641552,
8,3534,8769.239862,GB,1,0.5,1,1.0,4,241.125,241.125,4147.22654224987,4.0
8,3535,8782.00291,RF,64,0.0,0,0.0,21,3394.279,53.035609375,18855.25615307404,
8,3536,8785.443634,GB,8,0.01,0,0.0,4,232.859,29.107375,34355.55421950622,
8,3537,8785.716434,SGD,1,0.0,0,0.0,27,165.043,165.043,6059.0270414376855,
8,3538,8786.044631,MLP,8,0.05,0,0.0,28,183.33,22.91625,43637.157039218895,
8,3539,8786.271859,DT,16,0.05,0,0.0,22,89.862,5.616375,178050.7889875587,
8,3540,8786.401421,LoR,16,1.0,16,1.0,0,149.932,9.37075,106715.04415334953,
8,3541,8786.591207,SGD,1,0.1,1,1.0,0,143.217,143.217,6982.4113059203855,
8,3542,8786.878696,DT,1,0.5,0,0.0,21,83.662,83.662,11952.857928330663,7.0
8,3543,8787.14943,DT,16,0.0,0,0.0,6,113.198,7.074875,141345.2534497076,
8,3544,8787.328453,NB,1,0.1,0,0.0,3,108.72,108.72,9197.93966151582,
8,3545,8787.49294,NB,64,0.0,0,0.0,15,125.51,1.96109375,509919.5283244363,
8,3546,8787.675713,GB,16,0.5,10,0.625,11,227.858,14.241125,70219.17158932317,
8,3547,8787.965821,LoR,32,0.5,18,0.5625,9,160.284,5.008875,199645.62900850992,
8,3548,8788.167866,SGD,32,1.0,32,1.0,19,150.927,4.71646875,212023.03100174258,
8,3549,8788.365973,SGD,64,1.0,64,1.0,11,153.119,2.392484375,417975.56149138906,
8,3550,8788.560677,DT,32,1.0,32,1.0,18,98.11,3.0659375,326164.50922434,
8,3551,8788.696118,RF,1,1.0,1,1.0,0,2994.884,2994.884,333.9027488209894,15.09
8,3552,8804.349963,DT,100,0.1,5,0.05,14,101.8,1.018,982318.2711198429,
8,3553,8804.511408,NB,32,0.05,4,0.125,9,121.677,3.80240625,262991.3623774419,
8,3554,8804.671523,LoR,8,0.1,0,0.0,14,154.466,19.30825,51791.332720469225,
8,3555,8804.882141,MLP,8,0.1,3,0.375,8,177.154,22.14425,45158.44971042144,
8,3556,8805.187532,AB,32,0.05,3,0.09375,1,8557.601,267.42503125,3739.3657404686196,
8,3557,8813.803293,RF,8,0.0,0,0.0,22,3110.496,388.812,2571.9370801312716,
8,3558,8816.96073,RF,16,0.0,0,0.0,5,3081.106,192.569125,5192.940457095601,
8,3559,8820.107212,LoR,8,0.1,1,0.125,6,208.357,26.044625,38395.638255494174,
8,3560,8820.374715,MLP,16,0.1,2,0.125,26,197.355,12.3346875,81072.17957487777,
8,3561,8820.612721,DT,16,0.0,0,0.0,19,90.514,5.657125,176768.23474821576,
8,3562,8820.769738,LoR,64,0.1,4,0.0625,17,159.726,2.49571875,400686.17507481563,
8,3563,8821.004178,DT,100,0.01,1,0.01,3,96.538,0.96538,1035861.5260312002,
8,3564,8821.13764,SGD,8,0.0,0,0.0,15,153.614,19.20175,52078.586587160025,
8,3565,8821.352423,DT,32,0.1,2,0.0625,11,89.032,2.78225,359421.3316560338,
8,3566,8821.477813,DT,8,0.0,0,0.0,6,87.993,10.999125,90916.32288932074,
8,3567,8821.60291,RF,1,0.5,1,1.0,26,2941.877,2941.877,339.9190380835093,14.81
8,3568,8837.271608,MLP,100,0.1,7,0.07,2,237.963,2.37963,420233.3976290432,
8,3569,8837.551574,MLP,1,0.01,0,0.0,7,162.193,162.193,6165.494195187215,
8,3570,8837.90362,GB,100,1.0,100,1.0,11,320.869,3.2086900000000003,311653.6655145869,
8,3571,8838.301556,GB,100,0.5,50,0.5,21,303.515,3.03515,329473.0079238259,
8,3572,8838.675773,LoR,64,0.1,5,0.078125,20,171.359,2.677484375,373484.9059576678,
8,3573,8838.903274,NB,100,1.0,100,1.0,9,149.359,1.4935900000000002,669527.7820553164,
8,3574,8839.119581,LoR,64,0.05,3,0.046875,18,202.369,3.162015625,316253.9717051525,
8,3575,8839.369742,LoR,64,0.0,0,0.0,21,156.795,2.449921875,408176.28113141365,
8,3576,8839.58674,MLP,16,0.1,1,0.0625,28,176.815,11.0509375,90490.06023244634,
8,3577,8839.827468,MLP,32,0.01,1,0.03125,19,182.85,5.7140625,175006.83620453926,
8,3578,8840.050582,DT,8,1.0,8,1.0,16,90.814,11.35175,88092.14438302466,
8,3579,8840.179328,MLP,8,1.0,8,1.0,0,170.739,21.342375,46855.14147324279,
8,3580,8840.393737,AB,32,1.0,32,1.0,6,8149.809,254.68153125,3926.4723872669897,
8,3581,8848.592141,GB,32,0.01,0,0.0,10,221.06,6.908125,144757.07952592056,
8,3582,8848.855048,GB,8,1.0,8,1.0,16,212.738,26.59225,37604.94128928541,
8,3583,8849.143661,AB,100,0.1,9,0.09,1,8627.188,86.27188,11591.262413662482,
8,3584,8857.842745,LoR,64,0.05,2,0.03125,16,162.693,2.542078125,393378.9407042712,
8,3585,8858.045461,GB,8,1.0,8,1.0,3,212.456,26.557,37654.8555936288,
8,3586,8858.302548,AB,32,0.0,0,0.0,29,8127.769,253.99278125,3937.119768044589,
8,3587,8866.49405,NB,8,0.05,1,0.125,7,113.768,14.221,70318.54299978905,
8,3588,8866.675042,MLP,64,0.05,2,0.03125,22,212.224,3.316,301568.1544028951,
8,3589,8866.930267,AB,8,0.01,0,0.0,26,7971.937,996.492125,1003.5202235040242,
8,3590,8874.959351,SGD,100,1.0,100,1.0,26,167.547,1.67547,596847.4517598047,
8,3591,8875.203303,MLP,100,0.1,9,0.09,26,227.276,2.27276,439993.66409123706,
8,3592,8875.473167,NB,8,0.05,0,0.0,20,110.147,13.768375,72630.21235258336,
8,3593,8875.627617,DT,8,0.01,0,0.0,25,88.236,11.0295,90665.94133913596,
8,3594,8875.762991,RF,64,0.0,0,0.0,12,3406.342,53.22409375,18788.48336426583,
8,3595,8879.227017,MLP,64,0.0,0,0.0,22,221.462,3.46034375,288988.6301035844,
8,3596,8879.489498,RF,1,1.0,1,1.0,11,2978.122,2978.122,335.7820801162612,20.21
8,3597,8895.388091,RF,64,0.1,5,0.078125,16,3583.87,55.99796875,17857.790600663528,
8,3598,8899.026283,DT,64,1.0,64,1.0,11,116.559,1.821234375,549078.1492634631,
8,3599,8899.199623,LoR,100,1.0,100,1.0,17,219.377,2.19377,455836.3000679196,
8,3600,8899.467328,RF,32,0.01,0,0.0,26,3266.844,102.088875,9795.386617787688,
8,3601,8902.779025,RF,1,0.05,0,0.0,29,2986.898,2986.898,334.79549686664893,6.97
8,3602,8918.625893,RF,16,1.0,16,1.0,22,3646.939,227.9336875,4387.240916286234,
8,3603,8922.317383,DT,8,0.0,0,0.0,0,96.835,12.104375,82614.75706098002,
8,3604,8922.475655,DT,8,0.5,4,0.5,15,91.683,11.460375,87257.1796298114,
8,3605,8922.606506,DT,16,0.0,0,0.0,14,85.449,5.3405625,187246.19363597,
8,3606,8922.72845,LoR,1,0.0,0,0.0,23,164.615,164.615,6074.780548552683,
8,3607,8923.093292,NB,100,0.5,56,0.56,23,191.084,1.91084,523330.05379832955,
8,3608,8923.341861,LoR,8,0.1,1,0.125,25,156.923,19.615375,50980.41714726331,
8,3609,8923.539802,RF,8,0.1,0,0.0,29,3071.772,383.9715,2604.3599590073745,
8,3610,8926.691301,RF,100,0.05,2,0.02,29,3849.415,38.49415,25977.97327645889,
8,3611,8930.600033,GB,100,1.0,100,1.0,9,341.028,3.41028,293231.054341579,
8,3612,8930.986809,RF,8,0.01,0,0.0,27,3071.755,383.969375,2604.374372305083,
8,3613,8934.128353,GB,32,0.05,1,0.03125,11,264.653,8.27040625,120913.04462824906,
8,3614,8934.456751,RF,32,0.05,3,0.09375,16,3233.11,101.0346875,9897.590864523632,
8,3615,8937.748953,AB,100,1.0,100,1.0,27,8504.763,85.04763000000001,11758.117186804617,
8,3616,8946.298465,LoR,8,0.01,0,0.0,11,157.563,19.695375,50773.34145706797,
8,3617,8946.507743,AB,64,0.01,0,0.0,14,8635.713,134.933015625,7411.08464350309,
8,3618,8955.210302,SGD,1,0.1,0,0.0,21,222.923,222.923,4485.853859852954,
8,3619,8955.59954,SGD,32,1.0,32,1.0,15,151.211,4.72534375,211624.81565494573,
8,3620,8955.811692,AB,100,0.01,0,0.0,18,8499.84,84.9984,11764.92733980875,
8,3621,8964.353539,RF,8,0.0,0,0.0,14,3065.162,383.14525,2609.976242691251,
8,3622,8967.47806,MLP,100,0.0,0,0.0,9,251.701,2.51701,397296.7926229932,
8,3623,8967.800411,NB,64,0.5,27,0.421875,4,154.44,2.413125,414400.4144004144,
8,3624,8968.019775,SGD,1,1.0,1,1.0,5,219.096,219.096,4564.209296381495,
8,3625,8968.531952,GB,100,0.05,6,0.06,13,510.097,5.10097,196041.14511553687,
8,3626,8969.102841,RF,100,0.0,0,0.0,21,3943.539,39.435390000000005,25357.933571850055,
8,3627,8973.108457,RF,32,0.0,0,0.0,20,3296.884,103.027625,9706.134641073208,
8,3628,8976.477898,AB,32,0.05,2,0.0625,7,8564.804,267.650125,3736.2209339524875,
8,3629,8985.103159,MLP,1,0.05,0,0.0,22,214.661,214.661,4658.508066206717,
8,3630,8985.505968,AB,16,0.1,2,0.125,27,8008.811,500.5506875,1997.799673384726,
8,3631,8993.595908,GB,100,0.1,13,0.13,23,307.314,3.0731400000000004,325400.07939761935,
8,3632,8993.968046,SGD,32,0.1,5,0.15625,20,170.382,5.3244375,187813.26665962365,
8,3633,8994.21341,AB,100,0.5,49,0.49,3,8469.467,84.69467,11807.118440865286,
8,3634,9002.763558,NB,100,0.1,12,0.12,23,147.67,1.4767,677185.616577504,
8,3635,9002.951165,SGD,1,0.5,1,1.0,15,154.815,154.815,6459.322417078449,
8,3636,9003.32946,MLP,8,0.01,1,0.125,7,178.921,22.365125,44712.4708670307,
8,3637,9003.571281,GB,32,0.5,15,0.46875,13,253.872,7.9335,126047.77210562803,
8,3638,9003.869134,GB,16,0.01,0,0.0,18,214.2,13.3875,74696.54528478059,
8,3639,9004.123368,NB,8,1.0,8,1.0,6,113.203,14.150375,70669.50522512654,
8,3640,9004.275817,MLP,1,0.05,0,0.0,7,166.515,166.515,6005.464973125545,
8,3641,9004.588763,SGD,1,0.05,0,0.0,0,142.742,142.742,7005.646551120203,
8,3642,9004.881125,RF,32,1.0,32,1.0,6,4027.552,125.861,7945.272959852536,
8,3643,9008.976201,NB,32,0.1,6,0.1875,16,127.474,3.9835625,251031.58291102498,
8,3644,9009.143172,AB,1,0.01,0,0.0,11,7658.6,7658.6,130.5721672368318,2.0
8,3645,9029.367107,LoR,8,0.0,0,0.0,0,159.962,19.99525,50011.87782098249,
8,3646,9029.565926,MLP,1,1.0,1,1.0,16,252.003,252.003,3968.2067276976863,
8,3647,9030.002147,MLP,32,0.01,0,0.0,3,244.589,7.64340625,130831.72178634362,
8,3648,9030.320226,SGD,64,0.1,6,0.09375,29,233.376,3.6465,274235.5683532154,
8,3649,9030.6638,SGD,64,0.01,1,0.015625,25,190.462,2.97596875,336025.03386502294,
8,3650,9030.916285,RF,16,0.1,4,0.25,15,3531.013,220.6883125,4531.2775682219235,
8,3651,9034.542786,DT,32,0.1,1,0.03125,24,129.65,4.0515625,246818.35711531044,
8,3652,9034.7368,GB,32,0.05,2,0.0625,14,280.4,8.7625,114122.68188302426,
8,3653,9035.058652,SGD,8,0.0,0,0.0,21,211.081,26.385125,37900.14259928653,
8,3654,9035.343668,GB,100,0.01,0,0.0,2,269.6,2.696,370919.88130563794,
8,3655,9035.657667,DT,32,0.0,0,0.0,16,92.952,2.90475,344263.7059987951,
8,3656,9035.791033,MLP,8,0.1,0,0.0,23,193.565,24.195625,41329.78586004701,
8,3657,9036.047471,DT,32,0.1,2,0.0625,15,89.943,2.81071875,355780.88344840624,
8,3658,9036.17709,RF,8,0.05,0,0.0,0,3119.804,389.9755,2564.2636524602185,
8,3659,9039.36471,DT,32,0.5,18,0.5625,16,102.991,3.21846875,310706.760784923,
8,3660,9039.51922,RF,64,0.01,0,0.0,23,3439.284,53.7388125,18608.524332390112,
8,3661,9043.0086,SGD,16,0.01,0,0.0,25,171.121,10.6950625,93501.08987207881,
8,3662,9043.289103,GB,64,0.05,4,0.0625,4,260.587,4.071671875,245599.35837167627,
8,3663,9043.628138,LoR,100,0.01,1,0.01,22,177.732,1.77732,562644.8810568722,
8,3664,9043.874423,GB,64,0.05,5,0.078125,3,251.689,3.932640625,254282.0703328314,
8,3665,9044.185472,SGD,8,0.5,2,0.25,19,162.471,20.308875,49239.556597792835,
8,3666,9044.407259,RF,16,0.05,1,0.0625,8,3131.714,195.732125,5109.023365479734,
8,3667,9047.604236,DT,16,0.05,2,0.125,3,96.076,6.00475,166534.8265956118,
8,3668,9047.754594,AB,100,1.0,100,1.0,21,8615.175,86.15174999999999,11607.425269945184,
8,3669,9056.44824,GB,100,0.5,46,0.46,23,291.292,2.9129199999999997,343298.13383134454,
8,3670,9056.81796,NB,100,0.05,5,0.05,26,158.378,1.58378,631400.8258722803,
8,3671,9057.018241,SGD,8,0.01,0,0.0,26,161.454,20.18175,49549.716947241934,
8,3672,9057.218494,LoR,1,0.0,0,0.0,10,148.677,148.677,6725.989897563174,
8,3673,9057.52298,SGD,1,0.01,0,0.0,5,144.309,144.309,6929.574731998698,
8,3674,9057.847145,MLP,64,0.05,5,0.078125,9,212.497,3.320265625,301180.7225513772,
8,3675,9058.106833,AB,32,0.01,0,0.0,12,8142.354,254.4485625,3930.067398199587,
8,3676,9066.290177,NB,1,1.0,1,1.0,21,104.462,104.462,9572.859030077923,
8,3677,9066.476356,AB,64,0.05,5,0.078125,22,8716.675,136.198046875,7342.2491947904455,
8,3678,9075.281505,RF,16,1.0,16,1.0,14,3663.152,228.947,4367.823120634906,
8,3679,9078.990975,AB,8,0.0,0,0.0,11,8039.972,1004.9965,995.0283408947196,
8,3680,9087.109926,AB,64,0.01,1,0.015625,7,8345.071,130.391734375,7669.1977815407445,
8,3681,9095.516393,NB,100,1.0,100,1.0,8,150.312,1.50312,665282.8782798445,
8,3682,9095.730803,SGD,32,0.5,12,0.375,12,176.958,5.5299375,180833.87018388545,
8,3683,9095.976865,GB,64,0.1,8,0.125,28,288.1,4.5015625,222145.08851093368,
8,3684,9096.307353,AB,1,0.05,0,0.0,10,7831.381,7831.381,127.6913995117847,2.0
8,3685,9116.807204,MLP,1,0.05,0,0.0,27,185.417,185.417,5393.248731238236,
8,3686,9117.152428,RF,1,1.0,1,1.0,14,3058.16,3058.16,326.9940094697465,21.49
8,3687,9133.049792,RF,100,0.01,1,0.01,2,3747.496,37.47496,26684.484786641533,
8,3688,9136.865522,LoR,32,0.1,8,0.25,15,175.846,5.4951875,181977.41205372883,
8,3689,9137.103053,RF,16,0.01,1,0.0625,16,3107.394,194.212125,5149.009105378977,
8,3690,9140.274923,SGD,8,0.05,1,0.125,15,167.885,20.985625,47651.666319206604,
8,3691,9140.520205,AB,100,0.1,9,0.09,29,8580.267,85.80266999999999,11654.648975375709,
8,3692,9149.143859,SGD,16,0.0,0,0.0,9,154.512,9.657,103551.82768975872,
8,3693,9149.341019,RF,1,0.1,0,0.0,5,2950.164,2950.164,338.9642067356255,7.01
8,3694,9165.563784,RF,16,0.0,0,0.0,2,3062.149,191.3843125,5225.088655058915,
8,3695,9168.678604,AB,64,1.0,64,1.0,20,8291.851,129.560171875,7718.421375396157,
8,3696,9177.03527,LoR,16,0.5,7,0.4375,22,158.304,9.894,101071.35637760258,
8,3697,9177.258185,RF,32,0.5,19,0.59375,0,3706.999,115.84371875,8632.319566312266,
8,3698,9181.017579,NB,64,1.0,64,1.0,21,145.552,2.27425,439705.3973837529,
8,3699,9181.204589,MLP,1,0.05,0,0.0,8,183.116,183.116,5461.019244631818,
8,3700,9181.54646,SGD,16,0.0,0,0.0,15,153.776,9.611,104047.44563520965,
8,3701,9181.764662,AB,32,0.1,3,0.09375,0,8122.412,253.825375,3939.716429060727,
8,3702,9189.942114,MLP,64,0.01,0,0.0,20,213.798,3.34059375,299347.9826752355,
8,3703,9190.226439,LoR,64,0.5,33,0.515625,21,158.897,2.482765625,402776.64147214865,
8,3704,9190.452944,AB,64,0.05,3,0.046875,15,8826.972,137.9214375,7250.50447650678,
8,3705,9199.369171,LoR,100,0.01,1,0.01,15,176.402,1.76402,566886.9967460687,
8,3706,9199.595267,GB,64,0.0,0,0.0,24,331.282,5.17628125,193188.88439456417,
8,3707,9200.005237,RF,100,0.05,3,0.03,4,3948.188,39.481880000000004,25328.074549641507,
8,3708,9204.034977,AB,100,0.05,8,0.08,14,8629.617,86.29617,11587.999791879523,
8,3709,9212.73107,MLP,16,0.05,1,0.0625,17,235.655,14.7284375,67895.86471748955,
8,3710,9213.032109,SGD,32,0.5,18,0.5625,19,160.864,5.027,198925.80067634772,
8,3711,9213.234663,MLP,8,0.1,0,0.0,19,172.167,21.520875,46466.51216551372,
8,3712,9213.448076,MLP,1,0.01,0,0.0,29,159.453,159.453,6271.440487165497,
8,3713,9213.764693,AB,16,1.0,16,1.0,25,8339.3,521.20625,1918.626263595266,
8,3714,9222.185295,LoR,32,0.5,11,0.34375,4,170.698,5.3343125,187465.5824907146,
8,3715,9222.421579,MLP,32,0.1,5,0.15625,23,197.087,6.15896875,162364.84395216327,
8,3716,9222.679262,MLP,16,0.1,2,0.125,17,174.538,10.908625,91670.58176442952,
8,3717,9222.927787,GB,64,0.05,1,0.015625,25,313.012,4.8908125,204465.00453656728,
8,3718,9223.298046,SGD,16,1.0,16,1.0,4,165.11,10.319375,96905.09357398098,
8,3719,9223.501877,RF,1,1.0,1,1.0,18,3039.015,3039.015,329.05398624225285,23.3
8,3720,9239.65489,DT,32,0.05,1,0.03125,8,94.867,2.96459375,337314.3453466432,
8,3721,9239.825769,AB,100,0.05,3,0.03,16,8602.731,86.02731,11624.21561246074,
8,3722,9248.471137,DT,8,0.0,0,0.0,28,83.877,10.484625,95377.75552296816,
8,3723,9248.624251,DT,64,0.5,27,0.421875,29,96.991,1.515484375,659855.0380963183,
8,3724,9248.793488,DT,100,0.01,2,0.02,27,92.575,0.9257500000000001,1080205.238995409,
8,3725,9248.924017,AB,16,0.0,0,0.0,6,8070.645,504.4153125,1982.4933447078888,
8,3726,9257.058821,MLP,8,0.05,1,0.125,29,184.474,23.05925,43366.54487895314,
8,3727,9257.289372,AB,1,0.1,0,0.0,9,7734.982,7734.982,129.28278307564258,2.0
8,3728,9277.758936,DT,100,0.1,7,0.07,5,103.399,1.03399,967127.341657076,
8,3729,9277.928761,DT,64,0.05,6,0.09375,20,95.661,1.494703125,669029.1759442197,
8,3730,9278.066138,MLP,32,1.0,32,1.0,7,197.77,6.1803125,161804.115892198,
8,3731,9278.338385,NB,100,0.1,10,0.1,28,150.823,1.5082300000000002,663028.8483851932,
8,3732,9278.559803,LoR,100,0.1,15,0.15,23,173.649,1.73649,575874.3211881439,
8,3733,9278.772886,AB,16,1.0,16,1.0,14,8079.898,504.993625,1980.2230176668072,
8,3734,9286.897789,NB,8,0.05,0,0.0,4,112.826,14.10325,70905.64231648734,
8,3735,9287.054162,AB,16,0.01,0,0.0,0,8005.141,500.3213125,1998.7155754033565,
8,3736,9295.126837,MLP,32,0.01,1,0.03125,26,230.02,7.188125,139118.33753586645,
8,3737,9295.41886,MLP,16,0.1,1,0.0625,2,176.118,11.007375,90848.18133296994,
8,3738,9295.652844,DT,100,0.01,0,0.0,19,97.629,0.9762900000000001,1024285.8167142959,
8,3739,9295.804709,RF,100,1.0,100,1.0,29,5331.196,53.31196,18757.517074967793,
8,3740,9301.183099,LoR,16,1.0,16,1.0,16,174.1,10.88125,91901.20620333143,
8,3741,9301.39857,SGD,8,1.0,8,1.0,23,156.793,19.599125,51022.68596174574,
8,3742,9301.625383,RF,64,0.5,35,0.546875,11,4209.537,65.774015625,15203.572269349335,
8,3743,9305.909237,MLP,64,0.1,3,0.046875,27,229.312,3.583,279095.7298353335,
8,3744,9306.20006,SGD,8,0.05,1,0.125,0,157.864,19.733,50676.53169817058,
8,3745,9306.406678,RF,64,0.0,0,0.0,17,3458.574,54.04021875,18504.73634509483,
8,3746,9309.945621,AB,100,0.01,2,0.02,25,8538.06,85.3806,11712.262504597064,
8,3747,9318.53318,GB,32,0.1,0,0.0,25,267.047,8.34521875,119829.09375503188,
8,3748,9318.87345,AB,64,0.01,1,0.015625,8,8258.076,129.0324375,7749.989222671238,
8,3749,9327.174136,LoR,8,1.0,8,1.0,10,159.111,19.888875,50279.36472022676,
8,3750,9327.404809,AB,64,0.01,1,0.015625,29,8669.783,135.465359375,7381.961001792087,
8,3751,9336.151876,RF,64,0.01,0,0.0,14,3745.837,58.528703125,17085.633998489524,
8,3752,9339.951528,GB,32,0.0,0,0.0,21,288.701,9.02190625,110841.32025867593,
8,3753,9340.283915,SGD,8,1.0,8,1.0,24,177.434,22.17925,45087.18734853523,
8,3754,9340.511212,LoR,64,1.0,64,1.0,1,159.987,2.499796875,400032.5026408396,
8,3755,9340.709579,DT,1,1.0,1,1.0,20,86.176,86.176,11604.158930560712,14.0
8,3756,9341.000026,SGD,8,0.0,0,0.0,7,155.039,19.379875,51599.92002012397,
8,3757,9341.198563,DT,8,1.0,8,1.0,24,89.218,11.15225,89668.00421439619,
8,3758,9341.327062,MLP,16,0.0,0,0.0,18,192.575,12.0359375,83084.51252758666,
8,3759,9341.560877,AB,1,0.01,0,0.0,8,7720.505,7720.505,129.52520592888678,2.0
8,3760,9361.877995,LoR,1,0.1,0,0.0,6,152.906,152.906,6539.965730579572,
8,3761,9362.185856,RF,1,0.05,0,0.0,17,2971.611,2971.611,336.5178012869114,9.01
8,3762,9377.933398,NB,8,0.1,0,0.0,29,122.183,15.272875,65475.55715606917,
8,3763,9378.095718,RF,1,0.5,1,1.0,29,2956.205,2956.205,338.2715339430114,13.15
8,3764,9394.370863,LoR,16,0.5,7,0.4375,20,197.603,12.3501875,80970.43061087129,
8,3765,9394.623187,NB,64,1.0,64,1.0,4,143.818,2.24715625,445006.8837002322,
8,3766,9394.805102,GB,1,1.0,1,1.0,11,266.103,266.103,3757.9433527619003,4.0
8,3767,9407.529413,RF,8,0.0,0,0.0,20,3025.129,378.141125,2644.515324801025,
8,3768,9410.618867,RF,8,0.01,1,0.125,20,3069.699,383.712375,2606.1187106618595,
8,3769,9413.733468,NB,8,0.01,0,0.0,21,134.099,16.762375,59657.41728126236,
8,3770,9413.918205,DT,1,1.0,1,1.0,22,89.055,89.055,11229.015776767166,19.0
8,3771,9414.203605,DT,64,0.01,0,0.0,23,96.201,1.503140625,665273.7497531212,
8,3772,9414.342335,NB,32,1.0,32,1.0,9,117.751,3.67971875,271759.9001282367,
8,3773,9414.50021,DT,8,0.01,0,0.0,12,87.465,10.933125,91465.15749156805,
8,3774,9414.626071,MLP,16,0.0,0,0.0,26,201.35,12.584375,79463.62056121182,
8,3775,9414.887094,GB,16,0.01,1,0.0625,9,228.706,14.294125,69958.81174958244,
8,3776,9415.153702,NB,1,0.0,0,0.0,27,163.065,163.065,6132.523840186429,
8,3777,9415.365916,LoR,16,1.0,16,1.0,4,155.403,9.7126875,102958.11535169849,
8,3778,9415.5612,RF,16,0.0,0,0.0,20,3113.063,194.5664375,5139.632574091819,
8,3779,9418.71789,NB,16,0.0,0,0.0,3,121.489,7.5930625,131699.16617965413,
8,3780,9418.907412,NB,64,0.1,6,0.09375,13,127.277,1.988703125,502840.2617912113,
8,3781,9419.105584,LoR,100,0.5,40,0.4,0,223.591,2.23591,447245.19323228573,
8,3782,9419.38282,MLP,100,0.0,0,0.0,0,226.534,2.26534,441434.83980329667,
8,3783,9419.658288,MLP,64,1.0,64,1.0,26,194.789,3.043578125,328560.64767517673,
8,3784,9419.899558,MLP,32,0.05,0,0.0,2,176.02,5.500625,181797.523008749,
8,3785,9420.147205,LoR,64,0.05,4,0.0625,14,152.604,2.3844375,419386.1235616366,
8,3786,9420.342489,AB,32,0.0,0,0.0,5,8130.259,254.07059375,3935.913972728298,
8,3787,9428.520913,SGD,32,0.01,0,0.0,14,158.177,4.94303125,202305.01273889377,
8,3788,9428.748093,AB,64,0.5,32,0.5,17,8308.646,129.82259375,7702.81944855997,
8,3789,9437.128447,GB,64,0.5,31,0.484375,28,260.518,4.07059375,245664.40706592254,
8,3790,9437.459708,SGD,64,0.05,1,0.015625,6,168.572,2.6339375,379659.7299670171,
8,3791,9437.702955,LoR,100,0.5,51,0.51,2,162.669,1.6266900000000002,614745.2802931105,
8,3792,9437.908233,NB,16,0.05,0,0.0,19,111.477,6.9673125,143527.3643890668,
8,3793,9438.075567,NB,8,0.5,3,0.375,28,105.483,13.185375,75841.60480835775,
8,3794,9438.234059,LoR,8,0.5,3,0.375,17,149.796,18.7245,53405.96544634036,
8,3795,9438.427217,MLP,32,0.05,0,0.0,4,184.605,5.76890625,173343.0838818017,
8,3796,9438.654271,MLP,16,0.01,0,0.0,22,167.775,10.4859375,95365.8173148562,
8,3797,9438.863647,AB,1,1.0,1,1.0,23,8256.452,8256.452,121.11740006482204,2.0
8,3798,9459.96734,AB,100,0.5,45,0.45,5,8481.654,84.81654,11790.153194176513,
8,3799,9468.517631,MLP,32,0.1,4,0.125,16,212.395,6.63734375,150662.6803832482,
8,3800,9468.771901,SGD,1,0.01,0,0.0,1,152.086,152.086,6575.227174098864,
8,3801,9469.079745,GB,16,1.0,16,1.0,28,255.345,15.9590625,62660.322309032876,
8,3802,9469.404782,NB,64,0.5,26,0.40625,5,137.795,2.153046875,464458.07177328644,
8,3803,9469.584256,AB,32,1.0,32,1.0,29,7942.478,248.2024375,4028.969296484044,
8,3804,9477.621793,NB,100,1.0,100,1.0,15,143.108,1.4310800000000001,698772.9546915616,
8,3805,9477.848848,DT,8,0.1,2,0.25,19,119.482,14.93525,66955.69207077217,
8,3806,9478.03822,GB,8,0.5,5,0.625,20,324.535,40.566875,24650.654012664272,
8,3807,9478.423652,DT,100,0.0,0,0.0,24,131.042,1.31042,763114.1160849193,
8,3808,9478.641764,GB,8,0.1,2,0.25,3,235.139,29.392375,34022.429286507126,
8,3809,9478.930805,RF,8,1.0,8,1.0,10,3695.564,461.9455,2164.7575309208555,
8,3810,9482.72806,AB,8,0.05,2,0.25,27,8655.748,1081.9685,924.2413249553938,
8,3811,9491.470579,DT,64,0.0,0,0.0,5,99.065,1.547890625,646040.4784737293,
8,3812,9491.626184,DT,64,0.0,0,0.0,3,92.492,1.4451875,691951.7363663884,
8,3813,9491.757718,RF,1,1.0,1,1.0,10,3172.594,3172.594,315.1994866030762,19.06
8,3814,9508.14566,DT,1,0.05,0,0.0,6,88.569,88.569,11290.632162494778,7.0
8,3815,9508.409603,LoR,1,1.0,1,1.0,28,202.094,202.094,4948.192425307036,
8,3816,9508.801162,DT,64,0.1,6,0.09375,26,95.072,1.4855,673174.0154830023,
8,3817,9508.943573,SGD,64,0.0,0,0.0,24,191.218,2.98778125,334696.5243857796,
8,3818,9509.188493,LoR,100,0.0,0,0.0,27,158.905,1.58905,629306.8185393788,
8,3819,9509.402535,AB,100,1.0,100,1.0,28,8470.48,84.70479999999999,11805.706406248524,
8,3820,9517.94573,MLP,64,0.05,1,0.015625,5,220.233,3.441140625,290601.3176953499,
8,3821,9518.204993,NB,1,0.0,0,0.0,10,108.159,108.159,9245.64761138694,
8,3822,9518.360633,AB,1,0.01,0,0.0,29,8175.638,8175.638,122.31461324486236,2.0
8,3823,9539.380866,RF,100,0.5,57,0.57,14,4913.476,49.13476,20352.190587681715,
8,3824,9544.381253,MLP,100,0.05,1,0.01,3,280.179,2.8017899999999996,356914.6866824423,
8,3825,9544.708881,SGD,16,0.05,0,0.0,16,164.739,10.2961875,97123.32841646484,
8,3826,9544.935653,AB,16,0.5,8,0.5,15,8140.348,508.77175,1965.517936088236,
8,3827,9553.14941,SGD,64,0.1,7,0.109375,24,164.158,2.56496875,389868.29761571175,
8,3828,9553.374281,MLP,16,0.05,2,0.125,21,182.015,11.3759375,87904.84300744445,
8,3829,9553.630819,RF,100,0.5,56,0.56,2,4814.441,48.14441,20770.84338555608,
8,3830,9558.489656,GB,1,1.0,1,1.0,23,262.082,262.082,3815.599697804504,4.0
8,3831,9571.335138,DT,8,0.5,5,0.625,26,95.289,11.911125,83955.12598516094,
8,3832,9571.468809,LoR,8,1.0,8,1.0,26,161.916,20.2395,49408.3351861459,
8,3833,9571.673628,LoR,32,1.0,32,1.0,8,152.139,4.75434375,210333.97090818264,
8,3834,9571.868977,NB,32,1.0,32,1.0,21,123.221,3.85065625,259695.99337775217,
8,3835,9572.034005,NB,16,0.05,0,0.0,28,108.566,6.785375,147375.7898421237,
8,3836,9572.181488,MLP,8,0.01,0,0.0,18,179.263,22.407875,44627.16790414084,
8,3837,9572.405858,AB,16,0.0,0,0.0,2,8120.309,507.5193125,1970.3683689869438,
8,3838,9580.605562,LoR,100,0.01,1,0.01,24,166.652,1.6665199999999998,600052.804646809,
8,3839,9580.827807,SGD,100,0.0,0,0.0,20,163.102,1.6310200000000001,613113.2665448615,
8,3840,9581.029714,LoR,8,1.0,8,1.0,27,144.002,18.00025,55554.783961333866,
8,3841,9581.230227,DT,100,0.01,0,0.0,26,98.041,0.98041,1019981.4363378587,
8,3842,9581.365731,AB,1,0.0,0,0.0,13,8012.516,8012.516,124.8047429796084,2.0
8,3843,9602.189407,SGD,32,0.1,2,0.0625,11,174.207,5.44396875,183689.51879086375,
8,3844,9602.405704,GB,1,0.5,0,0.0,21,237.754,237.754,4206.028079443458,4.0
8,3845,9615.720541,GB,8,0.1,2,0.25,22,242.817,30.352125,32946.6223534596,
8,3846,9616.005781,AB,1,0.1,0,0.0,7,7816.233,7816.233,127.93886773846174,2.0
8,3847,9636.480672,NB,64,1.0,64,1.0,12,143.492,2.2420625,446017.89646809583,
8,3848,9636.692295,SGD,64,0.5,41,0.640625,11,182.042,2.84440625,351567.2207512552,
8,3849,9636.938709,AB,32,0.1,1,0.03125,13,8145.368,254.54275,3928.6131700863607,
8,3850,9645.146764,GB,8,0.5,2,0.25,5,221.523,27.690375,36113.63154164579,
8,3851,9645.430667,RF,16,0.1,1,0.0625,16,3314.884,207.18025,4826.714901637583,
8,3852,9648.79351,LoR,32,1.0,32,1.0,11,177.231,5.53846875,180555.32045748204,
8,3853,9649.010725,NB,1,0.0,0,0.0,0,107.093,107.093,9337.678466379688,
8,3854,9649.169054,LoR,8,0.05,0,0.0,22,153.886,19.23575,51986.535487308785,
8,3855,9649.363817,MLP,1,0.1,0,0.0,20,174.184,174.184,5741.055435631287,
8,3856,9649.710887,GB,100,0.01,0,0.0,22,273.042,2.7304199999999996,366244.0210663561,
8,3857,9650.034762,MLP,64,0.0,0,0.0,16,219.868,3.4354375,291083.74115378316,
8,3858,9650.294551,LoR,1,1.0,1,1.0,5,148.195,148.195,6747.865987381491,
8,3859,9650.608345,AB,8,0.1,0,0.0,29,8040.291,1005.036375,994.9888629652831,
8,3860,9658.690662,RF,8,1.0,8,1.0,27,3373.33,421.66625,2371.543845399057,
8,3861,9662.106744,DT,1,0.0,0,0.0,0,94.682,94.682,10561.669588728586,7.0
8,3862,9662.398918,LoR,1,0.5,0,0.0,18,157.51,157.51,6348.803250587264,
8,3863,9662.71197,GB,16,0.01,0,0.0,29,226.814,14.175875,70542.38274533318,
8,3864,9662.982687,MLP,8,0.05,0,0.0,24,183.847,22.980875,43514.444075780404,
8,3865,9663.247167,GB,100,1.0,100,1.0,20,302.525,3.0252499999999998,330551.1941161888,
8,3866,9663.608274,SGD,100,0.0,0,0.0,24,178.782,1.7878200000000002,559340.4257699321,
8,3867,9663.846865,AB,100,1.0,100,1.0,18,8901.575,89.01575000000001,11233.967022689803,
8,3868,9672.82629,NB,64,0.5,33,0.515625,21,137.22,2.1440625,466404.31423990673,
8,3869,9673.01465,SGD,64,0.01,0,0.0,15,168.708,2.6360625,379353.6761742182,
8,3870,9673.224985,NB,1,0.01,0,0.0,13,101.982,101.982,9805.651977800004,
8,3871,9673.378548,GB,16,0.1,0,0.0,10,235.592,14.7245,67914.02084960439,
8,3872,9673.670385,SGD,100,1.0,100,1.0,3,172.702,1.72702,579032.0899584255,
8,3873,9673.911447,LoR,64,0.5,38,0.59375,22,159.515,2.492421875,401216.18656552676,
8,3874,9674.111754,AB,16,1.0,16,1.0,7,8042.381,502.6488125,1989.4605838743526,
8,3875,9682.21741,DT,8,0.05,1,0.125,1,83.551,10.443875,95749.90125791433,
8,3876,9682.347878,RF,64,0.0,0,0.0,16,3585.751,56.027359375,17848.422826905717,
8,3877,9685.997742,AB,8,0.5,4,0.5,17,8018.385,1002.298125,997.7071442690766,
8,3878,9694.059723,NB,1,0.01,0,0.0,4,105.536,105.536,9475.439660400243,
8,3879,9694.234466,RF,16,0.05,2,0.125,28,3236.489,202.2805625,4943.628728538858,
8,3880,9697.535639,NB,8,0.5,1,0.125,23,121.728,15.216,65720.29442691903,
8,3881,9697.716911,MLP,16,0.1,1,0.0625,19,205.259,12.8286875,77950.29694191241,
8,3882,9697.963114,RF,16,0.0,0,0.0,17,3087.62,192.97625,5181.984829739411,
8,3883,9701.118855,SGD,32,0.5,16,0.5,0,177.963,5.56134375,179812.6576872721,
8,3884,9701.361859,LoR,32,0.05,2,0.0625,23,159.613,4.98790625,200484.922907282,
8,3885,9701.564597,MLP,1,0.05,1,1.0,3,169.267,169.267,5907.826097231002,
8,3886,9701.89093,GB,8,0.0,0,0.0,7,237.618,29.70225,33667.48310313192,
8,3887,9702.190371,NB,16,0.05,2,0.125,29,117.789,7.3618125,135836.1137287862,
8,3888,9702.374164,NB,64,0.01,2,0.03125,0,128.348,2.0054375,498644.31078006665,
8,3889,9702.541907,GB,8,0.01,0,0.0,10,220.448,27.556,36289.73726230222,
8,3890,9702.821939,GB,16,0.5,7,0.4375,12,220.626,13.789125,72520.91775221415,
8,3891,9703.085348,NB,8,0.05,0,0.0,25,113.417,14.177125,70536.16300907271,
8,3892,9703.29085,RF,8,0.5,3,0.375,26,3074.953,384.369125,2601.665781558287,
8,3893,9706.429557,SGD,8,0.1,1,0.125,25,169.107,21.138375,47307.32613079293,
8,3894,9706.642581,MLP,16,0.01,0,0.0,17,182.055,11.3784375,87885.52909834939,
8,3895,9706.868682,LoR,16,0.05,0,0.0,11,152.332,9.52075,105033.7420896463,
8,3896,9707.059546,SGD,1,1.0,1,1.0,18,146.196,146.196,6840.132424963747,
8,3897,9707.39592,RF,8,0.1,0,0.0,16,2956.178,369.52225,2706.1969881380624,
8,3898,9710.432411,GB,100,0.5,51,0.51,29,307.298,3.07298,325417.0219135822,
8,3899,9710.793571,MLP,64,0.01,0,0.0,6,221.018,3.45340625,289569.1753612828,
8,3900,9711.056838,DT,1,0.05,0,0.0,19,90.114,90.114,11097.054841645027,7.0
8,3901,9711.415404,GB,8,0.05,1,0.125,19,220.446,27.55575,36290.06650154686,
8,3902,9711.712052,AB,100,0.05,6,0.06,18,8574.53,85.7453,11662.44680466451,
8,3903,9720.353601,AB,32,0.5,13,0.40625,2,8042.189,251.31840625,3979.0161608984818,
8,3904,9728.446959,NB,64,1.0,64,1.0,29,131.512,2.054875,486647.6063020865,
8,3905,9728.627383,DT,64,0.0,0,0.0,1,94.464,1.476,677506.7750677507,
8,3906,9728.762043,AB,1,0.5,0,0.0,0,7747.053,7747.053,129.0813422858989,2.0
8,3907,9749.221895,NB,100,1.0,100,1.0,16,146.918,1.4691800000000002,680651.7921561687,
8,3908,9749.436839,GB,64,0.05,5,0.078125,9,256.486,4.00759375,249526.28993395352,
8,3909,9749.735662,RF,16,1.0,16,1.0,8,3506.438,219.152375,4563.035194120072,
8,3910,9753.310164,SGD,32,0.5,19,0.59375,27,174.039,5.43871875,183866.8344451531,
8,3911,9753.526385,MLP,16,0.0,0,0.0,2,185.775,11.6109375,86125.68967837437,
8,3912,9753.756792,LoR,16,0.01,0,0.0,1,152.594,9.537125,104853.40183755587,
8,3913,9753.970062,LoR,16,0.1,1,0.0625,22,148.971,9.3106875,107403.45436360096,
8,3914,9754.159003,LoR,1,0.1,0,0.0,5,141.845,141.845,7049.948887870563,
8,3915,9754.462263,MLP,64,0.0,0,0.0,17,201.285,3.145078125,317957.1254688626,
8,3916,9754.765425,LoR,64,0.01,1,0.015625,7,156.424,2.444125,409144.37682197103,
8,3917,9754.981955,GB,16,0.05,1,0.0625,4,224.094,14.005875,71398.60951207975,
8,3918,9755.253815,LoR,8,0.01,0,0.0,21,156.871,19.608875,50997.316266231486,
8,3919,9755.477785,SGD,64,0.5,36,0.5625,19,159.185,2.487265625,402047.9316518516,
8,3920,9755.695442,NB,16,0.5,6,0.375,12,114.071,7.1294375,140263.52008836603,
8,3921,9755.874421,AB,64,0.5,30,0.46875,11,8660.303,135.317234375,7390.041664823968,
8,3922,9764.616237,SGD,32,0.05,3,0.09375,19,174.622,5.4569375,183252.9692707677,
8,3923,9764.868479,NB,100,0.05,7,0.07,15,148.308,1.48308,674272.4600156432,
8,3924,9765.083308,MLP,64,0.05,5,0.078125,11,222.661,3.479078125,287432.46459864994,
8,3925,9765.38784,RF,100,0.1,11,0.11,8,4083.856,40.83856,24486.66162567926,
8,3926,9769.533118,SGD,100,0.0,0,0.0,8,189.474,1.8947399999999999,527776.8981496142,
8,3927,9769.796489,GB,64,0.1,11,0.171875,4,300.509,4.695453125,212971.99085551512,
8,3928,9770.1505,MLP,64,0.05,0,0.0,0,222.325,3.473828125,287866.8615765209,
8,3929,9770.442209,NB,64,0.05,4,0.0625,10,134.816,2.1065,474721.10135295516,
8,3930,9770.635724,SGD,16,0.1,1,0.0625,2,161.194,10.074625,99259.27764060698,
8,3931,9770.862613,MLP,64,0.5,32,0.5,26,212.063,3.313484375,301797.1074633482,
8,3932,9771.149871,NB,100,0.5,48,0.48,4,181.281,1.81281,551629.7902151907,
8,3933,9771.40204,SGD,100,0.05,4,0.04,21,170.452,1.70452,586675.4276863867,
8,3934,9771.644874,GB,100,0.1,11,0.11,20,293.539,2.93539,340670.23461959057,
8,3935,9771.985317,NB,32,0.01,0,0.0,16,125.32,3.91625,255346.31343759975,
8,3936,9772.150932,SGD,16,1.0,16,1.0,17,159.341,9.9588125,100413.57842614267,
8,3937,9772.383271,LoR,100,0.5,48,0.48,10,168.229,1.68229,594427.8334888752,
8,3938,9772.612787,MLP,32,0.05,3,0.09375,27,187.252,5.851625,170892.7007455194,
8,3939,9772.840613,GB,16,1.0,16,1.0,18,220.129,13.7580625,72684.65308977918,
8,3940,9773.120456,DT,8,0.5,5,0.625,10,92.887,11.610875,86126.15328302131,
8,3941,9773.285573,NB,100,0.01,1,0.01,16,143.747,1.4374700000000002,695666.6921744453,
8,3942,9773.484885,GB,8,0.1,2,0.25,23,215.798,26.97475,37071.70594722842,
8,3943,9773.757633,AB,8,0.5,5,0.625,11,7989.173,998.646625,1001.355209106124,
8,3944,9781.804047,LoR,100,0.0,0,0.0,25,166.103,1.66103,602036.0860429974,
8,3945,9782.009196,MLP,1,0.0,0,0.0,10,163.0,163.0,6134.9693251533745,
8,3946,9782.358029,DT,16,0.5,12,0.75,3,94.195,5.8871875,169860.39598704816,
8,3947,9782.492639,DT,8,0.05,0,0.0,7,85.426,10.67825,93648.30379509751,
8,3948,9782.616538,NB,1,0.05,0,0.0,25,103.51,103.51,9660.902328277461,
8,3949,9782.766771,AB,8,0.0,0,0.0,14,7962.076,995.2595,1004.7630793777904,
8,3950,9790.786021,MLP,100,1.0,100,1.0,13,226.11,2.2611000000000003,442262.6155411083,
8,3951,9791.073722,AB,8,0.5,3,0.375,25,7892.221,986.527625,1013.6563585839779,
8,3952,9799.006085,RF,1,0.0,0,0.0,17,3054.882,3054.882,327.34488598904966,8.96
8,3953,9815.349854,DT,16,1.0,16,1.0,16,107.692,6.73075,148571.85306243732,
8,3954,9815.520658,LoR,8,0.5,3,0.375,8,182.171,22.771375,43914.78336288432,
8,3955,9815.768835,LoR,32,0.1,6,0.1875,7,159.199,4.97496875,201006.28772793798,
8,3956,9815.988137,MLP,16,0.5,11,0.6875,10,195.66,12.22875,81774.50679750588,
8,3957,9816.226975,GB,1,1.0,1,1.0,15,252.958,252.958,3953.2254366337497,4.0
8,3958,9829.033228,DT,8,1.0,8,1.0,27,93.848,11.731,85244.22470377632,
8,3959,9829.197029,MLP,64,0.01,2,0.03125,29,219.36,3.4275,291757.8409919766,
8,3960,9829.491576,SGD,100,0.05,7,0.07,8,171.974,1.7197399999999998,581483.2474676404,
8,3961,9829.706351,RF,16,0.01,0,0.0,5,3267.504,204.219,4896.704028518405,
8,3962,9833.018561,AB,1,0.01,0,0.0,5,7857.293,7857.293,127.27029525308527,2.0
8,3963,9853.622659,SGD,16,1.0,16,1.0,28,162.95,10.184375,98189.62872046641,
8,3964,9853.863737,AB,100,0.5,51,0.51,17,8581.642,85.81642,11652.781600537519,
8,3965,9862.507595,DT,8,0.5,5,0.625,23,84.873,10.609125,94258.48031765108,
8,3966,9862.659941,DT,64,0.05,6,0.09375,3,96.383,1.505984375,664017.5134619176,
8,3967,9862.812473,RF,16,0.5,9,0.5625,2,3504.742,219.046375,4565.243318909066,
8,3968,9866.376551,LoR,100,0.0,0,0.0,11,184.054,1.84054,543318.8086105165,
8,3969,9866.605557,LoR,16,0.01,0,0.0,12,154.058,9.628625,103856.98892624857,
8,3970,9866.81684,DT,100,0.01,0,0.0,0,100.603,1.00603,994006.1429579635,
8,3971,9866.957717,LoR,1,0.05,0,0.0,7,151.679,151.679,6592.870469873878,
8,3972,9867.336446,RF,64,0.05,1,0.015625,28,3519.015,54.984609375,18186.907415853584,
8,3973,9870.920953,GB,16,0.05,1,0.0625,21,267.798,16.737375,59746.52536613418,
8,3974,9871.255785,AB,8,0.1,2,0.25,13,7891.189,986.398625,1013.788923316879,
8,3975,9879.190033,DT,1,0.05,0,0.0,4,86.114,86.114,11612.513644703531,7.0
8,3976,9879.476494,SGD,64,1.0,64,1.0,28,168.202,2.62815625,380494.881154802,
8,3977,9879.683787,SGD,1,1.0,1,1.0,15,147.514,147.514,6779.017584771615,
8,3978,9880.00769,GB,16,0.5,8,0.5,22,232.286,14.517875,68880.6040828978,
8,3979,9880.282035,MLP,1,0.5,0,0.0,23,177.231,177.231,5642.353764296314,
8,3980,9880.608353,SGD,1,0.05,0,0.0,14,145.024,145.024,6895.41041482789,
8,3981,9880.928308,RF,64,0.5,34,0.53125,22,4151.018,64.85965625,15417.904716385234,
8,3982,9885.149009,AB,32,0.1,3,0.09375,15,8093.101,252.90940625,3953.9850052532397,
8,3983,9893.294348,SGD,64,0.0,0,0.0,2,162.721,2.542515625,393311.25054541207,
8,3984,9893.521615,SGD,32,0.05,4,0.125,11,153.547,4.79834375,208405.24399695208,
8,3985,9893.713392,NB,1,1.0,1,1.0,17,107.981,107.981,9260.888489641697,
8,3986,9893.896687,MLP,64,0.05,2,0.03125,13,215.952,3.37425,296362.1545528636,
8,3987,9894.156356,NB,8,0.0,0,0.0,0,111.679,13.959875,71633.87924318806,
8,3988,9894.307873,RF,1,0.01,0,0.0,3,2944.595,2944.595,339.60527678679074,9.01
8,3989,9910.041105,DT,64,0.1,6,0.09375,20,101.089,1.579515625,633105.4813085499,
8,3990,9910.185497,RF,32,0.0,0,0.0,26,3119.539,97.48559375,10257.925930722455,
8,3991,9913.34933,SGD,16,1.0,16,1.0,9,167.511,10.4694375,95516.11535958832,
8,3992,9913.566849,DT,64,0.0,0,0.0,28,96.721,1.511265625,661697.0461430299,
8,3993,9913.705472,DT,8,0.01,0,0.0,22,87.445,10.930625,91486.07696266225,
8,3994,9913.835084,NB,32,1.0,32,1.0,3,121.475,3.79609375,263428.68903066474,
8,3995,9913.994504,MLP,8,1.0,8,1.0,14,179.955,22.494375,44455.55833402795,
8,3996,9914.220545,GB,32,0.01,0,0.0,12,252.732,7.897875,126616.33667283921,
8,3997,9914.533148,LoR,8,0.1,2,0.25,20,157.68,19.71,50735.667174023336,
8,3998,9914.758339,SGD,64,0.5,34,0.53125,22,160.662,2.51034375,398351.8193474499,
8,3999,9914.991359,MLP,100,0.5,49,0.49,7,228.736,2.28736,437185.2266368215,
8,4000,9915.327806,AB,100,0.05,2,0.02,4,8497.118,84.97118,11768.696162628317,
8,4001,9923.865599,MLP,1,1.0,1,1.0,23,165.349,165.349,6047.81401762333,
8,4002,9924.218226,NB,100,0.1,12,0.12,8,142.599,1.4259899999999999,701267.1898119904,
8,4003,9924.426711,NB,64,0.05,4,0.0625,20,127.184,1.98725,503207.95068562083,
8,4004,9924.622938,DT,100,0.5,50,0.5,18,113.245,1.13245,883041.193871694,
8,4005,9924.778015,LoR,32,1.0,32,1.0,14,160.398,5.0124375,199503.73446052943,
8,4006,9924.979117,AB,1,0.01,0,0.0,25,7782.985,7782.985,128.48540759104637,2.0
8,4007,9945.414084,DT,16,0.05,0,0.0,18,90.32,5.645,177147.9185119575,
8,4008,9945.554387,AB,64,0.01,0,0.0,18,8544.657,133.510265625,7490.060747903633,
8,4009,9954.164417,AB,32,0.01,0,0.0,26,8142.093,254.44040625,3930.193379024288,
8,4010,9962.360994,AB,8,0.0,0,0.0,10,7804.126,975.51575,1025.0987746738072,
8,4011,9970.211246,AB,16,0.0,0,0.0,14,8408.994,525.562125,1902.7246303184422,
8,4012,9978.717512,GB,100,0.1,14,0.14,18,317.709,3.17709,314753.4378944254,
8,4013,9979.094788,RF,100,0.0,0,0.0,8,4293.286,42.93286,23292.18225853111,
8,4014,9983.453784,LoR,8,0.0,0,0.0,25,213.65,26.70625,37444.41844137608,
8,4015,9983.714081,NB,1,0.1,0,0.0,21,114.386,114.386,8742.328606647667,
8,4016,9983.915671,GB,100,0.1,11,0.11,21,325.983,3.25983,306764.46317752765,
8,4017,9984.312015,DT,64,0.01,2,0.03125,25,108.531,1.695796875,589693.267361399,
8,4018,9984.478359,RF,8,0.05,1,0.125,18,3206.993,400.874125,2494.548631693303,
8,4019,9987.757216,NB,64,0.1,4,0.0625,12,138.434,2.16303125,462314.1713740844,
8,4020,9987.951648,SGD,8,0.05,1,0.125,11,164.057,20.507125,48763.53950151472,
8,4021,9988.155919,RF,8,0.05,0,0.0,12,2959.877,369.984625,2702.81501562396,
8,4022,9991.192842,DT,100,0.05,6,0.06,18,157.67,1.5766999999999998,634236.062662523,
8,4023,9991.395008,SGD,32,0.01,0,0.0,1,161.137,5.03553125,198588.7784928353,
8,4024,9991.607429,AB,64,0.0,0,0.0,26,8238.355,128.724296875,7768.541171143997,
8,4025,9999.898436,MLP,64,0.01,0,0.0,28,220.079,3.438734375,290804.66559735365,
8,4026,10000.160414,RF,1,0.05,0,0.0,8,2891.679,2891.679,345.8198506819049,7.0
8,4027,10015.719337,SGD,8,1.0,8,1.0,21,155.963,19.495375,51294.217218186364,
8,4028,10015.915561,GB,8,1.0,8,1.0,15,238.071,29.758875,33603.42082824031,
8,4029,10016.194851,DT,1,0.05,0,0.0,3,85.236,85.236,11732.13196302032,7.0
8,4030,10016.462462,SGD,1,0.01,0,0.0,16,152.15,152.15,6572.461386789352,
8,4031,10016.768075,RF,1,0.1,1,1.0,4,3014.441,3014.441,331.7364645717067,20.91
8,4032,10032.402382,DT,16,0.01,0,0.0,7,148.026,9.251625,108089.11947901043,
8,4033,10032.642642,MLP,64,1.0,64,1.0,28,247.0,3.859375,259109.3117408907,
8,4034,10032.960617,LoR,16,1.0,16,1.0,24,199.707,12.4816875,80117.37194990662,
8,4035,10033.250454,NB,32,0.01,0,0.0,0,178.319,5.57246875,179453.67571599214,
8,4036,10033.513065,GB,100,1.0,100,1.0,1,414.139,4.14139,241464.82219737818,
8,4037,10033.974934,NB,32,1.0,32,1.0,14,130.709,4.08465625,244818.64293965985,
8,4038,10034.153646,AB,32,0.01,0,0.0,11,8258.464,258.077,3874.812555942606,
8,4039,10042.49866,GB,64,0.01,1,0.015625,28,284.987,4.452921875,224571.64712776372,
8,4040,10042.828225,GB,8,0.01,0,0.0,22,220.727,27.590875,36243.866858155096,
8,4041,10043.1195,SGD,64,0.01,2,0.03125,11,224.999,3.515609375,284445.708647594,
8,4042,10043.402114,SGD,100,1.0,100,1.0,1,175.36,1.7536,570255.4744525547,
8,4043,10043.61861,RF,1,0.5,0,0.0,15,3028.675,3028.675,330.1773878015964,8.81
8,4044,10059.648008,NB,64,0.05,6,0.09375,19,138.912,2.1705,460723.33563695,
8,4045,10059.860293,DT,100,0.05,10,0.1,23,107.946,1.07946,926389.120486169,
8,4046,10060.009624,NB,16,0.1,0,0.0,7,114.428,7.15175,139825.91673366659,
8,4047,10060.165257,LoR,1,1.0,1,1.0,9,162.517,162.517,6153.2024342068835,
8,4048,10060.489184,MLP,8,0.01,0,0.0,12,189.092,23.6365,42307.44822626023,
8,4049,10060.724344,RF,32,0.01,0,0.0,19,3285.688,102.67775,9739.208348449396,
8,4050,10064.057501,SGD,32,1.0,32,1.0,29,177.074,5.5335625,180715.4071179281,
8,4051,10064.300014,MLP,32,0.1,2,0.0625,4,197.686,6.1776875,161872.86909543417,
8,4052,10064.561139,SGD,32,0.05,1,0.03125,17,156.338,4.8855625,204684.7215648147,
8,4053,10064.758079,MLP,8,0.01,0,0.0,4,169.655,21.206875,47154.51946597506,
8,4054,10064.96952,GB,16,1.0,16,1.0,10,241.696,15.106,66198.86137958427,
8,4055,10065.255773,DT,16,0.05,0,0.0,6,92.718,5.794875,172566.27623546668,
8,4056,10065.409905,AB,32,0.01,2,0.0625,9,8138.957,254.34240625,3931.707711442633,
8,4057,10073.627252,LoR,100,0.1,7,0.07,13,168.106,1.68106,594862.7651600776,
8,4058,10073.837421,DT,1,0.05,0,0.0,24,83.907,83.907,11917.956785488695,7.0
8,4059,10074.106674,DT,1,0.05,0,0.0,18,85.797,85.797,11655.419187151067,7.0
8,4060,10074.443364,RF,1,0.01,0,0.0,24,3314.215,3314.215,301.730575717025,14.3
8,4061,10090.706124,SGD,16,1.0,16,1.0,5,178.766,11.172875,89502.47809986239,
8,4062,10090.935414,RF,32,0.01,0,0.0,21,3219.062,100.5956875,9940.783992355537,
8,4063,10094.199811,GB,16,0.0,0,0.0,9,274.65,17.165625,58255.96213362462,
8,4064,10094.538462,NB,16,0.01,1,0.0625,11,126.221,7.8888125,126761.7908271999,
8,4065,10094.713644,NB,64,1.0,64,1.0,9,128.111,2.001734375,499566.781931294,
8,4066,10094.882743,GB,16,0.1,0,0.0,14,241.063,15.0664375,66372.69095630603,
8,4067,10095.185827,SGD,16,0.5,9,0.5625,23,200.772,12.54825,79692.38738469507,
8,4068,10095.449731,AB,32,0.05,1,0.03125,14,8213.237,256.66365625,3896.1495936376855,
8,4069,10103.735406,DT,64,0.01,3,0.046875,13,92.402,1.44378125,692625.7007424082,
8,4070,10103.889933,RF,32,0.05,2,0.0625,1,3292.974,102.9054375,9717.659477420713,
8,4071,10107.276763,LoR,32,0.1,2,0.0625,2,185.168,5.7865,172816.03732826406,
8,4072,10107.509232,AB,32,0.01,0,0.0,29,8109.745,253.42953125,3945.870061265798,
8,4073,10115.667319,NB,32,0.01,0,0.0,18,120.41,3.7628125,265758.6579187775,
8,4074,10115.855858,RF,64,0.1,7,0.109375,17,3587.57,56.05578125,17839.37316902527,
8,4075,10119.486324,DT,1,0.0,0,0.0,25,93.991,93.991,10639.316530306092,7.0
8,4076,10119.780133,NB,8,0.0,0,0.0,2,116.862,14.60775,68456.81230853486,
8,4077,10119.974625,NB,100,0.5,55,0.55,8,141.503,1.4150299999999998,706698.7979053449,
8,4078,10120.180806,LoR,64,0.05,2,0.03125,21,168.188,2.6279375,380526.55361856974,
8,4079,10120.420691,SGD,100,0.05,4,0.04,1,167.889,1.67889,595631.6375700611,
8,4080,10120.628418,RF,1,0.01,0,0.0,6,2942.85,2942.85,339.80665001614085,7.0
8,4081,10136.399388,LoR,8,0.05,0,0.0,6,159.448,19.931,50173.09718528925,
8,4082,10136.622637,NB,32,0.5,20,0.625,13,120.755,3.77359375,264999.3789077057,
8,4083,10136.782593,MLP,1,0.1,0,0.0,11,179.069,179.069,5584.439517727804,
8,4084,10137.140951,SGD,32,0.1,5,0.15625,23,155.797,4.86865625,205395.48258310495,
8,4085,10137.3399,NB,32,0.0,0,0.0,4,117.849,3.68278125,271533.9120399834,
8,4086,10137.522418,RF,64,0.1,6,0.09375,0,3596.855,56.200859375,17793.3222217743,
8,4087,10141.163503,MLP,1,0.05,0,0.0,12,183.595,183.595,5446.771426237098,
8,4088,10141.546397,RF,100,0.5,53,0.53,10,4502.714,45.02714,22208.827831392355,
8,4089,10146.130492,GB,100,0.05,6,0.06,5,318.913,3.18913,313565.14159033966,
8,4090,10146.51049,DT,100,0.01,0,0.0,29,103.957,1.0395699999999999,961936.185153477,
8,4091,10146.677351,NB,32,0.1,5,0.15625,24,125.234,3.9135625,255521.66344602904,
8,4092,10146.874515,RF,100,0.01,1,0.01,19,3658.217,36.58217,27335.721199699197,
8,4093,10150.574263,DT,1,1.0,1,1.0,9,93.542,93.542,10690.385067670137,15.0
8,4094,10150.887859,AB,32,0.5,14,0.4375,21,8194.498,256.0780625,3905.0592238841236,
8,4095,10159.146258,NB,16,0.5,9,0.5625,24,150.535,9.4084375,106287.57431826486,
8,4096,10159.3373,SGD,16,1.0,16,1.0,22,188.394,11.774625,84928.39474717878,
8,4097,10159.590666,SGD,16,0.1,1,0.0625,18,162.671,10.1669375,98358.0355441351,
8,4098,10159.797561,AB,16,0.01,0,0.0,22,8531.983,533.2489375,1875.2967510600993,
8,4099,10168.387455,DT,100,1.0,100,1.0,15,113.748,1.13748,879136.3364630586,
8,4100,10168.576705,NB,100,0.5,45,0.45,1,143.785,1.43785,695482.8389609486,
8,4101,10168.75729,NB,1,1.0,1,1.0,27,100.24,100.24,9976.057462090983,
8,4102,10168.926522,SGD,8,0.5,5,0.625,11,157.223,19.652875,50883.140507432116,
8,4103,10169.151126,AB,64,0.05,5,0.078125,24,8288.672,129.5105,7721.381664034962,
8,4104,10177.493677,GB,64,0.01,0,0.0,12,268.078,4.18871875,238736.48714180203,
8,4105,10177.837703,DT,100,0.1,6,0.06,26,103.237,1.03237,968644.9625618722,
8,4106,10177.978491,SGD,1,0.0,0,0.0,17,155.368,155.368,6436.331805777251,
8,4107,10178.296883,RF,1,0.5,0,0.0,23,2989.457,2989.457,334.5089091430317,7.0
8,4108,10194.122017,NB,32,0.5,19,0.59375,1,125.505,3.92203125,254969.92151707105,
8,4109,10194.314244,LoR,64,0.01,1,0.015625,25,168.638,2.63496875,379511.1422099408,
8,4110,10194.52266,AB,8,1.0,8,1.0,10,7930.3,991.2875,1008.7890748143197,
8,4111,10202.532407,MLP,100,0.05,4,0.04,26,237.62,2.3762,420839.99663328,
8,4112,10202.840389,RF,64,0.1,5,0.078125,28,3632.105,56.751640625,17620.6359672972,
8,4113,10206.546022,DT,64,0.5,34,0.53125,17,110.146,1.72103125,581046.9740163056,
8,4114,10206.704687,NB,64,0.0,0,0.0,23,136.036,2.1255625,470463.7007850863,
8,4115,10206.881013,NB,16,1.0,16,1.0,24,111.652,6.97825,143302.4038978254,
8,4116,10207.032639,DT,8,0.1,0,0.0,24,93.166,11.64575,85868.2351930962,
8,4117,10207.164935,GB,1,0.05,0,0.0,26,233.187,233.187,4288.40372748052,4.0
8,4118,10220.357326,SGD,32,0.01,1,0.03125,3,190.218,5.9443125,168228.03309886553,
8,4119,10220.590778,DT,16,1.0,16,1.0,10,97.87,6.116875,163482.17022580974,
8,4120,10220.731973,LoR,16,0.01,0,0.0,21,175.594,10.974625,91119.28653598642,
8,4121,10220.951684,MLP,32,0.0,0,0.0,29,206.296,6.44675,155116.91937798116,
8,4122,10221.199973,RF,16,1.0,16,1.0,27,3662.034,228.877125,4369.156594395355,
8,4123,10224.931602,AB,32,0.05,3,0.09375,4,8170.135,255.31671875,3916.7039467524096,
8,4124,10233.166942,LoR,16,0.1,1,0.0625,19,156.019,9.7511875,102551.61230362968,
8,4125,10233.38958,AB,32,0.1,6,0.1875,20,8071.463,252.23321875,3964.5848590274154,
8,4126,10241.523134,NB,16,0.5,10,0.625,1,116.879,7.3049375,136893.71058958408,
8,4127,10241.696094,SGD,64,0.01,0,0.0,21,161.033,2.516140625,397434.06630939,
8,4128,10241.907798,RF,64,0.01,0,0.0,24,3597.909,56.217328125,17788.109704831335,
8,4129,10245.550062,LoR,16,0.0,0,0.0,19,164.696,10.2935,97148.68606402099,
8,4130,10245.791537,MLP,100,0.1,15,0.15,20,261.17,2.6117000000000004,382892.3689550867,
8,4131,10246.093405,RF,1,0.5,1,1.0,13,2954.367,2954.367,338.48198277329794,13.47
8,4132,10261.683567,DT,32,1.0,32,1.0,19,98.673,3.08353125,324303.5075451238,
8,4133,10261.856171,NB,100,0.01,1,0.01,19,145.256,1.45256,688439.7202180977,
8,4134,10262.058019,RF,16,0.5,9,0.5625,18,3381.735,211.3584375,4731.299170396261,
8,4135,10265.517013,RF,100,0.5,52,0.52,12,4462.669,44.626689999999996,22408.114964385662,
8,4136,10270.024052,SGD,1,0.05,0,0.0,15,167.517,167.517,5969.5433896261275,
8,4137,10270.350171,MLP,1,0.05,0,0.0,18,170.562,170.562,5862.9706499689255,
8,4138,10270.664646,AB,1,0.5,0,0.0,23,7660.049,7660.049,130.54746777729488,2.0
8,4139,10290.935708,RF,32,1.0,32,1.0,2,3804.712,118.89725,8410.62345849042,
8,4140,10294.784733,DT,1,0.01,0,0.0,18,92.351,92.351,10828.253077930938,7.0
8,4141,10295.065848,DT,1,0.01,0,0.0,23,86.88,86.88,11510.128913443832,7.0
8,4142,10295.393622,GB,32,0.1,4,0.125,28,267.311,8.35346875,119710.74890296323,
8,4143,10295.729919,GB,64,0.05,4,0.0625,10,248.404,3.8813125,257644.80443149063,
8,4144,10296.039158,NB,16,0.05,3,0.1875,21,120.28,7.5175,133022.94645826405,
8,4145,10296.224709,MLP,64,0.01,1,0.015625,11,218.207,3.409484375,293299.48168482224,
8,4146,10296.484616,GB,8,0.05,0,0.0,14,214.288,26.786,37332.93511535877,
8,4147,10296.766617,DT,64,0.1,11,0.171875,17,100.032,1.563,639795.2655150353,
8,4148,10296.931362,AB,64,0.05,1,0.015625,3,8228.016,128.56275,7778.3028132176705,
8,4149,10305.225746,LoR,32,0.1,3,0.09375,18,157.379,4.91809375,203330.81287846537,
8,4150,10305.424446,GB,8,0.1,0,0.0,5,209.799,26.224875,38131.73561361112,
8,4151,10305.67494,NB,1,0.5,1,1.0,19,104.436,104.436,9575.242253629016,
8,4152,10305.826216,RF,1,0.5,1,1.0,28,2948.278,2948.278,339.1810405938653,15.71
8,4153,10321.498671,LoR,1,1.0,1,1.0,20,154.365,154.365,6478.1524309267,
8,4154,10321.810934,GB,64,1.0,64,1.0,1,255.827,3.997296875,250169.05955978064,
8,4155,10322.12721,MLP,8,0.1,2,0.25,12,184.331,23.041375,43400.18770581183,
8,4156,10322.386132,RF,100,0.5,47,0.47,24,4617.265,46.172650000000004,21657.84290050495,
8,4157,10327.051262,SGD,32,1.0,32,1.0,23,173.49,5.4215625,184448.67139316385,
8,4158,10327.274596,LoR,64,1.0,64,1.0,4,158.106,2.47040625,404791.72200928495,
8,4159,10327.499575,GB,64,0.5,29,0.453125,23,293.13,4.58015625,218333.16276054992,
8,4160,10327.833619,DT,8,0.0,0,0.0,5,91.039,11.379875,87874.42744318368,
8,4161,10327.990649,AB,64,0.1,5,0.078125,13,8478.7,132.4796875,7548.326984089541,
8,4162,10336.535893,AB,1,0.05,0,0.0,5,7742.471,7742.471,129.15773271866308,2.0
8,4163,10356.902247,GB,100,0.0,0,0.0,22,359.884,3.59884,277867.31280079135,
8,4164,10357.304668,DT,8,1.0,8,1.0,18,96.515,12.064375,82888.6701548982,
8,4165,10357.461651,AB,16,0.1,1,0.0625,8,7905.837,494.1148125,2023.821133676295,
8,4166,10365.412147,RF,8,0.01,0,0.0,24,3209.898,401.23725,2492.291032300715,
8,4167,10368.674147,AB,64,0.0,0,0.0,11,8135.332,127.1145625,7866.919260332584,
8,4168,10376.889549,NB,100,0.05,9,0.09,1,148.813,1.48813,671984.3024466949,
8,4169,10377.087215,DT,64,1.0,64,1.0,28,108.051,1.688296875,592312.8892837642,
8,4170,10377.262028,GB,64,0.1,5,0.078125,15,268.817,4.200265625,238080.1809409375,
8,4171,10377.59163,DT,16,0.1,1,0.0625,11,91.462,5.716375,174936.03901073668,
8,4172,10377.719784,NB,8,0.0,0,0.0,29,112.149,14.018625,71333.67216827613,
8,4173,10377.883373,SGD,100,1.0,100,1.0,20,190.149,1.90149,525903.3705147016,
8,4174,10378.115361,AB,8,0.05,0,0.0,3,7807.455,975.931875,1024.6616855300479,
8,4175,10385.988786,GB,32,0.05,1,0.03125,29,221.33,6.9165625,144580.4906700402,
8,4176,10386.251661,MLP,1,0.1,0,0.0,3,181.486,181.486,5510.066892212072,
8,4177,10386.586325,MLP,1,1.0,1,1.0,6,156.445,156.445,6392.02275560101,
8,4178,10386.885594,NB,1,0.5,1,1.0,17,101.541,101.541,9848.238642518785,
8,4179,10387.057372,MLP,32,0.01,1,0.03125,29,215.469,6.73340625,148513.24320435888,
8,4180,10387.358813,NB,100,0.01,0,0.0,18,138.29,1.3829,723118.0851833104,
8,4181,10387.535623,GB,8,1.0,8,1.0,1,213.062,26.63275,37547.75605222893,
8,4182,10387.789706,SGD,16,1.0,16,1.0,11,155.746,9.734125,102731.37030806569,
8,4183,10388.007159,LoR,32,0.05,3,0.09375,7,153.252,4.789125,208806.41035679795,
8,4184,10388.198053,RF,8,1.0,8,1.0,26,3297.463,412.182875,2426.1075863474434,
8,4185,10391.537967,MLP,8,0.0,0,0.0,12,185.234,23.15425,43188.61548095922,
8,4186,10391.775629,NB,64,0.05,0,0.0,18,190.56,2.9775,335852.22502099077,
8,4187,10392.084877,AB,32,0.5,14,0.4375,14,8450.625,264.08203125,3786.7021669994824,
8,4188,10400.60198,DT,1,0.5,0,0.0,3,82.782,82.782,12079.920755719842,7.0
8,4189,10400.896166,DT,1,0.1,0,0.0,10,85.77,85.77,11659.088259298123,7.0
8,4190,10401.163647,DT,1,0.1,0,0.0,12,101.32,101.32,9869.719699960522,7.0
8,4191,10401.470563,AB,8,0.01,0,0.0,23,8019.346,1002.41825,997.5875838254143,
8,4192,10409.538047,LoR,32,0.01,0,0.0,8,170.582,5.3306875,187593.063746468,
8,4193,10409.758489,NB,64,0.0,0,0.0,2,133.913,2.092390625,477922.23309163406,
8,4194,10409.933576,MLP,16,0.01,0,0.0,26,191.605,11.9753125,83505.12773675009,
8,4195,10410.192909,LoR,64,0.05,2,0.03125,20,154.532,2.4145625,414153.702792949,
8,4196,10410.389402,DT,32,1.0,32,1.0,29,103.416,3.23175,309429.8754544751,
8,4197,10410.55941,AB,64,0.1,6,0.09375,15,8137.947,127.155421875,7864.391350791545,
8,4198,10418.761398,RF,16,0.5,9,0.5625,9,3445.71,215.356875,4643.455195010607,
8,4199,10422.259156,RF,64,1.0,64,1.0,17,4456.5,69.6328125,14361.045663637384,
8,4200,10426.785123,SGD,8,0.05,1,0.125,2,171.023,21.377875,46777.33404278957,
8,4201,10426.99842,LoR,8,0.1,0,0.0,23,150.281,18.785125,53233.60903906681,
8,4202,10427.186346,GB,1,0.0,0,0.0,2,312.192,312.192,3203.1570315703157,4.0
8,4203,10440.057598,MLP,16,0.01,0,0.0,19,197.411,12.3381875,81049.18165654397,
8,4204,10440.316771,NB,8,0.1,1,0.125,9,116.189,14.523625,68853.33379235557,
8,4205,10440.480998,GB,64,1.0,64,1.0,26,268.946,4.20228125,237965.98573691372,
8,4206,10440.79103,DT,8,0.0,0,0.0,16,96.947,12.118375,82519.3146770916,
8,4207,10440.962926,AB,100,0.1,9,0.09,20,8884.458,88.84458000000001,11255.610640514029,
8,4208,10449.903197,SGD,16,0.0,0,0.0,21,171.632,10.727,93222.70905192505,
8,4209,10450.114839,NB,1,0.0,0,0.0,16,108.06,108.06,9254.118082546733,
8,4210,10450.282979,NB,64,1.0,64,1.0,20,126.017,1.969015625,507867.9860653721,
8,4211,10450.476123,SGD,64,0.01,1,0.015625,22,165.628,2.5879375,386408.0952495955,
8,4212,10450.683669,MLP,8,0.05,0,0.0,4,182.414,22.80175,43856.28296073766,
8,4213,10450.940023,SGD,100,0.5,54,0.54,18,168.441,1.68441,593679.686062182,
8,4214,10451.167708,LoR,16,0.1,2,0.125,8,189.973,11.8733125,84222.49477557336,
8,4215,10451.397194,SGD,1,0.01,0,0.0,22,144.607,144.607,6915.294556971654,
8,4216,10451.695435,NB,1,0.0,0,0.0,13,119.668,119.668,8356.452852893004,
8,4217,10451.904929,DT,64,0.1,11,0.171875,11,102.316,1.5986875,625513.1162281559,
8,4218,10452.06485,DT,16,0.1,2,0.125,20,88.276,5.51725,181249.71679731752,
8,4219,10452.188549,RF,1,1.0,1,1.0,13,3075.943,3075.943,325.10355360941344,20.05
8,4220,10468.292612,LoR,100,0.5,50,0.5,21,175.729,1.7572900000000002,569058.0382293189,
8,4221,10468.515636,LoR,32,0.01,0,0.0,7,155.161,4.84878125,206237.39212817655,
8,4222,10468.713649,AB,16,0.01,0,0.0,14,8006.12,500.3825,1998.4711695552903,
8,4223,10476.798718,DT,100,0.05,1,0.01,22,93.645,0.93645,1067862.6728602701,
8,4224,10476.960035,NB,64,0.5,40,0.625,28,131.543,2.055359375,486532.92079396086,
8,4225,10477.157711,RF,64,0.01,1,0.015625,18,3736.65,58.38515625,17127.64106887185,
8,4226,10480.958104,DT,32,0.0,0,0.0,10,154.647,4.83271875,206922.8630364637,
8,4227,10481.202061,NB,8,0.5,1,0.125,6,150.06,18.7575,53312.00852992136,
8,4228,10481.394891,RF,32,1.0,32,1.0,10,4415.26,137.976875,7247.591308326123,
8,4229,10485.890152,GB,8,0.0,0,0.0,26,328.534,41.06675,24350.599937905972,
8,4230,10486.270897,LoR,16,0.01,0,0.0,19,188.984,11.8115,84663.25191550607,
8,4231,10486.528408,AB,32,0.01,1,0.03125,3,8665.14,270.785625,3692.958221102025,
8,4232,10495.303657,MLP,100,1.0,100,1.0,7,294.982,2.9498200000000003,339003.7358211687,
8,4233,10495.651798,SGD,8,1.0,8,1.0,27,171.264,21.408,46711.50971599402,
8,4234,10495.894746,GB,32,0.1,5,0.15625,22,302.599,9.45621875,105750.51470758331,
8,4235,10496.244913,GB,8,0.01,0,0.0,25,242.909,30.363625,32934.144062179665,
8,4236,10496.533653,NB,16,0.01,0,0.0,22,130.883,8.1801875,122246.58664608849,
8,4237,10496.741252,GB,64,0.1,9,0.140625,20,261.604,4.0875625,244644.5773000413,
8,4238,10497.046059,RF,16,0.0,0,0.0,16,3174.069,198.3793125,5040.848198322091,
8,4239,10500.265396,AB,1,0.05,0,0.0,17,7842.197,7842.197,127.51528685137596,2.0
8,4240,10520.866521,MLP,1,0.05,0,0.0,15,190.323,190.323,5254.225711028094,
8,4241,10521.218774,SGD,8,1.0,8,1.0,6,155.803,19.475375,51346.8931920438,
8,4242,10521.416097,NB,1,0.01,0,0.0,20,104.741,104.741,9547.359677681137,
8,4243,10521.566335,GB,1,0.0,0,0.0,18,213.689,213.689,4679.69806588079,4.0
8,4244,10534.507745,NB,32,0.0,0,0.0,10,135.221,4.22565625,236649.63282330407,
8,4245,10534.682106,SGD,1,0.0,0,0.0,28,168.098,168.098,5948.910754440862,
8,4246,10535.013683,MLP,16,0.0,0,0.0,4,191.231,11.9519375,83668.44287798526,
8,4247,10535.281614,DT,64,0.0,0,0.0,13,111.869,1.747953125,572097.7214420438,
8,4248,10535.432956,SGD,8,0.0,0,0.0,28,151.837,18.979625,52688.07998050541,
8,4249,10535.660423,DT,100,0.05,9,0.09,1,102.333,1.02333,977201.8801364173,
8,4250,10535.807072,DT,32,0.05,0,0.0,26,87.857,2.74553125,364228.2345174545,
8,4251,10535.934333,MLP,8,0.01,0,0.0,29,177.596,22.1995,45046.059595936844,
8,4252,10536.152516,RF,16,1.0,16,1.0,18,3670.414,229.400875,4359.181280367828,
8,4253,10539.887017,DT,8,0.05,2,0.25,14,96.75,12.09375,82687.33850129199,
8,4254,10540.024887,DT,16,1.0,16,1.0,12,94.04,5.8775,170140.36580178645,
8,4255,10540.160627,GB,32,1.0,32,1.0,19,265.564,8.298875,120498.26030636682,
8,4256,10540.487054,DT,8,0.5,6,0.75,29,94.037,11.754625,85072.89683847847,
8,4257,10540.646698,RF,64,0.01,2,0.03125,6,3719.554,58.11803125,17206.363988800807,
8,4258,10544.410739,RF,1,0.5,0,0.0,8,2968.67,2968.67,336.8511825160762,9.05
8,4259,10560.631625,NB,1,0.0,0,0.0,5,124.159,124.159,8054.18858077143,
8,4260,10560.810232,SGD,1,0.1,1,1.0,14,175.353,175.353,5702.782387526874,
8,4261,10561.166052,SGD,16,0.05,1,0.0625,29,151.962,9.497625,105289.48026480305,
8,4262,10561.369487,LoR,64,1.0,64,1.0,16,157.421,2.459703125,406553.12823575,
8,4263,10561.567583,GB,1,0.05,0,0.0,17,243.926,243.926,4099.603978255701,4.0
8,4264,10574.31909,AB,100,0.05,5,0.05,24,8667.853,86.67853,11536.882316762873,
8,4265,10583.046962,NB,100,1.0,100,1.0,26,152.579,1.52579,655398.1871686142,
8,4266,10583.301154,DT,32,0.1,4,0.125,9,99.313,3.10353125,322213.60748341103,
8,4267,10583.454615,GB,100,1.0,100,1.0,27,344.054,3.44054,290652.04880629206,
8,4268,10583.856824,DT,16,0.05,0,0.0,23,137.288,8.5805,116543.3249810617,
8,4269,10584.068427,GB,8,0.0,0,0.0,4,256.161,32.020125,31230.35903201502,
8,4270,10584.368051,RF,8,0.05,0,0.0,9,3239.086,404.88575,2469.8325391792623,
8,4271,10587.657291,MLP,32,0.0,0,0.0,16,230.939,7.21684375,138564.72921420808,
8,4272,10587.940545,AB,64,1.0,64,1.0,11,8307.245,129.800703125,7704.118513418106,
8,4273,10596.292053,DT,16,1.0,16,1.0,19,87.081,5.4425625,183736.9805123965,
8,4274,10596.421642,AB,1,0.5,0,0.0,19,7756.866,7756.866,128.91804499394473,2.0
8,4275,10617.227539,DT,16,0.01,0,0.0,4,98.697,6.1685625,162112.32357619784,
8,4276,10617.369712,RF,16,0.1,0,0.0,2,3202.834,200.177125,4995.575793188158,
8,4277,10620.620509,SGD,16,0.05,0,0.0,19,187.637,11.7273125,85271.02863507731,
8,4278,10620.848663,MLP,1,1.0,1,1.0,29,179.388,179.388,5574.5088857671635,
8,4279,10621.18918,SGD,8,0.1,0,0.0,4,151.301,18.912625,52874.733147831146,
8,4280,10621.381866,LoR,1,0.01,0,0.0,7,146.301,146.301,6835.223272568199,
8,4281,10621.684731,DT,64,1.0,64,1.0,14,109.706,1.71415625,583377.3904800102,
8,4282,10621.834888,RF,1,0.1,0,0.0,22,3018.114,3018.114,331.33274621170705,8.96
8,4283,10637.788095,SGD,64,0.0,0,0.0,12,169.639,2.650609375,377271.7358626259,
8,4284,10638.010168,AB,64,0.01,0,0.0,0,8328.097,130.126515625,7684.828839049305,
8,4285,10646.406195,GB,32,0.5,19,0.59375,26,268.35,8.3859375,119247.25172349543,
8,4286,10646.72072,LoR,16,0.05,0,0.0,2,163.406,10.212875,97915.62121341933,
8,4287,10646.932436,RF,32,0.0,0,0.0,4,3285.974,102.6866875,9738.360680881833,
8,4288,10650.264431,LoR,8,0.1,0,0.0,29,164.424,20.553,48654.69761105435,
8,4289,10650.471135,NB,16,0.0,0,0.0,28,121.764,7.61025,131401.7279327223,
8,4290,10650.660482,AB,64,0.05,3,0.046875,8,8323.877,130.060578125,7688.724857419204,
8,4291,10659.028001,SGD,16,1.0,16,1.0,3,155.337,9.7085625,103001.86047110477,
8,4292,10659.22892,RF,8,1.0,8,1.0,23,3326.014,415.75175,2405.28151715537,
8,4293,10662.60514,RF,32,0.01,0,0.0,17,3265.293,102.04040625,9800.039383908274,
8,4294,10665.922971,RF,64,0.0,0,0.0,15,3425.414,53.52209375,18683.872956670344,
8,4295,10669.408212,LoR,100,1.0,100,1.0,9,189.46,1.8946,527815.8978148422,
8,4296,10669.642168,AB,8,0.01,0,0.0,17,8316.48,1039.56,961.945438454731,
8,4297,10678.044749,AB,64,0.5,29,0.453125,15,8268.8,129.2,7739.938080495357,
8,4298,10686.394654,RF,100,0.1,14,0.14,13,4156.036,41.56036,24061.389266118003,
8,4299,10690.627554,LoR,64,0.01,1,0.015625,4,191.421,2.990953125,334341.58216705587,
8,4300,10690.894668,RF,100,0.1,12,0.12,26,4114.099,41.14099,24306.658638987537,
8,4301,10695.089615,RF,100,0.1,14,0.14,6,4081.935,40.81935,24498.18529692413,
8,4302,10699.222184,NB,16,1.0,16,1.0,28,168.682,10.542625,94853.03707568087,
8,4303,10699.454579,GB,32,0.1,6,0.1875,11,285.868,8.933375,111939.77640029664,
8,4304,10699.792012,GB,64,1.0,64,1.0,24,273.171,4.268296875,234285.48418389948,
8,4305,10700.110623,DT,16,0.05,0,0.0,21,93.437,5.8398125,171238.37451972987,
8,4306,10700.260518,GB,100,0.01,0,0.0,15,268.046,2.68046,373070.29390477756,
8,4307,10700.57633,AB,32,0.1,0,0.0,6,8168.697,255.27178125,3917.3934349627607,
8,4308,10708.822596,RF,100,0.05,4,0.04,22,3889.165,38.89165,25712.460129616513,
8,4309,10712.753767,MLP,1,1.0,1,1.0,17,200.614,200.614,4984.696980270569,
8,4310,10713.134306,AB,100,0.01,0,0.0,17,8544.405,85.44405,11703.565081477293,
8,4311,10721.743482,GB,16,0.05,3,0.1875,3,225.096,14.0685,71080.78331023207,
8,4312,10722.027957,DT,8,0.5,4,0.5,13,91.38,11.4225,87546.50908295032,
8,4313,10722.177491,GB,16,0.05,1,0.0625,2,213.995,13.3746875,74768.1020584593,
8,4314,10722.431952,AB,1,0.01,0,0.0,13,7768.444,7768.444,128.72590701561342,2.0
8,4315,10742.920333,RF,64,1.0,64,1.0,18,4638.037,72.469328125,13798.941233112197,
8,4316,10747.601716,SGD,1,1.0,1,1.0,25,173.314,173.314,5769.874332137047,
8,4317,10747.960232,LoR,8,0.5,3,0.375,3,155.287,19.410875,51517.51273448518,
8,4318,10748.153951,DT,1,1.0,1,1.0,1,87.607,87.607,11414.612987546658,22.0
8,4319,10748.453613,MLP,32,0.05,2,0.0625,23,205.502,6.4219375,155716.24607059784,
8,4320,10748.700767,LoR,16,1.0,16,1.0,13,151.92,9.495,105318.58873091101,
8,4321,10748.896001,LoR,32,1.0,32,1.0,3,148.779,4.64934375,215084.1180542953,
8,4322,10749.11322,GB,64,0.1,5,0.078125,21,256.913,4.014265625,249111.5669506798,
8,4323,10749.434525,AB,32,0.05,3,0.09375,25,8147.892,254.621625,3927.3961903275103,
8,4324,10757.644784,MLP,8,0.1,2,0.25,20,181.592,22.699,44054.80417639543,
8,4325,10757.88731,MLP,16,0.5,10,0.625,26,174.074,10.879625,91914.9327297586,
8,4326,10758.109482,GB,64,1.0,64,1.0,29,263.414,4.11584375,242963.54787520785,
8,4327,10758.414024,AB,8,1.0,8,1.0,27,8281.926,1035.24075,965.9588844430632,
8,4328,10766.792789,LoR,100,0.5,56,0.56,9,184.778,1.84778,541189.9685027439,
8,4329,10767.027732,MLP,64,0.0,0,0.0,7,255.504,3.99225,250485.31529839063,
8,4330,10767.329229,MLP,16,0.01,0,0.0,8,174.925,10.9328125,91467.77190224381,
8,4331,10767.556012,RF,64,0.01,0,0.0,22,3424.934,53.51459375,18686.49147691605,
8,4332,10771.02706,GB,16,1.0,16,1.0,25,306.206,19.137875,52252.40524352886,
8,4333,10771.379941,DT,16,0.01,0,0.0,16,95.258,5.953625,167964.89533687462,
8,4334,10771.51374,NB,1,0.0,0,0.0,11,113.388,113.388,8819.27540833245,
8,4335,10771.676497,GB,8,1.0,8,1.0,6,221.371,27.671375,36138.428249409364,
8,4336,10771.944037,DT,16,0.0,0,0.0,13,88.467,5.5291875,180858.39917709428,
8,4337,10772.08002,LoR,64,1.0,64,1.0,10,168.065,2.626015625,380805.0456668551,
8,4338,10772.291905,AB,16,0.1,0,0.0,15,8041.084,502.56775,1989.7814772237177,
8,4339,10780.379236,LoR,32,1.0,32,1.0,21,154.265,4.82078125,207435.25751142515,
8,4340,10780.604014,MLP,64,0.05,5,0.078125,4,205.719,3.214359375,311103.98164486507,
8,4341,10780.885829,DT,100,0.1,10,0.1,15,101.294,1.01294,987225.3045590065,
8,4342,10781.047163,RF,32,0.05,2,0.0625,8,3414.553,106.70478125,9371.651282027253,
8,4343,10784.51534,NB,64,1.0,64,1.0,1,142.129,2.220765625,450295.154401987,
8,4344,10784.726914,MLP,64,0.1,5,0.078125,24,218.935,3.420859375,292324.20581451117,
8,4345,10784.995687,GB,64,1.0,64,1.0,5,270.502,4.22659375,236597.1416107829,
8,4346,10785.311683,RF,32,1.0,32,1.0,21,3893.184,121.662,8219.493350429879,
8,4347,10789.270829,DT,16,0.1,3,0.1875,17,99.912,6.2445,160140.92401313156,
8,4348,10789.411033,LoR,1,0.05,0,0.0,28,160.07,160.07,6247.266820765915,
8,4349,10789.760669,LoR,64,0.05,1,0.015625,6,161.639,2.525609375,395944.04815669486,
8,4350,10789.965856,SGD,32,0.0,0,0.0,19,154.683,4.83384375,206874.70504192446,
8,4351,10790.168659,MLP,64,1.0,64,1.0,2,203.867,3.185421875,313930.1603496397,
8,4352,10790.413988,DT,1,0.5,1,1.0,11,87.617,87.617,11413.310202357989,25.0
8,4353,10790.706922,RF,1,1.0,1,1.0,21,2990.146,2990.146,334.4318304189829,14.4
8,4354,10806.562924,MLP,1,0.01,0,0.0,0,173.687,173.687,5757.483288904754,
8,4355,10806.901132,RF,64,0.0,0,0.0,26,3398.669,53.104203125,18830.901155717136,
8,4356,10810.38017,MLP,100,0.5,54,0.54,25,241.919,2.41919,413361.49702999764,
8,4357,10810.66719,AB,16,0.1,0,0.0,17,8628.018,539.251125,1854.4235767704704,
8,4358,10819.35681,LoR,8,0.1,0,0.0,4,171.384,21.423,46678.8031554871,
8,4359,10819.595723,SGD,32,0.1,5,0.15625,0,158.253,4.94540625,202207.8570390451,
8,4360,10819.797279,AB,16,0.1,0,0.0,5,8062.691,503.9181875,1984.449112585364,
8,4361,10827.923981,AB,8,0.1,1,0.125,11,7903.785,987.973125,1012.1732815353656,
8,4362,10835.89004,DT,8,0.5,3,0.375,4,84.699,10.587375,94452.11867908713,
8,4363,10836.012314,SGD,1,0.0,0,0.0,26,149.961,149.961,6668.40045078387,
8,4364,10836.336163,GB,64,0.0,0,0.0,1,287.706,4.49540625,222449.3058886502,
8,4365,10836.689236,RF,32,0.5,17,0.53125,5,3788.408,118.38775,8446.819877901218,
8,4366,10840.520607,SGD,1,1.0,1,1.0,6,165.817,165.817,6030.744736667531,
8,4367,10840.851967,SGD,32,0.0,0,0.0,8,155.776,4.868,205423.17173377157,
8,4368,10841.052362,AB,16,0.1,0,0.0,14,8079.891,504.9931875,1980.2247332296934,
8,4369,10849.179619,NB,32,0.0,0,0.0,17,126.138,3.9418125,253690.40257495758,
8,4370,10849.383819,DT,100,0.01,2,0.02,18,99.694,0.99694,1003069.3923405621,
8,4371,10849.525861,NB,16,0.01,0,0.0,3,113.756,7.10975,140651.92165687963,
8,4372,10849.676129,LoR,1,1.0,1,1.0,22,153.986,153.986,6494.096865948853,
8,4373,10849.986908,AB,64,0.0,0,0.0,22,8357.649,130.588265625,7657.655879063598,
8,4374,10858.409533,NB,16,0.1,2,0.125,29,113.743,7.1089375,140667.99715147307,
8,4375,10858.562691,RF,8,0.0,0,0.0,15,3116.25,389.53125,2567.188126754914,
8,4376,10861.740171,DT,100,0.01,0,0.0,6,105.668,1.05668,946360.298292766,
8,4377,10861.886252,MLP,8,1.0,8,1.0,2,196.046,24.50575,40806.749436356775,
8,4378,10862.124981,SGD,16,0.0,0,0.0,6,154.883,9.6801875,103303.78414674301,
8,4379,10862.344178,GB,32,0.05,1,0.03125,13,257.827,8.05709375,124114.23163594193,
8,4380,10862.654399,SGD,64,0.05,0,0.0,10,166.277,2.598078125,384899.8959567469,
8,4381,10862.859516,GB,1,1.0,1,1.0,12,205.713,205.713,4861.141493245444,4.0
8,4382,10875.588866,LoR,100,1.0,100,1.0,11,172.603,1.7260300000000002,579364.2057206421,
8,4383,10875.810842,RF,64,1.0,64,1.0,0,4563.286,71.30134375,14024.98112106057,
8,4384,10880.422159,SGD,32,1.0,32,1.0,20,172.092,5.377875,185947.05157706342,
8,4385,10880.671347,LoR,100,0.5,48,0.48,7,168.646,1.6864599999999998,592958.0304306062,
8,4386,10880.914196,DT,100,0.01,2,0.02,21,104.39,1.0439,957946.1634256155,
8,4387,10881.065703,AB,64,0.0,0,0.0,25,8295.776,129.6215,7714.7695405469,
8,4388,10889.433122,LoR,64,0.1,4,0.0625,15,161.268,2.5198125,396854.92472158145,
8,4389,10889.654558,GB,8,0.05,1,0.125,3,223.214,27.90175,35840.04587525872,
8,4390,10889.935725,LoR,100,0.01,0,0.0,0,169.342,1.6934200000000001,590520.9575887847,
8,4391,10890.172859,SGD,64,0.01,2,0.03125,27,158.723,2.480046875,403218.1851401498,
8,4392,10890.370746,MLP,8,1.0,8,1.0,8,177.528,22.191,45063.31395610834,
8,4393,10890.611235,RF,32,0.5,19,0.59375,20,3643.176,113.84925,8783.54490697128,
8,4394,10894.296356,LoR,1,1.0,1,1.0,18,162.923,162.923,6137.868809192072,
8,4395,10894.623679,RF,16,0.0,0,0.0,21,3122.481,195.1550625,5124.130459080455,
8,4396,10897.804582,RF,100,0.0,0,0.0,26,3646.843,36.46843,27420.977541396765,
8,4397,10901.519503,GB,32,0.5,19,0.59375,27,282.847,8.83896875,113135.37000569214,
8,4398,10901.880655,NB,32,0.1,3,0.09375,15,131.522,4.1100625,243305.30253493713,
8,4399,10902.07934,GB,64,0.1,8,0.125,1,261.375,4.083984375,244858.91917742707,
8,4400,10902.404098,DT,32,0.05,3,0.09375,13,97.851,3.05784375,327027.82802424097,
8,4401,10902.557757,SGD,8,0.5,4,0.5,1,162.429,20.303625,49252.28869229017,
8,4402,10902.759986,SGD,16,1.0,16,1.0,10,154.492,9.65575,103565.23315123114,
8,4403,10902.956882,LoR,32,0.0,0,0.0,29,151.572,4.736625,211120.78748053728,
8,4404,10903.150998,NB,16,0.01,0,0.0,8,148.34,9.27125,107860.32088445463,
8,4405,10903.365575,NB,64,0.5,30,0.46875,17,125.533,1.961453125,509826.1015031904,
8,4406,10903.527311,RF,1,1.0,1,1.0,7,2951.467,2951.467,338.81456238541716,13.8
8,4407,10919.473315,LoR,32,0.05,1,0.03125,12,164.329,5.13528125,194731.30123106693,
8,4408,10919.707316,AB,64,0.1,9,0.140625,28,8288.282,129.50440625,7721.744988889133,
8,4409,10928.040719,MLP,1,0.1,0,0.0,0,179.558,179.558,5569.231111952684,
8,4410,10928.38137,DT,16,0.05,0,0.0,5,89.358,5.584875,179055.03704201078,
8,4411,10928.513816,NB,32,0.0,0,0.0,12,122.991,3.84346875,260181.63930694116,
8,4412,10928.677252,RF,16,0.0,0,0.0,29,3210.618,200.663625,4983.464242709659,
8,4413,10931.941088,SGD,64,1.0,64,1.0,27,178.421,2.787828125,358702.170708605,
8,4414,10932.163576,DT,8,0.05,0,0.0,27,89.591,11.198875,89294.6836177741,
8,4415,10932.300851,RF,64,1.0,64,1.0,16,4574.428,71.4754375,13990.820273048346,
8,4416,10936.926297,DT,32,0.01,0,0.0,11,99.616,3.113,321233.53678123996,
8,4417,10937.067178,SGD,1,0.05,0,0.0,11,160.07,160.07,6247.266820765915,
8,4418,10937.398773,AB,100,1.0,100,1.0,3,8405.118,84.05118,11897.512920104155,
8,4419,10945.870056,SGD,32,0.05,3,0.09375,6,155.639,4.86371875,205603.99385758067,
8,4420,10946.068634,AB,16,0.05,0,0.0,26,7811.214,488.200875,2048.3371726853215,
8,4421,10953.936381,GB,100,0.0,0,0.0,29,293.93,2.9393000000000002,340217.0584833124,
8,4422,10954.273059,LoR,1,0.05,0,0.0,17,155.746,155.746,6420.710644254105,
8,4423,10954.619604,LoR,100,0.05,4,0.04,6,162.263,1.62263,616283.4410802216,
8,4424,10954.819249,SGD,1,1.0,1,1.0,27,142.568,142.568,7014.19673419,
8,4425,10955.173737,RF,16,0.01,0,0.0,23,3543.837,221.4898125,4514.880340151085,
8,4426,10958.819981,LoR,16,0.1,1,0.0625,21,226.03,14.126875,70787.06366411538,
8,4427,10959.09046,GB,16,1.0,16,1.0,23,305.082,19.067625,52444.916448692486,
8,4428,10959.44824,NB,64,0.0,0,0.0,12,145.127,2.267609375,440993.0612498019,
8,4429,10959.635022,GB,8,0.05,0,0.0,20,260.476,32.5595,30713.00234954468,
8,4430,10959.939873,DT,16,0.01,0,0.0,12,94.646,5.915375,169050.9900048602,
8,4431,10960.116316,LoR,64,0.5,27,0.421875,9,179.05,2.79765625,357442.05529181793,
8,4432,10960.335515,GB,1,0.05,0,0.0,21,205.031,205.031,4877.311235861894,4.0
8,4433,10973.009998,RF,100,0.1,7,0.07,20,4613.059,46.130590000000005,21677.589642794508,
8,4434,10977.693518,DT,1,0.05,0,0.0,7,121.156,121.156,8253.821519363464,7.0
8,4435,10978.068408,NB,100,0.05,6,0.06,5,159.483,1.59483,627026.0780145846,
8,4436,10978.285781,AB,8,0.05,3,0.375,1,8184.702,1023.08775,977.4332651329272,
8,4437,10986.526816,LoR,1,0.05,0,0.0,27,175.849,175.849,5686.697109451859,
8,4438,10986.890539,DT,16,0.05,2,0.125,11,95.382,5.961375,167746.53498563668,
8,4439,10987.045227,NB,100,0.01,0,0.0,21,153.31,1.5331000000000001,652273.1720044354,
8,4440,10987.266555,GB,64,0.0,0,0.0,21,289.29,4.52015625,221231.29040063603,
8,4441,10987.596822,MLP,8,0.0,0,0.0,24,198.615,24.826875,40278.931601339274,
8,4442,10987.865662,SGD,64,0.05,5,0.078125,19,166.23,2.59734375,385008.7228538772,
8,4443,10988.099624,MLP,64,0.5,32,0.5,0,205.573,3.212078125,311324.9308031697,
8,4444,10988.34713,MLP,8,0.05,0,0.0,8,197.487,24.685875,40508.99552881962,
8,4445,10988.593386,MLP,64,1.0,64,1.0,5,197.415,3.084609375,324190.15778942837,
8,4446,10988.834391,LoR,32,1.0,32,1.0,28,151.557,4.73615625,211141.6826672473,
8,4447,10989.044492,DT,100,0.0,0,0.0,20,97.497,0.97497,1025672.584797481,
8,4448,10989.1843,SGD,32,0.0,0,0.0,2,153.811,4.80659375,208047.5388626301,
8,4449,10989.412568,GB,100,0.1,7,0.07,3,304.757,3.04757,328130.28084670735,
8,4450,10989.757888,DT,1,0.0,0,0.0,11,92.212,92.212,10844.575543313234,7.0
8,4451,10990.09269,AB,16,0.1,4,0.25,23,7987.687,499.2304375,2003.0829951148562,
8,4452,10998.12394,NB,8,0.01,0,0.0,19,109.565,13.695625,73016.01788892438,
8,4453,10998.270968,NB,1,1.0,1,1.0,20,98.274,98.274,10175.631397928242,
8,4454,10998.450341,NB,100,0.05,2,0.02,25,135.248,1.35248,739382.4677629245,
8,4455,10998.649162,RF,64,0.5,37,0.578125,18,4319.134,67.48646875,14817.78523194696,
8,4456,11003.033284,SGD,16,0.5,7,0.4375,17,167.757,10.4848125,95376.04988167409,
8,4457,11003.320165,DT,100,0.05,3,0.03,27,100.406,1.00406,995956.4169471944,
8,4458,11003.46175,RF,16,0.01,0,0.0,27,3079.052,192.44075,5196.404607651965,
8,4459,11006.608063,GB,32,0.01,1,0.03125,17,252.504,7.89075,126730.66565282135,
8,4460,11006.905827,GB,32,1.0,32,1.0,13,230.551,7.20471875,138797.92323607358,
8,4461,11007.180539,SGD,32,0.0,0,0.0,27,212.809,6.65028125,150369.58023391868,
8,4462,11007.461816,DT,64,0.1,6,0.09375,18,96.363,1.505671875,664155.3293276465,
8,4463,11007.596602,AB,1,0.5,1,1.0,24,7665.854,7665.854,130.44861016137276,2.0
8,4464,11027.721179,DT,100,0.05,6,0.06,25,99.036,0.99036,1009733.8341613151,
8,4465,11027.879662,RF,32,0.1,5,0.15625,18,3418.901,106.84065625,9359.732849825134,
8,4466,11031.342544,SGD,1,0.01,0,0.0,3,161.238,161.238,6202.011932670958,
8,4467,11031.700084,LoR,100,0.05,1,0.01,9,163.842,1.6384200000000002,610344.1120103514,
8,4468,11031.904379,LoR,1,0.01,0,0.0,26,140.124,140.124,7136.536210784734,
8,4469,11032.210464,DT,8,0.5,3,0.375,3,87.579,10.947375,91346.09895066169,
8,4470,11032.339429,AB,16,0.05,0,0.0,11,8388.211,524.2631875,1907.4389044338538,
8,4471,11040.79048,DT,16,0.0,0,0.0,4,87.624,5.4765,182598.37487446363,
8,4472,11040.938838,AB,8,0.5,6,0.75,9,7956.283,994.535375,1005.4946512083594,
8,4473,11048.937441,SGD,8,1.0,8,1.0,13,170.346,21.29325,46963.23952426238,
8,4474,11049.150976,SGD,8,0.01,0,0.0,15,149.221,18.652625,53611.75705832289,
8,4475,11049.378805,DT,100,0.5,52,0.52,16,111.349,1.11349,898077.21667909,
8,4476,11049.529753,DT,1,0.1,0,0.0,17,90.291,90.291,11075.300971303895,15.0
8,4477,11049.864061,AB,100,0.05,2,0.02,28,8589.973,85.89973,11641.480130379921,
8,4478,11058.498299,RF,8,0.05,0,0.0,14,3150.096,393.762,2539.6051421924917,
8,4479,11061.729817,SGD,100,0.01,5,0.05,5,182.453,1.82453,548086.356486328,
8,4480,11061.971558,GB,8,0.5,4,0.5,13,261.913,32.739125,30544.493782286485,
8,4481,11062.280842,DT,32,0.01,0,0.0,28,92.207,2.88146875,347045.2351773727,
8,4482,11062.441386,LoR,64,0.01,1,0.015625,0,167.908,2.6235625,381161.1120375444,
8,4483,11062.651838,GB,32,0.0,0,0.0,3,243.381,7.60565625,131481.09342964322,
8,4484,11062.952033,SGD,100,0.0,0,0.0,22,173.863,1.73863,575165.5038737396,
8,4485,11063.202507,AB,100,0.5,50,0.5,21,8613.459,86.13459,11609.73773718549,
8,4486,11071.888157,RF,64,0.1,8,0.125,21,3731.998,58.31246875,17148.990969448536,
8,4487,11075.700451,RF,100,0.5,58,0.58,7,5197.618,51.97618000000001,19239.5824394944,
8,4488,11080.988331,NB,100,1.0,100,1.0,29,192.7,1.9269999999999998,518941.3596263623,
8,4489,11081.225916,LoR,8,0.0,0,0.0,22,181.664,22.708,44037.34366742998,
8,4490,11081.478556,GB,64,0.5,30,0.46875,13,313.375,4.896484375,204228.1611487834,
8,4491,11081.862543,LoR,64,0.1,3,0.046875,3,170.25,2.66015625,375917.76798825257,
8,4492,11082.074007,AB,8,0.1,0,0.0,14,8017.903,1002.237875,997.7671219020733,
8,4493,11090.145006,MLP,32,0.01,0,0.0,21,205.567,6.42396875,155667.00880977977,
8,4494,11090.412313,DT,8,0.1,1,0.125,15,139.337,17.417125,57414.75702792511,
8,4495,11090.590637,RF,1,1.0,1,1.0,25,3065.698,3065.698,326.18999001206254,12.62
8,4496,11106.567521,AB,8,1.0,8,1.0,20,7986.116,998.2645,1001.7385171965947,
8,4497,11114.611801,SGD,100,0.0,0,0.0,10,173.875,1.73875,575125.8087706686,
8,4498,11114.836312,GB,64,1.0,64,1.0,28,276.828,4.3254375,231190.48651148006,
8,4499,11115.166917,AB,64,0.01,0,0.0,23,8361.873,130.654265625,7653.787614329948,
8,4500,11123.595281,AB,32,0.5,19,0.59375,8,8101.911,253.18471875,3949.685450753532,
8,4501,11131.754867,AB,100,0.0,0,0.0,4,8445.077,84.45076999999999,11841.218262426737,
8,4502,11140.266368,DT,32,0.5,18,0.5625,29,91.914,2.8723125,348151.5329547185,
8,4503,11140.4001,DT,16,0.1,0,0.0,29,82.859,5.1786875,193099.12019213365,
8,4504,11140.531368,AB,64,0.01,0,0.0,19,8522.233,133.159890625,7509.768859875106,
8,4505,11149.135204,GB,16,0.5,8,0.5,27,262.555,16.4096875,60939.61265258708,
8,4506,11149.447734,NB,32,0.01,0,0.0,24,131.451,4.10784375,243436.7178644514,
8,4507,11149.622337,LoR,1,1.0,1,1.0,23,171.755,171.755,5822.246805042066,
8,4508,11149.959445,DT,32,0.01,0,0.0,15,91.461,2.85815625,349875.9033905162,
8,4509,11150.091482,RF,1,0.1,0,0.0,18,3023.828,3023.828,330.70664072162833,8.96
8,4510,11166.445187,GB,32,0.01,1,0.03125,4,261.116,8.159875,122550.89691937684,
8,4511,11166.748558,SGD,1,0.01,0,0.0,10,165.865,165.865,6028.999487535043,
8,4512,11167.085808,GB,100,0.01,0,0.0,7,299.452,2.99452,333943.3364946636,
8,4513,11167.450849,NB,32,0.1,5,0.15625,14,127.521,3.98503125,250939.06101740105,
8,4514,11167.637204,SGD,32,0.5,18,0.5625,28,166.255,5.19546875,192475.41427325495,
8,4515,11167.862099,MLP,16,0.05,2,0.125,25,195.464,12.2165,81856.50554577826,
8,4516,11168.125152,NB,64,0.5,28,0.4375,6,129.672,2.026125,493552.96440249245,
8,4517,11168.314085,DT,100,0.01,0,0.0,22,101.345,1.01345,986728.5016527702,
8,4518,11168.452563,MLP,1,1.0,1,1.0,14,171.77,171.77,5821.738371077603,
8,4519,11168.773699,GB,1,0.05,0,0.0,11,204.441,204.441,4891.386757059494,4.0
8,4520,11181.655308,SGD,64,0.05,2,0.03125,11,194.602,3.04065625,328876.37331579323,
8,4521,11181.914557,SGD,32,0.1,3,0.09375,22,159.104,4.972,201126.30732099756,
8,4522,11182.147981,SGD,100,0.5,45,0.45,27,164.938,1.6493799999999998,606288.4235288412,
8,4523,11182.353238,LoR,1,0.1,0,0.0,9,148.367,148.367,6740.0432710778005,
8,4524,11182.657604,RF,8,0.0,0,0.0,1,3134.161,391.770125,2552.5172446469724,
8,4525,11185.866343,AB,64,0.5,33,0.515625,13,8450.308,132.0360625,7573.688438338578,
8,4526,11194.368853,LoR,32,0.0,0,0.0,25,168.817,5.27553125,189554.36952439623,
8,4527,11194.588167,SGD,1,0.01,0,0.0,9,196.649,196.649,5085.202569044338,
8,4528,11194.943213,NB,1,0.0,0,0.0,14,111.294,111.294,8985.210343774148,
8,4529,11195.103289,MLP,1,0.05,0,0.0,29,218.698,218.698,4572.515523690203,
8,4530,11195.5092,GB,100,0.1,11,0.11,26,344.814,3.4481400000000004,290011.4264502021,
8,4531,11195.896647,SGD,8,1.0,8,1.0,0,186.144,23.268,42977.47980058449,
8,4532,11196.159068,DT,100,0.1,13,0.13,10,107.638,1.0763800000000001,929039.9301361972,
8,4533,11196.328526,DT,32,0.1,1,0.03125,1,97.355,3.04234375,328693.9551127317,
8,4534,11196.481529,NB,8,0.1,1,0.125,3,114.089,14.261125,70120.69524669337,
8,4535,11196.632911,MLP,1,0.5,1,1.0,14,173.256,173.256,5771.805882624555,
8,4536,11196.989963,DT,64,0.05,4,0.0625,10,97.777,1.527765625,654550.6611984413,
8,4537,11197.125848,RF,8,1.0,8,1.0,21,3346.267,418.283375,2390.7237527668894,
8,4538,11200.532021,NB,100,1.0,100,1.0,5,154.098,1.5409800000000002,648937.6890031019,
8,4539,11200.754878,MLP,64,0.1,7,0.109375,16,219.733,3.433328125,291262.57776483276,
8,4540,11201.02924,SGD,100,0.0,0,0.0,25,169.276,1.69276,590751.1992249344,
8,4541,11201.240041,RF,16,0.0,0,0.0,4,3238.87,202.429375,4939.994504256114,
8,4542,11204.531776,SGD,64,0.0,0,0.0,25,174.971,2.733921875,365774.899840545,
8,4543,11204.751178,MLP,8,0.1,0,0.0,27,179.289,22.411125,44620.696194412376,
8,4544,11204.994781,RF,32,0.05,2,0.0625,15,3231.853,100.99540625,9901.440442990444,
8,4545,11208.289892,GB,8,0.1,2,0.25,12,262.713,32.839125,30451.481274242233,
8,4546,11208.595315,DT,1,0.5,0,0.0,26,93.67,93.67,10675.776662752214,7.0
8,4547,11208.9262,DT,64,0.5,38,0.59375,6,108.758,1.69934375,588462.457934129,
8,4548,11209.101435,MLP,64,0.1,8,0.125,18,216.287,3.379484375,295903.1287132375,
8,4549,11209.380544,LoR,32,0.05,1,0.03125,6,160.168,5.00525,199790.22026871785,
8,4550,11209.607667,NB,64,0.05,1,0.015625,28,131.873,2.060515625,485315.41710585187,
8,4551,11209.775597,MLP,1,1.0,1,1.0,11,167.373,167.373,5974.679309088085,
8,4552,11210.112588,RF,100,1.0,100,1.0,0,5222.864,52.22864,19146.583177352502,
8,4553,11215.38321,GB,8,0.01,0,0.0,13,257.97,32.24625,31011.357909834474,
8,4554,11215.703863,LoR,16,0.1,3,0.1875,29,163.994,10.249625,97564.5450443309,
8,4555,11215.908935,LoR,16,0.0,0,0.0,8,151.705,9.4815625,105467.8487854718,
8,4556,11216.10655,RF,32,0.05,0,0.0,11,3125.325,97.66640625,10238.935150744323,
8,4557,11219.333639,NB,16,0.1,2,0.125,23,125.943,7.8714375,127041.59818330515,
8,4558,11219.527247,RF,64,0.5,33,0.515625,5,4488.506,70.13290625,14258.641962381245,
8,4559,11224.084729,NB,1,0.1,0,0.0,15,142.955,142.955,6995.2082823266055,
8,4560,11224.312885,MLP,64,0.1,4,0.0625,20,246.089,3.845140625,260068.51179857695,
8,4561,11224.60092,LoR,8,0.0,0,0.0,7,157.894,19.73675,50666.903112214524,
8,4562,11224.814862,LoR,100,0.0,0,0.0,29,161.226,1.61226,620247.3546450324,
8,4563,11225.034745,AB,8,0.1,2,0.25,2,8167.826,1020.97825,979.4527944155519,
8,4564,11233.283124,SGD,100,0.05,6,0.06,27,172.229,1.72229,580622.3109929222,
8,4565,11233.497959,RF,1,0.1,0,0.0,9,2995.585,2995.585,333.8246118871606,9.7
8,4566,11249.477413,MLP,8,1.0,8,1.0,16,190.029,23.753625,42098.83754584827,
8,4567,11249.733456,DT,8,0.1,1,0.125,23,92.377,11.547125,86601.64326618098,
8,4568,11249.865907,RF,1,0.5,1,1.0,7,3049.623,3049.623,327.9093842091301,24.42
8,4569,11265.917015,AB,64,0.0,0,0.0,14,8257.565,129.024453125,7750.468812537351,
8,4570,11274.237567,AB,8,0.5,4,0.5,23,7897.756,987.2195,1012.9459557879478,
8,4571,11282.179932,AB,8,0.1,0,0.0,22,7865.29,983.16125,1017.1271497935868,
8,4572,11290.125961,SGD,100,0.05,1,0.01,0,172.904,1.72904,578355.6193031971,
8,4573,11290.339456,AB,8,1.0,8,1.0,22,7932.605,991.575625,1008.4959480523738,
8,4574,11298.330371,AB,100,1.0,100,1.0,16,8472.855,84.72855,11802.397184892225,
8,4575,11306.861378,LoR,100,0.0,0,0.0,10,169.433,1.69433,590203.7973712323,
8,4576,11307.107879,AB,100,0.5,60,0.6,12,8435.724,84.35724,11854.347060193055,
8,4577,11315.606707,SGD,8,0.5,6,0.75,21,155.823,19.477875,51340.30277943564,
8,4578,11315.802536,DT,8,1.0,8,1.0,12,89.756,11.2195,89130.53166362137,
8,4579,11315.953621,SGD,32,0.1,6,0.1875,9,155.909,4.87215625,205247.93308917384,
8,4580,11316.149389,DT,1,0.01,0,0.0,27,84.775,84.775,11795.930404010616,7.0
8,4581,11316.423545,MLP,32,0.0,0,0.0,22,199.948,6.248375,160041.6108188129,
8,4582,11316.693126,NB,64,0.5,37,0.578125,1,133.486,2.08571875,479451.0285722848,
8,4583,11316.863079,DT,1,1.0,1,1.0,26,88.079,88.079,11353.444067257804,30.0
8,4584,11317.160112,AB,32,0.05,5,0.15625,13,8045.523,251.42259375,3977.367288615047,
8,4585,11325.26818,NB,8,0.5,4,0.5,19,110.642,13.83025,72305.27286202347,
8,4586,11325.421358,LoR,32,0.0,0,0.0,19,155.658,4.8643125,205578.89732618947,
8,4587,11325.628104,MLP,32,0.05,0,0.0,14,187.473,5.85853125,170691.24620612033,
8,4588,11325.858712,RF,8,0.1,0,0.0,20,3089.293,386.161625,2589.5892684831124,
8,4589,11328.996094,NB,32,0.0,0,0.0,8,129.25,4.0390625,247582.20502901354,
8,4590,11329.176115,MLP,64,0.01,0,0.0,21,213.462,3.33534375,299819.1715621516,
8,4591,11329.470988,MLP,100,0.5,46,0.46,15,250.056,2.50056,399910.4200659052,
8,4592,11329.765152,GB,16,0.01,0,0.0,2,264.561,16.5350625,60477.54582119058,
8,4593,11330.073912,SGD,16,0.01,0,0.0,23,160.053,10.0033125,99966.88596902277,
8,4594,11330.294223,DT,8,0.1,1,0.125,4,90.799,11.349875,88106.6972103217,
8,4595,11330.441075,MLP,8,0.5,3,0.375,19,177.044,22.1305,45186.50730891756,
8,4596,11330.659207,SGD,16,0.0,0,0.0,2,150.366,9.397875,106407.03350491467,
8,4597,11330.875817,DT,32,0.1,3,0.09375,8,93.112,2.90975,343672.13678151043,
8,4598,11331.021215,DT,100,1.0,100,1.0,5,112.292,1.12292,890535.3898763937,
8,4599,11331.191249,MLP,16,0.1,1,0.0625,10,188.395,11.7746875,84927.943947557,
8,4600,11331.441796,MLP,32,0.1,7,0.21875,0,184.98,5.780625,172991.67477565142,
8,4601,11331.671238,LoR,32,0.01,0,0.0,9,151.726,4.7414375,210906.50251110556,
8,4602,11331.880841,GB,8,0.5,4,0.5,6,228.694,28.58675,34981.24130934786,
8,4603,11332.164005,MLP,100,1.0,100,1.0,1,230.817,2.30817,433243.65189739055,
8,4604,11332.454709,LoR,8,0.5,4,0.5,10,151.231,18.903875,52899.2071731325,
8,4605,11332.664164,LoR,16,0.5,8,0.5,8,148.393,9.2745625,107821.79752414198,
8,4606,11332.868174,SGD,8,0.5,5,0.625,9,147.26,18.4075,54325.68246638599,
8,4607,11333.07224,LoR,100,0.0,0,0.0,0,156.674,1.56674,638267.9959661462,
8,4608,11333.273833,LoR,32,0.01,0,0.0,22,145.132,4.535375,220488.93421161425,
8,4609,11333.45751,NB,8,1.0,8,1.0,3,107.775,13.471875,74228.71723498029,
8,4610,11333.604338,RF,1,0.5,1,1.0,0,3053.104,3053.104,327.5355179515667,21.6
8,4611,11350.131382,SGD,16,0.5,10,0.625,9,190.12,11.8825,84157.37428992215,
8,4612,11350.364317,GB,8,0.05,0,0.0,24,253.963,31.745375,31500.65166973142,
8,4613,11350.663476,RF,16,0.05,0,0.0,5,3211.497,200.7185625,4982.100247952902,
8,4614,11353.918301,DT,8,1.0,8,1.0,23,98.744,12.343,81017.58081503687,
8,4615,11354.066429,RF,64,1.0,64,1.0,4,4667.881,72.935640625,13710.71798959742,
8,4616,11358.808626,SGD,64,0.1,7,0.109375,28,184.893,2.888953125,346146.1493945147,
8,4617,11359.036038,RF,8,0.01,0,0.0,29,3041.331,380.166375,2630.427270165595,
8,4618,11362.118828,GB,1,0.0,0,0.0,17,247.744,247.744,4036.424696460863,4.0
8,4619,11374.754577,MLP,64,0.05,3,0.046875,26,229.889,3.592015625,278395.2255218823,
8,4620,11375.033592,MLP,64,0.0,0,0.0,29,222.896,3.48275,287129.4235876822,
8,4621,11375.329803,AB,16,0.5,3,0.1875,8,7881.225,492.5765625,2030.1412534218982,
8,4622,11383.291643,DT,16,0.0,0,0.0,17,94.51,5.906875,169294.2545762353,
8,4623,11383.427029,SGD,8,0.1,0,0.0,10,151.112,18.889,52940.86505373498,
8,4624,11383.618157,SGD,16,1.0,16,1.0,0,144.682,9.042625,110587.3571003995,
8,4625,11383.803356,NB,8,0.05,0,0.0,27,113.388,14.1735,70554.2032666596,
8,4626,11383.955293,GB,16,1.0,16,1.0,17,228.577,14.2860625,69998.29379158883,
8,4627,11384.23294,NB,64,1.0,64,1.0,14,127.797,1.996828125,500794.2283465183,
8,4628,11384.413542,AB,100,1.0,100,1.0,7,8370.519,83.70519,11946.6905218183,
8,4629,11392.826699,MLP,16,1.0,16,1.0,28,177.113,11.0695625,90337.80693681435,
8,4630,11393.073572,LoR,64,0.5,35,0.546875,19,156.976,2.45275,407705.63653042505,
8,4631,11393.271258,MLP,8,0.01,0,0.0,9,163.668,20.4585,48879.43886404184,
8,4632,11393.501882,AB,64,0.5,31,0.484375,19,8652.499,135.195296875,7396.707009154234,
8,4633,11402.223447,SGD,16,0.05,0,0.0,26,221.501,13.8438125,72234.43686484486,
8,4634,11402.488404,LoR,1,1.0,1,1.0,11,159.523,159.523,6268.6885276731255,
8,4635,11402.835749,NB,32,0.1,2,0.0625,29,122.098,3.8155625,262084.55502956643,
8,4636,11403.015481,DT,16,0.5,6,0.375,0,91.245,5.7028125,175352.0740862513,
8,4637,11403.145275,SGD,8,0.01,0,0.0,18,202.212,25.2765,39562.43942001464,
8,4638,11403.421439,AB,100,0.01,3,0.03,16,8400.471,84.00470999999999,11904.094425181636,
8,4639,11411.887214,LoR,32,0.05,1,0.03125,10,153.272,4.78975,208779.16383944883,
8,4640,11412.099216,AB,16,0.5,11,0.6875,12,7881.86,492.61625,2029.9776956200694,
8,4641,11420.020567,GB,1,0.0,0,0.0,28,240.146,240.146,4164.13348546301,4.0
8,4642,11432.597061,RF,8,0.1,2,0.25,22,3165.881,395.735125,2526.9427372664986,
8,4643,11435.827107,MLP,16,0.1,1,0.0625,15,204.364,12.77275,78291.67563758783,
8,4644,11436.072957,NB,1,0.5,0,0.0,3,105.515,105.515,9477.325498744254,
8,4645,11436.25814,AB,64,0.5,33,0.515625,25,8322.026,130.03165625,7690.434997439325,
8,4646,11444.645333,SGD,32,0.5,18,0.5625,26,155.655,4.86421875,205582.85952908677,
8,4647,11444.849488,NB,32,1.0,32,1.0,29,114.505,3.57828125,279463.778874285,
8,4648,11445.002328,LoR,16,0.0,0,0.0,4,148.363,9.2726875,107843.59981936197,
8,4649,11445.190587,SGD,1,0.5,0,0.0,16,140.491,140.491,7117.8936729043135,
8,4650,11445.501931,MLP,32,0.05,2,0.0625,8,185.199,5.78746875,172787.1100815879,
8,4651,11445.760276,MLP,100,0.05,5,0.05,9,215.396,2.1539599999999997,464261.1747664767,
8,4652,11446.048005,NB,100,0.01,1,0.01,23,137.508,1.37508,727230.4156849056,
8,4653,11446.240704,NB,16,0.5,8,0.5,7,107.747,6.7341875,148496.01381012928,
8,4654,11446.387653,DT,32,1.0,32,1.0,21,99.963,3.12384375,320118.443824215,
8,4655,11446.524603,GB,8,0.0,0,0.0,28,219.256,27.407,36487.02886123983,
8,4656,11446.784312,NB,16,1.0,16,1.0,16,111.419,6.9636875,143602.07864008832,
8,4657,11446.955521,RF,32,0.5,16,0.5,18,4395.908,137.372125,7279.497205128041,
8,4658,11451.425033,DT,32,1.0,32,1.0,16,139.231,4.35096875,229833.8732035251,
8,4659,11451.612437,MLP,8,0.01,0,0.0,21,215.922,26.99025,37050.41635405378,
8,4660,11451.909192,LoR,100,0.5,63,0.63,11,178.685,1.78685,559644.0663737863,
8,4661,11452.143615,NB,100,1.0,100,1.0,4,151.097,1.5109700000000001,661826.5087989834,
8,4662,11452.350737,AB,100,0.01,0,0.0,11,8547.425,85.47425,11699.429945275917,
8,4663,11460.944109,GB,32,1.0,32,1.0,7,263.148,8.223375,121604.57233191967,
8,4664,11461.248257,MLP,8,0.0,0,0.0,1,182.079,22.759875,43936.97241307345,
8,4665,11461.471333,AB,1,0.05,0,0.0,3,7638.795,7638.795,130.91069992060267,2.0
8,4666,11481.617287,NB,1,0.01,0,0.0,10,106.32,106.32,9405.568096313018,
8,4667,11481.779358,MLP,32,1.0,32,1.0,5,192.237,6.00740625,166461.19113386082,
8,4668,11482.031363,DT,8,0.5,2,0.25,14,89.776,11.222,89110.67545891998,
8,4669,11482.159214,MLP,1,0.1,0,0.0,27,162.542,162.542,6152.2560322870395,
8,4670,11482.497393,AB,32,0.01,1,0.03125,27,8863.53,276.9853125,3610.2997338532164,
8,4671,11491.436731,DT,32,1.0,32,1.0,15,103.404,3.231375,309465.7846891803,
8,4672,11491.586568,GB,8,1.0,8,1.0,4,265.392,33.174,30144.088744197263,
8,4673,11491.915524,MLP,100,0.0,0,0.0,14,278.403,2.78403,359191.5317004486,
8,4674,11492.250764,AB,64,0.01,0,0.0,5,8646.637,135.103703125,7401.721617317808,
8,4675,11500.969723,AB,1,0.5,0,0.0,25,7772.38,7772.38,128.66071911049124,2.0
8,4676,11521.281584,MLP,1,0.01,0,0.0,18,193.225,193.225,5175.3137533963,
8,4677,11521.658306,NB,16,0.1,2,0.125,17,119.102,7.443875,134338.63411193766,
8,4678,11521.84614,NB,64,0.05,1,0.015625,1,125.409,1.959515625,510330.19958695146,
8,4679,11522.025725,AB,8,0.05,1,0.125,21,8274.649,1034.331125,966.8083806334263,
8,4680,11530.376898,SGD,16,0.5,9,0.5625,26,173.564,10.84775,92185.0153257588,
8,4681,11530.638033,DT,100,0.0,0,0.0,15,110.591,1.10591,904232.713331103,
8,4682,11530.821639,SGD,100,0.1,13,0.13,18,166.698,1.6669800000000001,599887.2212024139,
8,4683,11531.028703,DT,16,1.0,16,1.0,24,90.424,5.6515,176944.1741130673,
8,4684,11531.168439,SGD,64,0.01,0,0.0,0,203.766,3.18384375,314085.7650442174,
8,4685,11531.445503,GB,100,0.05,4,0.04,18,303.568,3.0356799999999997,329415.48516312655,
8,4686,11531.846401,SGD,64,0.5,32,0.5,27,165.316,2.5830625,387137.3611749619,
8,4687,11532.060132,SGD,32,1.0,32,1.0,5,151.695,4.74046875,210949.60282145094,
8,4688,11532.270822,RF,16,0.01,1,0.0625,17,3182.418,198.901125,5027.623649690267,
8,4689,11535.52099,MLP,32,0.1,3,0.09375,27,215.274,6.7273125,148647.76981892844,
8,4690,11535.795116,GB,16,0.05,2,0.125,22,241.946,15.121625,66130.45886272144,
8,4691,11536.0806,GB,32,0.0,0,0.0,27,217.396,6.793625,147196.82054867616,
8,4692,11536.339067,GB,1,0.1,0,0.0,21,200.823,200.823,4979.509319151691,4.0
8,4693,11549.103848,AB,32,0.1,3,0.09375,12,8214.625,256.70703125,3895.4912731865425,
8,4694,11557.398102,DT,100,0.05,5,0.05,10,97.059,0.97059,1030301.1570281994,
8,4695,11557.538234,AB,16,0.05,0,0.0,25,7969.843,498.1151875,2007.5677776839518,
8,4696,11565.561675,LoR,64,0.01,0,0.0,3,163.958,2.56184375,390343.8685517023,
8,4697,11565.767261,GB,16,1.0,16,1.0,13,220.126,13.757875,72685.64367680329,
8,4698,11566.028277,SGD,8,1.0,8,1.0,18,157.764,19.7205,50708.65343170812,
8,4699,11566.261249,RF,100,0.05,1,0.01,14,3915.337,39.15337,25540.585650737088,
8,4700,11570.220901,GB,8,1.0,8,1.0,8,233.645,29.205625,34239.97945601233,
8,4701,11570.497434,GB,1,0.01,0,0.0,23,207.94,207.94,4809.0795421756275,4.0
8,4702,11583.330462,MLP,64,0.05,6,0.09375,8,285.827,4.466046875,223911.66684742869,
8,4703,11583.686145,LoR,8,0.01,0,0.0,2,186.727,23.340875,42843.29529205739,
8,4704,11583.951025,GB,100,0.1,14,0.14,13,313.895,3.13895,318577.8683954826,
8,4705,11584.314766,DT,32,1.0,32,1.0,5,143.669,4.48965625,222734.2015326897,
8,4706,11584.501137,RF,1,0.01,0,0.0,12,3157.048,3157.048,316.7515983285652,7.15
8,4707,11600.628843,DT,64,0.01,1,0.015625,7,101.889,1.592015625,628134.5385664792,
8,4708,11600.806764,LoR,100,0.5,59,0.59,18,195.459,1.95459,511616.24688553606,
8,4709,11601.045703,AB,32,1.0,32,1.0,3,8451.895,264.12171875,3786.133168952051,
8,4710,11609.592437,SGD,100,0.1,14,0.14,15,190.562,1.90562,524763.5940009026,
8,4711,11609.823245,NB,1,0.0,0,0.0,2,110.059,110.059,9086.035671776048,
8,4712,11609.984249,AB,1,0.1,0,0.0,11,7761.232,7761.232,128.84552349420812,2.0
8,4713,11630.444664,LoR,100,0.5,54,0.54,6,182.638,1.8263800000000001,547531.1819008093,
8,4714,11630.688128,LoR,16,0.1,2,0.125,14,153.256,9.5785,104400.48024220912,
8,4715,11630.903759,LoR,32,0.1,4,0.125,24,152.02,4.750625,210498.6186028154,
8,4716,11631.095365,MLP,1,0.1,1,1.0,25,214.864,214.864,4654.106783826048,
8,4717,11631.507647,AB,100,0.5,57,0.57,22,8456.108,84.56108,11825.771383241557,
8,4718,11640.025638,SGD,8,0.5,4,0.5,2,154.654,19.33175,51728.37430651648,
8,4719,11640.223126,NB,8,0.01,0,0.0,26,110.08,13.76,72674.41860465116,
8,4720,11640.386572,AB,100,0.0,0,0.0,16,8527.459,85.27459,11726.82272644172,
8,4721,11648.976852,NB,8,0.5,3,0.375,25,110.979,13.872375,72085.7099090819,
8,4722,11649.154282,SGD,64,0.1,10,0.15625,20,165.212,2.5814375,387381.061908336,
8,4723,11649.376182,RF,8,0.1,2,0.25,0,3231.929,403.991125,2475.30190174351,
8,4724,11652.67421,RF,16,0.05,1,0.0625,4,3178.434,198.652125,5033.925511745721,
8,4725,11655.897283,AB,1,0.1,0,0.0,0,7829.871,7829.871,127.7160249511135,2.0
8,4726,11676.726883,SGD,64,0.01,2,0.03125,1,183.21,2.86265625,349325.91015774244,
8,4727,11676.992255,LoR,100,0.1,9,0.09,9,169.551,1.6955099999999999,589793.041621695,
8,4728,11677.202545,DT,1,0.5,0,0.0,20,88.729,88.729,11270.272402483968,7.0
8,4729,11677.478038,RF,8,1.0,8,1.0,7,3294.296,411.787,2428.439945894358,
8,4730,11680.814112,SGD,1,0.0,0,0.0,19,164.34,164.34,6084.945843981988,
8,4731,11681.165971,AB,64,0.1,6,0.09375,25,8319.035,129.984921875,7693.199992547213,
8,4732,11689.552124,MLP,32,0.1,3,0.09375,29,204.776,6.39925,156268.3126928937,
8,4733,11689.814939,SGD,100,0.01,0,0.0,24,164.412,1.64412,608228.1098703258,
8,4734,11690.020498,RF,1,0.5,0,0.0,21,2984.376,2984.376,335.07842175382723,7.22
8,4735,11705.825451,NB,16,0.05,0,0.0,6,124.026,7.751625,129005.20858529664,
8,4736,11705.997485,DT,64,0.0,0,0.0,26,96.762,1.51190625,661416.6718339844,
8,4737,11706.134658,GB,1,0.05,0,0.0,2,247.329,247.329,4043.197522328558,4.0
8,4738,11718.838878,NB,32,0.0,0,0.0,21,123.079,3.84621875,259995.61257403783,
8,4739,11719.017343,GB,100,1.0,100,1.0,24,290.079,2.90079,344733.67599860724,
8,4740,11719.353523,AB,16,0.01,0,0.0,19,8036.632,502.2895,1990.8837433392496,
8,4741,11727.436449,RF,32,1.0,32,1.0,11,3839.553,119.98603125,8334.303498349938,
8,4742,11731.342358,AB,64,0.0,0,0.0,1,8258.375,129.037109375,7749.708629118924,
8,4743,11739.660126,RF,100,0.01,0,0.0,24,3696.095,36.96095,27055.581634130078,
8,4744,11743.437105,RF,100,0.01,1,0.01,9,3555.584,35.555839999999996,28124.775001799986,
8,4745,11747.064583,DT,64,0.5,33,0.515625,23,109.182,1.70596875,586177.2086974044,
8,4746,11747.252383,GB,64,0.0,0,0.0,13,267.417,4.178390625,239326.5947938987,
8,4747,11747.594391,LoR,100,0.5,48,0.48,5,185.523,1.85523,539016.7256889981,
8,4748,11747.820873,SGD,1,0.5,0,0.0,2,148.988,148.988,6711.94995570113,
8,4749,11748.126969,GB,16,1.0,16,1.0,2,223.465,13.9665625,71599.57935247131,
8,4750,11748.400116,NB,64,1.0,64,1.0,18,131.481,2.054390625,486762.34589028073,
8,4751,11748.57309,GB,16,0.01,0,0.0,8,214.417,13.4010625,74620.94889864144,
8,4752,11748.850288,NB,32,0.5,15,0.46875,0,119.118,3.7224375,268641.1793347773,
8,4753,11749.008669,MLP,8,0.1,0,0.0,4,187.966,23.49575,42560.88867135545,
8,4754,11749.23732,GB,1,0.01,0,0.0,14,201.725,201.725,4957.243772462511,4.0
8,4755,11761.857634,DT,16,0.5,7,0.4375,4,92.768,5.798,172473.26664367024,
8,4756,11761.989684,MLP,1,0.5,0,0.0,9,169.573,169.573,5897.165232672654,
8,4757,11762.31009,GB,1,0.05,0,0.0,27,200.715,200.715,4982.18867548514,4.0
8,4758,11775.427959,SGD,1,0.0,0,0.0,3,176.614,176.614,5662.065294936981,
8,4759,11775.785704,LoR,8,0.5,1,0.125,18,151.317,18.914625,52869.14226425319,
8,4760,11776.015486,LoR,100,0.1,9,0.09,11,159.471,1.59471,627073.260969079,
8,4761,11776.235802,AB,32,0.5,17,0.53125,28,7997.13,249.9103125,4001.435514991003,
8,4762,11784.299515,GB,32,0.1,5,0.15625,7,248.95,7.7796875,128539.86744326171,
8,4763,11784.611552,GB,32,0.05,2,0.0625,22,223.533,6.98540625,143155.59671278961,
8,4764,11784.910323,LoR,100,0.01,1,0.01,21,169.783,1.69783,588987.1188517108,
8,4765,11785.153312,MLP,100,0.1,6,0.06,7,232.9,2.329,429368.82782310003,
8,4766,11785.441577,SGD,1,0.5,1,1.0,25,159.632,159.632,6264.408138719054,
8,4767,11785.762273,SGD,64,1.0,64,1.0,7,153.126,2.39259375,417956.454161932,
8,4768,11785.988507,AB,100,0.01,1,0.01,8,8376.759,83.76759,11937.791214955569,
8,4769,11794.415754,NB,64,1.0,64,1.0,26,130.624,2.041,489955.9039686428,
8,4770,11794.619499,SGD,100,0.1,11,0.11,14,166.092,1.6609200000000002,602075.957902849,
8,4771,11794.852952,NB,64,0.01,1,0.015625,9,125.825,1.966015625,508642.95648718457,
8,4772,11795.033562,NB,8,0.5,6,0.75,17,105.87,13.23375,75564.37139888543,
8,4773,11795.202206,MLP,64,0.5,39,0.609375,29,217.042,3.39128125,294873.8032270252,
8,4774,11795.491886,RF,100,0.01,1,0.01,18,3922.017,39.220169999999996,25497.084790810444,
8,4775,11799.458828,AB,16,0.0,0,0.0,29,7977.833,498.6145625,2005.557148162916,
8,4776,11807.48224,MLP,16,0.05,0,0.0,5,178.517,11.1573125,89627.31840665035,
8,4777,11807.717647,GB,1,0.01,0,0.0,4,221.046,221.046,4523.945242166789,4.0
8,4778,11820.775973,NB,64,1.0,64,1.0,2,150.334,2.34896875,425718.732954621,
8,4779,11820.966701,DT,1,0.0,0,0.0,3,94.202,94.202,10615.485870788307,7.0
8,4780,11821.251492,MLP,1,0.1,0,0.0,14,194.864,194.864,5131.784218737171,
8,4781,11821.610402,LoR,1,0.01,0,0.0,21,151.561,151.561,6598.003444157797,
8,4782,11821.912951,LoR,32,0.01,0,0.0,11,150.523,4.70384375,212592.09556014696,
8,4783,11822.141042,GB,100,0.1,9,0.09,5,299.961,2.99961,333376.6723007324,
8,4784,11822.498227,LoR,100,0.0,0,0.0,7,173.222,1.73222,577293.8772211382,
8,4785,11822.727772,GB,100,1.0,100,1.0,8,280.459,2.80459,356558.3561233549,
8,4786,11823.072602,MLP,32,0.5,13,0.40625,16,251.434,7.8573125,127269.97939817209,
8,4787,11823.372879,SGD,1,0.01,0,0.0,23,151.058,151.058,6619.973784903812,
8,4788,11823.669962,GB,1,0.5,0,0.0,26,198.119,198.119,5047.471469167521,4.0
8,4789,11836.191645,DT,100,0.1,7,0.07,27,101.555,1.0155500000000002,984688.1000443109,
8,4790,11836.33472,SGD,32,0.0,0,0.0,14,157.167,4.91146875,203605.0824918717,
8,4791,11836.564736,NB,100,0.1,15,0.15,15,140.459,1.40459,711951.5303398145,
8,4792,11836.759319,MLP,8,0.01,2,0.25,16,174.973,21.871625,45721.339863864705,
8,4793,11837.005505,LoR,100,0.1,12,0.12,5,160.616,1.60616,622602.9785326492,
8,4794,11837.203964,MLP,8,0.0,0,0.0,4,163.223,20.402875,49012.70041599529,
8,4795,11837.412456,GB,32,0.01,0,0.0,2,223.557,6.98615625,143140.22821920138,
8,4796,11837.674968,NB,1,1.0,1,1.0,23,118.035,118.035,8472.063371034015,
8,4797,11837.853955,GB,64,1.0,64,1.0,9,258.86,4.0446875,247237.8892065209,
8,4798,11838.182503,RF,64,0.05,1,0.015625,29,3456.547,54.008546875,18515.58795526287,
8,4799,11841.698312,AB,100,1.0,100,1.0,25,8575.244,85.75244,11661.475755092215,
8,4800,11850.34127,AB,32,0.1,2,0.0625,2,8043.149,251.34840625,3978.5412405016987,
8,4801,11858.430302,DT,16,0.1,0,0.0,23,84.733,5.2958125,188828.43756269693,
8,4802,11858.555681,SGD,1,0.01,0,0.0,29,151.187,151.187,6614.325305747187,
8,4803,11858.891514,NB,100,0.05,4,0.04,3,142.506,1.42506,701724.8396558742,
8,4804,11859.073978,MLP,16,0.0,0,0.0,17,220.691,13.7931875,72499.55820581719,
8,4805,11859.370979,SGD,100,0.01,1,0.01,15,166.395,1.66395,600979.5967426905,
8,4806,11859.57759,SGD,16,0.0,0,0.0,24,147.403,9.2126875,108545.95903746871,
8,4807,11859.769495,NB,16,1.0,16,1.0,9,111.709,6.9818125,143229.28322695574,
8,4808,11859.917675,DT,1,1.0,1,1.0,5,88.403,88.403,11311.83330882436,42.0
8,4809,11860.214833,NB,8,0.1,1,0.125,12,112.703,14.087875,70983.02618386378,
8,4810,11860.368217,AB,8,0.01,0,0.0,28,7993.006,999.12575,1000.8750149818478,
8,4811,11868.418325,SGD,64,0.01,0,0.0,8,161.313,2.520515625,396744.21776298253,
8,4812,11868.621143,NB,1,0.5,1,1.0,20,100.786,100.786,9922.012977992976,
8,4813,11868.789815,AB,8,0.1,1,0.125,8,7922.536,990.317,1009.7776772488002,
8,4814,11876.791055,MLP,100,0.01,1,0.01,25,227.553,2.27553,439458.0603200134,
8,4815,11877.060766,GB,1,0.01,0,0.0,15,214.436,214.436,4663.396071555149,4.0
8,4816,11889.670295,SGD,100,0.5,58,0.58,15,175.57,1.7557,569573.3895312411,
8,4817,11889.905937,LoR,16,0.1,2,0.125,28,152.945,9.5590625,104612.76929615221,
8,4818,11890.102039,AB,32,1.0,32,1.0,17,8102.622,253.2069375,3949.338868331757,
8,4819,11898.247636,GB,1,0.1,0,0.0,7,201.88,201.88,4953.437685753914,4.0
8,4820,11910.884155,AB,100,0.05,1,0.01,20,8988.525,89.88525,11125.295863336865,
8,4821,11919.9341,AB,1,0.05,0,0.0,9,7730.69,7730.69,129.35455955419246,2.0
8,4822,11940.341884,NB,16,1.0,16,1.0,22,122.314,7.644625,130810.8638422421,
8,4823,11940.521727,SGD,100,1.0,100,1.0,23,188.052,1.88052,531767.8089039202,
8,4824,11940.785272,RF,100,0.1,8,0.08,21,3999.586,39.99586,25002.58776783397,
8,4825,11944.847259,MLP,100,0.01,0,0.0,10,256.92,2.5692000000000004,389226.21827806317,
8,4826,11945.164726,LoR,8,0.5,2,0.25,23,157.213,19.651625,50886.37708077577,
8,4827,11945.370215,NB,32,0.0,0,0.0,9,116.538,3.6418125,274588.5462252656,
8,4828,11945.544308,DT,16,0.05,1,0.0625,14,91.28,5.705,175284.83786152498,
8,4829,11945.672728,MLP,1,0.5,1,1.0,29,166.586,166.586,6002.905406216609,
8,4830,11945.993817,GB,16,0.0,0,0.0,13,253.01,15.813125,63238.60716967709,
8,4831,11946.290867,AB,32,1.0,32,1.0,4,7934.555,247.95484375,4032.992398439484,
8,4832,11954.269657,NB,8,0.01,0,0.0,13,109.117,13.639625,73315.79863815903,
8,4833,11954.437164,AB,8,0.1,1,0.125,18,8463.621,1057.952625,945.2219091568492,
8,4834,11962.988984,DT,8,0.5,5,0.625,22,93.64,11.705,85433.57539513029,
8,4835,11963.143272,MLP,100,1.0,100,1.0,16,286.241,2.8624099999999997,349355.96228353033,
8,4836,11963.485977,MLP,100,0.0,0,0.0,5,225.038,2.2503800000000003,444369.3953910006,
8,4837,11963.757178,MLP,8,0.0,0,0.0,16,169.669,21.208625,47150.62857681721,
8,4838,11963.988345,SGD,16,0.5,6,0.375,10,157.717,9.8573125,101447.5294356347,
8,4839,11964.185901,GB,8,1.0,8,1.0,19,268.076,33.5095,29842.28353153583,
8,4840,11964.496186,AB,16,0.0,0,0.0,11,7954.851,497.1781875,2011.3513125512975,
8,4841,11972.515381,MLP,16,0.01,1,0.0625,27,178.564,11.16025,89603.72751506463,
8,4842,11972.763012,LoR,64,0.1,7,0.109375,12,158.922,2.48315625,402713.28072891105,
8,4843,11972.964021,LoR,32,0.0,0,0.0,27,146.255,4.57046875,218795.93860038972,
8,4844,11973.176442,LoR,64,0.05,2,0.03125,17,149.752,2.339875,427373.2571184358,
8,4845,11973.366165,AB,16,0.0,0,0.0,15,8395.89,524.743125,1905.6943337752164,
8,4846,11981.837589,GB,8,0.05,1,0.125,9,284.434,35.55425,28126.03275276514,
8,4847,11982.182656,MLP,8,0.5,3,0.375,15,192.366,24.04575,41587.39070313881,
8,4848,11982.432551,AB,100,1.0,100,1.0,1,8950.086,89.50085999999999,11173.076996131658,
8,4849,11991.438104,MLP,16,1.0,16,1.0,1,199.71,12.481875,80116.16844424415,
8,4850,11991.697,GB,100,0.0,0,0.0,16,299.42,2.9942,333979.0261171598,
8,4851,11992.045078,SGD,32,0.01,0,0.0,5,168.961,5.28003125,189392.81846106498,
8,4852,11992.283733,RF,32,0.01,1,0.03125,2,3363.394,105.1060625,9514.199050126153,
8,4853,11995.709472,GB,100,0.01,0,0.0,4,295.866,2.95866,337990.84720785765,
8,4854,11996.048172,LoR,16,0.0,0,0.0,29,164.211,10.2631875,97435.61637161943,
8,4855,11996.253492,GB,16,1.0,16,1.0,29,218.038,13.627375,73381.70410662361,
8,4856,11996.513446,LoR,1,0.1,0,0.0,25,193.524,193.524,5167.317748703003,
8,4857,11996.897158,MLP,32,0.05,2,0.0625,0,189.907,5.93459375,168503.53067554117,
8,4858,11997.145281,DT,8,0.5,1,0.125,28,89.931,11.241375,88957.08932403733,
8,4859,11997.299287,AB,64,0.05,2,0.03125,9,8199.617,128.119015625,7805.24261072194,
8,4860,12005.540631,SGD,8,0.0,0,0.0,27,150.763,18.845375,53063.41741674018,
8,4861,12005.73477,DT,16,0.01,0,0.0,9,85.773,5.3608125,186538.8875287095,
8,4862,12005.873335,SGD,100,0.0,0,0.0,21,161.145,1.61145,620559.1237705172,
8,4863,12006.101507,SGD,64,0.5,32,0.5,21,152.648,2.385125,419265.2376709816,
8,4864,12006.292802,AB,8,0.0,0,0.0,19,7915.226,989.40325,1010.7102437757305,
8,4865,12014.251624,LoR,8,0.01,0,0.0,1,147.715,18.464375,54158.345462546116,
8,4866,12014.438311,DT,8,0.0,0,0.0,17,85.951,10.743875,93076.287652267,
8,4867,12014.596514,SGD,100,0.01,3,0.03,23,160.346,1.60346,623651.3539470894,
8,4868,12014.80172,LoR,32,0.01,0,0.0,21,145.227,4.53834375,220344.70174278886,
8,4869,12015.008217,SGD,32,0.5,20,0.625,13,146.597,4.58115625,218285.50379612134,
8,4870,12015.250519,DT,100,0.05,6,0.06,28,110.428,1.10428,905567.4285507299,
8,4871,12015.39801,GB,8,0.0,0,0.0,20,209.723,26.215375,38145.55389728356,
8,4872,12015.654605,RF,16,0.05,0,0.0,3,3150.482,196.905125,5078.587974792428,
8,4873,12018.84904,AB,1,0.05,0,0.0,19,7627.005,7627.005,131.11306469577508,2.0
8,4874,12039.390166,MLP,1,0.1,0,0.0,18,243.514,243.514,4106.540075724599,
8,4875,12039.866211,MLP,8,0.0,0,0.0,6,188.486,23.56075,42443.47060259117,
8,4876,12040.137541,RF,64,0.0,0,0.0,24,3593.21,56.14390625,17811.372004419445,
8,4877,12043.823354,DT,64,0.05,4,0.0625,19,120.566,1.88384375,530829.5871141118,
8,4878,12044.015391,RF,64,0.01,1,0.015625,21,3607.117,56.361203125,17742.701442731133,
8,4879,12047.704486,AB,100,0.1,12,0.12,27,8640.05,86.4005,11574.00709486635,
8,4880,12056.391807,DT,16,0.05,0,0.0,19,83.216,5.201,192270.71716977505,
8,4881,12056.538264,NB,32,0.05,1,0.03125,3,128.118,4.0036875,249769.74351769465,
8,4882,12056.719933,NB,100,1.0,100,1.0,27,138.071,1.3807099999999999,724265.052038444,
8,4883,12056.897123,DT,1,0.5,1,1.0,23,88.849,88.849,11255.05070400342,48.0
8,4884,12057.234368,RF,1,0.01,0,0.0,9,3016.522,3016.522,331.5076104202124,19.25
8,4885,12073.252762,AB,64,0.1,10,0.15625,22,8883.804,138.8094375,7204.121117485257,
8,4886,12082.205028,LoR,64,0.0,0,0.0,0,190.139,2.970921875,336595.85881907446,
8,4887,12082.453206,SGD,64,0.0,0,0.0,14,167.327,2.614484375,382484.596030527,
8,4888,12082.678568,LoR,100,0.0,0,0.0,13,163.111,1.6311099999999998,613079.4367026136,
8,4889,12082.913643,LoR,64,0.5,38,0.59375,29,156.954,2.45240625,407762.78400040773,
8,4890,12083.112313,SGD,16,0.0,0,0.0,27,169.304,10.5815,94504.55984501253,
8,4891,12083.345865,RF,64,1.0,64,1.0,22,4809.821,75.153453125,13306.108480960103,
8,4892,12088.202903,GB,1,0.01,0,0.0,6,269.923,269.923,3704.7602464406514,4.0
8,4893,12101.034952,DT,16,0.0,0,0.0,1,91.159,5.6974375,175517.50238594104,
8,4894,12101.166757,DT,16,1.0,16,1.0,2,92.326,5.770375,173298.96237246282,
8,4895,12101.29607,DT,1,0.0,0,0.0,16,82.885,82.885,12064.909211558183,7.0
8,4896,12101.578078,LoR,100,0.01,0,0.0,29,175.084,1.75084,571154.4173082635,
8,4897,12101.795238,NB,16,0.0,0,0.0,18,118.93,7.433125,134532.9185235012,
8,4898,12101.953941,LoR,1,0.1,0,0.0,15,149.636,149.636,6682.88379801652,
8,4899,12102.263128,AB,32,0.0,0,0.0,4,8136.479,254.26496875,3932.9051300937417,
8,4900,12110.444411,SGD,8,0.1,0,0.0,3,152.241,19.030125,52548.26229465124,
8,4901,12110.64421,RF,32,0.01,0,0.0,10,3241.199,101.28746875,9872.88963127534,
8,4902,12113.933176,NB,16,0.01,0,0.0,20,125.096,7.8185,127901.77143953444,
8,4903,12114.126847,DT,64,0.5,34,0.53125,12,108.265,1.691640625,591142.1050200895,
8,4904,12114.273302,GB,8,0.0,0,0.0,22,227.048,28.381,35234.840209999646,
8,4905,12114.575449,NB,100,0.1,14,0.14,19,148.254,1.48254,674518.0568483819,
8,4906,12114.788601,AB,64,0.5,29,0.453125,12,8300.597,129.696828125,7710.288790071365,
8,4907,12123.132407,GB,1,0.1,0,0.0,29,205.822,205.822,4858.56711138751,4.0
8,4908,12135.816927,AB,64,0.01,0,0.0,17,8298.099,129.657796875,7712.609839916347,
8,4909,12144.158258,GB,1,0.1,0,0.0,13,199.319,199.319,5017.083168187679,4.0
8,4910,12156.835475,LoR,16,0.01,0,0.0,23,162.778,10.173625,98293.3811694455,
8,4911,12157.062048,AB,32,0.5,13,0.40625,25,8774.559,274.20496875,3646.906927174346,
8,4912,12165.883076,MLP,32,1.0,32,1.0,28,209.169,6.53653125,152986.34118822578,
8,4913,12166.135021,LoR,16,1.0,16,1.0,29,148.349,9.2718125,107853.77724150484,
8,4914,12166.332119,DT,64,0.0,0,0.0,7,93.617,1.462765625,683636.5190082997,
8,4915,12166.48811,SGD,32,0.1,1,0.03125,1,156.056,4.87675,205054.59578612805,
8,4916,12166.6872,MLP,16,0.01,0,0.0,4,174.707,10.9191875,91581.90570498034,
8,4917,12166.906027,DT,1,0.1,0,0.0,3,84.915,84.915,11776.482364717658,7.0
8,4918,12167.177857,SGD,16,0.0,0,0.0,14,195.494,12.218375,81843.94405966424,
8,4919,12167.430119,GB,100,1.0,100,1.0,13,289.154,2.89154,345836.4746813117,
8,4920,12167.76194,DT,16,0.0,0,0.0,25,92.183,5.7614375,173567.7944957313,
8,4921,12167.891897,SGD,1,0.0,0,0.0,14,154.507,154.507,6472.198670610393,
8,4922,12168.202279,LoR,1,0.05,0,0.0,8,145.177,145.177,6888.143438698968,
8,4923,12168.496214,GB,32,1.0,32,1.0,5,233.641,7.30128125,136962.26261657843,
8,4924,12168.769743,MLP,1,0.0,0,0.0,16,170.236,170.236,5874.198171949529,
8,4925,12169.109359,MLP,100,1.0,100,1.0,25,218.922,2.18922,456783.6946492358,
8,4926,12169.368198,GB,1,0.0,0,0.0,10,204.704,204.704,4885.102391746131,4.0
8,4927,12182.084617,SGD,100,0.1,12,0.12,3,176.152,1.76152,567691.539125301,
8,4928,12182.329678,LoR,64,0.05,1,0.015625,0,159.248,2.48825,401888.877725309,
8,4929,12182.537336,DT,64,0.0,0,0.0,8,94.027,1.469171875,680655.5563827411,
8,4930,12182.670907,NB,16,1.0,16,1.0,8,115.012,7.18825,139115.91833895593,
8,4931,12182.858479,NB,100,0.01,2,0.02,2,141.113,1.41113,708651.9314308391,
8,4932,12183.054972,SGD,8,0.05,1,0.125,28,156.741,19.592625,51039.613119732545,
8,4933,12183.307019,RF,8,0.5,7,0.875,0,3332.007,416.500875,2400.9553401298376,
8,4934,12186.718013,DT,100,0.1,9,0.09,28,107.509,1.07509,930154.6847240697,
8,4935,12186.886886,MLP,32,0.1,4,0.125,28,198.878,6.2149375,160902.66394472995,
8,4936,12187.160046,NB,100,0.05,3,0.03,20,149.085,1.49085,670758.292249388,
8,4937,12187.379874,MLP,100,0.1,15,0.15,25,233.166,2.33166,428878.996080046,
8,4938,12187.674142,DT,32,0.05,2,0.0625,23,93.773,2.93040625,341249.6134281723,
8,4939,12187.813876,LoR,64,0.0,0,0.0,18,185.628,2.9004375,344775.5726506777,
8,4940,12188.07042,AB,16,0.1,2,0.125,2,8344.927,521.5579375,1917.3325302905587,
8,4941,12196.48867,RF,8,1.0,8,1.0,0,3388.74,423.5925,2360.7594563170974,
8,4942,12199.94931,MLP,16,0.1,3,0.1875,18,219.473,13.7170625,72901.90592920313,
8,4943,12200.213757,LoR,8,0.05,0,0.0,4,160.27,20.03375,49915.76714294627,
8,4944,12200.435025,MLP,100,0.01,0,0.0,27,228.564,2.28564,437514.2192121244,
8,4945,12200.741559,AB,100,0.05,2,0.02,8,8626.998,86.26997999999999,11591.517698276968,
8,4946,12209.44779,AB,100,0.5,51,0.51,11,8485.385,84.85385000000001,11784.969096864785,
8,4947,12217.999718,DT,32,0.5,16,0.5,26,93.831,2.93221875,341038.67591734073,
8,4948,12218.155075,AB,32,0.5,12,0.375,11,8346.934,260.8416875,3833.7430246842737,
8,4949,12226.556657,NB,16,0.0,0,0.0,9,125.508,7.84425,127481.91350352169,
8,4950,12226.75341,GB,64,0.5,34,0.53125,1,307.553,4.805515625,208094.21465568535,
8,4951,12227.143594,DT,100,0.5,50,0.5,29,149.345,1.49345,669590.5453814992,
8,4952,12227.333477,DT,1,0.1,0,0.0,28,87.302,87.302,11454.491306041098,7.0
8,4953,12227.633165,RF,8,0.01,0,0.0,9,3098.683,387.335375,2581.741985224045,
8,4954,12230.796489,LoR,16,0.5,8,0.5,21,180.569,11.2855625,88608.78666880805,
8,4955,12231.054893,DT,100,0.5,47,0.47,13,111.387,1.11387,897770.8350166536,
8,4956,12231.204994,AB,8,0.0,0,0.0,1,8038.158,1004.76975,995.2528925159221,
8,4957,12239.300536,DT,16,1.0,16,1.0,17,86.24,5.39,185528.75695732838,
8,4958,12239.430956,MLP,32,0.0,0,0.0,19,204.002,6.3750625,156861.20724306622,
8,4959,12239.712904,DT,100,0.1,5,0.05,22,99.853,0.9985299999999999,1001472.1640811994,
8,4960,12239.873185,GB,32,0.5,16,0.5,2,261.099,8.15934375,122558.87613510585,
8,4961,12240.173745,GB,1,1.0,1,1.0,5,206.669,206.669,4838.655047443012,4.0
8,4962,12252.857616,NB,16,0.0,0,0.0,13,120.697,7.5435625,132563.3611440218,
8,4963,12253.01575,AB,1,1.0,1,1.0,8,7810.12,7810.12,128.03900580272776,2.0
8,4964,12273.461765,NB,32,0.5,17,0.53125,4,125.585,3.92453125,254807.50089580764,
8,4965,12273.644322,RF,8,0.5,3,0.375,12,3174.476,396.8095,2520.100955244267,
8,4966,12276.898778,DT,100,0.5,56,0.56,14,122.725,1.22725,814829.9042574863,
8,4967,12277.063382,SGD,8,0.01,0,0.0,27,168.62,21.0775,47443.95682599929,
8,4968,12277.291919,AB,16,0.5,9,0.5625,22,7964.562,497.785125,2008.8989199908294,
8,4969,12285.335337,DT,100,0.5,53,0.53,2,107.378,1.07378,931289.4633910112,
8,4970,12285.481487,RF,1,0.0,0,0.0,27,2994.27,2994.27,333.9712183604017,7.48
8,4971,12301.271454,AB,8,0.5,6,0.75,19,7969.908,996.2385,1003.7757023042172,
8,4972,12309.308516,GB,32,0.1,4,0.125,6,238.644,7.457625,134090.94718492817,
8,4973,12309.60306,DT,100,0.0,0,0.0,14,98.063,0.98063,1019752.608017295,
8,4974,12309.755859,LoR,100,1.0,100,1.0,27,175.61,1.7561000000000002,569443.6535504812,
8,4975,12309.999155,SGD,64,0.5,33,0.515625,12,163.49,2.55453125,391461.25145268824,
8,4976,12310.228673,LoR,64,0.1,13,0.203125,19,156.767,2.449484375,408249.1850963532,
8,4977,12310.423891,DT,8,1.0,8,1.0,29,89.264,11.158,89621.79602079226,
8,4978,12310.550951,LoR,8,0.0,0,0.0,18,147.592,18.449,54203.47986340723,
8,4979,12310.756266,LoR,8,0.1,1,0.125,1,145.184,18.148,55102.49063257659,
8,4980,12310.966726,LoR,64,0.1,7,0.109375,22,151.195,2.362421875,423294.42111180926,
8,4981,12311.159719,AB,16,0.01,0,0.0,17,8001.591,500.0994375,1999.6023290868027,
8,4982,12319.204214,GB,1,0.5,0,0.0,28,250.106,250.106,3998.3047187992292,4.0
8,4983,12331.900462,GB,8,0.0,0,0.0,23,213.282,26.66025,37509.02560928723,
8,4984,12332.178161,SGD,32,0.5,17,0.53125,29,164.143,5.12946875,194951.96261796117,
8,4985,12332.383506,GB,1,0.5,1,1.0,0,203.295,203.295,4918.960131828132,4.0
8,4986,12345.559885,DT,100,0.1,6,0.06,7,124.135,1.24135,805574.5760663793,
8,4987,12345.753064,SGD,64,0.05,7,0.109375,7,198.457,3.100890625,322487.9948805031,
8,4988,12346.007599,RF,100,1.0,100,1.0,20,5444.172,54.44172,18368.266101805748,
8,4989,12351.500246,RF,8,0.1,0,0.0,25,3018.109,377.263625,2650.66636095648,
8,4990,12354.586167,SGD,32,0.05,1,0.03125,27,178.329,5.57278125,179443.61264853165,
8,4991,12354.840238,LoR,100,0.01,1,0.01,25,168.844,1.68844,592262.6803439861,
8,4992,12355.063174,AB,100,0.0,0,0.0,1,8565.172,85.65172000000001,11675.188776127321,
8,4993,12363.699234,RF,64,0.05,4,0.0625,12,3431.939,53.624046875,18648.350101793767,
8,4994,12367.175612,AB,16,0.0,0,0.0,0,7851.894,490.743375,2037.7249107030736,
8,4995,12375.09269,NB,32,0.05,5,0.15625,0,127.446,3.9826875,251086.7347739435,
8,4996,12375.295317,RF,8,0.01,0,0.0,14,3007.299,375.912375,2660.194413658236,
8,4997,12378.34617,DT,16,0.0,0,0.0,16,93.503,5.8439375,171117.5042512005,
8,4998,12378.487575,GB,64,0.0,0,0.0,15,283.919,4.436234375,225416.40397437298,
8,4999,12378.815941,NB,16,0.1,0,0.0,21,117.085,7.3178125,136652.85903403512,
8,5000,12378.971403,AB,8,1.0,8,1.0,7,7863.205,982.900625,1017.3968502665261,
8,5001,12386.905585,AB,64,0.5,29,0.453125,28,8234.773,128.668328125,7771.920367446681,
8,5002,12395.185258,MLP,32,1.0,32,1.0,24,255.254,7.9766875,125365.32238476185,
8,5003,12395.505408,SGD,32,0.5,18,0.5625,22,153.88,4.80875,207954.2500649857,
8,5004,12395.726523,AB,64,0.05,3,0.046875,0,8756.71,136.82359375,7308.681000055958,
8,5005,12404.581571,SGD,64,0.01,1,0.015625,16,188.605,2.946953125,339333.52774316695,
8,5006,12404.843484,NB,64,0.1,11,0.171875,23,135.228,2.1129375,473274.7655810926,
8,5007,12405.023445,DT,1,0.05,0,0.0,11,89.136,89.136,11218.81170346437,17.0
8,5008,12405.336782,LoR,1,0.5,1,1.0,1,157.837,157.837,6335.650069375369,
8,5009,12405.66549,NB,100,0.0,0,0.0,17,139.428,1.39428,717216.0541641564,
8,5010,12405.844166,DT,1,0.01,0,0.0,29,85.794,85.794,11655.826747791221,7.0
8,5011,12406.115093,DT,8,0.0,0,0.0,12,86.263,10.782875,92739.64503900861,
8,5012,12406.240013,LoR,1,0.05,0,0.0,25,147.395,147.395,6784.490654364123,
8,5013,12406.532199,LoR,1,0.05,0,0.0,11,138.46,138.46,7222.3024700274445,
8,5014,12406.850583,MLP,100,0.1,9,0.09,16,233.285,2.33285,428660.2224746555,
8,5015,12407.143006,MLP,16,0.05,3,0.1875,7,221.003,13.8126875,72397.20727772926,
8,5016,12407.411937,AB,64,1.0,64,1.0,4,8182.995,127.859296875,7821.097287729004,
8,5017,12415.645721,SGD,64,0.0,0,0.0,9,188.594,2.94678125,339353.3198298992,
8,5018,12415.875505,NB,16,1.0,16,1.0,3,109.263,6.8289375,146435.6644060661,
8,5019,12416.021428,NB,1,1.0,1,1.0,25,96.167,96.167,10398.577474601474,
8,5020,12416.163921,DT,1,0.01,0,0.0,5,82.925,82.925,12059.089538739825,7.0
8,5021,12416.466985,LoR,64,0.1,0,0.0,29,159.524,2.4925625,401193.5508136707,
8,5022,12416.666003,SGD,8,1.0,8,1.0,20,146.297,18.287125,54683.281270292624,
8,5023,12416.854231,AB,16,0.01,0,0.0,1,7865.658,491.603625,2034.159125657383,
8,5024,12424.790706,DT,64,0.5,36,0.5625,28,98.37,1.53703125,650604.8592050421,
8,5025,12424.928783,SGD,1,0.01,0,0.0,20,146.254,146.254,6837.419831252479,
8,5026,12425.222616,AB,8,0.0,0,0.0,13,7886.814,985.85175,1014.3512957196657,
8,5027,12433.180216,RF,64,0.5,27,0.421875,7,4108.473,64.194890625,15577.563732316119,
8,5028,12437.333176,LoR,1,0.5,1,1.0,7,159.944,159.944,6252.188265893063,
8,5029,12437.660675,DT,8,0.5,2,0.25,5,89.755,11.219375,89131.52470614451,
8,5030,12437.841267,SGD,100,0.5,45,0.45,19,170.944,1.7094399999999998,584986.896293523,
8,5031,12438.052398,RF,16,0.0,0,0.0,3,3185.88,199.1175,5022.160282245408,
8,5032,12441.282829,MLP,16,1.0,16,1.0,19,197.839,12.3649375,80873.84186131148,
8,5033,12441.544836,SGD,16,0.01,1,0.0625,10,157.378,9.836125,101666.05243426654,
8,5034,12441.763306,GB,16,0.05,1,0.0625,18,262.012,16.37575,61065.90537837962,
8,5035,12442.064167,GB,1,1.0,1,1.0,1,206.826,206.826,4834.982062216549,4.0
8,5036,12455.352913,LoR,16,0.0,0,0.0,10,182.455,11.4034375,87692.85577265627,
8,5037,12455.622156,NB,100,0.1,3,0.03,17,153.827,1.53827,650080.935076417,
8,5038,12455.818874,NB,32,0.0,0,0.0,0,115.696,3.6155,276586.91743880516,
8,5039,12455.983226,AB,64,0.01,0,0.0,11,8354.398,130.53746875,7660.63575137311,
8,5040,12464.389456,RF,64,0.0,0,0.0,14,3583.55,55.99296875,17859.385246473466,
8,5041,12468.021451,NB,16,0.05,0,0.0,12,125.546,7.846625,127443.3275452822,
8,5042,12468.187807,NB,1,0.01,0,0.0,22,104.397,104.397,9578.819314731265,
8,5043,12468.369472,RF,64,0.05,2,0.03125,25,3519.506,54.99228125,18184.370192862294,
8,5044,12471.935109,GB,8,0.05,0,0.0,5,264.401,33.050125,30257.07164496352,
8,5045,12472.241094,LoR,8,0.0,0,0.0,17,169.871,21.233875,47094.559989639194,
8,5046,12472.462331,AB,64,0.01,0,0.0,6,8294.454,129.60084375,7715.999148346595,
8,5047,12480.802901,NB,16,0.01,0,0.0,19,114.462,7.153875,139784.38258985514,
8,5048,12480.985477,MLP,64,0.05,3,0.046875,24,225.951,3.530484375,283247.2527229355,
8,5049,12481.267731,GB,100,1.0,100,1.0,6,295.374,2.9537400000000003,338553.83344505605,
8,5050,12481.608425,AB,16,0.01,0,0.0,6,8372.974,523.310875,1910.9100302950899,
8,5051,12490.045608,RF,1,1.0,1,1.0,23,3330.13,3330.13,300.2885773228072,14.29
8,5052,12506.907579,MLP,8,1.0,8,1.0,27,227.211,28.401375,35209.562917288335,
8,5053,12507.190546,RF,64,1.0,64,1.0,23,4760.077,74.376203125,13445.160656014597,
8,5054,12512.021565,NB,8,0.5,4,0.5,9,134.277,16.784625,59578.33433871773,
8,5055,12512.226011,MLP,64,0.1,5,0.078125,22,237.255,3.707109375,269751.95464795263,
8,5056,12512.523937,LoR,8,0.05,2,0.25,1,160.615,20.076875,49808.548392117795,
8,5057,12512.725532,LoR,1,0.01,0,0.0,0,146.695,146.695,6816.864923821535,
8,5058,12513.033085,GB,1,0.0,0,0.0,0,256.838,256.838,3893.504855200554,4.0
8,5059,12525.85379,SGD,1,1.0,1,1.0,9,169.372,169.372,5904.163616182132,
8,5060,12526.191295,GB,64,1.0,64,1.0,3,271.097,4.235890625,236077.8614296728,
8,5061,12526.512126,NB,32,0.01,0,0.0,11,130.699,4.08434375,244837.37442520598,
8,5062,12526.710298,DT,64,0.05,6,0.09375,15,102.332,1.5989375,625415.3148575226,
8,5063,12526.870047,LoR,16,0.1,3,0.1875,13,161.246,10.077875,99227.26765315108,
8,5064,12527.071417,NB,1,0.1,1,1.0,24,103.184,103.184,9691.42502713599,
8,5065,12527.227168,DT,16,0.0,0,0.0,5,122.686,7.667875,130414.22819229578,
8,5066,12527.41079,MLP,32,0.5,15,0.46875,13,204.935,6.40421875,156147.07102251935,
8,5067,12527.659125,AB,1,0.01,0,0.0,20,8175.355,8175.355,122.31884731611044,2.0
8,5068,12548.610936,MLP,16,0.5,8,0.5,11,212.251,13.2656875,75382.44813923138,
8,5069,12548.866702,DT,1,0.05,0,0.0,10,88.285,88.285,11326.952483434332,7.0
8,5070,12549.14193,DT,16,0.0,0,0.0,2,89.003,5.5626875,179769.22126220464,
8,5071,12549.307584,DT,100,0.5,59,0.59,0,112.617,1.1261700000000001,887965.4048678263,
8,5072,12549.486226,RF,64,0.05,1,0.015625,22,3676.641,57.447515625,17407.193141783493,
8,5073,12553.222904,NB,100,0.0,0,0.0,22,160.454,1.60454,623231.5803906416,
8,5074,12553.425028,RF,16,1.0,16,1.0,15,3557.816,222.3635,4497.140942645713,
8,5075,12557.027853,GB,16,1.0,16,1.0,21,276.325,17.2703125,57902.831810368225,
8,5076,12557.381672,MLP,100,0.5,56,0.56,27,251.776,2.51776,397178.44433146925,
8,5077,12557.688957,RF,64,0.05,0,0.0,1,3670.428,57.3504375,17436.658613109972,
8,5078,12561.405054,NB,16,1.0,16,1.0,10,128.257,8.0160625,124749.52634164217,
8,5079,12561.596255,DT,32,0.5,15,0.46875,10,102.165,3.19265625,313218.81270493806,
8,5080,12561.73775,MLP,1,0.1,0,0.0,21,177.592,177.592,5630.884274066399,
8,5081,12562.112063,DT,100,0.01,1,0.01,20,102.646,1.02646,974222.0836661925,
8,5082,12562.254657,NB,16,0.0,0,0.0,4,115.981,7.2488125,137953.63033600332,
8,5083,12562.431359,SGD,32,0.1,2,0.0625,3,166.844,5.213875,191795.9291314042,
8,5084,12562.656594,RF,8,0.1,1,0.125,23,3132.987,391.623375,2553.473729702677,
8,5085,12565.863001,AB,64,0.1,5,0.078125,12,8268.997,129.203078125,7739.753684757657,
8,5086,12574.178549,AB,16,0.01,0,0.0,24,7962.425,497.6515625,2009.4380794795554,
8,5087,12582.219482,AB,100,0.05,7,0.07,17,8716.563,87.16563000000001,11472.411775145776,
8,5088,12590.987577,RF,32,0.0,0,0.0,5,3251.686,101.6151875,9841.04861293495,
8,5089,12594.305292,GB,8,0.5,3,0.375,7,274.352,34.294,29159.61975855835,
8,5090,12594.63776,LoR,100,0.0,0,0.0,16,189.263,1.89263,528365.2906273281,
8,5091,12594.897273,MLP,64,0.1,4,0.0625,12,223.145,3.486640625,286809.02552152186,
8,5092,12595.196024,LoR,100,0.05,7,0.07,3,204.706,2.04706,488505.46637616877,
8,5093,12595.446997,LoR,32,0.01,0,0.0,1,149.813,4.68165625,213599.620860673,
8,5094,12595.664718,DT,64,0.5,27,0.421875,10,103.169,1.612015625,620341.3816165709,
8,5095,12595.807487,RF,1,0.01,0,0.0,14,2948.142,2948.142,339.19668726947344,8.98
8,5096,12612.197566,NB,64,0.1,6,0.09375,26,162.979,2.546546875,392688.6285963222,
8,5097,12612.410491,DT,64,0.0,0,0.0,20,99.587,1.556046875,642654.1616877705,
8,5098,12612.548255,GB,1,1.0,1,1.0,22,248.511,248.511,4023.9667459388115,4.0
8,5099,12625.241897,GB,64,0.0,0,0.0,20,254.79,3.98109375,251187.25224694848,
8,5100,12625.567538,MLP,64,0.1,8,0.125,0,245.022,3.82846875,261201.03500910124,
8,5101,12625.855141,DT,16,1.0,16,1.0,0,98.356,6.14725,162674.36658668512,
8,5102,12626.011253,RF,8,0.1,2,0.25,11,3126.493,390.811625,2558.777518452784,
8,5103,12629.205357,LoR,32,0.5,15,0.46875,21,175.181,5.47440625,182668.2117352909,
8,5104,12629.440572,RF,16,0.05,1,0.0625,7,3228.338,201.771125,4956.110543567619,
8,5105,12632.714679,AB,8,0.05,0,0.0,22,7986.16,998.27,1001.73299808669,
8,5106,12640.752517,DT,64,1.0,64,1.0,27,108.0,1.6875,592592.5925925926,
8,5107,12640.900135,LoR,8,0.0,0,0.0,9,153.932,19.2415,51971.000181898504,
8,5108,12641.123349,AB,64,0.1,10,0.15625,18,8216.704,128.386,7789.011262910287,
8,5109,12649.384728,NB,8,0.01,0,0.0,12,113.273,14.159125,70625.83316412561,
8,5110,12649.53873,LoR,1,0.05,0,0.0,21,148.72,148.72,6724.045185583647,
8,5111,12649.843923,RF,16,1.0,16,1.0,16,3550.459,221.9036875,4506.459587337863,
8,5112,12653.447259,GB,64,1.0,64,1.0,17,285.888,4.467,223863.89075442133,
8,5113,12653.785403,MLP,64,0.0,0,0.0,19,225.736,3.527125,283517.0287415388,
8,5114,12654.053678,AB,16,0.0,0,0.0,9,8071.685,504.4803125,1982.2379094327887,
8,5115,12662.18845,GB,8,0.5,5,0.625,11,221.325,27.665625,36145.93922963967,
8,5116,12662.486882,SGD,100,0.05,6,0.06,17,172.816,1.72816,578650.124988427,
8,5117,12662.724869,MLP,16,0.05,1,0.0625,16,183.072,11.442,87397.30816290858,
8,5118,12662.947932,GB,1,0.1,0,0.0,28,203.866,203.866,4905.1828161635585,4.0
8,5119,12676.071538,GB,1,0.0,0,0.0,19,234.459,234.459,4265.138041192703,4.0
8,5120,12688.766507,GB,32,0.5,13,0.40625,14,241.349,7.54215625,132588.0778457752,
8,5121,12689.049368,LoR,8,1.0,8,1.0,1,168.401,21.050125,47505.65614218442,
8,5122,12689.294539,MLP,100,0.1,8,0.08,1,239.057,2.39057,418310.27746520704,
8,5123,12689.579915,NB,32,0.01,0,0.0,2,124.412,3.887875,257209.91544224028,
8,5124,12689.762269,DT,8,0.1,1,0.125,26,96.508,12.0635,82894.68230613007,
8,5125,12689.898397,RF,8,0.05,0,0.0,3,3133.767,391.720875,2552.838165696429,
8,5126,12693.078883,NB,16,0.01,0,0.0,25,123.634,7.727125,129414.23880162415,
8,5127,12693.260944,GB,100,0.0,0,0.0,1,276.815,2.76815,361252.09977782995,
8,5128,12693.585443,LoR,32,0.01,0,0.0,20,166.483,5.20259375,192211.8174227999,
8,5129,12693.816964,NB,32,0.05,1,0.03125,4,120.305,3.75953125,265990.607206683,
8,5130,12693.997852,DT,32,0.05,3,0.09375,5,96.81,3.0253125,330544.3652515236,
8,5131,12694.153206,SGD,32,0.1,4,0.125,15,164.0,5.125,195121.9512195122,
8,5132,12694.373828,AB,16,0.1,2,0.125,28,8053.638,503.352375,1986.6798085536002,
8,5133,12702.484583,GB,100,1.0,100,1.0,16,282.123,2.82123,354455.3262229595,
8,5134,12702.81278,NB,16,0.01,0,0.0,1,119.552,7.472,133832.97644539614,
8,5135,12702.977774,DT,32,0.01,0,0.0,7,94.205,2.94390625,339684.73010986677,
8,5136,12703.126386,NB,100,1.0,100,1.0,24,174.392,1.74392,573420.7991192257,
8,5137,12703.343754,MLP,32,1.0,32,1.0,23,198.909,6.21590625,160877.5872383854,
8,5138,12703.611586,LoR,64,0.05,1,0.015625,23,193.995,3.031171875,329905.4099332457,
8,5139,12703.844494,NB,8,0.0,0,0.0,13,107.958,13.49475,74102.89186535505,
8,5140,12704.017174,NB,64,0.05,4,0.0625,8,124.727,1.948859375,513120.6555116374,
8,5141,12704.204556,MLP,64,0.05,2,0.03125,7,208.329,3.255140625,307206.38989290973,
8,5142,12704.481255,GB,64,0.01,1,0.015625,8,247.437,3.866203125,258651.69719969123,
8,5143,12704.773011,GB,16,0.01,0,0.0,23,219.953,13.7470625,72742.81323737344,
8,5144,12705.06371,NB,64,0.01,1,0.015625,8,133.366,2.08384375,479882.42880494276,
8,5145,12705.25543,MLP,16,0.5,6,0.375,7,184.729,11.5455625,86613.36335929928,
8,5146,12705.485455,SGD,32,0.01,0,0.0,16,157.02,4.906875,203795.694815947,
8,5147,12705.691755,SGD,16,0.01,0,0.0,20,149.135,9.3209375,107285.34549233917,
8,5148,12705.902826,LoR,32,0.05,2,0.0625,13,151.816,4.74425,210781.47230858408,
8,5149,12706.121056,DT,64,0.05,2,0.03125,16,96.383,1.505984375,664017.5134619176,
8,5150,12706.277229,AB,16,0.05,3,0.1875,3,8048.108,503.00675,1988.044892041707,
8,5151,12714.365921,SGD,1,0.0,0,0.0,7,149.659,149.659,6681.856754354901,
8,5152,12714.680768,LoR,64,0.0,0,0.0,26,154.835,2.419296875,413343.23634837085,
8,5153,12714.90425,SGD,64,0.5,35,0.546875,8,155.824,2.43475,410719.786425711,
8,5154,12715.100469,GB,1,0.01,0,0.0,25,239.817,239.817,4169.8461743746275,4.0
8,5155,12727.809062,RF,100,0.0,0,0.0,19,3837.644,38.376439999999995,26057.654123206845,
8,5156,12731.727465,LoR,100,0.1,16,0.16,7,183.354,1.8335400000000002,545393.0647817882,
8,5157,12731.969627,MLP,100,0.0,0,0.0,4,231.387,2.31387,432176.39711824775,
8,5158,12732.251579,MLP,64,0.0,0,0.0,27,201.59,3.14984375,317476.06528101594,
8,5159,12732.499852,NB,32,0.01,0,0.0,13,121.193,3.78728125,264041.65257069306,
8,5160,12732.658796,NB,1,0.0,0,0.0,4,101.105,101.105,9890.707680134514,
8,5161,12732.809616,GB,8,0.01,0,0.0,5,221.957,27.744625,36043.01734119672,
8,5162,12733.073547,RF,16,1.0,16,1.0,0,3624.948,226.55925,4413.856419457604,
8,5163,12736.744251,MLP,1,0.05,0,0.0,23,182.521,182.521,5478.821615047036,
8,5164,12737.11818,GB,64,0.1,10,0.15625,10,259.802,4.05940625,246341.4446386094,
8,5165,12737.449029,AB,64,0.5,27,0.421875,14,8290.62,129.5409375,7719.567414740995,
8,5166,12745.802471,LoR,8,0.5,2,0.25,7,152.506,19.06325,52456.952513343735,
8,5167,12746.008587,SGD,64,0.0,0,0.0,29,159.279,2.488734375,401810.6592833958,
8,5168,12746.208569,GB,1,0.05,0,0.0,19,202.718,202.718,4932.961059205399,4.0
8,5169,12758.877749,DT,32,0.0,0,0.0,13,94.167,2.94271875,339821.80594050995,
8,5170,12759.039615,NB,64,0.05,4,0.0625,12,133.617,2.087765625,478980.96799060004,
8,5171,12759.269363,AB,100,0.5,52,0.52,9,8822.132,88.22131999999999,11335.128515420083,
8,5172,12768.142817,DT,32,1.0,32,1.0,3,99.565,3.11140625,321398.0816552001,
8,5173,12768.321347,AB,100,0.05,3,0.03,26,8643.684,86.43683999999999,11569.14112084616,
8,5174,12777.043991,DT,64,0.01,1,0.015625,3,91.911,1.436109375,696325.7934306014,
8,5175,12777.180181,MLP,32,1.0,32,1.0,0,220.0,6.875,145454.54545454544,
8,5176,12777.461413,SGD,8,0.05,1,0.125,18,157.605,19.700625,50759.81091970433,
8,5177,12777.677898,GB,8,0.5,5,0.625,26,250.155,31.269375,31980.172293178228,
8,5178,12777.971136,GB,8,0.01,0,0.0,8,216.878,27.10975,36887.09781536164,
8,5179,12778.263963,AB,100,0.05,2,0.02,7,8525.665,85.25665000000001,11729.29032515352,
8,5180,12786.862735,SGD,64,0.01,1,0.015625,10,164.43,2.56921875,389223.37772912486,
8,5181,12787.071568,RF,32,1.0,32,1.0,8,4229.738,132.1793125,7565.480415098996,
8,5182,12791.385148,NB,16,0.5,7,0.4375,17,151.45,9.465625,105645.42753383955,
8,5183,12791.596041,DT,16,0.5,11,0.6875,14,104.663,6.5414375,152871.59741264823,
8,5184,12791.774916,MLP,100,0.01,1,0.01,6,261.361,2.61361,382612.5550483814,
8,5185,12792.097264,GB,16,0.1,2,0.125,8,261.557,16.3473125,61172.134563403,
8,5186,12792.414485,AB,100,0.0,0,0.0,14,8721.231,87.21231,11466.271217904903,
8,5187,12801.187559,SGD,1,0.05,0,0.0,27,166.99,166.99,5988.38253787652,
8,5188,12801.513545,RF,1,0.0,0,0.0,6,3089.022,3089.022,323.72705665417726,7.0
8,5189,12817.800161,MLP,32,0.5,17,0.53125,2,238.903,7.46571875,133945.57623805478,
8,5190,12818.088072,GB,16,0.01,0,0.0,17,268.016,16.751,59697.928481881674,
8,5191,12818.403899,LoR,32,0.01,0,0.0,29,172.276,5.383625,185748.45016136896,
8,5192,12818.645065,MLP,64,0.5,26,0.40625,19,210.015,3.281484375,304740.1376092184,
8,5193,12818.913899,RF,8,0.5,3,0.375,18,3263.598,407.94975,2451.282296410281,
8,5194,12822.221419,SGD,1,1.0,1,1.0,24,170.521,170.521,5864.380340251348,
8,5195,12822.563049,NB,8,0.01,0,0.0,20,118.97,14.87125,67243.84298562663,
8,5196,12822.723782,AB,8,0.01,0,0.0,6,8053.825,1006.728125,993.3168401349669,
8,5197,12830.820401,SGD,8,1.0,8,1.0,12,152.703,19.087875,52389.27853414798,
8,5198,12831.014758,LoR,16,1.0,16,1.0,12,146.304,9.144,109361.32983377078,
8,5199,12831.211761,NB,64,0.0,0,0.0,6,163.748,2.5585625,390844.4683293842,
8,5200,12831.442917,MLP,64,0.1,7,0.109375,14,213.733,3.339578125,299439.01971150923,
8,5201,12831.734464,LoR,100,0.1,11,0.11,27,163.897,1.6389699999999998,610139.2948010031,
8,5202,12831.938912,MLP,1,0.1,0,0.0,9,163.224,163.224,6126.550017154341,
8,5203,12832.254578,SGD,1,0.0,0,0.0,9,143.725,143.725,6957.731779439903,
8,5204,12832.54786,SGD,1,0.1,0,0.0,24,141.732,141.732,7055.569666694889,
8,5205,12832.844526,RF,64,0.0,0,0.0,2,3522.003,55.031296875,18171.477991358894,
8,5206,12836.408828,SGD,1,0.0,0,0.0,15,161.916,161.916,6176.041898268238,
8,5207,12836.738017,MLP,100,0.0,0,0.0,8,226.148,2.26148,442188.3014662964,
8,5208,12837.023734,RF,100,1.0,100,1.0,3,5263.976,52.639759999999995,18997.047098998934,
8,5209,12842.334446,SGD,1,0.1,0,0.0,15,165.233,165.233,6052.059818559246,
8,5210,12842.658765,SGD,32,1.0,32,1.0,16,155.123,4.84759375,206287.9134622203,
8,5211,12842.853307,NB,1,0.0,0,0.0,24,105.978,105.978,9435.920662779068,
8,5212,12843.03605,DT,64,0.1,4,0.0625,0,100.63,1.57234375,635993.2425717977,
8,5213,12843.175841,AB,1,0.5,1,1.0,2,7907.769,7907.769,126.45791752389327,2.0
8,5214,12863.904274,MLP,16,0.01,0,0.0,13,194.843,12.1776875,82117.39708380595,
8,5215,12864.156986,LoR,100,1.0,100,1.0,1,165.414,1.65414,604543.7508312477,
8,5216,12864.382885,RF,16,0.5,9,0.5625,8,3418.302,213.643875,4680.686492884479,
8,5217,12867.844992,AB,8,1.0,8,1.0,5,8030.957,1003.869625,996.1452912772413,
8,5218,12875.944416,AB,32,0.05,3,0.09375,23,8013.234,250.4135625,3993.3939280944496,
8,5219,12884.031247,AB,64,0.5,35,0.546875,18,8177.186,127.76853125,7826.653325483852,
8,5220,12892.249833,AB,1,1.0,1,1.0,5,7644.871,7644.871,130.8066545530984,2.0
8,5221,12912.605069,GB,32,0.01,0,0.0,18,276.682,8.6463125,115656.24073846509,
8,5222,12912.92555,LoR,16,1.0,16,1.0,18,163.046,10.190375,98131.81556125266,
8,5223,12913.149859,DT,16,0.5,5,0.3125,29,92.38,5.77375,173197.6618315653,
8,5224,12913.284082,LoR,32,0.0,0,0.0,28,155.033,4.84478125,206407.6680448679,
8,5225,12913.499074,NB,16,0.05,1,0.0625,1,117.485,7.3428125,136187.59841681918,
8,5226,12913.67407,RF,16,0.1,1,0.0625,13,3263.512,203.9695,4902.693785100223,
8,5227,12917.00291,RF,16,0.05,1,0.0625,12,3185.944,199.1215,5022.0593958964755,
8,5228,12920.248805,NB,100,1.0,100,1.0,0,152.2,1.5219999999999998,657030.223390276,
8,5229,12920.467393,DT,32,0.5,9,0.28125,3,99.789,3.11840625,320676.6276844141,
8,5230,12920.609043,LoR,16,0.01,0,0.0,29,159.0,9.9375,100628.93081761006,
8,5231,12920.811537,LoR,32,1.0,32,1.0,25,151.999,4.74996875,210527.7008401371,
8,5232,12921.038117,AB,100,0.5,44,0.44,6,8565.896,85.65896000000001,11674.201974901398,
8,5233,12929.66812,LoR,16,0.1,3,0.1875,5,153.246,9.577875,104407.29284940552,
8,5234,12929.862703,AB,1,0.1,1,1.0,25,7748.902,7748.902,129.0505416122181,2.0
8,5235,12950.315672,NB,32,0.01,0,0.0,12,127.143,3.97321875,251685.110466168,
8,5236,12950.482657,MLP,1,0.01,0,0.0,16,183.569,183.569,5447.542885781369,
8,5237,12950.824358,NB,1,0.0,0,0.0,19,101.554,101.554,9846.97796246332,
8,5238,12951.009391,RF,100,0.05,10,0.1,7,3998.192,39.98192,25011.305109909677,
8,5239,12955.075732,NB,32,0.5,14,0.4375,23,126.807,3.96271875,252351.99949529598,
8,5240,12955.269073,MLP,8,0.01,0,0.0,17,214.201,26.775125,37348.09828152063,
8,5241,12955.52477,NB,1,0.01,0,0.0,24,101.404,101.404,9861.543923316634,
8,5242,12955.695313,DT,32,0.05,3,0.09375,15,95.274,2.9773125,335873.375737347,
8,5243,12955.856317,GB,64,0.05,2,0.03125,8,287.485,4.491953125,222620.31062490217,
8,5244,12956.203464,DT,16,0.5,7,0.4375,7,94.863,5.9289375,168664.28428365116,
8,5245,12956.353319,MLP,100,0.01,0,0.0,18,231.662,2.31662,431663.37163626315,
8,5246,12956.659037,LoR,100,0.05,5,0.05,4,169.727,1.69727,589181.4502112216,
8,5247,12956.893425,GB,32,0.5,17,0.53125,17,244.691,7.64659375,130777.1842854866,
8,5248,12957.206371,SGD,64,0.1,6,0.09375,22,173.985,2.718515625,367847.8029715205,
8,5249,12957.420558,RF,1,0.5,0,0.0,1,3029.111,3029.111,330.1298631842808,7.17
8,5250,12973.704034,GB,1,0.01,0,0.0,9,256.555,256.555,3897.799692073824,4.0
8,5251,12986.709342,GB,64,0.5,29,0.453125,26,338.932,5.2958125,188828.43756269693,
8,5252,12987.127356,GB,64,0.1,4,0.0625,19,399.801,6.246890625,160079.6396207113,
8,5253,12987.656046,LoR,64,1.0,64,1.0,13,283.585,4.431015625,225681.89431740044,
8,5254,12987.982124,RF,8,1.0,8,1.0,13,3456.891,432.111375,2314.21818044017,
8,5255,12991.502107,LoR,8,0.01,0,0.0,28,198.3,24.7875,40342.91477559254,
8,5256,12991.751807,GB,32,0.01,0,0.0,13,274.207,8.56896875,116700.1571805242,
8,5257,12992.067267,SGD,1,0.0,0,0.0,21,163.806,163.806,6104.782486600002,
8,5258,12992.440599,NB,100,0.5,41,0.41,6,167.618,1.67618,596594.6378073954,
8,5259,12992.647866,SGD,1,0.5,1,1.0,28,153.775,153.775,6503.007641033978,
8,5260,12992.963752,NB,100,0.0,0,0.0,23,139.655,1.39655,716050.2667287244,
8,5261,12993.151602,AB,64,0.0,0,0.0,2,8249.617,128.900265625,7757.935913873334,
8,5262,13001.444033,NB,1,0.01,0,0.0,1,102.188,102.188,9785.884839707207,
8,5263,13001.622632,AB,64,0.1,5,0.078125,5,8194.324,128.0363125,7810.284289466708,
8,5264,13009.861893,GB,16,0.05,0,0.0,8,227.636,14.22725,70287.65221669684,
8,5265,13010.158565,NB,64,0.01,1,0.015625,29,129.915,2.029921875,492629.796405342,
8,5266,13010.324426,AB,1,1.0,1,1.0,13,7616.706,7616.706,131.29035044808083,2.0
8,5267,13030.55316,MLP,1,0.5,1,1.0,21,209.462,209.462,4774.135642741881,
8,5268,13030.910221,NB,8,1.0,8,1.0,7,110.12,13.765,72648.02034144569,
8,5269,13031.076974,RF,8,0.5,5,0.625,11,3267.2,408.4,2448.5798237022527,
8,5270,13034.402584,DT,100,1.0,100,1.0,1,124.535,1.24535,802987.1120568515,
8,5271,13034.579375,MLP,64,0.01,0,0.0,13,220.528,3.44575,290212.58071537403,
8,5272,13034.846105,MLP,32,0.05,0,0.0,19,183.719,5.74121875,174179.04517224676,
8,5273,13035.073486,MLP,32,0.0,0,0.0,28,216.901,6.77815625,147532.7453538711,
8,5274,13035.363559,DT,16,0.5,12,0.75,17,93.804,5.86275,170568.41925717454,
8,5275,13035.522605,SGD,64,0.1,10,0.15625,21,161.037,2.516203125,397424.1944397871,
8,5276,13035.755193,NB,100,0.05,8,0.08,7,142.416,1.4241599999999999,702168.2956971127,
8,5277,13035.939176,NB,16,1.0,16,1.0,19,106.326,6.645375,150480.5974079717,
8,5278,13036.080876,NB,1,1.0,1,1.0,29,96.833,96.833,10327.0579244679,
8,5279,13036.232058,GB,64,0.0,0,0.0,29,250.363,3.911921875,255628.82694327837,
8,5280,13036.550181,GB,64,0.01,3,0.046875,15,249.053,3.891453125,256973.41529714558,
8,5281,13036.86624,LoR,64,0.05,2,0.03125,9,169.426,2.64728125,377746.0366177565,
8,5282,13037.10147,SGD,64,0.05,2,0.03125,24,161.192,2.518625,397042.0368256489,
8,5283,13037.301296,AB,16,0.0,0,0.0,17,8673.815,542.1134375,1844.63237917802,
8,5284,13046.043115,SGD,32,1.0,32,1.0,8,186.776,5.83675,171328.22204137576,
8,5285,13046.293417,SGD,100,0.0,0,0.0,18,182.669,1.8266900000000001,547438.2626499296,
8,5286,13046.539116,NB,16,0.5,12,0.75,29,119.233,7.4520625,134191.03771606853,
8,5287,13046.7336,NB,64,0.1,6,0.09375,29,126.134,1.97084375,507396.89536524646,
8,5288,13046.897845,RF,16,0.0,0,0.0,11,3278.875,204.9296875,4879.722465784758,
8,5289,13050.221936,RF,1,0.1,0,0.0,29,3002.194,3002.194,333.0897337080815,6.92
8,5290,13066.217198,RF,1,1.0,1,1.0,16,2986.673,2986.673,334.82071857213697,13.2
8,5291,13082.234722,MLP,32,0.01,0,0.0,1,253.56,7.92375,126202.87111531787,
8,5292,13082.633641,SGD,100,0.01,2,0.02,16,246.294,2.46294,406018.8230326358,
8,5293,13082.950775,LoR,8,0.01,0,0.0,19,183.645,22.955625,43562.30771325111,
8,5294,13083.197309,GB,16,0.05,1,0.0625,15,280.153,17.5095625,57111.64970569652,
8,5295,13083.558132,MLP,100,0.1,10,0.1,6,252.126,2.52126,396627.08328375494,
8,5296,13083.858743,MLP,32,0.01,0,0.0,12,192.523,6.01634375,166213.90690982377,
8,5297,13084.094867,GB,1,0.05,0,0.0,8,249.883,249.883,4001.8728765062046,4.0
8,5298,13097.023446,SGD,64,0.05,4,0.0625,20,179.425,2.803515625,356694.9979099902,
8,5299,13097.267041,DT,32,0.1,4,0.125,2,99.429,3.10715625,321837.6932283338,
8,5300,13097.413665,LoR,64,0.0,0,0.0,16,166.041,2.594390625,385446.9679175625,
8,5301,13097.61858,LoR,1,1.0,1,1.0,26,144.137,144.137,6937.843856886157,
8,5302,13097.936223,LoR,100,0.0,0,0.0,14,159.922,1.5992199999999999,625304.8361076025,
8,5303,13098.140428,MLP,16,0.01,0,0.0,9,179.569,11.2230625,89102.23925065018,
8,5304,13098.379252,NB,8,0.1,1,0.125,7,116.507,14.563375,68665.40207884504,
8,5305,13098.534295,MLP,16,1.0,16,1.0,24,176.459,11.0286875,90672.62083543486,
8,5306,13098.785434,LoR,100,0.01,2,0.02,17,160.754,1.60754,622068.5021834605,
8,5307,13098.999292,DT,64,0.01,0,0.0,17,92.787,1.449796875,689751.7971267527,
8,5308,13099.164163,GB,100,0.1,15,0.15,16,319.731,3.19731,312762.916326537,
8,5309,13099.553848,AB,64,0.1,7,0.109375,16,8383.5,130.9921875,7634.04306077414,
8,5310,13108.015633,MLP,100,0.05,3,0.03,8,230.498,2.30498,433843.24375916494,
8,5311,13108.288679,RF,16,0.0,0,0.0,22,3275.503,204.7189375,4884.7459458898375,
8,5312,13111.629724,RF,8,0.05,1,0.125,8,3055.085,381.885625,2618.585080284182,
8,5313,13114.753864,MLP,32,0.1,4,0.125,6,205.321,6.41628125,155853.51717554464,
8,5314,13115.035658,DT,100,0.5,54,0.54,21,115.689,1.15689,864386.4153030971,
8,5315,13115.228777,LoR,100,0.05,6,0.06,11,211.59,2.1159,472612.12722718465,
8,5316,13115.507094,MLP,64,0.5,23,0.359375,13,207.736,3.245875,308083.33654253476,
8,5317,13115.759145,DT,1,0.01,0,0.0,6,88.749,88.749,11267.732594170076,7.0
8,5318,13116.039385,SGD,8,1.0,8,1.0,28,159.183,19.897875,50256.622880583986,
8,5319,13116.240592,MLP,8,0.05,0,0.0,21,172.56,21.57,46360.686138154844,
8,5320,13116.487803,GB,100,0.5,45,0.45,2,308.628,3.08628,324014.6713843203,
8,5321,13116.861905,DT,32,0.5,17,0.53125,12,100.35,3.1359375,318883.9063278525,
8,5322,13117.004602,GB,32,0.0,0,0.0,20,228.927,7.15396875,139782.55076945925,
8,5323,13117.293819,NB,16,0.5,11,0.6875,11,121.963,7.6226875,131187.32730418243,
8,5324,13117.468106,DT,100,0.0,0,0.0,10,100.054,1.00054,999460.2914426209,
8,5325,13117.605539,RF,1,1.0,1,1.0,9,3007.562,3007.562,332.49522370611146,19.66
8,5326,13133.555361,AB,8,0.5,5,0.625,0,7975.674,996.95925,1003.0500243615775,
8,5327,13141.588723,NB,100,1.0,100,1.0,3,142.843,1.4284299999999999,700069.3068613793,
8,5328,13141.786186,AB,100,1.0,100,1.0,2,8462.647,84.62647000000001,11816.633731739015,
8,5329,13150.295146,MLP,32,1.0,32,1.0,4,193.456,6.0455,165412.2901331569,
8,5330,13150.53196,NB,16,0.0,0,0.0,0,112.911,7.0569375,141704.52834533394,
8,5331,13150.682781,NB,1,1.0,1,1.0,1,99.459,99.459,10054.394273017022,
8,5332,13150.830705,DT,16,0.0,0,0.0,21,88.373,5.5233125,181050.77342627273,
8,5333,13150.958448,LoR,1,0.05,0,0.0,9,150.635,150.635,6638.563414877021,
8,5334,13151.277824,RF,64,0.01,0,0.0,27,3406.812,53.2314375,18785.891325966917,
8,5335,13154.732243,MLP,32,0.0,0,0.0,10,201.672,6.30225,158673.4896267206,
8,5336,13154.990781,LoR,100,1.0,100,1.0,15,167.326,1.67326,597635.7529612852,
8,5337,13155.221873,GB,8,0.5,3,0.375,12,259.332,32.4165,30848.487652892818,
8,5338,13155.525636,MLP,16,0.1,0,0.0,24,183.653,11.4783125,87120.82024252259,
8,5339,13155.758782,RF,64,1.0,64,1.0,27,4816.294,75.25459375,13288.225345047458,
8,5340,13160.620891,GB,8,0.0,0,0.0,18,252.396,31.5495,31696.22339498249,
8,5341,13160.941964,AB,32,0.05,2,0.0625,22,8934.342,279.1981875,3581.685142565619,
8,5342,13169.923111,GB,16,0.01,0,0.0,0,218.492,13.65575,73229.2257840104,
8,5343,13170.183206,MLP,8,0.0,0,0.0,29,185.618,23.20225,43099.26838991908,
8,5344,13170.413921,NB,32,0.0,0,0.0,28,122.113,3.81603125,262052.36133744975,
8,5345,13170.584099,LoR,64,1.0,64,1.0,26,162.639,2.541234375,393509.55182951194,
8,5346,13170.793636,NB,16,0.01,0,0.0,4,112.402,7.025125,142346.22159748047,
8,5347,13170.976157,GB,64,0.01,1,0.015625,4,254.564,3.9775625,251410.25439575117,
8,5348,13171.287287,GB,100,1.0,100,1.0,0,285.02,2.8501999999999996,350852.57174935093,
8,5349,13171.61237,NB,1,0.0,0,0.0,18,109.756,109.756,9111.119209883742,
8,5350,13171.771458,RF,1,0.5,1,1.0,3,2991.429,2991.429,334.28839527864443,15.89
8,5351,13187.517946,GB,64,1.0,64,1.0,16,258.181,4.034078125,247888.10950457238,
8,5352,13187.834061,GB,100,1.0,100,1.0,28,284.187,2.84187,351880.9797774001,
8,5353,13188.180582,GB,16,0.5,6,0.375,1,224.187,14.0116875,71368.99106549443,
8,5354,13188.446471,GB,1,0.01,0,0.0,10,205.068,205.068,4876.431232566758,4.0
8,5355,13201.047519,AB,1,1.0,1,1.0,20,7736.555,7736.555,129.25649723940435,2.0
8,5356,13221.341728,LoR,1,0.1,0,0.0,12,164.498,164.498,6079.101265668884,
8,5357,13221.672445,LoR,16,0.0,0,0.0,24,149.781,9.3613125,106822.6277031132,
8,5358,13221.866811,MLP,32,1.0,32,1.0,22,194.665,6.08328125,164384.96904939256,
8,5359,13222.102021,DT,8,0.0,0,0.0,4,87.599,10.949875,91325.24343885203,
8,5360,13222.247543,GB,8,0.05,1,0.125,4,227.962,28.49525,35093.56822628333,
8,5361,13222.544433,GB,64,0.05,5,0.078125,18,247.171,3.862046875,258930.05247379345,
8,5362,13222.832124,GB,8,1.0,8,1.0,2,214.284,26.7855,37333.63200238936,
8,5363,13223.121393,GB,100,0.05,5,0.05,25,308.59,3.0858999999999996,324054.57078972104,
8,5364,13223.474341,NB,32,0.0,0,0.0,23,128.384,4.012,249252.24327018947,
8,5365,13223.661388,DT,16,0.5,7,0.4375,28,97.137,6.0710625,164715.8137475936,
8,5366,13223.798329,NB,8,0.1,0,0.0,4,110.965,13.870625,72094.8046681386,
8,5367,13223.969415,NB,8,0.05,1,0.125,0,107.925,13.490625,74125.55015056752,
8,5368,13224.114205,LoR,1,0.01,0,0.0,5,152.205,152.205,6570.086396636115,
8,5369,13224.432354,SGD,100,0.0,0,0.0,29,231.139,2.3113900000000003,432640.099680279,
8,5370,13224.704092,NB,8,1.0,8,1.0,14,108.928,13.616,73443.00822561693,
8,5371,13224.880038,LoR,64,0.5,38,0.59375,3,231.307,3.614171875,276688.55676654837,
8,5372,13225.152586,DT,1,0.5,0,0.0,16,144.608,144.608,6915.246736003541,7.0
8,5373,13225.544431,DT,64,1.0,64,1.0,23,153.766,2.40259375,416216.84897831775,
8,5374,13225.79544,GB,64,0.05,4,0.0625,23,273.983,4.280984375,233591.13521641854,
8,5375,13226.116334,GB,32,0.0,0,0.0,11,249.034,7.7823125,128496.51051663629,
8,5376,13226.438072,LoR,64,0.5,40,0.625,13,184.244,2.8788125,347365.4501639131,
8,5377,13226.694127,AB,64,0.05,2,0.03125,20,8324.682,130.07315625,7687.981354723219,
8,5378,13235.068706,LoR,16,0.05,0,0.0,29,181.566,11.347875,88122.22552680568,
8,5379,13235.321464,DT,100,0.0,0,0.0,3,97.659,0.9765900000000001,1023971.1649719944,
8,5380,13235.493951,GB,100,0.01,1,0.01,16,282.383,2.8238299999999996,354128.96668708813,
8,5381,13235.840713,NB,32,0.05,4,0.125,24,129.253,4.03915625,247576.45857349542,
8,5382,13236.00912,AB,1,0.05,0,0.0,21,7757.715,7757.715,128.90393627505006,2.0
8,5383,13256.42143,RF,16,0.01,0,0.0,28,3220.718,201.294875,4967.836364437992,
8,5384,13259.705938,AB,8,0.5,3,0.375,7,7875.336,984.417,1015.8296738069334,
8,5385,13267.624372,LoR,1,0.05,0,0.0,18,151.94,151.94,6581.54534684744,
8,5386,13267.938992,RF,32,0.01,0,0.0,27,3066.574,95.8304375,10435.097930133106,
8,5387,13271.049577,AB,16,0.0,0,0.0,12,7920.936,495.0585,2019.9632972668887,
8,5388,13279.03137,MLP,8,0.1,2,0.25,26,191.459,23.932375,41784.40292699743,
8,5389,13279.313885,LoR,16,0.5,8,0.5,19,148.779,9.2986875,107542.05902714765,
8,5390,13279.520906,AB,16,0.05,2,0.125,19,7953.999,497.1249375,2011.5667603176717,
8,5391,13287.519812,GB,16,0.1,0,0.0,21,231.367,14.4604375,69154.2009015979,
8,5392,13287.807316,RF,100,1.0,100,1.0,27,5216.084,52.16084,19171.470398099416,
8,5393,13293.068548,GB,1,0.05,0,0.0,5,232.763,232.763,4296.21546379794,4.0
8,5394,13305.739592,AB,16,0.05,0,0.0,17,7934.539,495.9086875,2016.5002654848631,
8,5395,13313.714386,RF,1,0.0,0,0.0,14,2931.654,2931.654,341.1043731627266,8.91
8,5396,13329.324277,SGD,8,1.0,8,1.0,10,162.287,20.285875,49295.384103471006,
8,5397,13329.533679,SGD,16,0.01,0,0.0,29,150.478,9.404875,106327.83529818311,
8,5398,13329.742012,SGD,8,0.1,2,0.25,27,146.598,18.32475,54571.00369718549,
8,5399,13329.943479,AB,100,1.0,100,1.0,22,8403.627,84.03627,11899.623817192267,
8,5400,13338.424772,RF,100,0.1,8,0.08,9,3769.004,37.690039999999996,26532.208509197655,
8,5401,13342.275629,RF,32,0.1,2,0.0625,15,3697.457,115.54553125,8654.596929727648,
8,5402,13346.088693,RF,64,0.01,1,0.015625,26,3742.721,58.480015625,17099.858632262465,
8,5403,13349.898568,MLP,8,0.1,1,0.125,29,226.644,28.3305,35297.647411800004,
8,5404,13350.168633,AB,16,1.0,16,1.0,3,7921.26,495.07875,2019.8806755490918,
8,5405,13358.169901,AB,100,0.1,9,0.09,9,8514.447,85.14447,11744.743962819899,
8,5406,13366.725349,DT,1,1.0,1,1.0,2,85.036,85.036,11759.72529281716,22.0
8,5407,13367.039244,NB,64,0.01,1,0.015625,22,138.361,2.161890625,462558.09079148027,
8,5408,13367.241256,LoR,32,1.0,32,1.0,29,190.146,5.9420625,168291.73372040433,
8,5409,13367.478914,SGD,64,1.0,64,1.0,20,156.694,2.44834375,408439.3786615952,
8,5410,13367.672648,RF,1,1.0,1,1.0,28,2933.568,2933.568,340.8818203634618,16.6
8,5411,13383.364295,GB,8,0.1,0,0.0,16,249.56,31.195,32056.419297964418,
8,5412,13383.689682,DT,100,0.1,8,0.08,0,100.375,1.00375,996264.0099626401,
8,5413,13383.830835,NB,16,0.01,0,0.0,13,115.7,7.23125,138288.6776145203,
8,5414,13383.984281,AB,1,0.1,1,1.0,1,7725.692,7725.692,129.4382432020329,2.0
8,5415,13404.831783,DT,32,0.1,7,0.21875,21,109.164,3.411375,293136.9315891686,
8,5416,13404.999891,SGD,8,0.05,1,0.125,7,186.684,23.3355,42853.16363480534,
8,5417,13405.245787,SGD,16,0.1,1,0.0625,0,154.991,9.6869375,103231.80055616131,
8,5418,13405.459696,MLP,100,0.01,0,0.0,23,243.012,2.43012,411502.3126429971,
8,5419,13405.742356,AB,1,1.0,1,1.0,29,7688.163,7688.163,130.07008306145434,2.0
8,5420,13425.977508,GB,100,0.5,49,0.49,3,330.836,3.30836,302264.5661294418,
8,5421,13426.351042,LoR,1,0.1,0,0.0,26,158.972,158.972,6290.415922300782,
8,5422,13426.675283,SGD,64,0.0,0,0.0,10,158.657,2.479015625,403385.92057079106,
8,5423,13426.882035,GB,64,0.0,0,0.0,26,252.649,3.947640625,253315.8650934696,
8,5424,13427.190197,DT,100,0.0,0,0.0,27,153.008,1.53008,653560.5981386594,
8,5425,13427.394418,MLP,64,0.01,0,0.0,1,211.935,3.311484375,301979.3804704273,
8,5426,13427.665104,AB,8,0.05,1,0.125,7,7948.085,993.510625,1006.5317620533751,
8,5427,13435.657023,NB,8,0.05,0,0.0,2,112.605,14.075625,71044.8026286577,
8,5428,13435.817056,NB,64,1.0,64,1.0,5,121.53,1.89890625,526618.9418250638,
8,5429,13435.995404,DT,16,0.1,2,0.125,18,88.638,5.539875,180509.48802996456,
8,5430,13436.135508,SGD,100,0.0,0,0.0,4,163.884,1.6388399999999999,610187.6937345928,
8,5431,13436.402326,MLP,64,0.05,5,0.078125,20,199.991,3.124859375,320014.4006480291,
8,5432,13436.649754,MLP,64,0.0,0,0.0,12,192.25,3.00390625,332899.8699609883,
8,5433,13436.882198,MLP,1,0.05,0,0.0,24,155.91,155.91,6413.956769931371,
8,5434,13437.207668,LoR,32,0.5,13,0.40625,3,150.962,4.7175625,211973.8742200024,
8,5435,13437.416539,AB,16,0.5,10,0.625,2,7957.666,497.354125,2010.6398031784697,
8,5436,13445.445429,LoR,64,0.1,5,0.078125,1,159.72,2.495625,400701.2271475081,
8,5437,13445.667801,GB,100,1.0,100,1.0,29,282.747,2.82747,353673.07168599486,
8,5438,13446.002071,GB,64,1.0,64,1.0,19,258.621,4.040953125,247466.36970702303,
8,5439,13446.304595,GB,8,0.05,0,0.0,0,212.96,26.62,37565.740045078885,
8,5440,13446.557088,DT,1,0.0,0,0.0,7,87.774,87.774,11392.895390434525,7.0
8,5441,13446.850089,DT,100,0.01,0,0.0,16,96.001,0.96001,1041655.8160852491,
8,5442,13446.989543,DT,32,1.0,32,1.0,7,95.017,2.96928125,336781.83903932985,
8,5443,13447.131364,LoR,64,1.0,64,1.0,28,166.993,2.609265625,383249.59728850913,
8,5444,13447.361022,MLP,32,0.5,18,0.5625,26,188.846,5.9014375,169450.23987799583,
8,5445,13447.603984,AB,100,0.0,0,0.0,8,8927.152,89.27152,11201.780814306736,
8,5446,13456.594923,AB,1,0.5,1,1.0,4,7762.754,7762.754,128.8202614690611,2.0
8,5447,13477.155787,AB,100,0.5,47,0.47,24,8479.381,84.79381,11793.313686458954,
8,5448,13485.679763,RF,16,1.0,16,1.0,7,3489.659,218.1036875,4584.975208179367,
8,5449,13489.215587,NB,1,0.1,0,0.0,28,122.906,122.906,8136.299285632922,
8,5450,13489.410575,NB,16,0.5,7,0.4375,13,212.501,13.2813125,75293.76332346672,
8,5451,13489.661736,AB,1,0.1,0,0.0,13,8238.447,8238.447,121.38210029147484,2.0
8,5452,13511.049849,MLP,1,0.5,0,0.0,25,245.627,245.627,4071.2136695070167,
8,5453,13511.468264,RF,1,0.01,0,0.0,25,3027.596,3027.596,330.2950591822687,7.86
8,5454,13527.374687,GB,16,0.05,0,0.0,28,267.825,16.7390625,59740.50219359657,
8,5455,13527.685196,GB,1,0.1,0,0.0,18,209.346,209.346,4776.781022804353,4.0
8,5456,13540.765842,NB,64,0.1,5,0.078125,15,153.001,2.390640625,418297.91962144035,
8,5457,13540.960262,GB,1,0.01,0,0.0,19,229.552,229.552,4356.311423991078,4.0
8,5458,13553.719242,LoR,100,0.1,11,0.11,28,196.025,1.96025,510139.0128810101,
8,5459,13553.98457,SGD,64,0.5,28,0.4375,2,168.109,2.626703125,380705.375678875,
8,5460,13554.195271,LoR,32,1.0,32,1.0,12,150.571,4.70534375,212524.32407302866,
8,5461,13554.386528,LoR,1,0.1,0,0.0,4,142.013,142.013,7041.608866793885,
8,5462,13554.706687,NB,32,0.01,1,0.03125,8,119.868,3.745875,266960.3230219909,
8,5463,13554.874043,MLP,64,1.0,64,1.0,3,221.533,3.461453125,288896.01097804843,
8,5464,13555.142005,RF,32,0.01,0,0.0,0,3282.517,102.57865625,9748.616686524396,
8,5465,13558.466723,MLP,1,0.0,0,0.0,1,184.682,184.682,5414.712857777153,
8,5466,13558.808622,LoR,1,0.1,0,0.0,17,177.967,177.967,5619.0192563789915,
8,5467,13559.129144,AB,1,0.0,0,0.0,16,7788.036,7788.036,128.40207723744473,2.0
8,5468,13579.649916,GB,8,0.1,0,0.0,25,230.59,28.82375,34693.61203868338,
8,5469,13579.937917,AB,100,1.0,100,1.0,11,8714.587,87.14587,11475.013101596209,
8,5470,13588.742448,MLP,64,0.1,9,0.140625,28,258.165,4.033828125,247903.47258536206,
8,5471,13589.046641,GB,32,1.0,32,1.0,8,283.378,8.8555625,112923.3744327365,
8,5472,13589.383156,RF,64,0.01,0,0.0,13,3576.484,55.8825625,17894.66973709375,
8,5473,13593.002976,RF,1,0.0,0,0.0,11,3019.946,3019.946,331.1317487133876,8.96
8,5474,13609.018726,GB,100,0.05,4,0.04,8,299.09,2.9909,334347.5208131332,
8,5475,13609.3877,NB,64,0.1,10,0.15625,11,143.039,2.234984375,447430.4210739729,
8,5476,13609.591873,DT,32,0.5,19,0.59375,17,106.298,3.3218125,301040.4711283373,
8,5477,13609.738506,LoR,8,0.01,0,0.0,18,166.945,20.868125,47919.9736440145,
8,5478,13609.978428,GB,100,0.5,47,0.47,11,298.843,2.98843,334623.86604337394,
8,5479,13610.327987,NB,64,1.0,64,1.0,25,136.422,2.13159375,469132.5446042427,
8,5480,13610.54074,SGD,64,0.0,0,0.0,21,217.24,3.394375,294605.0451113975,
8,5481,13610.838389,NB,64,0.01,0,0.0,24,159.164,2.4869375,402100.97760800185,
8,5482,13611.059723,DT,1,0.0,0,0.0,29,93.491,93.491,10696.216748136185,7.0
8,5483,13611.39321,GB,8,0.01,0,0.0,16,253.908,31.7385,31507.475148478978,
8,5484,13611.70514,NB,8,0.01,0,0.0,2,118.917,14.864625,67273.81282743426,
8,5485,13611.886504,DT,32,0.1,3,0.09375,18,98.816,3.088,323834.1968911917,
8,5486,13612.022028,LoR,1,0.0,0,0.0,18,163.184,163.184,6128.051769781351,
8,5487,13612.362528,GB,64,0.0,0,0.0,28,257.318,4.02059375,248719.48328527348,
8,5488,13612.660681,MLP,8,0.0,0,0.0,19,197.801,24.725125,40444.68935950779,
8,5489,13612.930783,NB,100,1.0,100,1.0,11,156.979,1.5697900000000002,637027.8827104262,
8,5490,13613.129307,AB,8,0.05,0,0.0,16,8070.711,1008.838875,991.2385662180196,
8,5491,13621.245927,GB,16,0.05,0,0.0,10,214.713,13.4195625,74518.0776198926,
8,5492,13621.53747,RF,100,0.01,2,0.02,15,3800.834,38.00834,26310.01511773469,
8,5493,13625.382141,MLP,8,0.0,0,0.0,11,197.547,24.693375,40496.691926478255,
8,5494,13625.624022,AB,8,0.01,0,0.0,7,7985.814,998.22675,1001.7764000013022,
8,5495,13633.688196,NB,100,0.01,1,0.01,27,143.872,1.4387200000000002,695062.2775800711,
8,5496,13633.876715,MLP,32,0.01,0,0.0,23,196.07,6.1271875,163207.01790176978,
8,5497,13634.132496,GB,8,0.1,1,0.125,29,223.786,27.97325,35748.438240104384,
8,5498,13634.415437,AB,8,0.1,1,0.125,15,7995.488,999.436,1000.5643182755074,
8,5499,13642.483019,LoR,64,0.01,1,0.015625,8,162.821,2.544078125,393069.6900276991,
8,5500,13642.707319,LoR,16,0.05,1,0.0625,6,148.556,9.28475,107703.49228573736,
8,5501,13642.921988,MLP,64,0.5,37,0.578125,10,201.588,3.1498125,317479.21503264084,
8,5502,13643.181512,AB,8,0.1,1,0.125,12,7974.292,996.7865,1003.2238598737041,
8,5503,13651.201245,MLP,32,1.0,32,1.0,9,227.298,7.1030625,140784.34478086038,
8,5504,13651.493901,AB,8,0.05,1,0.125,29,7971.559,996.444875,1003.567809006996,
8,5505,13659.52227,DT,100,1.0,100,1.0,6,112.286,1.12286,890582.9756158381,
8,5506,13659.69734,SGD,32,0.5,18,0.5625,25,159.989,4.99965625,200013.75094537748,
8,5507,13659.920208,AB,16,0.05,1,0.0625,14,8038.301,502.3938125,1990.4703742743645,
8,5508,13668.024814,LoR,32,0.1,2,0.0625,20,156.575,4.89296875,204374.90020756828,
8,5509,13668.250206,AB,64,0.1,10,0.15625,3,8490.909,132.670453125,7537.47331410571,
8,5510,13676.818736,DT,64,0.01,1,0.015625,4,94.827,1.481671875,674913.2631001719,
8,5511,13676.962272,LoR,64,1.0,64,1.0,21,166.876,2.6074375,383518.3010139265,
8,5512,13677.171507,MLP,16,0.0,0,0.0,1,184.021,11.5013125,86946.59848604236,
8,5513,13677.396382,NB,8,1.0,8,1.0,19,125.803,15.725375,63591.488279293815,
8,5514,13677.562798,MLP,8,0.1,0,0.0,25,171.982,21.49775,46516.49591236292,
8,5515,13677.775793,NB,16,1.0,16,1.0,14,110.122,6.882625,145293.40186338787,
8,5516,13677.924468,LoR,16,1.0,16,1.0,22,150.204,9.38775,106521.79702271576,
8,5517,13678.120453,MLP,8,0.01,0,0.0,6,166.964,20.8705,47914.52049543614,
8,5518,13678.330919,NB,32,1.0,32,1.0,8,116.198,3.6311875,275392.00330470403,
8,5519,13678.486083,SGD,16,1.0,16,1.0,7,152.811,9.5506875,104704.5042568925,
8,5520,13678.697953,RF,16,0.5,12,0.75,22,3575.001,223.4375625,4475.523223629867,
8,5521,13682.352826,GB,100,0.5,56,0.56,22,334.23,3.3423000000000003,299195.1650061335,
8,5522,13682.732801,DT,16,0.01,0,0.0,17,96.403,6.0251875,165969.9386948539,
8,5523,13682.887959,RF,8,0.1,2,0.25,3,3111.237,388.904625,2571.3245246183433,
8,5524,13686.067034,AB,32,0.01,1,0.03125,21,8134.245,254.19515625,3933.98526845454,
8,5525,13694.248927,LoR,1,0.1,0,0.0,29,152.978,152.978,6536.8876570487255,
8,5526,13694.562575,DT,8,0.0,0,0.0,26,86.392,10.799,92601.16677470137,
8,5527,13694.703543,RF,100,0.0,0,0.0,17,3698.408,36.98408,27038.660958985598,
8,5528,13698.461859,DT,100,1.0,100,1.0,18,121.865,1.21865,820580.1501661675,
8,5529,13698.624802,SGD,8,0.0,0,0.0,18,164.103,20.512875,48749.87050815646,
8,5530,13698.849716,AB,16,0.1,2,0.125,1,8081.99,505.124375,1979.710442601389,
8,5531,13706.995072,SGD,16,0.5,11,0.6875,1,155.929,9.7455625,102610.80363498772,
8,5532,13707.192018,SGD,16,1.0,16,1.0,2,186.246,11.640375,85907.88527001922,
8,5533,13707.454182,SGD,100,0.1,10,0.1,27,162.499,1.62499,615388.4023901686,
8,5534,13707.68412,AB,64,0.1,7,0.109375,11,8228.906,128.57665625,7777.461548351627,
8,5535,13715.959743,NB,32,1.0,32,1.0,25,121.881,3.80878125,262551.176967698,
8,5536,13716.122576,LoR,1,0.1,0,0.0,20,149.612,149.612,6683.95583241986,
8,5537,13716.452143,NB,64,0.05,4,0.0625,6,130.085,2.032578125,491986.0091478648,
8,5538,13716.62014,SGD,8,1.0,8,1.0,8,152.444,19.0555,52478.28710870878,
8,5539,13716.831876,NB,16,0.5,11,0.6875,2,110.601,6.9125625,144664.15312700608,
8,5540,13716.998287,GB,16,0.5,5,0.3125,8,249.533,15.5958125,64119.77574108435,
8,5541,13717.288961,LoR,1,0.5,1,1.0,20,153.632,153.632,6509.060612372422,
8,5542,13717.592943,RF,8,0.01,0,0.0,1,3036.999,379.624875,2634.179332953353,
8,5543,13720.703111,NB,64,0.5,34,0.53125,18,140.293,2.192078125,456188.1205762226,
8,5544,13720.884502,LoR,8,0.01,0,0.0,5,158.583,19.822875,50446.769199725066,
8,5545,13721.115516,NB,64,0.1,8,0.125,27,129.908,2.0298125,492656.34141084464,
8,5546,13721.286958,GB,16,0.01,0,0.0,13,243.712,15.232,65651.26050420168,
8,5547,13721.606107,SGD,100,0.01,2,0.02,3,172.962,1.72962,578161.6771313931,
8,5548,13721.846605,DT,64,0.5,33,0.515625,21,104.962,1.64003125,609744.4789542882,
8,5549,13721.990374,AB,16,1.0,16,1.0,9,7989.272,499.3295,2002.685601391466,
8,5550,13730.021511,RF,8,0.0,0,0.0,16,2991.149,373.893625,2674.557502819151,
8,5551,13733.080751,SGD,32,0.5,13,0.40625,20,168.844,5.276375,189524.05771007558,
8,5552,13733.29214,RF,8,0.05,0,0.0,7,3099.058,387.38225,2581.4295827958044,
8,5553,13736.438868,DT,32,0.0,0,0.0,18,95.13,2.9728125,336381.79333543574,
8,5554,13736.594761,SGD,16,0.1,2,0.125,11,163.987,10.2491875,97568.70971479447,
8,5555,13736.81292,LoR,100,0.0,0,0.0,20,165.251,1.6525100000000001,605140.0596668099,
8,5556,13737.031814,LoR,100,0.0,0,0.0,2,161.735,1.61735,618295.3596933255,
8,5557,13737.239811,AB,16,1.0,16,1.0,2,8021.935,501.3709375,1994.5312446435928,
8,5558,13745.321127,LoR,100,0.01,0,0.0,26,164.543,1.6454300000000002,607743.8724224063,
8,5559,13745.52546,RF,1,0.0,0,0.0,0,2915.76,2915.76,342.9637555903092,7.48
8,5560,13761.232422,NB,64,0.01,0,0.0,13,135.091,2.110796875,473754.72829426086,
8,5561,13761.407054,SGD,1,0.1,0,0.0,23,156.33,156.33,6396.724876863045,
8,5562,13761.719251,AB,16,0.01,0,0.0,20,8105.415,506.5884375,1973.9889937776165,
8,5563,13769.913767,AB,64,0.1,5,0.078125,0,8650.84,135.169375,7398.1254999514495,
8,5564,13778.620115,DT,8,0.1,0,0.0,29,85.281,10.660125,93807.53039950281,
8,5565,13778.770267,LoR,32,0.05,3,0.09375,11,170.792,5.33725,187362.4057332896,
8,5566,13778.985391,NB,32,1.0,32,1.0,20,122.574,3.8304375,261066.78414671952,
8,5567,13779.152393,NB,1,0.1,0,0.0,23,136.284,136.284,7337.618502538817,
8,5568,13779.353669,RF,100,0.0,0,0.0,20,3943.206,39.43206,25360.075025245955,
8,5569,13783.360997,NB,8,0.5,3,0.375,15,122.376,15.297,65372.29522128522,
8,5570,13783.544889,NB,32,0.1,2,0.0625,2,118.547,3.70459375,269935.1312137802,
8,5571,13783.699381,LoR,1,1.0,1,1.0,24,160.885,160.885,6215.61985268981,
8,5572,13784.046385,SGD,64,0.05,3,0.046875,2,163.792,2.55925,390739.47445540683,
8,5573,13784.266444,NB,100,1.0,100,1.0,17,142.238,1.42238,703047.0057228026,
8,5574,13784.476355,GB,64,0.5,37,0.578125,0,307.591,4.806109375,208068.50655578348,
8,5575,13784.854618,GB,64,0.1,6,0.09375,17,259.568,4.05575,246563.52092707885,
8,5576,13785.175577,AB,16,0.01,1,0.0625,28,8066.5,504.15625,1983.5120560342157,
8,5577,13793.286423,GB,16,0.0,0,0.0,20,211.06,13.19125,75807.82715815408,
8,5578,13793.545582,GB,32,0.01,0,0.0,5,221.625,6.92578125,144388.04286520023,
8,5579,13793.812008,GB,32,1.0,32,1.0,21,231.956,7.248625,137957.1987790788,
8,5580,13794.083265,MLP,1,1.0,1,1.0,19,182.554,182.554,5477.8312170645395,
8,5581,13794.417818,MLP,1,0.5,0,0.0,0,161.353,161.353,6197.591615898062,
8,5582,13794.72885,SGD,32,1.0,32,1.0,3,151.943,4.74821875,210605.292774264,
8,5583,13794.922076,GB,1,0.5,1,1.0,16,201.163,201.163,4971.0930936603645,4.0
8,5584,13807.760649,SGD,8,0.5,5,0.625,18,161.307,20.163375,49594.871890246555,
8,5585,13807.98662,GB,32,0.05,1,0.03125,10,226.456,7.07675,141307.80372346065,
8,5586,13808.256769,DT,8,0.05,0,0.0,28,96.935,12.116875,82529.53009748801,
8,5587,13808.393469,GB,1,0.1,0,0.0,14,202.553,202.553,4936.979457228478,4.0
8,5588,13821.548053,GB,8,0.5,5,0.625,21,258.881,32.360125,30902.22920955961,
8,5589,13821.889751,AB,100,0.1,8,0.08,24,8668.063,86.68063000000001,11536.602814261963,
8,5590,13830.616506,RF,100,0.0,0,0.0,0,3745.31,37.4531,26700.059541132778,
8,5591,13834.443509,MLP,100,0.05,12,0.12,25,270.248,2.70248,370030.4905124182,
8,5592,13834.755023,RF,1,1.0,1,1.0,15,2992.428,2992.428,334.1767955653403,12.08
8,5593,13850.709993,NB,100,0.5,46,0.46,9,153.131,1.53131,653035.6361546649,
8,5594,13850.904503,GB,8,0.01,0,0.0,9,243.354,30.41925,32873.92029718024,
8,5595,13851.221191,NB,64,0.1,10,0.15625,2,168.692,2.6358125,379389.656889479,
8,5596,13851.427522,SGD,1,0.0,0,0.0,20,165.685,165.685,6035.5493858828495,
8,5597,13851.758157,DT,16,1.0,16,1.0,13,96.267,6.0166875,166204.41064954762,
8,5598,13851.90206,LoR,64,1.0,64,1.0,27,162.465,2.538515625,393931.0005231896,
8,5599,13852.104031,NB,8,0.0,0,0.0,11,109.663,13.707875,72950.76735088407,
8,5600,13852.271586,MLP,16,0.5,3,0.1875,6,184.464,11.529,86737.79165582445,
8,5601,13852.510385,LoR,100,1.0,100,1.0,20,161.577,1.61577,618899.9671983017,
8,5602,13852.732197,DT,16,0.05,1,0.0625,10,89.953,5.6220625,177870.6657921359,
8,5603,13852.858513,GB,1,1.0,1,1.0,20,208.915,208.915,4786.635713089056,4.0
8,5604,13865.576676,NB,1,0.0,0,0.0,22,108.874,108.874,9184.92936789316,
8,5605,13865.75442,SGD,16,0.05,1,0.0625,20,161.593,10.0995625,99014.18997110023,
8,5606,13865.956647,DT,16,0.0,0,0.0,29,99.449,6.2155625,160886.48452975898,
8,5607,13866.103802,RF,64,0.0,0,0.0,19,3525.028,55.0785625,18155.884151842198,
8,5608,13869.702692,LoR,64,0.05,3,0.046875,27,175.717,2.745578125,364222.0160826784,
8,5609,13869.921283,LoR,8,0.01,0,0.0,26,151.891,18.986375,52669.34841432343,
8,5610,13870.112996,GB,8,0.0,0,0.0,21,220.14,27.5175,36340.51058417371,
8,5611,13870.371957,AB,1,0.0,0,0.0,4,7811.693,7811.693,128.01322325390925,2.0
8,5612,13890.864755,NB,32,0.5,17,0.53125,9,124.902,3.9031875,256200.8614753967,
8,5613,13891.032095,NB,16,0.1,0,0.0,16,111.908,6.99425,142974.586267291,
8,5614,13891.18274,SGD,1,0.1,0,0.0,12,162.86,162.86,6140.243153628883,
8,5615,13891.523706,LoR,32,0.05,1,0.03125,21,153.78,4.805625,208089.47847574457,
8,5616,13891.745368,NB,64,0.05,4,0.0625,21,129.871,2.029234375,492796.6982621216,
8,5617,13891.932324,LoR,16,0.05,1,0.0625,24,153.067,9.5666875,104529.38909105162,
8,5618,13892.133434,NB,64,0.0,0,0.0,18,127.724,1.9956875,501080.45473051263,
8,5619,13892.313487,RF,100,0.0,0,0.0,5,3634.762,36.34762,27512.117712246356,
8,5620,13896.008021,LoR,100,1.0,100,1.0,8,181.922,1.81922,549686.1292202153,
8,5621,13896.229733,AB,1,0.0,0,0.0,9,7713.756,7713.756,129.6385314754576,2.0
8,5622,13916.578113,SGD,8,0.5,4,0.5,25,161.288,20.161,49600.7142502852,
8,5623,13916.777906,GB,1,0.0,0,0.0,5,216.774,216.774,4613.09935693395,4.0
8,5624,13929.459104,RF,1,0.05,0,0.0,25,2973.417,2973.417,336.3134064276891,6.88
8,5625,13945.061936,SGD,1,1.0,1,1.0,3,154.113,154.113,6488.745271326884,
8,5626,13945.38618,RF,100,0.0,0,0.0,14,3666.43,36.6643,27274.487716934458,
8,5627,13949.119646,AB,32,0.1,3,0.09375,18,7919.13,247.4728125,4040.8479214257122,
8,5628,13957.095517,NB,100,1.0,100,1.0,1,141.331,1.4133099999999998,707558.8512074492,
8,5629,13957.29085,AB,100,0.0,0,0.0,12,8908.119,89.08119,11225.714429724165,
8,5630,13966.273935,DT,64,1.0,64,1.0,25,113.69,1.77640625,562934.295012754,
8,5631,13966.474568,LoR,100,0.01,1,0.01,8,252.904,2.52904,395406.9528358587,
8,5632,13966.816626,MLP,100,1.0,100,1.0,28,262.478,2.62478,380984.3110660703,
8,5633,13967.125084,AB,8,0.01,0,0.0,4,8017.574,1002.19675,997.8080651329193,
8,5634,13975.206713,LoR,16,0.1,1,0.0625,23,204.423,12.7764375,78269.07931103643,
8,5635,13975.48584,RF,100,0.5,53,0.53,13,4727.901,47.27901,21151.03509993124,
8,5636,13980.277806,AB,32,0.0,0,0.0,27,8543.456,266.983,3745.5568332066086,
8,5637,13988.877966,LoR,8,0.05,0,0.0,28,168.649,21.081125,47435.798611317,
8,5638,13989.089081,LoR,16,1.0,16,1.0,28,145.728,9.108,109793.5880544576,
8,5639,13989.325953,GB,32,0.01,1,0.03125,8,364.808,11.40025,87717.37461897766,
8,5640,13989.820435,DT,100,1.0,100,1.0,10,195.683,1.9568299999999998,511030.59540174674,
8,5641,13990.089779,DT,100,0.01,0,0.0,24,127.304,1.27304,785521.2719160435,
8,5642,13990.257426,MLP,1,0.5,1,1.0,20,230.791,230.791,4332.924594113289,
8,5643,13990.657527,DT,32,0.0,0,0.0,27,118.278,3.6961875,270549.04546914896,
8,5644,13990.819751,GB,32,0.0,0,0.0,18,261.826,8.1820625,122218.57263984477,
8,5645,13991.141769,MLP,100,0.0,0,0.0,16,274.014,2.7401400000000002,364944.8568321327,
8,5646,13991.456999,GB,1,0.0,0,0.0,24,312.009,312.009,3205.035752173815,4.0
8,5647,14004.20827,LoR,1,0.5,0,0.0,16,158.243,158.243,6319.39485474871,
8,5648,14004.541479,NB,16,0.5,10,0.625,23,119.344,7.459,134066.2287169862,
8,5649,14004.699689,NB,1,0.5,1,1.0,8,97.888,97.888,10215.756783262503,
8,5650,14004.840626,MLP,1,1.0,1,1.0,18,166.829,166.829,5994.161686517332,
8,5651,14005.160362,SGD,32,1.0,32,1.0,27,207.884,6.496375,153932.00053876202,
8,5652,14005.436756,DT,64,0.1,12,0.1875,5,101.305,1.582890625,631755.5895562904,
8,5653,14005.576868,DT,16,1.0,16,1.0,25,89.152,5.572,179468.77243359655,
8,5654,14005.706314,LoR,32,1.0,32,1.0,5,151.99,4.7496875,210540.16711625762,
8,5655,14005.916289,SGD,16,0.01,1,0.0625,21,148.46,9.27875,107773.13754546679,
8,5656,14006.105594,SGD,32,0.0,0,0.0,28,146.62,4.581875,218251.26176510708,
8,5657,14006.308148,DT,8,0.5,4,0.5,11,85.983,10.747875,93041.64776758196,
8,5658,14006.447601,MLP,8,0.5,3,0.375,8,170.882,21.36025,46815.93146147634,
8,5659,14006.679825,RF,32,0.5,13,0.40625,9,3729.154,116.5360625,8581.034733347027,
8,5660,14010.456554,SGD,32,1.0,32,1.0,0,167.232,5.226,191350.93761959433,
8,5661,14010.686869,DT,32,0.05,2,0.0625,6,92.691,2.89659375,345233.08627590595,
8,5662,14010.854187,SGD,100,0.5,52,0.52,4,167.021,1.67021,598727.1061722778,
8,5663,14011.075539,AB,100,0.0,0,0.0,18,8567.689,85.67689,11671.7588605282,
8,5664,14019.688314,MLP,32,0.0,0,0.0,21,188.05,5.8765625,170167.5086413188,
8,5665,14019.917812,LoR,1,0.1,0,0.0,21,142.343,142.343,7025.283997105584,
8,5666,14020.282083,RF,100,0.01,1,0.01,13,3783.572,37.83572,26430.050756269473,
8,5667,14024.111134,RF,8,0.01,0,0.0,16,3044.931,380.616375,2627.3173349412514,
8,5668,14027.199382,MLP,1,0.5,0,0.0,19,213.599,213.599,4681.669858004953,
8,5669,14027.587276,SGD,32,0.05,1,0.03125,5,156.064,4.877,205044.0844781628,
8,5670,14027.793957,MLP,64,0.05,0,0.0,27,199.751,3.121109375,320398.8966262997,
8,5671,14028.061356,LoR,64,0.1,7,0.109375,21,154.714,2.41740625,413666.50723270036,
8,5672,14028.287867,AB,100,0.5,52,0.52,20,8380.533,83.80533,11932.41527716674,
8,5673,14036.72987,MLP,8,0.05,1,0.125,23,200.457,25.057125,39908.808372868,
8,5674,14036.974416,RF,32,1.0,32,1.0,25,3816.542,119.2669375,8384.553346982688,
8,5675,14040.836339,DT,16,1.0,16,1.0,11,100.208,6.263,159667.8907871627,
8,5676,14040.996111,DT,8,0.05,1,0.125,10,93.534,11.69175,85530.39536425256,
8,5677,14041.150142,LoR,32,0.5,10,0.3125,25,161.059,5.03309375,198684.95396097083,
8,5678,14041.350362,SGD,8,1.0,8,1.0,3,151.547,18.943375,52788.90377242704,
8,5679,14041.569149,RF,64,0.05,6,0.09375,6,3932.835,61.450546875,16273.24817847685,
8,5680,14045.643546,AB,64,0.05,1,0.015625,11,8532.339,133.317796875,7500.874027625953,
8,5681,14054.263887,AB,64,0.01,3,0.046875,20,8331.912,130.186125,7681.310124254793,
8,5682,14062.648968,DT,32,1.0,32,1.0,26,95.51,2.9846875,335043.45094754477,
8,5683,14062.802756,MLP,100,0.0,0,0.0,6,259.567,2.59567,385256.9856722927,
8,5684,14063.133245,SGD,64,0.05,2,0.03125,21,205.559,3.211859375,311346.1341999134,
8,5685,14063.382059,NB,32,1.0,32,1.0,28,125.122,3.9100625,255750.38762168124,
8,5686,14063.546076,NB,16,1.0,16,1.0,11,108.691,6.7931875,147206.30042965838,
8,5687,14063.702316,LoR,32,0.01,0,0.0,6,158.981,4.96815625,201281.91419100398,
8,5688,14063.92055,LoR,16,0.5,5,0.3125,5,148.204,9.26275,107959.29934414725,
8,5689,14064.126735,RF,16,0.5,10,0.625,11,3478.905,217.4315625,4599.148295225078,
8,5690,14067.648347,GB,1,0.0,0,0.0,16,263.946,263.946,3788.653739780106,4.0
8,5691,14080.394131,GB,16,0.05,1,0.0625,17,228.94,14.30875,69887.30671791735,
8,5692,14080.668159,SGD,16,0.05,0,0.0,21,161.949,10.1218125,98796.53471154498,
8,5693,14080.870711,DT,8,1.0,8,1.0,3,92.405,11.550625,86575.40176397382,
8,5694,14081.031274,DT,64,0.01,1,0.015625,0,91.1,1.4234375,702524.6981339188,
8,5695,14081.178021,LoR,16,0.5,8,0.5,25,155.879,9.7424375,102643.71724221994,
8,5696,14081.387052,DT,100,1.0,100,1.0,21,114.782,1.14782,871216.7413009008,
8,5697,14081.540887,NB,1,0.5,0,0.0,23,105.268,105.268,9499.563020101075,
8,5698,14081.726232,MLP,100,0.01,3,0.03,16,237.709,2.37709,420682.4310396325,
8,5699,14082.03245,SGD,64,0.05,6,0.09375,29,163.434,2.55365625,391595.38406941027,
8,5700,14082.239497,MLP,32,1.0,32,1.0,26,188.999,5.90621875,169313.06514849287,
8,5701,14082.483842,RF,100,0.0,0,0.0,13,4061.223,40.61223,24623.12461049295,
8,5702,14086.640122,GB,64,0.5,33,0.515625,2,347.583,5.430984375,184128.682933285,
8,5703,14087.035812,GB,32,1.0,32,1.0,28,259.56,8.11125,123285.56017876406,
8,5704,14087.347825,MLP,64,0.0,0,0.0,5,247.88,3.873125,258189.44650637405,
8,5705,14087.641185,DT,8,0.05,0,0.0,0,95.316,11.9145,83931.34416047673,
8,5706,14087.778712,LoR,8,0.1,0,0.0,26,163.865,20.483125,48820.675556098,
8,5707,14087.989372,SGD,1,0.05,0,0.0,29,153.855,153.855,6499.62627148939,
8,5708,14088.303871,AB,8,1.0,8,1.0,23,8031.122,1003.89025,996.1248253979954,
8,5709,14096.407079,GB,64,0.1,3,0.046875,11,249.247,3.894484375,256773.40148527364,
8,5710,14096.718281,SGD,16,0.5,12,0.75,2,162.844,10.17775,98253.54326840412,
8,5711,14096.939758,AB,16,0.5,10,0.625,0,8041.72,502.6075,1989.624110264968,
8,5712,14105.024696,LoR,1,0.1,0,0.0,7,149.076,149.076,6707.987871957927,
8,5713,14105.368384,SGD,16,0.1,1,0.0625,1,164.681,10.2925625,97157.5348704465,
8,5714,14105.609429,SGD,100,0.01,2,0.02,6,162.106,1.62106,616880.3128816948,
8,5715,14105.81198,MLP,16,0.0,0,0.0,24,176.734,11.045875,90531.53326468026,
8,5716,14106.056514,RF,64,0.05,2,0.03125,13,3544.763,55.386921875,18054.803663883875,
8,5717,14109.669651,AB,32,0.1,6,0.1875,10,8113.048,253.53275,3944.2636109141717,
8,5718,14117.823697,SGD,1,0.0,0,0.0,2,149.917,149.917,6670.357597870821,
8,5719,14118.140974,NB,8,0.5,5,0.625,20,117.448,14.681,68115.25100469995,
8,5720,14118.315246,SGD,8,0.5,3,0.375,20,153.561,19.195125,52096.56097576858,
8,5721,14118.509487,DT,16,0.0,0,0.0,18,89.36,5.585,179051.02954341986,
8,5722,14118.63727,MLP,8,1.0,8,1.0,7,173.228,21.6535,46181.91054563927,
8,5723,14118.851736,AB,1,0.01,0,0.0,6,7778.91,7778.91,128.5527149690638,2.0
8,5724,14139.368951,SGD,32,1.0,32,1.0,2,163.962,5.1238125,195167.17288152134,
8,5725,14139.598485,GB,32,0.5,20,0.625,20,247.688,7.74025,129194.79344982398,
8,5726,14139.887587,AB,8,1.0,8,1.0,8,7942.17,992.77125,1007.2813853140892,
8,5727,14147.874785,AB,8,0.05,0,0.0,8,7901.78,987.7225,1012.4301106839218,
8,5728,14155.837258,LoR,100,0.01,0,0.0,2,165.726,1.65726,603405.6213267683,
8,5729,14156.078257,DT,100,0.5,53,0.53,25,107.633,1.07633,929083.087900551,
8,5730,14156.228074,AB,32,0.0,0,0.0,24,8149.036,254.657375,3926.8448439790914,
8,5731,14164.444061,GB,32,0.1,2,0.0625,17,233.798,7.3061875,136870.28973729457,
8,5732,14164.719047,LoR,8,0.0,0,0.0,12,154.949,19.368625,51629.89112546708,
8,5733,14164.916722,RF,8,0.05,0,0.0,2,3131.276,391.4095,2554.8690054789167,
8,5734,14168.091168,SGD,8,0.0,0,0.0,4,165.799,20.724875,48251.19572494406,
8,5735,14168.299808,NB,16,0.0,0,0.0,7,116.832,7.302,136948.7811558477,
8,5736,14168.455392,LoR,8,1.0,8,1.0,4,153.106,19.13825,52251.38139589565,
8,5737,14168.646477,DT,1,0.0,0,0.0,27,86.276,86.276,11590.708887755576,7.0
8,5738,14168.924358,AB,16,0.01,0,0.0,26,8037.524,502.34525,1990.6627961546367,
8,5739,14177.024405,AB,8,0.05,1,0.125,2,7836.711,979.588875,1020.8364197684461,
8,5740,14184.925202,RF,16,0.5,6,0.375,14,3352.163,209.5101875,4773.03758796932,
8,5741,14188.323454,GB,8,0.05,0,0.0,6,237.32,29.665,33709.758975223325,
8,5742,14188.606954,GB,1,0.01,0,0.0,3,207.921,207.921,4809.51900000481,4.0
8,5743,14201.740417,DT,64,0.1,11,0.171875,2,122.113,1.908015625,524104.7226748995,
8,5744,14201.903802,DT,1,0.05,0,0.0,13,85.587,85.587,11684.017432554008,7.0
8,5745,14202.193849,DT,16,0.1,1,0.0625,21,89.885,5.6178125,178005.22890359903,
8,5746,14202.322115,DT,1,0.1,0,0.0,24,87.694,87.694,11403.28870846352,7.0
8,5747,14202.591653,RF,8,0.01,0,0.0,18,3166.4,395.8,2526.528549772612,
8,5748,14205.82398,SGD,16,0.05,2,0.125,4,184.097,11.5060625,86910.70468285741,
8,5749,14206.078762,AB,64,0.01,1,0.015625,27,8338.394,130.28740625,7675.338920180552,
8,5750,14214.480091,GB,8,0.5,3,0.375,10,236.171,29.521375,33873.760961337335,
8,5751,14214.78176,NB,32,0.1,3,0.09375,21,127.721,3.99128125,250546.11222899915,
8,5752,14214.973911,RF,64,0.5,36,0.5625,4,4204.236,65.6911875,15222.742015433958,
8,5753,14219.226199,AB,1,1.0,1,1.0,7,7798.021,7798.021,128.23766440228874,2.0
8,5754,14240.09878,SGD,16,0.05,1,0.0625,13,188.542,11.783875,84861.72842125362,
8,5755,14240.329728,DT,16,0.0,0,0.0,9,93.322,5.832625,171449.3902831058,
8,5756,14240.481069,AB,100,0.0,0,0.0,24,8591.447,85.91447,11639.482848465455,
8,5757,14249.116905,AB,1,0.5,1,1.0,10,7714.923,7714.923,129.61892166648974,2.0
8,5758,14269.545926,LoR,100,0.5,53,0.53,23,184.63,1.8463,541623.788116774,
8,5759,14269.805879,LoR,100,0.1,12,0.12,3,164.631,1.64631,607419.0158597105,
8,5760,14270.03392,GB,32,0.05,1,0.03125,17,272.051,8.50159375,117625.00413525406,
8,5761,14270.35626,AB,64,1.0,64,1.0,25,8189.862,127.96659375,7814.539487966952,
8,5762,14278.607928,RF,8,0.1,2,0.25,15,3269.272,408.659,2447.027962188524,
8,5763,14281.927667,AB,32,0.01,0,0.0,20,8078.109,252.44090625,3961.3231264891324,
8,5764,14290.050119,LoR,1,0.05,1,1.0,14,150.545,150.545,6642.532133249195,
8,5765,14290.360233,DT,8,0.0,0,0.0,22,85.723,10.715375,93323.84540905007,
8,5766,14290.50935,RF,32,0.05,1,0.03125,13,3217.689,100.55278125,9945.025762278456,
8,5767,14293.771782,NB,1,0.01,0,0.0,29,118.175,118.175,8462.026655383965,
8,5768,14293.948005,RF,64,0.0,0,0.0,27,3440.892,53.7639375,18599.82818408715,
8,5769,14297.433444,MLP,1,0.01,0,0.0,21,189.64,189.64,5273.149124657246,
8,5770,14297.779498,DT,32,1.0,32,1.0,27,103.356,3.229875,309609.5050118039,
8,5771,14297.926397,MLP,16,0.05,0,0.0,0,187.396,11.71225,85380.69115669491,
8,5772,14298.189064,NB,100,0.05,11,0.11,2,146.126,1.46126,684340.9112683574,
8,5773,14298.396138,RF,32,0.5,13,0.40625,29,3631.061,113.47065625,8812.851119824205,
8,5774,14302.095323,SGD,32,0.5,13,0.40625,2,171.64,5.36375,186436.728035423,
8,5775,14302.343981,GB,100,0.5,58,0.58,25,328.272,3.28272,304625.43256811425,
8,5776,14302.714832,MLP,1,0.05,0,0.0,25,176.039,176.039,5680.559421491829,
8,5777,14303.079504,RF,100,0.05,10,0.1,15,3867.104,38.67104,25859.144207137953,
8,5778,14307.027398,AB,100,0.01,2,0.02,10,8598.962,85.98962,11629.310607489602,
8,5779,14315.686394,RF,100,1.0,100,1.0,28,5166.83,51.6683,19354.22686637648,
8,5780,14320.905574,SGD,1,0.05,0,0.0,22,172.099,172.099,5810.609009930331,
8,5781,14321.258428,GB,100,0.0,0,0.0,14,296.668,2.96668,337077.1367319697,
8,5782,14321.601359,NB,16,0.01,0,0.0,29,124.181,7.7613125,128844.18711397074,
8,5783,14321.763009,GB,1,1.0,1,1.0,4,212.64,212.64,4702.784048156509,4.0
8,5784,14334.587524,NB,32,0.1,4,0.125,22,125.652,3.926625,254671.63276350556,
8,5785,14334.758731,MLP,32,0.01,0,0.0,10,204.996,6.406125,156100.60684110908,
8,5786,14335.027653,DT,32,0.5,9,0.28125,9,100.872,3.15225,317233.7219446427,
8,5787,14335.194525,SGD,64,0.01,1,0.015625,7,169.253,2.644578125,378132.1453681767,
8,5788,14335.411231,SGD,64,0.0,0,0.0,19,158.314,2.47365625,404259.8885758682,
8,5789,14335.613579,AB,32,1.0,32,1.0,23,8006.148,250.192125,3996.9283605549135,
8,5790,14343.696829,GB,100,0.05,4,0.04,19,260.671,2.60671,383625.3361517008,
8,5791,14344.007128,NB,64,1.0,64,1.0,22,131.774,2.05896875,485680.0279266016,
8,5792,14344.198039,GB,16,0.1,1,0.0625,9,216.27,13.516875,73981.59707772691,
8,5793,14344.468251,SGD,100,0.0,0,0.0,0,169.396,1.69396,590332.7115162106,
8,5794,14344.680505,MLP,32,0.0,0,0.0,18,186.578,5.8305625,171510.03869695248,
8,5795,14344.90631,AB,8,0.0,0,0.0,21,8657.556,1082.1945,924.0483110938005,
8,5796,14353.650629,LoR,100,0.01,0,0.0,23,192.273,1.92273,520093.8249260167,
8,5797,14353.893565,DT,1,0.01,0,0.0,7,88.475,88.475,11302.627860977678,7.0
8,5798,14354.195374,NB,1,0.5,1,1.0,24,113.977,113.977,8773.69995700887,
8,5799,14354.383989,GB,32,0.01,1,0.03125,1,277.575,8.67421875,115284.1574349275,
8,5800,14354.704445,GB,16,0.0,0,0.0,28,226.738,14.171125,70566.02775009042,
8,5801,14354.97635,NB,16,0.01,0,0.0,16,120.579,7.5361875,132693.08917804924,
8,5802,14355.140945,DT,32,1.0,32,1.0,20,111.524,3.485125,286933.75416950614,
8,5803,14355.3025,GB,64,0.0,0,0.0,18,250.595,3.915546875,255392.16664338874,
8,5804,14355.614972,SGD,16,0.05,2,0.125,23,173.053,10.8158125,92457.2240874183,
8,5805,14355.851033,GB,32,0.5,14,0.4375,23,240.409,7.51278125,133106.49767687568,
8,5806,14356.15093,DT,8,0.5,4,0.5,20,100.423,12.552875,79663.02540254722,
8,5807,14356.314026,SGD,32,0.01,1,0.03125,13,168.393,5.26228125,190031.65214706075,
8,5808,14356.525577,NB,32,1.0,32,1.0,1,134.958,4.2174375,237110.8048429882,
8,5809,14356.699092,AB,16,0.0,0,0.0,4,8080.783,505.0489375,1980.0061454440738,
8,5810,14364.832224,RF,64,0.01,0,0.0,9,3542.23,55.34734375,18067.71440589685,
8,5811,14368.45316,MLP,100,0.1,8,0.08,15,252.744,2.52744,395657.26585003006,
8,5812,14368.780927,DT,100,0.5,53,0.53,3,111.28,1.1128,898634.0762041697,
8,5813,14368.938326,LoR,64,1.0,64,1.0,17,163.116,2.5486875,392358.8121336962,
8,5814,14369.140696,SGD,16,1.0,16,1.0,25,149.152,9.322,107273.1173567904,
8,5815,14369.330079,AB,8,0.1,0,0.0,20,7824.561,978.070125,1022.4215773894535,
8,5816,14377.231604,RF,100,0.05,4,0.04,20,3835.893,38.35893,26069.548863849956,
8,5817,14381.130304,GB,8,0.05,1,0.125,29,239.321,29.915125,33427.906452003794,
8,5818,14381.444708,MLP,100,0.1,12,0.12,27,291.359,2.9135899999999997,343219.1900713553,
8,5819,14381.799122,RF,32,0.5,17,0.53125,6,3610.674,112.8335625,8862.611246542889,
8,5820,14385.463894,MLP,64,0.01,0,0.0,18,219.351,3.427359375,291769.8118540604,
8,5821,14385.727898,LoR,8,1.0,8,1.0,14,151.786,18.97325,52705.78314205526,
8,5822,14385.921933,LoR,8,0.05,0,0.0,17,144.985,18.123125,55178.12187467668,
8,5823,14386.112311,RF,32,0.05,0,0.0,4,3271.199,102.22496875,9782.345861563299,
8,5824,14389.430889,SGD,32,0.0,0,0.0,11,167.332,5.229125,191236.58355843474,
8,5825,14389.640794,AB,8,0.01,0,0.0,22,7910.985,988.873125,1011.2520754368768,
8,5826,14397.594456,RF,1,0.01,0,0.0,1,2884.584,2884.584,346.67043844103694,6.94
8,5827,14413.939172,AB,16,0.5,11,0.6875,17,7959.993,497.4995625,2010.0520188899663,
8,5828,14421.983888,GB,100,0.05,4,0.04,20,332.814,3.3281400000000003,300468.1293455203,
8,5829,14422.358324,NB,8,0.0,0,0.0,24,121.872,15.234,65642.64145989234,
8,5830,14422.520949,GB,8,0.01,0,0.0,15,217.708,27.2135,36746.46774578794,
8,5831,14422.797592,NB,16,0.1,2,0.125,20,113.362,7.085125,141140.77027575378,
8,5832,14422.980326,RF,100,0.1,16,0.16,11,4277.796,42.77796,23376.523798703816,
8,5833,14427.315953,NB,8,0.01,0,0.0,25,119.63,14.95375,66872.85797876788,
8,5834,14427.480752,DT,32,0.01,0,0.0,5,94.079,2.93996875,340139.66985193297,
8,5835,14427.614581,NB,8,0.05,0,0.0,28,109.219,13.652375,73247.32876147924,
8,5836,14427.763613,DT,16,0.01,0,0.0,14,96.947,6.0591875,165038.6293541832,
8,5837,14427.899169,SGD,16,0.0,0,0.0,3,169.57,10.598125,94356.31302706848,
8,5838,14428.142586,LoR,100,0.01,1,0.01,10,166.162,1.66162,601822.3179788399,
8,5839,14428.368668,AB,32,0.1,2,0.0625,3,7958.383,248.69946875,4020.917314484613,
8,5840,14436.369277,SGD,1,0.5,1,1.0,13,148.694,148.694,6725.220923507338,
8,5841,14436.69574,RF,32,0.1,4,0.125,10,3461.18,108.161875,9245.401857170098,
8,5842,14440.230645,GB,64,0.05,2,0.03125,12,273.055,4.266484375,234385.01400816685,
8,5843,14440.574607,SGD,64,0.1,7,0.109375,8,173.616,2.71275,368629.61938991793,
8,5844,14440.79255,SGD,32,1.0,32,1.0,4,157.194,4.9123125,203570.1108184791,
8,5845,14440.990996,RF,8,0.1,0,0.0,8,3010.726,376.34075,2657.166411025115,
8,5846,14444.051909,RF,32,0.01,0,0.0,22,3269.497,102.17178125,9787.438251205002,
8,5847,14447.36556,GB,8,0.0,0,0.0,11,238.246,29.78075,33578.73794313441,
8,5848,14447.666423,DT,16,0.5,10,0.625,10,95.926,5.995375,166795.23799595522,
8,5849,14447.822613,RF,32,0.1,3,0.09375,26,3144.501,98.26565625,10176.495412149654,
8,5850,14451.00904,LoR,1,1.0,1,1.0,10,164.093,164.093,6094.10517206706,
8,5851,14451.34961,RF,100,0.0,0,0.0,3,3651.966,36.51966,27382.51122819873,
8,5852,14455.064317,GB,8,0.05,0,0.0,18,261.858,32.73225,30550.90927143719,
8,5853,14455.36715,AB,1,0.0,0,0.0,29,8309.725,8309.725,120.34092584291297,2.0
8,5854,14476.53149,LoR,16,0.05,0,0.0,18,179.826,11.239125,88974.8979569139,
8,5855,14476.771682,NB,100,1.0,100,1.0,2,151.359,1.51359,660680.8977332038,
8,5856,14476.962211,DT,8,1.0,8,1.0,26,94.746,11.84325,84436.28227049163,
8,5857,14477.099429,NB,32,1.0,32,1.0,18,117.268,3.664625,272879.21683664765,
8,5858,14477.254678,LoR,1,0.05,0,0.0,5,152.559,152.559,6554.841077878067,
8,5859,14477.598294,SGD,64,0.05,3,0.046875,27,162.594,2.54053125,393618.46070580714,
8,5860,14477.815479,LoR,100,0.0,0,0.0,28,160.814,1.60814,621836.4072779734,
8,5861,14478.016998,NB,1,0.1,0,0.0,14,102.653,102.653,9741.556505898512,
8,5862,14478.185706,AB,8,0.5,3,0.375,1,7946.775,993.346875,1006.6976855391024,
8,5863,14486.204915,NB,64,0.5,37,0.578125,8,130.723,2.042546875,489584.8473489745,
8,5864,14486.380922,SGD,32,0.01,0,0.0,7,159.294,4.9779375,200886.41128981631,
8,5865,14486.582749,GB,32,1.0,32,1.0,4,269.117,8.40990625,118907.38972268566,
8,5866,14486.902396,RF,64,1.0,64,1.0,1,4733.425,73.959765625,13520.864912827392,
8,5867,14491.683314,GB,8,0.05,0,0.0,12,251.094,31.38675,31860.57811018981,
8,5868,14491.982879,SGD,32,0.01,0,0.0,25,166.252,5.195375,192478.8874720304,
8,5869,14492.210193,SGD,16,0.5,11,0.6875,14,154.63,9.664375,103472.80605315916,
8,5870,14492.406473,DT,8,0.01,0,0.0,11,87.893,10.986625,91019.76266596885,
8,5871,14492.538588,SGD,32,0.01,0,0.0,9,185.054,5.7829375,172922.49829779417,
8,5872,14492.828646,DT,32,0.1,4,0.125,28,104.654,3.2704375,305769.4880272135,
8,5873,14492.972942,DT,8,0.01,0,0.0,21,85.259,10.657375,93831.73623898943,
8,5874,14493.126584,GB,16,0.01,0,0.0,16,335.063,20.9414375,47752.21376278491,
8,5875,14493.532113,NB,32,0.0,0,0.0,5,152.708,4.772125,209550.2527699924,
8,5876,14493.762348,AB,100,0.05,3,0.03,5,9245.823,92.45823,10815.69482781576,
8,5877,14503.11021,AB,32,0.5,14,0.4375,15,8374.41,261.7003125,3821.164714887377,
8,5878,14511.57492,AB,16,0.05,1,0.0625,2,8009.946,500.621625,1997.5165875025875,
8,5879,14519.660751,DT,64,0.5,25,0.390625,22,97.649,1.525765625,655408.6575387357,
8,5880,14519.81731,NB,16,0.1,1,0.0625,22,123.287,7.7054375,129778.4843495259,
8,5881,14519.978834,RF,1,0.05,0,0.0,14,3051.347,3051.347,327.7241165950644,9.01
8,5882,14536.50751,NB,64,0.1,3,0.046875,24,148.695,2.323359375,430411.24449376244,
8,5883,14536.697321,LoR,16,1.0,16,1.0,27,181.952,11.372,87935.27963418924,
8,5884,14536.918926,RF,8,0.0,0,0.0,23,3198.312,399.789,2501.3194460077693,
8,5885,14540.186496,LoR,32,0.1,6,0.1875,19,175.065,5.47078125,182789.24970725158,
8,5886,14540.401748,NB,8,0.0,0,0.0,5,113.323,14.165375,70594.67186714083,
8,5887,14540.578998,DT,8,0.05,1,0.125,16,92.093,11.511625,86868.70880522949,
8,5888,14540.724894,NB,100,1.0,100,1.0,14,142.923,1.42923,699677.448696151,
8,5889,14540.908313,MLP,1,0.0,0,0.0,12,181.92,181.92,5496.921723834653,
8,5890,14541.284784,SGD,100,0.1,12,0.12,1,168.36,1.6836000000000002,593965.3124257543,
8,5891,14541.493369,SGD,16,1.0,16,1.0,6,149.027,9.3141875,107363.09527803688,
8,5892,14541.709449,NB,64,0.05,5,0.078125,3,128.364,2.0056875,498582.1569910567,
8,5893,14541.8769,MLP,1,0.5,0,0.0,2,166.742,166.742,5997.289225270179,
8,5894,14542.226393,AB,64,0.1,6,0.09375,9,8364.958,130.70246875,7650.96489426486,
8,5895,14550.670801,LoR,100,0.05,3,0.03,17,167.854,1.6785400000000001,595755.835428408,
8,5896,14550.89718,MLP,8,0.5,3,0.375,14,175.917,21.989625,45475.991518727584,
8,5897,14551.111693,SGD,1,0.0,0,0.0,10,183.536,183.536,5448.522360735768,
8,5898,14551.478465,GB,100,0.5,45,0.45,10,331.4,3.3139999999999996,301750.15087507543,
8,5899,14551.878163,GB,32,0.5,15,0.46875,1,245.822,7.6819375,130175.49283627991,
8,5900,14552.193553,NB,64,0.01,2,0.03125,12,135.309,2.114203125,472991.44920145744,
8,5901,14552.381922,GB,100,0.0,0,0.0,11,267.584,2.67584,373714.42238698876,
8,5902,14552.689278,RF,1,1.0,1,1.0,8,3063.254,3063.254,326.4502388636398,20.99
8,5903,14568.741698,MLP,100,0.05,5,0.05,14,242.458,2.42458,412442.5673724934,
8,5904,14569.026597,AB,1,0.05,0,0.0,14,7817.429,7817.429,127.91929418226887,2.0
8,5905,14589.780908,AB,32,0.0,0,0.0,12,8258.812,258.087875,3874.6492836984303,
8,5906,14598.082304,AB,1,1.0,1,1.0,25,7854.466,7854.466,127.31610271150196,2.0
8,5907,14618.988822,MLP,1,0.01,0,0.0,6,202.823,202.823,4930.407300947131,
8,5908,14619.416487,GB,16,0.05,1,0.0625,7,261.349,16.3343125,61220.819670249366,
8,5909,14619.744124,SGD,32,0.1,3,0.09375,5,170.516,5.328625,187665.6736024772,
8,5910,14619.955135,GB,1,0.05,0,0.0,4,209.537,209.537,4772.426826765679,4.0
8,5911,14632.684605,GB,100,0.0,0,0.0,21,273.759,2.73759,365284.7942898681,
8,5912,14633.001829,NB,1,0.05,0,0.0,24,116.511,116.511,8582.880586382402,
8,5913,14633.176475,RF,64,1.0,64,1.0,28,4658.427,72.787921875,13738.543074733167,
8,5914,14637.883256,LoR,32,1.0,32,1.0,2,176.525,5.51640625,181277.4394561677,
8,5915,14638.122953,NB,8,0.01,0,0.0,15,115.732,14.4665,69125.22033663982,
8,5916,14638.298247,MLP,16,0.5,10,0.625,8,194.741,12.1713125,82160.40792642535,
8,5917,14638.577913,GB,100,0.01,1,0.01,3,273.982,2.7398200000000004,364987.4809294041,
8,5918,14638.912957,GB,16,0.5,7,0.4375,6,223.218,13.951125,71678.80726464713,
8,5919,14639.176162,SGD,8,0.0,0,0.0,26,196.53,24.56625,40706.25349819366,
8,5920,14639.414033,DT,1,0.1,0,0.0,26,89.409,89.409,11184.5563645718,14.0
8,5921,14639.7133,MLP,16,0.05,1,0.0625,18,187.346,11.709125,85403.47805664386,
8,5922,14639.964811,LoR,32,0.5,16,0.5,20,154.655,4.83296875,206912.15932236268,
8,5923,14640.167497,LoR,64,0.0,0,0.0,20,153.874,2.40428125,415924.71762610966,
8,5924,14640.362749,DT,8,0.05,0,0.0,20,89.174,11.14675,89712.24796465336,
8,5925,14640.509974,RF,16,0.1,1,0.0625,19,3248.359,203.0224375,4925.56395398415,
8,5926,14643.825805,NB,32,0.05,2,0.0625,27,130.096,4.0655,245972.20514081907,
8,5927,14644.017528,SGD,16,0.1,5,0.3125,4,162.698,10.168625,98341.71286678386,
8,5928,14644.253664,RF,100,0.5,44,0.44,16,4483.526,44.83526,22303.874227561075,
8,5929,14648.811144,AB,64,0.5,32,0.5,2,8348.274,130.44178125,7666.25532415443,
8,5930,14657.206268,GB,16,0.01,0,0.0,21,224.053,14.0033125,71411.67491620286,
8,5931,14657.492139,LoR,8,0.5,3,0.375,19,161.029,20.128625,49680.49233367903,
8,5932,14657.699215,LoR,32,0.1,0,0.0,25,153.415,4.79421875,208584.55822442396,
8,5933,14657.895854,AB,16,0.01,0,0.0,29,8089.027,505.5641875,1977.9882055035791,
8,5934,14666.056413,RF,64,0.5,32,0.5,20,4109.874,64.21678125,15572.25355327195,
8,5935,14670.211577,MLP,16,1.0,16,1.0,12,202.986,12.686625,78823.17007084233,
8,5936,14670.465648,MLP,64,0.0,0,0.0,9,206.495,3.226484375,309934.8652509746,
8,5937,14670.713158,MLP,8,0.0,0,0.0,22,174.056,21.757,45962.21905593602,
8,5938,14670.931359,RF,32,1.0,32,1.0,9,3815.691,119.24034375,8386.423324110889,
8,5939,14674.82432,DT,64,0.05,4,0.0625,0,103.925,1.623828125,615828.7226365168,
8,5940,14674.966664,NB,1,1.0,1,1.0,14,112.192,112.192,8913.291500285226,
8,5941,14675.150766,NB,32,0.05,1,0.03125,11,157.771,4.93034375,202825.61433977095,
8,5942,14675.356372,LoR,64,1.0,64,1.0,23,167.977,2.624640625,381004.5422885276,
8,5943,14675.568129,SGD,32,0.0,0,0.0,7,155.938,4.8730625,205209.76285446782,
8,5944,14675.837063,GB,32,0.05,4,0.125,23,421.713,13.17853125,75880.99015207024,
8,5945,14676.31145,RF,1,1.0,1,1.0,17,3126.261,3126.261,319.87092568406797,18.15
8,5946,14692.339864,RF,16,0.1,0,0.0,26,3047.896,190.4935,5249.522949601955,
8,5947,14695.467749,SGD,100,0.01,2,0.02,17,188.911,1.88911,529349.7996411008,
8,5948,14695.732862,DT,100,0.5,47,0.47,19,116.562,1.1656199999999999,857912.5272387228,
8,5949,14695.889376,SGD,16,1.0,16,1.0,21,157.812,9.86325,101386.45983828859,
8,5950,14696.085155,MLP,1,1.0,1,1.0,4,174.264,174.264,5738.419868704953,
8,5951,14696.430556,MLP,100,0.0,0,0.0,17,226.389,2.26389,441717.5746171413,
8,5952,14696.699168,SGD,16,0.0,0,0.0,17,150.49,9.405625,106319.35676789154,
8,5953,14696.89045,RF,16,1.0,16,1.0,3,3508.705,219.2940625,4560.086983659214,
8,5954,14700.443569,RF,1,0.5,0,0.0,11,2955.924,2955.924,338.3036911639135,7.01
8,5955,14716.283982,SGD,64,0.05,1,0.015625,8,170.304,2.661,375798.57196542656,
8,5956,14716.529139,MLP,100,0.5,56,0.56,11,230.294,2.30294,434227.552606668,
8,5957,14716.802134,LoR,8,1.0,8,1.0,8,151.735,18.966875,52723.49820410584,
8,5958,14716.999978,NB,32,0.01,0,0.0,9,123.647,3.86396875,258801.26489118213,
8,5959,14717.163654,LoR,1,0.1,0,0.0,28,148.028,148.028,6755.478693220202,
8,5960,14717.487351,LoR,32,0.1,4,0.125,8,151.314,4.7285625,211480.7618594446,
8,5961,14717.692116,AB,100,0.0,0,0.0,17,8603.174,86.03174000000001,11623.617051102301,
8,5962,14726.339176,AB,16,0.0,0,0.0,20,7905.36,494.085,2023.9432486313085,
8,5963,14734.284677,RF,1,0.0,0,0.0,25,2977.58,2977.58,335.84320152607154,8.83
8,5964,14750.141968,NB,100,0.0,0,0.0,10,147.244,1.47244,679144.8208415962,
8,5965,14750.34393,LoR,100,1.0,100,1.0,16,171.742,1.71742,582268.7519651571,
8,5966,14750.579101,DT,32,0.1,5,0.15625,0,101.066,3.1583125,316624.77984683274,
8,5967,14750.721994,RF,16,0.01,0,0.0,14,3199.888,199.993,5000.175006125214,
8,5968,14753.987428,MLP,16,0.5,5,0.3125,13,198.418,12.401125,80637.84535677207,
8,5969,14754.226267,LoR,1,0.0,0,0.0,14,151.142,151.142,6616.294610366411,
8,5970,14754.531311,SGD,16,0.01,0,0.0,3,151.712,9.482,105462.98249314491,
8,5971,14754.738303,AB,100,0.0,0,0.0,10,8585.681,85.85681000000001,11647.299730795961,
8,5972,14763.375155,GB,64,0.0,0,0.0,22,278.522,4.35190625,229784.36173803147,
8,5973,14763.723825,GB,64,0.1,11,0.171875,13,265.241,4.144390625,241289.996644561,
8,5974,14764.064412,MLP,100,0.5,59,0.59,4,243.098,2.43098,411356.7367892784,
8,5975,14764.349038,MLP,1,0.5,1,1.0,8,165.868,165.868,6028.89044300287,
8,5976,14764.677301,NB,64,0.01,0,0.0,4,132.44,2.069375,483237.6925400181,
8,5977,14764.849823,DT,16,0.0,0,0.0,24,90.199,5.6374375,177385.55859821063,
8,5978,14764.987315,SGD,64,1.0,64,1.0,8,163.052,2.5476875,392512.81799671275,
8,5979,14765.189569,LoR,8,0.0,0,0.0,1,148.184,18.523,53986.935161690875,
8,5980,14765.380574,DT,32,0.0,0,0.0,19,88.417,2.76303125,361921.34996663535,
8,5981,14765.507459,MLP,16,0.0,0,0.0,5,174.93,10.933125,91465.15749156805,
8,5982,14765.722902,NB,16,1.0,16,1.0,5,111.237,6.9523125,143837.0326420166,
8,5983,14765.906322,GB,100,0.05,11,0.11,28,275.158,2.75158,363427.55798486684,
8,5984,14766.243469,MLP,16,0.1,1,0.0625,9,189.547,11.8466875,84411.78177444117,
8,5985,14766.474336,MLP,16,0.0,0,0.0,8,175.107,10.9441875,91372.70354697414,
8,5986,14766.711627,RF,32,0.05,2,0.0625,18,3283.316,102.603625,9746.24434565543,
8,5987,14770.039319,LoR,1,0.1,0,0.0,23,161.891,161.891,6176.995632864088,
8,5988,14770.357567,SGD,32,0.0,0,0.0,17,157.11,4.9096875,203678.95105340207,
8,5989,14770.575925,GB,16,0.5,8,0.5,16,227.98,14.24875,70181.59487674358,
8,5990,14770.846556,SGD,16,1.0,16,1.0,14,158.503,9.9064375,100944.46161902299,
8,5991,14771.045991,SGD,16,0.0,0,0.0,18,149.872,9.367,106757.76662752214,
8,5992,14771.308607,RF,64,0.1,9,0.140625,6,4266.158,66.65871875,15001.788494472074,
8,5993,14775.656688,NB,32,0.01,0,0.0,29,169.454,5.2954375,188841.80957664025,
8,5994,14775.899427,MLP,64,0.5,31,0.484375,7,254.008,3.968875,251960.56817108122,
8,5995,14776.232341,DT,100,0.01,1,0.01,28,115.758,1.15758,863871.1795297086,
8,5996,14776.416311,SGD,64,0.01,1,0.015625,18,176.906,2.76415625,361774.04949521215,
8,5997,14776.645148,NB,1,0.05,0,0.0,17,107.924,107.924,9265.779622697453,
8,5998,14776.805108,AB,1,0.1,0,0.0,16,7872.991,7872.991,127.01653031230444,2.0
8,5999,14797.513512,LoR,8,0.0,0,0.0,3,163.204,20.4005,49018.40641160755,
8,6000,14797.727375,NB,64,0.0,0,0.0,19,131.402,2.05315625,487054.99155264004,
8,6001,14797.901346,RF,16,0.05,0,0.0,15,3257.021,203.5638125,4912.464488254757,
8,6002,14801.20803,AB,32,0.01,0,0.0,18,8209.091,256.53409375,3898.1173433209597,
8,6003,14809.459441,AB,8,0.0,0,0.0,17,7957.298,994.66225,1005.3663944720935,
8,6004,14817.457444,MLP,1,1.0,1,1.0,10,172.15,172.15,5808.887598024978,
8,6005,14817.819249,LoR,64,0.5,34,0.53125,5,157.555,2.461796875,406207.3561613405,
8,6006,14818.018109,MLP,16,1.0,16,1.0,5,172.862,10.803875,92559.38262891787,
8,6007,14818.247404,NB,100,0.0,0,0.0,9,140.59,1.4059,711288.142826659,
8,6008,14818.446335,MLP,16,0.1,2,0.125,13,177.653,11.1033125,90063.213117707,
8,6009,14818.665008,GB,1,0.01,0,0.0,22,248.762,248.762,4019.906577371142,4.0
8,6010,14832.087357,GB,32,0.01,1,0.03125,14,263.734,8.2416875,121334.37478671693,
8,6011,14832.422727,MLP,64,0.5,36,0.5625,3,245.279,3.832484375,260927.3521173847,
8,6012,14832.724946,MLP,100,1.0,100,1.0,26,233.018,2.33018,429151.39602949127,
8,6013,14833.000452,DT,8,0.1,0,0.0,11,95.021,11.877625,84191.91547131687,
8,6014,14833.142705,MLP,64,0.0,0,0.0,11,203.782,3.18409375,314061.1045136469,
8,6015,14833.387193,MLP,1,0.5,0,0.0,24,162.785,162.785,6143.072150382406,
8,6016,14833.710082,AB,8,0.05,0,0.0,19,8023.683,1002.960375,997.0483629525244,
8,6017,14841.813274,NB,100,0.01,1,0.01,15,148.059,1.48059,675406.4258167353,
8,6018,14842.004269,GB,32,0.0,0,0.0,1,240.346,7.5108125,133141.38783254143,
8,6019,14842.308251,LoR,32,0.1,6,0.1875,9,168.216,5.25675,190231.60698149996,
8,6020,14842.524325,RF,64,0.0,0,0.0,18,3615.231,56.487984375,17702.87984363931,
8,6021,14846.187857,AB,32,0.0,0,0.0,14,8137.559,254.29871875,3932.3831630590944,
8,6022,14854.369208,MLP,1,0.5,1,1.0,28,168.34,168.34,5940.358797671379,
8,6023,14854.697069,AB,64,0.0,0,0.0,12,8330.145,130.158515625,7682.939492649887,
8,6024,14863.068088,NB,1,0.0,0,0.0,26,103.423,103.423,9669.029132784777,
8,6025,14863.270714,SGD,100,1.0,100,1.0,8,170.649,1.70649,585998.1599657777,
8,6026,14863.482899,MLP,16,0.0,0,0.0,11,175.591,10.9744375,91120.84332340496,
8,6027,14863.706525,NB,16,0.1,0,0.0,19,111.061,6.9413125,144064.97330295964,
8,6028,14863.874931,SGD,8,0.5,3,0.375,28,153.973,19.246625,51957.16132049125,
8,6029,14864.102744,MLP,100,0.1,7,0.07,23,219.921,2.19921,454708.7363189509,
8,6030,14864.381647,MLP,8,0.5,5,0.625,29,169.195,21.149375,47282.721120600494,
8,6031,14864.612765,DT,32,0.1,3,0.09375,22,95.021,2.96940625,336767.6618852675,
8,6032,14864.767535,DT,32,0.1,5,0.15625,10,90.128,2.8165,355050.59470974613,
8,6033,14864.896069,AB,1,0.1,0,0.0,27,7691.024,7691.024,130.02169802096574,2.0
8,6034,14885.305959,NB,64,1.0,64,1.0,24,135.068,2.1104375,473835.4014274291,
8,6035,14885.484563,GB,16,0.05,0,0.0,26,239.099,14.9436875,66917.88756958416,
8,6036,14885.765429,SGD,1,0.1,0,0.0,2,156.235,156.235,6400.614458988062,
8,6037,14886.118542,SGD,100,0.05,10,0.1,7,166.718,1.6671799999999999,599815.2569008745,
8,6038,14886.330528,MLP,32,0.01,0,0.0,4,187.159,5.84871875,170977.61796119876,
8,6039,14886.558864,LoR,16,1.0,16,1.0,6,148.434,9.277125,107792.01530646617,
8,6040,14886.763014,NB,100,0.0,0,0.0,6,140.578,1.40578,711348.8597077779,
8,6041,14886.97624,SGD,100,0.05,3,0.03,20,167.462,1.67462,597150.3982993157,
8,6042,14887.205345,AB,32,0.05,1,0.03125,6,8071.881,252.24628125,3964.379554158442,
8,6043,14895.334486,DT,8,0.01,0,0.0,7,81.543,10.192875,98107.7468329593,
8,6044,14895.457423,AB,8,0.05,0,0.0,28,7918.157,989.769625,1010.336117356602,
8,6045,14903.437394,RF,8,0.1,2,0.25,24,3212.677,401.584625,2490.1351738752446,
8,6046,14906.731645,DT,100,0.05,6,0.06,6,110.455,1.10455,905346.0685346974,
8,6047,14906.885367,DT,32,1.0,32,1.0,24,98.527,3.07896875,324784.0693413988,
8,6048,14907.040106,RF,8,0.5,3,0.375,13,3310.071,413.758875,2416.866586849648,
8,6049,14910.417422,RF,32,0.1,3,0.09375,11,3224.245,100.75765625,9924.804101425296,
8,6050,14913.690983,LoR,32,0.05,0,0.0,8,173.098,5.4093125,184866.37627240058,
8,6051,14913.914125,LoR,64,1.0,64,1.0,3,160.089,2.501390625,399777.62369681866,
8,6052,14914.143496,NB,64,0.01,1,0.015625,26,132.408,2.068875,483354.4800918374,
8,6053,14914.325021,MLP,64,0.01,0,0.0,7,214.574,3.35271875,298265.40028148796,
8,6054,14914.583409,SGD,32,0.0,0,0.0,12,156.405,4.88765625,204597.0397365813,
8,6055,14914.781694,RF,8,0.01,0,0.0,28,3027.033,378.379125,2642.851927943964,
8,6056,14917.852853,SGD,1,0.1,0,0.0,20,161.435,161.435,6194.443584105058,
8,6057,14918.179912,AB,16,0.1,0,0.0,26,8068.246,504.265375,1983.082816265146,
8,6058,14926.294943,GB,32,1.0,32,1.0,1,250.933,7.84165625,127524.08013294385,
8,6059,14926.607027,RF,8,0.5,3,0.375,3,3064.238,383.02975,2610.7632631668953,
8,6060,14929.744941,MLP,64,0.05,3,0.046875,21,221.685,3.463828125,288697.9272391005,
8,6061,14930.009215,DT,1,0.01,0,0.0,3,90.248,90.248,11080.577962946547,7.0
8,6062,14930.298302,RF,32,1.0,32,1.0,17,3853.526,120.4226875,8304.083065742907,
8,6063,14934.199608,DT,32,0.0,0,0.0,21,96.903,3.02821875,330227.13435084565,
8,6064,14934.359134,AB,32,0.05,4,0.125,27,8095.251,252.97659375,3952.934875027346,
8,6065,14942.510698,RF,100,0.0,0,0.0,12,3681.728,36.817280000000004,27161.15910789716,
8,6066,14946.244535,MLP,64,0.0,0,0.0,25,230.801,3.606265625,277295.15903310647,
8,6067,14946.523395,GB,16,0.05,0,0.0,20,250.308,15.64425,63921.24902120588,
8,6068,14946.842517,NB,64,0.5,32,0.5,15,135.622,2.11909375,471899.8392591172,
8,6069,14947.019593,MLP,16,0.05,0,0.0,6,183.164,11.44775,87353.41005874517,
8,6070,14947.270079,NB,8,0.1,0,0.0,27,133.763,16.720375,59807.27106898021,
8,6071,14947.442021,AB,1,0.1,0,0.0,20,7642.795,7642.795,130.8421853523482,2.0
8,6072,14968.152243,MLP,64,0.0,0,0.0,21,268.958,4.20246875,237955.3684961964,
8,6073,14968.488499,AB,100,0.0,0,0.0,23,8694.664,86.94664,11501.307008528449,
8,6074,14977.24174,AB,1,0.1,0,0.0,26,7946.127,7946.127,125.84747261149991,2.0
8,6075,14998.381393,AB,100,0.5,46,0.46,4,8524.939,85.24939,11730.289213799653,
8,6076,15006.952037,MLP,8,1.0,8,1.0,24,201.21,25.15125,39759.45529546245,
8,6077,15007.219277,AB,100,0.0,0,0.0,5,8425.447,84.25447,11868.806485875468,
8,6078,15015.700807,DT,1,0.1,0,0.0,4,92.262,92.262,10838.698489085431,7.0
8,6079,15015.973779,GB,8,1.0,8,1.0,9,249.826,31.22825,32022.28751210843,
8,6080,15016.297814,GB,100,0.5,52,0.52,7,320.27,3.2026999999999997,312236.55041059107,
8,6081,15016.685477,NB,64,0.1,4,0.0625,9,140.447,2.194484375,455687.9107421305,
8,6082,15016.885688,GB,32,0.01,1,0.03125,21,223.401,6.98128125,143240.1824521824,
8,6083,15017.149445,MLP,1,0.05,0,0.0,21,175.663,175.663,5692.718443838486,
8,6084,15017.509876,GB,16,0.0,0,0.0,7,213.305,13.3315625,75009.96226061274,
8,6085,15017.783664,AB,16,0.05,1,0.0625,13,7908.868,494.30425,2023.0455230761215,
8,6086,15025.762703,MLP,64,0.05,4,0.0625,15,206.281,3.223140625,310256.3978262661,
8,6087,15026.033805,DT,16,0.5,8,0.5,21,90.973,5.6858125,175876.35891967948,
8,6088,15026.189553,DT,64,0.5,34,0.53125,5,99.68,1.5575,642054.5746388442,
8,6089,15026.344411,NB,16,0.1,1,0.0625,26,113.519,7.0949375,140945.56858323276,
8,6090,15026.526785,LoR,100,0.1,9,0.09,0,169.13,1.6913,591261.160054396,
8,6091,15026.766727,RF,100,0.5,51,0.51,9,4919.242,49.19242,20328.335137811882,
8,6092,15031.760796,GB,64,0.05,4,0.0625,16,266.176,4.159,240442.41404183698,
8,6093,15032.087501,MLP,16,0.5,9,0.5625,27,190.551,11.9094375,83967.0219521283,
8,6094,15032.340918,AB,32,0.05,2,0.0625,9,8050.105,251.56578125,3975.1034303279275,
8,6095,15040.440321,RF,32,0.01,0,0.0,23,3291.264,102.852,9722.708357640104,
8,6096,15043.776029,RF,1,0.05,0,0.0,27,2917.429,2917.429,342.76755321209185,7.0
8,6097,15059.968658,AB,100,0.0,0,0.0,21,8716.91,87.1691,11471.955085001451,
8,6098,15068.73694,AB,32,0.0,0,0.0,23,8044.172,251.380375,3978.0352782113564,
8,6099,15076.832566,RF,64,1.0,64,1.0,11,4648.307,72.629796875,13768.453761767458,
8,6100,15081.542414,SGD,100,1.0,100,1.0,0,201.09,2.0109,497289.7707494157,
8,6101,15081.786729,LoR,16,0.0,0,0.0,5,157.47,9.841875,101606.65523591795,
8,6102,15082.007506,RF,16,0.05,1,0.0625,19,3107.306,194.206625,5149.154927129803,
8,6103,15085.159271,DT,1,0.01,0,0.0,9,93.786,93.786,10662.57223892692,7.0
8,6104,15085.480035,MLP,64,0.1,8,0.125,23,233.621,3.650328125,273947.9755672649,
8,6105,15085.777186,RF,32,0.5,17,0.53125,17,4193.477,131.04615625,7630.89913215215,
8,6106,15090.064304,AB,32,0.01,1,0.03125,13,8237.935,257.43546875,3884.468619866508,
8,6107,15098.366179,DT,8,0.05,2,0.25,13,84.738,10.59225,94408.64783214142,
8,6108,15098.491806,SGD,8,0.05,0,0.0,10,171.021,21.377625,46777.88107893183,
8,6109,15098.706879,LoR,16,0.05,0,0.0,13,153.404,9.58775,104299.75750306381,
8,6110,15098.937609,LoR,100,0.05,7,0.07,21,160.459,1.60459,623212.1601156682,
8,6111,15099.156406,LoR,16,0.05,2,0.125,26,182.452,11.40325,87694.29767829347,
8,6112,15099.39728,LoR,16,0.5,8,0.5,17,144.459,9.0286875,110758.06976373919,
8,6113,15099.614292,LoR,100,0.5,50,0.5,13,158.741,1.5874100000000002,629956.9739386799,
8,6114,15099.810271,SGD,1,1.0,1,1.0,13,143.865,143.865,6950.960970354151,
8,6115,15100.114057,RF,8,0.0,0,0.0,6,3081.761,385.220125,2595.9183726447313,
8,6116,15103.265744,RF,1,0.05,0,0.0,5,2984.542,2984.542,335.0597847173871,6.93
8,6117,15119.139985,AB,8,0.5,6,0.75,18,7930.913,991.364125,1008.7111029965907,
8,6118,15127.135706,DT,16,0.01,1,0.0625,3,90.108,5.63175,177564.70013761264,
8,6119,15127.265515,AB,8,1.0,8,1.0,3,7863.831,982.978875,1017.3158604247726,
8,6120,15135.172208,DT,1,0.05,0,0.0,8,117.113,117.113,8538.761708776994,7.0
8,6121,15135.470248,SGD,1,1.0,1,1.0,12,154.356,154.356,6478.530151079323,
8,6122,15135.798483,AB,16,0.1,2,0.125,3,8010.448,500.653,1997.3914068226895,
8,6123,15143.855032,AB,16,0.05,0,0.0,4,7940.036,496.25225,2015.1042136332883,
8,6124,15151.859268,SGD,16,0.1,1,0.0625,12,154.632,9.6645,103471.46774276992,
8,6125,15152.076784,AB,32,0.5,15,0.46875,26,8165.047,255.15771875,3919.144617293691,
8,6126,15160.30212,DT,100,0.0,0,0.0,26,103.229,1.03229,968720.030224065,
8,6127,15160.476114,DT,64,0.5,34,0.53125,2,100.971,1.577671875,633845.3615394519,
8,6128,15160.669853,GB,32,0.1,3,0.09375,1,272.349,8.51090625,117496.30070240758,
8,6129,15160.983846,RF,1,0.01,0,0.0,4,3055.287,3055.287,327.3014940985904,22.43
8,6130,15176.891252,NB,100,1.0,100,1.0,22,153.456,1.53456,651652.5909707018,
8,6131,15177.106847,NB,32,0.05,2,0.0625,20,118.933,3.71665625,269059.0500533914,
8,6132,15177.284752,GB,32,0.1,5,0.15625,13,262.09,8.1903125,122095.46339043841,
8,6133,15177.596146,DT,64,0.0,0,0.0,9,98.778,1.54340625,647917.5524914454,
8,6134,15177.735202,NB,1,0.01,0,0.0,27,106.217,106.217,9414.6887974618,
8,6135,15177.892388,RF,32,1.0,32,1.0,19,4002.539,125.07934375,7994.925221215833,
8,6136,15181.943505,AB,32,0.0,0,0.0,9,8086.005,252.68765625,3957.454886560174,
8,6137,15190.087575,NB,100,0.0,0,0.0,1,143.235,1.4323500000000002,698153.3842985303,
8,6138,15190.285536,GB,100,1.0,100,1.0,18,286.824,2.86824,348645.85948177276,
8,6139,15190.615554,MLP,1,0.05,0,0.0,14,189.256,189.256,5283.848332417467,
8,6140,15190.970414,SGD,64,0.0,0,0.0,22,164.001,2.562515625,390241.5229175432,
8,6141,15191.197995,GB,32,0.5,15,0.46875,5,277.093,8.65915625,115484.69286485043,
8,6142,15191.515821,RF,8,0.0,0,0.0,24,2967.179,370.897375,2696.1635951184608,
8,6143,15194.550666,SGD,32,0.1,4,0.125,2,171.477,5.35865625,186613.94822629273,
8,6144,15194.792113,NB,64,0.05,1,0.015625,5,133.071,2.079234375,480946.2617700325,
8,6145,15194.997773,LoR,100,0.1,6,0.06,29,173.75,1.7375,575539.5683453238,
8,6146,15195.210115,NB,8,0.0,0,0.0,22,141.574,17.69675,56507.550821478515,
8,6147,15195.412387,NB,8,0.05,1,0.125,6,107.67,13.45875,74301.10522894027,
8,6148,15195.559808,AB,32,1.0,32,1.0,15,8107.248,253.3515,3947.0853734830857,
8,6149,15203.724282,RF,100,0.0,0,0.0,24,3909.76,39.0976,25577.017515141593,
8,6150,15207.702677,DT,32,0.5,17,0.53125,6,104.083,3.25259375,307446.9413833191,
8,6151,15207.848565,LoR,8,0.1,0,0.0,24,159.364,19.9205,50199.543184157024,
8,6152,15208.082942,GB,100,0.1,9,0.09,24,285.655,2.85655,350072.6400728151,
8,6153,15208.411095,RF,1,0.05,0,0.0,0,2971.18,2971.18,336.5666166304297,7.15
8,6154,15224.196578,NB,64,0.5,33,0.515625,24,137.569,2.149515625,465221.08905349317,
8,6155,15224.372324,LoR,1,0.0,0,0.0,26,155.238,155.238,6441.721743387573,
8,6156,15224.710222,NB,64,0.5,32,0.5,22,129.777,2.027765625,493153.64047558507,
8,6157,15224.897658,SGD,16,0.05,1,0.0625,25,157.987,9.8741875,101274.15546848792,
8,6158,15225.102917,AB,64,1.0,64,1.0,0,8600.426,134.38165625,7441.4918516826965,
8,6159,15233.770052,NB,64,0.0,0,0.0,1,139.542,2.18034375,458643.27585959784,
8,6160,15233.958581,DT,32,0.01,0,0.0,6,91.495,2.85921875,349745.8877534291,
8,6161,15234.092359,RF,32,0.0,0,0.0,24,3423.995,106.99984375,9345.808040023423,
8,6162,15237.564659,NB,32,1.0,32,1.0,16,130.098,4.0655625,245968.4238035942,
8,6163,15237.755648,AB,16,0.5,6,0.375,26,8032.428,502.02675,1991.9257290572664,
8,6164,15245.830772,RF,16,1.0,16,1.0,13,3545.113,221.5695625,4513.2552897467585,
8,6165,15249.420224,GB,1,0.5,0,0.0,2,253.712,253.712,3941.4769502427953,4.0
8,6166,15262.226116,AB,32,0.1,2,0.0625,24,8105.087,253.28396875,3948.1377559549946,
8,6167,15270.377727,SGD,32,1.0,32,1.0,9,169.593,5.29978125,188687.03307329904,
8,6168,15270.607531,LoR,8,0.05,1,0.125,8,148.623,18.577875,53827.46950337431,
8,6169,15270.830208,NB,100,0.1,13,0.13,25,141.746,1.4174600000000002,705487.2800643404,
8,6170,15271.0355,DT,64,0.05,2,0.03125,23,97.235,1.519296875,658199.2081040777,
8,6171,15271.188174,MLP,16,0.5,8,0.5,2,258.328,16.1455,61936.762565420715,
8,6172,15271.501724,DT,100,0.01,0,0.0,15,96.231,0.96231,1039166.1730627345,
8,6173,15271.649571,LoR,100,1.0,100,1.0,12,164.645,1.6464500000000002,607367.3661514167,
8,6174,15271.850933,MLP,1,1.0,1,1.0,7,162.093,162.093,6169.297872209164,
8,6175,15272.164913,MLP,8,1.0,8,1.0,11,165.098,20.63725,48456.06851688088,
8,6176,15272.378116,RF,64,1.0,64,1.0,29,4587.398,71.67809375,13951.263875512872,
8,6177,15277.021673,GB,64,0.01,0,0.0,26,276.222,4.31596875,231697.69243579442,
8,6178,15277.353903,MLP,100,0.0,0,0.0,3,234.259,2.34259,426877.94278981816,
8,6179,15277.652386,AB,32,0.5,23,0.71875,23,8016.413,250.51290625,3991.8103021887723,
8,6180,15285.734088,NB,32,0.05,3,0.09375,12,118.41,3.7003125,270247.4453171185,
8,6181,15285.917473,RF,64,0.05,4,0.0625,21,3636.252,56.8164375,17600.540336588332,
8,6182,15289.620642,RF,32,0.1,4,0.125,14,3330.37,104.0740625,9608.541993832518,
8,6183,15293.015609,AB,16,0.05,1,0.0625,8,7911.96,494.4975,2022.2549153433536,
8,6184,15300.972867,LoR,32,1.0,32,1.0,18,155.909,4.87215625,205247.93308917384,
8,6185,15301.170291,GB,1,0.1,0,0.0,10,213.512,213.512,4683.577503840534,4.0
8,6186,15313.8022,RF,32,0.1,5,0.15625,19,3218.036,100.563625,9943.953392690448,
8,6187,15317.081765,RF,8,0.5,5,0.625,7,3092.586,386.57325,2586.8318617493583,
8,6188,15320.216404,RF,8,1.0,8,1.0,24,3201.684,400.2105,2498.6850669835,
8,6189,15323.461722,LoR,1,0.01,0,0.0,13,163.053,163.053,6132.975167583547,
8,6190,15323.806616,RF,32,0.5,19,0.59375,27,3635.381,113.60565625,8802.378622763337,
8,6191,15327.485112,RF,1,0.1,0,0.0,27,2853.009,2853.009,350.5071312428387,6.93
8,6192,15343.031602,MLP,32,0.1,5,0.15625,22,214.709,6.70965625,149038.93176345658,
8,6193,15343.288456,RF,1,0.05,0,0.0,3,2841.05,2841.05,351.98254166593335,7.16
8,6194,15359.661682,LoR,1,0.0,0,0.0,7,181.6,181.6,5506.607929515419,
8,6195,15360.017062,SGD,8,0.01,0,0.0,29,153.92,19.24,51975.05197505198,
8,6196,15360.211184,DT,1,0.05,0,0.0,20,90.627,90.627,11034.239244375298,7.0
8,6197,15360.507384,LoR,16,0.5,7,0.4375,29,178.819,11.1761875,89475.95054216834,
8,6198,15360.729756,DT,32,1.0,32,1.0,13,118.702,3.7094375,269582.6523563209,
8,6199,15360.908965,SGD,16,0.1,1,0.0625,21,180.142,11.258875,88818.82070810805,
8,6200,15361.127618,AB,1,0.1,0,0.0,2,7684.265,7684.265,130.1360637614658,2.0
8,6201,15381.350298,AB,16,0.0,0,0.0,7,7967.29,497.955625,2008.2110730248303,
8,6202,15389.383711,DT,32,0.5,8,0.25,24,86.985,2.71828125,367879.5194573777,
8,6203,15389.52779,LoR,16,0.1,1,0.0625,27,152.199,9.5124375,105125.52644892542,
8,6204,15389.718357,AB,1,0.01,0,0.0,1,7597.849,7597.849,131.61619821610037,2.0
8,6205,15410.30648,SGD,8,0.1,1,0.125,9,195.932,24.4915,40830.492211583616,
8,6206,15410.546062,RF,1,0.05,0,0.0,6,3058.16,3058.16,326.9940094697465,6.68
8,6207,15426.197959,RF,8,0.0,0,0.0,11,3144.375,393.046875,2544.2258000397537,
8,6208,15429.406568,GB,8,0.1,1,0.125,26,267.451,33.431375,29912.02126744712,
8,6209,15429.712669,MLP,1,1.0,1,1.0,1,187.939,187.939,5320.875390419232,
8,6210,15430.079712,NB,32,0.05,3,0.09375,29,126.661,3.95815625,252642.88139206226,
8,6211,15430.244096,LoR,8,1.0,8,1.0,13,154.33,19.29125,51836.9727207931,
8,6212,15430.437768,RF,1,0.1,0,0.0,7,2961.868,2961.868,337.62476923347026,6.93
8,6213,15446.160694,LoR,16,1.0,16,1.0,8,160.641,10.0400625,99600.97359951695,
8,6214,15446.360711,DT,1,1.0,1,1.0,3,88.61,88.61,11285.407967498026,23.0
8,6215,15446.657519,GB,32,0.5,16,0.5,24,261.913,8.18478125,122177.97512914594,
8,6216,15446.95895,MLP,1,1.0,1,1.0,24,176.985,176.985,5650.196344322965,
8,6217,15447.298374,GB,32,0.01,0,0.0,25,222.865,6.96453125,143584.68130931281,
8,6218,15447.563338,NB,1,0.05,0,0.0,15,107.739,107.739,9281.690010117041,
8,6219,15447.718728,RF,1,0.01,0,0.0,29,2928.625,2928.625,341.4571684664305,7.15
8,6220,15464.043182,NB,100,0.0,0,0.0,7,194.105,1.94105,515185.0802400763,
8,6221,15464.277502,DT,1,0.0,0,0.0,2,93.887,93.887,10651.101856487054,7.0
8,6222,15464.572036,RF,100,0.0,0,0.0,23,3587.101,35.87101,27877.665000232777,
8,6223,15468.234425,AB,64,0.5,38,0.59375,10,8375.46,130.8665625,7641.371339604035,
8,6224,15476.654438,DT,1,0.1,0,0.0,14,81.822,81.822,12221.651878467894,7.0
8,6225,15476.945034,MLP,32,0.01,1,0.03125,22,221.436,6.919875,144511.28091186617,
8,6226,15477.227944,LoR,16,0.5,13,0.8125,9,157.315,9.8321875,101706.76667832056,
8,6227,15477.457378,NB,64,0.1,9,0.140625,8,131.458,2.05403125,486847.51023140474,
8,6228,15477.644042,AB,8,0.1,2,0.25,17,7934.718,991.83975,1008.2273875391666,
8,6229,15485.640774,NB,8,0.5,2,0.25,2,110.835,13.854375,72179.3657238237,
8,6230,15485.791338,DT,1,0.05,0,0.0,23,85.618,85.618,11679.786960685838,7.0
8,6231,15486.079852,RF,100,0.01,0,0.0,27,3790.227,37.90227,26383.644040317376,
8,6232,15489.944497,RF,64,0.5,28,0.4375,16,3982.304,62.2235,16071.098539940698,
8,6233,15493.991926,SGD,8,0.1,1,0.125,7,177.052,22.1315,45184.46558073335,
8,6234,15494.240916,AB,64,0.01,2,0.03125,9,8868.225,138.566015625,7216.776750702648,
8,6235,15503.184912,DT,1,0.05,0,0.0,2,98.077,98.077,10196.070434454561,7.0
8,6236,15503.549358,RF,64,0.5,37,0.578125,2,4684.325,73.192578125,13662.58745923906,
8,6237,15508.371038,DT,100,0.01,1,0.01,2,161.638,1.6163800000000001,618666.4027023348,
8,6238,15508.601838,NB,32,0.5,12,0.375,29,154.397,4.82490625,207257.91304235187,
8,6239,15508.798746,AB,16,0.0,0,0.0,23,8200.682,512.542625,1951.057241336757,
8,6240,15517.059281,AB,64,0.0,0,0.0,27,8233.674,128.65115625,7772.957734299414,
8,6241,15525.341641,AB,8,0.01,0,0.0,0,7879.481,984.935125,1015.2952967333763,
8,6242,15533.28927,GB,32,0.1,1,0.03125,5,273.037,8.53240625,117200.23293546296,
8,6243,15533.624535,RF,16,0.5,7,0.4375,25,3801.956,237.62225,4208.360117792,
8,6244,15537.527104,RF,8,0.05,1,0.125,20,3221.973,402.746625,2482.9506640806735,
8,6245,15540.796128,AB,16,1.0,16,1.0,21,8096.245,506.0153125,1976.2247807471242,
8,6246,15548.936706,DT,1,0.05,0,0.0,21,85.617,85.617,11679.923379702628,7.0
8,6247,15549.236728,AB,32,0.01,0,0.0,17,8411.945,262.87328125,3804.1142684599104,
8,6248,15557.701832,GB,8,1.0,8,1.0,22,257.785,32.223125,31033.613282386483,
8,6249,15558.02919,MLP,8,0.5,1,0.125,21,210.819,26.352375,37947.24384424554,
8,6250,15558.295024,RF,64,0.01,0,0.0,2,3597.969,56.218265625,17787.813068984196,
8,6251,15561.956889,GB,100,0.0,0,0.0,12,309.737,3.09737,322854.5507963207,
8,6252,15562.332847,AB,32,0.05,1,0.03125,2,8171.454,255.3579375,3916.0717297068554,
8,6253,15570.549588,GB,8,0.01,0,0.0,7,216.369,27.046125,36973.873336753415,
8,6254,15570.824916,RF,100,1.0,100,1.0,15,5314.456,53.14456,18816.601360515546,
8,6255,15576.223645,MLP,100,0.1,9,0.09,28,270.147,2.70147,370168.83400518977,
8,6256,15576.539664,RF,16,0.05,0,0.0,10,3075.9,192.24375,5201.729575083715,
8,6257,15579.657797,LoR,1,1.0,1,1.0,17,171.444,171.444,5832.808380579082,
8,6258,15580.025389,DT,100,0.05,7,0.07,9,104.386,1.04386,957982.8712662618,
8,6259,15580.188052,MLP,16,0.5,10,0.625,4,186.451,11.6531875,85813.43087459977,
8,6260,15580.414983,AB,1,0.01,0,0.0,2,7791.781,7791.781,128.3403627489017,2.0
8,6261,15601.321837,SGD,64,0.01,0,0.0,9,182.783,2.855984375,350141.9716275584,
8,6262,15601.556198,SGD,64,1.0,64,1.0,14,160.938,2.51465625,397668.66743714974,
8,6263,15601.772752,MLP,100,0.0,0,0.0,23,232.982,2.32982,429217.7078057532,
8,6264,15602.050473,AB,16,0.01,0,0.0,7,8096.778,506.048625,1976.09468852919,
8,6265,15610.226456,RF,100,0.05,9,0.09,27,4387.112,43.87112,22794.038538336838,
8,6266,15614.713689,NB,100,0.5,51,0.51,12,184.975,1.84975,540613.5964319502,
8,6267,15614.979346,DT,100,0.05,7,0.07,4,116.891,1.1689100000000001,855497.8569778682,
8,6268,15615.169169,MLP,100,0.1,9,0.09,8,299.749,2.9974900000000004,333612.455754648,
8,6269,15615.513481,LoR,16,0.05,0,0.0,21,162.813,10.1758125,98272.25098732903,
8,6270,15615.717636,LoR,1,0.05,0,0.0,24,146.443,146.443,6828.595426206783,
8,6271,15616.028099,GB,8,1.0,8,1.0,29,261.882,32.73525,30548.10945387617,
8,6272,15616.332186,GB,1,0.5,0,0.0,23,205.759,205.759,4860.054724216195,4.0
8,6273,15629.141765,AB,16,0.1,1,0.0625,29,8077.891,504.8681875,1980.7150158376735,
8,6274,15637.269217,AB,32,0.05,0,0.0,20,8083.531,252.61034375,3958.6660829283637,
8,6275,15645.416225,LoR,16,0.1,2,0.125,3,155.893,9.7433125,102634.4993040098,
8,6276,15645.616133,MLP,32,0.0,0,0.0,7,189.377,5.91803125,168975.1131341187,
8,6277,15645.851327,AB,16,0.0,0,0.0,10,8033.661,502.1038125,1991.6200098560296,
8,6278,15653.928097,NB,1,0.5,0,0.0,0,106.357,106.357,9402.296040693138,
8,6279,15654.107396,AB,32,0.05,1,0.03125,17,8084.822,252.6506875,3958.0339554785496,
8,6280,15662.232812,AB,1,1.0,1,1.0,19,7713.709,7713.709,129.63932136926607,2.0
8,6281,15682.969663,DT,16,0.05,0,0.0,28,93.332,5.83325,171431.0204431492,
8,6282,15683.126208,MLP,32,0.1,6,0.1875,7,253.33,7.9165625,126317.45154541507,
8,6283,15683.420856,GB,16,0.0,0,0.0,0,252.933,15.8083125,63257.85880055193,
8,6284,15683.71835,RF,16,0.05,0,0.0,27,3100.954,193.809625,5159.702465757312,
8,6285,15686.902198,NB,100,0.1,7,0.07,29,157.138,1.57138,636383.3063931067,
8,6286,15687.119071,RF,16,0.05,1,0.0625,20,3161.753,197.6095625,5060.483851837888,
8,6287,15690.328535,DT,32,0.0,0,0.0,17,100.758,3.1486875,317592.64773020503,
8,6288,15690.485578,MLP,100,1.0,100,1.0,21,244.138,2.44138,409604.4040665525,
8,6289,15690.792372,SGD,16,0.5,9,0.5625,6,162.912,10.182,98212.53191907288,
8,6290,15690.998803,LoR,32,0.0,0,0.0,1,153.77,4.8053125,208103.01099044026,
8,6291,15691.195269,RF,16,0.1,0,0.0,20,3032.086,189.505375,5276.895180413749,
8,6292,15694.29445,LoR,32,0.1,5,0.15625,22,167.749,5.24215625,190761.19678805835,
8,6293,15694.505438,SGD,8,0.1,0,0.0,23,153.948,19.2435,51965.59877361187,
8,6294,15694.701005,GB,8,0.01,0,0.0,26,237.199,29.649875,33726.95500402615,
8,6295,15695.000236,LoR,16,0.05,1,0.0625,10,157.449,9.8405625,101620.20717819738,
8,6296,15695.202881,RF,32,0.01,0,0.0,16,3318.084,103.690125,9644.119919809144,
8,6297,15698.600177,AB,100,0.1,6,0.06,5,8625.357,86.25357,11593.723019232712,
8,6298,15707.31847,NB,100,0.01,1,0.01,7,144.758,1.44758,690808.1073239475,
8,6299,15707.52225,GB,16,0.1,3,0.1875,1,236.158,14.759875,67751.2512809221,
8,6300,15707.82204,SGD,32,0.1,2,0.0625,27,166.721,5.21003125,191937.42839834213,
8,6301,15708.030815,NB,8,0.05,0,0.0,29,111.417,13.927125,71802.32819049158,
8,6302,15708.200685,MLP,16,0.1,1,0.0625,14,186.984,11.6865,85568.81872245754,
8,6303,15708.449858,DT,32,0.05,2,0.0625,12,94.269,2.94590625,339454.11535075156,
8,6304,15708.600935,GB,16,0.1,5,0.3125,17,222.927,13.9329375,71772.37391612501,
8,6305,15708.886464,MLP,32,0.5,11,0.34375,23,199.242,6.2263125,160608.70699952822,
8,6306,15709.12856,AB,8,0.01,0,0.0,1,7977.846,997.23075,1002.7769400412092,
8,6307,15717.184284,SGD,100,0.5,59,0.59,26,167.698,1.6769800000000001,596310.0335126239,
8,6308,15717.392128,NB,8,1.0,8,1.0,1,109.516,13.6895,73048.68694985207,
8,6309,15717.578958,LoR,100,0.05,6,0.06,23,166.668,1.6666800000000002,599995.2000383997,
8,6310,15717.813836,LoR,64,0.1,6,0.09375,2,156.642,2.44753125,408574.9671224831,
8,6311,15718.029384,SGD,16,0.5,8,0.5,18,149.47,9.341875,107044.89195156218,
8,6312,15718.244642,SGD,64,0.5,26,0.40625,28,154.762,2.41815625,413538.20705341105,
8,6313,15718.459285,NB,32,0.1,4,0.125,13,116.369,3.63653125,274987.32480299735,
8,6314,15718.614239,SGD,1,0.01,0,0.0,0,147.754,147.754,6768.006280709829,
8,6315,15718.925556,GB,16,0.1,0,0.0,12,216.541,13.5338125,73889.0094716474,
8,6316,15719.187192,MLP,32,1.0,32,1.0,8,231.754,7.2423125,138077.4441865081,
8,6317,15719.461364,NB,8,0.01,0,0.0,29,110.494,13.81175,72402.1213821565,
8,6318,15719.638644,SGD,64,0.1,6,0.09375,17,161.781,2.527828125,395596.5162781785,
8,6319,15719.842303,LoR,16,0.01,0,0.0,10,149.154,9.322125,107271.67893586495,
8,6320,15720.032619,LoR,8,0.05,0,0.0,12,144.652,18.0815,55305.14614384869,
8,6321,15720.215507,SGD,8,0.0,0,0.0,6,145.498,18.18725,54983.57365736987,
8,6322,15720.400504,AB,1,0.5,1,1.0,18,7725.981,7725.981,129.43340140235912,2.0
8,6323,15740.874003,GB,8,0.01,0,0.0,3,218.553,27.319125,36604.393442322915,
8,6324,15741.136416,SGD,8,0.01,0,0.0,10,160.293,20.036625,49908.60486733669,
8,6325,15741.337744,AB,16,1.0,16,1.0,27,8041.003,502.5626875,1989.8015210291553,
8,6326,15749.435787,NB,100,1.0,100,1.0,13,143.031,1.43031,699149.1355020939,
8,6327,15749.650578,SGD,64,0.5,31,0.484375,20,165.121,2.580015625,387594.5518740802,
8,6328,15749.85925,MLP,32,0.0,0,0.0,26,186.596,5.831125,171493.49396557268,
8,6329,15750.107548,DT,16,0.05,1,0.0625,1,90.6,5.6625,176600.44150110378,
8,6330,15750.253648,LoR,8,0.05,1,0.125,2,151.38,18.9225,52847.139648566525,
8,6331,15750.445317,MLP,8,0.01,0,0.0,2,168.173,21.021625,47570.06178161774,
8,6332,15750.656629,RF,16,0.1,0,0.0,29,3240.015,202.5009375,4938.248742675574,
8,6333,15753.949177,SGD,64,0.0,0,0.0,28,174.559,2.727484375,366638.21401359997,
8,6334,15754.166641,SGD,1,0.5,1,1.0,4,151.434,151.434,6603.536854339184,
8,6335,15754.490673,NB,100,0.01,0,0.0,22,141.547,1.41547,706479.1200096081,
8,6336,15754.69459,RF,32,0.5,13,0.40625,26,3571.75,111.6171875,8959.193672569469,
8,6337,15758.310862,NB,16,1.0,16,1.0,13,123.4,7.7125,129659.64343598054,
8,6338,15758.475307,SGD,1,0.1,0,0.0,3,157.937,157.937,6331.638564744169,
8,6339,15758.787536,RF,1,0.1,0,0.0,21,3000.716,3000.716,333.25379676050653,6.68
8,6340,15774.718639,AB,32,0.1,4,0.125,27,8548.283,267.13384375,3743.4418116480238,
8,6341,15783.323856,MLP,1,0.05,0,0.0,2,192.694,192.694,5189.575181375653,
8,6342,15783.687552,AB,64,1.0,64,1.0,1,8290.891,129.545171875,7719.315089294987,
8,6343,15792.05268,LoR,64,0.01,2,0.03125,19,166.885,2.607578125,383497.61812026246,
8,6344,15792.296477,MLP,100,0.5,50,0.5,0,230.382,2.30382,434061.68884721893,
8,6345,15792.569006,MLP,16,0.0,0,0.0,14,172.617,10.7885625,92690.75467653824,
8,6346,15792.810533,GB,64,0.01,3,0.046875,20,294.723,4.605046875,217153.05558100317,
8,6347,15793.17532,LoR,64,0.5,38,0.59375,12,168.191,2.627984375,380519.7662181686,
8,6348,15793.404641,AB,16,0.05,1,0.0625,0,8015.113,500.9445625,1996.2288741281625,
8,6349,15801.48672,LoR,32,0.5,13,0.40625,15,156.935,4.90421875,203906.07576385126,
8,6350,15801.685142,MLP,16,0.0,0,0.0,12,176.89,11.055625,90451.69314263102,
8,6351,15801.903914,RF,1,0.1,0,0.0,1,3056.628,3056.628,327.1579007978727,7.08
8,6352,15817.871884,MLP,64,1.0,64,1.0,22,218.442,3.41315625,292983.94997299055,
8,6353,15818.135531,NB,32,1.0,32,1.0,19,126.019,3.93809375,253929.96294209603,
8,6354,15818.30416,AB,16,0.01,0,0.0,21,8377.205,523.5753125,1909.9449040580957,
8,6355,15826.743859,GB,8,0.1,0,0.0,15,257.915,32.239375,31017.971036969542,
8,6356,15827.075045,DT,64,0.05,2,0.03125,13,107.565,1.680703125,594989.076372426,
8,6357,15827.245591,SGD,32,1.0,32,1.0,7,195.95,6.1234375,163306.96606277113,
8,6358,15827.482123,AB,1,0.05,0,0.0,8,7777.669,7777.669,128.57322675984284,2.0
8,6359,15848.07286,AB,32,0.5,20,0.625,6,8135.422,254.2319375,3933.4161153533278,
8,6360,15856.260245,DT,64,0.0,0,0.0,15,90.242,1.41003125,709204.1399791671,
8,6361,15856.430328,SGD,100,0.01,2,0.02,9,175.122,1.7512200000000002,571030.4816071081,
8,6362,15856.665536,LoR,16,0.1,3,0.1875,25,153.44,9.59,104275.28675703859,
8,6363,15856.866434,DT,64,0.0,0,0.0,24,94.442,1.47565625,677664.5983778404,
8,6364,15857.007502,GB,64,0.0,0,0.0,0,266.33,4.16140625,240303.3830210641,
8,6365,15857.329698,AB,100,1.0,100,1.0,23,8655.068,86.55068,11553.92424415383,
8,6366,15866.058312,DT,64,0.05,1,0.015625,17,96.072,1.501125,666167.0413856275,
8,6367,15866.197695,RF,32,1.0,32,1.0,27,4076.188,127.380875,7850.472058697979,
8,6368,15870.353878,SGD,100,0.05,2,0.02,18,185.824,1.8582400000000001,538143.619769244,
8,6369,15870.584258,MLP,32,0.0,0,0.0,5,204.858,6.4018125,156205.76204004724,
8,6370,15870.838333,AB,64,0.0,0,0.0,20,8296.905,129.639140625,7713.719754534974,
8,6371,15879.197771,GB,8,0.5,3,0.375,1,268.163,33.520375,29832.601813076373,
8,6372,15879.508454,RF,1,0.05,0,0.0,23,2997.226,2997.226,333.6418408221469,9.02
8,6373,15895.32109,GB,8,0.1,2,0.25,6,229.29,28.66125,34890.31357669327,
8,6374,15895.62003,AB,64,0.5,32,0.5,3,8303.213,129.737703125,7707.8595960383045,
8,6375,15903.981552,GB,100,0.0,0,0.0,28,263.992,2.63992,378799.3575562896,
8,6376,15904.290208,AB,8,0.01,0,0.0,21,8028.387,1003.548375,996.4641714456466,
8,6377,15912.381481,DT,8,0.5,2,0.25,9,85.515,10.689375,93550.83903408759,
8,6378,15912.517079,LoR,64,0.01,0,0.0,14,164.013,2.562703125,390212.97092303657,
8,6379,15912.721599,DT,1,0.01,0,0.0,24,83.488,83.488,11977.769260252971,7.0
8,6380,15913.012672,MLP,32,0.05,3,0.09375,10,200.877,6.27740625,159301.46308437502,
8,6381,15913.274627,DT,16,0.5,7,0.4375,8,93.644,5.85275,170859.85220622784,
8,6382,15913.424918,SGD,16,0.1,2,0.125,14,156.163,9.7601875,102457.04808437337,
8,6383,15913.623609,RF,32,1.0,32,1.0,12,3960.132,123.754125,8080.538729517097,
8,6384,15917.642539,RF,100,1.0,100,1.0,25,5142.458,51.42458,19445.95366651512,
8,6385,15922.855967,SGD,32,0.5,13,0.40625,17,176.363,5.51134375,181443.95366375035,
8,6386,15923.101916,MLP,64,0.05,6,0.09375,10,256.924,4.0144375,249100.90143388708,
8,6387,15923.426358,LoR,32,0.1,5,0.15625,17,159.213,4.97540625,200988.61273890952,
8,6388,15923.625713,AB,1,0.5,0,0.0,3,7755.427,7755.427,128.94196541338084,2.0
8,6389,15944.008429,LoR,32,0.05,1,0.03125,22,163.725,5.11640625,195449.6869751107,
8,6390,15944.233746,SGD,32,0.1,2,0.0625,13,153.803,4.80634375,208058.3603700838,
8,6391,15944.442298,GB,100,1.0,100,1.0,22,303.779,3.0377899999999998,329186.6784734955,
8,6392,15944.788547,RF,16,1.0,16,1.0,17,3515.103,219.6939375,4551.786960438997,
8,6393,15948.347975,MLP,16,0.0,0,0.0,25,194.921,12.1825625,82084.53681234962,
8,6394,15948.604513,SGD,16,0.05,1,0.0625,27,154.043,9.6276875,103867.10204293607,
8,6395,15948.80653,MLP,64,0.0,0,0.0,13,196.671,3.072984375,325416.55861819995,
8,6396,15949.046965,NB,16,0.05,0,0.0,25,116.285,7.2678125,137592.98275787936,
8,6397,15949.237799,AB,100,0.05,2,0.02,29,8364.679,83.64679,11955.031388532661,
8,6398,15957.645118,SGD,1,0.1,1,1.0,27,146.852,146.852,6809.576989077438,
8,6399,15957.953644,AB,64,1.0,64,1.0,5,8142.432,127.2255,7860.05950065042,
8,6400,15966.138744,SGD,1,0.1,0,0.0,10,145.925,145.925,6852.83536063046,
8,6401,15966.432094,MLP,8,1.0,8,1.0,29,165.586,20.69825,48313.26319857959,
8,6402,15966.639189,DT,16,1.0,16,1.0,28,91.36,5.71,175131.34851138355,
8,6403,15966.803186,AB,100,0.05,6,0.06,12,9002.502,90.02502,11108.023080694678,
8,6404,15975.884988,SGD,100,1.0,100,1.0,14,219.335,2.19335,455923.5872067841,
8,6405,15976.157041,GB,64,0.0,0,0.0,27,286.308,4.4735625,223535.4932450368,
8,6406,15976.487553,RF,1,0.5,0,0.0,10,3017.441,3017.441,331.4066455649009,9.01
8,6407,15992.938163,NB,100,0.5,50,0.5,26,163.596,1.63596,611261.8890437419,
8,6408,15993.158794,DT,8,0.5,4,0.5,1,97.986,12.24825,81644.3165350152,
8,6409,15993.295112,LoR,16,1.0,16,1.0,7,174.913,10.9320625,91474.0470977,
8,6410,15993.532081,NB,32,0.5,15,0.46875,5,117.562,3.6738125,272196.79828516016,
8,6411,15993.703807,NB,100,0.01,0,0.0,26,136.031,1.3603100000000001,735126.552035933,
8,6412,15993.908758,DT,100,0.05,4,0.04,0,100.593,1.00593,994104.9576014235,
8,6413,15994.045207,SGD,1,0.0,0,0.0,25,221.064,221.064,4523.5768827126985,
8,6414,15994.469123,GB,64,0.1,6,0.09375,27,470.404,7.3500625,136053.26485319002,
8,6415,15995.006565,LoR,32,0.05,3,0.09375,15,171.963,5.37384375,186086.54187237954,
8,6416,15995.23349,NB,32,0.05,0,0.0,25,127.406,3.9814375,251165.56520101093,
8,6417,15995.416966,AB,100,1.0,100,1.0,6,8674.176,86.74176,11528.472560390752,
8,6418,16004.161042,LoR,16,0.05,1,0.0625,0,190.405,11.9003125,84031.40673826843,
8,6419,16004.392186,LoR,1,0.5,0,0.0,21,141.782,141.782,7053.08149130355,
8,6420,16004.689749,AB,1,0.05,0,0.0,6,7725.653,7725.653,129.43889662142476,2.0
8,6421,16025.313116,RF,16,0.0,0,0.0,10,3202.222,200.138875,4996.530534110377,
8,6422,16028.572257,NB,64,0.0,0,0.0,27,146.754,2.29303125,436103.9562805784,
8,6423,16028.759615,MLP,16,1.0,16,1.0,9,208.833,13.0520625,76616.24360134653,
8,6424,16029.038207,AB,64,0.5,31,0.484375,27,8242.908,128.7954375,7764.250189374915,
8,6425,16037.352039,LoR,64,0.5,27,0.421875,25,163.245,2.550703125,392048.7610646574,
8,6426,16037.57104,AB,100,1.0,100,1.0,8,8510.507,85.10507,11750.181275921635,
8,6427,16046.125317,AB,1,0.1,0,0.0,10,8190.109,8190.109,122.09849710180902,2.0
8,6428,16067.141055,MLP,64,0.1,9,0.140625,21,287.931,4.498921875,222275.47572161388,
8,6429,16067.493733,NB,8,0.1,1,0.125,5,121.932,15.2415,65610.34018961388,
8,6430,16067.681096,GB,64,0.5,35,0.546875,24,311.27,4.86359375,205609.2781186751,
8,6431,16068.055739,DT,16,0.01,1,0.0625,20,96.801,6.0500625,165287.5486823483,
8,6432,16068.210711,AB,16,0.05,3,0.1875,6,8076.705,504.7940625,1981.00586811082,
8,6433,16076.359408,SGD,64,0.01,1,0.015625,19,171.875,2.685546875,372363.63636363635,
8,6434,16076.588158,DT,100,1.0,100,1.0,3,122.334,1.22334,817434.2374155999,
8,6435,16076.765627,AB,100,1.0,100,1.0,5,8429.226,84.29226,11863.48544931646,
8,6436,16085.267545,DT,64,0.1,11,0.171875,13,97.517,1.523703125,656295.8253432735,
8,6437,16085.424233,RF,16,0.5,8,0.5,23,3473.927,217.1204375,4605.7386928395445,
8,6438,16088.961287,LoR,8,0.5,5,0.625,26,168.861,21.107625,47376.24436666845,
8,6439,16089.171596,GB,1,0.05,0,0.0,25,233.713,233.713,4278.752144724513,4.0
8,6440,16102.48222,AB,64,0.05,3,0.046875,19,8399.126,131.23634375,7619.8404453034755,
8,6441,16110.947272,NB,8,0.05,1,0.125,17,119.238,14.90475,67092.70534561129,
8,6442,16111.105076,NB,1,0.0,0,0.0,28,100.604,100.604,9939.962625740527,
8,6443,16111.278918,MLP,1,0.0,0,0.0,23,201.882,201.882,4953.388613150256,
8,6444,16111.673522,NB,64,0.1,3,0.046875,20,130.646,2.04134375,489873.39834361564,
8,6445,16111.86883,AB,64,0.1,5,0.078125,10,8303.242,129.73815625,7707.832675477844,
8,6446,16120.223173,GB,64,0.0,0,0.0,14,273.772,4.2776875,233771.16724865948,
8,6447,16120.537785,MLP,1,0.0,0,0.0,17,174.418,174.418,5733.353208957791,
8,6448,16120.885855,NB,32,0.1,2,0.0625,23,121.52,3.7975,263331.1389071758,
8,6449,16121.061781,DT,100,0.0,0,0.0,13,101.218,1.01218,987966.5672113656,
8,6450,16121.220987,NB,16,0.5,8,0.5,9,113.789,7.1118125,140611.13112866797,
8,6451,16121.38926,GB,8,0.5,5,0.625,16,221.823,27.727875,36064.790395946315,
8,6452,16121.671671,SGD,16,0.5,6,0.375,15,167.483,10.4676875,95532.0838532866,
8,6453,16121.87994,AB,8,0.01,0,0.0,10,7997.848,999.731,1000.2690723804703,
8,6454,16129.92456,AB,32,1.0,32,1.0,8,7989.611,249.67534375,4005.2012544790978,
8,6455,16137.986411,NB,64,0.1,6,0.09375,4,130.711,2.042359375,489629.79397296323,
8,6456,16138.175515,LoR,16,0.5,7,0.4375,24,159.952,9.997,100030.00900270081,
8,6457,16138.376202,NB,16,1.0,16,1.0,21,110.503,6.9064375,144792.4490737808,
8,6458,16138.527314,DT,8,0.1,0,0.0,18,89.913,11.239125,88974.8979569139,
8,6459,16138.683325,AB,64,0.01,1,0.015625,4,8274.437,129.288078125,7734.665210454802,
8,6460,16147.002522,AB,8,0.01,0,0.0,13,7873.674,984.20925,1016.0440983459564,
8,6461,16154.919381,MLP,1,0.01,0,0.0,23,166.371,166.371,6010.662916013007,
8,6462,16155.29825,MLP,32,0.05,1,0.03125,16,190.361,5.94878125,168101.65947856967,
8,6463,16155.557269,AB,64,0.1,5,0.078125,27,8701.155,135.955546875,7355.345353576622,
8,6464,16164.301889,MLP,8,0.0,0,0.0,2,174.326,21.79075,45891.03174512121,
8,6465,16164.546523,AB,64,0.1,10,0.15625,4,8257.78,129.0278125,7750.267020918454,
8,6466,16172.877295,DT,64,0.5,39,0.609375,19,104.286,1.62946875,613696.9487754828,
8,6467,16173.027495,AB,32,0.05,0,0.0,5,8071.715,252.24109375,3964.461084168606,
8,6468,16181.14284,NB,1,0.5,1,1.0,18,104.31,104.31,9586.808551433227,
8,6469,16181.314954,MLP,100,0.0,0,0.0,11,227.562,2.27562,439440.6799026199,
8,6470,16181.587546,GB,16,0.01,0,0.0,6,232.793,14.5495625,68730.58897819092,
8,6471,16181.863157,AB,16,1.0,16,1.0,18,8003.94,500.24625,1999.0154848736997,
8,6472,16189.93485,SGD,32,0.5,13,0.40625,10,161.157,5.03615625,198564.13311243072,
8,6473,16190.148237,GB,64,0.01,0,0.0,17,250.155,3.908671875,255841.37834542582,
8,6474,16190.441376,AB,16,1.0,16,1.0,16,8036.718,502.294875,1990.8624391200487,
8,6475,16198.556369,NB,100,0.5,45,0.45,5,143.074,1.4307400000000001,698939.0105819366,
8,6476,16198.740358,AB,8,0.05,0,0.0,14,7924.957,990.619625,1009.4691996436069,
8,6477,16206.70844,NB,1,0.5,0,0.0,25,103.304,103.304,9680.167273290483,
8,6478,16206.889774,GB,64,0.05,3,0.046875,22,250.822,3.91909375,255161.03053161205,
8,6479,16207.185297,LoR,16,0.01,0,0.0,8,201.946,12.621625,79229.10084874174,
8,6480,16207.447545,NB,16,0.1,2,0.125,3,114.672,7.167,139528.39402818473,
8,6481,16207.603608,GB,32,1.0,32,1.0,10,267.367,8.35521875,119685.67549473196,
8,6482,16207.928537,MLP,100,0.01,0,0.0,12,234.179,2.34179,427023.77241341025,
8,6483,16208.204731,LoR,1,0.01,0,0.0,14,149.856,149.856,6673.072816570575,
8,6484,16208.505862,AB,1,0.5,0,0.0,29,7712.419,7712.419,129.66100519175632,2.0
8,6485,16228.882783,AB,64,0.0,0,0.0,3,8664.064,135.376,7386.833707599574,
8,6486,16237.607481,DT,32,1.0,32,1.0,10,103.701,3.24065625,308579.4736791352,
8,6487,16237.752734,SGD,8,1.0,8,1.0,16,174.887,21.860875,45743.82315437969,
8,6488,16237.968294,GB,8,0.0,0,0.0,2,247.012,30.8765,32387.09050572442,
8,6489,16238.263898,GB,32,0.05,0,0.0,15,229.931,7.18534375,139172.18643854026,
8,6490,16238.571342,LoR,100,0.05,5,0.05,27,177.937,1.7793700000000001,561996.6617398292,
8,6491,16238.789888,LoR,1,0.01,0,0.0,22,147.181,147.181,6794.3552496585835,
8,6492,16239.113915,LoR,16,0.5,11,0.6875,15,185.944,11.6215,86047.41212408038,
8,6493,16239.338784,RF,8,1.0,8,1.0,20,3356.461,419.557625,2383.462819916573,
8,6494,16242.769627,GB,64,0.1,4,0.0625,9,266.63,4.16609375,240033.004538124,
8,6495,16243.10644,RF,64,0.1,11,0.171875,5,3889.84,60.77875,16453.11889435041,
8,6496,16247.065483,GB,32,0.05,6,0.1875,4,289.741,9.05440625,110443.46502566086,
8,6497,16247.416315,MLP,8,0.5,6,0.75,28,200.055,25.006875,39989.00302416835,
8,6498,16247.661381,SGD,16,0.01,0,0.0,8,157.65,9.853125,101490.6438312718,
8,6499,16247.873839,NB,100,0.0,0,0.0,4,146.175,1.46175,684111.5101761586,
8,6500,16248.076947,AB,8,0.5,5,0.625,2,8000.464,1000.058,999.9420033638049,
8,6501,16256.128697,NB,64,0.0,0,0.0,29,129.11,2.01734375,495701.33994268446,
8,6502,16256.29906,DT,16,1.0,16,1.0,23,94.399,5.8999375,169493.32090382313,
8,6503,16256.43189,AB,8,1.0,8,1.0,0,8017.075,1002.134375,997.8701708540833,
8,6504,16264.489629,MLP,1,0.0,0,0.0,9,168.058,168.058,5950.326672934344,
8,6505,16264.817284,GB,8,0.0,0,0.0,14,218.039,27.254875,36690.68377675553,
8,6506,16265.080072,DT,32,0.0,0,0.0,9,91.964,2.873875,347962.24609629856,
8,6507,16265.219914,GB,64,1.0,64,1.0,0,252.108,3.9391875,253859.4570580862,
8,6508,16265.536724,SGD,32,0.5,14,0.4375,4,166.789,5.21215625,191859.1753652819,
8,6509,16265.747017,SGD,32,1.0,32,1.0,12,155.074,4.8460625,206353.09594129253,
8,6510,16265.970149,LoR,64,0.1,4,0.0625,9,161.682,2.52628125,395838.74519117776,
8,6511,16266.177475,NB,32,0.05,0,0.0,13,118.371,3.69909375,270336.48444298015,
8,6512,16266.35602,AB,32,0.5,16,0.5,4,8099.034,253.0948125,3951.0884878369448,
8,6513,16274.533842,GB,100,0.5,53,0.53,28,291.858,2.91858,342632.37601847475,
8,6514,16274.887439,DT,8,0.1,1,0.125,10,94.44,11.805,84709.86869970351,
8,6515,16275.021795,NB,8,0.1,0,0.0,21,114.419,14.302375,69918.45759882538,
8,6516,16275.173726,MLP,8,1.0,8,1.0,28,187.42,23.4275,42684.87888165618,
8,6517,16275.408264,SGD,32,0.0,0,0.0,23,158.15,4.9421875,202339.5510591211,
8,6518,16275.607086,GB,1,0.1,0,0.0,8,204.356,204.356,4893.421284425219,4.0
8,6519,16288.317884,AB,1,1.0,1,1.0,14,7750.289,7750.289,129.02744658941106,2.0
8,6520,16308.828181,SGD,100,0.1,8,0.08,28,175.123,1.7512299999999998,571027.2208676188,
8,6521,16309.054932,NB,64,0.05,0,0.0,14,131.163,2.049421875,487942.4837797244,
8,6522,16309.246447,GB,32,0.5,18,0.5625,15,243.064,7.59575,131652.56887075008,
8,6523,16309.531946,DT,1,0.5,1,1.0,22,90.058,90.058,11103.955228852516,32.0
8,6524,16309.811662,NB,8,0.1,0,0.0,10,115.78,14.4725,69096.56244601832,
8,6525,16309.993253,DT,64,0.1,8,0.125,25,98.555,1.539921875,649383.5929176601,
8,6526,16310.138052,MLP,64,0.0,0,0.0,24,214.152,3.346125,298853.1510329112,
8,6527,16310.430528,RF,100,0.05,2,0.02,8,4027.896,40.278960000000005,24826.857495824122,
8,6528,16314.517575,MLP,100,0.0,0,0.0,2,243.667,2.43667,410396.1554088161,
8,6529,16314.805857,LoR,8,0.05,0,0.0,24,155.276,19.4095,51521.16231742188,
8,6530,16315.001514,SGD,8,1.0,8,1.0,2,150.691,18.836375,53088.771061310894,
8,6531,16315.195537,NB,16,0.1,0,0.0,1,118.8,7.425,134680.13468013468,
8,6532,16315.356307,LoR,32,1.0,32,1.0,24,154.366,4.8239375,207299.5348716686,
8,6533,16315.573127,MLP,32,0.1,2,0.0625,9,185.348,5.792125,172648.20769579386,
8,6534,16315.801998,SGD,16,0.01,0,0.0,28,149.873,9.3670625,106757.05430597907,
8,6535,16316.010261,SGD,8,0.5,6,0.75,7,147.431,18.428875,54262.672029627414,
8,6536,16316.216283,NB,16,0.5,9,0.5625,19,111.997,6.9998125,142860.9694902542,
8,6537,16316.366456,LoR,16,0.0,0,0.0,28,150.523,9.4076875,106296.04778007348,
8,6538,16316.555527,DT,8,1.0,8,1.0,28,90.681,11.335125,88221.34736052756,
8,6539,16316.686049,NB,1,0.05,1,1.0,0,101.377,101.377,9864.1703739507,
8,6540,16316.862479,DT,64,0.01,1,0.015625,19,93.96,1.468125,681140.9110259685,
8,6541,16317.020514,MLP,64,0.05,4,0.0625,25,205.907,3.217296875,310819.93327084556,
8,6542,16317.285726,RF,16,0.05,1,0.0625,22,3184.652,199.04075,5024.096824394,
8,6543,16320.534975,NB,8,0.01,1,0.125,9,119.834,14.97925,66759.0166396849,
8,6544,16320.713234,RF,16,0.5,10,0.625,1,3336.877,208.5548125,4794.902539110672,
8,6545,16324.129421,AB,100,0.1,9,0.09,23,8565.685,85.65684999999999,11674.489547537647,
8,6546,16332.76266,SGD,32,0.5,14,0.4375,24,161.371,5.04284375,198300.80993487057,
8,6547,16332.987046,NB,8,0.5,3,0.375,22,111.354,13.91925,71842.95130843975,
8,6548,16333.153504,RF,8,0.5,3,0.375,17,3126.293,390.786625,2558.9412124839228,
8,6549,16336.327305,DT,32,0.0,0,0.0,7,99.068,3.095875,323010.4574635604,
8,6550,16336.469347,NB,8,1.0,8,1.0,16,115.591,14.448875,69209.54053516277,
8,6551,16336.63805,NB,100,1.0,100,1.0,28,138.537,1.38537,721828.8255123179,
8,6552,16336.822765,GB,64,1.0,64,1.0,20,279.117,4.361203125,229294.52523493732,
8,6553,16337.16495,AB,16,0.01,1,0.0625,23,7880.717,492.5448125,2030.2721186409817,
8,6554,16345.117006,LoR,64,0.05,9,0.140625,24,160.39,2.50609375,399027.37078371475,
8,6555,16345.315351,MLP,1,1.0,1,1.0,22,168.955,168.955,5918.735758042082,
8,6556,16345.669232,LoR,64,0.01,1,0.015625,9,153.121,2.392515625,417970.10207613587,
8,6557,16345.888985,NB,64,0.05,4,0.0625,4,124.993,1.953015625,512028.67360572197,
8,6558,16346.065813,RF,100,1.0,100,1.0,23,5116.294,51.16294,19545.39750843091,
8,6559,16351.263383,GB,100,1.0,100,1.0,14,454.05,4.5405,220240.06166721726,
8,6560,16351.795671,SGD,100,0.05,5,0.05,23,245.813,2.4581299999999997,406813.30930422724,
8,6561,16352.113303,LoR,32,0.0,0,0.0,11,190.683,5.95884375,167817.79183251786,
8,6562,16352.376283,RF,32,0.0,0,0.0,15,3438.099,107.44059375,9307.469040303959,
8,6563,16355.925557,NB,100,0.05,3,0.03,28,190.557,1.90557,524777.3632036609,
8,6564,16356.178075,LoR,8,0.05,1,0.125,19,180.994,22.62425,44200.3602329359,
8,6565,16356.404,SGD,32,1.0,32,1.0,14,161.18,5.036875,198535.79848616454,
8,6566,16356.610863,NB,32,0.01,0,0.0,4,118.269,3.69590625,270569.6336318054,
8,6567,16356.776493,GB,16,0.1,0,0.0,2,268.577,16.7860625,59573.23225741593,
8,6568,16357.10487,RF,8,0.5,5,0.625,19,3260.314,407.53925,2453.7513871363312,
8,6569,16360.415257,RF,32,0.01,0,0.0,8,3116.509,97.39090625,10267.899114040742,
8,6570,16363.581867,NB,32,0.0,0,0.0,2,126.858,3.9643125,252250.5478566586,
8,6571,16363.74639,NB,1,1.0,1,1.0,0,101.199,101.199,9881.520568385064,
8,6572,16363.930271,AB,100,0.1,13,0.13,17,8471.513,84.71513,11804.266841117991,
8,6573,16372.444192,MLP,1,0.1,0,0.0,6,203.848,203.848,4905.615949138573,
8,6574,16372.799464,NB,1,0.0,0,0.0,1,100.866,100.866,9914.143517141554,
8,6575,16372.946116,DT,8,0.0,0,0.0,11,86.547,10.818375,92435.32415912741,
8,6576,16373.073181,AB,8,0.05,0,0.0,13,7879.45,984.93125,1015.2992911941824,
8,6577,16380.997204,LoR,16,0.01,0,0.0,11,150.089,9.3805625,106603.4153069179,
8,6578,16381.186878,AB,8,0.0,0,0.0,27,7801.578,975.19725,1025.4335725413498,
8,6579,16389.038442,AB,64,1.0,64,1.0,17,8257.395,129.021796875,7750.628376140417,
8,6580,16397.345999,AB,64,1.0,64,1.0,19,8055.353,125.864890625,7945.027362550096,
8,6581,16405.446431,LoR,32,1.0,32,1.0,10,151.831,4.74471875,210760.64835244452,
8,6582,16405.639766,NB,1,0.01,0,0.0,3,116.001,116.001,8620.615339522934,
8,6583,16405.835167,GB,16,0.5,8,0.5,4,248.943,15.5589375,64271.74092061235,
8,6584,16406.12547,MLP,1,0.1,0,0.0,8,170.531,170.531,5864.036450850578,
8,6585,16406.4862,SGD,100,0.5,46,0.46,9,163.683,1.63683,610936.9940678019,
8,6586,16406.716487,GB,64,0.5,35,0.546875,5,265.156,4.1430625,241367.34601517598,
8,6587,16407.033435,MLP,64,0.01,0,0.0,4,238.581,3.727828125,268252.7108193863,
8,6588,16407.356896,DT,8,0.1,2,0.25,17,90.375,11.296875,88520.05532503458,
8,6589,16407.499042,MLP,100,1.0,100,1.0,11,219.496,2.19496,455589.1679119437,
8,6590,16407.764737,GB,32,1.0,32,1.0,15,285.594,8.9248125,112047.17185935279,
8,6591,16408.099228,GB,64,1.0,64,1.0,6,250.993,3.921765625,254987.19087783326,
8,6592,16408.425719,NB,100,0.05,6,0.06,24,144.914,1.4491399999999999,690064.4520198187,
8,6593,16408.607589,DT,8,0.0,0,0.0,7,90.173,11.271625,88718.35250019407,
8,6594,16408.739223,MLP,32,1.0,32,1.0,25,187.937,5.87303125,170269.82446245285,
8,6595,16408.988086,MLP,16,0.01,1,0.0625,15,200.974,12.560875,79612.288156677,
8,6596,16409.276081,MLP,8,0.1,2,0.25,11,229.665,28.708125,34833.3442187534,
8,6597,16409.547736,RF,8,1.0,8,1.0,1,3793.35,474.16875,2108.953827092148,
8,6598,16413.453128,MLP,64,0.01,2,0.03125,14,290.189,4.534203125,220545.92007278014,
8,6599,16413.787915,MLP,1,0.5,0,0.0,7,173.353,173.353,5768.576257693839,
8,6600,16414.126227,GB,8,0.05,0,0.0,8,267.881,33.485125,29864.00677912954,
8,6601,16414.437705,GB,1,0.5,1,1.0,20,213.527,213.527,4683.24848848155,4.0
8,6602,16427.128784,DT,8,1.0,8,1.0,1,126.389,15.798625,63296.64765129877,
8,6603,16427.307449,GB,1,0.1,0,0.0,20,199.503,199.503,5012.455953043313,4.0
8,6604,16439.888899,AB,64,0.05,5,0.078125,14,8300.025,129.687890625,7710.820148132084,
8,6605,16448.261614,LoR,64,0.1,7,0.109375,25,168.907,2.639171875,378906.7356592681,
8,6606,16448.472324,MLP,1,0.1,0,0.0,17,164.255,164.255,6088.094730754011,
8,6607,16448.811622,DT,16,0.05,1,0.0625,7,91.843,5.7401875,174210.33720588396,
8,6608,16448.946101,SGD,16,0.1,0,0.0,15,156.948,9.80925,101944.59311364272,
8,6609,16449.146251,DT,32,0.0,0,0.0,8,88.789,2.77465625,360405.00512450864,
8,6610,16449.272346,LoR,8,1.0,8,1.0,3,148.479,18.559875,53879.673219781915,
8,6611,16449.468426,SGD,64,0.0,0,0.0,27,153.304,2.395375,417471.16839743254,
8,6612,16449.659293,DT,1,1.0,1,1.0,27,82.827,82.827,12073.357721515931,7.0
8,6613,16449.960414,NB,100,0.5,48,0.48,27,150.502,1.50502,664442.99743525,
8,6614,16450.152897,GB,32,0.0,0,0.0,15,228.512,7.141,140036.40946646128,
8,6615,16450.430284,DT,64,0.0,0,0.0,29,95.993,1.499890625,666715.2813225965,
8,6616,16450.587858,SGD,32,0.05,1,0.03125,22,161.395,5.04359375,198271.32191207906,
8,6617,16450.790206,SGD,8,0.05,0,0.0,5,150.339,18.792375,53213.07179108548,
8,6618,16450.979864,GB,1,0.05,0,0.0,12,201.733,201.733,4957.047186132165,4.0
8,6619,16464.011937,DT,1,0.5,1,1.0,28,102.494,102.494,9756.668683044862,18.0
8,6620,16464.32487,GB,16,0.1,1,0.0625,22,277.555,17.3471875,57646.232278287185,
8,6621,16464.643129,GB,1,0.0,0,0.0,12,219.166,219.166,4562.751521677633,4.0
8,6622,16477.379386,SGD,8,0.5,3,0.375,29,184.587,23.073375,43339.99685785023,
8,6623,16477.604417,LoR,1,0.0,0,0.0,29,151.627,151.627,6595.131473945933,
8,6624,16477.930545,LoR,100,1.0,100,1.0,24,159.445,1.59445,627175.5150678918,
8,6625,16478.129034,GB,1,1.0,1,1.0,8,214.507,214.507,4661.852526957162,4.0
8,6626,16490.858894,GB,100,0.5,48,0.48,5,299.044,2.99044,334398.9513248887,
8,6627,16491.23383,GB,64,0.5,36,0.5625,27,297.433,4.647390625,215174.50988962222,
8,6628,16491.596357,AB,32,0.5,11,0.34375,0,8136.955,254.27984375,3932.6750608796533,
8,6629,16499.779627,DT,1,0.0,0,0.0,24,125.619,125.619,7960.579211743447,7.0
8,6630,16500.16157,NB,32,1.0,32,1.0,12,145.078,4.5336875,220571.00318449386,
8,6631,16500.410938,LoR,32,0.1,3,0.09375,27,216.266,6.7583125,147965.93084442307,
8,6632,16500.684368,MLP,16,0.01,0,0.0,25,236.418,14.776125,67676.7420416381,
8,6633,16501.02297,RF,16,0.1,2,0.125,24,3457.036,216.06475,4628.242228313503,
8,6634,16504.572872,SGD,1,0.1,0,0.0,19,241.805,241.805,4135.563780732408,
8,6635,16505.031609,AB,100,0.0,0,0.0,3,8922.305,89.22305,11207.866128763812,
8,6636,16514.025455,RF,32,0.0,0,0.0,13,3406.529,106.45403125,9393.725989122653,
8,6637,16517.499654,LoR,100,0.0,0,0.0,22,200.546,2.00546,498638.7163044888,
8,6638,16517.740492,GB,1,0.0,0,0.0,9,254.953,254.953,3922.2915596207927,4.0
8,6639,16530.571229,GB,64,0.01,1,0.015625,14,254.373,3.974578125,251599.02977124145,
8,6640,16530.868207,MLP,1,0.05,0,0.0,11,188.147,188.147,5314.993063934052,
8,6641,16531.251075,AB,64,0.0,0,0.0,16,8749.057,136.704015625,7315.074070268372,
8,6642,16540.06211,LoR,64,0.0,0,0.0,23,174.181,2.721578125,367433.87625515985,
8,6643,16540.291543,LoR,64,0.01,0,0.0,1,154.425,2.412890625,414440.66699044843,
8,6644,16540.511157,MLP,32,0.01,1,0.03125,6,198.537,6.20428125,161179.0245646907,
8,6645,16540.765658,DT,100,0.0,0,0.0,2,101.045,1.01045,989658.0731357316,
8,6646,16540.934064,AB,64,0.05,2,0.03125,28,8303.261,129.738453125,7707.815037971226,
8,6647,16549.280566,AB,1,0.01,0,0.0,21,7758.297,7758.297,128.89426635768135,2.0
8,6648,16569.823639,MLP,100,0.01,0,0.0,22,243.745,2.43745,410264.8259451476,
8,6649,16570.138378,AB,64,0.05,3,0.046875,21,8309.214,129.83146875,7702.29290038745,
8,6650,16578.511934,GB,16,0.5,7,0.4375,14,255.537,15.9710625,62613.24191800013,
8,6651,16578.827124,NB,8,0.5,5,0.625,11,120.877,15.109625,66182.97939227479,
8,6652,16579.003171,NB,8,0.5,3,0.375,26,108.008,13.501,74068.58751203615,
8,6653,16579.165124,LoR,100,0.01,0,0.0,7,209.082,2.09082,478281.2485053711,
8,6654,16579.421254,NB,32,0.05,0,0.0,7,115.45,3.6078125,277176.2667821568,
8,6655,16579.578376,GB,32,0.0,0,0.0,29,238.296,7.44675,134286.76939604525,
8,6656,16579.860982,MLP,16,0.01,0,0.0,28,184.015,11.5009375,86949.43347009756,
8,6657,16580.100775,LoR,100,0.0,0,0.0,3,164.197,1.64197,609024.5254176386,
8,6658,16580.328195,GB,32,0.05,1,0.03125,24,229.206,7.1626875,139612.40107152518,
8,6659,16580.598536,NB,16,0.0,0,0.0,27,116.197,7.2623125,137697.18667435474,
8,6660,16580.751147,LoR,1,1.0,1,1.0,0,150.456,150.456,6646.461423937896,
8,6661,16581.078776,SGD,16,0.05,1,0.0625,1,153.605,9.6003125,104163.27593502817,
8,6662,16581.306567,RF,100,0.05,10,0.1,13,4259.875,42.59875,23474.867220282285,
8,6663,16585.636593,LoR,64,0.01,0,0.0,23,287.328,4.4895,222741.95344693176,
8,6664,16586.037256,LoR,64,0.1,6,0.09375,26,210.804,3.2938125,303599.5521906605,
8,6665,16586.298663,LoR,64,1.0,64,1.0,29,161.949,2.530453125,395186.13884617994,
8,6666,16586.503397,MLP,16,1.0,16,1.0,22,198.051,12.3781875,80787.27196530187,
8,6667,16586.752795,NB,8,0.05,0,0.0,13,123.8,15.475,64620.35541195477,
8,6668,16586.941654,DT,32,0.1,3,0.09375,20,112.726,3.5226875,283874.1727729184,
8,6669,16587.09773,NB,16,0.1,0,0.0,25,125.623,7.8514375,127365.21178446621,
8,6670,16587.275566,DT,64,0.01,0,0.0,22,104.73,1.63640625,611095.1971736847,
8,6671,16587.45699,RF,100,0.5,49,0.49,29,4994.079,49.94079,20023.712079844954,
8,6672,16592.533575,GB,32,0.5,21,0.65625,22,375.241,11.72628125,85278.52766621984,
8,6673,16592.976362,SGD,100,0.01,0,0.0,19,205.386,2.05386,486888.10337608214,
8,6674,16593.223574,AB,1,0.0,0,0.0,27,7873.543,7873.543,127.00762541082204,2.0
8,6675,16613.918151,NB,32,1.0,32,1.0,24,130.99,4.0934375,244293.45751584088,
8,6676,16614.126438,NB,100,0.01,1,0.01,9,141.378,1.4137799999999998,707323.6288531455,
8,6677,16614.313346,NB,1,0.01,0,0.0,15,100.934,100.934,9907.464283591258,
8,6678,16614.461719,SGD,1,0.1,0,0.0,25,163.422,163.422,6119.127167700799,
8,6679,16614.785212,GB,1,0.05,0,0.0,23,345.732,345.732,2892.413777145303,4.0
8,6680,16627.836625,SGD,100,0.5,64,0.64,20,192.32,1.9232,519966.7221297837,
8,6681,16628.100464,SGD,64,0.1,6,0.09375,14,165.557,2.586828125,386573.80841643666,
8,6682,16628.308117,SGD,8,0.01,0,0.0,4,147.905,18.488125,54088.77319901288,
8,6683,16628.523095,GB,64,0.05,4,0.0625,15,263.857,4.122765625,242555.6267220502,
8,6684,16628.844134,MLP,100,0.0,0,0.0,12,246.95,2.4695,404940.2713099818,
8,6685,16629.133394,RF,1,0.05,0,0.0,7,3045.242,3045.242,328.3811270171631,9.01
8,6686,16644.99256,GB,1,1.0,1,1.0,18,222.225,222.225,4499.943750703116,4.0
8,6687,16657.634227,GB,64,1.0,64,1.0,23,256.326,4.00509375,249682.0455201579,
8,6688,16657.936365,SGD,32,1.0,32,1.0,1,167.091,5.22159375,191512.4094056532,
8,6689,16658.180068,AB,100,0.5,49,0.49,26,8614.891,86.14891,11607.807922352124,
8,6690,16666.868345,LoR,64,0.1,9,0.140625,28,165.189,2.581078125,387434.9986984606,
8,6691,16667.077477,RF,16,0.05,0,0.0,13,3211.971,200.7481875,4981.365024777621,
8,6692,16670.331161,LoR,1,1.0,1,1.0,15,162.213,162.213,6164.734022550598,
8,6693,16670.659793,GB,64,0.0,0,0.0,7,253.538,3.96153125,252427.6439823616,
8,6694,16670.959261,SGD,32,0.0,0,0.0,24,163.462,5.1081875,195764.1531365088,
8,6695,16671.17877,DT,100,1.0,100,1.0,2,124.261,1.24261,804757.7276860802,
8,6696,16671.344104,DT,1,0.5,0,0.0,6,84.931,84.931,11774.26381415502,7.0
8,6697,16671.61652,DT,16,1.0,16,1.0,21,93.495,5.8434375,171132.14610406972,
8,6698,16671.749895,LoR,16,1.0,16,1.0,26,154.224,9.639,103745.20178441748,
8,6699,16671.962697,SGD,8,0.5,4,0.5,12,149.582,18.69775,53482.370873500826,
8,6700,16672.178063,SGD,64,0.05,5,0.078125,1,155.652,2.4320625,411173.6437694344,
8,6701,16672.405921,DT,100,0.05,4,0.04,3,96.316,0.96316,1038249.0967232859,
8,6702,16672.541102,MLP,1,0.5,0,0.0,15,172.068,172.068,5811.655856986772,
8,6703,16672.902271,SGD,100,0.05,4,0.04,15,163.381,1.63381,612066.2745362067,
8,6704,16673.120145,DT,100,0.0,0,0.0,11,94.034,0.9403400000000001,1063445.136865389,
8,6705,16673.255081,LoR,8,0.01,0,0.0,27,148.063,18.507875,54031.054348486796,
8,6706,16673.461149,AB,8,0.5,4,0.5,6,8161.047,1020.130875,980.2663800367772,
8,6707,16681.669251,GB,8,1.0,8,1.0,28,231.448,28.931,34564.99948152501,
8,6708,16681.947622,DT,16,0.01,0,0.0,1,89.641,5.6025625,178489.75357258396,
8,6709,16682.117811,LoR,100,0.05,6,0.06,5,175.38,1.7538,570190.4436081651,
8,6710,16682.355023,AB,16,0.05,1,0.0625,29,8045.754,502.859625,1988.6265476175383,
8,6711,16690.441458,AB,1,0.0,0,0.0,10,7707.257,7707.257,129.74784673717252,2.0
8,6712,16710.881113,SGD,16,0.0,0,0.0,19,165.822,10.363875,96489.00628384654,
8,6713,16711.123192,MLP,100,0.5,54,0.54,13,278.795,2.7879500000000004,358686.49007335136,
8,6714,16711.445457,LoR,8,0.1,0,0.0,22,151.085,18.885625,52950.325975444284,
8,6715,16711.651636,AB,100,1.0,100,1.0,0,8518.925,85.18924999999999,11738.570300830212,
8,6716,16720.237234,MLP,32,0.5,17,0.53125,6,193.113,6.03478125,165706.08918094588,
8,6717,16720.473256,DT,1,1.0,1,1.0,12,86.488,86.488,11562.297659790953,31.0
8,6718,16720.747094,LoR,16,0.0,0,0.0,20,156.131,9.7581875,102478.04728080907,
8,6719,16720.943027,SGD,8,0.0,0,0.0,0,149.507,18.688375,53509.20023811594,
8,6720,16721.151539,RF,8,0.05,1,0.125,28,3178.995,397.374375,2516.5185852761642,
8,6721,16724.380843,NB,32,0.01,0,0.0,20,135.193,4.22478125,236698.64563993696,
8,6722,16724.556159,NB,8,1.0,8,1.0,18,109.901,13.737625,72792.78623488413,
8,6723,16724.723838,RF,16,0.1,2,0.125,8,3297.228,206.07675,4852.560999724617,
8,6724,16728.09455,AB,64,0.05,5,0.078125,1,8264.582,129.13409375,7743.8883176426825,
8,6725,16736.401562,GB,8,0.0,0,0.0,17,236.784,29.598,33786.066626123386,
8,6726,16736.6798,GB,8,0.0,0,0.0,29,217.299,27.162375,36815.63191731209,
8,6727,16736.93881,LoR,1,0.5,0,0.0,22,154.963,154.963,6453.153333376355,
8,6728,16737.277933,AB,64,0.1,5,0.078125,26,8249.661,128.900953125,7757.894536514895,
8,6729,16745.573987,GB,16,0.0,0,0.0,27,207.421,12.9638125,77137.8018619137,
8,6730,16745.837406,NB,100,0.0,0,0.0,24,142.27,1.4227,702888.8732691361,
8,6731,16746.021671,GB,32,1.0,32,1.0,0,254.329,7.94778125,125821.27873738346,
8,6732,16746.330936,AB,100,0.0,0,0.0,19,8358.259,83.58259,11964.21407855392,
8,6733,16754.752333,NB,16,0.5,6,0.375,25,112.477,7.0298125,142251.3047111854,
8,6734,16754.909145,RF,32,0.01,0,0.0,9,3168.451,99.01409375,10099.572314673636,
8,6735,16758.124356,MLP,32,0.0,0,0.0,17,204.824,6.40075,156231.69159864078,
8,6736,16758.392258,SGD,16,0.5,7,0.4375,8,154.401,9.6500625,103626.2718505709,
8,6737,16758.5969,GB,64,0.01,0,0.0,21,247.479,3.866859375,258607.80106594902,
8,6738,16758.893537,GB,64,0.0,0,0.0,4,242.3,3.7859375,264135.3693768056,
8,6739,16759.183813,SGD,64,0.0,0,0.0,11,203.022,3.17221875,315236.77236949693,
8,6740,16759.448754,RF,32,0.1,2,0.0625,28,3358.529,104.95403125,9527.980851140484,
8,6741,16762.864851,DT,100,0.0,0,0.0,7,104.866,1.04866,953597.9249709153,
8,6742,16763.043734,RF,100,0.5,48,0.48,8,4649.356,46.493559999999995,21508.35513563599,
8,6743,16767.77369,SGD,100,0.5,51,0.51,8,180.772,1.80772,553183.0150687053,
8,6744,16767.998844,RF,16,0.01,0,0.0,29,3092.441,193.2775625,5173.906308964342,
8,6745,16771.163978,NB,64,0.05,1,0.015625,24,174.428,2.7254375,366913.56892242073,
8,6746,16771.378239,RF,1,0.5,1,1.0,27,2928.033,2928.033,341.52620547650935,22.84
8,6747,16787.643183,NB,1,0.0,0,0.0,20,117.459,117.459,8513.609003992882,
8,6748,16787.831912,NB,8,0.05,1,0.125,8,110.382,13.79775,72475.58478737476,
8,6749,16787.978957,NB,8,0.0,0,0.0,17,104.104,13.013,76846.23069238455,
8,6750,16788.120367,NB,16,1.0,16,1.0,25,141.754,8.859625,112871.59445236114,
8,6751,16788.3047,GB,32,0.01,0,0.0,29,272.823,8.52571875,117292.16378384522,
8,6752,16788.619418,MLP,8,0.01,0,0.0,3,203.747,25.468375,39264.38180684869,
8,6753,16788.861785,LoR,1,0.0,0,0.0,19,149.837,149.837,6673.918991971276,
8,6754,16789.183737,RF,100,0.01,0,0.0,26,3580.366,35.80366,27930.105469664275,
8,6755,16792.810263,GB,8,0.01,0,0.0,20,249.28,31.16,32092.42618741977,
8,6756,16793.11881,DT,100,0.01,0,0.0,11,109.5,1.095,913242.0091324201,
8,6757,16793.289699,LoR,32,0.5,18,0.5625,2,160.477,5.01490625,199405.52228668283,
8,6758,16793.503408,SGD,100,0.0,0,0.0,17,164.701,1.6470099999999999,607160.8551253484,
8,6759,16793.727548,AB,16,0.01,1,0.0625,27,7948.625,496.7890625,2012.9267640629669,
8,6760,16801.715965,DT,1,1.0,1,1.0,7,79.167,79.167,12631.52576199679,14.0
8,6761,16801.99474,RF,8,0.5,4,0.5,23,3144.159,393.019875,2544.4005853393546,
8,6762,16805.190651,RF,64,0.0,0,0.0,29,3485.864,54.466625,18359.86716636105,
8,6763,16808.748747,NB,64,0.05,2,0.03125,15,140.467,2.194796875,455623.02889646677,
8,6764,16808.933486,RF,32,0.01,0,0.0,20,3200.017,100.00053125,9999.946875282225,
8,6765,16812.206063,GB,64,0.1,6,0.09375,6,275.387,4.302921875,232400.22223271252,
8,6766,16812.57226,RF,32,0.5,16,0.5,16,3584.591,112.01846875,8927.099353873287,
8,6767,16816.203338,LoR,1,0.5,1,1.0,10,166.366,166.366,6010.84356178546,
8,6768,16816.554893,MLP,64,0.1,8,0.125,1,216.544,3.3835,295551.9432540269,
8,6769,16816.817943,GB,32,0.01,0,0.0,16,235.439,7.35746875,135916.30953240543,
8,6770,16817.103118,DT,64,1.0,64,1.0,9,137.359,2.146234375,465932.33788830723,
8,6771,16817.293582,GB,100,1.0,100,1.0,15,278.758,2.7875799999999997,358734.09911105694,
8,6772,16817.64881,GB,100,0.05,6,0.06,10,265.74,2.6574,376307.6691502973,
8,6773,16817.955511,NB,1,0.1,0,0.0,12,108.37,108.37,9227.646027498386,
8,6774,16818.109563,GB,1,0.0,0,0.0,26,200.885,200.885,4977.972471812231,4.0
8,6775,16831.167388,GB,100,0.05,6,0.06,6,353.561,3.5356099999999997,282836.6250802549,
8,6776,16831.598347,AB,100,0.05,6,0.06,10,8497.526,84.97525999999999,11768.131100746265,
8,6777,16840.139485,MLP,1,0.5,1,1.0,27,189.83,189.83,5267.871253226571,
8,6778,16840.508304,GB,8,0.05,1,0.125,17,219.149,27.393625,36504.84373645328,
8,6779,16840.788389,DT,16,0.1,2,0.125,6,94.405,5.9003125,169482.54859382447,
8,6780,16840.938518,GB,8,0.5,4,0.5,3,214.89,26.86125,37228.34938805901,
8,6781,16841.227315,RF,100,0.05,7,0.07,3,3869.232,38.69232,25844.92219644622,
8,6782,16845.171123,RF,64,0.1,5,0.078125,12,3612.343,56.442859375,17717.03296170934,
8,6783,16848.830579,LoR,32,1.0,32,1.0,0,178.253,5.57040625,179520.1202784806,
8,6784,16849.068144,AB,100,0.01,0,0.0,1,8517.56,85.17559999999999,11740.45149080253,
8,6785,16857.659575,LoR,64,0.05,1,0.015625,4,164.148,2.5648125,389892.04863903305,
8,6786,16857.900021,MLP,100,0.05,3,0.03,18,232.707,2.32707,429724.9330703417,
8,6787,16858.215125,AB,100,0.1,5,0.05,19,8557.508,85.57508,11685.644933080986,
8,6788,16866.815647,SGD,1,0.5,1,1.0,8,152.57,152.57,6554.368486596317,
8,6789,16867.126193,NB,16,0.05,0,0.0,16,154.252,9.64075,103726.36983637164,
8,6790,16867.336634,GB,100,1.0,100,1.0,19,300.417,3.00417,332870.6431393696,
8,6791,16867.680517,LoR,16,0.0,0,0.0,17,160.899,10.0561875,99441.26439567679,
8,6792,16867.882571,MLP,1,0.1,0,0.0,16,167.346,167.346,5975.643277998876,
8,6793,16868.205338,LoR,32,0.0,0,0.0,21,152.418,4.7630625,209948.9561600336,
8,6794,16868.399207,SGD,1,0.05,0,0.0,26,144.343,144.343,6927.942470365727,
8,6795,16868.692541,AB,8,0.0,0,0.0,8,7973.349,996.668625,1003.3425101547668,
8,6796,16876.712345,MLP,16,0.05,0,0.0,14,180.283,11.2676875,88749.35518046627,
8,6797,16876.963239,MLP,64,0.5,28,0.4375,6,200.559,3.133734375,319108.0928803993,
8,6798,16877.232927,RF,64,0.5,28,0.4375,3,4129.593,64.524890625,15497.895313170087,
8,6799,16881.407711,AB,1,0.01,0,0.0,15,7723.21,7723.21,129.47984063621215,2.0
8,6800,16901.895267,MLP,64,0.1,10,0.15625,15,218.947,3.421046875,292308.1841724253,
8,6801,16902.18394,AB,64,0.05,4,0.0625,13,8330.342,130.16159375,7682.757802740872,
8,6802,16910.586634,LoR,64,0.5,27,0.421875,26,162.385,2.537265625,394125.0731286757,
8,6803,16910.789736,NB,1,0.1,1,1.0,17,104.259,104.259,9591.498096087627,
8,6804,16910.942214,LoR,1,0.1,0,0.0,2,146.177,146.177,6841.021501330579,
8,6805,16911.274658,SGD,1,0.01,0,0.0,4,144.562,144.562,6917.44718529074,
8,6806,16911.56255,SGD,1,0.01,0,0.0,8,140.028,140.028,7141.428857085726,
8,6807,16911.871996,LoR,32,0.1,4,0.125,12,149.316,4.666125,214310.5896220097,
8,6808,16912.080113,DT,16,0.1,3,0.1875,24,91.58,5.72375,174710.63550993666,
8,6809,16912.210502,RF,1,0.1,0,0.0,20,3258.088,3258.088,306.92848075312884,6.88
8,6810,16928.586595,RF,8,0.05,1,0.125,13,3162.584,395.323,2529.5770800079936,
8,6811,16931.794551,GB,8,0.0,0,0.0,25,271.94,33.9925,29418.25402662352,
8,6812,16932.110393,NB,1,0.5,1,1.0,14,114.912,114.912,8702.31133389028,
8,6813,16932.312373,GB,100,0.5,54,0.54,13,303.603,3.0360300000000002,329377.5094449001,
8,6814,16932.659624,LoR,8,0.05,0,0.0,15,177.221,22.152625,45141.37715056342,
8,6815,16932.876512,GB,1,0.0,0,0.0,25,206.73,206.73,4837.227301310889,4.0
8,6816,16945.564701,DT,16,0.1,2,0.125,14,94.097,5.8810625,170037.3019331116,
8,6817,16945.716273,DT,16,0.5,7,0.4375,19,88.655,5.5409375,180474.87451356382,
8,6818,16945.862668,NB,32,0.1,3,0.09375,25,120.279,3.75871875,266048.1048229533,
8,6819,16946.051353,NB,100,0.5,56,0.56,28,134.967,1.3496700000000001,740921.854971956,
8,6820,16946.243263,RF,32,0.05,2,0.0625,27,3104.254,97.0079375,10308.434812357495,
8,6821,16949.393325,RF,16,0.01,0,0.0,24,2997.76,187.36,5337.31853116994,
8,6822,16952.447784,GB,100,0.0,0,0.0,0,271.527,2.71527,368287.4999539641,
8,6823,16952.795247,DT,100,0.05,4,0.04,5,101.677,1.0167700000000002,983506.5944117155,
8,6824,16952.961133,SGD,64,0.5,38,0.59375,10,173.563,2.711921875,368742.1858345385,
8,6825,16953.195331,AB,32,0.1,2,0.0625,9,8132.628,254.144625,3934.7674577024795,
8,6826,16961.37384,DT,32,0.0,0,0.0,25,86.124,2.691375,371557.2894895732,
8,6827,16961.526879,RF,64,0.05,5,0.078125,26,3585.237,56.019328125,17850.9816784776,
8,6828,16965.178383,SGD,16,0.05,1,0.0625,6,166.1,10.38125,96327.5135460566,
8,6829,16965.419563,DT,100,0.05,6,0.06,29,100.578,1.0057800000000001,994253.216409155,
8,6830,16965.556562,MLP,1,1.0,1,1.0,28,193.587,193.587,5165.636122260276,
8,6831,16965.946752,LoR,64,0.01,1,0.015625,15,157.868,2.4666875,405401.9814021841,
8,6832,16966.165739,DT,32,0.5,15,0.46875,18,95.811,2.99409375,333990.877874148,
8,6833,16966.300026,MLP,1,0.5,0,0.0,22,200.889,200.889,4977.873352946154,
8,6834,16966.649974,AB,16,1.0,16,1.0,8,8525.997,532.8748125,1876.6133743654848,
8,6835,16975.268684,NB,8,0.5,3,0.375,27,130.178,16.27225,61454.31639754798,
8,6836,16975.442353,LoR,16,1.0,16,1.0,9,181.471,11.3419375,88168.3574786054,
8,6837,16975.707977,SGD,64,0.1,4,0.0625,18,169.309,2.645453125,378007.0758199505,
8,6838,16975.922722,NB,16,0.01,0,0.0,15,117.901,7.3688125,135707.07627585856,
8,6839,16976.109193,AB,64,0.5,28,0.4375,8,8454.94,132.1084375,7569.5392279543075,
8,6840,16984.616318,MLP,64,1.0,64,1.0,16,219.439,3.428734375,291652.8055632773,
8,6841,16984.879846,GB,32,1.0,32,1.0,3,268.869,8.40215625,119017.06779137795,
8,6842,16985.219263,NB,64,0.01,1,0.015625,15,130.353,2.036765625,490974.5076829839,
8,6843,16985.38756,SGD,8,0.0,0,0.0,24,156.153,19.519125,51231.80470436047,
8,6844,16985.582141,AB,8,1.0,8,1.0,18,8244.042,1030.50525,970.3977733252694,
8,6845,16993.892353,AB,1,1.0,1,1.0,12,8267.574,8267.574,120.95446620737836,2.0
8,6846,17014.910751,RF,64,0.01,1,0.015625,8,3633.519,56.773734375,17613.778818825496,
8,6847,17018.609298,AB,100,0.01,0,0.0,13,8517.785,85.17784999999999,11740.141363042152,
8,6848,17027.172197,GB,8,0.1,0,0.0,27,301.332,37.6665,26548.790038893978,
8,6849,17027.538924,AB,32,0.01,1,0.03125,8,8046.017,251.43803125,3977.1230908410957,
8,6850,17035.627257,NB,1,0.1,0,0.0,13,106.821,106.821,9361.455144587675,
8,6851,17035.800778,MLP,8,0.5,3,0.375,3,197.352,24.669,40536.705987271474,
8,6852,17036.065583,SGD,64,0.1,8,0.125,3,162.768,2.54325,393197.6801336872,
8,6853,17036.3,RF,100,0.05,4,0.04,21,3881.36,38.8136,25764.165137992866,
8,6854,17040.226714,SGD,16,0.0,0,0.0,8,167.627,10.4766875,95450.01700203428,
8,6855,17040.471243,LoR,100,0.5,43,0.43,1,170.787,1.70787,585524.6593710294,
8,6856,17040.701345,DT,16,0.1,5,0.3125,12,95.781,5.9863125,167047.74433342728,
8,6857,17040.861157,DT,64,0.5,29,0.453125,20,100.524,1.5706875,636663.8812621861,
8,6858,17041.014367,DT,100,1.0,100,1.0,4,111.966,1.1196599999999999,893128.2710822929,
8,6859,17041.181654,MLP,8,0.5,1,0.125,25,182.956,22.8695,43726.36043638908,
8,6860,17041.418625,DT,100,1.0,100,1.0,26,111.026,1.11026,900689.9284852197,
8,6861,17041.566999,RF,1,0.0,0,0.0,1,2972.121,2972.121,336.46005663968594,8.76
8,6862,17057.945634,RF,32,0.05,0,0.0,25,3470.928,108.4665,9219.4364158519,
8,6863,17061.504722,MLP,100,0.5,57,0.57,2,275.431,2.75431,363067.33809919725,
8,6864,17061.851057,DT,64,0.1,7,0.109375,19,105.773,1.652703125,605069.3466196478,
8,6865,17061.998971,MLP,16,0.01,0,0.0,1,186.11,11.631875,85970.66251141798,
8,6866,17062.259911,DT,100,0.5,48,0.48,4,115.743,1.15743,863983.1350492039,
8,6867,17062.415572,RF,1,0.5,0,0.0,14,3082.288,3082.288,324.4343163260539,8.96
8,6868,17078.372641,GB,16,0.1,1,0.0625,20,264.581,16.5363125,60472.97424985165,
8,6869,17078.687217,GB,64,0.0,0,0.0,11,255.058,3.98528125,250923.31940186155,
8,6870,17078.998818,RF,100,0.0,0,0.0,29,3832.031,38.32031,26095.822293713176,
8,6871,17082.899059,SGD,32,0.05,2,0.0625,1,181.128,5.66025,176670.6417561062,
8,6872,17083.129906,MLP,64,1.0,64,1.0,14,219.56,3.430625,291492.0750592093,
8,6873,17083.390574,RF,8,1.0,8,1.0,11,3250.546,406.31825,2461.124992539715,
8,6874,17086.693347,DT,64,1.0,64,1.0,3,113.023,1.765984375,566256.425683268,
8,6875,17086.881531,MLP,100,0.1,10,0.1,18,237.467,2.37467,421111.14386420004,
8,6876,17087.158474,DT,1,0.0,0,0.0,8,97.289,97.289,10278.654318576611,7.0
8,6877,17087.466841,LoR,16,0.1,3,0.1875,2,163.142,10.196375,98074.0704417011,
8,6878,17087.678533,RF,64,0.0,0,0.0,11,3244.864,50.701,19723.47685449991,
8,6879,17090.996535,RF,64,0.05,5,0.078125,9,4117.474,64.33553125,15543.510414394845,
8,6880,17095.18218,RF,8,0.1,0,0.0,28,3205.049,400.631125,2496.061682676302,
8,6881,17098.486677,NB,100,0.05,5,0.05,27,168.629,1.6862899999999998,593017.808324784,
8,6882,17098.721735,NB,64,0.5,31,0.484375,7,130.897,2.045265625,488934.0473807651,
8,6883,17098.893815,MLP,1,1.0,1,1.0,20,197.758,197.758,5056.685443825281,
8,6884,17099.291464,RF,8,0.0,0,0.0,12,3091.745,386.468125,2587.5355179680087,
8,6885,17102.427569,SGD,1,0.05,0,0.0,8,168.884,168.884,5921.224035432605,
8,6886,17102.755037,DT,16,0.1,0,0.0,13,91.198,5.699875,175442.4439132437,
8,6887,17102.889056,GB,16,0.01,0,0.0,7,259.626,16.226625,61627.10976558589,
8,6888,17103.196191,MLP,32,0.01,0,0.0,24,241.974,7.5616875,132245.6131650508,
8,6889,17103.480311,NB,16,0.0,0,0.0,23,115.795,7.2371875,138175.22345524418,
8,6890,17103.654456,GB,16,0.5,9,0.5625,17,236.747,14.7966875,67582.69376169497,
8,6891,17103.954015,GB,32,0.1,5,0.15625,24,234.112,7.316,136686.7140513942,
8,6892,17104.229555,RF,1,0.1,0,0.0,8,2906.001,2906.001,344.1155044337562,7.0
8,6893,17120.021891,LoR,1,0.5,1,1.0,5,159.121,159.121,6284.525612584133,
8,6894,17120.331731,AB,1,0.1,0,0.0,3,7718.897,7718.897,129.5521886093311,2.0
8,6895,17140.635225,RF,8,0.0,0,0.0,25,3019.474,377.43425,2649.4680861633515,
8,6896,17143.700955,AB,8,0.01,0,0.0,12,7928.074,991.00925,1009.0723169334697,
8,6897,17151.683167,RF,64,0.01,0,0.0,10,3443.067,53.797921875,18588.07859388156,
8,6898,17155.199951,SGD,64,0.01,2,0.03125,6,215.603,3.368796875,296841.8806788403,
8,6899,17155.460745,RF,16,0.01,0,0.0,21,2981.654,186.353375,5366.149123942617,
8,6900,17158.485369,MLP,8,1.0,8,1.0,26,193.253,24.156625,41396.51130900944,
8,6901,17158.721104,GB,1,0.5,1,1.0,15,219.821,219.821,4549.15590412199,4.0
8,6902,17171.887026,DT,16,0.01,0,0.0,29,92.396,5.77475,173167.6695960864,
8,6903,17172.019435,DT,8,0.0,0,0.0,23,87.268,10.9085,91671.63221341156,
8,6904,17172.151226,GB,32,0.01,0,0.0,23,228.105,7.12828125,140286.271673133,
8,6905,17172.419576,RF,8,0.0,0,0.0,19,3055.839,381.979875,2617.9389686433087,
8,6906,17175.555326,GB,100,0.01,1,0.01,26,275.651,2.75651,362777.5701883904,
8,6907,17175.873228,GB,16,0.0,0,0.0,2,222.172,13.88575,72016.2756783033,
8,6908,17176.159313,MLP,32,0.1,4,0.125,8,202.584,6.33075,157959.16755518698,
8,6909,17176.436482,AB,100,0.05,3,0.03,19,8491.667,84.91667,11776.250764425879,
8,6910,17184.973962,SGD,32,0.0,0,0.0,29,157.307,4.91584375,203423.878149097,
8,6911,17185.172508,NB,1,0.01,0,0.0,17,104.896,104.896,9533.251982916412,
8,6912,17185.32414,LoR,1,1.0,1,1.0,3,146.813,146.813,6811.385912691656,
8,6913,17185.624754,NB,32,1.0,32,1.0,27,117.643,3.67634375,272009.3843237592,
8,6914,17185.803868,SGD,32,0.05,2,0.0625,14,156.196,4.881125,204870.80334963763,
8,6915,17185.999044,NB,8,1.0,8,1.0,2,106.629,13.328625,75026.49373059861,
8,6916,17186.177317,RF,100,0.5,45,0.45,21,4655.583,46.55582999999999,21479.586981909677,
8,6917,17190.883637,AB,32,0.01,0,0.0,22,8548.042,267.1263125,3743.547352715394,
8,6918,17199.484541,DT,1,0.05,0,0.0,0,84.739,84.739,11800.941715148869,7.0
8,6919,17199.777799,NB,1,0.1,0,0.0,29,114.877,114.877,8704.962699234835,
8,6920,17199.945034,RF,8,0.05,0,0.0,25,3058.019,382.252375,2616.072692811915,
8,6921,17203.074998,GB,32,0.5,19,0.59375,7,322.641,10.08253125,99181.44315198626,
8,6922,17203.461361,SGD,16,0.05,1,0.0625,11,179.641,11.2275625,89066.5271291075,
8,6923,17203.681589,MLP,1,0.1,0,0.0,4,178.166,178.166,5612.743172097931,
8,6924,17204.026211,NB,64,0.0,0,0.0,25,131.717,2.058078125,485890.20399796526,
8,6925,17204.208643,RF,64,0.01,0,0.0,3,3590.149,56.096078125,17826.558173490852,
8,6926,17207.8678,GB,32,0.05,1,0.03125,1,264.883,8.27759375,120808.05487705894,
8,6927,17208.173017,SGD,1,0.0,0,0.0,18,160.683,160.683,6223.433717319194,
8,6928,17208.505955,GB,100,0.01,0,0.0,23,286.949,2.8694900000000003,348493.98325137916,
8,6929,17208.865883,GB,100,0.0,0,0.0,19,267.439,2.6743900000000003,373917.04276489216,
8,6930,17209.184967,MLP,64,1.0,64,1.0,0,222.702,3.47971875,287379.5475568248,
8,6931,17209.44988,GB,16,1.0,16,1.0,26,220.96,13.81,72411.2961622013,
8,6932,17209.741065,LoR,64,0.01,1,0.015625,12,168.009,2.625140625,380931.9738823516,
8,6933,17209.947077,LoR,1,0.0,0,0.0,25,146.132,146.132,6843.128130731119,
8,6934,17210.252404,DT,32,0.0,0,0.0,12,93.546,2.9233125,342077.69439633976,
8,6935,17210.418741,NB,100,0.1,8,0.08,5,143.401,1.43401,697345.206797721,
8,6936,17210.603106,GB,16,0.01,0,0.0,27,217.661,13.6038125,73508.8049765461,
8,6937,17210.883426,AB,32,0.5,14,0.4375,20,8117.827,253.68209375,3941.941605801651,
8,6938,17219.063214,DT,8,0.5,5,0.625,16,85.731,10.716375,93315.13688164142,
8,6939,17219.227732,GB,100,0.01,1,0.01,0,261.711,2.6171100000000003,382100.86698686716,
8,6940,17219.544814,NB,100,0.0,0,0.0,26,147.202,1.4720199999999999,679338.5959429899,
8,6941,17219.760162,GB,16,0.1,1,0.0625,5,221.431,13.8394375,72257.27201701658,
8,6942,17220.028134,GB,32,0.01,0,0.0,6,224.939,7.02934375,142260.79070325734,
8,6943,17220.291873,AB,1,1.0,1,1.0,9,7743.078,7743.078,129.14760770845908,2.0
8,6944,17241.030052,SGD,1,0.01,0,0.0,21,174.14,174.14,5742.506029631331,
8,6945,17241.391096,SGD,32,0.05,2,0.0625,2,154.157,4.81740625,207580.58343117728,
8,6946,17241.585564,DT,16,0.0,0,0.0,28,116.235,7.2646875,137652.1701724954,
8,6947,17241.74009,AB,1,0.05,0,0.0,12,7675.278,7675.278,130.28844036658998,2.0
8,6948,17262.057509,AB,32,0.1,1,0.03125,17,8084.818,252.6505625,3958.0359137336177,
8,6949,17270.221993,AB,1,0.0,0,0.0,18,7570.166,7570.166,132.09749957926945,2.0
8,6950,17290.18725,LoR,1,0.01,0,0.0,17,155.304,155.304,6438.98418585484,
8,6951,17290.499746,NB,64,1.0,64,1.0,28,132.258,2.06653125,483902.6750744756,
8,6952,17290.697165,GB,64,0.5,31,0.484375,3,293.409,4.584515625,218125.5517042763,
8,6953,17291.051079,AB,16,0.5,8,0.5,23,7916.283,494.7676875,2021.1505829187763,
8,6954,17299.045386,SGD,100,0.1,7,0.07,8,221.473,2.2147300000000003,451522.30745960004,
8,6955,17299.307983,LoR,1,0.1,0,0.0,16,142.253,142.253,7029.728722768589,
8,6956,17299.597293,GB,1,0.1,0,0.0,12,217.891,217.891,4589.450688647076,4.0
8,6957,17312.208737,SGD,32,0.05,1,0.03125,18,161.915,5.05984375,197634.56134391503,
8,6958,17312.444028,LoR,100,0.05,5,0.05,24,163.573,1.6357300000000001,611347.8385797166,
8,6959,17312.668802,GB,32,0.5,12,0.375,21,231.202,7.2250625,138407.10720495498,
8,6960,17312.948596,DT,64,0.0,0,0.0,23,95.014,1.48459375,673584.9453764709,
8,6961,17313.084142,GB,8,0.05,0,0.0,28,207.983,25.997875,38464.68220960367,
8,6962,17313.32982,DT,1,0.0,0,0.0,21,84.169,84.169,11880.85874847034,7.0
8,6963,17313.627959,LoR,100,0.05,3,0.03,18,168.695,1.68695,592785.7968523074,
8,6964,17313.864623,DT,64,0.05,3,0.046875,21,93.645,1.463203125,683432.1106305729,
8,6965,17313.995681,GB,16,0.0,0,0.0,12,207.486,12.967875,77113.6365827092,
8,6966,17314.24332,NB,16,1.0,16,1.0,27,114.283,7.1426875,140003.32507897064,
8,6967,17314.401059,GB,8,0.01,0,0.0,6,208.038,26.00475,38454.51311779579,
8,6968,17314.668648,GB,16,0.1,1,0.0625,7,211.353,13.2095625,75702.73428813407,
8,6969,17314.922272,GB,32,1.0,32,1.0,25,222.451,6.95159375,143851.90446435395,
8,6970,17315.186627,DT,8,0.1,0,0.0,21,122.432,15.304,65342.39414532149,
8,6971,17315.368251,NB,32,0.1,4,0.125,20,119.193,3.72478125,268472.1418204089,
8,6972,17315.55606,AB,100,0.01,2,0.02,20,8339.285,83.39285,11991.435716611197,
8,6973,17323.934709,NB,1,0.0,0,0.0,6,102.013,102.013,9802.67220844402,
8,6974,17324.112452,SGD,64,0.5,36,0.5625,6,160.064,2.501,399840.06397441024,
8,6975,17324.319757,MLP,64,1.0,64,1.0,8,213.682,3.33878125,299510.48754691554,
8,6976,17324.573858,RF,1,0.01,0,0.0,23,3034.85,3034.85,329.5055768818887,7.09
8,6977,17340.402085,DT,100,0.01,2,0.02,5,124.421,1.24421,803722.8442144011,
8,6978,17340.58738,MLP,32,0.01,1,0.03125,7,196.332,6.135375,162989.22233767292,
8,6979,17340.841949,RF,16,0.5,11,0.6875,29,3369.371,210.5856875,4748.6608034556,
8,6980,17344.289278,NB,100,0.1,12,0.12,4,150.313,1.5031299999999999,665278.4522962086,
8,6981,17344.51264,MLP,100,0.01,1,0.01,7,234.046,2.3404599999999998,427266.43480341474,
8,6982,17344.787013,GB,8,1.0,8,1.0,0,224.237,28.029625,35676.53866221899,
8,6983,17345.052947,RF,1,0.01,0,0.0,27,2865.661,2865.661,348.95962920945635,9.01
8,6984,17361.211979,LoR,100,1.0,100,1.0,13,208.898,2.08898,478702.52467711514,
8,6985,17361.468517,NB,1,0.5,1,1.0,22,115.827,115.827,8633.565576247334,
8,6986,17361.636545,AB,1,0.05,0,0.0,25,7756.226,7756.226,128.92868258351422,2.0
8,6987,17381.965801,MLP,8,0.0,0,0.0,20,198.701,24.837625,40261.49843231791,
8,6988,17382.214407,MLP,64,1.0,64,1.0,6,200.643,3.135046875,318974.49699217017,
8,6989,17382.458706,AB,16,0.01,0,0.0,3,7923.424,495.214,2019.3290173541136,
8,6990,17390.426996,GB,16,0.01,0,0.0,5,243.593,15.2245625,65683.33244387155,
8,6991,17390.735259,MLP,32,0.05,1,0.03125,20,191.333,5.97915625,167247.67813184342,
8,6992,17390.967944,SGD,8,0.01,0,0.0,19,152.409,19.051125,52490.338497070385,
8,6993,17391.16236,RF,16,0.01,0,0.0,2,3125.18,195.32375,5119.705104985953,
8,6994,17394.365655,DT,100,0.5,53,0.53,22,118.182,1.18182,846152.5443807009,
8,6995,17394.522262,GB,8,1.0,8,1.0,24,236.204,29.5255,33869.028466918426,
8,6996,17394.821195,RF,32,0.1,4,0.125,29,3320.705,103.77203125,9636.50791021786,
8,6997,17398.220009,LoR,100,0.05,7,0.07,22,179.37,1.7937,557506.8294586609,
8,6998,17398.439841,MLP,16,1.0,16,1.0,20,180.045,11.2528125,88866.67222083369,
8,6999,17398.693227,RF,100,0.1,10,0.1,2,3973.8,39.738,25164.829634103375,
8,7000,17402.730635,LoR,16,0.1,2,0.125,20,163.007,10.1879375,98155.29394443183,
8,7001,17402.961521,AB,64,0.5,27,0.421875,6,8234.278,128.66059375,7772.387573020974,
8,7002,17411.28649,MLP,100,1.0,100,1.0,27,223.279,2.23279,447870.1534851016,
8,7003,17411.559564,MLP,64,1.0,64,1.0,24,194.258,3.03528125,329458.7610291468,
8,7004,17411.814218,LoR,16,0.5,12,0.75,2,146.025,9.1265625,109570.27906180448,
8,7005,17411.997549,MLP,1,0.0,0,0.0,14,155.752,155.752,6420.463300631774,
8,7006,17412.468616,NB,64,0.01,1,0.015625,10,144.945,2.264765625,441546.79361136985,
8,7007,17412.705287,DT,32,0.05,1,0.03125,7,123.209,3.85028125,259721.28659432346,
8,7008,17412.868368,SGD,16,1.0,16,1.0,8,242.808,15.1755,65895.68712727752,
8,7009,17413.175575,RF,32,0.5,18,0.5625,12,4198.635,131.20734375,7621.524614547347,
8,7010,17417.472368,SGD,8,0.01,2,0.25,28,217.524,27.1905,36777.55098288005,
8,7011,17417.751416,NB,100,0.0,0,0.0,13,159.891,1.5989099999999998,625426.071511217,
8,7012,17417.980546,GB,64,0.5,33,0.515625,25,324.555,5.071171875,197193.07975535732,
8,7013,17418.358511,RF,64,0.01,0,0.0,5,3528.643,55.135046875,18137.283936062675,
8,7014,17421.93092,LoR,1,0.05,0,0.0,10,165.37,165.37,6047.046018020197,
8,7015,17422.278676,AB,8,0.5,2,0.25,27,7920.335,990.041875,1010.0582866760055,
8,7016,17430.277015,GB,100,0.05,2,0.02,23,284.656,2.84656,351301.21971783484,
8,7017,17430.60512,SGD,8,0.05,0,0.0,9,159.822,19.97775,50055.686951733805,
8,7018,17430.838607,MLP,100,0.5,50,0.5,9,236.295,2.3629499999999997,423199.81379208196,
8,7019,17431.148597,RF,100,0.1,11,0.11,25,4089.12,40.8912,24455.139492115664,
8,7020,17435.310433,SGD,8,1.0,8,1.0,29,163.516,20.4395,48924.87585312752,
8,7021,17435.535125,NB,16,0.05,3,0.1875,5,117.36,7.335,136332.651670075,
8,7022,17435.723241,MLP,100,0.05,4,0.04,16,230.382,2.30382,434061.68884721893,
8,7023,17436.010129,GB,8,0.5,4,0.5,14,224.696,28.087,35603.660056253786,
8,7024,17436.300813,NB,64,0.5,31,0.484375,9,130.98,2.0465625,488624.2174377768,
8,7025,17436.477697,DT,64,1.0,64,1.0,15,109.375,1.708984375,585142.8571428572,
8,7026,17436.633753,SGD,64,1.0,64,1.0,22,162.985,2.546640625,392674.1724698591,
8,7027,17436.857234,MLP,8,0.1,2,0.25,13,174.226,21.77825,45917.37168964448,
8,7028,17437.070777,SGD,1,0.5,0,0.0,23,143.985,143.985,6945.167899433968,
8,7029,17437.381326,AB,8,0.1,1,0.125,27,7988.91,998.61375,1001.388174356702,
8,7030,17445.425067,RF,64,0.01,0,0.0,0,3357.809,52.465765625,19060.04778711356,
8,7031,17448.825424,AB,1,1.0,1,1.0,2,7773.172,7773.172,128.64761001043075,2.0
8,7032,17469.837992,GB,100,0.5,38,0.38,14,342.301,3.4230099999999997,292140.5429724132,
8,7033,17470.253548,GB,64,0.05,3,0.046875,27,267.488,4.1795,239263.06974518482,
8,7034,17470.563607,NB,1,0.01,0,0.0,11,117.514,117.514,8509.624385179639,
8,7035,17470.734056,MLP,8,0.05,0,0.0,3,205.948,25.7435,38844.756928933515,
8,7036,17470.982591,GB,8,0.1,0,0.0,4,220.432,27.554,36292.371343543586,
8,7037,17471.278389,RF,16,0.0,0,0.0,27,3260.166,203.760375,4907.72555753296,
8,7038,17474.611793,MLP,64,0.5,34,0.53125,23,227.303,3.551609375,281562.4958755494,
8,7039,17474.903029,LoR,32,0.5,14,0.4375,12,163.043,5.09509375,196267.24238391098,
8,7040,17475.105577,DT,8,1.0,8,1.0,22,92.799,11.599875,86207.82551536115,
8,7041,17475.300608,DT,32,0.05,1,0.03125,10,89.802,2.8063125,356339.50246096967,
8,7042,17475.462037,SGD,100,0.1,4,0.04,5,173.437,1.7343700000000002,576578.2387841118,
8,7043,17475.692726,MLP,8,0.05,1,0.125,20,173.201,21.650125,46189.10976264571,
8,7044,17475.92295,NB,8,0.5,3,0.375,10,111.55,13.94375,71716.71896010758,
8,7045,17476.069985,SGD,1,0.0,0,0.0,4,150.15,150.15,6660.006660006659,
8,7046,17476.388095,RF,64,0.0,0,0.0,9,3650.126,57.03321875,17533.641304437162,
8,7047,17480.08277,DT,1,0.05,0,0.0,5,93.82,93.82,10658.708164570455,7.0
8,7048,17480.373596,MLP,1,0.01,0,0.0,13,175.949,175.949,5683.465094999118,
8,7049,17480.703075,AB,1,0.5,0,0.0,16,7784.098,7784.098,128.4670362577655,2.0
8,7050,17501.106036,RF,32,0.0,0,0.0,3,3298.579,103.08059375,9701.147069692737,
8,7051,17504.456972,GB,8,1.0,8,1.0,17,279.165,34.895625,28656.887503805992,
8,7052,17504.781438,SGD,1,0.01,1,1.0,17,171.334,171.334,5836.553165162782,
8,7053,17505.111344,MLP,1,0.0,0,0.0,2,174.933,174.933,5716.474307306226,
8,7054,17505.501413,MLP,16,1.0,16,1.0,18,181.466,11.341625,88170.78681405883,
8,7055,17505.743677,AB,1,0.0,0,0.0,20,8117.217,8117.217,123.19493245037062,2.0
8,7056,17526.769319,NB,64,0.01,1,0.015625,14,160.288,2.5045,399281.2936713915,
8,7057,17526.970902,DT,8,0.0,0,0.0,15,97.301,12.162625,82219.09332894831,
8,7058,17527.115786,LoR,64,0.0,0,0.0,6,219.113,3.423640625,292086.73150383594,
8,7059,17527.377902,AB,8,0.01,0,0.0,18,8067.047,1008.380875,991.6887802934581,
8,7060,17535.514365,DT,32,0.05,2,0.0625,18,89.571,2.79909375,357258.48768016434,
8,7061,17535.650151,AB,32,0.1,0,0.0,11,8484.688,265.1465,3771.4999066553773,
8,7062,17544.228645,MLP,100,0.5,49,0.49,22,262.512,2.62512,380934.9667824709,
8,7063,17544.555394,DT,16,0.05,1,0.0625,12,94.286,5.892875,169696.45546528648,
8,7064,17544.690287,SGD,8,0.05,0,0.0,16,162.426,20.30325,49253.198379569774,
8,7065,17544.897895,NB,32,0.01,0,0.0,21,124.639,3.89496875,256741.46936352187,
8,7066,17545.0646,AB,32,1.0,32,1.0,9,8158.138,254.9418125,3922.46367982498,
8,7067,17553.2677,AB,8,0.01,0,0.0,2,7983.204,997.9005,1002.1039171741071,
8,7068,17561.33105,GB,100,0.01,1,0.01,20,306.719,3.06719,326031.3185684617,
8,7069,17561.715463,AB,100,0.01,4,0.04,28,8570.758,85.70758,11667.579460299778,
8,7070,17570.33292,MLP,32,1.0,32,1.0,16,200.679,6.27121875,159458.6379242472,
8,7071,17570.600098,GB,32,0.1,5,0.15625,9,253.268,7.914625,126348.37405436138,
8,7072,17570.909536,RF,100,1.0,100,1.0,7,5349.259,53.49259,18694.178016057926,
8,7073,17576.335353,GB,64,0.1,9,0.140625,23,281.398,4.39684375,227435.87374466058,
8,7074,17576.660799,AB,1,0.05,0,0.0,11,7783.771,7783.771,128.4724332203504,2.0
8,7075,17597.669821,SGD,100,0.01,3,0.03,22,196.307,1.9630699999999999,509406.18520990084,
8,7076,17597.932085,NB,32,0.01,1,0.03125,26,127.139,3.97309375,251693.02888964047,
8,7077,17598.135438,MLP,100,0.05,4,0.04,28,247.945,2.47945,403315.2513662304,
8,7078,17598.423042,NB,1,1.0,1,1.0,11,105.249,105.249,9501.277921880494,
8,7079,17598.59733,MLP,16,0.1,4,0.25,3,182.081,11.3800625,87872.97960797668,
8,7080,17598.828304,GB,64,1.0,64,1.0,10,281.278,4.39496875,227532.90339095128,
8,7081,17599.171523,RF,16,0.01,2,0.125,22,3296.605,206.0378125,4853.478047870461,
8,7082,17602.513515,RF,16,1.0,16,1.0,6,3617.226,226.076625,4423.27905417024,
8,7083,17606.19474,NB,8,0.5,6,0.75,21,123.724,15.4655,64660.049788238335,
8,7084,17606.380618,RF,32,0.1,3,0.09375,6,3420.658,106.8955625,9354.925280457737,
8,7085,17609.869763,RF,32,0.5,22,0.6875,4,3806.195,118.94359375,8407.34644441496,
8,7086,17613.756985,SGD,100,0.1,12,0.12,6,193.994,1.93994,515479.86020186194,
8,7087,17613.995122,DT,8,1.0,8,1.0,11,94.763,11.845375,84421.13483110497,
8,7088,17614.126924,MLP,1,0.0,0,0.0,19,182.754,182.754,5471.836457751951,
8,7089,17614.503754,AB,100,0.1,3,0.03,7,9130.879,91.30879,10951.848118894139,
8,7090,17623.689072,NB,8,0.1,0,0.0,11,121.509,15.188625,65838.74445514324,
8,7091,17623.851848,RF,16,1.0,16,1.0,21,3644.436,227.77725,4390.254074978954,
8,7092,17627.579369,GB,100,0.1,8,0.08,1,327.924,3.2792399999999997,304948.7076273771,
8,7093,17627.957786,LoR,64,0.0,0,0.0,3,186.522,2.91440625,343123.063231147,
8,7094,17628.207118,NB,16,0.5,9,0.5625,0,117.791,7.3619375,135833.80733672352,
8,7095,17628.395565,LoR,100,0.01,5,0.05,14,170.272,1.70272,587295.621123849,
8,7096,17628.623187,MLP,100,0.01,0,0.0,14,240.908,2.40908,415096.2193036346,
8,7097,17628.904832,MLP,8,0.0,0,0.0,15,171.61,21.45125,46617.32999242468,
8,7098,17629.123887,SGD,1,0.05,0,0.0,28,149.703,149.703,6679.892854518614,
8,7099,17629.434528,RF,16,0.01,0,0.0,1,3157.344,197.334,5067.550447464704,
8,7100,17632.638545,MLP,8,0.01,0,0.0,25,189.218,23.65225,42279.275756006304,
8,7101,17632.870424,DT,1,0.05,0,0.0,22,90.021,90.021,11108.519123315671,7.0
8,7102,17633.192538,MLP,32,0.05,1,0.03125,28,195.544,6.11075,163646.0336292599,
8,7103,17633.457202,SGD,64,0.1,4,0.0625,5,162.061,2.532203125,394913.02657641255,
8,7104,17633.692843,NB,100,0.05,3,0.03,19,143.032,1.43032,699144.247441132,
8,7105,17633.906601,LoR,100,0.1,12,0.12,26,168.327,1.68327,594081.7575314714,
8,7106,17634.142154,SGD,64,0.5,29,0.453125,4,159.533,2.492703125,401170.91761579114,
8,7107,17634.369126,MLP,32,0.1,2,0.0625,26,185.791,5.80596875,172236.54536549133,
8,7108,17634.614101,GB,16,0.5,10,0.625,21,244.771,15.2981875,65367.22079004458,
8,7109,17634.926892,DT,64,0.5,27,0.421875,3,105.771,1.652671875,605080.7877395506,
8,7110,17635.097133,SGD,64,0.5,37,0.578125,17,207.259,3.238421875,308792.38054801,
8,7111,17635.370959,SGD,64,0.05,2,0.03125,16,161.634,2.52553125,395956.2963237933,
8,7112,17635.604067,MLP,100,0.1,12,0.12,21,224.839,2.24839,444762.6968630887,
8,7113,17635.902529,MLP,100,0.05,2,0.02,23,219.4,2.194,455788.5141294439,
8,7114,17636.162912,SGD,8,0.1,0,0.0,1,150.288,18.786,53231.12956456935,
8,7115,17636.370426,RF,8,0.1,1,0.125,17,3182.954,397.86925,2513.3885064000297,
8,7116,17639.601069,MLP,16,0.01,0,0.0,21,197.769,12.3605625,80902.46701960367,
8,7117,17639.862664,DT,8,0.5,2,0.25,24,93.12,11.64,85910.6529209622,
8,7118,17640.005616,DT,64,0.0,0,0.0,25,94.528,1.477,677048.0704129993,
8,7119,17640.137133,GB,1,1.0,1,1.0,6,209.468,209.468,4773.998892432257,4.0
8,7120,17652.929905,SGD,16,0.1,5,0.3125,17,162.124,10.13275,98689.89168784388,
8,7121,17653.160414,LoR,64,0.05,2,0.03125,22,160.503,2.507859375,398746.44087649457,
8,7122,17653.388251,GB,64,0.05,1,0.015625,2,244.166,3.81509375,262116.7566327826,
8,7123,17653.695444,SGD,32,0.01,2,0.0625,18,164.179,5.13059375,194909.2149422277,
8,7124,17653.913068,NB,100,0.0,0,0.0,14,143.356,1.43356,697564.1061413544,
8,7125,17654.095552,MLP,16,0.0,0,0.0,19,181.748,11.35925,88033.98111671106,
8,7126,17654.35128,SGD,100,0.05,6,0.06,16,166.374,1.66374,601055.4533761285,
8,7127,17654.582775,AB,32,0.1,7,0.21875,23,8089.779,252.80559375,3955.6086760837347,
8,7128,17662.735834,GB,16,0.5,8,0.5,7,220.777,13.7985625,72471.3172114849,
8,7129,17662.998855,SGD,1,0.5,1,1.0,7,154.966,154.966,6453.028406231044,
8,7130,17663.379273,MLP,64,0.01,2,0.03125,27,207.212,3.2376875,308862.4210953034,
8,7131,17663.626795,LoR,8,1.0,8,1.0,23,148.318,18.53975,53938.15989967502,
8,7132,17663.843404,RF,64,0.5,30,0.46875,28,4151.338,64.86465625,15416.716249074396,
8,7133,17668.040058,DT,1,0.1,0,0.0,20,93.759,93.759,10665.64276496123,7.0
8,7134,17668.32799,MLP,1,0.05,0,0.0,4,177.101,177.101,5646.495502566332,
8,7135,17668.667269,LoR,64,1.0,64,1.0,9,161.149,2.517953125,397147.9810610057,
8,7136,17668.884035,NB,100,0.0,0,0.0,0,141.923,1.41923,704607.4279715057,
8,7137,17669.099618,GB,100,0.5,43,0.43,6,297.917,2.97917,335663.96009626845,
8,7138,17669.443455,RF,8,1.0,8,1.0,25,3316.931,414.616375,2411.868079257603,
8,7139,17672.841067,SGD,100,0.05,6,0.06,24,182.322,1.82322,548480.1614725596,
8,7140,17673.0685,GB,16,0.01,0,0.0,20,230.016,14.376,69560.37840845855,
8,7141,17673.354325,NB,100,0.0,0,0.0,11,147.642,1.47642,677314.0434293764,
8,7142,17673.542222,SGD,16,0.0,0,0.0,23,160.321,10.0200625,99799.77669799964,
8,7143,17673.750993,LoR,64,0.0,0,0.0,24,158.245,2.472578125,404436.15912035137,
8,7144,17673.967735,MLP,16,0.1,2,0.125,29,180.531,11.2831875,88627.4379469454,
8,7145,17674.193826,DT,32,0.1,0,0.0,6,92.751,2.89846875,345009.75730719883,
8,7146,17674.344676,GB,16,0.1,3,0.1875,18,221.425,13.8390625,72259.22998758045,
8,7147,17674.608938,DT,8,0.01,0,0.0,19,88.51,11.06375,90385.26720144616,
8,7148,17674.74745,NB,64,0.01,0,0.0,25,130.736,2.04275,489536.1644841513,
8,7149,17674.949823,SGD,100,0.05,2,0.02,13,172.876,1.72876,578449.2931349637,
8,7150,17675.184036,DT,32,0.05,2,0.0625,19,130.385,4.07453125,245427.00464010434,
8,7151,17675.380211,DT,64,0.01,1,0.015625,6,95.731,1.495796875,668539.9713781325,
8,7152,17675.514534,SGD,8,0.1,0,0.0,24,155.48,19.435,51453.563159248784,
8,7153,17675.735924,DT,64,0.1,7,0.109375,14,97.027,1.516046875,659610.2115905882,
8,7154,17675.887332,MLP,8,0.5,6,0.75,16,177.254,22.15675,45132.97302176538,
8,7155,17676.130441,NB,64,0.1,11,0.171875,17,129.023,2.015984375,496035.5905536222,
8,7156,17676.3222,RF,64,0.1,7,0.109375,11,3667.22,57.3003125,17451.91180240073,
8,7157,17680.097427,DT,8,0.1,1,0.125,16,142.078,17.75975,56307.09891749602,
8,7158,17680.32015,DT,100,0.0,0,0.0,21,141.884,1.4188399999999999,704801.1051281329,
8,7159,17680.559478,DT,100,1.0,100,1.0,20,120.752,1.20752,828143.6332317478,
8,7160,17680.754713,AB,100,0.1,16,0.16,25,8626.323,86.26323000000001,11592.424721402154,
8,7161,17689.423923,GB,8,1.0,8,1.0,7,233.751,29.218875,34224.452515711164,
8,7162,17689.735941,MLP,100,0.01,1,0.01,21,249.428,2.49428,400917.29877960775,
8,7163,17690.027246,MLP,8,1.0,8,1.0,3,173.609,21.701125,46080.56033961373,
8,7164,17690.244612,MLP,16,0.05,0,0.0,2,172.164,10.76025,92934.64371180968,
8,7165,17690.457644,LoR,16,0.0,0,0.0,26,150.605,9.4128125,106238.1727034295,
8,7166,17690.649207,RF,1,0.01,0,0.0,7,3023.861,3023.861,330.7030316539021,7.0
8,7167,17706.56373,AB,32,0.0,0,0.0,6,8172.279,255.38371875,3915.6763982238,
8,7168,17714.809094,RF,64,0.1,6,0.09375,19,3622.736,56.60525,17666.205873130144,
8,7169,17718.490301,MLP,100,0.0,0,0.0,27,246.984,2.46984,404884.5269329187,
8,7170,17718.807975,DT,64,0.1,5,0.078125,4,99.328,1.552,644329.8969072165,
8,7171,17718.979123,RF,100,0.1,10,0.1,19,4034.436,40.34436,24786.612056802984,
8,7172,17723.058807,NB,16,1.0,16,1.0,0,130.661,8.1663125,122454.29010952005,
8,7173,17723.287342,DT,16,0.5,7,0.4375,9,96.927,6.0579375,165072.68356598265,
8,7174,17723.441043,GB,8,0.05,1,0.125,26,250.45,31.30625,31942.50349371132,
8,7175,17723.754936,SGD,32,0.05,1,0.03125,9,170.958,5.3424375,187180.47707624096,
8,7176,17723.983595,LoR,8,0.5,3,0.375,21,153.666,19.20825,52060.9633881275,
8,7177,17724.184581,AB,64,0.0,0,0.0,9,8343.605,130.368828125,7670.545285880624,
8,7178,17732.600474,DT,64,0.05,3,0.046875,14,90.697,1.417140625,705646.2727543359,
8,7179,17732.751456,NB,32,0.5,15,0.46875,22,119.777,3.74303125,267163.14484416874,
8,7180,17732.927779,RF,16,0.05,1,0.0625,6,3152.91,197.056875,5074.677044381223,
8,7181,17736.148931,LoR,32,0.05,1,0.03125,27,169.515,5.29734375,188773.8548211073,
8,7182,17736.360872,NB,1,0.01,0,0.0,8,106.065,106.065,9428.180832508368,
8,7183,17736.544574,SGD,64,0.1,2,0.03125,7,165.42,2.5846875,386893.9668722041,
8,7184,17736.783712,MLP,100,0.1,6,0.06,12,229.88,2.2988,435009.5702105446,
8,7185,17737.08842,NB,100,0.5,48,0.48,20,139.925,1.39925,714668.5724495265,
8,7186,17737.265246,LoR,1,0.0,0,0.0,21,152.318,152.318,6565.212253312149,
8,7187,17737.597742,NB,16,0.5,5,0.3125,28,114.267,7.1416875,140022.92875458355,
8,7188,17737.795671,GB,100,0.05,3,0.03,11,283.533,2.8353300000000004,352692.631898227,
8,7189,17738.147505,LoR,64,0.01,1,0.015625,22,163.755,2.558671875,390827.76098439744,
8,7190,17738.364506,SGD,100,0.0,0,0.0,23,161.647,1.6164699999999999,618631.9572896498,
8,7191,17738.566523,DT,1,0.01,0,0.0,0,112.172,112.172,8914.880718895982,7.0
8,7192,17738.889412,GB,8,0.5,5,0.625,25,211.661,26.457625,37796.28745966427,
8,7193,17739.144558,DT,16,0.01,0,0.0,5,137.847,8.6154375,116070.71608377404,
8,7194,17739.355409,NB,100,0.01,1,0.01,8,144.154,1.44154,693702.568086907,
8,7195,17739.553296,MLP,8,0.1,2,0.25,3,180.629,22.578625,44289.67662999851,
8,7196,17739.805738,RF,100,0.5,44,0.44,1,4452.836,44.52836,22457.59780957574,
8,7197,17744.302747,MLP,1,0.5,0,0.0,26,178.812,178.812,5592.465830033778,
8,7198,17744.66444,MLP,32,0.05,1,0.03125,1,186.405,5.82515625,171669.21488157506,
8,7199,17744.893149,MLP,8,0.01,0,0.0,27,166.524,20.8155,48041.12320146045,
8,7200,17745.099917,DT,1,0.01,0,0.0,20,85.7,85.7,11668.611435239207,7.0
8,7201,17745.376279,LoR,8,0.01,0,0.0,15,152.305,19.038125,52526.18101835133,
8,7202,17745.569012,GB,1,0.01,0,0.0,7,205.396,205.396,4868.643985277221,4.0
8,7203,17758.096792,SGD,16,1.0,16,1.0,20,159.659,9.9786875,100213.58019278588,
8,7204,17758.300306,LoR,32,0.0,0,0.0,0,149.534,4.6729375,213998.15426591947,
8,7205,17758.497167,NB,64,0.0,0,0.0,8,126.586,1.97790625,505585.1357970076,
8,7206,17758.662934,GB,1,0.05,0,0.0,16,204.507,204.507,4889.80817282538,4.0
8,7207,17771.17571,MLP,8,0.0,0,0.0,13,217.598,27.19975,36765.04379635842,
8,7208,17771.457427,AB,32,0.5,19,0.59375,3,7933.501,247.92190625,4033.528198962854,
8,7209,17779.433949,NB,1,0.1,0,0.0,10,101.478,101.478,9854.352667573268,
8,7210,17779.587364,RF,32,1.0,32,1.0,26,4502.572,140.705375,7107.049037749979,
8,7211,17784.201061,MLP,100,0.5,59,0.59,5,300.856,3.00856,332384.92833780946,
8,7212,17784.546698,LoR,16,0.0,0,0.0,2,164.318,10.269875,97372.16859990993,
8,7213,17784.77493,AB,32,0.05,2,0.0625,21,8093.687,252.92771875,3953.698728404002,
8,7214,17792.91876,MLP,64,1.0,64,1.0,17,202.411,3.162671875,316188.3494474114,
8,7215,17793.161272,LoR,1,0.0,0,0.0,4,143.818,143.818,6953.232557816128,
8,7216,17793.460581,AB,1,0.01,0,0.0,7,7752.377,7752.377,128.99269475671784,2.0
8,7217,17813.876519,DT,32,0.05,0,0.0,9,90.806,2.8376875,352399.6211704073,
8,7218,17814.021228,NB,8,0.0,0,0.0,20,130.095,16.261875,61493.52396325762,
8,7219,17814.208721,AB,8,0.1,1,0.125,0,7858.106,982.26325,1018.0570229009383,
8,7220,17822.140115,DT,64,0.1,3,0.046875,22,89.079,1.391859375,718463.3864322681,
8,7221,17822.285377,DT,8,0.05,1,0.125,17,81.694,10.21175,97926.40830415943,
8,7222,17822.412198,AB,64,1.0,64,1.0,26,8693.234,135.83178125,7362.04731173692,
8,7223,17831.197051,LoR,64,0.05,3,0.046875,29,231.82,3.6221875,276076.26606850146,
8,7224,17831.489157,GB,8,0.5,6,0.75,24,258.811,32.351375,30910.587262519755,
8,7225,17831.792527,LoR,32,1.0,32,1.0,13,155.533,4.86040625,205744.1186114844,
8,7226,17832.008562,LoR,16,0.01,1,0.0625,25,146.162,9.135125,109467.57707201598,
8,7227,17832.233604,RF,100,0.1,11,0.11,28,3990.21,39.9021,25061.337623834333,
8,7228,17836.268419,DT,1,0.01,0,0.0,12,93.235,93.235,10725.585885128976,7.0
8,7229,17836.579739,DT,64,0.0,0,0.0,21,96.369,1.505765625,664113.9785615706,
8,7230,17836.713148,NB,1,1.0,1,1.0,28,110.358,110.358,9061.41829319125,
8,7231,17836.874739,SGD,32,1.0,32,1.0,24,160.448,5.014,199441.56362185878,
8,7232,17837.078269,GB,32,0.0,0,0.0,19,252.24,7.8825,126863.30478908976,
8,7233,17837.39907,MLP,64,0.5,30,0.46875,16,225.729,3.527015625,283525.8207851007,
8,7234,17837.665817,DT,16,0.0,0,0.0,8,102.105,6.3815625,156701.43479751237,
8,7235,17837.840152,SGD,100,0.5,52,0.52,13,169.991,1.69991,588266.4376349336,
8,7236,17838.070093,MLP,16,0.01,1,0.0625,20,179.084,11.19275,89343.5482790199,
8,7237,17838.322064,DT,64,0.05,4,0.0625,29,96.632,1.509875,662306.4823246957,
8,7238,17838.478754,RF,100,0.0,0,0.0,2,3646.696,36.46696,27422.082893665938,
8,7239,17842.168083,RF,1,0.0,0,0.0,12,2955.838,2955.838,338.3135340976061,6.93
8,7240,17857.950405,SGD,64,0.01,1,0.015625,5,170.495,2.663984375,375377.5770550456,
8,7241,17858.162747,GB,16,0.0,0,0.0,18,233.617,14.6010625,68488.16652897692,
8,7242,17858.472812,SGD,100,0.01,1,0.01,0,175.54,1.7553999999999998,569670.7303178763,
8,7243,17858.690334,LoR,8,0.01,0,0.0,9,152.015,19.001875,52626.38555405717,
8,7244,17858.901229,MLP,16,0.1,3,0.1875,0,180.74,11.29625,88524.95297111874,
8,7245,17859.123158,RF,1,0.5,1,1.0,4,2926.84,2926.84,341.66541389348237,9.78
8,7246,17874.927255,NB,16,0.0,0,0.0,22,123.088,7.693,129988.30105290524,
8,7247,17875.128592,LoR,100,0.01,2,0.02,3,217.457,2.17457,459861.029996735,
8,7248,17875.387215,RF,1,0.01,0,0.0,28,2984.187,2984.187,335.09964355450916,19.65
8,7249,17891.12558,SGD,8,0.01,0,0.0,3,165.204,20.6505,48424.97760344786,
8,7250,17891.350889,SGD,8,0.1,1,0.125,21,151.484,18.9355,52810.85791238678,
8,7251,17891.54634,GB,32,1.0,32,1.0,20,245.992,7.68725,130085.5312367882,
8,7252,17891.85708,MLP,32,0.5,20,0.625,12,203.168,6.349,157505.11891636477,
8,7253,17892.10901,SGD,64,0.0,0,0.0,0,162.397,2.537453125,394095.95004833833,
8,7254,17892.331874,SGD,16,0.1,1,0.0625,28,152.579,9.5361875,104863.70994697828,
8,7255,17892.551612,MLP,64,0.01,2,0.03125,3,217.047,3.391359375,294867.01037102565,
8,7256,17892.808099,AB,1,1.0,1,1.0,28,7779.269,7779.269,128.54678248046184,2.0
8,7257,17913.296793,DT,1,0.0,0,0.0,9,87.895,87.895,11377.211445474715,7.0
8,7258,17913.589296,SGD,32,0.01,1,0.03125,29,163.753,5.11728125,195416.26718289132,
8,7259,17913.793986,RF,1,0.5,1,1.0,25,3002.408,3002.408,333.06599236346295,14.67
8,7260,17929.527478,SGD,1,1.0,1,1.0,20,156.684,156.684,6382.272599627276,
8,7261,17929.879233,SGD,100,0.05,3,0.03,11,167.708,1.67708,596274.4770672836,
8,7262,17930.087885,SGD,1,0.5,1,1.0,17,145.576,145.576,6869.264164422707,
8,7263,17930.384768,SGD,1,0.01,0,0.0,11,142.623,142.623,7011.4918351177585,
8,7264,17930.674673,MLP,16,1.0,16,1.0,13,173.98,10.87375,91964.59363145189,
8,7265,17930.908663,SGD,8,0.5,5,0.625,10,147.857,18.482125,54106.332469886445,
8,7266,17931.115076,SGD,16,0.1,2,0.125,9,150.905,9.4315625,106026.97061064908,
8,7267,17931.307689,AB,8,0.0,0,0.0,0,7903.515,987.939375,1012.2078594144504,
8,7268,17939.319789,GB,100,0.1,10,0.1,19,280.509,2.8050900000000003,356494.80052333436,
8,7269,17939.735067,LoR,100,0.5,53,0.53,14,178.607,1.78607,559888.4702167328,
8,7270,17939.953811,LoR,1,0.01,0,0.0,6,145.5,145.5,6872.852233676976,
8,7271,17940.279077,NB,100,0.01,2,0.02,3,143.284,1.43284,697914.631082326,
8,7272,17940.469248,AB,64,1.0,64,1.0,16,8164.872,127.576125,7838.457234847037,
8,7273,17948.690539,LoR,100,0.0,0,0.0,18,163.337,1.63337,612231.1539945022,
8,7274,17948.897941,NB,32,1.0,32,1.0,6,115.938,3.6230625,276009.5913332988,
8,7275,17949.072501,NB,16,0.5,7,0.4375,18,108.232,6.7645,147830.58614827407,
8,7276,17949.219518,LoR,8,0.01,0,0.0,8,147.354,18.41925,54291.02705050422,
8,7277,17949.410108,RF,8,1.0,8,1.0,17,3206.607,400.825875,2494.8489166274508,
8,7278,17952.694729,DT,100,0.01,2,0.02,14,105.826,1.05826,944947.3664316898,
8,7279,17952.84806,DT,64,0.0,0,0.0,16,91.879,1.435609375,696568.3126721013,
8,7280,17952.995693,LoR,8,0.5,5,0.625,4,154.525,19.315625,51771.558000323574,
8,7281,17953.221337,DT,100,0.05,6,0.06,14,132.676,1.32676,753715.818987609,
8,7282,17953.412577,NB,32,0.5,14,0.4375,6,120.333,3.76040625,265928.7144839736,
8,7283,17953.591223,NB,32,0.1,1,0.03125,4,114.643,3.58259375,279127.3780344199,
8,7284,17953.740741,DT,1,0.0,0,0.0,10,86.415,86.415,11572.065035005497,7.0
8,7285,17954.02262,NB,64,0.0,0,0.0,10,128.647,2.010109375,497485.3669343242,
8,7286,17954.192408,LoR,32,0.0,0,0.0,7,155.706,4.8658125,205515.52284433486,
8,7287,17954.420969,RF,64,0.5,27,0.421875,25,4028.497,62.945265625,15886.818334480577,
8,7288,17958.513416,NB,16,0.5,10,0.625,15,122.958,7.684875,130125.73399046829,
8,7289,17958.673686,AB,8,1.0,8,1.0,6,7914.653,989.331625,1010.7834165313375,
8,7290,17966.630505,AB,1,0.5,1,1.0,20,7607.414,7607.414,131.4507137379404,2.0
8,7291,17987.57641,DT,8,0.05,1,0.125,24,98.458,12.30725,81252.92002681346,
8,7292,17987.714518,MLP,1,0.05,0,0.0,9,199.024,199.024,5024.519655920894,
8,7293,17988.11573,DT,100,0.5,40,0.4,26,109.482,1.09482,913392.1557881661,
8,7294,17988.266015,GB,8,0.05,0,0.0,23,255.427,31.928375,31320.103199740042,
8,7295,17988.564472,LoR,8,0.01,0,0.0,0,159.915,19.989375,50026.57661882875,
8,7296,17988.772694,DT,64,1.0,64,1.0,26,103.904,1.6235,615953.1875577456,
8,7297,17988.913908,GB,1,1.0,1,1.0,29,207.405,207.405,4821.484535088353,4.0
8,7298,18002.693879,LoR,8,0.5,5,0.625,28,193.02,24.1275,41446.482229820744,
8,7299,18002.95499,RF,32,0.1,2,0.0625,27,3348.322,104.6350625,9557.025877439506,
8,7300,18006.385764,DT,100,0.5,56,0.56,1,126.466,1.26466,790726.3612354309,
8,7301,18006.551593,NB,8,1.0,8,1.0,24,158.868,19.8585,50356.27061459828,
8,7302,18006.766772,AB,100,0.01,0,0.0,9,8595.129,85.95129000000001,11634.496701562011,
8,7303,18015.404736,RF,16,0.0,0,0.0,26,3091.19,193.199375,5176.000181160006,
8,7304,18018.55795,NB,8,0.1,2,0.25,19,119.22,14.9025,67102.83509478276,
8,7305,18018.718557,LoR,32,0.0,0,0.0,4,167.745,5.24203125,190765.74562580106,
8,7306,18018.952277,RF,64,0.05,3,0.046875,5,3564.006,55.68759375,17957.32105950439,
8,7307,18022.561477,MLP,8,0.1,0,0.0,14,201.045,25.130625,39792.08634882738,
8,7308,18022.812933,DT,64,1.0,64,1.0,20,111.263,1.738484375,575213.6828954818,
8,7309,18022.964304,MLP,1,0.05,0,0.0,5,167.95,167.95,5954.153021732659,
8,7310,18023.340177,AB,1,0.5,0,0.0,7,7650.397,7650.397,130.71217088472665,2.0
8,7311,18043.681511,GB,32,0.01,0,0.0,11,269.924,8.435125,118551.88867977654,
8,7312,18044.028336,RF,100,0.1,8,0.08,12,3924.885,39.248850000000004,25478.45350882892,
8,7313,18048.000855,LoR,16,0.05,0,0.0,27,169.872,10.617,94188.56550814731,
8,7314,18048.247221,LoR,100,0.05,3,0.03,28,168.557,1.6855699999999998,593271.1189686576,
8,7315,18048.457703,GB,8,0.01,0,0.0,19,237.1,29.6375,33741.03753690426,
8,7316,18048.770043,GB,100,0.01,1,0.01,28,269.634,2.69634,370873.10947432445,
8,7317,18049.092332,NB,64,0.01,0,0.0,3,138.116,2.1580625,463378.60928494885,
8,7318,18049.272626,RF,16,0.1,0,0.0,17,3082.646,192.665375,5190.346215556376,
8,7319,18052.434635,AB,100,0.5,56,0.56,28,8995.882,89.95882,11116.197388983093,
8,7320,18061.495933,NB,1,0.05,0,0.0,5,118.149,118.149,8463.888818356481,
8,7321,18061.688388,NB,16,0.5,9,0.5625,26,112.7,7.04375,141969.8314108252,
8,7322,18061.839766,LoR,16,1.0,16,1.0,10,173.396,10.83725,92274.33158781056,
8,7323,18062.05627,MLP,16,0.1,0,0.0,22,194.601,12.1625625,82219.51582982615,
8,7324,18062.293456,LoR,8,0.05,0,0.0,7,148.018,18.50225,54047.48071180532,
8,7325,18062.482686,MLP,16,1.0,16,1.0,10,171.412,10.71325,93342.35642778802,
8,7326,18062.694689,MLP,1,0.05,0,0.0,13,158.522,158.522,6308.272668777836,
8,7327,18063.018133,AB,32,0.0,0,0.0,17,8234.953,257.34228125,3885.8752442181517,
8,7328,18071.331086,RF,16,0.5,8,0.5,5,3441.85,215.115625,4648.6627830963,
8,7329,18074.819819,LoR,8,0.05,0,0.0,11,168.052,21.0065,47604.31295075334,
8,7330,18075.028595,LoR,8,1.0,8,1.0,11,150.297,18.787125,53227.94200815718,
8,7331,18075.26881,GB,32,0.5,20,0.625,29,291.616,9.113,109733.3479644464,
8,7332,18075.622851,DT,16,0.1,2,0.125,27,95.362,5.960125,167781.71598750027,
8,7333,18075.754906,LoR,1,0.0,0,0.0,5,154.219,154.219,6484.285334491859,
8,7334,18076.061959,NB,1,0.05,0,0.0,10,105.511,105.511,9477.684791159216,
8,7335,18076.216834,AB,16,1.0,16,1.0,24,8075.587,504.7241875,1981.2801224232987,
8,7336,18084.369966,GB,64,0.1,4,0.0625,25,272.431,4.256734375,234921.87012491238,
8,7337,18084.703309,AB,8,0.5,3,0.375,5,7994.794,999.34925,1000.6511737513187,
8,7338,18092.762265,GB,8,0.01,1,0.125,24,212.689,26.586125,37613.60484087095,
8,7339,18093.017812,RF,16,0.0,0,0.0,28,3698.482,231.155125,4326.099194209949,
8,7340,18096.798502,GB,16,0.05,1,0.0625,5,294.208,18.388,54383.29345225146,
8,7341,18097.162932,GB,32,0.05,2,0.0625,18,252.559,7.89246875,126703.06740207238,
8,7342,18097.471483,SGD,64,0.01,0,0.0,29,195.104,3.0485,328030.1787764474,
8,7343,18097.709711,GB,1,0.1,0,0.0,6,210.644,210.644,4747.346233455498,4.0
8,7344,18110.686931,GB,100,1.0,100,1.0,10,283.694,2.8369400000000002,352492.474285674,
8,7345,18111.014246,GB,16,0.0,0,0.0,11,248.001,15.5000625,64515.86888762545,
8,7346,18111.331545,MLP,100,1.0,100,1.0,0,255.141,2.5514099999999997,391940.1429013761,
8,7347,18111.66063,RF,64,0.5,36,0.5625,15,4308.263,67.316609375,14855.17481175128,
8,7348,18116.036067,AB,16,0.5,7,0.4375,3,8143.867,508.9916875,1964.6686273240955,
8,7349,18124.244864,NB,16,0.1,2,0.125,24,120.298,7.518625,133003.04244459592,
8,7350,18124.426985,AB,32,0.5,16,0.5,17,8131.778,254.1180625,3935.1787518055708,
8,7351,18132.631588,RF,64,0.5,31,0.484375,10,4152.737,64.886515625,15411.522569331984,
8,7352,18136.837533,AB,64,1.0,64,1.0,15,8282.255,129.410234375,7727.3641055485505,
8,7353,18145.192964,RF,64,0.05,1,0.015625,8,3390.52,52.976875,18876.16058893621,
8,7354,18148.649925,RF,16,0.5,7,0.4375,27,3288.374,205.523375,4865.626598434364,
8,7355,18151.99052,RF,64,1.0,64,1.0,19,4485.155,70.080546875,14269.295041085537,
8,7356,18156.543829,AB,16,0.05,1,0.0625,1,8256.575,516.0359375,1937.8495320396166,
8,7357,18164.863479,GB,8,0.5,6,0.75,0,254.122,31.76525,31480.94222460078,
8,7358,18165.17541,SGD,100,1.0,100,1.0,25,193.65,1.9365,516395.5589981926,
8,7359,18165.438588,AB,64,0.5,33,0.515625,16,8347.875,130.435546875,7666.621745054879,
8,7360,18173.830471,AB,16,1.0,16,1.0,0,7948.769,496.7980625,2012.8902978561837,
8,7361,18181.825224,NB,16,0.05,0,0.0,26,118.989,7.4368125,134466.21116237636,
8,7362,18181.987518,DT,32,1.0,32,1.0,4,97.983,3.06196875,326587.26513783,
8,7363,18182.128226,RF,16,0.01,0,0.0,25,3093.848,193.3655,5171.553353623061,
8,7364,18185.290472,DT,32,0.5,13,0.40625,20,102.569,3.20528125,311985.10271134553,
8,7365,18185.459958,NB,64,0.01,1,0.015625,23,135.333,2.114578125,472907.568737854,
8,7366,18185.639333,DT,32,0.05,0,0.0,28,96.982,3.0306875,329958.1365614238,
8,7367,18185.775242,GB,1,0.01,0,0.0,16,228.535,228.535,4375.697376769423,4.0
8,7368,18198.548851,RF,1,0.1,0,0.0,6,2973.4,2973.4,336.31532925270733,7.57
8,7369,18214.381957,DT,64,0.05,4,0.0625,24,97.833,1.528640625,654175.9937853281,
8,7370,18214.520975,NB,8,0.05,0,0.0,26,114.422,14.30275,69916.62442537275,
8,7371,18214.682545,NB,64,1.0,64,1.0,27,125.344,1.9585,510594.8429920858,
8,7372,18214.873446,NB,64,0.5,24,0.375,10,124.196,1.9405625,515314.5028825405,
8,7373,18215.04595,RF,64,0.01,0,0.0,17,3553.446,55.52259375,18010.685965116678,
8,7374,18218.663893,NB,8,0.5,5,0.625,0,121.073,15.134125,66075.83854368853,
8,7375,18218.825518,LoR,16,0.0,0,0.0,22,173.915,10.8696875,91998.96501164362,
8,7376,18219.041725,RF,8,0.01,0,0.0,25,2995.958,374.49475,2670.2644029055145,
8,7377,18222.082123,SGD,1,0.1,0,0.0,26,168.635,168.635,5929.967088682658,
8,7378,18222.431617,SGD,16,0.1,1,0.0625,7,153.356,9.58475,104332.40303607294,
8,7379,18222.653459,SGD,64,0.1,4,0.0625,23,159.624,2.494125,400942.21420337795,
8,7380,18222.879753,NB,64,0.1,3,0.046875,22,128.54,2.0084375,497899.48654115456,
8,7381,18223.044246,DT,1,0.0,0,0.0,18,87.791,87.791,11390.689250606554,7.0
8,7382,18223.327887,GB,16,0.01,0,0.0,19,232.418,14.526125,68841.483878185,
8,7383,18223.629957,RF,64,0.05,5,0.078125,17,3468.292,54.1920625,18452.886896489686,
8,7384,18227.148026,AB,32,0.01,0,0.0,15,8160.222,255.0069375,3921.4619406187726,
8,7385,18235.352259,MLP,1,0.1,0,0.0,1,178.101,178.101,5614.791607009506,
8,7386,18235.709976,AB,8,0.5,5,0.625,20,8453.035,1056.629375,946.4056401044122,
8,7387,18244.22103,RF,1,0.01,0,0.0,22,2940.46,2940.46,340.08284418084247,7.0
8,7388,18259.909743,LoR,8,1.0,8,1.0,5,200.91,25.11375,39818.82434921109,
8,7389,18260.151294,LoR,8,1.0,8,1.0,12,146.965,18.370625,54434.729357329976,
8,7390,18260.356771,NB,8,0.5,4,0.5,5,113.677,14.209625,70374.83395937612,
8,7391,18260.509073,AB,16,1.0,16,1.0,1,8044.931,502.8081875,1988.829984993035,
8,7392,18268.597291,NB,16,0.0,0,0.0,10,111.511,6.9694375,143483.60251455015,
8,7393,18268.748868,SGD,1,0.05,0,0.0,7,150.635,150.635,6638.563414877021,
8,7394,18269.07259,AB,16,0.5,7,0.4375,24,7906.153,494.1345625,2023.740243832873,
8,7395,18277.031772,RF,64,1.0,64,1.0,13,4618.239,72.159984375,13858.096127116853,
8,7396,18281.696509,MLP,8,0.05,0,0.0,11,201.27,25.15875,39747.602722710784,
8,7397,18281.971513,AB,64,0.5,23,0.359375,24,8135.839,127.122484375,7866.429018568337,
8,7398,18290.170719,AB,16,0.5,9,0.5625,5,7932.25,495.765625,2017.0821645812978,
8,7399,18298.165953,AB,16,0.5,9,0.5625,13,7871.631,491.9769375,2032.6156040596923,
8,7400,18306.115801,AB,100,0.05,4,0.04,2,8484.791,84.84791,11785.794134469548,
8,7401,18314.661468,RF,8,0.5,4,0.5,16,3180.562,397.57025,2515.278746334767,
8,7402,18317.891183,SGD,32,0.01,0,0.0,24,168.374,5.2616875,190053.09608371838,
8,7403,18318.115413,NB,100,1.0,100,1.0,12,143.537,1.43537,696684.478566502,
8,7404,18318.298404,LoR,1,0.01,0,0.0,12,150.338,150.338,6651.678218414506,
8,7405,18318.632704,MLP,32,0.5,13,0.40625,21,187.815,5.86921875,170380.42754838537,
8,7406,18318.879941,GB,16,0.5,7,0.4375,25,258.484,16.15525,61899.38255365903,
8,7407,18319.179374,GB,1,0.05,0,0.0,14,253.678,253.678,3942.00521921491,4.0
8,7408,18331.752583,SGD,64,1.0,64,1.0,9,165.372,2.5839375,387006.2646639092,
8,7409,18331.959398,NB,1,0.1,0,0.0,18,102.482,102.482,9757.81112780781,
8,7410,18332.108829,AB,1,0.5,0,0.0,8,7630.01,7630.01,131.06142718030515,2.0
8,7411,18352.299997,RF,100,0.01,4,0.04,17,3610.029,36.10029,27700.608499266902,
8,7412,18355.96238,NB,64,1.0,64,1.0,3,137.086,2.14196875,466860.2191325153,
8,7413,18356.147827,GB,64,0.0,0,0.0,8,252.978,3.95278125,252986.4256970962,
8,7414,18356.445626,NB,16,0.01,0,0.0,6,115.663,7.2289375,138332.91545265124,
8,7415,18356.602439,RF,32,1.0,32,1.0,0,4579.993,143.12478125,6986.910242002553,
8,7416,18361.260689,GB,8,0.0,0,0.0,0,323.257,40.407125,24748.1106364286,
8,7417,18361.643006,DT,64,1.0,64,1.0,12,117.804,1.8406875,543275.2707887677,
8,7418,18361.805561,GB,1,0.5,1,1.0,24,233.134,233.134,4289.378640610122,4.0
8,7419,18374.586797,SGD,100,0.5,43,0.43,2,195.634,1.95634,511158.5920647741,
8,7420,18374.841468,DT,8,0.5,3,0.375,18,90.708,11.3385,88195.08753362438,
8,7421,18375.030463,AB,100,0.1,11,0.11,3,8534.625,85.34625,11716.976434231146,
8,7422,18383.60947,MLP,8,0.05,0,0.0,18,189.936,23.742,42119.45076236206,
8,7423,18383.874977,NB,100,0.05,5,0.05,16,143.618,1.43618,696291.5511983178,
8,7424,18384.057552,GB,1,0.1,0,0.0,4,208.473,208.473,4796.784235848287,4.0
8,7425,18396.638038,SGD,1,0.05,1,1.0,25,155.274,155.274,6440.228241688886,
8,7426,18396.972859,RF,8,0.05,2,0.25,15,3179.244,397.4055,2516.3214902662394,
8,7427,18400.198614,RF,32,0.0,0,0.0,19,3259.971,101.87409375,9816.038240830976,
8,7428,18403.523929,DT,16,0.05,1,0.0625,26,95.093,5.9433125,168256.3385317531,
8,7429,18403.656993,LoR,8,0.0,0,0.0,4,158.967,19.870875,50324.910201488354,
8,7430,18403.889473,LoR,100,0.05,8,0.08,7,162.034,1.62034,617154.4243800684,
8,7431,18404.098956,SGD,64,0.0,0,0.0,1,155.358,2.42746875,411951.75015126355,
8,7432,18404.327948,DT,100,0.01,1,0.01,8,96.781,0.9678100000000001,1033260.6606668663,
8,7433,18404.465743,MLP,32,1.0,32,1.0,14,191.143,5.97321875,167413.9256996071,
8,7434,18404.724053,NB,64,0.05,5,0.078125,16,129.933,2.030203125,492561.5509531836,
8,7435,18404.912604,AB,32,0.1,4,0.125,19,8154.161,254.81753125,3924.3767691121134,
8,7436,18413.109811,GB,1,0.1,1,1.0,17,214.386,214.386,4664.483688300542,4.0
8,7437,18426.2934,AB,16,0.5,9,0.5625,1,8046.475,502.9046875,1988.448357821282,
8,7438,18434.40493,LoR,8,0.5,1,0.125,14,171.692,21.4615,46595.0655825548,
8,7439,18434.635819,LoR,100,1.0,100,1.0,19,158.449,1.5844900000000002,631117.8991347373,
8,7440,18434.869114,NB,100,0.05,9,0.09,6,146.093,1.4609299999999998,684495.4925971813,
8,7441,18435.052705,AB,8,1.0,8,1.0,29,7962.166,995.27075,1004.7517220816546,
8,7442,18443.087839,RF,64,0.5,24,0.375,26,4131.482,64.55440625,15490.8093512207,
8,7443,18447.301605,AB,16,0.01,0,0.0,18,8086.541,505.4088125,1978.5962873371939,
8,7444,18455.432044,RF,1,0.5,1,1.0,5,3007.156,3007.156,332.5401143139897,19.03
8,7445,18471.94525,LoR,16,0.05,1,0.0625,19,187.656,11.7285,85262.39502067612,
8,7446,18472.192995,MLP,8,0.5,2,0.25,4,195.739,24.467375,40870.75135767527,
8,7447,18472.437732,RF,32,1.0,32,1.0,24,4045.037,126.40740625,7910.928874074576,
8,7448,18476.537997,SGD,64,1.0,64,1.0,13,181.918,2.84246875,351806.8580349388,
8,7449,18476.78112,LoR,100,0.01,0,0.0,19,171.04,1.7104,584658.5594013097,
8,7450,18477.02121,LoR,64,0.5,28,0.4375,2,158.319,2.473734375,404247.12131835095,
8,7451,18477.238264,AB,16,0.5,8,0.5,16,8091.119,505.6949375,1977.4767865853908,
8,7452,18485.400938,GB,64,0.5,27,0.421875,18,298.894,4.67021875,214122.73247371978,
8,7453,18485.74385,NB,1,0.1,0,0.0,20,116.223,116.223,8604.148920609518,
8,7454,18485.908226,DT,1,0.0,0,0.0,5,89.183,89.183,11212.899319377011,7.0
8,7455,18486.210505,SGD,32,0.1,2,0.0625,6,164.671,5.14596875,194326.8699406696,
8,7456,18486.418802,RF,32,1.0,32,1.0,5,3994.415,124.82546875,8011.18561791902,
8,7457,18490.458973,LoR,1,0.05,0,0.0,16,165.125,165.125,6056.018168054504,
8,7458,18490.813421,NB,32,0.05,5,0.15625,5,124.446,3.8889375,257139.64289732094,
8,7459,18491.000173,MLP,32,0.01,2,0.0625,8,205.134,6.4104375,155995.59312449425,
8,7460,18491.255012,LoR,32,0.0,0,0.0,24,154.665,4.83328125,206898.78123686678,
8,7461,18491.454661,RF,8,1.0,8,1.0,22,3239.815,404.976875,2469.2767951256474,
8,7462,18494.739136,RF,1,0.5,0,0.0,20,2970.088,2970.088,336.6903606896496,8.98
8,7463,18511.197133,MLP,8,1.0,8,1.0,25,246.182,30.77275,32496.2832376047,
8,7464,18511.519331,GB,32,0.1,4,0.125,8,293.309,9.16590625,109099.95942845258,
8,7465,18511.857073,GB,1,1.0,1,1.0,14,220.439,220.439,4536.402360743788,4.0
8,7466,18525.029487,SGD,1,0.01,0,0.0,14,189.725,189.725,5270.786664909738,
8,7467,18525.414289,NB,16,0.5,9,0.5625,5,127.902,7.993875,125095.77645384747,
8,7468,18525.592757,GB,64,0.0,0,0.0,10,282.474,4.41365625,226569.52498283028,
8,7469,18525.938018,LoR,16,0.1,3,0.1875,6,166.648,10.4155,96010.75320435889,
8,7470,18526.163719,RF,8,0.5,3,0.375,27,3271.721,408.965125,2445.1962743766967,
8,7471,18529.519114,RF,100,0.01,1,0.01,12,3853.353,38.53353,25951.42464238288,
8,7472,18533.420659,NB,16,0.05,0,0.0,20,128.2,8.0125,124804.992199688,
8,7473,18533.609258,DT,8,0.01,1,0.125,27,97.312,12.164,82209.79940808944,
8,7474,18533.761146,DT,100,0.0,0,0.0,12,99.76,0.9976,1002405.7738572573,
8,7475,18533.902753,LoR,16,0.01,0,0.0,0,160.42,10.02625,99738.18725844659,
8,7476,18534.122559,MLP,16,0.5,8,0.5,3,196.658,12.291125,81359.517538061,
8,7477,18534.362226,DT,8,1.0,8,1.0,4,91.168,11.396,87750.08775008774,
8,7478,18534.492387,DT,16,1.0,16,1.0,22,90.247,5.6404375,177291.21189624033,
8,7479,18534.623354,RF,16,0.01,0,0.0,3,3155.153,197.1970625,5071.06945368418,
8,7480,18537.822883,GB,1,0.5,0,0.0,12,243.714,243.714,4103.170109226388,4.0
8,7481,18550.873057,GB,16,0.01,0,0.0,11,248.183,15.5114375,64468.557475733636,
8,7482,18551.165523,SGD,1,0.5,0,0.0,6,210.935,210.935,4740.796927963591,
8,7483,18551.564317,GB,8,0.1,1,0.125,7,217.607,27.200875,36763.52323224896,
8,7484,18551.862342,GB,100,0.01,1,0.01,1,267.233,2.67233,374205.28153334354,
8,7485,18552.191284,LoR,16,0.1,2,0.125,12,167.054,10.440875,95777.41329151053,
8,7486,18552.433054,RF,100,0.5,47,0.47,23,4730.091,47.30091,21141.24231436562,
8,7487,18557.224188,RF,100,1.0,100,1.0,14,5251.019,52.51019,19043.922712905816,
8,7488,18562.520577,NB,8,1.0,8,1.0,29,131.766,16.47075,60713.68941912178,
8,7489,18562.713922,RF,16,0.5,9,0.5625,15,3396.701,212.2938125,4710.452877659824,
8,7490,18566.180007,MLP,32,0.5,17,0.53125,28,226.826,7.0883125,141077.3015439147,
8,7491,18566.472242,DT,32,0.5,16,0.5,23,102.889,3.21528125,311014.78292140074,
8,7492,18566.630027,RF,100,0.0,0,0.0,28,3606.514,36.06514,27727.606214754745,
8,7493,18570.281135,DT,1,0.1,0,0.0,2,94.812,94.812,10547.188119647302,7.0
8,7494,18570.622496,MLP,100,0.05,1,0.01,0,243.531,2.43531,410625.34133231494,
8,7495,18570.909886,DT,16,0.0,0,0.0,10,91.13,5.695625,175573.35674311424,
8,7496,18571.054876,GB,100,0.0,0,0.0,4,331.731,3.31731,301449.065658621,
8,7497,18571.428885,GB,8,0.0,0,0.0,1,220.127,27.515875,36342.65673906427,
8,7498,18571.693843,RF,32,0.0,0,0.0,16,3171.743,99.11696875,10089.089815915098,
8,7499,18574.913632,LoR,16,0.01,0,0.0,18,172.309,10.7693125,92856.43814310338,
8,7500,18575.162852,LoR,100,0.05,4,0.04,25,206.494,2.06494,484275.57217158854,
8,7501,18575.432752,SGD,32,0.05,4,0.125,7,156.976,4.9055,203852.81826521253,
8,7502,18575.647431,SGD,8,0.5,5,0.625,14,150.864,18.858,53027.89267154523,
8,7503,18575.864843,MLP,64,0.05,5,0.078125,29,204.95,3.20234375,312271.285679434,
8,7504,18576.130103,SGD,16,0.1,4,0.25,13,151.28,9.455,105764.14595452142,
8,7505,18576.33907,NB,8,0.05,1,0.125,18,112.437,14.054625,71150.95564627303,
8,7506,18576.521684,GB,100,0.5,49,0.49,19,300.687,3.00687,332571.7440394829,
8,7507,18576.864945,LoR,1,0.5,1,1.0,23,158.405,158.405,6312.932041286575,
8,7508,18577.205121,MLP,32,0.5,19,0.59375,5,191.343,5.97946875,167238.93740560146,
8,7509,18577.441164,MLP,32,1.0,32,1.0,15,183.387,5.73084375,174494.37528287174,
8,7510,18577.668038,NB,8,0.0,0,0.0,7,110.926,13.86575,72120.15217352108,
8,7511,18577.832297,LoR,100,1.0,100,1.0,26,164.248,1.64248,608835.4196093712,
8,7512,18578.034412,GB,1,0.0,0,0.0,14,205.695,205.695,4861.566883006393,4.0
8,7513,18590.745956,GB,100,0.0,0,0.0,9,266.537,2.66537,375182.4324577826,
8,7514,18591.074522,RF,8,0.05,2,0.25,1,3213.93,401.74125,2489.1643564109986,
8,7515,18594.358269,RF,32,0.05,1,0.03125,29,3431.303,107.22821875,9325.903308451629,
8,7516,18597.866874,DT,32,0.05,2,0.0625,0,115.911,3.62221875,276073.88427327864,
8,7517,18598.022279,GB,8,1.0,8,1.0,21,242.493,30.311625,32990.64302887094,
8,7518,18598.335259,RF,64,0.5,32,0.5,29,4216.401,65.881265625,15178.821938425686,
8,7519,18602.627712,SGD,64,0.1,8,0.125,12,195.747,3.058546875,326952.6480610175,
8,7520,18602.867651,LoR,8,0.01,0,0.0,12,156.647,19.580875,51070.24073234726,
8,7521,18603.064007,LoR,8,1.0,8,1.0,28,147.401,18.425125,54273.71591780245,
8,7522,18603.314612,DT,32,0.1,3,0.09375,4,94.591,2.95596875,338298.5696313603,
8,7523,18603.474373,MLP,64,0.1,4,0.0625,7,221.044,3.4538125,289535.115180688,
8,7524,18603.745115,AB,64,1.0,64,1.0,23,8386.788,131.0435625,7631.050170816288,
8,7525,18612.192679,GB,100,0.0,0,0.0,15,278.636,2.78636,358891.16984165716,
8,7526,18612.533221,MLP,8,0.5,4,0.5,6,189.048,23.631,42317.29507849858,
8,7527,18612.772564,SGD,32,0.01,0,0.0,10,159.289,4.97778125,200892.71701121863,
8,7528,18612.973128,RF,16,1.0,16,1.0,23,3558.739,222.4211875,4495.97455727998,
8,7529,18616.579895,SGD,32,0.0,0,0.0,6,169.917,5.30990625,188327.24212409588,
8,7530,18616.790597,NB,1,1.0,1,1.0,2,113.281,113.281,8827.605688509106,
8,7531,18616.961014,DT,32,0.01,0,0.0,10,94.774,2.9616875,337645.3457699369,
8,7532,18617.097866,MLP,16,0.01,0,0.0,24,183.442,11.465125,87221.0289900895,
8,7533,18617.357449,AB,100,0.5,46,0.46,27,8974.428,89.74428,11142.771439026532,
8,7534,18626.392758,MLP,32,0.05,0,0.0,7,212.216,6.63175,150789.76137520262,
8,7535,18626.650227,LoR,8,0.01,0,0.0,25,153.511,19.188875,52113.529323631534,
8,7536,18626.853638,SGD,64,0.0,0,0.0,18,156.614,2.44709375,408648.0135875464,
8,7537,18627.078509,DT,16,0.1,4,0.25,9,93.288,5.8305,171511.87719749592,
8,7538,18627.282556,LoR,100,0.1,13,0.13,10,164.289,1.64289,608683.478504343,
8,7539,18627.501782,NB,100,0.0,0,0.0,8,143.185,1.43185,698397.1784753989,
8,7540,18627.717223,GB,100,0.5,50,0.5,1,327.228,3.2722800000000003,305597.3205226936,
8,7541,18628.086921,AB,8,0.0,0,0.0,15,8046.523,1005.815375,994.218248055713,
8,7542,18636.212231,SGD,100,0.05,6,0.06,12,169.473,1.69473,590064.4940491995,
8,7543,18636.425728,LoR,16,0.05,0,0.0,9,149.33,9.333125,107145.2487778745,
8,7544,18636.61808,DT,16,0.01,0,0.0,2,86.217,5.3885625,185578.25022907316,
8,7545,18636.758462,SGD,100,1.0,100,1.0,15,163.679,1.63679,610951.9241930853,
8,7546,18636.965468,NB,32,0.0,0,0.0,19,116.955,3.65484375,273609.5079304006,
8,7547,18637.148085,LoR,32,0.05,1,0.03125,4,155.411,4.85659375,205905.63087554934,
8,7548,18637.34469,LoR,8,0.05,0,0.0,14,145.319,18.164875,55051.30093105513,
8,7549,18637.55724,SGD,64,0.5,23,0.359375,26,155.727,2.433234375,410975.61758718785,
8,7550,18637.780417,NB,64,0.05,2,0.03125,7,127.295,1.988984375,502769.1582544483,
8,7551,18637.952099,SGD,8,0.0,0,0.0,8,152.026,19.00325,52622.57771696946,
8,7552,18638.176849,RF,100,0.5,46,0.46,27,4703.515,47.03515,21260.695458609145,
8,7553,18642.931983,MLP,32,0.01,0,0.0,9,212.128,6.629,150852.3155830442,
8,7554,18643.192344,RF,32,0.1,0,0.0,22,3387.646,105.8639375,9446.087342065846,
8,7555,18646.624788,DT,1,0.1,0,0.0,18,94.656,94.656,10564.570655848545,7.0
8,7556,18646.936892,DT,32,1.0,32,1.0,6,106.878,3.3399375,299406.8002769513,
8,7557,18647.120137,AB,100,0.01,1,0.01,2,8659.42,86.5942,11548.117541359583,
8,7558,18655.837618,MLP,100,1.0,100,1.0,19,231.335,2.3133500000000002,432273.5426978192,
8,7559,18656.114847,AB,32,1.0,32,1.0,14,8113.223,253.53821875,3944.1785342273965,
8,7560,18664.277007,DT,32,0.01,0,0.0,20,84.672,2.646,377928.9493575208,
8,7561,18664.466542,SGD,64,0.01,2,0.03125,4,162.476,2.5386875,393904.3304857333,
8,7562,18664.69207,GB,32,0.1,4,0.125,27,259.519,8.10996875,123305.03739610586,
8,7563,18665.015331,AB,32,0.5,15,0.46875,10,8145.57,254.5490625,3928.5157453683414,
8,7564,18673.203526,DT,8,1.0,8,1.0,10,84.24,10.53,94966.76163342831,
8,7565,18673.329114,MLP,1,0.05,0,0.0,0,168.375,168.375,5939.123979213066,
8,7566,18673.661969,NB,16,0.05,0,0.0,4,115.669,7.2293125,138325.7398265741,
8,7567,18673.81564,GB,1,1.0,1,1.0,27,227.584,227.584,4393.982002249719,4.0
8,7568,18686.930857,AB,64,0.1,3,0.046875,17,8306.56,129.79,7704.753833115033,
8,7569,18695.303814,NB,16,0.05,1,0.0625,23,118.025,7.3765625,135564.4990468121,
8,7570,18695.476722,RF,100,0.0,0,0.0,27,3995.086,39.95086,25030.750276714945,
8,7571,18699.519763,SGD,32,0.0,0,0.0,5,182.684,5.708875,175165.86017385212,
8,7572,18699.768532,MLP,32,0.05,1,0.03125,18,204.501,6.39065625,156478.4524281055,
8,7573,18700.050416,NB,100,0.05,3,0.03,13,143.025,1.43025,699178.4653032686,
8,7574,18700.253812,SGD,32,0.01,2,0.0625,15,161.781,5.05565625,197798.25813908924,
8,7575,18700.472328,NB,8,0.1,2,0.25,1,110.581,13.822625,72345.15875240773,
8,7576,18700.653791,NB,100,0.1,13,0.13,7,138.964,1.38964,719610.8344607237,
8,7577,18700.830199,RF,1,0.05,0,0.0,24,3027.851,3027.851,330.2672423444879,7.7
8,7578,18716.754622,AB,32,1.0,32,1.0,13,8160.168,255.00525,3921.487890935579,
8,7579,18724.955999,AB,1,1.0,1,1.0,6,7678.365,7678.365,130.23605936941001,2.0
8,7580,18745.339824,AB,1,0.0,0,0.0,14,7760.668,7760.668,128.854887233934,2.0
8,7581,18765.729293,AB,16,0.01,0,0.0,9,8052.499,503.2811875,1986.9608180019643,
8,7582,18773.861028,AB,100,0.05,5,0.05,27,8457.011,84.57011,11824.508682795848,
8,7583,18782.391979,SGD,64,0.1,6,0.09375,27,232.465,3.632265625,275310.26175983483,
8,7584,18782.688834,NB,32,0.05,2,0.0625,18,120.677,3.77115625,265170.662180863,
8,7585,18782.857436,LoR,64,0.0,0,0.0,28,245.795,3.840546875,260379.58461319393,
8,7586,18783.151013,LoR,32,0.1,0,0.0,3,160.187,5.00584375,199766.52287638822,
8,7587,18783.372926,DT,100,0.0,0,0.0,6,104.044,1.04044,961131.828841644,
8,7588,18783.541055,RF,32,0.1,5,0.15625,1,3773.078,117.9086875,8481.139271438333,
8,7589,18787.373201,NB,8,0.01,0,0.0,28,140.463,17.557875,56954.50047343429,
8,7590,18787.591649,LoR,100,0.01,2,0.02,4,210.931,2.1093100000000002,474088.6830290474,
8,7591,18787.87117,DT,64,0.1,5,0.078125,28,106.334,1.66146875,601877.1042187823,
8,7592,18788.034357,MLP,16,0.5,12,0.75,29,198.059,12.3786875,80784.00880545696,
8,7593,18788.275474,LoR,32,0.0,0,0.0,15,153.821,4.80690625,208034.01356121726,
8,7594,18788.470295,MLP,8,0.01,0,0.0,20,170.179,21.272375,47009.32547494109,
8,7595,18788.681514,SGD,1,0.5,0,0.0,0,148.972,148.972,6712.670837472813,
8,7596,18789.028257,GB,100,0.05,5,0.05,0,315.618,3.15618,316838.7100862435,
8,7597,18789.406095,LoR,16,0.1,2,0.125,24,161.323,10.0826875,99179.9061510138,
8,7598,18789.608493,AB,1,0.01,0,0.0,18,7817.604,7817.604,127.91643066085209,2.0
8,7599,18810.231205,LoR,1,0.1,0,0.0,22,155.591,155.591,6427.106966341241,
8,7600,18810.598895,GB,64,0.1,4,0.0625,12,273.066,4.26665625,234375.57220598686,
8,7601,18810.937659,NB,32,0.01,1,0.03125,10,125.909,3.93465625,254151.80805184695,
8,7602,18811.123655,DT,32,0.05,2,0.0625,2,101.85,3.1828125,314187.53068237606,
8,7603,18811.303872,GB,64,1.0,64,1.0,7,255.426,3.99103125,250561.80655062525,
8,7604,18811.623048,GB,32,0.1,3,0.09375,3,233.213,7.28790625,137213.6201669718,
8,7605,18811.895329,MLP,1,0.0,0,0.0,15,174.745,174.745,5722.6243955477985,
8,7606,18812.248842,LoR,32,0.5,13,0.40625,10,155.517,4.85990625,205765.28611020016,
8,7607,18812.466804,NB,32,0.1,2,0.0625,3,119.489,3.73403125,267807.07847584295,
8,7608,18812.623807,SGD,8,0.0,0,0.0,25,154.798,19.34975,51680.25426685099,
8,7609,18812.841051,DT,32,0.5,19,0.59375,13,97.9,3.059375,326864.14708886616,
8,7610,18812.978794,GB,8,0.05,0,0.0,27,209.872,26.234,38118.47221163376,
8,7611,18813.26415,LoR,100,0.1,9,0.09,24,170.118,1.70118,587827.2728341505,
8,7612,18813.476896,SGD,16,0.1,0,0.0,16,153.162,9.572625,104464.55387106462,
8,7613,18813.670904,DT,1,0.05,0,0.0,14,85.564,85.564,11687.158150624095,7.0
8,7614,18813.944451,SGD,1,0.01,0,0.0,13,152.07,152.07,6575.918984678109,
8,7615,18814.268909,SGD,8,0.05,1,0.125,14,150.065,18.758125,53310.23223269916,
8,7616,18814.460466,DT,8,0.05,0,0.0,29,86.685,10.835625,92288.16981023244,
8,7617,18814.586159,LoR,1,0.05,0,0.0,4,144.179,144.179,6935.822831341596,
8,7618,18814.916157,LoR,100,0.01,1,0.01,13,159.352,1.59352,627541.5432501632,
8,7619,18815.133919,MLP,8,0.5,6,0.75,23,210.308,26.2885,38039.44690644198,
8,7620,18815.413841,MLP,64,0.5,36,0.5625,22,198.492,3.1014375,322431.1307256716,
8,7621,18815.661142,AB,64,0.0,0,0.0,6,8304.439,129.756859375,7706.721670181453,
8,7622,18824.011919,RF,32,1.0,32,1.0,7,4255.528,132.98525,7519.630936513636,
8,7623,18828.356737,DT,100,0.0,0,0.0,16,138.881,1.38881,720040.8983230247,
8,7624,18828.543574,LoR,32,0.0,0,0.0,2,185.931,5.81034375,172106.85684474348,
8,7625,18828.773046,GB,16,0.0,0,0.0,6,264.441,16.5275625,60504.989770875174,
8,7626,18829.10174,SGD,16,0.1,3,0.1875,25,162.852,10.17825,98248.71662613907,
8,7627,18829.348926,MLP,100,0.05,5,0.05,5,242.824,2.42824,411820.907323823,
8,7628,18829.651284,LoR,8,0.5,2,0.25,11,151.722,18.96525,52728.015712948676,
8,7629,18829.844991,NB,8,0.01,0,0.0,6,117.622,14.70275,68014.48708574926,
8,7630,18830.001717,GB,16,0.0,0,0.0,3,236.846,14.802875,67554.44466024336,
8,7631,18830.319148,SGD,100,0.05,4,0.04,29,175.115,1.75115,571053.3078262856,
8,7632,18830.53631,RF,8,0.1,0,0.0,14,3247.538,405.94225,2463.404585258125,
8,7633,18833.831821,GB,32,1.0,32,1.0,11,253.333,7.91665625,126315.95567888905,
8,7634,18834.142516,DT,100,1.0,100,1.0,25,124.539,1.24539,802961.3213531504,
8,7635,18834.335446,LoR,64,0.1,5,0.078125,7,170.112,2.658,376222.7238525207,
8,7636,18834.545399,RF,8,0.0,0,0.0,8,3062.382,382.79775,2612.345553232745,
8,7637,18837.65317,GB,16,1.0,16,1.0,0,235.255,14.7034375,68011.30687976876,
8,7638,18837.946482,MLP,100,0.0,0,0.0,7,243.308,2.43308,411001.6933269765,
8,7639,18838.240832,DT,64,1.0,64,1.0,17,109.45,1.71015625,584741.8912745545,
8,7640,18838.39189,NB,1,0.01,0,0.0,12,108.589,108.589,9209.035906030998,
8,7641,18838.569904,NB,16,0.01,1,0.0625,27,112.742,7.046375,141916.94310904542,
8,7642,18838.719466,DT,8,0.0,0,0.0,14,89.815,11.226875,89071.98129488392,
8,7643,18838.851342,RF,32,0.0,0,0.0,18,3146.073,98.31478125,10171.410517174903,
8,7644,18842.041694,DT,1,0.1,0,0.0,8,93.398,93.398,10706.867384740573,7.0
8,7645,18842.34548,DT,8,0.0,0,0.0,10,91.458,11.43225,87471.84499989066,
8,7646,18842.491526,GB,100,1.0,100,1.0,12,298.874,2.9887400000000004,334589.157972925,
8,7647,18842.833453,GB,1,0.1,0,0.0,22,210.142,210.142,4758.686983087627,4.0
8,7648,18855.683612,GB,16,0.0,0,0.0,26,221.353,13.8345625,72282.73391370344,
8,7649,18855.962124,LoR,100,1.0,100,1.0,21,173.387,1.73387,576744.507950423,
8,7650,18856.200086,LoR,32,0.05,2,0.0625,17,156.658,4.8955625,204266.61900445557,
8,7651,18856.415996,MLP,16,0.5,6,0.375,23,179.884,11.24275,88946.20977963577,
8,7652,18856.636601,MLP,16,1.0,16,1.0,2,171.717,10.7323125,93176.56376479905,
8,7653,18856.851107,RF,8,0.01,0,0.0,3,3027.122,378.39025,2642.774225815808,
8,7654,18859.941808,RF,8,0.5,3,0.375,25,3098.718,387.33975,2581.712824464827,
8,7655,18863.085904,RF,8,0.1,0,0.0,19,3040.676,380.0845,2630.993897409655,
8,7656,18866.185867,MLP,100,1.0,100,1.0,3,241.294,2.4129400000000003,414432.1864613293,
8,7657,18866.471045,RF,16,0.0,0,0.0,15,3160.172,197.51075,5063.015557381054,
8,7658,18869.710727,DT,100,0.5,50,0.5,9,116.105,1.1610500000000001,861289.3501571852,
8,7659,18869.881044,MLP,100,0.0,0,0.0,25,235.942,2.35942,423832.97590085695,
8,7660,18870.173247,MLP,100,0.0,0,0.0,26,224.012,2.24012,446404.6568933807,
8,7661,18870.438808,LoR,1,0.5,1,1.0,14,150.683,150.683,6636.448703569746,
8,7662,18870.751793,NB,16,0.01,0,0.0,17,115.94,7.24625,138002.41504226325,
8,7663,18870.910902,DT,32,0.0,0,0.0,14,93.045,2.90765625,343919.608791445,
8,7664,18871.044006,LoR,1,0.5,1,1.0,6,149.495,149.495,6689.18692932874,
8,7665,18871.350435,LoR,8,0.1,0,0.0,19,146.496,18.312,54608.999563128,
8,7666,18871.539038,SGD,8,0.05,0,0.0,20,148.478,18.55975,53880.03609962419,
8,7667,18871.747818,SGD,16,0.1,1,0.0625,19,147.073,9.1920625,108789.51269097658,
8,7668,18871.952906,LoR,8,0.5,6,0.75,24,145.346,18.16825,55041.07440177232,
8,7669,18872.164239,RF,64,0.1,2,0.03125,13,3550.211,55.472046875,18027.09754434314,
8,7670,18875.790699,AB,64,0.1,8,0.125,20,8386.164,131.0338125,7631.61798409857,
8,7671,18884.228392,AB,64,0.0,0,0.0,18,8205.884,128.2169375,7799.281588674663,
8,7672,18892.480735,NB,32,0.0,0,0.0,3,123.065,3.84578125,260025.18994027548,
8,7673,18892.667221,RF,32,0.1,5,0.15625,23,3335.109,104.22215625,9594.888802734784,
8,7674,18896.046341,SGD,8,0.0,0,0.0,16,168.812,21.1015,47389.99597185034,
8,7675,18896.265483,SGD,64,1.0,64,1.0,10,162.64,2.54125,393507.1323167733,
8,7676,18896.493869,LoR,32,0.01,1,0.03125,4,154.473,4.82728125,207155.94310979912,
8,7677,18896.710269,SGD,8,0.5,4,0.5,17,150.763,18.845375,53063.41741674018,
8,7678,18896.919707,AB,16,0.5,7,0.4375,14,8015.293,500.9558125,1996.184044675597,
8,7679,18905.009363,LoR,64,0.01,1,0.015625,17,161.924,2.5300625,395247.15298535116,
8,7680,18905.232823,RF,16,0.1,1,0.0625,23,3081.925,192.6203125,5191.56046951175,
8,7681,18908.376656,GB,100,0.01,0,0.0,21,302.998,3.02998,330035.1817503746,
8,7682,18908.731293,DT,64,1.0,64,1.0,6,114.06,1.7821875,561108.1886726285,
8,7683,18908.886805,LoR,16,1.0,16,1.0,3,161.117,10.0698125,99306.71499593464,
8,7684,18909.09735,MLP,64,1.0,64,1.0,7,214.21,3.34703125,298772.232855609,
8,7685,18909.380591,AB,64,0.01,1,0.015625,3,8337.967,130.280734375,7675.731985986512,
8,7686,18917.76478,SGD,16,0.01,0,0.0,15,155.33,9.708125,103006.50228545677,
8,7687,18917.968352,GB,32,1.0,32,1.0,24,242.345,7.57328125,132043.16160845076,
8,7688,18918.273568,MLP,16,0.01,1,0.0625,16,188.153,11.7595625,85037.17719090315,
8,7689,18918.531189,MLP,64,0.1,3,0.046875,29,204.26,3.1915625,313326.1529423284,
8,7690,18918.779548,GB,32,1.0,32,1.0,2,234.047,7.31396875,136724.6749584485,
8,7691,18919.053967,DT,1,1.0,1,1.0,8,90.498,90.498,11049.96795509293,7.0
8,7692,18919.385125,DT,1,0.01,0,0.0,2,88.926,88.926,11245.30508512696,7.0
8,7693,18919.658934,GB,1,0.5,1,1.0,3,206.274,206.274,4847.920726800276,4.0
8,7694,18932.336542,DT,32,0.01,0,0.0,26,93.14,2.910625,343568.8211294825,
8,7695,18932.480786,RF,64,0.01,0,0.0,28,3502.011,54.718921875,18275.213869973566,
8,7696,18936.063034,MLP,100,0.5,49,0.49,28,247.647,2.47647,403800.57097400737,
8,7697,18936.35333,AB,16,0.0,0,0.0,3,8070.722,504.420125,1982.4744304165106,
8,7698,18944.48698,DT,16,0.5,8,0.5,13,87.349,5.4593125,183173.24754719573,
8,7699,18944.612527,LoR,8,1.0,8,1.0,9,151.149,18.893625,52927.90557661645,
8,7700,18944.80676,LoR,32,0.0,0,0.0,17,147.238,4.6011875,217335.19879378963,
8,7701,18945.02697,RF,100,0.05,5,0.05,2,3744.334,37.44334,26707.01919219813,
8,7702,18948.815027,RF,1,0.01,0,0.0,0,2931.726,2931.726,341.0959960105412,6.95
8,7703,18964.300085,DT,1,0.01,0,0.0,11,85.316,85.316,11721.130854704861,7.0
8,7704,18964.56274,AB,16,0.0,0,0.0,22,8005.916,500.36975,1998.5220929122913,
8,7705,18972.631041,DT,16,0.05,3,0.1875,20,98.358,6.147375,162671.05878525387,
8,7706,18972.814657,NB,100,0.01,1,0.01,12,144.443,1.44443,692314.6154538468,
8,7707,18973.019032,RF,16,0.1,3,0.1875,4,3215.812,200.98825,4975.415229497247,
8,7708,18976.275817,NB,1,1.0,1,1.0,12,112.673,112.673,8875.240740905097,
8,7709,18976.459865,DT,32,0.1,2,0.0625,25,93.489,2.92153125,342286.2582763747,
8,7710,18976.623306,SGD,100,0.5,52,0.52,1,174.245,1.74245,573904.5596717265,
8,7711,18976.847977,RF,64,0.01,0,0.0,11,3714.277,58.035578125,17230.80965689958,
8,7712,18980.65734,NB,64,0.05,1,0.015625,27,166.559,2.602484375,384248.224352932,
8,7713,18980.881613,SGD,100,1.0,100,1.0,4,231.485,2.3148500000000003,431993.43369980773,
8,7714,18981.162251,LoR,32,0.05,0,0.0,19,164.273,5.13353125,194797.68434252738,
8,7715,18981.366785,GB,1,0.0,0,0.0,21,273.678,273.678,3653.9290699288945,4.0
8,7716,18994.80733,MLP,1,0.01,0,0.0,10,214.663,214.663,4658.464663216297,
8,7717,18995.204138,LoR,8,0.1,0,0.0,3,181.999,22.749875,43956.28547409601,
8,7718,18995.468913,MLP,100,0.5,47,0.47,26,234.115,2.3411500000000003,427140.5078700638,
8,7719,18995.745749,MLP,16,1.0,16,1.0,29,175.139,10.9461875,91356.00865598182,
8,7720,18995.985416,MLP,32,0.1,6,0.1875,3,182.523,5.70384375,175320.37058343334,
8,7721,18996.209043,LoR,1,0.1,0,0.0,0,157.775,157.775,6338.13975598162,
8,7722,18996.513839,DT,16,0.05,0,0.0,29,122.12,7.6325,131018.67016049786,
8,7723,18996.675863,SGD,1,0.5,1,1.0,1,146.172,146.172,6841.255507210683,
8,7724,18997.002345,GB,16,0.05,0,0.0,1,251.97,15.748125,63499.62297098861,
8,7725,18997.317742,SGD,32,0.1,2,0.0625,28,174.089,5.44028125,183814.0261590336,
8,7726,18997.566795,MLP,32,0.05,3,0.09375,15,183.653,5.73915625,174241.64048504518,
8,7727,18997.8031,MLP,64,1.0,64,1.0,21,194.513,3.039265625,329026.85167572345,
8,7728,18998.037968,NB,16,0.0,0,0.0,15,117.365,7.3353125,136326.84360754912,
8,7729,18998.227679,GB,16,0.5,3,0.1875,28,245.8,15.3625,65093.57200976403,
8,7730,18998.514916,DT,16,1.0,16,1.0,7,97.371,6.0856875,164319.97206560476,
8,7731,18998.685052,SGD,100,0.1,12,0.12,12,168.51,1.6850999999999998,593436.5913002196,
8,7732,18998.900126,LoR,64,0.0,0,0.0,13,155.932,2.4364375,410435.3179591104,
8,7733,18999.095065,LoR,1,0.1,0,0.0,14,164.145,164.145,6092.174601724085,
8,7734,18999.432524,MLP,1,0.1,1,1.0,28,156.861,156.861,6375.070922664015,
8,7735,18999.742227,DT,32,0.05,0,0.0,22,89.609,2.80028125,357106.98702139297,
8,7736,18999.871387,SGD,1,0.05,0,0.0,12,143.338,143.338,6976.517043631138,
8,7737,19000.155591,MLP,8,1.0,8,1.0,15,164.322,20.54025,48684.89916140261,
8,7738,19000.360804,LoR,1,0.05,0,0.0,23,139.529,139.529,7166.968873854181,
8,7739,19000.674153,AB,64,0.01,1,0.015625,13,8835.957,138.061828125,7243.13167209845,
8,7740,19009.595984,RF,16,0.1,3,0.1875,21,3337.135,208.5709375,4794.531836440539,
8,7741,19012.978139,SGD,8,0.0,0,0.0,29,186.134,23.26675,42979.788754338275,
8,7742,19013.207996,DT,8,0.01,0,0.0,28,90.434,11.30425,88462.3040007077,
8,7743,19013.337889,LoR,1,0.01,0,0.0,3,150.803,150.803,6631.167814963894,
8,7744,19013.66563,LoR,16,0.1,1,0.0625,0,148.872,9.3045,107474.87774732655,
8,7745,19013.85547,AB,8,0.01,0,0.0,5,7933.731,991.716375,1008.3528166004116,
8,7746,19021.831864,MLP,16,0.0,0,0.0,21,192.9,12.05625,82944.53084499741,
8,7747,19022.069818,GB,16,1.0,16,1.0,16,254.39,15.899375,62895.55407052164,
8,7748,19022.3879,AB,8,0.1,2,0.25,1,7869.553,983.694125,1016.5761638558124,
8,7749,19030.308458,MLP,64,1.0,64,1.0,29,208.668,3.2604375,306707.3053846301,
8,7750,19030.559053,SGD,1,0.1,0,0.0,22,145.181,145.181,6887.953657847789,
8,7751,19030.881278,MLP,64,0.1,5,0.078125,4,196.763,3.074421875,325264.4043849707,
8,7752,19031.117114,MLP,1,1.0,1,1.0,26,210.38,210.38,4753.303545964445,
8,7753,19031.495901,AB,32,0.01,1,0.03125,7,8071.931,252.24784375,3964.3549975836017,
8,7754,19039.640828,LoR,64,0.05,4,0.0625,19,162.809,2.543890625,393098.6616219005,
8,7755,19039.847164,GB,8,0.01,0,0.0,1,229.64,28.705,34837.13638738896,
8,7756,19040.119319,LoR,16,1.0,16,1.0,11,154.324,9.64525,103677.97620590446,
8,7757,19040.353506,GB,100,0.05,7,0.07,27,263.332,2.63332,379748.7582215606,
8,7758,19040.693061,NB,100,0.05,5,0.05,8,155.85,1.5585,641642.6050689766,
8,7759,19040.886293,RF,1,0.0,0,0.0,5,3050.639,3050.639,327.8001756353341,8.76
8,7760,19056.949884,GB,64,0.1,9,0.140625,29,258.631,4.041109375,247456.80138885134,
8,7761,19057.270353,GB,16,0.5,10,0.625,13,229.532,14.34575,69707.0560967534,
8,7762,19057.542239,LoR,16,1.0,16,1.0,21,163.272,10.2045,97995.98216473125,
8,7763,19057.769584,MLP,32,0.01,1,0.03125,0,193.862,6.0581875,165065.87159938514,
8,7764,19058.011003,SGD,32,0.01,0,0.0,0,193.209,6.03778125,165623.75458700163,
8,7765,19058.244455,NB,8,0.0,0,0.0,3,113.092,14.1365,70738.8674707318,
8,7766,19058.42586,SGD,32,0.01,0,0.0,17,242.118,7.5661875,132166.95991210899,
8,7767,19058.79415,DT,32,0.01,1,0.03125,25,135.944,4.24825,235391.04337079977,
8,7768,19059.002773,GB,8,0.5,6,0.75,4,295.918,36.98975,27034.516318709913,
8,7769,19059.354577,NB,16,0.0,0,0.0,16,140.132,8.75825,114178.06068563926,
8,7770,19059.535537,GB,16,1.0,16,1.0,9,271.266,16.954125,58982.6959515752,
8,7771,19059.873746,AB,32,0.5,15,0.46875,22,8320.73,260.0228125,3845.816412742632,
8,7772,19068.291988,NB,100,0.5,50,0.5,25,178.907,1.7890700000000002,558949.6218705808,
8,7773,19068.525918,LoR,1,0.1,0,0.0,19,173.577,173.577,5761.131947204987,
8,7774,19068.861028,DT,1,0.5,1,1.0,8,88.738,88.738,11269.129347066646,31.0
8,7775,19069.168131,LoR,16,0.01,0,0.0,24,157.647,9.8529375,101492.57518379671,
8,7776,19069.366549,AB,1,0.5,0,0.0,17,7814.233,7814.233,127.97161282495671,2.0
8,7777,19089.994239,GB,32,0.5,18,0.5625,19,272.95,8.5296875,117237.58930206999,
8,7778,19090.332126,DT,32,0.05,3,0.09375,17,97.062,3.0331875,329686.1799674435,
8,7779,19090.469304,AB,1,0.05,0,0.0,7,8007.156,8007.156,124.88828742689664,2.0
8,7780,19111.464397,SGD,100,0.0,0,0.0,5,199.01,1.9901,502487.31219536706,
8,7781,19111.709063,SGD,1,0.01,0,0.0,24,151.719,151.719,6591.132290616205,
8,7782,19112.04991,RF,64,0.01,3,0.046875,25,3589.893,56.092078125,17827.829408843103,
8,7783,19115.689012,LoR,32,1.0,32,1.0,20,173.675,5.42734375,184252.19519216928,
8,7784,19115.904292,AB,8,0.0,0,0.0,26,8007.849,1000.981125,999.0198366627542,
8,7785,19123.958727,RF,16,0.05,0,0.0,23,3035.379,189.7111875,5271.170420563627,
8,7786,19127.041827,RF,32,1.0,32,1.0,28,4023.981,125.74940625,7952.323830554866,
8,7787,19131.148557,GB,100,0.01,1,0.01,19,365.615,3.6561500000000002,273511.75416763534,
8,7788,19131.555436,SGD,1,1.0,1,1.0,29,163.642,163.642,6110.900624534044,
8,7789,19131.877233,MLP,1,0.01,0,0.0,11,174.661,174.661,5725.376586644987,
8,7790,19132.225661,GB,32,0.05,2,0.0625,21,245.369,7.66778125,130415.82269968904,
8,7791,19132.515589,NB,8,0.05,0,0.0,22,122.525,15.315625,65292.7973882881,
8,7792,19132.676785,MLP,8,1.0,8,1.0,21,185.818,23.22725,43052.8796994909,
8,7793,19132.904296,MLP,1,0.5,0,0.0,11,163.997,163.997,6097.672518399726,
8,7794,19133.220591,AB,32,1.0,32,1.0,7,8143.645,254.48890625,3929.444370426265,
8,7795,19141.410454,GB,16,0.01,0,0.0,25,214.948,13.43425,74436.60792377692,
8,7796,19141.668576,LoR,1,0.1,0,0.0,18,153.746,153.746,6504.234256500982,
8,7797,19141.998908,RF,32,0.05,2,0.0625,10,3373.691,105.42784375,9485.160318476115,
8,7798,19145.416087,LoR,8,0.0,0,0.0,8,164.931,20.616375,48505.13244932729,
8,7799,19145.657244,AB,100,0.1,13,0.13,21,8576.183,85.76183,11660.1989486465,
8,7800,19154.297577,SGD,16,0.5,7,0.4375,4,156.593,9.7870625,102175.70389481013,
8,7801,19154.517143,RF,32,0.5,21,0.65625,22,3723.429,116.35715625,8594.228599497936,
8,7802,19158.314782,SGD,64,0.1,6,0.09375,15,175.786,2.74665625,364079.0506638754,
8,7803,19158.551648,DT,16,0.5,8,0.5,2,97.636,6.10225,163873.98090868123,
8,7804,19158.696779,AB,64,0.0,0,0.0,7,8979.573,140.305828125,7127.28767837847,
8,7805,19167.755916,RF,100,0.1,7,0.07,22,3861.542,38.61542,25896.39061286916,
8,7806,19171.686255,LoR,16,0.5,9,0.5625,23,168.852,10.55325,94757.53914670835,
8,7807,19171.922348,MLP,32,0.01,1,0.03125,27,202.091,6.31534375,158344.50816711283,
8,7808,19172.192961,GB,64,0.5,34,0.53125,4,287.637,4.494328125,222502.66829371743,
8,7809,19172.523581,AB,1,0.01,0,0.0,19,7780.973,7780.973,128.5186312817176,2.0
8,7810,19193.064516,LoR,1,0.0,0,0.0,6,156.239,156.239,6400.4505917216575,
8,7811,19193.390894,RF,100,1.0,100,1.0,21,5759.085,57.59085,17363.869434120177,
8,7812,19199.252296,LoR,64,1.0,64,1.0,12,216.643,3.385046875,295416.88399809826,
8,7813,19199.523644,GB,64,0.0,0,0.0,12,329.768,5.152625,194075.83513257807,
8,7814,19199.92747,DT,64,0.01,1,0.015625,24,106.372,1.6620625,601662.0915278457,
8,7815,19200.076906,NB,32,1.0,32,1.0,17,131.966,4.1239375,242486.70111998543,
8,7816,19200.245697,DT,1,1.0,1,1.0,29,88.872,88.872,11252.137906202179,26.0
8,7817,19200.545721,GB,32,1.0,32,1.0,16,257.528,8.04775,124258.3330744618,
8,7818,19200.880567,RF,100,0.5,47,0.47,6,4723.82,47.2382,21169.307890647826,
8,7819,19205.671326,DT,16,0.1,1,0.0625,28,105.213,6.5758125,152072.4625283948,
8,7820,19205.850422,DT,100,0.5,50,0.5,8,110.883,1.10883,901851.5011318236,
8,7821,19206.03244,GB,100,0.05,4,0.04,4,281.905,2.81905,354729.4301271705,
8,7822,19206.373941,DT,8,0.5,2,0.25,2,93.115,11.639375,85915.26606883961,
8,7823,19206.539491,RF,100,0.01,1,0.01,25,3718.857,37.18857,26889.982594114266,
8,7824,19210.3041,MLP,8,0.05,0,0.0,27,212.283,26.535375,37685.54241272264,
8,7825,19210.580112,GB,16,0.5,10,0.625,3,235.69,14.730625,67885.78217149645,
8,7826,19210.863108,RF,8,0.01,0,0.0,0,3105.556,388.1945,2576.0282538778883,
8,7827,19214.014735,AB,8,0.1,0,0.0,19,8096.004,1012.0005,988.1418042777647,
8,7828,19222.183428,RF,64,0.5,31,0.484375,8,4069.709,63.589203125,15725.94011021427,
8,7829,19226.327528,DT,64,0.1,3,0.046875,1,102.425,1.600390625,624847.4493531852,
8,7830,19226.470823,SGD,16,1.0,16,1.0,16,171.639,10.7274375,93218.90712483758,
8,7831,19226.684091,MLP,16,0.0,0,0.0,0,189.095,11.8184375,84613.55403368677,
8,7832,19226.914783,LoR,16,0.0,0,0.0,3,152.574,9.535875,104867.14643386159,
8,7833,19227.105864,RF,1,0.0,0,0.0,22,2971.83,2971.83,336.49300262801034,6.81
8,7834,19243.425137,NB,1,0.05,0,0.0,13,121.296,121.296,8244.294947896056,
8,7835,19243.61658,AB,100,1.0,100,1.0,17,8465.089,84.65089,11813.224881628534,
8,7836,19252.127045,SGD,8,0.1,0,0.0,8,165.409,20.676125,48364.96200327673,
8,7837,19252.338457,MLP,1,0.5,1,1.0,16,170.495,170.495,5865.274641485087,
8,7838,19252.681778,LoR,8,0.1,1,0.125,9,147.131,18.391375,54373.31357769607,
8,7839,19252.903244,LoR,100,0.5,44,0.44,28,157.112,1.5711199999999999,636488.6195834819,
8,7840,19253.099456,SGD,1,0.05,0,0.0,13,141.981,141.981,7043.1959205809235,
8,7841,19253.388734,GB,32,1.0,32,1.0,23,270.203,8.44384375,118429.47709684941,
8,7842,19253.733866,SGD,100,0.5,45,0.45,28,168.979,1.6897900000000001,591789.5123062629,
8,7843,19253.942635,GB,1,0.5,1,1.0,19,208.136,208.136,4804.550870584618,4.0
8,7844,19266.715532,RF,32,0.01,2,0.0625,28,3360.362,105.0113125,9522.783557247702,
8,7845,19270.121373,AB,16,1.0,16,1.0,22,7993.382,499.586375,2001.6558698183073,
8,7846,19278.182315,GB,32,0.5,13,0.40625,16,238.699,7.45934375,134060.05052388154,
8,7847,19278.463832,GB,16,1.0,16,1.0,27,215.958,13.497375,74088.48016743996,
8,7848,19278.740981,AB,16,0.05,2,0.125,23,7875.57,492.223125,2031.5989826768096,
8,7849,19286.678527,GB,8,0.5,4,0.5,27,208.048,26.006,38452.66476966854,
8,7850,19286.927551,SGD,8,0.0,0,0.0,11,155.795,19.474375,51349.52983086749,
8,7851,19287.134424,SGD,64,0.05,0,0.0,18,160.454,2.50709375,398868.2114500106,
8,7852,19287.353166,AB,100,0.01,0,0.0,26,8315.968,83.15968000000001,12025.058297482625,
8,7853,19295.71324,NB,8,0.05,0,0.0,5,112.294,14.03675,71241.56232746184,
8,7854,19295.863282,AB,1,1.0,1,1.0,24,7693.21,7693.21,129.9847527884979,2.0
8,7855,19316.183688,GB,32,0.0,0,0.0,0,226.135,7.06671875,141508.3910053729,
8,7856,19316.485814,SGD,100,0.01,2,0.02,28,174.661,1.74661,572537.6586644987,
8,7857,19316.733358,LoR,32,0.01,0,0.0,14,154.424,4.82575,207221.6753872455,
8,7858,19316.959999,NB,100,0.1,10,0.1,16,141.433,1.4143299999999999,707048.5671660787,
8,7859,19317.161,LoR,32,0.01,1,0.03125,12,154.257,4.82053125,207446.01541583202,
8,7860,19317.354325,GB,1,0.01,0,0.0,29,202.396,202.396,4940.809106899346,4.0
8,7861,19329.953295,RF,100,0.01,2,0.02,8,3756.532,37.56532,26620.297657520285,
8,7862,19333.754443,AB,16,0.0,0,0.0,24,7886.45,492.903125,2028.796226439019,
8,7863,19341.699819,DT,8,0.05,0,0.0,9,94.309,11.788625,84827.5350178668,
8,7864,19341.831843,RF,1,0.0,0,0.0,29,3007.035,3007.035,332.55349538665166,6.98
8,7865,19357.378392,MLP,1,0.01,0,0.0,14,180.952,180.952,5526.327423847209,
8,7866,19357.721156,RF,1,0.0,0,0.0,13,3177.693,3177.693,314.69371018534514,25.33
8,7867,19374.210748,GB,16,0.1,2,0.125,29,277.412,17.33825,57675.94768791545,
8,7868,19374.543479,AB,64,0.01,0,0.0,15,8209.335,128.270859375,7796.002964917378,
8,7869,19382.801908,NB,32,0.01,0,0.0,25,126.657,3.95803125,252650.8601972256,
8,7870,19382.968374,AB,1,0.1,0,0.0,24,7596.846,7596.846,131.63357530217147,2.0
8,7871,19403.15409,GB,64,0.05,3,0.046875,5,270.693,4.229578125,236430.19952492308,
8,7872,19403.467315,AB,16,0.0,0,0.0,26,7936.862,496.053875,2015.9100662201258,
8,7873,19411.455099,LoR,64,0.0,0,0.0,14,175.216,2.73775,365263.4462606154,
8,7874,19411.68717,DT,100,0.0,0,0.0,23,95.371,0.95371,1048536.7669417328,
8,7875,19411.832091,NB,64,0.01,0,0.0,16,128.695,2.010859375,497299.8173977233,
8,7876,19411.999474,AB,1,0.1,1,1.0,18,8043.126,8043.126,124.32976929616669,2.0
8,7877,19432.846596,NB,1,0.1,1,1.0,2,116.707,116.707,8568.466330211555,
8,7878,19433.045286,MLP,64,0.5,34,0.53125,1,242.758,3.79309375,263637.03770833503,
8,7879,19433.365915,SGD,100,0.05,5,0.05,14,175.309,1.75309,570421.3702662156,
8,7880,19433.595962,RF,100,0.0,0,0.0,1,3608.983,36.08983,27708.637031540464,
8,7881,19437.249117,DT,1,0.5,1,1.0,15,94.125,94.125,10624.169986719788,19.0
8,7882,19437.56781,LoR,100,0.1,11,0.11,4,187.599,1.8759899999999998,533051.8819396693,
8,7883,19437.814049,RF,8,0.5,4,0.5,29,3213.191,401.648875,2489.736837928402,
8,7884,19441.074938,GB,32,0.0,0,0.0,5,283.705,8.86578125,112793.21830774925,
8,7885,19441.41014,GB,64,0.0,0,0.0,16,258.668,4.0416875,247421.4050443039,
8,7886,19441.734342,AB,32,0.05,1,0.03125,28,8165.842,255.1825625,3918.7630620332848,
8,7887,19449.947215,DT,16,0.01,0,0.0,22,82.575,5.1609375,193763.2455343627,
8,7888,19450.09012,RF,16,0.05,1,0.0625,11,3125.019,195.3136875,5119.968870589267,
8,7889,19453.259025,RF,1,0.5,0,0.0,2,2925.967,2925.967,341.76735417726854,7.03
8,7890,19469.415659,DT,1,0.1,0,0.0,5,93.085,93.085,10742.869420422196,7.0
8,7891,19469.74994,GB,8,0.0,0,0.0,19,265.19,33.14875,30167.050039594254,
8,7892,19470.072399,NB,64,0.0,0,0.0,26,149.846,2.34134375,427105.16129893356,
8,7893,19470.26509,LoR,1,0.01,0,0.0,27,178.193,178.193,5611.892723058706,
8,7894,19470.607354,LoR,1,0.0,0,0.0,0,149.421,149.421,6692.499715568762,
8,7895,19470.911231,RF,1,0.0,0,0.0,20,3060.432,3060.432,326.75125603182823,7.0
8,7896,19486.853533,NB,64,0.5,37,0.578125,3,139.548,2.1804375,458623.55605239776,
8,7897,19487.048368,SGD,100,1.0,100,1.0,29,199.295,1.9929499999999998,501768.73479013523,
8,7898,19487.328757,LoR,64,0.5,35,0.546875,7,162.853,2.544578125,392992.4533167949,
8,7899,19487.558621,MLP,64,0.05,3,0.046875,16,223.796,3.4968125,285974.72698350286,
8,7900,19487.841896,SGD,16,0.5,8,0.5,13,152.741,9.5463125,104752.48950838346,
8,7901,19488.04121,NB,64,1.0,64,1.0,7,128.378,2.00590625,498527.7851345247,
8,7902,19488.241127,MLP,100,0.05,6,0.06,1,226.562,2.26562,441380.28442545526,
8,7903,19488.510148,MLP,8,0.01,0,0.0,13,171.547,21.443375,46634.45003410144,
8,7904,19488.725093,GB,16,0.1,0,0.0,24,249.013,15.5633125,64253.673502989805,
8,7905,19489.015934,SGD,1,0.05,0,0.0,4,152.243,152.243,6568.4464967190615,
8,7906,19489.327629,SGD,16,0.01,0,0.0,26,150.145,9.3840625,106563.65513337107,
8,7907,19489.546523,RF,64,0.05,3,0.046875,0,3449.546,53.89915625,18553.16612678886,
8,7908,19493.040104,NB,8,1.0,8,1.0,23,122.704,15.338,65197.54857217369,
8,7909,19493.209138,NB,32,0.05,0,0.0,22,118.879,3.71496875,269181.2683484888,
8,7910,19493.381637,LoR,100,1.0,100,1.0,4,171.196,1.71196,584125.7973317134,
8,7911,19493.596327,LoR,32,0.0,0,0.0,13,153.695,4.80296875,208204.56098116402,
8,7912,19493.793279,LoR,16,0.01,0,0.0,16,148.346,9.271625,107855.95836760006,
8,7913,19493.99581,GB,100,0.0,0,0.0,2,278.226,2.78226,359420.03982374043,
8,7914,19494.339266,AB,32,0.05,2,0.0625,19,8137.619,254.30059375,3932.3541689528597,
8,7915,19502.550282,MLP,64,0.1,10,0.15625,6,211.66,3.3071875,302371.72824340925,
8,7916,19502.810016,SGD,32,0.01,0,0.0,12,155.693,4.86540625,205532.68290803052,
8,7917,19503.008235,RF,1,0.0,0,0.0,16,2967.034,2967.034,337.0369196982576,6.69
8,7918,19519.814432,DT,8,0.0,0,0.0,18,108.618,13.57725,73652.61742989192,
8,7919,19519.968824,SGD,8,1.0,8,1.0,5,192.844,24.1055,41484.30856028707,
8,7920,19520.228185,AB,8,0.1,1,0.125,25,8222.176,1027.772,972.9784426896239,
8,7921,19528.515231,SGD,8,1.0,8,1.0,25,179.829,22.478625,44486.70681591957,
8,7922,19528.737171,MLP,8,1.0,8,1.0,23,189.45,23.68125,42227.500659804704,
8,7923,19529.012923,MLP,100,0.01,1,0.01,17,227.123,2.27123,440290.06309356604,
8,7924,19529.290685,GB,64,0.0,0,0.0,23,294.747,4.605421875,217135.3737272983,
8,7925,19529.631254,DT,8,0.01,0,0.0,24,93.852,11.7315,85240.59156970549,
8,7926,19529.799669,DT,100,0.1,6,0.06,4,106.7,1.067,937207.1227741331,
8,7927,19529.978542,DT,100,0.1,15,0.15,21,99.362,0.99362,1006420.9657615589,
8,7928,19530.121183,DT,32,0.01,0,0.0,14,87.953,2.74853125,363830.6822962264,
8,7929,19530.26316,SGD,8,0.5,2,0.25,13,159.085,19.885625,50287.58211019266,
8,7930,19530.463437,DT,16,0.01,0,0.0,11,87.507,5.4691875,182842.51545590637,
8,7931,19530.596759,NB,64,0.0,0,0.0,16,136.616,2.134625,468466.35825964744,
8,7932,19530.789517,MLP,16,0.5,7,0.4375,22,185.118,11.569875,86431.35729642714,
8,7933,19531.018182,LoR,32,0.0,0,0.0,18,157.305,4.91578125,203426.46451161755,
8,7934,19531.221007,MLP,16,0.0,0,0.0,20,206.669,12.9168125,77418.4807590882,
8,7935,19531.502187,DT,100,0.05,9,0.09,17,100.953,1.00953,990559.9635473933,
8,7936,19531.662573,MLP,32,0.5,19,0.59375,29,188.582,5.8931875,169687.45691529414,
8,7937,19531.889504,DT,8,0.0,0,0.0,27,86.713,10.839125,92258.36956396389,
8,7938,19532.030635,LoR,8,0.5,3,0.375,12,151.379,18.922375,52847.4887533938,
8,7939,19532.252809,MLP,100,0.01,3,0.03,5,236.914,2.36914,422094.09321525955,
8,7940,19532.574948,DT,100,0.05,8,0.08,2,99.358,0.99358,1006461.4827190563,
8,7941,19532.71306,GB,1,0.01,0,0.0,5,222.89,222.89,4486.518013369824,4.0
8,7942,19545.984637,RF,16,0.0,0,0.0,12,3236.865,202.3040625,4943.054467826122,
8,7943,19549.265818,DT,1,1.0,1,1.0,28,96.427,96.427,10370.539371752724,27.0
8,7944,19549.594451,RF,100,0.5,48,0.48,11,4718.784,47.187839999999994,21191.900286175423,
8,7945,19554.396653,DT,100,0.1,11,0.11,13,110.098,1.10098,908281.7126559974,
8,7946,19554.564336,MLP,100,0.01,0,0.0,0,289.083,2.8908300000000002,345921.4135732644,
8,7947,19554.937486,LoR,32,0.1,2,0.0625,21,166.986,5.2183125,191632.83149485587,
8,7948,19555.143569,DT,8,0.0,0,0.0,29,109.82,13.7275,72846.47605172101,
8,7949,19555.306882,MLP,8,0.05,0,0.0,19,177.254,22.15675,45132.97302176538,
8,7950,19555.527212,AB,16,0.05,0,0.0,7,8053.021,503.3138125,1986.8320224174258,
8,7951,19563.625989,AB,16,0.01,0,0.0,13,7976.61,498.538125,2005.8646467609674,
8,7952,19571.674989,DT,64,0.05,4,0.0625,1,89.99,1.40609375,711190.1322369153,
8,7953,19571.826367,NB,32,0.1,4,0.125,0,125.796,3.931125,254380.1074755954,
8,7954,19572.011586,RF,32,0.05,2,0.0625,19,3396.225,106.13203125,9422.226148149784,
8,7955,19575.487066,NB,100,0.1,8,0.08,10,153.674,1.53674,650728.1648164296,
8,7956,19575.702623,LoR,32,0.05,5,0.15625,3,165.334,5.1666875,193547.60666287635,
8,7957,19575.910774,RF,8,0.0,0,0.0,9,3110.064,388.758,2572.2943322066685,
8,7958,19579.062571,GB,1,1.0,1,1.0,9,286.998,286.998,3484.3448386399905,4.0
8,7959,19591.831405,GB,100,0.0,0,0.0,3,273.447,2.73447,365701.580196528,
8,7960,19592.149934,DT,16,0.01,0,0.0,10,96.444,6.02775,165899.38202480195,
8,7961,19592.286589,AB,1,0.1,0,0.0,15,8147.931,8147.931,122.73054349625691,2.0
8,7962,19613.1617,RF,16,0.05,1,0.0625,26,3252.794,203.299625,4918.8482270933855,
8,7963,19616.469827,RF,64,0.0,0,0.0,6,3824.095,59.751484375,16735.98589993188,
8,7964,19620.382283,MLP,8,0.1,1,0.125,17,285.922,35.74025,27979.65878806108,
8,7965,19620.745399,LoR,64,0.01,1,0.015625,11,181.781,2.840328125,352071.998723739,
8,7966,19621.011272,NB,64,0.1,4,0.0625,6,139.821,2.184703125,457728.0952074438,
8,7967,19621.201072,GB,16,0.01,0,0.0,3,272.907,17.0566875,58628.030794373175,
8,7968,19621.516226,DT,1,0.01,0,0.0,16,92.538,92.538,10806.37143659902,7.0
8,7969,19621.817414,NB,8,0.01,0,0.0,0,143.981,17.997625,55562.886769782126,
8,7970,19622.034596,RF,100,0.01,3,0.03,20,3813.774,38.13774,26220.746169017882,
8,7971,19625.90837,MLP,100,0.0,0,0.0,28,257.27,2.5726999999999998,388696.6999650173,
8,7972,19626.227676,GB,16,0.5,8,0.5,0,253.749,15.8593125,63054.43568250515,
8,7973,19626.522517,RF,8,0.0,0,0.0,21,3050.584,381.323,2622.4486852353516,
8,7974,19629.652182,DT,100,0.1,12,0.12,25,112.022,1.12022,892681.7946474799,
8,7975,19629.804378,SGD,1,0.01,0,0.0,18,163.795,163.795,6105.192466192497,
8,7976,19630.155871,SGD,64,0.01,1,0.015625,20,162.956,2.5461875,392744.0536095633,
8,7977,19630.359356,RF,1,0.5,1,1.0,16,3018.29,3018.29,331.31342581395427,20.71
8,7978,19646.251509,GB,100,0.05,3,0.03,3,287.305,2.87305,348062.163902473,
8,7979,19646.584078,DT,32,1.0,32,1.0,28,102.868,3.214625,311078.27507096477,
8,7980,19646.73798,RF,64,0.01,0,0.0,15,3340.635,52.197421875,19158.034325809313,
8,7981,19650.123462,SGD,16,0.0,0,0.0,16,170.028,10.62675,94102.1478815254,
8,7982,19650.355308,LoR,8,0.1,1,0.125,17,154.778,19.34725,51686.93225135355,
8,7983,19650.550298,SGD,1,0.5,1,1.0,11,147.644,147.644,6773.048684673945,
8,7984,19650.874789,AB,32,0.05,2,0.0625,12,8118.716,253.709875,3941.5099629054644,
8,7985,19659.066012,NB,64,0.1,7,0.109375,10,132.691,2.073296875,482323.5939136791,
8,7986,19659.303516,DT,64,0.05,4,0.0625,9,101.548,1.5866875,630243.8255800213,
8,7987,19659.444151,MLP,1,0.01,0,0.0,5,175.584,175.584,5695.279752141425,
8,7988,19659.784193,GB,100,1.0,100,1.0,7,285.929,2.8592899999999997,349737.1725148551,
8,7989,19660.132445,SGD,8,0.05,1,0.125,13,162.935,20.366875,49099.3340902814,
8,7990,19660.369576,NB,100,0.5,61,0.61,29,143.844,1.43844,695197.5751508579,
8,7991,19660.552018,NB,1,0.05,0,0.0,19,101.518,101.518,9850.469867412676,
8,7992,19660.697689,GB,1,1.0,1,1.0,25,208.053,208.053,4806.467582779388,4.0
8,7993,19673.612069,MLP,100,0.5,47,0.47,3,239.222,2.39222,418021.7538520704,
8,7994,19673.893795,DT,1,0.5,0,0.0,24,88.853,88.853,11254.544022148943,7.0
8,7995,19674.168109,SGD,8,0.0,0,0.0,17,158.774,19.84675,50386.083363774924,
8,7996,19674.368777,GB,16,1.0,16,1.0,24,227.331,14.2081875,70381.95406697723,
8,7997,19674.666495,MLP,64,0.01,1,0.015625,19,215.228,3.3629375,297359.0796736484,
8,7998,19674.92212,GB,8,0.0,0,0.0,3,215.098,26.88725,37192.349533700915,
8,7999,19675.211129,SGD,100,0.1,10,0.1,22,208.663,2.08663,479241.64801617916,
8,8000,19675.463136,DT,32,1.0,32,1.0,11,100.902,3.1531875,317139.40258865035,
8,8001,19675.623185,SGD,16,0.1,1,0.0625,23,156.381,9.7738125,102314.21975815477,
8,8002,19675.817789,MLP,8,1.0,8,1.0,22,172.082,21.51025,46489.46432514732,
8,8003,19676.048924,RF,8,0.01,1,0.125,22,3021.4,377.675,2647.779175216787,
8,8004,19679.115071,DT,16,0.0,0,0.0,15,95.674,5.979625,167234.5673850785,
8,8005,19679.286164,DT,1,0.05,0,0.0,12,87.743,87.743,11396.920552066833,7.0
8,8006,19679.592851,SGD,64,0.5,37,0.578125,0,170.51,2.66421875,375344.5545715794,
8,8007,19679.811204,GB,32,0.0,0,0.0,4,231.302,7.2281875,138347.26893844412,
8,8008,19680.112232,RF,64,0.05,2,0.03125,20,3750.051,58.594546875,17066.434563156607,
8,8009,19683.930168,LoR,100,1.0,100,1.0,29,199.461,1.9946100000000002,501351.1413258732,
8,8010,19684.172685,RF,8,1.0,8,1.0,2,3303.71,412.96375,2421.520048672553,
8,8011,19687.528131,AB,32,0.01,0,0.0,23,8162.488,255.07775,3920.3732979454303,
8,8012,19695.77215,MLP,100,0.05,10,0.1,17,243.095,2.43095,411361.81328287296,
8,8013,19696.058444,SGD,1,0.01,0,0.0,6,152.895,152.895,6540.436247097681,
8,8014,19696.368573,MLP,1,0.0,0,0.0,25,160.839,160.839,6217.397521745348,
8,8015,19696.710962,RF,100,0.01,1,0.01,0,3862.315,38.62315,25891.207734221574,
8,8016,19700.617891,DT,1,0.01,0,0.0,8,94.312,94.312,10603.104589023666,7.0
8,8017,19700.920955,MLP,16,1.0,16,1.0,26,190.252,11.89075,84098.9845047621,
8,8018,19701.167823,RF,100,1.0,100,1.0,16,5224.574,52.24574,19140.31651192997,
8,8019,19706.439194,AB,16,0.0,0,0.0,13,8105.68,506.605,1973.9244579109957,
8,8020,19714.587983,DT,8,0.0,0,0.0,2,82.231,10.278875,97286.91126217607,
8,8021,19714.71746,MLP,16,0.01,0,0.0,5,184.835,11.5521875,86563.6919414613,
8,8022,19714.959179,SGD,100,0.0,0,0.0,9,166.916,1.66916,599103.7408037576,
8,8023,19715.16596,AB,8,1.0,8,1.0,28,7952.402,994.05025,1005.9853614040135,
8,8024,19723.164314,SGD,16,0.05,0,0.0,15,188.972,11.81075,84668.6281565523,
8,8025,19723.429832,LoR,100,0.1,13,0.13,1,163.531,1.63531,611504.8522910029,
8,8026,19723.650373,DT,100,0.01,0,0.0,23,101.3,1.013,987166.8311944719,
8,8027,19723.82398,DT,100,0.05,4,0.04,16,93.867,0.93867,1065337.1259335016,
8,8028,19723.954064,DT,1,1.0,1,1.0,6,82.038,82.038,12189.473170969552,25.0
8,8029,19724.230462,DT,8,0.0,0,0.0,3,87.927,10.990875,90984.56674286623,
8,8030,19724.355592,DT,1,1.0,1,1.0,15,81.615,81.615,12252.649635483675,20.0
8,8031,19724.641345,RF,16,0.5,9,0.5625,28,3386.185,211.6365625,4725.081470740672,
8,8032,19728.080184,LoR,64,1.0,64,1.0,14,175.004,2.7344375,365705.926721675,
8,8033,19728.310361,DT,100,1.0,100,1.0,17,119.09,1.1909,839701.0664203543,
8,8034,19728.504528,DT,100,0.5,55,0.55,24,106.982,1.06982,934736.6846759268,
8,8035,19728.663878,DT,100,1.0,100,1.0,13,107.915,1.07915,926655.2379187323,
8,8036,19728.81313,MLP,16,0.01,0,0.0,6,186.787,11.6741875,85659.06620910448,
8,8037,19729.044804,RF,16,1.0,16,1.0,20,3496.788,218.54925,4575.627690326093,
8,8038,19732.610396,AB,32,0.1,2,0.0625,14,8090.223,252.81946875,3955.391588093431,
8,8039,19740.766437,SGD,32,0.1,2,0.0625,8,156.359,4.88621875,204657.23111557376,
8,8040,19740.966055,RF,32,1.0,32,1.0,22,3782.161,118.19253125,8460.771500737277,
8,8041,19744.796048,NB,16,1.0,16,1.0,2,128.139,8.0086875,124864.40506013001,
8,8042,19744.998838,NB,100,0.1,13,0.13,21,139.911,1.39911,714740.0847681741,
8,8043,19745.198253,NB,32,0.5,15,0.46875,17,114.242,3.5700625,280107.14098142536,
8,8044,19745.369478,RF,32,0.05,3,0.09375,9,3218.092,100.565375,9943.780351835809,
8,8045,19748.631283,LoR,16,1.0,16,1.0,20,164.77,10.298125,97105.05553195362,
8,8046,19748.852026,DT,100,1.0,100,1.0,14,119.121,1.1912099999999999,839482.5429605192,
8,8047,19749.018111,NB,64,1.0,64,1.0,10,157.933,2.467703125,405235.13135316875,
8,8048,19749.248142,LoR,100,0.5,53,0.53,3,168.416,1.6841599999999999,593767.813034391,
8,8049,19749.456077,LoR,16,0.0,0,0.0,6,145.069,9.0668125,110292.34364336972,
8,8050,19749.660034,LoR,16,0.01,1,0.0625,15,144.985,9.0615625,110356.24374935337,
8,8051,19749.844041,GB,16,0.0,0,0.0,29,253.778,15.861125,63047.2302563658,
8,8052,19750.165199,AB,64,0.05,2,0.03125,10,8118.158,126.84621875,7883.561763641456,
8,8053,19758.339551,RF,100,1.0,100,1.0,2,5058.952,50.58952,19766.939872131617,
8,8054,19763.445808,AB,32,0.0,0,0.0,19,8046.949,251.46715625,3976.6624592749376,
8,8055,19771.535557,RF,1,0.01,0,0.0,18,2896.061,2896.061,345.29659423610207,8.77
8,8056,19787.585906,LoR,64,0.1,11,0.171875,18,198.088,3.095125,323088.72824199346,
8,8057,19787.848823,DT,32,0.1,3,0.09375,27,98.272,3.071,325626.831650928,
8,8058,19787.987192,RF,1,0.5,1,1.0,9,3128.748,3128.748,319.61666455719666,25.54
8,8059,19803.843876,AB,32,0.0,0,0.0,7,8018.047,250.56396875,3990.996810071081,
8,8060,19811.90481,MLP,1,0.05,0,0.0,19,181.976,181.976,5495.230140238274,
8,8061,19812.262729,RF,32,0.05,2,0.0625,26,3313.317,103.54115625,9657.995295952665,
8,8062,19815.649741,DT,64,0.05,2,0.03125,7,102.525,1.601953125,624237.9907339673,
8,8063,19815.825742,RF,100,0.1,14,0.14,7,3975.56,39.7556,25153.689040034613,
8,8064,19819.852957,RF,64,1.0,64,1.0,6,4442.003,69.406296875,14407.914627702863,
8,8065,19824.340739,SGD,8,0.1,0,0.0,29,173.836,21.7295,46020.38703145493,
8,8066,19824.553762,SGD,1,1.0,1,1.0,23,147.34,147.34,6787.023211619384,
8,8067,19824.878484,SGD,32,0.1,8,0.25,17,151.67,4.7396875,210984.37396980287,
8,8068,19825.090213,SGD,32,0.1,3,0.09375,14,149.332,4.666625,214287.6275681033,
8,8069,19825.310778,RF,100,0.05,3,0.03,24,4199.778,41.997780000000006,23810.782379449578,
8,8070,19829.636373,RF,32,0.01,1,0.03125,29,3636.614,113.6441875,8799.394161711965,
8,8071,19833.32624,MLP,32,0.01,0,0.0,17,240.93,7.5290625,132818.66102187356,
8,8072,19833.608931,AB,8,0.0,0,0.0,2,7966.019,995.752375,1004.2657442820561,
8,8073,19841.615953,SGD,1,1.0,1,1.0,21,156.985,156.985,6370.035353696212,
8,8074,19841.942883,NB,64,0.01,0,0.0,21,137.517,2.148703125,465397.005461143,
8,8075,19842.155055,NB,100,0.5,51,0.51,18,138.805,1.38805,720435.142826267,
8,8076,19842.364836,NB,100,0.01,2,0.02,10,135.827,1.35827,736230.6463368845,
8,8077,19842.577906,MLP,100,0.5,55,0.55,14,231.051,2.31051,432804.8785765913,
8,8078,19842.850276,LoR,1,0.5,1,1.0,27,151.422,151.422,6604.060176196325,
8,8079,19843.18243,AB,64,0.05,1,0.015625,4,8389.314,131.08303125,7628.75248202654,
8,8080,19851.612977,DT,1,1.0,1,1.0,16,81.898,81.898,12210.310386090016,33.0
8,8081,19851.899724,RF,16,0.0,0,0.0,24,3155.47,197.216875,5070.560011662288,
8,8082,19855.121472,LoR,16,0.05,1,0.0625,22,206.725,12.9203125,77397.50876768654,
8,8083,19855.371382,SGD,8,0.01,0,0.0,21,155.56,19.445,51427.10208279763,
8,8084,19855.586959,DT,16,0.5,9,0.5625,23,94.864,5.929,168662.50632484397,
8,8085,19855.721618,GB,16,0.0,0,0.0,15,260.935,16.3084375,61317.952746852665,
8,8086,19856.047495,NB,32,0.1,1,0.03125,26,124.847,3.90146875,256313.72800307578,
8,8087,19856.236579,DT,32,0.01,1,0.03125,17,97.67,3.0521875,327633.8691512235,
8,8088,19856.398728,RF,64,0.1,3,0.046875,20,3399.459,53.116546875,18826.525044132024,
8,8089,19859.870617,SGD,64,0.05,3,0.046875,26,175.513,2.742390625,364645.3539054087,
8,8090,19860.090181,GB,16,0.05,0,0.0,29,245.559,15.3474375,65157.4570673443,
8,8091,19860.410485,RF,100,0.1,9,0.09,0,3787.248,37.87248,26404.397071435513,
8,8092,19864.277597,DT,100,0.05,5,0.05,24,107.713,1.07713,928393.0444793109,
8,8093,19864.448016,DT,32,0.01,1,0.03125,16,91.553,2.86103125,349524.3192467751,
8,8094,19864.580897,RF,32,1.0,32,1.0,15,3928.607,122.76896875,8145.380792733913,
8,8095,19868.589892,GB,100,0.5,54,0.54,4,321.412,3.21412,311127.15144425223,
8,8096,19868.982161,AB,64,0.1,5,0.078125,6,8338.904,130.295375,7674.869503234478,
8,8097,19877.364861,NB,1,0.01,0,0.0,18,107.44,107.44,9307.520476545049,
8,8098,19877.544351,LoR,8,0.5,4,0.5,29,161.486,20.18575,49539.89819550921,
8,8099,19877.774388,LoR,64,0.5,32,0.5,28,158.532,2.4770625,403703.9840536926,
8,8100,19877.971426,RF,8,1.0,8,1.0,12,3208.219,401.027375,2493.595356177368,
8,8101,19881.224369,NB,1,0.5,1,1.0,10,113.702,113.702,8794.920054176708,
8,8102,19881.387897,RF,1,0.1,0,0.0,17,2978.906,2978.906,335.6937076900043,7.01
8,8103,19897.178405,MLP,32,1.0,32,1.0,13,212.566,6.6426875,150541.47888185317,
8,8104,19897.432543,AB,8,1.0,8,1.0,25,7961.369,995.171125,1004.852306180005,
8,8105,19905.437373,GB,1,0.05,0,0.0,3,219.435,219.435,4557.15815617381,4.0
8,8106,19918.137022,MLP,32,1.0,32,1.0,11,201.115,6.28484375,159112.94532978642,
8,8107,19918.418391,MLP,100,0.5,56,0.56,18,224.639,2.24639,445158.67681034905,
8,8108,19918.68277,GB,1,0.0,0,0.0,23,207.861,207.861,4810.907289005634,4.0
8,8109,19931.326572,AB,1,0.0,0,0.0,28,7665.06,7665.06,130.4621229318492,2.0
8,8110,19951.550395,GB,8,0.05,3,0.375,21,218.755,27.344375,36570.59267216749,
8,8111,19951.811157,SGD,16,1.0,16,1.0,19,161.107,10.0691875,99312.8790182922,
8,8112,19952.014037,AB,8,0.05,0,0.0,6,7796.849,974.606125,1026.0555257643184,
8,8113,19959.855018,DT,8,0.1,0,0.0,7,80.038,10.00475,99952.5225517879,
8,8114,19959.982236,MLP,64,0.0,0,0.0,28,203.858,3.18528125,313944.01985695923,
8,8115,19960.226437,LoR,8,0.0,0,0.0,16,146.803,18.350375,54494.799152605876,
8,8116,19960.432035,GB,8,0.05,1,0.125,10,210.057,26.257125,38084.90076503045,
8,8117,19960.68582,LoR,16,0.01,0,0.0,4,150.552,9.4095,106275.57255964717,
8,8118,19960.909348,LoR,100,0.05,3,0.03,8,157.492,1.5749199999999999,634952.886495822,
8,8119,19961.106902,SGD,8,0.01,0,0.0,23,143.503,17.937875,55747.96345720996,
8,8120,19961.302637,DT,100,0.0,0,0.0,19,94.458,0.94458,1058671.578902793,
8,8121,19961.461731,SGD,64,0.5,33,0.515625,16,156.418,2.44403125,409160.07109156233,
8,8122,19961.664524,GB,64,1.0,64,1.0,14,247.526,3.86759375,258558.69686416778,
8,8123,19961.986398,DT,100,0.1,12,0.12,23,103.258,1.03258,968447.965290825,
8,8124,19962.135826,RF,64,1.0,64,1.0,14,4673.055,73.016484375,13695.537501698567,
8,8125,19966.87724,DT,32,0.5,13,0.40625,21,102.808,3.21275,311259.8241381993,
8,8126,19967.038274,AB,16,0.5,8,0.5,18,7943.37,496.460625,2014.2584318746326,
8,8127,19975.043953,NB,8,0.1,1,0.125,22,112.657,14.082125,71012.00990617539,
8,8128,19975.218544,GB,16,0.1,1,0.0625,27,254.741,15.9213125,62808.89216890881,
8,8129,19975.540981,DT,64,0.5,35,0.546875,8,102.193,1.596765625,626265.9869071267,
8,8130,19975.706838,SGD,64,0.1,3,0.046875,9,171.999,2.687484375,372095.1865999221,
8,8131,19975.92083,AB,32,1.0,32,1.0,22,8408.946,262.7795625,3805.4709829269923,
8,8132,19984.394586,NB,16,0.05,0,0.0,13,128.248,8.0155,124758.28083089016,
8,8133,19984.593801,GB,32,0.1,3,0.09375,18,287.625,8.98828125,111255.97566275533,
8,8134,19984.966174,NB,100,0.1,12,0.12,27,159.345,1.59345,627569.1110483542,
8,8135,19985.166978,DT,1,0.05,0,0.0,28,109.255,109.255,9152.899180815524,7.0
8,8136,19985.489887,SGD,1,0.0,0,0.0,13,177.391,177.391,5637.26457373824,
8,8137,19985.864046,AB,100,0.5,54,0.54,18,8443.493,84.43493000000001,11843.439675972964,
8,8138,19994.351819,RF,1,0.0,0,0.0,2,3648.158,3648.158,274.1109348882368,7.0
8,8139,20011.458081,RF,1,0.0,0,0.0,4,2991.034,2991.034,334.3325418567626,7.0
8,8140,20027.115121,NB,100,0.05,6,0.06,4,198.954,1.98954,502628.74835389084,
8,8141,20027.373619,GB,16,0.1,2,0.125,0,264.454,16.528375,60502.01547339046,
8,8142,20027.710619,RF,100,0.5,47,0.47,3,4587.214,45.87214,21799.724189889548,
8,8143,20032.371035,DT,64,0.5,36,0.5625,7,111.435,1.741171875,574325.8401758872,
8,8144,20032.520895,GB,8,1.0,8,1.0,11,235.746,29.46825,33934.82816251389,
8,8145,20032.802909,GB,32,0.05,0,0.0,27,227.944,7.12325,140385.35780718073,
8,8146,20033.06958,AB,1,1.0,1,1.0,21,7779.664,7779.664,128.54025572312634,2.0
8,8147,20053.571408,GB,64,0.05,4,0.0625,21,256.145,4.002265625,249858.47859610769,
8,8148,20053.87853,LoR,64,1.0,64,1.0,0,185.687,2.901359375,344666.0240081427,
8,8149,20054.140544,DT,100,0.1,12,0.12,9,103.953,1.03953,961973.1994266639,
8,8150,20054.305595,MLP,32,0.5,17,0.53125,27,210.573,6.58040625,151966.30147264843,
8,8151,20054.55703,MLP,1,0.5,1,1.0,3,164.601,164.601,6075.297233917169,
8,8152,20054.880336,NB,16,0.05,0,0.0,2,116.84,7.3025,136939.40431359122,
8,8153,20055.036998,GB,1,0.5,0,0.0,7,232.243,232.243,4305.8348367873305,4.0
8,8154,20068.201347,NB,16,0.5,5,0.3125,22,137.813,8.6133125,116099.35202049154,
8,8155,20068.380599,DT,1,0.1,0,0.0,0,95.082,95.082,10517.237752676638,7.0
8,8156,20068.666604,AB,32,1.0,32,1.0,18,8179.956,255.623625,3912.0014826485617,
8,8157,20076.889955,RF,8,1.0,8,1.0,9,3427.632,428.454,2333.9728418920117,
8,8158,20080.362913,GB,1,0.05,0,0.0,1,256.276,256.276,3902.0431097722767,4.0
8,8159,20093.093733,SGD,32,0.05,0,0.0,15,183.484,5.733875,174402.127705958,
8,8160,20093.338458,DT,100,1.0,100,1.0,11,121.034,1.21034,826214.1216517673,
8,8161,20093.523746,MLP,32,0.01,1,0.03125,13,209.78,6.555625,152540.75698350652,
8,8162,20093.798166,LoR,32,0.5,21,0.65625,18,157.695,4.92796875,202923.36472304133,
8,8163,20093.995496,SGD,8,1.0,8,1.0,22,149.252,18.6565,53600.6217672125,
8,8164,20094.18534,GB,1,0.05,0,0.0,9,208.558,208.558,4794.82925613019,4.0
8,8165,20107.350746,GB,64,0.5,32,0.5,19,297.181,4.643453125,215356.97100420285,
8,8166,20107.700265,SGD,64,1.0,64,1.0,26,187.172,2.9245625,341931.4854785972,
8,8167,20107.971192,AB,100,0.01,1,0.01,14,8635.531,86.35531,11580.063808467596,
8,8168,20116.651047,DT,1,0.01,0,0.0,14,81.917,81.917,12207.478301207319,28.0
8,8169,20116.915689,GB,1,0.0,0,0.0,7,212.723,212.723,4700.9491216276565,4.0
8,8170,20129.563917,RF,1,0.1,0,0.0,10,3062.452,3062.452,326.5357301926691,7.01
8,8171,20145.294113,MLP,32,0.1,4,0.125,25,215.565,6.73640625,148447.10412172662,
8,8172,20145.579148,SGD,64,0.5,28,0.4375,1,165.486,2.58571875,386739.6637782048,
8,8173,20145.786206,LoR,8,0.01,0,0.0,3,151.159,18.894875,52924.40410428754,
8,8174,20145.976133,MLP,1,1.0,1,1.0,9,163.292,163.292,6123.998726208265,
8,8175,20146.321068,RF,16,0.1,2,0.125,0,3171.164,198.19775,5045.465955087784,
8,8176,20149.536567,LoR,1,0.01,0,0.0,18,165.268,165.268,6050.778130067527,
8,8177,20149.875282,LoR,16,0.01,1,0.0625,3,153.819,9.6136875,104018.35924040595,
8,8178,20150.084337,NB,100,0.0,0,0.0,21,148.42,1.4842,673763.6437137852,
8,8179,20150.279486,GB,64,1.0,64,1.0,11,268.342,4.19284375,238501.61361247962,
8,8180,20150.590571,DT,1,0.1,0,0.0,23,91.61,91.61,10915.838882218099,7.0
8,8181,20150.883153,LoR,64,0.01,0,0.0,13,167.713,2.620515625,381604.28827818955,
8,8182,20151.112427,AB,16,0.5,4,0.25,29,8029.621,501.8513125,1992.622067716521,
8,8183,20159.185422,NB,1,0.01,0,0.0,9,142.131,142.131,7035.762782222035,
8,8184,20159.394844,SGD,8,0.1,3,0.375,18,154.174,19.27175,51889.42363822694,
8,8185,20159.615836,LoR,64,0.5,30,0.46875,20,183.715,2.870546875,348365.67509457585,
8,8186,20159.84027,LoR,8,0.0,0,0.0,24,157.084,19.6355,50928.16582210791,
8,8187,20160.059961,LoR,8,0.01,1,0.125,7,151.211,18.901375,52906.20391373643,
8,8188,20160.28397,LoR,100,0.1,9,0.09,14,161.4,1.614,619578.6864931847,
8,8189,20160.485424,DT,16,0.0,0,0.0,26,91.313,5.7070625,175221.49091586084,
8,8190,20160.629939,NB,100,1.0,100,1.0,7,139.935,1.39935,714617.5009825991,
8,8191,20160.811538,SGD,32,1.0,32,1.0,17,156.304,4.8845,204729.24557273005,
8,8192,20161.010966,SGD,32,0.0,0,0.0,10,150.716,4.709875,212319.85986889247,
8,8193,20161.234545,SGD,100,0.05,6,0.06,26,160.192,1.60192,624250.8989212944,
8,8194,20161.435292,MLP,1,0.01,0,0.0,25,160.638,160.638,6225.177106288674,
8,8195,20161.772282,DT,16,0.05,3,0.1875,0,90.476,5.65475,176842.47756311067,
8,8196,20161.915433,MLP,100,1.0,100,1.0,24,224.967,2.24967,444509.6391915258,
8,8197,20162.18593,GB,8,0.01,0,0.0,23,219.993,27.499125,36364.79342524535,
8,8198,20162.447631,AB,16,1.0,16,1.0,17,8015.646,500.977875,1996.0961349840052,
8,8199,20170.50622,NB,1,0.05,0,0.0,22,104.502,104.502,9569.194847945495,
8,8200,20170.659614,AB,1,0.01,0,0.0,9,7750.474,7750.474,129.02436676776156,2.0
8,8201,20191.090471,NB,16,0.5,7,0.4375,10,119.144,7.4465,134291.27778150808,
8,8202,20191.256797,DT,32,1.0,32,1.0,2,101.551,3.17346875,315112.6035194139,
8,8203,20191.43047,NB,100,0.05,8,0.08,11,142.277,1.4227699999999999,702854.2912768754,
8,8204,20191.615513,NB,32,0.05,0,0.0,15,116.328,3.63525,275084.2445498934,
8,8205,20191.768853,DT,8,1.0,8,1.0,2,91.662,11.45775,87277.17047413322,
8,8206,20191.924179,SGD,64,0.1,5,0.078125,10,166.633,2.603640625,384077.5836719017,
8,8207,20192.134067,SGD,1,0.01,0,0.0,2,148.432,148.432,6737.091732241027,
8,8208,20192.428776,NB,1,1.0,1,1.0,18,100.985,100.985,9902.460761499233,
8,8209,20192.576387,MLP,1,0.1,0,0.0,15,164.766,164.766,6069.213308570944,
8,8210,20192.926046,GB,100,0.05,4,0.04,14,273.781,2.73781,365255.44139293814,
8,8211,20193.269349,SGD,64,0.1,8,0.125,6,169.666,2.65103125,377211.69827779284,
8,8212,20193.496789,AB,8,0.05,1,0.125,0,7908.588,988.5735,1011.5585740463406,
8,8213,20201.445806,GB,1,1.0,1,1.0,17,202.424,202.424,4940.125676797217,4.0
8,8214,20214.123787,NB,16,0.0,0,0.0,6,119.387,7.4616875,134017.94165193866,
8,8215,20214.283904,GB,1,0.5,0,0.0,1,207.039,207.039,4830.007872912834,4.0
8,8216,20226.910587,AB,32,0.0,0,0.0,28,8073.418,252.2943125,3963.624824083183,
8,8217,20235.062889,MLP,100,0.5,63,0.63,16,236.034,2.36034,423667.7766762416,
8,8218,20235.365993,DT,32,0.01,1,0.03125,8,92.648,2.89525,345393.316639323,
8,8219,20235.498133,GB,16,1.0,16,1.0,5,220.155,13.7596875,72676.06913311077,
8,8220,20235.778285,LoR,16,0.5,10,0.625,11,156.188,9.76175,102440.64844930469,
8,8221,20235.989096,DT,100,0.0,0,0.0,1,95.642,0.9564199999999999,1045565.7556303716,
8,8222,20236.143486,LoR,16,0.05,1,0.0625,3,152.741,9.5463125,104752.48950838346,
8,8223,20236.356708,NB,32,0.1,3,0.09375,8,119.385,3.73078125,268040.3735812707,
8,8224,20236.513889,DT,1,0.5,1,1.0,25,87.181,87.181,11470.389190305228,30.0
8,8225,20236.785751,GB,8,1.0,8,1.0,13,214.879,26.859875,37230.25516686135,
8,8226,20237.04957,NB,64,0.0,0,0.0,21,132.647,2.072609375,482483.58424992656,
8,8227,20237.227746,AB,32,1.0,32,1.0,28,8484.552,265.14225,3771.560360523455,
8,8228,20245.80705,LoR,100,0.1,9,0.09,22,181.158,1.81158,552004.3277139293,
8,8229,20246.047604,DT,8,0.5,4,0.5,7,88.841,11.105125,90048.5136367218,
8,8230,20246.175313,NB,8,0.1,0,0.0,8,113.659,14.207375,70385.97911296069,
8,8231,20246.34088,NB,100,0.0,0,0.0,5,134.527,1.34527,743345.2020783933,
8,8232,20246.515273,MLP,16,0.05,0,0.0,29,191.574,11.973375,83518.64031653565,
8,8233,20246.749273,DT,16,0.01,0,0.0,27,88.232,5.5145,181340.1033638589,
8,8234,20246.874359,LoR,1,0.0,0,0.0,13,144.865,144.865,6902.978635281123,
8,8235,20247.183365,LoR,16,0.1,0,0.0,16,199.92,12.495,80032.01280512205,
8,8236,20247.431136,GB,64,0.0,0,0.0,19,269.409,4.209515625,237557.02296508284,
8,8237,20247.774709,RF,64,0.05,3,0.046875,10,3487.104,54.486,18353.338472268108,
8,8238,20251.331479,AB,1,0.1,0,0.0,5,7687.066,7687.066,130.08864500447896,2.0
8,8239,20271.781097,RF,16,0.05,1,0.0625,25,3071.497,191.9685625,5209.1862697570605,
8,8240,20274.899783,SGD,32,1.0,32,1.0,25,170.502,5.3281875,187681.08291984844,
8,8241,20275.114077,DT,16,0.05,0,0.0,25,88.903,5.5564375,179971.4295355612,
8,8242,20275.315083,MLP,32,0.5,19,0.59375,3,200.913,6.27853125,159272.91912419803,
8,8243,20275.575568,SGD,16,0.01,1,0.0625,4,152.828,9.55175,104692.85732980867,
8,8244,20275.774765,RF,64,0.0,0,0.0,8,3316.644,51.8225625,19296.61428841926,
8,8245,20279.158204,DT,32,0.01,1,0.03125,27,148.341,4.63565625,215719.18754760988,
8,8246,20279.361125,NB,100,1.0,100,1.0,21,145.6,1.456,686813.1868131869,
8,8247,20279.550114,MLP,16,1.0,16,1.0,27,186.383,11.6489375,85844.73905881973,
8,8248,20279.784743,RF,64,0.0,0,0.0,4,3197.502,49.96096875,20015.624697029118,
8,8249,20283.028728,MLP,32,0.0,0,0.0,12,222.046,6.9389375,144114.28262612253,
8,8250,20283.35577,DT,100,0.1,9,0.09,12,101.978,1.01978,980603.6596128577,
8,8251,20283.497054,DT,1,0.1,0,0.0,29,84.431,84.431,11843.990951190914,7.0
8,8252,20283.765398,RF,1,1.0,1,1.0,12,2886.289,2886.289,346.4656519149676,17.77
8,8253,20299.134446,NB,1,0.01,0,0.0,2,128.63,128.63,7774.236181295188,
8,8254,20299.346366,SGD,32,0.01,1,0.03125,27,160.263,5.00821875,199671.7894960159,
8,8255,20299.546424,RF,1,0.1,0,0.0,3,2933.452,2933.452,340.89530014467596,7.0
8,8256,20315.220044,LoR,8,0.01,1,0.125,16,205.637,25.704625,38903.50471948142,
8,8257,20315.483328,GB,8,0.5,5,0.625,17,243.95,30.49375,32793.60524697684,
8,8258,20315.784467,GB,100,0.01,0,0.0,6,266.22,2.6622000000000003,375629.17887461494,
8,8259,20316.108643,MLP,8,0.5,5,0.625,24,182.814,22.85175,43760.32470160929,
8,8260,20316.331568,GB,1,0.5,0,0.0,13,203.386,203.386,4916.759265632836,4.0
8,8261,20328.85402,SGD,64,0.5,36,0.5625,5,166.009,2.593890625,385521.26691926346,
8,8262,20329.060818,SGD,16,1.0,16,1.0,23,148.858,9.303625,107484.98569106127,
8,8263,20329.246905,DT,1,0.0,0,0.0,20,83.957,83.957,11910.859130269067,7.0
8,8264,20329.528651,MLP,8,0.05,2,0.25,6,177.839,22.229875,44984.50845989912,
8,8265,20329.773296,GB,64,0.5,32,0.5,8,260.111,4.064234375,246048.8022421197,
8,8266,20330.075321,LoR,1,0.01,0,0.0,10,152.61,152.61,6552.65054714632,
8,8267,20330.387773,RF,32,0.0,0,0.0,6,3077.165,96.16140625,10399.182364286607,
8,8268,20333.531246,SGD,32,0.5,16,0.5,9,167.935,5.24796875,190549.9151457409,
8,8269,20333.74329,DT,32,1.0,32,1.0,23,99.104,3.097,322893.1223764934,
8,8270,20333.914694,DT,100,0.5,57,0.57,5,107.311,1.07311,931870.9172405438,
8,8271,20334.080234,LoR,32,0.5,14,0.4375,22,157.204,4.912625,203557.16139538432,
8,8272,20334.302357,GB,64,0.05,3,0.046875,24,241.02,3.7659375,265538.1296157995,
8,8273,20334.584052,RF,1,0.1,0,0.0,11,2897.821,2897.821,345.08687734680643,6.91
8,8274,20350.000391,GB,16,0.0,0,0.0,4,219.121,13.6950625,73019.01689021134,
8,8275,20350.274298,RF,100,0.0,0,0.0,18,3606.207,36.06207,27729.966693537004,
8,8276,20353.94599,RF,16,0.01,1,0.0625,8,3095.235,193.4521875,5169.235938466708,
8,8277,20357.08587,RF,8,0.01,0,0.0,8,2942.779,367.847375,2718.51878785325,
8,8278,20360.073383,SGD,8,0.01,0,0.0,2,165.974,20.74675,48200.32053213154,
8,8279,20360.303165,SGD,32,0.5,15,0.46875,8,156.271,4.88346875,204772.478578879,
8,8280,20360.517945,GB,8,0.1,1,0.125,0,215.433,26.929125,37134.51513927764,
8,8281,20360.774445,SGD,1,0.01,0,0.0,7,151.551,151.551,6598.438809377702,
8,8282,20361.082429,SGD,8,0.01,0,0.0,22,144.517,18.064625,55356.809233515785,
8,8283,20361.269301,LoR,16,0.01,0,0.0,5,143.465,8.9665625,111525.45917122642,
8,8284,20361.451978,LoR,1,0.05,0,0.0,3,137.751,137.751,7259.475430305406,
8,8285,20361.768632,RF,100,0.5,51,0.51,22,5002.964,50.02964,19988.15102407293,
8,8286,20366.851156,MLP,8,0.0,0,0.0,14,263.808,32.976,30325.08491023775,
8,8287,20367.184968,GB,16,0.5,11,0.6875,26,307.589,19.2243125,52017.46486382803,
8,8288,20367.5464,SGD,64,1.0,64,1.0,5,176.409,2.756390625,362793.28152191784,
8,8289,20367.787531,SGD,32,0.5,13,0.40625,21,158.053,4.93915625,202463.73052077467,
8,8290,20368.006611,NB,32,0.5,16,0.5,12,128.216,4.00675,249578.83571473137,
8,8291,20368.199346,RF,64,0.05,2,0.03125,14,3670.342,57.34909375,17437.067172486924,
8,8292,20371.912981,AB,8,0.0,0,0.0,29,7875.418,984.42725,1015.8190968403202,
8,8293,20379.831919,LoR,1,0.1,0,0.0,10,150.886,150.886,6627.520114523548,
8,8294,20380.171482,LoR,64,0.5,34,0.53125,15,181.051,2.828921875,353491.5576274089,
8,8295,20380.390052,GB,1,0.0,0,0.0,11,222.341,222.341,4497.596034919336,4.0
8,8296,20393.031445,DT,64,0.1,7,0.109375,12,100.739,1.574046875,635305.0953453975,
8,8297,20393.206176,LoR,100,0.05,4,0.04,13,167.743,1.67743,596150.0628938316,
8,8298,20393.411442,AB,1,1.0,1,1.0,18,7697.27,7697.27,129.91619106514386,2.0
8,8299,20413.57193,MLP,16,0.05,2,0.125,26,194.365,12.1478125,82319.34761917012,
8,8300,20413.809962,AB,16,0.05,0,0.0,28,8158.007,509.8754375,1961.2633330665199,
8,8301,20422.025163,DT,32,0.0,0,0.0,26,88.195,2.75609375,362832.3601111174,
8,8302,20422.186331,MLP,64,0.5,30,0.46875,8,238.964,3.7338125,267822.7682830887,
8,8303,20422.469645,NB,1,0.01,0,0.0,16,115.354,115.354,8668.966832532898,
8,8304,20422.643959,NB,32,0.01,0,0.0,19,119.92,3.7475,266844.563042028,
8,8305,20422.823544,RF,16,0.5,8,0.5,17,3531.173,220.6983125,4531.072252761335,
8,8306,20426.445809,MLP,100,0.5,47,0.47,21,274.819,2.74819,363875.86011156434,
8,8307,20426.792495,MLP,32,0.1,1,0.03125,24,217.442,6.7950625,147165.68096319938,
8,8308,20427.083831,NB,100,0.1,6,0.06,12,181.054,1.81054,552321.4068730876,
8,8309,20427.315655,NB,8,1.0,8,1.0,25,107.159,13.394875,74655.41858360007,
8,8310,20427.47393,GB,100,1.0,100,1.0,5,325.758,3.25758,306976.3444029003,
8,8311,20427.841643,AB,1,0.05,0,0.0,24,7655.147,7655.147,130.63106430222697,2.0
8,8312,20448.153695,MLP,8,0.5,5,0.625,7,181.585,22.698125,44056.5024644106,
8,8313,20448.374564,DT,1,0.0,0,0.0,6,86.192,86.192,11602.00482643401,7.0
8,8314,20448.652819,MLP,64,1.0,64,1.0,20,203.919,3.186234375,313850.1071503881,
8,8315,20448.926285,AB,64,0.01,2,0.03125,12,8148.013,127.312703125,7854.675735053442,
8,8316,20457.116989,DT,16,1.0,16,1.0,1,90.514,5.657125,176768.23474821576,
8,8317,20457.247563,MLP,16,1.0,16,1.0,21,173.929,10.8705625,91991.5597743907,
8,8318,20457.46592,NB,32,1.0,32,1.0,0,115.088,3.5965,278048.10232170165,
8,8319,20457.618705,DT,8,0.0,0,0.0,20,86.318,10.78975,92680.55330290322,
8,8320,20457.748763,MLP,32,0.01,0,0.0,5,182.304,5.697,175530.981218185,
8,8321,20457.99365,MLP,32,0.1,3,0.09375,2,178.428,5.575875,179344.04914026946,
8,8322,20458.238319,MLP,64,0.5,27,0.421875,20,193.045,3.016328125,331528.91812789766,
8,8323,20458.47016,LoR,8,1.0,8,1.0,16,147.027,18.378375,54411.774708046825,
8,8324,20458.689849,SGD,100,0.05,7,0.07,22,161.284,1.6128399999999998,620024.3049527542,
8,8325,20458.923073,MLP,100,0.01,1,0.01,28,225.907,2.25907,442660.0326683104,
8,8326,20459.189773,MLP,8,0.05,0,0.0,0,167.924,20.9905,47640.59931873943,
8,8327,20459.406693,RF,8,0.05,0,0.0,4,3063.453,382.931625,2611.432262874606,
8,8328,20462.533728,SGD,16,0.05,2,0.125,22,163.832,10.2395,97661.01860442405,
8,8329,20462.759247,GB,32,0.1,2,0.0625,19,254.785,7.96203125,125596.09082167318,
8,8330,20463.05339,AB,1,0.0,0,0.0,24,7988.163,7988.163,125.18522719178365,2.0
8,8331,20483.909836,LoR,64,0.5,30,0.46875,10,187.33,2.92703125,341643.08973469277,
8,8332,20484.147212,MLP,64,0.0,0,0.0,1,217.741,3.402203125,293927.1887242182,
8,8333,20484.429228,RF,32,0.01,1,0.03125,13,3233.62,101.050625,9896.029836529957,
8,8334,20487.735979,AB,64,0.1,7,0.109375,19,8182.696,127.854625,7821.383074722561,
8,8335,20495.984983,LoR,32,0.01,1,0.03125,19,158.085,4.94015625,202422.7472562229,
8,8336,20496.212164,DT,64,0.01,1,0.015625,29,95.647,1.494484375,669127.102784196,
8,8337,20496.347883,SGD,8,0.1,0,0.0,19,151.592,18.949,52773.2334160114,
8,8338,20496.536349,SGD,1,1.0,1,1.0,17,143.118,143.118,6987.241297390964,
8,8339,20496.832697,DT,1,0.5,1,1.0,9,83.645,83.645,11955.287225775599,26.0
8,8340,20497.109318,GB,32,0.1,0,0.0,4,262.905,8.21578125,121716.97000817787,
8,8341,20497.430869,GB,100,0.01,0,0.0,24,266.921,2.66921,374642.68453962036,
8,8342,20497.740367,MLP,8,0.01,0,0.0,0,184.109,23.013625,43452.519974580275,
8,8343,20497.977433,LoR,64,0.01,0,0.0,29,157.743,2.464734375,405723.23336059286,
8,8344,20498.196978,LoR,32,0.5,21,0.65625,11,148.538,4.6418125,215433.08782937698,
8,8345,20498.38578,AB,8,0.1,0,0.0,3,7824.478,978.05975,1022.4324229680242,
8,8346,20506.257915,NB,32,0.1,0,0.0,6,121.981,3.81190625,262335.9375640469,
8,8347,20506.430813,LoR,64,0.0,0,0.0,10,156.653,2.447703125,408546.2774412236,
8,8348,20506.644718,NB,8,0.5,3,0.375,24,106.171,13.271375,75350.14269433272,
8,8349,20506.791308,DT,16,0.01,0,0.0,24,87.467,5.4666875,182926.1321412647,
8,8350,20506.91862,LoR,16,0.01,0,0.0,14,148.589,9.2868125,107679.57251209713,
8,8351,20507.10525,RF,8,0.0,0,0.0,4,3026.021,378.252625,2643.7357837239065,
8,8352,20510.174797,AB,1,0.01,0,0.0,16,8429.437,8429.437,118.63188490524338,2.0
8,8353,20531.711065,AB,32,1.0,32,1.0,24,8164.451,255.13909375,3919.430712487588,
8,8354,20539.957469,RF,64,0.05,3,0.046875,16,3943.795,61.621796875,16228.024022546811,
8,8355,20543.992113,AB,32,0.05,3,0.09375,24,8433.584,263.5495,3794.353622374544,
8,8356,20552.528247,DT,100,0.1,10,0.1,17,109.84,1.0984,910415.1493080845,
8,8357,20552.700345,LoR,16,0.5,6,0.375,3,184.389,11.5243125,86773.07214638617,
8,8358,20552.956019,LoR,64,0.05,4,0.0625,2,162.5,2.5390625,393846.1538461539,
8,8359,20553.157945,GB,8,0.0,0,0.0,24,263.124,32.8905,30403.91602438394,
8,8360,20553.462572,LoR,8,1.0,8,1.0,0,157.982,19.74775,50638.68035598992,
8,8361,20553.696198,MLP,100,0.05,6,0.06,19,247.046,2.47046,404782.914922727,
8,8362,20554.018958,MLP,100,0.1,11,0.11,3,226.402,2.26402,441692.21119954775,
8,8363,20554.289437,SGD,32,0.0,0,0.0,4,160.944,5.0295,198826.92116512576,
8,8364,20554.509019,MLP,8,0.5,2,0.25,13,173.305,21.663125,46161.391765961744,
8,8365,20554.758171,NB,100,0.5,59,0.59,24,150.682,1.5068199999999998,663649.2746313429,
8,8366,20554.956783,GB,64,0.0,0,0.0,3,299.988,4.6873125,213341.86700801365,
8,8367,20555.302792,RF,16,0.05,0,0.0,0,3292.519,205.7824375,4859.501190425933,
8,8368,20558.642228,GB,16,0.01,0,0.0,15,236.748,14.79675,67582.40829911974,
8,8369,20558.929999,MLP,64,1.0,64,1.0,13,218.743,3.417859375,292580.7911567456,
8,8370,20559.245585,SGD,100,0.01,1,0.01,25,184.308,1.8430799999999998,542570.0457929119,
8,8371,20559.489995,AB,16,0.1,1,0.0625,13,8107.955,506.7471875,1973.3705971481095,
8,8372,20567.669851,DT,64,0.5,31,0.484375,11,99.176,1.549625,645317.4155037509,
8,8373,20567.831158,SGD,32,0.05,3,0.09375,13,158.947,4.96709375,201324.96995853964,
8,8374,20568.032803,AB,16,0.1,0,0.0,24,8040.838,502.552375,1989.8423522523399,
8,8375,20576.142101,SGD,16,0.05,1,0.0625,8,155.766,9.735375,102718.17983385336,
8,8376,20576.361781,NB,32,0.05,2,0.0625,21,120.305,3.75953125,265990.607206683,
8,8377,20576.520464,DT,8,0.0,0,0.0,13,88.556,11.0695,90338.31699715434,
8,8378,20576.646845,AB,8,0.0,0,0.0,25,7977.392,997.174,1002.8340089091773,
8,8379,20584.667464,SGD,16,1.0,16,1.0,24,152.888,9.5555,104651.77123122808,
8,8380,20584.863018,DT,16,1.0,16,1.0,29,91.295,5.7059375,175256.0381181883,
8,8381,20584.996698,RF,32,1.0,32,1.0,3,4030.259,125.94559375,7939.9363663724835,
8,8382,20589.072101,SGD,1,0.5,1,1.0,24,165.269,165.269,6050.741518373076,
8,8383,20589.419042,MLP,8,0.5,6,0.75,12,180.943,22.617875,44212.818401375014,
8,8384,20589.664285,AB,32,0.5,16,0.5,12,8072.748,252.273375,3963.9537862447833,
8,8385,20597.811904,DT,100,1.0,100,1.0,22,209.628,2.0962799999999997,477035.5105234034,
8,8386,20598.100705,GB,8,0.1,0,0.0,24,330.053,41.256625,24238.53138738324,
8,8387,20598.524713,MLP,32,0.05,7,0.21875,26,236.614,7.3941875,135241.3635710482,
8,8388,20598.822913,SGD,16,0.1,2,0.125,6,160.341,10.0213125,99787.328256653,
8,8389,20599.058182,AB,100,0.5,49,0.49,7,8607.749,86.07749,11617.439123747685,
8,8390,20607.71681,GB,64,0.0,0,0.0,2,264.403,4.131296875,242054.742192789,
8,8391,20608.047416,SGD,32,0.5,12,0.375,3,167.324,5.228875,191245.7268532906,
8,8392,20608.287803,RF,100,0.5,64,0.64,15,4921.763,49.21763,20317.92266307825,
8,8393,20613.261344,NB,32,0.01,0,0.0,28,137.802,4.3063125,232217.23922729716,
8,8394,20613.448923,SGD,64,1.0,64,1.0,0,172.887,2.701359375,370183.9930127771,
8,8395,20613.664531,NB,8,0.05,0,0.0,10,123.958,15.49475,64537.988673582986,
8,8396,20613.838323,NB,1,1.0,1,1.0,5,99.711,99.711,10028.983763075288,
8,8397,20614.024131,MLP,64,0.1,10,0.15625,9,222.075,3.469921875,288190.92648879887,
8,8398,20614.314647,AB,64,0.5,29,0.453125,21,8528.982,133.26534375,7503.826365209822,
8,8399,20622.905896,NB,64,0.0,0,0.0,17,140.766,2.19946875,454655.24345367495,
8,8400,20623.091373,RF,8,0.01,0,0.0,19,3192.114,399.01425,2506.1761578690484,
8,8401,20626.337596,GB,64,0.0,0,0.0,25,302.092,4.7201875,211855.9908901924,
8,8402,20626.684448,NB,8,0.01,0,0.0,4,118.365,14.795625,67587.54699446628,
8,8403,20626.876784,AB,100,0.5,46,0.46,13,8635.516,86.35516,11580.08392318421,
8,8404,20635.556783,SGD,16,1.0,16,1.0,18,166.56,10.41,96061.47934678194,
8,8405,20635.766009,NB,1,0.5,1,1.0,12,101.091,101.091,9892.077435182164,
8,8406,20635.944858,GB,64,0.01,2,0.03125,27,272.094,4.25146875,235212.83085992342,
8,8407,20636.279245,GB,16,0.5,7,0.4375,23,224.674,14.042125,71214.2927085466,
8,8408,20636.543612,DT,1,1.0,1,1.0,18,89.441,89.441,11180.55477912814,33.0
8,8409,20636.859774,DT,8,0.01,1,0.125,23,90.119,11.264875,88771.51322140725,
8,8410,20637.016333,LoR,64,0.05,7,0.109375,3,171.187,2.674796875,373860.1646153037,
8,8411,20637.230418,SGD,16,0.01,0,0.0,18,152.483,9.5301875,104929.72987152667,
8,8412,20637.420771,MLP,1,0.0,0,0.0,29,171.374,171.374,5835.190869093328,
8,8413,20637.77767,MLP,64,0.05,3,0.046875,28,207.758,3.24621875,308050.7128486027,
8,8414,20638.027017,GB,16,1.0,16,1.0,6,219.481,13.7175625,72899.24868211827,
8,8415,20638.294779,NB,16,0.01,0,0.0,2,118.231,7.3894375,135328.29799291218,
8,8416,20638.454976,DT,16,0.05,0,0.0,8,93.912,5.8695,170372.2633955192,
8,8417,20638.615257,GB,64,0.1,9,0.140625,5,251.944,3.936625,254024.70390245452,
8,8418,20638.911983,NB,16,0.01,0,0.0,12,117.244,7.32775,136467.53778444952,
8,8419,20639.086895,SGD,8,0.01,1,0.125,7,182.921,22.865125,43734.72701330083,
8,8420,20639.322032,DT,8,1.0,8,1.0,5,92.476,11.5595,86508.93204723387,
8,8421,20639.470824,NB,8,0.5,3,0.375,7,111.258,13.90725,71904.94166711607,
8,8422,20639.620065,RF,16,1.0,16,1.0,29,3586.354,224.147125,4461.355460169298,
8,8423,20643.254829,NB,8,1.0,8,1.0,5,121.817,15.227125,65672.27891016853,
8,8424,20643.438535,MLP,16,0.05,1,0.0625,27,191.622,11.976375,83497.719468537,
8,8425,20643.674277,LoR,32,0.0,0,0.0,14,155.756,4.867375,205449.54929505123,
8,8426,20643.873277,RF,16,0.01,0,0.0,0,3017.242,188.577625,5302.8560519838975,
8,8427,20646.964287,DT,64,0.01,2,0.03125,12,100.874,1.57615625,634454.8644844063,
8,8428,20647.110361,DT,32,0.01,0,0.0,9,90.205,2.81890625,354747.51953882823,
8,8429,20647.244663,MLP,16,0.0,0,0.0,10,191.497,11.9685625,83552.22275022585,
8,8430,20647.47753,NB,1,0.01,0,0.0,19,105.829,105.829,9449.205794252994,
8,8431,20647.646092,LoR,100,1.0,100,1.0,25,166.82,1.6682,599448.5073732167,
8,8432,20647.855015,AB,8,0.05,0,0.0,26,8048.6,1006.075,993.9616827771289,
8,8433,20655.961383,GB,100,1.0,100,1.0,21,286.967,2.8696699999999997,348472.1239724428,
8,8434,20656.295128,MLP,32,1.0,32,1.0,1,198.396,6.199875,161293.57446722718,
8,8435,20656.553444,RF,100,0.01,0,0.0,21,3546.863,35.46863,28193.92798650526,
8,8436,20660.150941,AB,32,0.0,0,0.0,1,8157.454,254.9204375,3922.7925771938158,
8,8437,20668.368939,LoR,100,0.01,0,0.0,27,168.773,1.68773,592511.8354239126,
8,8438,20668.577619,LoR,1,0.0,0,0.0,15,143.232,143.232,6981.680071492404,
8,8439,20668.907026,AB,64,0.01,1,0.015625,25,8282.135,129.408359375,7727.476067463281,
8,8440,20677.252768,AB,16,0.5,9,0.5625,9,8241.776,515.111,1941.3291504161239,
8,8441,20685.550134,LoR,64,1.0,64,1.0,20,169.998,2.65621875,376475.01735314535,
8,8442,20685.787123,NB,32,0.5,13,0.40625,8,125.765,3.93015625,254442.81000278296,
8,8443,20685.972464,AB,16,0.5,10,0.625,25,8052.587,503.2866875,1986.9391041661518,
8,8444,20694.0737,SGD,32,0.05,0,0.0,21,160.196,5.006125,199755.2997577967,
8,8445,20694.289855,NB,100,0.0,0,0.0,25,140.629,1.4062899999999998,711090.8845259513,
8,8446,20694.477854,MLP,64,0.0,0,0.0,26,215.474,3.36678125,297019.59401134244,
8,8447,20694.739506,LoR,1,0.01,0,0.0,23,147.48,147.48,6780.580417683755,
8,8448,20695.043403,AB,8,0.05,0,0.0,15,7996.453,999.556625,1000.4435716685886,
8,8449,20703.099973,RF,100,0.01,0,0.0,6,4006.275,40.06275,24960.84267804881,
8,8450,20707.154759,SGD,32,1.0,32,1.0,26,211.215,6.60046875,151504.39126009043,
8,8451,20707.410139,GB,8,0.01,0,0.0,2,255.254,31.90675,31341.330596190463,
8,8452,20707.727136,NB,8,0.1,1,0.125,25,116.633,14.579125,68591.22203835964,
8,8453,20707.903139,DT,32,0.01,2,0.0625,3,96.498,3.0155625,331613.0904267446,
8,8454,20708.035254,NB,1,0.0,0,0.0,17,103.424,103.424,9668.935643564357,
8,8455,20708.186532,LoR,16,1.0,16,1.0,17,157.256,9.8285,101744.92547184209,
8,8456,20708.386692,AB,8,0.0,0,0.0,16,8021.555,1002.694375,997.3128651489642,
8,8457,20716.459473,NB,64,0.0,0,0.0,4,130.71,2.04234375,489633.53989748296,
8,8458,20716.648664,DT,8,0.5,5,0.625,27,90.475,11.309375,88422.21608179055,
8,8459,20716.804917,GB,64,0.1,9,0.140625,0,267.001,4.171890625,239699.47678098586,
8,8460,20717.135211,NB,32,0.5,12,0.375,24,124.182,3.8806875,257686.2991415825,
8,8461,20717.317928,AB,32,0.05,3,0.09375,26,8130.512,254.0785,3935.7914975096282,
8,8462,20725.491543,DT,16,0.0,0,0.0,20,82.173,5.1358125,194711.15816630766,
8,8463,20725.641433,NB,64,0.05,4,0.0625,13,129.648,2.02575,493644.3292607676,
8,8464,20725.810027,GB,1,0.05,0,0.0,22,202.856,202.856,4929.605237212604,4.0
8,8465,20738.538719,DT,100,0.05,2,0.02,20,104.466,1.04466,957249.2485593399,
8,8466,20738.709269,RF,64,0.1,5,0.078125,9,3601.468,56.2729375,17770.531349993948,
8,8467,20742.354325,SGD,8,0.0,0,0.0,19,169.73,21.21625,47133.682908148236,
8,8468,20742.594525,LoR,64,0.1,10,0.15625,16,163.782,2.55909375,390763.33174585726,
8,8469,20742.821311,DT,32,0.05,1,0.03125,29,91.793,2.86853125,348610.46049263014,
8,8470,20742.975918,AB,64,0.01,2,0.03125,21,8357.759,130.589984375,7657.555093416788,
8,8471,20751.378681,RF,8,0.05,0,0.0,27,2986.945,373.368125,2678.321830499055,
8,8472,20754.410394,RF,16,1.0,16,1.0,28,3481.545,217.5965625,4595.660834485839,
8,8473,20757.95573,NB,8,0.1,1,0.125,26,122.271,15.283875,65428.433561515,
8,8474,20758.152688,LoR,100,0.05,6,0.06,0,174.214,1.74214,574006.6814377719,
8,8475,20758.388056,DT,32,0.01,2,0.0625,12,95.848,2.99525,333861.9480844671,
8,8476,20758.522974,GB,1,0.05,0,0.0,10,221.069,221.069,4523.4745712876975,4.0
8,8477,20771.29952,MLP,32,0.05,3,0.09375,3,211.375,6.60546875,151389.71023063277,
8,8478,20771.572497,GB,16,0.05,1,0.0625,6,224.012,14.00075,71424.74510294091,
8,8479,20771.871968,SGD,100,0.5,53,0.53,5,176.731,1.76731,565831.6877061749,
8,8480,20772.086485,RF,1,0.0,0,0.0,8,2959.046,2959.046,337.9467571643023,6.91
8,8481,20787.892546,RF,32,0.5,16,0.5,1,4310.703,134.70946875,7423.383146554053,
8,8482,20792.293221,LoR,16,0.1,1,0.0625,10,208.135,13.0084375,76873.1832704735,
8,8483,20792.554732,NB,64,1.0,64,1.0,13,140.167,2.190109375,456598.2007177153,
8,8484,20792.732231,SGD,1,0.0,0,0.0,0,157.796,157.796,6337.296255925372,
8,8485,20793.083793,SGD,64,0.05,4,0.0625,28,159.328,2.4895,401687.08576019283,
8,8486,20793.291297,LoR,64,0.0,0,0.0,11,153.968,2.40575,415670.78873532166,
8,8487,20793.483201,RF,1,0.0,0,0.0,9,3001.736,3001.736,333.14055599826236,8.76
8,8488,20809.292826,LoR,8,0.0,0,0.0,20,160.876,20.1095,49727.74062010492,
8,8489,20809.495482,AB,1,0.05,0,0.0,2,7842.11,7842.11,127.51670149997896,2.0
8,8490,20829.953176,SGD,8,0.05,0,0.0,6,193.877,24.234625,41263.27516930838,
8,8491,20830.261163,NB,64,0.1,6,0.09375,14,210.813,3.293953125,303586.59095976054,
8,8492,20830.544563,NB,16,0.05,1,0.0625,27,155.983,9.7489375,102575.28063955688,
8,8493,20830.756886,MLP,8,0.1,2,0.25,22,207.788,25.9735,38500.779640787725,
8,8494,20831.036586,NB,64,0.5,28,0.4375,11,135.678,2.11996875,471705.0664072289,
8,8495,20831.235732,SGD,8,0.1,2,0.25,26,194.353,24.294125,41162.215144608,
8,8496,20831.490335,LoR,16,0.5,6,0.375,27,169.907,10.6191875,94169.1631304184,
8,8497,20831.699715,SGD,1,0.05,0,0.0,23,145.985,145.985,6850.018837551803,
8,8498,20832.006335,LoR,8,0.1,0,0.0,2,146.33,18.29125,54670.9492243559,
8,8499,20832.192833,LoR,1,0.05,0,0.0,20,139.183,139.183,7184.785498228951,
8,8500,20832.501017,NB,32,0.1,2,0.0625,12,118.991,3.71846875,268927.9021102436,
8,8501,20832.675393,LoR,8,0.5,4,0.5,5,148.116,18.5145,54011.7205433579,
8,8502,20832.864303,GB,8,0.05,0,0.0,16,263.015,32.876875,30416.516168279377,
8,8503,20833.167064,GB,1,0.0,0,0.0,8,203.924,203.924,4903.787685608364,4.0
8,8504,20845.914154,AB,1,0.0,0,0.0,7,7811.731,7811.731,128.012600536296,2.0
8,8505,20866.35718,MLP,32,0.05,1,0.03125,6,211.171,6.59909375,151535.9590095231,
8,8506,20866.628886,SGD,8,0.05,1,0.125,26,155.07,19.38375,51589.60469465403,
8,8507,20866.825785,AB,1,0.0,0,0.0,0,7814.017,7814.017,127.97515029721589,2.0
8,8508,20887.352164,AB,64,0.01,2,0.03125,1,8307.53,129.80515625,7703.854214188814,
8,8509,20895.700714,SGD,1,1.0,1,1.0,1,149.884,149.884,6671.826212270824,
8,8510,20896.024994,SGD,16,0.01,2,0.125,12,150.291,9.3931875,106460.13400669368,
8,8511,20896.26223,LoR,100,0.0,0,0.0,17,162.079,1.6207900000000002,616983.0761542211,
8,8512,20896.486537,RF,32,0.05,3,0.09375,17,3621.069,113.15840625,8837.169355237362,
8,8513,20900.199998,RF,100,0.05,10,0.1,28,4209.156,42.09156,23757.731953864386,
8,8514,20904.455395,NB,8,1.0,8,1.0,28,137.788,17.2235,58060.20843614828,
8,8515,20904.633421,SGD,8,0.0,0,0.0,1,174.642,21.83025,45807.99578566439,
8,8516,20904.869665,GB,16,0.1,2,0.125,28,274.514,17.157125,58284.8233605572,
8,8517,20905.200942,AB,100,1.0,100,1.0,14,8613.84,86.1384,11609.224225200374,
8,8518,20913.879551,RF,16,0.5,7,0.4375,21,3382.958,211.434875,4729.588720876818,
8,8519,20917.317025,SGD,64,1.0,64,1.0,23,176.883,2.763796875,361821.09077751957,
8,8520,20917.535828,SGD,8,1.0,8,1.0,14,154.2,19.275,51880.67444876784,
8,8521,20917.729322,MLP,1,0.0,0,0.0,18,174.045,174.045,5745.640495274211,
8,8522,20918.095067,MLP,100,0.01,1,0.01,2,231.23,2.3123,432469.8352289928,
8,8523,20918.395311,AB,64,0.1,7,0.109375,2,8327.369,130.115140625,7685.500666537054,
8,8524,20926.769499,MLP,32,0.0,0,0.0,8,190.175,5.94296875,168266.07072433285,
8,8525,20927.001721,DT,8,1.0,8,1.0,20,91.178,11.39725,87740.4637083507,
8,8526,20927.155303,NB,32,0.1,3,0.09375,1,126.446,3.9514375,253072.45780807617,
8,8527,20927.326802,SGD,16,0.05,0,0.0,18,156.232,9.7645,102411.79783911107,
8,8528,20927.555968,LoR,100,0.5,56,0.56,4,165.759,1.65759,603285.4927937548,
8,8529,20927.789112,AB,64,0.05,4,0.0625,18,8342.346,130.34915625,7671.702899879722,
8,8530,20936.17605,AB,16,0.0,0,0.0,21,8008.382,500.523875,1997.9066932621347,
8,8531,20944.247573,SGD,8,0.1,1,0.125,6,155.541,19.442625,51433.384123800155,
8,8532,20944.444954,GB,1,0.01,0,0.0,20,236.523,236.523,4227.918637933732,4.0
8,8533,20957.195079,GB,64,0.05,2,0.03125,20,255.05,3.98515625,250931.1899627524,
8,8534,20957.525485,LoR,100,0.01,2,0.02,9,179.541,1.79541,556975.8439576476,
8,8535,20957.747233,RF,8,0.05,0,0.0,19,3236.31,404.53875,2471.9510800881253,
8,8536,20961.052308,MLP,32,0.1,1,0.03125,17,210.286,6.5714375,152173.70628572514,
8,8537,20961.319736,SGD,100,0.0,0,0.0,19,173.03,1.7303,577934.4622319828,
8,8538,20961.56199,MLP,64,0.1,9,0.140625,3,204.748,3.1991875,312579.36585461156,
8,8539,20961.808292,NB,16,1.0,16,1.0,15,116.079,7.2549375,137837.16262200742,
8,8540,20961.985568,MLP,32,0.5,14,0.4375,19,189.063,5.90821875,169255.75072859312,
8,8541,20962.221298,LoR,32,0.05,0,0.0,5,155.354,4.8548125,205981.1784698173,
8,8542,20962.425198,MLP,64,0.0,0,0.0,14,198.538,3.10215625,322356.42547018704,
8,8543,20962.697992,MLP,100,0.1,8,0.08,24,217.973,2.17973,458772.41676721425,
8,8544,20962.975038,LoR,16,0.1,1,0.0625,11,150.69,9.418125,106178.24673170084,
8,8545,20963.166482,LoR,8,0.05,0,0.0,16,183.795,22.974375,43526.7553524307,
8,8546,20963.393211,DT,32,1.0,32,1.0,1,102.952,3.21725,310824.46188515035,
8,8547,20963.550011,DT,100,0.0,0,0.0,17,95.559,0.9555899999999999,1046473.9061731496,
8,8548,20963.684544,MLP,16,1.0,16,1.0,3,177.943,11.1214375,89916.43391423096,
8,8549,20963.903504,RF,1,0.01,0,0.0,11,2941.1,2941.1,340.008840229846,8.85
8,8550,20979.686529,GB,1,1.0,1,1.0,19,216.777,216.777,4613.035515760436,4.0
8,8551,20992.921309,AB,1,0.0,0,0.0,23,8148.111,8148.111,122.72783225461706,2.0
8,8552,21014.073816,LoR,100,0.0,0,0.0,21,210.379,2.10379,475332.61399664416,
8,8553,21014.329534,GB,8,0.0,0,0.0,5,266.971,33.371375,29965.801529005024,
8,8554,21014.641643,AB,1,0.5,0,0.0,15,7772.458,7772.458,128.65942794415872,2.0
8,8555,21035.10976,RF,8,0.1,0,0.0,9,3200.49,400.06125,2499.6172461091896,
8,8556,21038.357511,SGD,1,0.5,1,1.0,10,180.652,180.652,5535.5047273210375,
8,8557,21038.704247,AB,1,0.5,0,0.0,22,7825.434,7825.434,127.78843959325451,2.0
8,8558,21059.33634,NB,16,0.01,1,0.0625,18,127.855,7.9909375,125141.7621524383,
8,8559,21059.531703,MLP,64,0.05,2,0.03125,23,229.99,3.59359375,278272.96838992997,
8,8560,21059.811215,LoR,64,0.0,0,0.0,19,163.172,2.5495625,392224.15610521415,
8,8561,21060.051289,LoR,100,0.01,1,0.01,18,164.162,1.64162,609154.3719009272,
8,8562,21060.274237,DT,16,0.05,1,0.0625,2,92.781,5.7988125,172449.10057015982,
8,8563,21060.426261,NB,32,0.1,7,0.21875,18,120.852,3.776625,264786.68122993415,
8,8564,21060.587491,MLP,32,1.0,32,1.0,12,194.485,6.07765625,164537.1108311695,
8,8565,21060.820382,SGD,1,1.0,1,1.0,0,148.533,148.533,6732.510620535504,
8,8566,21061.150569,LoR,64,0.5,34,0.53125,23,156.58,2.4465625,408736.74798824877,
8,8567,21061.38209,MLP,100,0.01,1,0.01,11,223.709,2.2370900000000002,447009.2843828366,
8,8568,21061.656753,MLP,64,0.01,0,0.0,16,197.492,3.0858125,324063.75954469043,
8,8569,21061.894377,NB,8,0.0,0,0.0,26,109.791,13.723875,72865.71759069504,
8,8570,21062.041468,DT,1,1.0,1,1.0,0,88.941,88.941,11243.408551736544,14.0
8,8571,21062.31658,SGD,1,0.5,1,1.0,18,154.703,154.703,6463.998758912238,
8,8572,21062.641097,MLP,16,0.05,1,0.0625,8,177.637,11.1023125,90071.32523066703,
8,8573,21062.868102,AB,64,0.0,0,0.0,15,8811.422,137.67846875,7263.299839685354,
8,8574,21071.775362,GB,32,0.1,3,0.09375,29,277.712,8.6785,115227.28582128248,
8,8575,21072.120074,NB,32,0.1,4,0.125,9,134.419,4.20059375,238061.5835558961,
8,8576,21072.296366,LoR,16,0.01,0,0.0,6,176.256,11.016,90777.05156136528,
8,8577,21072.529149,AB,100,0.0,0,0.0,26,8596.79,85.96790000000001,11632.248781231132,
8,8578,21081.167022,NB,1,1.0,1,1.0,24,105.039,105.039,9520.273422252687,
8,8579,21081.347111,GB,32,0.05,1,0.03125,16,243.543,7.61071875,131393.6347996042,
8,8580,21081.632023,GB,1,0.01,0,0.0,27,207.439,207.439,4820.694276389686,4.0
8,8581,21094.429673,SGD,8,0.5,4,0.5,5,170.531,21.316375,46912.291606804625,
8,8582,21094.642551,RF,8,0.01,0,0.0,10,3085.246,385.65575,2592.9861022427385,
8,8583,21097.79591,RF,32,0.05,2,0.0625,24,3400.799,106.27496875,9409.553460819061,
8,8584,21101.238728,MLP,1,0.0,0,0.0,20,193.963,193.963,5155.6224640782,
8,8585,21101.597979,NB,1,0.01,0,0.0,14,106.797,106.797,9363.55890146727,
8,8586,21101.77656,LoR,32,0.5,18,0.5625,24,160.859,5.02684375,198931.98391137578,
8,8587,21101.9959,RF,8,0.5,3,0.375,1,3817.976,477.247,2095.3510446372634,
8,8588,21105.885015,RF,32,1.0,32,1.0,1,4113.166,128.5364375,7779.895097839474,
8,8589,21110.045398,SGD,8,0.0,0,0.0,22,192.606,24.07575,41535.57002377912,
8,8590,21110.281332,SGD,16,1.0,16,1.0,26,158.592,9.912,100887.81275221953,
8,8591,21110.513054,GB,64,0.5,39,0.609375,10,310.254,4.84771875,206282.59426147607,
8,8592,21110.896095,SGD,64,0.05,6,0.09375,23,171.844,2.6850625,372430.80933870253,
8,8593,21111.131973,RF,32,0.05,1,0.03125,22,3367.474,105.2335625,9502.671735550148,
8,8594,21114.560203,LoR,100,1.0,100,1.0,28,185.367,1.85367,539470.3480123215,
8,8595,21114.793571,AB,32,0.01,0,0.0,2,8234.994,257.3435625,3885.8558974056323,
8,8596,21123.077944,AB,32,0.01,0,0.0,19,8070.845,252.21390625,3964.888434854095,
8,8597,21131.220215,RF,32,0.1,2,0.0625,5,3330.145,104.06703125,9609.19119137455,
8,8598,21134.631265,GB,100,0.05,4,0.04,21,312.136,3.12136,320373.1706691955,
8,8599,21134.985573,SGD,8,1.0,8,1.0,9,166.789,20.848625,47964.793841320476,
8,8600,21135.218389,MLP,16,0.1,2,0.125,27,198.369,12.3980625,80657.76406595789,
8,8601,21135.486353,RF,64,0.1,10,0.15625,1,3738.448,58.41325,17119.40355997997,
8,8602,21139.306354,MLP,100,0.5,56,0.56,12,248.036,2.48036,403167.2821687174,
8,8603,21139.610248,NB,100,0.0,0,0.0,3,154.936,1.54936,645427.7895389063,
8,8604,21139.815777,LoR,64,0.01,0,0.0,2,166.689,2.604515625,383948.5508941802,
8,8605,21140.031523,AB,64,1.0,64,1.0,29,8340.306,130.31728125,7673.579362675661,
8,8606,21148.423859,LoR,64,0.0,0,0.0,1,160.893,2.513953125,397779.8909834486,
8,8607,21148.632263,SGD,8,0.01,0,0.0,11,149.673,18.709125,53449.85401508622,
8,8608,21148.833423,GB,64,0.01,0,0.0,29,260.275,4.066796875,245893.76620881763,
8,8609,21149.158619,GB,32,0.05,2,0.0625,2,233.273,7.28978125,137178.32753897793,
8,8610,21149.45607,SGD,32,0.5,19,0.59375,5,164.65,5.1453125,194351.65502581233,
8,8611,21149.664286,NB,32,1.0,32,1.0,4,121.04,3.7825,264375.4130865829,
8,8612,21149.846433,LoR,32,0.05,1,0.03125,20,157.758,4.9299375,202842.32812282103,
8,8613,21150.05004,RF,16,0.1,0,0.0,25,3076.345,192.2715625,5200.977133578972,
8,8614,21153.173689,GB,32,0.0,0,0.0,26,240.613,7.51915625,132993.64539738087,
8,8615,21153.484516,GB,64,0.5,33,0.515625,15,261.371,4.083921875,244862.6664779184,
8,8616,21153.816603,RF,64,0.05,3,0.046875,27,3578.103,55.907859375,17886.572857181585,
8,8617,21157.464249,LoR,32,0.01,1,0.03125,25,171.822,5.3694375,186239.2475934397,
8,8618,21157.700582,LoR,32,0.5,19,0.59375,16,158.513,4.95353125,201876.18681117636,
8,8619,21157.904253,SGD,32,0.01,0,0.0,28,156.316,4.884875,204713.52900534813,
8,8620,21158.101368,DT,1,0.1,0,0.0,7,87.853,87.853,11382.650564010337,7.0
8,8621,21158.41185,GB,100,0.0,0,0.0,26,271.79,2.7179,367931.12329371937,
8,8622,21158.724441,MLP,1,0.0,0,0.0,27,179.924,179.924,5557.902225384051,
8,8623,21159.082719,GB,8,0.1,2,0.25,18,254.392,31.799,31447.529796534483,
8,8624,21159.380639,RF,8,0.01,0,0.0,17,3249.68,406.21,2461.7808522685314,
8,8625,21162.689252,GB,100,0.0,0,0.0,10,276.859,2.7685899999999997,361194.6875485356,
8,8626,21163.045086,AB,100,0.01,1,0.01,12,8692.712,86.92712,11503.889695183736,
8,8627,21171.783172,NB,8,0.05,0,0.0,15,115.327,14.415875,69367.97107355607,
8,8628,21171.968154,GB,64,0.05,3,0.046875,11,248.98,3.8903125,257048.75893646077,
8,8629,21172.261094,SGD,8,0.01,0,0.0,0,167.008,20.876,47901.89691511784,
8,8630,21172.503279,AB,100,0.1,6,0.06,6,8526.562,85.26562,11728.056396001108,
8,8631,21181.09257,LoR,8,0.5,3,0.375,1,154.953,19.369125,51628.55833704414,
8,8632,21181.301988,MLP,100,1.0,100,1.0,9,228.623,2.2862299999999998,437401.31132913136,
8,8633,21181.595927,MLP,32,0.5,16,0.5,0,185.613,5.80040625,172401.7175521111,
8,8634,21181.845355,RF,32,0.1,2,0.0625,12,3316.414,103.6379375,9648.976273770404,
8,8635,21185.235406,LoR,64,0.5,32,0.5,1,174.905,2.732890625,365912.9241588291,
8,8636,21185.47244,LoR,16,0.01,1,0.0625,2,155.403,9.7126875,102958.11535169849,
8,8637,21185.686341,LoR,100,0.0,0,0.0,23,162.005,1.62005,617264.8992315052,
8,8638,21185.921532,DT,100,0.1,13,0.13,6,107.104,1.07104,933671.9450253958,
8,8639,21186.070258,MLP,16,0.01,0,0.0,12,181.748,11.35925,88033.98111671106,
