run_id,sequence,elapsed_since_start_ms,model,batch_size,requested_malicious_fraction,malicious_count,actual_malicious_fraction,repetition,elapsed_us_total,us_per_flow,throughput_flows_s,mean_tree_path_nodes
2,0,1.309443,MLP,32,0.0,0,0.0,7,211.99,6.6246875,150950.51653379877,
2,1,1.59168,RF,32,0.1,3,0.09375,5,3254.77,101.7115625,9831.72390061356,
2,2,4.929548,RF,100,0.1,14,0.14,12,3463.368,34.63368,28873.628213923555,
2,3,8.437514,LoR,16,0.0,0,0.0,27,171.121,10.6950625,93501.08987207881,
2,4,8.659344,DT,64,0.0,0,0.0,6,96.082,1.50128125,666097.7082075727,
2,5,8.826208,RF,64,0.5,31,0.484375,0,3216.556,50.2586875,19897.05759825105,
2,6,12.125332,MLP,100,0.1,14,0.14,15,248.892,2.48892,401780.692027064,
2,7,12.435836,MLP,16,0.01,1,0.0625,22,181.641,11.3525625,88085.83965073965,
2,8,12.659345,RF,8,0.01,0,0.0,5,3021.058,377.63225,2648.0789180479155,
2,9,15.740504,SGD,100,1.0,100,1.0,10,182.184,1.82184,548895.6220085189,
2,10,15.984775,MLP,16,0.5,11,0.6875,23,183.468,11.46675,87208.66854165304,
2,11,16.218685,SGD,64,1.0,64,1.0,2,158.66,2.4790625,403378.29320559686,
2,12,16.457299,LoR,100,0.01,1,0.01,6,163.187,1.6318700000000002,612793.9112796974,
2,13,16.660189,NB,16,0.0,0,0.0,19,118.861,7.4288125,134611.01622904063,
2,14,16.820316,NB,32,0.0,0,0.0,24,113.076,3.533625,282995.50744631933,
2,15,16.987327,AB,100,0.0,0,0.0,15,8681.311,86.81311,11518.997533897818,
2,16,25.73095,DT,8,0.05,1,0.125,3,88.635,11.079375,90257.79883793084,
2,17,25.894788,AB,100,0.5,57,0.57,8,8542.15,85.4215,11706.654647834563,
2,18,34.478417,GB,1,0.1,1,1.0,0,236.282,236.282,4232.230978237868,4.0
2,19,47.522513,LoR,64,0.01,0,0.0,3,169.557,2.649328125,377454.1894466168,
2,20,47.751105,GB,8,0.01,1,0.125,10,222.408,27.801,35969.9291392396,
2,21,48.050403,LoR,100,0.1,11,0.11,8,172.622,1.72622,579300.4367925293,
2,22,48.279951,DT,8,0.5,2,0.25,19,89.266,11.15825,89619.78804920126,
2,23,48.406152,SGD,1,0.01,0,0.0,20,149.671,149.671,6681.321030794209,
2,24,48.739532,LoR,32,0.5,16,0.5,12,151.109,4.72215625,211767.66440119382,
2,25,48.931134,DT,8,0.01,0,0.0,29,86.353,10.794125,92642.98866281427,
2,26,49.071989,DT,100,1.0,100,1.0,6,94.752,0.9475199999999999,1055386.693684566,
2,27,49.233072,MLP,64,0.1,5,0.078125,25,213.704,3.339125,299479.6541009995,
2,28,49.485508,NB,8,0.0,0,0.0,6,110.56,13.82,72358.9001447178,
2,29,49.637301,AB,32,0.0,0,0.0,21,8073.188,252.287125,3963.7377452376927,
2,30,57.752174,LoR,1,0.05,0,0.0,6,144.371,144.371,6926.598832175437,
2,31,58.058732,NB,64,1.0,64,1.0,27,131.217,2.050265625,487741.67981282907,
2,32,58.257728,AB,64,0.05,3,0.046875,21,8279.754,129.37115625,7729.698249489054,
2,33,66.587151,SGD,16,0.05,0,0.0,9,151.392,9.462,105685.9015007398,
2,34,66.807835,MLP,64,0.05,4,0.0625,5,205.195,3.206171875,311898.4380711031,
2,35,67.056783,DT,32,1.0,32,1.0,26,87.829,2.74465625,364344.35095469607,
2,36,67.182216,DT,8,0.0,0,0.0,21,85.262,10.65775,93828.434707138,
2,37,67.307828,LoR,16,0.05,0,0.0,10,146.365,9.1478125,109315.75171659891,
2,38,67.496004,NB,32,1.0,32,1.0,11,116.938,3.6543125,273649.2842360909,
2,39,67.651321,MLP,16,0.0,0,0.0,4,175.262,10.953875,91291.8944209241,
2,40,67.865867,RF,16,1.0,16,1.0,1,2962.829,185.1768125,5400.244158539018,
2,41,70.877191,RF,32,0.01,0,0.0,20,3065.27,95.7896875,10439.537137022187,
2,42,73.984864,DT,1,0.5,0,0.0,1,91.433,91.433,10936.970240503975,7.0
2,43,74.277588,MLP,32,0.01,0,0.0,4,199.462,6.2331875,160431.56089881784,
2,44,74.521825,DT,32,1.0,32,1.0,21,94.902,2.9656875,337189.9433099408,
2,45,74.680455,AB,32,0.05,3,0.09375,1,7994.212,249.819125,4002.8960953249675,
2,46,82.716614,DT,1,0.05,0,0.0,24,82.536,82.536,12115.925172046138,16.0
2,47,83.002145,AB,16,0.5,8,0.5,21,7853.557,490.8473125,2037.2934200388436,
2,48,90.936003,GB,100,0.5,39,0.39,12,289.102,2.8910199999999997,345898.67935884226,
2,49,91.268998,MLP,8,0.01,0,0.0,10,184.6,23.075,43336.94474539545,
2,50,91.494905,GB,16,1.0,16,1.0,6,217.958,13.622375,73408.63836151919,
2,51,91.76386,RF,64,1.0,64,1.0,1,3165.506,49.46103125,20217.936721648926,
2,52,94.972465,SGD,1,0.01,0,0.0,8,159.542,159.542,6267.941983928997,
2,53,95.320731,NB,100,0.5,50,0.5,4,151.047,1.51047,662045.5884592213,
2,54,95.546606,MLP,100,0.01,2,0.02,9,234.965,2.34965,425595.3014278722,
2,55,95.845462,GB,32,0.5,19,0.59375,19,235.583,7.36196875,135833.2307509455,
2,56,96.159849,MLP,100,0.05,1,0.01,4,235.428,2.35428,424758.312520176,
2,57,96.463318,DT,32,0.05,2,0.0625,25,93.577,2.92428125,341964.3715870353,
2,58,96.650415,LoR,64,0.1,7,0.109375,21,190.769,2.980765625,335484.2767954961,
2,59,96.881255,DT,16,1.0,16,1.0,18,86.342,5.396375,185309.58282180168,
2,60,97.008021,RF,32,1.0,32,1.0,20,3185.66,99.551875,10045.014219973256,
2,61,100.241799,RF,32,0.01,0,0.0,17,3203.295,100.10296875,9989.71371665738,
2,62,103.508765,NB,16,0.5,9,0.5625,25,122.985,7.6865625,130097.16632109607,
2,63,103.676708,MLP,32,0.01,0,0.0,19,199.066,6.2208125,160750.70579606763,
2,64,103.919562,DT,16,0.01,0,0.0,24,90.756,5.67225,176296.88395257614,
2,65,104.049646,AB,16,0.0,0,0.0,8,8057.329,503.5830625,1985.7697259228214,
2,66,112.14552,GB,1,0.0,0,0.0,8,205.228,205.228,4872.629465764905,4.0
2,67,125.475881,NB,32,0.05,3,0.09375,19,153.462,4.7956875,208520.67612829237,
2,68,125.695282,AB,16,0.5,7,0.4375,16,8302.448,518.903,1927.1424524429422,
2,69,134.059075,MLP,64,0.0,0,0.0,5,244.628,3.8223125,261621.7276844842,
2,70,134.37869,RF,64,0.05,4,0.0625,4,3332.008,52.062625,19207.636956453887,
2,71,137.788704,NB,64,0.5,23,0.359375,19,148.235,2.316171875,431746.88838668325,
2,72,138.01217,RF,100,0.5,55,0.55,22,3432.811,34.32811,29130.645409840505,
2,73,141.513354,NB,32,0.1,5,0.15625,8,129.302,4.0406875,247482.63754620968,
2,74,141.680247,NB,8,0.0,0,0.0,26,107.948,13.4935,74109.75654944974,
2,75,141.825439,SGD,1,0.01,0,0.0,12,159.932,159.932,6252.65737938624,
2,76,142.186249,RF,100,0.1,15,0.15,27,3407.994,34.07994,29342.774664509383,
2,77,145.634432,NB,1,1.0,1,1.0,27,110.696,110.696,9033.7500903375,
2,78,145.798927,NB,16,1.0,16,1.0,25,112.781,7.0488125,141867.86781461415,
2,79,145.968807,LoR,8,0.5,1,0.125,3,157.733,19.716625,50718.61943917887,
2,80,146.195806,AB,64,0.01,1,0.015625,8,8349.726,130.46446875,7664.922178284653,
2,81,154.646607,AB,8,0.05,2,0.25,28,7881.253,985.156625,1015.0670204344411,
2,82,162.594058,LoR,1,0.5,0,0.0,7,160.786,160.786,6219.446966775714,
2,83,162.923698,MLP,16,0.5,5,0.3125,17,185.913,11.6195625,86061.76007057064,
2,84,163.170126,AB,16,0.05,1,0.0625,13,7945.89,496.618125,2013.6196197027646,
2,85,171.170652,SGD,64,0.01,0,0.0,13,162.062,2.53221875,394910.5897742839,
2,86,171.372321,NB,8,1.0,8,1.0,10,108.734,13.59175,73574.04307760223,
2,87,171.525776,LoR,32,0.0,0,0.0,2,151.339,4.72934375,211445.8269183753,
2,88,171.719292,GB,16,0.05,0,0.0,26,251.118,15.694875,63715.06622384696,
2,89,172.030254,RF,8,0.5,5,0.625,12,3016.685,377.085625,2651.9175850312513,
2,90,175.090073,MLP,16,1.0,16,1.0,0,194.138,12.133625,82415.60127332104,
2,91,175.346466,RF,16,0.5,8,0.5,5,2925.22,182.82625,5469.674075796009,
2,92,178.3239,AB,64,0.0,0,0.0,7,8271.81,129.24703125,7737.1216215072645,
2,93,186.641578,AB,32,0.0,0,0.0,20,7921.899,247.55934375,4039.4354939390164,
2,94,194.612746,GB,32,0.01,0,0.0,29,253.487,7.92146875,126239.21542327615,
2,95,194.907807,GB,1,0.5,0,0.0,19,198.285,198.285,5043.245833018131,4.0
2,96,208.628722,GB,8,1.0,8,1.0,26,265.236,33.1545,30161.81815439835,
2,97,208.936688,NB,1,1.0,1,1.0,8,116.695,116.695,8569.347444192124,
2,98,209.118544,DT,64,1.0,64,1.0,7,100.032,1.563,639795.2655150353,
2,99,209.290848,AB,64,0.01,1,0.015625,27,8889.005,138.890703125,7199.905951228513,
2,100,218.274134,DT,32,0.01,2,0.0625,11,87.864,2.74575,364199.2169716835,
2,101,218.418701,LoR,8,0.5,5,0.625,25,220.475,27.559375,36285.293117133464,
2,102,218.676496,AB,1,1.0,1,1.0,6,7783.037,7783.037,128.48454915478365,2.0
2,103,239.932929,LoR,64,0.5,35,0.546875,1,206.134,3.22084375,310477.6504603802,
2,104,240.224823,NB,100,0.05,4,0.04,24,161.742,1.6174199999999999,618268.6006108494,
2,105,240.435931,AB,64,1.0,64,1.0,28,9032.395,141.131171875,7085.606862853097,
2,106,249.569401,MLP,64,0.1,4,0.0625,7,261.477,4.085578125,244763.401752353,
2,107,249.886761,DT,16,1.0,16,1.0,20,93.927,5.8704375,170345.05520244443,
2,108,250.023358,RF,8,0.05,0,0.0,27,3159.793,394.974125,2531.8114192923395,
2,109,253.228558,MLP,16,0.0,0,0.0,6,205.304,12.8315,77933.21123796907,
2,110,253.475573,SGD,8,0.0,0,0.0,5,161.363,20.170375,49577.660306266,
2,111,253.698205,MLP,8,0.1,1,0.125,21,176.605,22.075625,45298.83072393194,
2,112,253.946126,RF,64,0.1,3,0.046875,22,3378.777,52.793390625,18941.765023261374,
2,113,257.412275,AB,100,0.01,1,0.01,17,8827.543,88.27543,11328.1804461332,
2,114,266.280317,MLP,1,0.0,0,0.0,25,169.456,169.456,5901.236899254084,
2,115,266.658128,NB,16,0.01,0,0.0,29,121.401,7.5875625,131794.63101621898,
2,116,266.836689,NB,100,0.0,0,0.0,25,145.618,1.45618,686728.2890851406,
2,117,267.058166,LoR,100,0.05,5,0.05,24,175.011,1.75011,571392.6553188085,
2,118,267.297079,NB,32,0.5,17,0.53125,8,120.371,3.76159375,265844.76327354595,
2,119,267.458611,DT,32,1.0,32,1.0,29,93.518,2.9224375,342180.1150580637,
2,120,267.59407,DT,32,0.0,0,0.0,28,88.478,2.7649375,361671.8280250458,
2,121,267.723695,MLP,32,0.0,0,0.0,21,195.567,6.11146875,163626.7877504896,
2,122,267.996556,LoR,100,0.1,16,0.16,11,169.177,1.69177,591096.8985145735,
2,123,268.202981,LoR,1,0.0,0,0.0,11,143.867,143.867,6950.864339980677,
2,124,268.500174,RF,32,1.0,32,1.0,8,3095.354,96.7298125,10338.074417336435,
2,125,271.638816,MLP,8,1.0,8,1.0,7,190.728,23.841,41944.54930581771,
2,126,271.872465,SGD,16,1.0,16,1.0,21,156.321,9.7700625,102353.49057388323,
2,127,272.105355,GB,64,0.1,5,0.078125,8,294.626,4.60353125,217224.54908935397,
2,128,272.444499,SGD,8,0.1,0,0.0,26,162.752,20.344,49154.541879669676,
2,129,272.64639,SGD,1,0.0,0,0.0,3,150.107,150.107,6661.9145009892945,
2,130,272.941105,RF,1,1.0,1,1.0,19,2986.896,2986.896,334.79572104284847,7.97
2,131,288.964515,NB,8,0.0,0,0.0,20,118.602,14.82525,67452.48815365677,
2,132,289.133294,GB,64,0.0,0,0.0,2,282.362,4.41190625,226659.39467775408,
2,133,289.487916,RF,64,0.1,7,0.109375,18,3400.322,53.13003125,18821.74688161886,
2,134,292.963378,DT,64,0.1,7,0.109375,21,102.028,1.5941875,627278.7862155486,
2,135,293.105759,NB,16,1.0,16,1.0,6,122.321,7.6450625,130803.37799723678,
2,136,293.265889,NB,8,1.0,8,1.0,26,108.909,13.613625,73455.8209147086,
2,137,293.41279,LoR,16,1.0,16,1.0,9,158.489,9.9055625,100953.37846790628,
2,138,293.648738,DT,100,0.1,10,0.1,23,99.796,0.9979600000000001,1002044.1701070182,
2,139,293.79605,RF,64,0.0,0,0.0,26,3506.041,54.781890625,18254.207523528676,
2,140,297.37729,SGD,1,0.01,0,0.0,23,182.505,182.505,5479.301936933235,
2,141,297.773654,MLP,100,0.05,3,0.03,11,268.532,2.68532,372395.09630137193,
2,142,298.119023,DT,32,1.0,32,1.0,28,108.519,3.39121875,294879.2377371704,
2,143,298.273037,GB,16,0.01,0,0.0,20,280.686,17.542875,57003.19930456097,
2,144,298.631701,LoR,100,0.01,0,0.0,0,198.335,1.9833500000000002,504197.44371896033,
2,145,298.874753,GB,1,0.1,0,0.0,11,247.621,247.621,4038.42969699662,4.0
2,146,312.08472,MLP,8,0.5,3,0.375,28,301.832,37.729,26504.810623128098,
2,147,312.433769,AB,8,0.1,0,0.0,9,8415.657,1051.957125,950.6090849472597,
2,148,320.911072,GB,32,0.0,0,0.0,0,264.939,8.27934375,120782.5197498292,
2,149,321.229371,SGD,32,0.01,0,0.0,6,180.54,5.641875,177246.03965880137,
2,150,321.473063,DT,16,0.5,9,0.5625,28,91.938,5.746125,174030.32478409362,
2,151,321.60352,RF,1,0.05,0,0.0,1,3088.785,3088.785,323.7518959720408,9.99
2,152,337.762449,MLP,16,0.1,1,0.0625,5,212.75,13.296875,75205.64042303173,
2,153,338.017859,AB,16,0.0,0,0.0,20,8283.881,517.7425625,1931.461835340223,
2,154,346.346694,DT,8,0.1,0,0.0,2,84.381,10.547625,94808.07290740806,
2,155,346.506194,NB,64,0.05,2,0.03125,20,182.862,2.85721875,349990.7033719417,
2,156,346.731332,LoR,16,0.01,0,0.0,29,159.822,9.988875,100111.37390346761,
2,157,346.960161,SGD,32,0.05,1,0.03125,27,157.072,4.9085,203728.2265457879,
2,158,347.161211,SGD,32,0.0,0,0.0,9,152.78,4.774375,209451.4988872889,
2,159,347.351378,DT,1,0.0,0,0.0,25,85.094,85.094,11751.709873786636,17.0
2,160,347.622354,NB,1,0.5,1,1.0,9,105.365,105.365,9490.817633939165,
2,161,347.79434,GB,100,0.0,0,0.0,6,298.498,2.9849799999999997,335010.6198366488,
2,162,348.155049,AB,8,0.05,1,0.125,5,8088.045,1011.005625,989.1141802499862,
2,163,356.289849,SGD,16,0.05,0,0.0,1,155.784,9.7365,102706.31130282956,
2,164,356.486981,MLP,1,0.5,1,1.0,0,164.554,164.554,6077.03246350742,
2,165,356.814832,GB,16,0.0,0,0.0,14,221.663,13.8539375,72181.6451099191,
2,166,357.116679,GB,100,0.1,11,0.11,13,282.442,2.82442,354054.9918213297,
2,167,357.462057,DT,16,0.1,1,0.0625,3,94.515,5.9071875,169285.29862984712,
2,168,357.59641,GB,1,0.05,0,0.0,25,203.942,203.942,4903.354875405753,4.0
2,169,370.48689,NB,64,0.0,0,0.0,22,176.141,2.752203125,363345.27452438674,
2,170,370.725804,MLP,32,0.5,18,0.5625,14,204.449,6.38903125,156518.25149548298,
2,171,370.995689,DT,32,0.01,1,0.03125,10,93.834,2.9323125,341027.77244921884,
2,172,371.145861,GB,100,1.0,100,1.0,18,279.45,2.7944999999999998,357845.7684737878,
2,173,371.506116,SGD,100,0.5,61,0.61,3,181.586,1.81586,550703.248047757,
2,174,371.745915,MLP,100,0.0,0,0.0,3,237.123,2.3712299999999997,421722.0598592292,
2,175,372.047712,AB,32,0.5,17,0.53125,8,8288.818,259.0255625,3860.622829455298,
2,176,380.401064,LoR,16,0.01,1,0.0625,18,155.732,9.73325,102740.60565587034,
2,177,380.614053,SGD,100,1.0,100,1.0,4,167.268,1.67268,597842.9825190712,
2,178,380.845988,SGD,32,0.05,1,0.03125,18,153.623,4.80071875,208302.1422573443,
2,179,381.059545,SGD,16,0.05,1,0.0625,5,148.85,9.303125,107490.76251259657,
2,180,381.284642,NB,100,0.5,56,0.56,24,150.739,1.50739,663398.3242558329,
2,181,381.472518,DT,8,0.0,0,0.0,28,88.5,11.0625,90395.48022598871,
2,182,381.60207,AB,16,0.01,0,0.0,27,8129.216,508.076,1968.2094804714254,
2,183,389.813576,DT,100,0.05,5,0.05,28,93.422,0.9342199999999999,1070411.6803322558,
2,184,389.949399,DT,32,0.0,0,0.0,6,84.79,2.6496875,377402.99563627783,
2,185,390.091573,RF,100,0.01,0,0.0,21,3505.865,35.05865,28523.63111528824,
2,186,393.638849,AB,1,0.0,0,0.0,23,8018.945,8018.945,124.70468372086353,2.0
2,187,414.529881,RF,1,0.1,0,0.0,7,2977.484,2977.484,335.8540297781617,7.89
2,188,431.098172,AB,64,0.0,0,0.0,0,8615.349,134.614828125,7428.602137882052,
2,189,439.762789,RF,1,0.5,1,1.0,25,3017.765,3017.765,331.37106434729014,7.49
2,190,455.756848,DT,1,0.5,1,1.0,17,89.431,89.431,11181.804966957767,11.0
2,191,456.049417,GB,8,0.1,1,0.125,19,254.487,31.810875,31435.79043330308,
2,192,456.357997,LoR,64,1.0,64,1.0,17,188.143,2.939734375,340166.7880282551,
2,193,456.59239,NB,32,0.0,0,0.0,5,127.788,3.993375,250414.74942874137,
2,194,456.758813,NB,8,0.0,0,0.0,22,107.99,13.49875,74080.93341976109,
2,195,456.901932,GB,1,1.0,1,1.0,1,216.279,216.279,4623.657405480883,4.0
2,196,469.810356,DT,8,0.1,3,0.375,15,94.926,11.86575,84276.1730189832,
2,197,469.941782,NB,1,0.0,0,0.0,4,104.83,104.83,9539.254030334829,
2,198,470.104574,MLP,64,0.0,0,0.0,20,241.39,3.77171875,265131.1156220225,
2,199,470.38894,AB,16,1.0,16,1.0,13,8115.425,507.2140625,1971.554169991097,
2,200,478.572638,RF,16,0.5,11,0.6875,2,3067.38,191.71125,5216.17797599254,
2,201,481.718588,NB,64,0.5,34,0.53125,26,147.09,2.29828125,435107.757155483,
2,202,481.903029,NB,1,1.0,1,1.0,28,102.586,102.586,9747.918819332073,
2,203,482.057649,RF,16,0.05,0,0.0,14,3073.662,192.103875,5205.51706726374,
2,204,485.184815,LoR,64,0.0,0,0.0,18,177.632,2.7755,360295.44226265536,
2,205,485.422832,LoR,8,0.5,3,0.375,8,155.559,19.444875,51427.43267827641,
2,206,485.641571,MLP,32,0.5,11,0.34375,21,199.882,6.2463125,160094.45572888004,
2,207,485.916111,AB,64,0.01,1,0.015625,7,8466.289,132.285765625,7559.3923146256875,
2,208,494.425716,MLP,16,0.0,0,0.0,5,188.6,11.7875,84835.6309650053,
2,209,494.65677,SGD,1,0.1,0,0.0,27,147.8,147.8,6765.899864682002,
2,210,494.962987,GB,32,0.0,0,0.0,18,236.843,7.40134375,135110.60069328628,
2,211,495.23947,SGD,1,1.0,1,1.0,28,152.568,152.568,6554.454407215143,
2,212,495.55232,DT,64,0.0,0,0.0,26,94.825,1.481640625,674927.4980226733,
2,213,495.686357,AB,8,1.0,8,1.0,15,8122.857,1015.357125,984.8751492239738,
2,214,503.877716,RF,32,0.1,4,0.125,7,3460.612,108.144125,9246.91933103162,
2,215,507.411976,GB,1,0.1,0,0.0,8,296.332,296.332,3374.5933614999394,4.0
2,216,520.668878,SGD,8,0.1,2,0.25,11,179.361,22.420125,44602.78432881173,
2,217,520.925431,DT,64,0.5,34,0.53125,28,100.893,1.576453125,634335.3850118442,
2,218,521.089287,AB,32,0.05,3,0.09375,10,8314.834,259.8385625,3848.543458594603,
2,219,529.44687,DT,1,0.5,1,1.0,19,80.775,80.775,12380.068090374496,11.0
2,220,529.710602,GB,1,1.0,1,1.0,23,212.888,212.888,4697.305625493217,4.0
2,221,542.705299,AB,32,0.1,3,0.09375,16,8324.892,260.152875,3843.893710573062,
2,222,551.099375,SGD,32,0.5,17,0.53125,16,165.142,5.1606875,193772.63203788255,
2,223,551.304765,NB,8,0.0,0,0.0,9,114.99,14.37375,69571.26706670146,
2,224,551.458897,NB,1,0.1,0,0.0,17,98.132,98.132,10190.355847226185,
2,225,551.604844,SGD,1,0.01,0,0.0,29,150.051,150.051,6664.40077040473,
2,226,551.91697,AB,32,0.0,0,0.0,19,8557.584,267.4245,3739.373168875701,
2,227,560.546562,MLP,8,0.01,0,0.0,6,224.815,28.101875,35584.81418054845,
2,228,560.818237,RF,8,0.0,0,0.0,15,3226.897,403.362125,2479.1618697466947,
2,229,564.09892,DT,1,0.05,0,0.0,21,103.673,103.673,9645.712962873651,16.0
2,230,564.431584,AB,32,0.0,0,0.0,6,8785.82,274.556875,3642.232597526469,
2,231,573.282408,DT,16,1.0,16,1.0,26,87.707,5.4816875,182425.57606576444,
2,232,573.462032,GB,100,0.1,14,0.14,18,345.973,3.45973,289039.8961768693,
2,233,573.882295,AB,32,0.05,2,0.0625,21,8317.919,259.93496875,3847.116087569499,
2,234,582.247398,RF,32,1.0,32,1.0,19,3171.404,99.106375,10090.168266168548,
2,235,585.481263,DT,100,1.0,100,1.0,4,103.051,1.03051,970393.300404654,
2,236,585.650739,MLP,32,0.05,5,0.15625,4,237.319,7.41621875,134839.60407721254,
2,237,585.957765,LoR,16,0.1,1,0.0625,28,164.045,10.2528125,97534.21317321468,
2,238,586.180669,SGD,16,0.5,8,0.5,21,156.977,9.8110625,101925.75982468769,
2,239,586.3775,DT,1,0.5,0,0.0,6,87.345,87.345,11448.85225256168,7.0
2,240,586.819075,DT,100,0.05,8,0.08,15,101.697,1.01697,983313.1754132373,
2,241,586.988395,SGD,64,0.1,8,0.125,16,170.983,2.671609375,374306.217577186,
2,242,587.199017,LoR,16,0.0,0,0.0,14,151.933,9.4958125,105309.57724786585,
2,243,587.394564,AB,32,1.0,32,1.0,28,8312.347,259.76084375,3849.694917692921,
2,244,595.76674,AB,100,0.0,0,0.0,20,8851.09,88.5109,11298.043517804022,
2,245,604.664817,RF,16,0.05,0,0.0,24,3134.129,195.8830625,5105.086612580401,
2,246,607.882634,GB,100,0.5,49,0.49,2,370.881,3.7088099999999997,269628.2635130945,
2,247,608.336314,DT,100,0.05,2,0.02,17,105.837,1.05837,944849.154832431,
2,248,608.519192,SGD,100,0.01,1,0.01,17,182.589,1.82589,547678.118616127,
2,249,608.761033,GB,100,0.0,0,0.0,22,286.932,2.86932,348514.63064419443,
2,250,609.093824,NB,16,0.01,0,0.0,14,127.68,7.98,125313.28320802005,
2,251,609.260619,DT,1,0.05,0,0.0,29,90.148,90.148,11092.869503483162,14.0
2,252,609.54702,MLP,1,0.01,0,0.0,4,180.047,180.047,5554.10531694502,
2,253,609.905288,DT,16,0.5,8,0.5,8,90.896,5.681,176025.3476500616,
2,254,610.053821,LoR,16,0.05,1,0.0625,3,156.79,9.799375,102047.32444671217,
2,255,610.278744,LoR,64,0.1,6,0.09375,28,161.278,2.51996875,396830.3178362827,
2,256,610.497602,AB,16,0.5,7,0.4375,8,8189.538,511.846125,1953.7121630060208,
2,257,618.761387,MLP,100,0.01,0,0.0,2,244.514,2.4451400000000003,408974.5372453111,
2,258,619.049743,DT,8,0.01,0,0.0,24,87.881,10.985125,91032.19125863383,
2,259,619.208453,RF,64,0.5,29,0.453125,8,3288.047,51.375734375,19464.441962052246,
2,260,622.570763,GB,32,0.1,4,0.125,3,288.483,9.01509375,110925.08050734359,
2,261,622.931776,NB,64,0.5,40,0.625,23,143.458,2.24153125,446123.6041210668,
2,262,623.133514,MLP,16,0.05,1,0.0625,11,191.587,11.9741875,83512.9732184334,
2,263,623.385164,AB,8,0.1,1,0.125,27,8062.822,1007.85275,992.2084352104015,
2,264,631.490385,NB,1,0.01,0,0.0,26,101.728,101.728,9830.135262661215,
2,265,631.642869,AB,16,0.0,0,0.0,26,8096.986,506.061625,1976.0439254804196,
2,266,639.808893,DT,32,0.05,2,0.0625,11,88.416,2.763,361925.4433586681,
2,267,639.939191,SGD,16,0.1,0,0.0,22,157.44,9.84,101626.0162601626,
2,268,640.134126,SGD,1,1.0,1,1.0,14,144.577,144.577,6916.729493626234,
2,269,640.46235,AB,64,0.1,12,0.1875,12,8383.798,130.99684375,7633.7717106256605,
2,270,648.905198,RF,100,1.0,100,1.0,5,3341.389,33.41389,29927.673790749894,
2,271,652.329172,GB,100,0.05,3,0.03,10,296.678,2.96678,337065.7750153365,
2,272,652.688518,RF,16,0.05,2,0.125,28,3072.426,192.026625,5207.61118412616,
2,273,655.824066,DT,100,0.01,0,0.0,2,104.344,1.04344,958368.4735106954,
2,274,655.966436,RF,1,0.0,0,0.0,5,2933.151,2933.151,340.93028282553473,9.99
2,275,672.270357,AB,16,0.1,2,0.125,15,8313.217,519.5760625,1924.646018502825,
2,276,680.657158,AB,32,0.1,5,0.15625,21,8235.306,257.3533125,3885.7086791917627,
2,277,688.956964,DT,100,0.0,0,0.0,28,93.241,0.93241,1072489.5700389314,
2,278,689.111999,MLP,16,0.1,2,0.125,20,213.535,13.3459375,74929.16852038307,
2,279,689.387571,NB,8,0.1,1,0.125,25,131.885,16.485625,60658.9073814308,
2,280,689.589601,LoR,64,0.01,1,0.015625,10,171.006,2.67196875,374255.8740628984,
2,281,689.799903,MLP,8,1.0,8,1.0,20,178.542,22.31775,44807.38425692554,
2,282,690.05725,AB,100,0.1,7,0.07,3,8846.788,88.46788000000001,11303.537509884944,
2,283,698.967611,NB,8,0.1,2,0.25,23,112.994,14.12425,70800.21948068039,
2,284,699.120848,GB,16,0.0,0,0.0,20,254.599,15.9124375,62843.92318901489,
2,285,699.421075,MLP,16,0.01,0,0.0,24,199.963,12.4976875,80014.80273850662,
2,286,699.683609,MLP,16,0.05,4,0.25,27,182.301,11.3938125,87766.93490436148,
2,287,699.91044,AB,16,1.0,16,1.0,27,8172.845,510.8028125,1957.7026115141055,
2,288,708.153863,AB,32,0.05,1,0.03125,7,8140.502,254.3906875,3930.9615058137692,
2,289,716.377694,AB,100,0.01,1,0.01,12,8649.014,86.49014,11562.011577273433,
2,290,725.073811,GB,32,0.0,0,0.0,27,242.506,7.5783125,131955.4980082967,
2,291,725.389433,LoR,64,0.05,2,0.03125,14,174.286,2.72321875,367212.5127663725,
2,292,725.604257,LoR,1,0.1,0,0.0,28,148.731,148.731,6723.54788174624,
2,293,725.918646,MLP,32,1.0,32,1.0,28,192.188,6.005875,166503.63186046996,
2,294,726.154583,RF,8,0.01,0,0.0,11,3121.446,390.18075,2562.9147516888006,
2,295,729.323152,MLP,32,1.0,32,1.0,21,207.891,6.49659375,153926.81741874348,
2,296,729.593132,GB,8,0.5,5,0.625,13,233.929,29.241125,34198.410628866026,
2,297,729.893744,SGD,32,0.5,15,0.46875,10,169.896,5.30925,188350.5203183124,
2,298,730.115741,AB,64,0.01,0,0.0,11,8382.596,130.9780625,7634.866334963537,
2,299,738.564409,AB,8,0.5,4,0.5,28,7918.819,989.852375,1010.2516549500626,
2,300,746.524891,MLP,8,0.0,0,0.0,3,181.882,22.73525,43984.56141894195,
2,301,746.749433,DT,1,0.05,0,0.0,11,85.6,85.6,11682.242990654206,15.0
2,302,747.035123,NB,1,0.01,0,0.0,12,107.708,107.708,9284.361421621421,
2,303,747.223123,MLP,64,0.1,8,0.125,1,219.438,3.42871875,291654.1346530683,
2,304,747.512715,LoR,64,0.1,7,0.109375,20,162.579,2.540296875,393654.7770622282,
2,305,747.712471,AB,1,0.0,0,0.0,22,7741.722,7741.722,129.17022853571854,2.0
2,306,768.309339,DT,32,0.0,0,0.0,2,97.085,3.03390625,329608.0753978473,
2,307,768.484988,RF,100,0.01,1,0.01,25,3501.894,35.01894,28555.975709144826,
2,308,772.050537,MLP,100,0.0,0,0.0,29,253.688,2.53688,394184.9831288827,
2,309,772.357904,GB,64,1.0,64,1.0,25,268.465,4.194765625,238392.34164602464,
2,310,772.687832,DT,8,0.5,6,0.75,0,95.625,11.953125,83660.13071895424,
2,311,772.847659,AB,32,0.1,4,0.125,27,8248.96,257.78,3879.2769027853215,
2,312,781.139356,DT,1,0.01,0,0.0,7,81.409,81.409,12283.654141433994,16.0
2,313,781.41142,LoR,8,1.0,8,1.0,24,157.773,19.721625,50705.76080824983,
2,314,781.647612,DT,100,0.05,8,0.08,20,97.95,0.9795,1020929.0454313424,
2,315,781.804446,AB,16,0.1,1,0.0625,14,8143.72,508.9825,1964.7040910050935,
2,316,790.030262,GB,100,0.05,5,0.05,2,295.502,2.95502,338407.1850613532,
2,317,790.366137,DT,1,0.0,0,0.0,16,92.243,92.243,10840.931019155925,16.0
2,318,790.656881,DT,8,0.01,0,0.0,27,91.912,11.489,87039.77717817042,
2,319,790.787897,AB,8,1.0,8,1.0,16,8130.717,1016.339625,983.9230660715408,
2,320,798.978475,MLP,100,1.0,100,1.0,14,242.152,2.4215199999999997,412963.7583005716,
2,321,799.266493,LoR,32,1.0,32,1.0,7,155.637,4.86365625,205606.6359541754,
2,322,799.469407,NB,32,0.01,0,0.0,17,120.58,3.768125,265383.97744236194,
2,323,799.647729,LoR,8,0.05,2,0.25,28,151.609,18.951125,52767.31592451635,
2,324,799.840295,GB,8,0.01,0,0.0,24,214.823,26.852875,37239.96033944224,
2,325,800.097166,NB,1,0.1,0,0.0,7,105.608,105.608,9468.97962275585,
2,326,800.290044,RF,64,0.1,5,0.078125,12,3354.235,52.409921875,19080.35662379052,
2,327,803.690141,AB,8,0.01,0,0.0,1,8149.567,1018.695875,981.6472457984578,
2,328,811.892983,LoR,64,1.0,64,1.0,24,165.053,2.578953125,387754.23651796696,
2,329,812.140093,DT,100,0.05,6,0.06,9,97.066,0.9706600000000001,1030226.8559536809,
2,330,812.274283,MLP,1,1.0,1,1.0,14,169.342,169.342,5905.209575887848,
2,331,812.59776,MLP,1,0.0,0,0.0,10,160.69,160.69,6223.162611239031,
2,332,812.934625,GB,64,0.1,8,0.125,27,263.461,4.116578125,242920.20450844715,
2,333,813.270425,MLP,64,0.1,5,0.078125,2,225.786,3.52790625,283454.2442844109,
2,334,813.535317,GB,1,1.0,1,1.0,15,209.163,209.163,4780.960303686598,4.0
2,335,826.471029,AB,32,1.0,32,1.0,4,8156.792,254.89975,3923.110948519957,
2,336,834.670988,RF,16,0.0,0,0.0,11,2984.817,186.5510625,5360.46263472769,
2,337,837.702053,AB,32,0.0,0,0.0,18,8089.189,252.78715625,3955.8971857376555,
2,338,845.830442,NB,1,0.0,0,0.0,18,102.701,102.701,9737.003534532283,
2,339,845.993821,MLP,64,0.01,0,0.0,9,212.9,3.3265625,300610.6153123532,
2,340,846.250187,MLP,16,0.01,0,0.0,6,172.915,10.8071875,92531.01234710697,
2,341,846.462443,GB,8,1.0,8,1.0,12,217.391,27.173875,36800.05152007213,
2,342,846.72017,GB,8,0.0,0,0.0,22,207.167,25.895875,38616.18887177977,
2,343,846.967282,MLP,8,1.0,8,1.0,8,176.697,22.087125,45275.24519374975,
2,344,847.202878,LoR,8,0.5,4,0.5,4,149.63,18.70375,53465.21419501437,
2,345,847.392141,LoR,8,0.1,0,0.0,6,143.301,17.912625,55826.54691872353,
2,346,847.573828,AB,1,0.1,0,0.0,3,7591.268,7591.268,131.73029854827942,2.0
2,347,867.761378,SGD,64,0.5,34,0.53125,20,170.224,2.65975,375975.1856377479,
2,348,867.994418,AB,32,0.5,19,0.59375,17,8029.09,250.9090625,3985.5076976344767,
2,349,876.104317,AB,100,0.1,7,0.07,18,8464.943,84.64943,11813.428631474542,
2,350,884.610351,NB,8,1.0,8,1.0,9,109.228,13.6535,73241.29344124217,
2,351,884.776196,RF,100,1.0,100,1.0,12,3228.424,32.28424,30974.86575493182,
2,352,888.050641,GB,32,0.0,0,0.0,10,242.73,7.5853125,131833.7247147036,
2,353,888.336643,RF,16,1.0,16,1.0,21,2997.55,187.346875,5337.692448833213,
2,354,891.418156,LoR,32,0.05,4,0.125,12,180.498,5.6405625,177287.28296158407,
2,355,891.675588,MLP,100,0.05,5,0.05,22,237.46,2.3746,421123.557651815,
2,356,891.955579,SGD,8,0.1,0,0.0,5,150.213,18.776625,53257.70738884118,
2,357,892.179406,LoR,64,0.01,1,0.015625,9,156.615,2.447109375,408645.4043354723,
2,358,892.375072,GB,1,0.05,0,0.0,28,201.754,201.754,4956.531221190163,4.0
2,359,905.123659,RF,32,0.1,0,0.0,16,3115.592,97.36225,10270.921224601938,
2,360,908.306901,MLP,32,0.5,15,0.46875,20,205.705,6.42828125,155562.57747745558,
2,361,908.551663,NB,1,0.0,0,0.0,14,105.211,105.211,9504.709583598673,
2,362,908.701434,DT,1,0.0,0,0.0,13,86.916,86.916,11505.361498458282,16.0
2,363,908.973519,LoR,1,0.05,0,0.0,2,150.348,150.348,6651.235799611567,
2,364,909.292526,LoR,100,0.0,0,0.0,19,165.507,1.65507,604204.0517923713,
2,365,909.528911,GB,64,0.5,31,0.484375,17,265.762,4.15253125,240816.9715760718,
2,366,909.845717,LoR,64,0.0,0,0.0,12,166.874,2.60740625,383522.89751549077,
2,367,910.093204,MLP,100,0.05,5,0.05,28,232.803,2.32803,429547.7291959296,
2,368,910.390988,AB,32,0.1,4,0.125,29,8040.81,251.2753125,3979.6985627069907,
2,369,918.490101,GB,100,1.0,100,1.0,14,325.061,3.25061,307634.5670504921,
2,370,918.856466,DT,8,0.0,0,0.0,0,90.808,11.351,88097.96493700995,
2,371,918.996157,MLP,64,1.0,64,1.0,25,215.586,3.36853125,296865.28809848503,
2,372,919.249735,MLP,1,1.0,1,1.0,6,160.6,160.6,6226.650062266501,
2,373,919.555992,MLP,8,0.0,0,0.0,7,166.889,20.861125,47936.05330489127,
2,374,919.765291,NB,8,0.01,0,0.0,6,108.997,13.624625,73396.51550042661,
2,375,919.924797,MLP,64,0.01,0,0.0,7,201.9,3.1546875,316988.60822189203,
2,376,920.192343,SGD,32,0.05,3,0.09375,10,153.417,4.79428125,208581.8390400021,
2,377,920.388587,NB,1,0.1,0,0.0,10,97.994,97.994,10204.706410596567,
2,378,920.546083,LoR,64,1.0,64,1.0,3,156.329,2.442640625,409393.01089369215,
2,379,920.760394,GB,8,0.1,1,0.125,26,212.598,26.57475,37629.70488903941,
2,380,921.019332,SGD,32,0.05,0,0.0,28,155.888,4.8715,205275.58246946524,
2,381,921.220783,GB,32,0.01,0,0.0,13,227.52,7.11,140646.97609001407,
2,382,921.492258,AB,32,0.0,0,0.0,11,8024.798,250.7749375,3987.639315033226,
2,383,929.57641,LoR,100,1.0,100,1.0,15,164.942,1.64942,606273.7204593129,
2,384,929.811395,NB,64,0.01,2,0.03125,2,129.757,2.027453125,493229.6523501622,
2,385,930.015009,SGD,100,0.05,7,0.07,17,165.399,1.65399,604598.5767749503,
2,386,930.237323,RF,8,0.1,1,0.125,12,2992.979,374.122375,2672.9221955783855,
2,387,933.270181,DT,1,1.0,1,1.0,17,91.38,91.38,10943.31363536879,4.0
2,388,933.569971,DT,100,0.0,0,0.0,15,98.83,0.9883,1011838.5105737124,
2,389,933.724445,DT,100,0.0,0,0.0,7,93.751,0.9375100000000001,1066655.2890102505,
2,390,933.856727,DT,1,0.05,0,0.0,18,82.362,82.362,12141.521575483841,16.0
2,391,934.156692,NB,100,0.01,2,0.02,17,151.361,1.51361,660672.1678635845,
2,392,934.346991,LoR,16,1.0,16,1.0,11,155.973,9.7483125,102581.85711629577,
2,393,934.541934,LoR,1,0.1,0,0.0,6,147.705,147.705,6770.251514843776,
2,394,934.836316,SGD,8,0.01,0,0.0,0,145.741,18.217625,54891.89726981425,
2,395,935.052166,AB,64,0.5,29,0.453125,11,8239.133,128.736453125,7767.807607912144,
2,396,943.332285,AB,8,1.0,8,1.0,17,7754.955,969.369375,1031.5985070190607,
2,397,951.167535,MLP,100,0.01,3,0.03,5,233.903,2.3390299999999997,427527.65035078645,
2,398,951.470778,GB,32,0.05,2,0.0625,3,238.265,7.44578125,134304.24107611272,
2,399,951.748698,RF,8,0.0,0,0.0,4,2932.004,366.5005,2728.509238050153,
2,400,954.720411,RF,1,0.0,0,0.0,12,2949.675,2949.675,339.02040055260323,11.36
2,401,970.377711,GB,100,0.0,0,0.0,12,312.474,3.12474,320026.6262153011,
2,402,970.770144,LoR,100,0.1,7,0.07,29,177.758,1.7775800000000002,562562.585087591,
2,403,971.006369,DT,8,0.1,1,0.125,26,89.94,11.2425,88948.18768067601,
2,404,971.162414,LoR,64,0.05,3,0.046875,4,162.456,2.538375,393952.82414930814,
2,405,971.380063,LoR,8,0.5,5,0.625,18,148.12,18.515,54010.26194977046,
2,406,971.603152,AB,100,0.1,10,0.1,2,8597.434,85.97434,11631.377455180233,
2,407,980.245927,AB,32,0.0,0,0.0,9,7943.256,248.22675,4028.574680206706,
2,408,988.234599,DT,16,0.01,0,0.0,22,80.391,5.0244375,199027.25429463497,
2,409,988.373809,RF,8,0.05,1,0.125,9,2964.472,370.559,2698.6255899870193,
2,410,991.406029,MLP,32,0.05,1,0.03125,12,204.764,6.398875,156277.47064913754,
2,411,991.688574,GB,100,0.1,13,0.13,28,296.686,2.9668599999999996,337056.68619348406,
2,412,992.064899,GB,100,0.1,9,0.09,10,283.661,2.83661,352533.48186744034,
2,413,992.408008,SGD,8,0.5,2,0.25,29,161.175,20.146875,49635.48937490305,
2,414,992.612281,AB,16,0.01,0,0.0,23,8098.754,506.172125,1975.612544843318,
2,415,1000.7908,RF,100,0.05,8,0.08,26,3432.315,34.32315,29134.855046812427,
2,416,1004.287854,DT,16,0.1,1,0.0625,10,94.138,5.883625,169963.24544817183,
2,417,1004.445472,MLP,32,0.1,2,0.0625,12,233.879,7.30871875,136822.88704843103,
2,418,1004.753731,GB,64,0.5,37,0.578125,23,267.87,4.18546875,238921.8650838093,
2,419,1005.081914,NB,8,0.1,1,0.125,11,119.143,14.892875,67146.20246258698,
2,420,1005.242292,RF,32,0.0,0,0.0,19,3136.957,98.02990625,10200.968645728966,
2,421,1008.424245,SGD,8,0.05,0,0.0,23,164.039,20.504875,48768.89032486177,
2,422,1008.639441,SGD,64,0.0,0,0.0,23,162.187,2.534171875,394606.2261463619,
2,423,1008.842285,AB,16,1.0,16,1.0,26,8052.567,503.2854375,1986.9440390871632,
2,424,1016.97511,SGD,100,0.1,10,0.1,1,169.016,1.6901599999999999,591659.9611871066,
2,425,1017.214362,GB,64,0.01,1,0.015625,8,248.601,3.884390625,257440.63780918016,
2,426,1017.533503,MLP,64,0.05,1,0.015625,6,220.679,3.448109375,290014.00223854557,
2,427,1017.81568,AB,8,0.5,2,0.25,21,7879.676,984.9595,1015.2701710070312,
2,428,1025.763923,DT,32,0.1,1,0.03125,22,83.972,2.624125,381079.4074215215,
2,429,1025.886123,AB,1,0.05,0,0.0,4,7577.402,7577.402,131.97135377006526,2.0
2,430,1046.118536,LoR,64,0.0,0,0.0,11,166.56,2.6025,384245.91738712776,
2,431,1046.325014,LoR,1,0.05,0,0.0,10,142.845,142.845,7000.595050579299,
2,432,1046.658076,DT,32,0.01,0,0.0,3,89.395,2.79359375,357961.8546898596,
2,433,1046.7862,AB,1,0.01,0,0.0,14,7654.876,7654.876,130.63568893865818,2.0
2,434,1066.879858,LoR,1,0.01,0,0.0,25,150.817,150.817,6630.552258697627,
2,435,1067.182761,NB,1,0.01,0,0.0,27,102.693,102.693,9737.762067521642,
2,436,1067.350677,AB,100,1.0,100,1.0,8,8591.684,85.91684,11639.161775502918,
2,437,1075.984536,RF,1,0.1,0,0.0,15,2888.503,2888.503,346.20009049670364,10.17
2,438,1091.479798,GB,1,1.0,1,1.0,17,213.255,213.255,4689.221823638367,4.0
2,439,1104.209723,AB,8,0.05,2,0.25,21,7907.804,988.4755,1011.658862561591,
2,440,1112.184012,SGD,32,0.5,16,0.5,14,158.681,4.95878125,201662.45486227082,
2,441,1112.38989,DT,32,0.05,0,0.0,14,88.235,2.75734375,362667.8755595852,
2,442,1112.55367,RF,100,0.05,9,0.09,11,3373.21,33.7321,29645.352646292402,
2,443,1115.991646,LoR,16,0.01,1,0.0625,23,165.379,10.3361875,96747.47096064192,
2,444,1116.203504,RF,32,0.01,0,0.0,21,3071.495,95.98421875,10418.379323423937,
2,445,1119.356319,AB,100,0.05,5,0.05,20,8917.319,89.17318999999999,11214.13285764477,
2,446,1128.350304,NB,64,0.0,0,0.0,28,151.928,2.373875,421252.1720815123,
2,447,1128.556501,RF,1,0.05,0,0.0,12,3094.195,3094.195,323.1858367038923,9.99
2,448,1144.762066,MLP,16,1.0,16,1.0,6,217.071,13.5669375,73708.60225456188,
2,449,1145.022576,MLP,1,0.01,0,0.0,16,164.967,164.967,6061.818424290918,
2,450,1145.382833,GB,100,0.1,6,0.06,15,311.781,3.11781,320737.953884297,
2,451,1145.767772,RF,64,0.01,1,0.015625,18,3292.405,51.443828125,19438.67780543402,
2,452,1149.12403,RF,16,0.05,3,0.1875,16,2999.306,187.456625,5334.567396591078,
2,453,1152.167994,LoR,8,0.01,0,0.0,1,168.373,21.046625,47513.5562115066,
2,454,1152.37711,LoR,1,0.05,0,0.0,26,145.754,145.754,6860.875173237098,
2,455,1152.669528,LoR,1,0.0,0,0.0,21,139.781,139.781,7154.048118127642,
2,456,1152.954611,NB,16,0.01,0,0.0,24,117.032,7.3145,136714.7446852143,
2,457,1153.112129,DT,1,0.0,0,0.0,14,87.647,87.647,11409.403630472234,16.0
2,458,1153.383419,GB,8,1.0,8,1.0,5,228.58,28.5725,34998.687549216906,
2,459,1153.653979,RF,16,0.0,0,0.0,18,3043.219,190.2011875,5257.590728764509,
2,460,1156.750059,LoR,64,0.0,0,0.0,10,172.838,2.70059375,370288.9410893438,
2,461,1156.989032,RF,32,0.05,5,0.15625,24,3109.492,97.171625,10291.070052600231,
2,462,1160.173621,SGD,64,0.5,32,0.5,26,174.916,2.7330625,365889.9128724645,
2,463,1160.408369,LoR,8,0.1,1,0.125,10,150.396,18.7995,53192.90406659752,
2,464,1160.626597,MLP,64,0.05,7,0.109375,11,216.294,3.37959375,295893.552294562,
2,465,1160.888469,RF,32,0.05,0,0.0,23,3131.647,97.86396875,10218.265340889315,
2,466,1164.089429,NB,32,0.05,1,0.03125,18,128.956,4.029875,248146.6546729117,
2,467,1164.298138,MLP,100,0.01,1,0.01,15,243.963,2.4396299999999997,409898.22227141,
2,468,1164.587418,GB,32,1.0,32,1.0,22,267.511,8.35971875,119621.24921965825,
2,469,1164.915721,RF,16,0.5,6,0.375,21,2987.536,186.721,5355.583999657242,
2,470,1167.949625,DT,32,1.0,32,1.0,6,95.148,2.973375,336318.15697649977,
2,471,1168.094289,DT,64,1.0,64,1.0,17,91.064,1.422875,702802.4246683652,
2,472,1168.26117,NB,100,0.1,13,0.13,14,151.288,1.51288,660990.9576436994,
2,473,1168.47758,DT,64,0.1,3,0.046875,18,95.225,1.487890625,672092.4127067472,
2,474,1168.610058,DT,1,0.01,0,0.0,1,84.007,84.007,11903.76992393491,16.0
2,475,1168.88141,SGD,1,0.0,0,0.0,21,155.705,155.705,6422.4013358594775,
2,476,1169.192542,LoR,32,1.0,32,1.0,25,150.177,4.69303125,213081.89669523298,
2,477,1169.406381,RF,32,0.05,1,0.03125,9,3072.285,96.00890625,10415.700366339712,
2,478,1172.527451,GB,32,0.01,0,0.0,7,244.076,7.627375,131106.7044690998,
2,479,1172.812915,MLP,8,1.0,8,1.0,23,183.449,22.931125,43608.85041619196,
2,480,1173.075097,MLP,100,0.5,54,0.54,16,229.48,2.2948,435767.8229039568,
2,481,1173.368121,LoR,32,0.1,8,0.25,14,154.322,4.8225625,207358.63972732337,
2,482,1173.564791,RF,16,0.01,0,0.0,10,3028.592,189.287,5282.98298351181,
2,483,1176.674241,MLP,100,0.1,8,0.08,2,243.94,2.4394,409936.8697220628,
2,484,1176.969405,SGD,64,1.0,64,1.0,15,165.388,2.5841875,386968.8248240501,
2,485,1177.195518,RF,16,0.5,10,0.625,0,2998.686,187.417875,5335.670356949677,
2,486,1180.241015,SGD,32,0.0,0,0.0,18,167.897,5.24678125,190593.04216275454,
2,487,1180.494269,DT,100,0.05,2,0.02,12,98.707,0.9870699999999999,1013099.3749176858,
2,488,1180.63448,RF,16,0.05,0,0.0,7,2965.857,185.3660625,5394.730764160241,
2,489,1183.681813,DT,100,0.01,2,0.02,14,101.491,1.01491,985309.0421810801,
2,490,1183.82316,LoR,1,0.1,0,0.0,2,152.997,152.997,6536.075870768707,
2,491,1184.123321,AB,1,0.01,0,0.0,11,7668.221,7668.221,130.4083437344855,2.0
2,492,1205.401097,LoR,8,0.5,3,0.375,29,200.814,25.10175,39837.85991016563,
2,493,1205.66126,AB,64,0.0,0,0.0,25,8760.696,136.885875,7305.355647542159,
2,494,1214.517124,SGD,100,0.01,0,0.0,13,214.025,2.14025,467235.1360822334,
2,495,1214.780755,NB,1,0.05,0,0.0,12,115.102,115.102,8687.946343243384,
2,496,1214.971521,LoR,16,0.05,1,0.0625,29,168.453,10.5283125,94981.98310507975,
2,497,1215.181743,NB,1,0.01,0,0.0,11,103.605,103.605,9652.043820278943,
2,498,1215.335714,AB,16,1.0,16,1.0,6,8198.77,512.423125,1951.5122390309764,
2,499,1223.585492,RF,8,0.0,0,0.0,14,3110.22,388.7775,2572.165313064671,
2,500,1226.742496,MLP,1,0.1,0,0.0,16,201.103,201.103,4972.57624202523,
2,501,1227.129658,GB,32,0.1,4,0.125,4,275.126,8.5976875,116310.34507825506,
2,502,1227.45964,DT,64,1.0,64,1.0,29,95.753,1.496140625,668386.3690954853,
2,503,1227.617685,GB,32,0.5,15,0.46875,4,267.175,8.34921875,119771.68522503976,
2,504,1227.926029,DT,16,0.0,0,0.0,25,89.525,5.5953125,178721.02764590897,
2,505,1228.08362,GB,64,0.1,7,0.109375,28,245.017,3.828390625,261206.36527261374,
2,506,1228.408922,LoR,100,0.5,39,0.39,27,207.152,2.07152,482737.313663397,
2,507,1228.65905,DT,1,0.1,0,0.0,7,86.827,86.827,11517.154802077695,16.0
2,508,1228.951494,NB,16,1.0,16,1.0,3,123.649,7.7280625,129398.53941398636,
2,509,1229.117157,SGD,32,1.0,32,1.0,2,160.016,5.0005,199980.00199980004,
2,510,1229.361084,DT,100,1.0,100,1.0,5,122.864,1.22864,813908.0609454355,
2,511,1229.525823,RF,32,1.0,32,1.0,24,3113.32,97.29125,10278.416609921242,
2,512,1232.684319,RF,8,0.05,0,0.0,18,3099.167,387.395875,2581.3387920044324,
2,513,1235.826183,DT,8,0.0,0,0.0,2,109.489,13.686125,73066.70076446036,
2,514,1236.036182,AB,100,0.0,0,0.0,6,9331.092,93.31092000000001,10716.859291495572,
2,515,1245.455938,MLP,100,0.0,0,0.0,5,307.079,3.07079,325649.10006871197,
2,516,1245.813496,GB,16,0.0,0,0.0,24,271.736,16.9835,58880.67830541408,
2,517,1246.129954,LoR,16,1.0,16,1.0,19,172.68,10.7925,92656.93768820941,
2,518,1246.365765,AB,8,0.5,3,0.375,19,8537.148,1067.1435,937.0810954665423,
2,519,1255.012407,GB,100,0.1,12,0.12,26,333.401,3.33401,299939.1123601909,
2,520,1255.433775,NB,100,0.05,5,0.05,10,165.934,1.65934,602649.2460857931,
2,521,1255.638512,MLP,1,1.0,1,1.0,24,200.633,200.633,4984.224928102555,
2,522,1256.010543,MLP,32,0.0,0,0.0,6,201.387,6.29334375,158898.04207818778,
2,523,1256.252461,DT,8,1.0,8,1.0,17,90.896,11.362,88012.6738250308,
2,524,1256.396077,MLP,64,0.01,0,0.0,25,209.697,3.276515625,305202.2680343543,
2,525,1256.65079,MLP,16,0.01,0,0.0,16,176.339,11.0211875,90734.32422776584,
2,526,1256.885885,LoR,100,1.0,100,1.0,28,170.028,1.70028,588138.4242595338,
2,527,1257.139981,RF,100,0.01,3,0.03,11,3553.077,35.530770000000004,28144.61943830657,
2,528,1260.759366,SGD,16,0.5,7,0.4375,22,172.671,10.7919375,92661.76717572725,
2,529,1260.993909,RF,8,0.01,1,0.125,26,3052.759,381.594875,2620.5802685374115,
2,530,1264.128922,NB,32,0.1,1,0.03125,15,135.132,4.222875,236805.49388745817,
2,531,1264.307493,SGD,32,0.0,0,0.0,8,165.166,5.1614375,193744.47525519782,
2,532,1264.538297,NB,32,0.05,1,0.03125,7,120.882,3.7775625,264720.9675551364,
2,533,1264.698881,SGD,8,0.01,0,0.0,29,155.799,19.474875,51348.211477608966,
2,534,1264.892245,LoR,1,0.0,0,0.0,5,146.934,146.934,6805.7767432997125,
2,535,1265.214106,AB,32,0.05,1,0.03125,2,8752.538,273.5168125,3656.082384332407,
2,536,1274.021726,MLP,8,0.0,0,0.0,21,228.884,28.6105,34952.202862585415,
2,537,1274.315059,MLP,64,1.0,64,1.0,2,212.357,3.318078125,301379.2811162335,
2,538,1274.636186,RF,64,0.01,2,0.03125,26,3337.597,52.149953125,19175.472652929635,
2,539,1278.04039,MLP,100,0.01,0,0.0,17,252.487,2.52487,396059.99516806804,
2,540,1278.335399,DT,8,0.0,0,0.0,5,92.974,11.62175,86045.56112461549,
2,541,1278.469715,MLP,8,0.01,0,0.0,11,220.889,27.611125,36217.28560498712,
2,542,1278.762845,MLP,64,0.01,1,0.015625,8,208.797,3.262453125,306517.8139532656,
2,543,1279.048835,DT,100,0.05,11,0.11,8,99.166,0.99166,1008410.1405723736,
2,544,1279.21003,GB,32,0.05,1,0.03125,28,275.122,8.5975625,116312.0361148872,
2,545,1279.528639,LoR,8,0.1,0,0.0,0,166.162,20.77025,48145.78543830719,
2,546,1279.755284,RF,16,0.5,7,0.4375,24,3110.294,194.393375,5144.20823240504,
2,547,1282.948215,RF,100,0.1,6,0.06,2,3464.761,34.64761,28862.019631368512,
2,548,1286.475329,MLP,100,1.0,100,1.0,26,290.78,2.9078,343902.6067817594,
2,549,1286.849283,NB,100,0.01,1,0.01,28,160.534,1.60534,622921.001158633,
2,550,1287.052529,LoR,16,0.01,0,0.0,10,160.644,10.04025,99599.11356788925,
2,551,1287.254399,MLP,1,0.5,1,1.0,13,166.836,166.836,5993.910187249754,
2,552,1287.580229,RF,16,1.0,16,1.0,19,3019.057,188.6910625,5299.668075163868,
2,553,1290.658803,MLP,8,1.0,8,1.0,27,190.234,23.77925,42053.4709883617,
2,554,1290.891715,NB,1,0.01,0,0.0,1,106.531,106.531,9386.939013057232,
2,555,1291.086283,RF,100,0.5,43,0.43,12,3755.792,37.557919999999996,26625.54262855877,
2,556,1294.887737,DT,8,0.01,0,0.0,5,98.959,12.369875,80841.56064632827,
2,557,1295.052871,AB,32,0.1,5,0.15625,18,8748.013,273.37540625,3657.9735306749085,
2,558,1303.91383,NB,64,0.5,27,0.421875,6,161.989,2.531078125,395088.5553957367,
2,559,1304.136851,DT,8,0.5,6,0.75,15,93.516,11.6895,85546.85829162924,
2,560,1304.275795,DT,32,1.0,32,1.0,25,115.887,3.62146875,276131.0587037373,
2,561,1304.438743,MLP,32,0.01,0,0.0,7,251.431,7.85721875,127271.49794575847,
2,562,1304.729562,GB,1,0.0,0,0.0,13,250.619,250.619,3990.12046173674,4.0
2,563,1318.164689,DT,100,0.1,9,0.09,19,112.539,1.1253900000000001,888580.8475284124,
2,564,1318.361073,MLP,32,0.1,3,0.09375,20,266.418,8.3255625,120112.00444414416,
2,565,1318.694508,LoR,32,0.1,2,0.0625,22,165.504,5.172,193348.80123743234,
2,566,1318.912368,DT,64,0.01,0,0.0,0,101.181,1.580953125,632529.8227928169,
2,567,1319.051715,RF,8,1.0,8,1.0,1,3020.768,377.596,2648.3331391222364,
2,568,1322.115614,AB,8,0.0,0,0.0,21,8167.673,1020.959125,979.471141902963,
2,569,1330.325885,AB,1,0.1,0,0.0,28,7796.287,7796.287,128.26618619863532,2.0
2,570,1351.151794,SGD,1,1.0,1,1.0,12,162.572,162.572,6151.120734197771,
2,571,1351.493771,SGD,100,1.0,100,1.0,20,169.917,1.69917,588522.6316377997,
2,572,1351.70595,NB,16,0.0,0,0.0,5,121.357,7.5848125,131842.41535304926,
2,573,1351.898688,RF,64,0.5,29,0.453125,5,3346.51,52.28921875,19124.401241890806,
2,574,1355.310708,AB,16,0.1,2,0.125,5,8103.896,506.4935,1974.3589996712692,
2,575,1363.456427,AB,8,1.0,8,1.0,5,7947.839,993.479875,1006.562916032899,
2,576,1371.472635,NB,32,0.1,7,0.21875,13,124.37,3.8865625,257296.77574977887,
2,577,1371.66703,RF,64,0.5,35,0.546875,20,3342.645,52.228828125,19146.51421254725,
2,578,1375.074199,NB,8,0.05,1,0.125,11,120.695,15.086875,66282.77890550562,
2,579,1375.257618,AB,32,0.05,2,0.0625,8,8286.619,258.95684375,3861.647313578674,
2,580,1383.587197,GB,1,0.1,0,0.0,23,235.237,235.237,4251.0319380029505,4.0
2,581,1396.500874,AB,8,0.0,0,0.0,22,8074.602,1009.32525,990.7609068533657,
2,582,1404.621944,NB,32,1.0,32,1.0,20,122.371,3.82409375,261499.86516413203,
2,583,1404.782151,RF,1,0.0,0,0.0,1,3001.666,3001.666,333.1483249635369,11.56
2,584,1420.774192,SGD,16,0.01,0,0.0,5,169.067,10.5666875,94637.03738754458,
2,585,1420.986513,AB,16,1.0,16,1.0,24,8617.999,538.6249375,1856.5794681572834,
2,586,1429.725006,MLP,100,0.1,7,0.07,24,298.836,2.98836,334631.70434619655,
2,587,1430.077898,AB,1,0.1,0,0.0,1,7906.223,7906.223,126.4826453794688,2.0
2,588,1451.012327,GB,32,0.5,11,0.34375,20,288.819,9.02559375,110796.03488690149,
2,589,1451.35015,RF,32,1.0,32,1.0,27,3141.482,98.1713125,10186.275140204527,
2,590,1454.568204,RF,32,0.1,4,0.125,8,3107.177,97.09928125,10298.737406977458,
2,591,1457.716001,GB,1,0.0,0,0.0,25,237.59,237.59,4208.931352329643,4.0
2,592,1470.734272,MLP,16,0.01,1,0.0625,4,218.866,13.679125,73104.0910876975,
2,593,1470.998111,MLP,8,0.05,0,0.0,12,179.298,22.41225,44618.45642449999,
2,594,1471.215672,AB,1,0.0,0,0.0,10,7779.748,7779.748,128.5388678399352,2.0
2,595,1491.791005,MLP,32,0.01,1,0.03125,27,204.121,6.37878125,156769.759113467,
2,596,1492.069477,RF,64,0.1,9,0.140625,14,3311.775,51.746484375,19324.984336194335,
2,597,1495.42511,LoR,1,0.01,0,0.0,13,167.791,167.791,5959.795221436191,
2,598,1495.778613,SGD,16,0.5,7,0.4375,14,161.679,10.1049375,98961.52252302402,
2,599,1496.020256,SGD,100,0.1,15,0.15,23,170.58,1.7058000000000002,586235.1975612616,
2,600,1496.230561,DT,8,0.0,0,0.0,24,89.016,11.127,89871.48377819717,
2,601,1496.359809,SGD,8,0.05,0,0.0,14,150.479,18.809875,53163.56435117192,
2,602,1496.582042,RF,64,0.5,36,0.5625,25,3350.385,52.349765625,19102.282275022124,
2,603,1499.975953,MLP,1,0.05,0,0.0,24,181.006,181.006,5524.678739931273,
2,604,1500.332096,SGD,16,0.1,2,0.125,21,155.89,9.743125,102636.4744371031,
2,605,1500.528437,RF,8,0.0,0,0.0,17,3052.58,381.5725,2620.733936538928,
2,606,1503.643352,NB,100,1.0,100,1.0,11,167.757,1.67757,596100.311760463,
2,607,1503.858922,MLP,16,0.1,0,0.0,29,192.614,12.038375,83067.6897837125,
2,608,1504.096751,MLP,32,1.0,32,1.0,16,219.896,6.87175,145523.33830538075,
2,609,1504.35988,NB,16,0.0,0,0.0,11,116.275,7.2671875,137604.81616856589,
2,610,1504.514564,LoR,8,1.0,8,1.0,26,154.141,19.267625,51900.53262921611,
2,611,1504.706504,AB,1,1.0,1,1.0,12,8253.847,8253.847,121.15562597659007,2.0
2,612,1525.978916,RF,16,0.05,1,0.0625,15,3183.207,198.9504375,5026.377486603918,
2,613,1529.250805,DT,100,0.1,10,0.1,13,107.336,1.07336,931653.8719534918,
2,614,1529.423948,MLP,32,0.1,6,0.1875,22,228.995,7.15609375,139741.04238083801,
2,615,1529.696362,MLP,8,0.01,0,0.0,4,175.198,21.89975,45662.62171942602,
2,616,1529.913627,AB,8,0.1,0,0.0,29,8020.148,1002.5185,997.4878269079323,
2,617,1538.010887,LoR,64,0.5,33,0.515625,8,169.495,2.648359375,377592.25935868314,
2,618,1538.261523,NB,100,0.1,8,0.08,7,154.343,1.5434299999999999,647907.5824624376,
2,619,1538.464685,AB,64,0.0,0,0.0,18,8428.287,131.691984375,7593.476586642101,
2,620,1546.956507,AB,100,0.01,0,0.0,28,8671.966,86.71966,11531.410524441631,
2,621,1555.692726,DT,16,0.5,9,0.5625,22,84.979,5.3111875,188281.81080031538,
2,622,1555.815106,NB,1,0.0,0,0.0,17,102.704,102.704,9736.719115126967,
2,623,1556.004612,RF,100,0.05,4,0.04,18,3690.943,36.90943,27093.34714732793,
2,624,1559.744867,MLP,16,1.0,16,1.0,7,243.138,15.196125,65806.24994858887,
2,625,1560.033994,NB,1,0.05,0,0.0,25,123.291,123.291,8110.892117023952,
2,626,1560.210971,SGD,8,0.05,0,0.0,0,160.016,20.002,49995.00049995001,
2,627,1560.446633,LoR,64,0.1,8,0.125,0,177.056,2.7665,361467.55828664376,
2,628,1560.69541,AB,100,1.0,100,1.0,10,9369.629,93.69629,10672.781174153213,
2,629,1570.17041,LoR,64,0.5,30,0.46875,12,189.187,2.956046875,338289.62877999013,
2,630,1570.444212,AB,100,0.05,7,0.07,27,9252.225,92.52225,10808.210997895101,
2,631,1579.797849,NB,64,0.01,2,0.03125,12,147.901,2.310953125,432721.88829014,
2,632,1580.02129,DT,64,0.5,36,0.5625,6,99.836,1.5599375,641051.3241716415,
2,633,1580.185384,MLP,32,0.01,1,0.03125,15,230.345,7.19828125,138922.05170505113,
2,634,1580.455819,MLP,8,0.0,0,0.0,10,174.994,21.87425,45715.85311496394,
2,635,1580.691557,MLP,16,0.5,11,0.6875,10,176.176,11.011,90818.27263645447,
2,636,1580.94694,AB,100,0.01,1,0.01,4,8851.888,88.51888000000001,11297.024996249387,
2,637,1589.841952,MLP,1,0.5,1,1.0,16,168.843,168.843,5922.661881155867,
2,638,1590.173904,NB,1,1.0,1,1.0,5,104.815,104.815,9540.619186185184,
2,639,1590.327155,RF,1,0.05,0,0.0,20,3091.792,3091.792,323.4370229303912,8.74
2,640,1606.5441,AB,64,0.1,8,0.125,14,8623.045,134.735078125,7421.97216876405,
2,641,1615.244744,RF,64,0.5,36,0.5625,10,3281.816,51.278375,19501.39800646959,
2,642,1618.576907,LoR,1,0.05,0,0.0,0,202.79,202.79,4931.20962572119,
2,643,1618.963743,MLP,32,0.1,3,0.09375,14,201.36,6.2925,158919.3484306714,
2,644,1619.209829,AB,16,0.01,0,0.0,6,8150.803,509.4251875,1962.996774673612,
2,645,1627.402681,DT,8,1.0,8,1.0,28,81.789,10.223625,97812.66429470955,
2,646,1627.525161,LoR,1,0.1,0,0.0,22,148.024,148.024,6755.661244122574,
2,647,1627.829213,DT,8,0.01,0,0.0,9,85.945,10.743125,93082.78550235617,
2,648,1627.984269,DT,64,0.05,4,0.0625,13,89.437,1.397453125,715587.5085255543,
2,649,1628.149211,RF,100,0.05,6,0.06,2,3459.531,34.59531,28905.65224014469,
2,650,1631.671928,DT,8,0.5,4,0.5,21,94.826,11.85325,84365.04756079557,
2,651,1631.824718,DT,8,0.05,1,0.125,13,87.623,10.952875,91300.22939182635,
2,652,1631.967791,GB,100,0.0,0,0.0,15,314.591,3.14591,317873.0478621448,
2,653,1632.344016,MLP,100,0.01,0,0.0,28,250.952,2.50952,398482.57834167493,
2,654,1632.655651,MLP,100,0.01,0,0.0,29,232.792,2.32792,429568.0263926595,
2,655,1632.928517,RF,8,0.0,0,0.0,5,3026.103,378.262875,2643.66414494153,
2,656,1636.010559,MLP,64,0.01,0,0.0,3,226.391,3.537359375,282696.75031251245,
2,657,1636.280333,GB,1,0.05,0,0.0,27,230.803,230.803,4332.699315000238,4.0
2,658,1649.186767,SGD,8,0.01,0,0.0,3,163.684,20.4605,48874.660932039784,
2,659,1649.395371,NB,16,0.05,0,0.0,14,119.55,7.471875,133835.21539104977,
2,660,1649.578509,MLP,32,0.1,5,0.15625,13,198.666,6.2083125,161074.36602136248,
2,661,1649.855319,SGD,100,0.1,13,0.13,25,171.843,1.71843,581926.5259568327,
2,662,1650.095927,AB,64,0.05,4,0.0625,24,8605.705,134.464140625,7436.927015276494,
2,663,1658.744484,GB,1,0.5,0,0.0,27,202.153,202.153,4946.748255034553,4.0
2,664,1671.50379,SGD,32,0.5,17,0.53125,18,167.573,5.23665625,190961.55108519868,
2,665,1671.723127,SGD,64,0.0,0,0.0,5,162.918,2.54559375,392835.65965700534,
2,666,1671.963483,SGD,100,0.5,44,0.44,6,168.288,1.6828800000000002,594219.4333523483,
2,667,1672.247745,MLP,32,0.05,3,0.09375,8,237.204,7.412625,134904.97630731354,
2,668,1672.526418,LoR,8,0.1,0,0.0,7,245.302,30.66275,32612.860881688695,
2,669,1672.871052,SGD,64,0.5,32,0.5,9,189.354,2.95865625,337991.27560019854,
2,670,1673.129744,DT,8,0.05,0,0.0,28,94.241,11.780125,84888.7426916098,
2,671,1673.301254,RF,64,0.0,0,0.0,17,3403.066,53.17290625,18806.570310420077,
2,672,1676.784903,MLP,32,1.0,32,1.0,23,264.402,8.2625625,121027.82883639308,
2,673,1677.116854,SGD,100,0.0,0,0.0,5,196.257,1.9625700000000001,509535.9655961316,
2,674,1677.360313,LoR,16,0.01,0,0.0,26,154.061,9.6288125,103854.96653922796,
2,675,1677.556068,MLP,1,0.1,0,0.0,14,165.376,165.376,6046.826625386997,
2,676,1677.88486,GB,8,0.01,0,0.0,25,259.352,32.419,30846.108763379503,
2,677,1678.197816,AB,64,0.0,0,0.0,26,8536.56,133.38375,7497.165134433542,
2,678,1686.798271,LoR,16,0.1,2,0.125,24,155.018,9.688625,103213.82033054226,
2,679,1687.013404,GB,8,0.1,1,0.125,12,226.433,28.304125,35330.53927651888,
2,680,1687.278756,DT,1,1.0,1,1.0,20,87.144,87.144,11475.259340861103,11.0
2,681,1687.581554,DT,1,0.1,0,0.0,22,87.851,87.851,11382.909699377355,16.0
2,682,1687.891044,AB,100,0.01,2,0.02,11,8855.429,88.55429,11292.507680881412,
2,683,1696.798398,RF,8,1.0,8,1.0,23,3119.621,389.952625,2564.414074658428,
2,684,1699.993684,MLP,32,0.1,6,0.1875,9,235.952,7.3735,135620.80423136908,
2,685,1700.283324,NB,64,1.0,64,1.0,1,144.488,2.257625,442943.3586180167,
2,686,1700.478087,SGD,64,0.0,0,0.0,12,172.634,2.69740625,370726.5081038498,
2,687,1700.716573,GB,8,0.1,1,0.125,21,249.912,31.239,32011.267966324147,
2,688,1701.026153,GB,8,0.5,2,0.25,9,219.196,27.3995,36497.01636891184,
2,689,1701.290724,LoR,32,0.0,0,0.0,21,163.929,5.12278125,195206.46133387016,
2,690,1701.51525,DT,100,0.01,0,0.0,19,99.523,0.99523,1004792.8619515088,
2,691,1701.679946,SGD,32,0.1,2,0.0625,18,160.916,5.028625,198861.5178105347,
2,692,1701.879396,GB,8,0.0,0,0.0,5,212.046,26.50575,37727.66286560464,
2,693,1702.131685,MLP,8,1.0,8,1.0,1,183.231,22.903875,43660.734264398496,
2,694,1702.381128,MLP,16,1.0,16,1.0,5,210.204,13.13775,76116.53441418812,
2,695,1702.665403,MLP,8,0.05,1,0.125,18,170.937,21.367125,46800.86815610429,
2,696,1702.913805,DT,100,0.01,2,0.02,13,102.912,1.02912,971703.9800995025,
2,697,1703.075333,RF,100,1.0,100,1.0,27,3325.377,33.25377,30071.778327690365,
2,698,1706.444341,LoR,1,0.1,1,1.0,26,198.437,198.437,5039.382776397547,
2,699,1706.823258,MLP,8,0.5,5,0.625,8,177.945,22.243125,44957.71165247689,
2,700,1707.041211,LoR,8,1.0,8,1.0,19,150.348,18.7935,53209.886396892536,
2,701,1707.230931,DT,8,1.0,8,1.0,16,89.264,11.158,89621.79602079226,
2,702,1707.382796,AB,32,0.5,12,0.375,13,8237.492,257.421625,3884.6775207793826,
2,703,1715.667402,RF,16,0.1,0,0.0,25,3093.234,193.327125,5172.579895345777,
2,704,1718.822493,NB,100,0.0,0,0.0,18,160.973,1.60973,621222.1925416063,
2,705,1719.031377,MLP,32,0.01,0,0.0,16,206.556,6.454875,154921.6677317531,
2,706,1719.304754,MLP,32,0.1,2,0.0625,29,193.336,6.04175,165514.9584143667,
2,707,1719.542581,AB,16,1.0,16,1.0,19,8089.62,505.60125,1977.8432114240225,
2,708,1727.684358,SGD,64,1.0,64,1.0,18,192.029,3.000453125,333282.993714491,
2,709,1727.91891,SGD,1,0.01,0,0.0,3,145.242,145.242,6885.060795086821,
2,710,1728.24974,DT,64,0.1,5,0.078125,7,94.383,1.474734375,678088.2150387252,
2,711,1728.386508,AB,1,0.1,0,0.0,13,7865.86,7865.86,127.13168045197855,2.0
2,712,1749.163162,RF,100,0.0,0,0.0,9,3438.622,34.38622,29081.41691642757,
2,713,1752.672384,LoR,32,0.05,1,0.03125,4,172.236,5.382375,185791.58828584038,
2,714,1752.887477,MLP,16,1.0,16,1.0,4,186.97,11.685625,85575.22597208108,
2,715,1753.121784,NB,32,0.05,0,0.0,16,125.922,3.9350625,254125.56979717602,
2,716,1753.324318,RF,100,0.1,12,0.12,24,3454.984,34.549839999999996,28943.694095254854,
2,717,1756.824944,AB,8,0.01,0,0.0,23,8088.65,1011.08125,989.0401983025598,
2,718,1764.960392,DT,32,1.0,32,1.0,9,85.075,2.65859375,376138.7011460476,
2,719,1765.106747,NB,16,0.1,3,0.1875,21,115.811,7.2381875,138156.13370059838,
2,720,1765.264864,GB,32,0.0,0,0.0,26,247.891,7.74659375,129088.99475979363,
2,721,1765.552413,AB,1,1.0,1,1.0,16,7864.362,7864.362,127.15589643508272,2.0
2,722,1786.243093,RF,1,0.5,0,0.0,22,2972.577,2972.577,336.40844290997336,9.99
2,723,1802.215451,NB,8,0.01,0,0.0,23,117.468,14.6835,68103.65376102428,
2,724,1802.382996,RF,64,0.0,0,0.0,0,3280.876,51.2636875,19506.985329527844,
2,725,1805.728853,NB,8,0.5,5,0.625,15,122.274,15.28425,65426.82827093249,
2,726,1805.891649,NB,1,0.01,0,0.0,2,104.008,104.008,9614.645027305593,
2,727,1806.05941,NB,64,1.0,64,1.0,20,131.965,2.061953125,484977.07725533284,
2,728,1806.247988,AB,100,1.0,100,1.0,22,8843.64,88.43639999999999,11307.561139983085,
2,729,1815.136875,MLP,8,0.05,0,0.0,9,186.157,23.269625,42974.47853156207,
2,730,1815.387067,NB,16,0.1,1,0.0625,29,116.408,7.2755,137447.59810322314,
2,731,1815.562856,SGD,16,0.05,1,0.0625,23,159.082,9.942625,100577.06088683824,
2,732,1815.779658,LoR,100,1.0,100,1.0,10,166.596,1.66596,600254.5079113544,
2,733,1815.987678,MLP,8,0.01,0,0.0,8,172.924,21.6155,46263.09823968911,
2,734,1816.201447,SGD,8,0.01,0,0.0,6,147.121,18.390125,54377.00940042549,
2,735,1816.419176,DT,64,0.01,1,0.015625,21,93.973,1.468328125,681046.6836218914,
2,736,1816.576146,GB,32,0.1,2,0.0625,22,253.343,7.91696875,126310.9697129978,
2,737,1816.891002,SGD,16,0.5,7,0.4375,2,161.568,10.098,99029.51079421667,
2,738,1817.092811,DT,1,0.5,1,1.0,0,87.308,87.308,11453.704127914967,4.0
2,739,1817.380224,SGD,64,0.0,0,0.0,29,169.447,2.647609375,377699.22158551053,
2,740,1817.622433,DT,64,0.5,36,0.5625,2,95.729,1.495765625,668553.9387228531,
2,741,1817.754214,DT,1,0.0,0,0.0,4,83.516,83.516,11973.753532257291,16.0
2,742,1818.033481,NB,64,0.0,0,0.0,24,137.7,2.1515625,464778.5039941903,
2,743,1818.219834,RF,64,0.0,0,0.0,8,3305.937,51.655265625,19359.110594061534,
2,744,1821.573316,MLP,32,0.0,0,0.0,29,211.591,6.61221875,151235.16595696413,
2,745,1821.825434,MLP,1,0.0,0,0.0,4,168.038,168.038,5951.034884966495,
2,746,1822.163581,MLP,64,1.0,64,1.0,15,208.47,3.25734375,306998.60891255335,
2,747,1822.423321,DT,64,1.0,64,1.0,27,95.041,1.485015625,673393.588030429,
2,748,1822.565238,AB,32,0.0,0,0.0,14,8255.604,257.987625,3876.1549124691546,
2,749,1830.860106,MLP,1,0.0,0,0.0,9,162.712,162.712,6145.828211809824,
2,750,1831.177841,DT,32,0.01,0,0.0,18,88.108,2.753375,363190.6296817542,
2,751,1831.305365,AB,1,0.1,0,0.0,23,7619.5,7619.5,131.24220749393004,2.0
2,752,1851.538627,SGD,32,0.0,0,0.0,2,164.433,5.13853125,194608.13826908224,
2,753,1851.743754,SGD,1,0.1,0,0.0,12,145.623,145.623,6867.047101076067,
2,754,1852.034706,SGD,1,0.05,0,0.0,13,140.795,140.795,7102.524947618879,
2,755,1852.321945,AB,8,0.0,0,0.0,25,7842.603,980.325375,1020.069484583116,
2,756,1860.206136,SGD,1,0.05,1,1.0,15,178.528,178.528,5601.362251299516,
2,757,1860.532392,MLP,1,0.5,1,1.0,4,156.578,156.578,6386.593263421426,
2,758,1860.834397,NB,32,1.0,32,1.0,21,119.302,3.7281875,268226.85286080703,
2,759,1860.994391,LoR,8,0.05,0,0.0,27,147.087,18.385875,54389.5789566719,
2,760,1861.204279,RF,32,0.5,20,0.625,7,3099.409,96.85653125,10324.548970465014,
2,761,1864.386012,GB,100,0.1,12,0.12,0,313.231,3.13231,319253.2029077582,
2,762,1864.741899,DT,16,0.0,0,0.0,4,93.186,5.824125,171699.6115296289,
2,763,1864.877904,AB,32,0.0,0,0.0,24,8017.579,250.54934375,3991.2297714808924,
2,764,1872.968991,NB,64,0.01,1,0.015625,26,133.16,2.080625,480624.8122559327,
2,765,1873.150278,SGD,64,0.0,0,0.0,1,164.748,2.5741875,388472.0907082332,
2,766,1873.37313,SGD,8,0.5,2,0.25,8,148.108,18.5135,54014.63796688902,
2,767,1873.580335,LoR,100,0.0,0,0.0,18,162.504,1.6250399999999998,615369.4678284843,
2,768,1873.783348,NB,8,0.1,0,0.0,2,106.803,13.350375,74904.26298886735,
2,769,1873.945544,RF,100,1.0,100,1.0,28,3281.564,32.81564,30473.274328948028,
2,770,1877.273713,SGD,32,1.0,32,1.0,15,170.11,5.3159375,188113.5735700429,
2,771,1877.510268,LoR,32,0.1,1,0.03125,10,155.626,4.8633125,205621.16869931758,
2,772,1877.702939,DT,1,1.0,1,1.0,13,85.958,85.958,11633.588496707695,13.0
2,773,1878.001077,AB,32,0.5,13,0.40625,10,8060.906,251.9033125,3969.777094535031,
2,774,1886.103232,SGD,8,0.0,0,0.0,17,150.886,18.86075,53020.16091618838,
2,775,1886.301341,GB,32,0.01,0,0.0,16,235.297,7.35303125,135998.33402040825,
2,776,1886.583575,RF,16,0.0,0,0.0,0,3008.081,188.0050625,5319.005704966056,
2,777,1889.655544,DT,16,0.5,5,0.3125,9,93.916,5.86975,170365.00702755654,
2,778,1889.824095,AB,100,0.05,5,0.05,15,8667.77,86.6777,11536.992790533204,
2,779,1898.531125,SGD,1,0.0,0,0.0,22,194.341,194.341,5145.594599183908,
2,780,1898.896301,MLP,16,0.5,8,0.5,2,191.781,11.9863125,83428.4939592556,
2,781,1899.166141,DT,100,0.5,51,0.51,8,96.388,0.9638800000000001,1037473.5444246171,
2,782,1899.365882,AB,100,0.1,12,0.12,6,8820.649,88.20648999999999,11337.034270380786,
2,783,1908.225643,NB,1,0.0,0,0.0,29,104.417,104.417,9576.984590631793,
2,784,1908.388128,RF,64,0.0,0,0.0,27,3304.793,51.637390625,19365.812019088637,
2,785,1911.740603,LoR,32,1.0,32,1.0,13,167.377,5.23053125,191185.16881052952,
2,786,1911.970816,MLP,16,0.5,9,0.5625,4,185.522,11.595125,86243.14097519431,
2,787,1912.220959,DT,16,0.01,1,0.0625,21,91.82,5.73875,174253.97516880854,
2,788,1912.352081,SGD,16,1.0,16,1.0,17,153.956,9.62225,103925.79698095561,
2,789,1912.549176,NB,16,0.0,0,0.0,24,112.035,7.0021875,142812.51394653457,
2,790,1912.709152,GB,64,1.0,64,1.0,17,269.841,4.216265625,237176.70776494304,
2,791,1913.021912,DT,8,0.01,0,0.0,26,91.015,11.376875,87897.5992968192,
2,792,1913.169536,NB,8,0.5,6,0.75,7,112.075,14.009375,71380.77180459513,
2,793,1913.318715,DT,1,0.5,0,0.0,3,85.62,85.62,11679.5141322121,16.0
2,794,1913.634093,DT,100,0.5,46,0.46,5,97.704,0.9770399999999999,1023499.5496601983,
2,795,1913.7935,LoR,32,0.05,2,0.0625,17,158.076,4.939875,202434.2721222703,
2,796,1913.988766,SGD,8,0.0,0,0.0,20,147.946,18.49325,54073.783677828396,
2,797,1914.187463,RF,64,0.0,0,0.0,19,3238.771,50.605796875,19760.582023242765,
2,798,1917.486099,AB,100,1.0,100,1.0,29,8688.099,86.88099,11509.997756701438,
2,799,1926.218512,GB,8,0.01,0,0.0,17,218.097,27.262125,36680.92637679564,
2,800,1926.479452,NB,16,0.0,0,0.0,16,122.749,7.6718125,130347.29407164214,
2,801,1926.640189,GB,8,1.0,8,1.0,17,211.264,26.408,37867.312935474096,
2,802,1926.911962,SGD,16,0.1,3,0.1875,8,160.242,10.015125,99848.97842013954,
2,803,1927.111178,SGD,8,1.0,8,1.0,21,148.463,18.557875,53885.4798838768,
2,804,1927.336217,SGD,100,0.5,47,0.47,5,166.263,1.66263,601456.72819569,
2,805,1927.542742,RF,8,0.05,0,0.0,28,2949.371,368.671375,2712.4427547432992,
2,806,1930.557128,LoR,16,0.05,1,0.0625,24,166.502,10.406375,96094.94180250086,
2,807,1930.784299,DT,100,1.0,100,1.0,14,97.599,0.97599,1024600.6618920276,
2,808,1930.943144,AB,32,0.5,16,0.5,14,7982.564,249.455125,4008.7370423838756,
2,809,1939.005019,NB,64,0.05,3,0.046875,4,132.515,2.070546875,482964.1927328982,
2,810,1939.186797,GB,64,0.0,0,0.0,17,251.61,3.93140625,254361.9093040817,
2,811,1939.509827,NB,64,0.5,32,0.5,10,136.542,2.13346875,468720.2472499304,
2,812,1939.70216,RF,8,0.1,1,0.125,5,2913.325,364.165625,2746.0032780414135,
2,813,1942.659244,GB,8,0.01,0,0.0,3,222.034,27.75425,36030.51784861778,
2,814,1942.928996,RF,32,0.01,0,0.0,24,3033.239,94.78871875,10549.778635972965,
2,815,1946.007251,LoR,8,0.01,0,0.0,13,162.747,20.343375,49156.05203168107,
2,816,1946.227932,NB,100,1.0,100,1.0,17,150.006,1.50006,666640.001066624,
2,817,1946.44776,NB,64,0.5,30,0.46875,9,135.051,2.110171875,473895.0470562973,
2,818,1946.621346,NB,1,0.5,1,1.0,5,98.408,98.408,10161.775465409317,
2,819,1946.778828,NB,64,0.01,0,0.0,20,126.668,1.9791875,505257.8393911643,
2,820,1946.962223,GB,100,0.01,0,0.0,27,271.143,2.7114299999999996,368809.07860427897,
2,821,1947.283604,SGD,64,0.0,0,0.0,8,169.082,2.64190625,378514.5668965354,
2,822,1947.493177,SGD,1,0.1,1,1.0,8,147.975,147.975,6757.898293630681,
2,823,1947.812322,SGD,16,0.5,10,0.625,16,148.601,9.2875625,107670.87704658785,
2,824,1948.030014,NB,64,0.01,4,0.0625,27,131.426,2.05353125,486966.0493357479,
2,825,1948.22657,LoR,64,0.1,4,0.0625,22,160.348,2.5054375,399131.8881432883,
2,826,1948.453065,AB,64,0.1,9,0.140625,0,8226.062,128.53221875,7780.150453521989,
2,827,1956.732806,NB,64,0.01,0,0.0,23,130.751,2.042984375,489480.003977025,
2,828,1956.922542,AB,16,0.1,3,0.1875,18,7961.475,497.5921875,2009.6778549200994,
2,829,1964.922878,AB,1,0.0,0,0.0,15,7588.713,7588.713,131.77465006253365,2.0
2,830,1985.12289,LoR,16,0.0,0,0.0,9,158.265,9.8915625,101096.26259754211,
2,831,1985.332315,AB,64,0.0,0,0.0,21,8238.021,128.719078125,7768.856136686225,
2,832,1993.609827,SGD,1,0.0,0,0.0,18,146.084,146.084,6845.376632622327,
2,833,1993.906076,AB,16,0.01,0,0.0,18,8222.172,513.88575,1945.9578320667579,
2,834,2002.201773,LoR,64,0.05,1,0.015625,29,161.433,2.522390625,396449.3009483811,
2,835,2002.421317,RF,100,1.0,100,1.0,23,3353.518,33.53518,29819.431415009552,
2,836,2005.827801,AB,64,0.0,0,0.0,19,8417.192,131.518625,7603.485818073296,
2,837,2014.287888,GB,16,0.0,0,0.0,29,224.475,14.0296875,71277.42510301816,
2,838,2014.554046,AB,1,0.05,0,0.0,15,7689.387,7689.387,130.04937844850312,2.0
2,839,2034.837313,LoR,16,0.0,0,0.0,16,158.477,9.9048125,100961.02273516031,
2,840,2035.055962,DT,8,0.5,1,0.125,22,87.894,10.98675,91018.72710310145,
2,841,2035.198614,MLP,8,0.05,2,0.25,0,185.811,23.226375,43054.50161723472,
2,842,2035.43392,RF,64,1.0,64,1.0,22,3116.576,48.6965,20535.35675048515,
2,843,2038.60693,SGD,64,1.0,64,1.0,4,173.455,2.710234375,368971.7794240581,
2,844,2038.858984,LoR,100,0.5,50,0.5,13,169.28,1.6928,590737.2400756144,
2,845,2039.086571,RF,16,0.5,8,0.5,9,3015.494,188.468375,5305.92997366269,
2,846,2042.176122,LoR,64,0.5,26,0.40625,9,171.269,2.676078125,373681.16822075215,
2,847,2042.427899,GB,100,0.05,9,0.09,22,328.792,3.2879199999999997,304143.6531302465,
2,848,2042.835405,GB,100,0.05,1,0.01,3,275.067,2.75067,363547.7901747574,
2,849,2043.15467,LoR,16,0.01,0,0.0,9,158.985,9.9365625,100638.4250086486,
2,850,2043.37235,SGD,8,0.1,2,0.25,12,152.196,19.0245,52563.79931141423,
2,851,2043.567572,GB,32,1.0,32,1.0,12,224.178,7.0055625,142743.7125855347,
2,852,2043.830333,DT,1,1.0,1,1.0,0,88.596,88.596,11287.191295318073,11.0
2,853,2044.106715,MLP,16,1.0,16,1.0,22,189.86,11.86625,84272.62193194985,
2,854,2044.337373,GB,1,0.5,1,1.0,1,201.083,201.083,4973.070821501569,4.0
2,855,2056.875427,SGD,1,0.1,0,0.0,28,154.868,154.868,6457.1118630059145,
2,856,2057.202836,NB,16,0.5,7,0.4375,2,118.265,7.3915625,135289.39246607196,
2,857,2057.36316,AB,16,0.01,0,0.0,21,7909.916,494.36975,2022.7774858797488,
2,858,2065.314662,NB,1,0.5,0,0.0,13,100.851,100.851,9915.618090053644,
2,859,2065.493645,GB,64,0.5,32,0.5,19,257.801,4.028140625,248253.49785299515,
2,860,2065.810701,DT,100,1.0,100,1.0,24,99.084,0.99084,1009244.6812805296,
2,861,2065.951505,DT,8,0.01,0,0.0,15,85.398,10.67475,93679.0088760861,
2,862,2066.07443,LoR,1,0.05,0,0.0,14,148.338,148.338,6741.360945947768,
2,863,2066.386101,MLP,100,1.0,100,1.0,18,238.382,2.38382,419494.7605104412,
2,864,2066.669904,GB,32,0.0,0,0.0,13,225.573,7.04915625,141860.94967039494,
2,865,2066.93699,DT,1,0.05,0,0.0,0,86.587,86.587,11549.07780613718,16.0
2,866,2067.23342,LoR,32,0.1,4,0.125,26,160.63,5.0196875,199215.5886198095,
2,867,2067.439434,AB,16,0.01,0,0.0,15,7891.859,493.2411875,2027.4057101121548,
2,868,2075.390853,AB,100,1.0,100,1.0,15,8501.057,85.01057,11763.243088477115,
2,869,2083.96471,DT,64,0.1,5,0.078125,23,86.304,1.3485,741564.7015202076,
2,870,2084.10603,MLP,100,1.0,100,1.0,5,232.464,2.32464,430174.1344896414,
2,871,2084.381929,NB,16,0.01,0,0.0,23,114.212,7.13825,140090.3582810913,
2,872,2084.53796,MLP,32,1.0,32,1.0,15,187.676,5.864875,170506.6177881029,
2,873,2084.795813,MLP,64,0.5,34,0.53125,14,203.098,3.17340625,315118.80963869655,
2,874,2085.062199,SGD,32,0.1,5,0.15625,8,153.248,4.789,208811.86051367718,
2,875,2085.283852,GB,64,0.5,31,0.484375,2,260.265,4.066640625,245903.21403185217,
2,876,2085.587315,NB,8,0.05,0,0.0,18,113.643,14.205375,70395.8888800894,
2,877,2085.748964,GB,32,0.01,0,0.0,22,223.049,6.97028125,143466.23387686114,
2,878,2086.036382,MLP,32,0.05,1,0.03125,1,196.582,6.1431875,162781.94341292692,
2,879,2086.302004,NB,64,0.05,3,0.046875,1,132.439,2.069359375,483241.34129674797,
2,880,2086.475179,NB,32,0.0,0,0.0,4,118.298,3.6968125,270503.3052122606,
2,881,2086.630613,MLP,1,0.1,0,0.0,20,165.064,165.064,6058.256191537828,
2,882,2086.967652,NB,100,0.0,0,0.0,20,145.885,1.45885,685471.4329780306,
2,883,2087.171331,RF,16,0.1,2,0.125,19,3030.427,189.4016875,5279.784004036394,
2,884,2090.244243,NB,1,0.5,1,1.0,11,109.803,109.803,9107.21929273335,
2,885,2090.423046,RF,16,0.1,1,0.0625,18,3029.212,189.32575,5281.901695886587,
2,886,2093.504688,MLP,64,1.0,64,1.0,21,225.015,3.515859375,284425.48274559475,
2,887,2093.793959,SGD,100,0.01,0,0.0,6,171.897,1.7189699999999999,581743.7186221982,
2,888,2094.031332,AB,32,0.1,1,0.03125,19,8267.88,258.37125,3870.399667145629,
2,889,2102.348751,NB,32,1.0,32,1.0,12,119.363,3.73009375,268089.77656392683,
2,890,2102.532761,NB,32,0.05,2,0.0625,29,154.652,4.832875,206916.1730853788,
2,891,2102.729521,MLP,32,1.0,32,1.0,8,208.485,6.51515625,153488.26054632227,
2,892,2103.001603,RF,32,0.5,19,0.59375,25,3060.529,95.64153125,10455.70880066812,
2,893,2106.143529,RF,100,0.1,10,0.1,28,3389.559,33.89559,29502.362991763825,
2,894,2109.600867,GB,32,0.05,2,0.0625,2,249.39,7.7934375,128313.08392477647,
2,895,2109.892453,DT,1,0.01,0,0.0,18,89.461,89.461,11178.055241949005,9.0
2,896,2110.195061,NB,8,0.5,3,0.375,23,114.856,14.357,69652.43435258063,
2,897,2110.349842,MLP,8,0.01,0,0.0,23,180.924,22.6155,44217.461475536686,
2,898,2110.62437,MLP,8,0.5,3,0.375,29,171.085,21.385625,46760.38226612502,
2,899,2110.852713,LoR,8,0.05,1,0.125,26,148.598,18.57475,53836.52539065128,
2,900,2111.050328,GB,64,1.0,64,1.0,3,252.804,3.9500625,253160.55125710036,
2,901,2111.373507,AB,64,0.05,3,0.046875,26,8217.601,128.400015625,7788.16104602791,
2,902,2119.635679,AB,16,0.05,0,0.0,2,7853.945,490.8715625,2037.1927738225822,
2,903,2127.529016,GB,1,1.0,1,1.0,29,195.949,195.949,5103.368733701116,4.0
2,904,2140.713405,MLP,1,0.5,1,1.0,11,205.938,205.938,4855.830395555944,
2,905,2141.100905,DT,64,1.0,64,1.0,11,101.37,1.58390625,631350.4981750024,
2,906,2141.256651,LoR,64,0.01,0,0.0,12,168.433,2.631765625,379973.04566207336,
2,907,2141.491208,MLP,32,0.05,1,0.03125,17,197.174,6.1616875,162293.2029577936,
2,908,2141.72846,LoR,1,0.1,0,0.0,1,142.566,142.566,7014.295133482036,
2,909,2142.040622,SGD,32,0.5,14,0.4375,9,151.605,4.73765625,211074.83262425385,
2,910,2142.229106,NB,1,0.0,0,0.0,13,104.339,104.339,9584.143992179339,
2,911,2142.41711,AB,100,0.01,1,0.01,22,8755.056,87.55056,11421.971487104136,
2,912,2151.21754,NB,16,0.05,0,0.0,6,115.639,7.2274375,138361.62540319443,
2,913,2151.371668,MLP,8,1.0,8,1.0,16,174.478,21.80975,45851.05285480118,
2,914,2151.609547,GB,32,0.5,13,0.40625,14,258.347,8.07334375,123864.41491482386,
2,915,2151.912166,LoR,16,0.01,0,0.0,15,158.074,9.879625,101218.4166909169,
2,916,2152.139111,GB,64,0.05,4,0.0625,20,263.199,4.112484375,243162.01809277388,
2,917,2152.444917,NB,8,0.01,0,0.0,7,114.177,14.272125,70066.6509016702,
2,918,2152.600989,NB,32,1.0,32,1.0,18,115.435,3.60734375,277212.2839693334,
2,919,2152.791162,GB,100,0.05,6,0.06,21,270.756,2.7075599999999995,369336.2289293682,
2,920,2153.140491,DT,100,0.1,7,0.07,29,100.715,1.00715,992900.759569081,
2,921,2153.282688,DT,16,0.01,0,0.0,4,86.237,5.3898125,185535.21110428238,
2,922,2153.4257,RF,16,0.5,7,0.4375,16,3129.779,195.6111875,5112.182042246433,
2,923,2156.595918,AB,1,1.0,1,1.0,20,7745.148,7745.148,129.1130911894776,2.0
2,924,2177.055216,MLP,16,0.0,0,0.0,9,187.673,11.7295625,85254.67168958773,
2,925,2177.286304,NB,16,0.05,0,0.0,3,114.038,7.127375,140304.10915659694,
2,926,2177.440569,SGD,8,0.1,0,0.0,10,152.84,19.105,52342.318764721276,
2,927,2177.637451,RF,8,0.05,0,0.0,22,2947.063,368.382875,2714.5670112922594,
2,928,2180.653031,MLP,32,0.1,5,0.15625,6,203.364,6.355125,157353.3172046183,
2,929,2180.896902,AB,8,0.0,0,0.0,5,7880.613,985.076625,1015.1494560131299,
2,930,2188.818449,RF,8,1.0,8,1.0,14,2943.78,367.9725,2717.5943854499997,
2,931,2191.837177,RF,64,0.05,6,0.09375,3,3258.734,50.91771875,19639.528724958833,
2,932,2195.136403,LoR,1,0.0,0,0.0,6,158.664,158.664,6302.62693490647,
2,933,2195.475598,DT,64,0.01,2,0.03125,13,94.495,1.476484375,677284.5124080639,
2,934,2195.644766,MLP,100,0.05,6,0.06,2,236.061,2.36061,423619.3187354116,
2,935,2195.950172,LoR,64,0.05,2,0.03125,16,160.203,2.503171875,399493.14307472395,
2,936,2196.149363,SGD,1,0.05,0,0.0,11,144.249,144.249,6932.457070759589,
2,937,2196.436392,GB,1,1.0,1,1.0,2,208.14,208.14,4804.458537522822,4.0
2,938,2209.954351,LoR,8,0.1,1,0.125,14,194.08,24.26,41220.11541632316,
2,939,2210.196518,SGD,16,0.01,0,0.0,23,162.452,10.15325,98490.63107871864,
2,940,2210.400916,MLP,1,0.5,1,1.0,7,201.889,201.889,4953.216866694074,
2,941,2210.786912,DT,32,1.0,32,1.0,3,96.481,3.01503125,331671.52081757033,
2,942,2210.92246,NB,1,0.1,1,1.0,29,108.104,108.104,9250.351513357507,
2,943,2211.103782,MLP,32,0.01,1,0.03125,23,200.93,6.2790625,159259.44358731897,
2,944,2211.346316,AB,8,0.01,0,0.0,20,8282.652,1035.3315,965.874215166833,
2,945,2219.742718,GB,100,0.5,48,0.48,0,362.408,3.62408,275932.09862916934,
2,946,2220.154973,DT,16,0.1,0,0.0,12,103.058,6.441125,155252.38215373867,
2,947,2220.316737,LoR,8,0.1,1,0.125,17,177.057,22.132125,45183.189594311436,
2,948,2220.559855,RF,32,0.01,2,0.0625,15,3339.693,104.36540625,9581.719038246929,
2,949,2223.947022,AB,16,0.01,0,0.0,20,8126.817,507.9260625,1968.790487099685,
2,950,2232.13533,DT,32,1.0,32,1.0,19,95.452,2.982875,335247.0351590328,
2,951,2232.31664,GB,100,1.0,100,1.0,22,296.496,2.9649599999999996,337272.6782148832,
2,952,2232.679104,GB,32,0.5,16,0.5,11,234.764,7.336375,136307.09989606583,
2,953,2232.954891,NB,1,0.1,0,0.0,24,111.039,111.039,9005.844793270833,
2,954,2233.114706,NB,1,0.1,1,1.0,25,97.296,97.296,10277.914816641998,
2,955,2233.294941,LoR,100,0.05,5,0.05,19,192.279,1.92279,520077.59557726013,
2,956,2233.558774,GB,16,0.5,6,0.375,7,223.462,13.966375,71600.54058408142,
2,957,2233.824351,DT,8,0.1,0,0.0,9,90.122,11.26525,88768.55817669381,
2,958,2233.956338,NB,32,0.0,0,0.0,6,120.413,3.76290625,265752.0367402191,
2,959,2234.113718,LoR,8,1.0,8,1.0,8,151.404,18.9255,52838.76251618187,
2,960,2234.304181,MLP,1,0.01,0,0.0,11,172.539,172.539,5795.791096505718,
2,961,2234.683904,RF,8,0.1,0,0.0,28,2998.012,374.7515,2668.434949559908,
2,962,2237.724286,NB,1,0.5,1,1.0,18,109.783,109.783,9108.878423799677,
2,963,2237.884169,MLP,8,0.05,0,0.0,3,185.437,23.179625,43141.33641074866,
2,964,2238.128986,GB,8,0.5,4,0.5,29,216.922,27.11525,36879.61571440426,
2,965,2238.388449,LoR,8,0.01,0,0.0,11,152.262,19.03275,52541.01482970144,
2,966,2238.648237,MLP,8,0.1,2,0.25,4,174.743,21.842875,45781.51914525904,
2,967,2238.88588,DT,100,0.01,0,0.0,24,97.575,0.97575,1024852.6774276197,
2,968,2239.027591,MLP,16,0.1,0,0.0,14,178.302,11.143875,89735.3927605972,
2,969,2239.281194,RF,32,0.01,0,0.0,10,3558.119,111.19121875,8993.515956043066,
2,970,2242.916612,LoR,1,0.0,0,0.0,9,228.558,228.558,4375.257046351473,
2,971,2243.320926,RF,1,1.0,1,1.0,0,3261.597,3261.597,306.59827072443346,6.88
2,972,2260.082429,RF,100,0.1,8,0.08,20,3639.841,36.39841,27473.727561176438,
2,973,2263.769492,AB,1,0.01,0,0.0,16,7790.643,7790.643,128.3591097679614,2.0
2,974,2284.340464,LoR,16,0.5,7,0.4375,7,177.364,11.08525,90209.96369048962,
2,975,2284.596824,NB,100,0.1,10,0.1,22,162.221,1.62221,616443.0005979497,
2,976,2284.820243,RF,32,0.5,15,0.46875,11,3166.431,98.95096875,10106.015258188161,
2,977,2288.069471,AB,100,0.05,2,0.02,4,9120.58,91.2058,10964.214995098995,
2,978,2297.232407,MLP,1,0.05,0,0.0,13,176.662,176.662,5660.526881842162,
2,979,2297.573357,LoR,64,1.0,64,1.0,21,156.019,2.437796875,410206.4492145187,
2,980,2297.789907,RF,100,0.01,0,0.0,28,3537.103,35.37103,28271.724063449663,
2,981,2301.382521,MLP,64,0.01,0,0.0,1,271.005,4.234453125,236158.0044648623,
2,982,2301.745486,DT,32,0.1,6,0.1875,3,94.138,2.9418125,339926.49089634366,
2,983,2301.878197,DT,1,0.01,0,0.0,15,83.888,83.888,11920.656112912455,16.0
2,984,2302.154463,DT,16,0.01,0,0.0,19,89.376,5.586,179018.9760114572,
2,985,2302.310378,AB,16,0.05,0,0.0,12,8697.825,543.6140625,1839.5403448563288,
2,986,2311.07965,MLP,16,0.01,0,0.0,3,215.275,13.4546875,74323.53965857624,
2,987,2311.356702,MLP,32,0.05,0,0.0,28,189.466,5.9208125,168895.73854939672,
2,988,2311.613109,LoR,100,1.0,100,1.0,22,169.19,1.6919,591051.4805839589,
2,989,2311.820444,SGD,1,0.0,0,0.0,23,144.813,144.813,6905.457382969762,
2,990,2312.154173,DT,64,0.01,2,0.03125,15,94.218,1.47215625,679275.7222611391,
2,991,2312.326611,LoR,100,0.05,4,0.04,11,166.344,1.66344,601163.8532198336,
2,992,2312.565073,SGD,64,0.5,28,0.4375,1,157.189,2.456078125,407153.17229577136,
2,993,2312.797772,DT,100,0.05,6,0.06,29,95.7,0.9570000000000001,1044932.079414838,
2,994,2312.931074,SGD,1,0.01,0,0.0,17,144.095,144.095,6939.866060585031,
2,995,2313.230001,LoR,32,0.0,0,0.0,0,147.789,4.61840625,216524.91051431434,
2,996,2313.447253,DT,64,0.5,27,0.421875,12,92.411,1.443921875,692558.2452305461,
2,997,2313.596531,AB,16,0.5,10,0.625,1,8396.442,524.777625,1905.5690493663865,
2,998,2322.060532,AB,64,1.0,64,1.0,12,8360.956,130.6399375,7654.627054609545,
2,999,2330.51141,GB,100,0.5,46,0.46,7,389.438,3.89438,256780.28338272075,
2,1000,2330.946264,MLP,16,1.0,16,1.0,28,218.659,13.6661875,73173.2972345067,
2,1001,2331.208259,NB,8,0.01,0,0.0,13,123.289,15.411125,64888.18953840164,
2,1002,2331.370316,LoR,8,1.0,8,1.0,18,157.117,19.639625,50917.46914719604,
2,1003,2331.605729,MLP,100,0.05,3,0.03,1,235.455,2.35455,424709.6048077127,
2,1004,2331.90277,DT,100,0.01,0,0.0,10,103.971,1.0397100000000001,961806.657625684,
2,1005,2332.05619,RF,64,1.0,64,1.0,19,3297.447,51.522609375,19408.95486720484,
2,1006,2335.397355,AB,1,0.05,0,0.0,2,7824.309,7824.309,127.80681335565862,2.0
2,1007,2356.093825,LoR,1,0.5,1,1.0,28,157.912,157.912,6332.640964587871,
2,1008,2356.411731,DT,8,0.05,0,0.0,21,90.295,11.286875,88598.48275098289,
2,1009,2356.552313,MLP,64,0.0,0,0.0,19,220.712,3.448625,289970.64047265216,
2,1010,2356.83296,MLP,100,1.0,100,1.0,11,230.343,2.30343,434135.18101266376,
2,1011,2357.104376,DT,1,0.1,0,0.0,11,88.247,88.247,11331.829977223022,16.0
2,1012,2357.380478,DT,1,0.05,0,0.0,2,87.024,87.024,11491.082919654347,16.0
2,1013,2357.67474,DT,32,0.5,10,0.3125,28,92.322,2.8850625,346612.9416607093,
2,1014,2357.822586,RF,100,1.0,100,1.0,3,3341.226,33.41226,29929.133796995473,
2,1015,2361.204766,DT,1,1.0,1,1.0,15,92.98,92.98,10755.001075500108,11.0
2,1016,2361.519583,GB,64,0.1,7,0.109375,2,292.912,4.57675,218495.6573988092,
2,1017,2361.87966,GB,32,0.05,2,0.0625,15,241.151,7.53596875,132696.94092083382,
2,1018,2362.192272,LoR,64,0.1,11,0.171875,12,174.401,2.725015625,366970.3728763023,
2,1019,2362.408048,SGD,16,1.0,16,1.0,23,161.997,10.1248125,98767.26112211954,
2,1020,2362.644078,GB,8,0.0,0,0.0,7,213.32,26.665,37502.343896493534,
2,1021,2362.899301,AB,16,1.0,16,1.0,16,8151.395,509.4621875,1962.8542108436652,
2,1022,2371.133372,NB,100,0.05,6,0.06,7,159.239,1.59239,627986.8625148361,
2,1023,2371.329983,MLP,1,1.0,1,1.0,10,172.091,172.091,5810.87912790326,
2,1024,2371.655899,SGD,16,1.0,16,1.0,15,152.532,9.53325,104896.02181837254,
2,1025,2371.859884,LoR,64,0.0,0,0.0,15,156.34,2.4428125,409364.2062172189,
2,1026,2372.059891,DT,1,0.05,0,0.0,25,88.231,88.231,11333.884915732566,16.0
2,1027,2372.373355,MLP,100,0.05,7,0.07,25,241.63,2.4163,413855.89537722967,
2,1028,2372.656396,SGD,1,0.01,0,0.0,5,148.58,148.58,6730.380939561179,
2,1029,2372.977717,DT,32,0.1,2,0.0625,5,91.495,2.85921875,349745.8877534291,
2,1030,2373.111761,MLP,32,0.0,0,0.0,18,199.248,6.2265,160603.87055328034,
2,1031,2373.3752,AB,32,0.1,4,0.125,28,8221.118,256.9099375,3892.414632657018,
2,1032,2381.657018,SGD,100,1.0,100,1.0,18,169.978,1.69978,588311.4285378108,
2,1033,2381.894726,DT,32,0.05,1,0.03125,3,89.842,2.8075625,356180.85082700744,
2,1034,2382.023164,NB,1,0.1,0,0.0,20,103.136,103.136,9695.935463853553,
2,1035,2382.173459,RF,1,0.01,0,0.0,8,2993.258,2993.258,334.08413173872754,9.98
2,1036,2398.174638,NB,16,0.05,3,0.1875,5,120.22,7.51375,133089.33621693563,
2,1037,2398.343187,DT,32,0.01,0,0.0,4,93.514,2.9223125,342194.75158799754,
2,1038,2398.479253,SGD,32,1.0,32,1.0,0,200.707,6.27209375,159436.39235303205,
2,1039,2398.717535,GB,1,0.0,0,0.0,24,211.5,211.5,4728.132387706856,4.0
2,1040,2411.711142,RF,8,0.1,2,0.25,1,3034.952,379.369,2635.9560217097337,
2,1041,2414.810267,AB,8,0.1,1,0.125,19,8074.246,1009.28075,990.8045902985864,
2,1042,2422.92684,RF,8,1.0,8,1.0,8,2984.72,373.09,2680.3184218285132,
2,1043,2425.97661,GB,16,0.5,4,0.25,28,242.078,15.129875,66094.39932583712,
2,1044,2426.298769,AB,100,0.05,6,0.06,14,9113.018,91.13018,10973.313121953672,
2,1045,2435.499053,SGD,8,0.1,1,0.125,22,185.771,23.221375,43063.772063454475,
2,1046,2435.761976,MLP,64,0.1,12,0.1875,23,235.9,3.6859375,271301.3988978381,
2,1047,2436.050797,RF,32,1.0,32,1.0,1,3191.696,99.7405,10026.0175154526,
2,1048,2439.296335,NB,64,0.0,0,0.0,19,151.149,2.361703125,423423.2446129316,
2,1049,2439.512938,NB,32,0.05,2,0.0625,6,121.256,3.78925,263904.46658309695,
2,1050,2439.672166,SGD,1,0.5,1,1.0,11,157.862,157.862,6334.646716752607,
2,1051,2440.027998,LoR,100,0.1,8,0.08,23,175.175,1.7517500000000001,570857.7137148565,
2,1052,2440.240623,NB,1,0.0,0,0.0,5,102.492,102.492,9756.859071927565,
2,1053,2440.421348,SGD,64,0.01,4,0.0625,27,162.706,2.54228125,393347.51023318135,
2,1054,2440.623445,AB,1,0.05,0,0.0,17,7845.896,7845.896,127.45516891888448,2.0
2,1055,2461.340974,NB,100,0.5,47,0.47,8,156.603,1.56603,638557.3711870143,
2,1056,2461.539855,NB,16,0.05,0,0.0,26,111.846,6.990375,143053.84188974125,
2,1057,2461.695957,NB,32,0.01,0,0.0,4,115.235,3.60109375,277693.4091204929,
2,1058,2461.868216,LoR,16,0.1,3,0.1875,14,158.023,9.8764375,101251.08370300526,
2,1059,2462.06634,NB,1,0.05,0,0.0,26,99.633,99.633,10036.835185129425,
2,1060,2462.215219,AB,8,0.01,0,0.0,5,7968.819,996.102375,1003.9128759230194,
2,1061,2470.247193,SGD,16,0.1,2,0.125,9,156.0,9.75,102564.10256410256,
2,1062,2470.44378,DT,16,1.0,16,1.0,4,86.644,5.41525,184663.68127048612,
2,1063,2470.583629,NB,64,0.0,0,0.0,5,132.683,2.073171875,482352.6751731571,
2,1064,2470.755392,LoR,1,0.5,0,0.0,3,148.01,148.01,6756.30024998311,
2,1065,2471.091673,MLP,100,0.1,12,0.12,1,240.504,2.40504,415793.5003160031,
2,1066,2471.376397,GB,16,0.01,0,0.0,26,256.287,16.0179375,62430.010105857895,
2,1067,2471.692342,GB,100,1.0,100,1.0,19,287.344,2.87344,348014.9228798931,
2,1068,2472.031729,GB,64,1.0,64,1.0,10,256.093,4.001453125,249909.21266883513,
2,1069,2472.359675,SGD,64,0.05,2,0.03125,24,173.098,2.70465625,369732.75254480116,
2,1070,2472.602384,AB,64,0.5,33,0.515625,2,8403.99,131.31234375,7615.430289660031,
2,1071,2481.048362,RF,8,0.0,0,0.0,29,3049.088,381.136,2623.7353595566933,
2,1072,2484.162178,DT,8,0.01,1,0.125,19,94.923,11.865375,84278.83653066169,
2,1073,2484.299802,GB,16,0.01,0,0.0,23,223.843,13.9901875,71478.67031803541,
2,1074,2484.570128,MLP,32,1.0,32,1.0,3,203.657,6.36428125,157126.9340115979,
2,1075,2484.812465,DT,1,0.0,0,0.0,22,88.648,88.648,11280.570345636675,16.0
2,1076,2485.128195,GB,100,0.5,50,0.5,6,300.031,3.0003100000000003,333298.8924477804,
2,1077,2485.487921,MLP,100,0.0,0,0.0,2,246.58,2.4658,405547.8952064239,
2,1078,2485.798075,LoR,16,0.1,1,0.0625,1,157.031,9.8144375,101890.70947774642,
2,1079,2486.000577,AB,32,0.01,0,0.0,0,8147.077,254.59615625,3927.789070853264,
2,1080,2494.18999,MLP,1,0.5,1,1.0,1,165.549,165.549,6040.507644262423,
2,1081,2494.539404,SGD,64,0.5,28,0.4375,6,166.583,2.602859375,384192.8648181387,
2,1082,2494.775353,RF,64,0.5,37,0.578125,23,3290.473,51.413640625,19450.091217888734,
2,1083,2498.109495,MLP,1,0.5,0,0.0,20,178.321,178.321,5607.86446913151,
2,1084,2498.4432,GB,16,0.05,0,0.0,4,264.268,16.51675,60544.59866499161,
2,1085,2498.780388,AB,64,0.5,28,0.4375,4,8610.311,134.536109375,7432.948705337125,
2,1086,2507.473578,NB,100,0.05,4,0.04,5,152.751,1.5275100000000001,654660.1986239043,
2,1087,2507.706015,MLP,100,0.05,4,0.04,0,242.861,2.42861,411758.1661938311,
2,1088,2507.990151,NB,1,0.01,0,0.0,23,103.419,103.419,9669.403107746159,
2,1089,2508.160384,SGD,100,1.0,100,1.0,24,172.035,1.72035,581277.0657133723,
2,1090,2508.392577,LoR,16,0.5,9,0.5625,16,151.788,9.48675,105410.17735262339,
2,1091,2508.582606,SGD,8,1.0,8,1.0,24,146.63,18.32875,54559.0943190343,
2,1092,2508.793412,RF,32,0.05,1,0.03125,28,3479.846,108.7451875,9195.809239834176,
2,1093,2512.334702,AB,8,0.0,0,0.0,14,8144.138,1018.01725,982.3016260284392,
2,1094,2520.523624,RF,8,1.0,8,1.0,4,3067.394,383.42425,2608.0770843263044,
2,1095,2523.670753,NB,64,0.05,3,0.046875,14,153.321,2.395640625,417424.8798272905,
2,1096,2523.8769,AB,64,0.01,0,0.0,14,8511.253,132.988328125,7519.4568884275905,
2,1097,2532.462454,RF,64,0.01,1,0.015625,17,3306.993,51.671765625,19352.92877850059,
2,1098,2535.816559,SGD,32,0.0,0,0.0,0,182.401,5.70003125,175437.63466209066,
2,1099,2536.079025,SGD,100,0.05,2,0.02,1,172.311,1.7231100000000001,580346.0022865633,
2,1100,2536.294905,LoR,16,0.01,0,0.0,2,150.739,9.4211875,106143.73188093326,
2,1101,2536.48593,NB,1,0.05,0,0.0,19,100.528,100.528,9947.47731975171,
2,1102,2536.658481,SGD,32,0.1,7,0.21875,29,153.979,4.81184375,207820.546957702,
2,1103,2536.880374,NB,64,0.1,7,0.109375,15,129.756,2.0274375,493233.45355898765,
2,1104,2537.067277,RF,16,0.05,1,0.0625,17,3029.947,189.3716875,5280.620420093156,
2,1105,2540.180149,AB,100,0.1,15,0.15,9,8623.059,86.23058999999999,11596.812685614235,
2,1106,2548.866653,DT,16,0.1,1,0.0625,25,89.743,5.6089375,178286.8858852501,
2,1107,2549.02425,RF,64,0.01,2,0.03125,2,3179.143,49.674109375,20131.211461705247,
2,1108,2552.24374,MLP,1,1.0,1,1.0,25,184.396,184.396,5423.111130393285,
2,1109,2552.62085,MLP,64,0.5,34,0.53125,24,217.751,3.402359375,293913.6904078512,
2,1110,2552.888766,MLP,64,1.0,64,1.0,27,200.958,3.13996875,318474.5071109386,
2,1111,2553.168025,SGD,100,0.1,10,0.1,26,165.918,1.65918,602707.3614677129,
2,1112,2553.371473,LoR,1,1.0,1,1.0,3,204.247,204.247,4896.032744666996,
2,1113,2553.731226,GB,64,0.0,0,0.0,7,281.065,4.391640625,227705.33506484266,
2,1114,2554.083795,GB,64,0.05,4,0.0625,12,259.851,4.060171875,246294.99213010533,
2,1115,2554.38832,LoR,32,1.0,32,1.0,24,159.6,4.9875,200501.2531328321,
2,1116,2554.614077,SGD,16,0.0,0,0.0,7,175.481,10.9675625,91177.96228651535,
2,1117,2554.831912,LoR,8,1.0,8,1.0,21,143.103,17.887875,55903.78957813603,
2,1118,2555.024454,LoR,64,1.0,64,1.0,22,151.359,2.364984375,422835.77454925043,
2,1119,2555.220743,LoR,32,0.05,0,0.0,26,144.654,4.5204375,221217.52595849408,
2,1120,2555.428089,SGD,32,0.1,2,0.0625,5,146.207,4.56896875,218867.7696690309,
2,1121,2555.612717,SGD,1,0.05,0,0.0,21,138.554,138.554,7217.402601151897,
2,1122,2555.91283,LoR,8,0.05,1,0.125,22,141.163,17.645375,56672.074127072956,
2,1123,2556.114787,LoR,32,0.5,20,0.625,4,145.27,4.5396875,220279.47958972945,
2,1124,2556.317818,SGD,100,1.0,100,1.0,28,158.216,1.58216,632047.3277038984,
2,1125,2556.517863,GB,32,1.0,32,1.0,7,222.136,6.94175,144055.89368675047,
2,1126,2556.783326,AB,16,0.01,0,0.0,14,8550.686,534.417875,1871.1948959416825,
2,1127,2565.423941,SGD,100,1.0,100,1.0,16,202.465,2.02465,493912.528091275,
2,1128,2565.716341,SGD,100,0.1,11,0.11,20,173.466,1.73466,576481.8465866509,
2,1129,2565.9529,NB,16,0.05,2,0.125,7,124.215,7.7634375,128808.92001771122,
2,1130,2566.114258,GB,1,0.0,0,0.0,27,252.673,252.673,3957.6844379890213,4.0
2,1131,2579.6831,DT,1,0.01,0,0.0,21,95.863,95.863,10431.553362611226,7.0
2,1132,2579.962789,GB,8,0.01,0,0.0,7,242.484,30.3105,32991.8675046601,
2,1133,2580.245802,DT,1,0.05,0,0.0,20,86.351,86.351,11580.64179916851,16.0
2,1134,2580.558537,SGD,100,0.05,5,0.05,24,199.084,1.99084,502300.53645697294,
2,1135,2580.822932,GB,32,0.01,1,0.03125,19,230.625,7.20703125,138753.38753387533,
2,1136,2581.098555,RF,32,0.0,0,0.0,17,3196.618,99.8943125,10010.57993166528,
2,1137,2584.368657,GB,64,0.1,7,0.109375,19,347.002,5.42190625,184436.97730848813,
2,1138,2584.76118,DT,32,1.0,32,1.0,1,94.125,2.94140625,339973.4395750332,
2,1139,2584.891894,RF,1,1.0,1,1.0,26,2961.719,2961.719,337.64175467017634,6.9
2,1140,2600.692135,SGD,8,0.05,0,0.0,3,162.851,20.356375,49124.659965244304,
2,1141,2600.906538,AB,64,0.0,0,0.0,10,8950.213,139.847078125,7150.667810922489,
2,1142,2609.916492,AB,8,0.0,0,0.0,16,7886.634,985.82925,1014.3744466904385,
2,1143,2617.848046,SGD,1,0.5,0,0.0,7,181.822,181.822,5499.884502425449,
2,1144,2618.245259,SGD,100,0.5,41,0.41,14,169.887,1.69887,588626.5576530282,
2,1145,2618.476391,LoR,16,0.5,8,0.5,21,202.245,12.6403125,79111.96815743281,
2,1146,2618.723063,DT,32,1.0,32,1.0,5,94.953,2.96728125,337008.83595041756,
2,1147,2618.858767,NB,16,0.1,0,0.0,25,119.196,7.44975,134232.69237222726,
2,1148,2619.013059,LoR,1,1.0,1,1.0,27,145.33,145.33,6880.891763572558,
2,1149,2619.343416,NB,100,0.01,3,0.03,27,149.45,1.4945,669120.1070592172,
2,1150,2619.548677,LoR,100,1.0,100,1.0,9,163.313,1.63313,612321.1256911575,
2,1151,2619.76309,DT,64,1.0,64,1.0,3,106.439,1.663109375,601283.3641804226,
2,1152,2619.920616,LoR,8,1.0,8,1.0,28,145.428,18.1785,55010.03933217812,
2,1153,2620.105149,LoR,1,0.5,0,0.0,20,138.886,138.886,7200.149763115073,
2,1154,2620.389505,LoR,1,0.5,1,1.0,11,137.94,137.94,7249.528780629259,
2,1155,2620.669655,AB,1,0.05,0,0.0,19,7752.709,7752.709,128.98717080700436,2.0
2,1156,2641.288814,SGD,16,0.5,10,0.625,23,165.368,10.3355,96753.90643897248,
2,1157,2641.51791,GB,32,0.5,18,0.5625,12,277.399,8.66871875,115357.30121593806,
2,1158,2641.858469,DT,16,0.01,1,0.0625,18,93.778,5.861125,170615.70944144682,
2,1159,2641.994652,GB,32,1.0,32,1.0,29,240.152,7.50475,133248.9423365202,
2,1160,2642.275538,LoR,8,0.0,0,0.0,3,159.744,19.968,50080.1282051282,
2,1161,2642.475109,NB,1,0.5,0,0.0,7,111.626,111.626,8958.486374142225,
2,1162,2642.66511,SGD,64,0.05,2,0.03125,26,165.047,2.578859375,387768.3326567584,
2,1163,2642.891621,GB,32,0.5,15,0.46875,8,234.331,7.32284375,136558.97000396875,
2,1164,2643.164718,AB,1,1.0,1,1.0,23,7811.042,7811.042,128.02389233088235,2.0
2,1165,2663.84516,LoR,8,0.01,0,0.0,20,158.924,19.8655,50338.52659132667,
2,1166,2664.083495,GB,100,0.05,3,0.03,25,285.327,2.85327,350475.0689559698,
2,1167,2664.414781,NB,32,0.0,0,0.0,20,128.458,4.0143125,249108.65808279748,
2,1168,2664.599613,GB,100,0.0,0,0.0,0,280.491,2.80491,356517.6779290601,
2,1169,2664.921956,NB,1,0.05,0,0.0,2,108.569,108.569,9210.732345328777,
2,1170,2665.117165,LoR,100,0.5,47,0.47,0,174.433,1.74433,573286.0181273039,
2,1171,2665.351518,RF,100,0.01,0,0.0,10,3521.099,35.21099,28400.223907365285,
2,1172,2668.935248,SGD,8,0.5,4,0.5,27,168.256,21.032,47546.59566375048,
2,1173,2669.167663,DT,32,0.1,4,0.125,13,95.396,2.981125,335443.834123024,
2,1174,2669.323388,DT,32,0.1,4,0.125,23,89.424,2.7945,357845.76847378776,
2,1175,2669.477523,DT,64,0.05,3,0.046875,17,91.339,1.427171875,700686.4537601682,
2,1176,2669.604535,DT,8,0.0,0,0.0,23,84.081,10.510125,95146.34697494083,
2,1177,2669.760046,RF,100,0.05,7,0.07,10,3420.668,34.20668,29234.056038177336,
2,1178,2673.24879,DT,32,0.5,16,0.5,24,96.896,3.028,330250.99075297225,
2,1179,2673.414921,DT,64,0.05,5,0.078125,8,94.444,1.4756875,677650.2477658718,
2,1180,2673.547755,AB,16,0.0,0,0.0,18,8494.75,530.921875,1883.5162894729096,
2,1181,2682.123088,MLP,16,0.1,1,0.0625,11,216.261,13.5163125,73984.67592399924,
2,1182,2682.394638,GB,64,1.0,64,1.0,21,329.471,5.147984375,194250.78383226445,
2,1183,2682.787742,NB,100,1.0,100,1.0,21,164.211,1.6421100000000002,608972.6023226215,
2,1184,2682.997438,GB,1,0.1,0,0.0,16,222.967,222.967,4484.968627644449,4.0
2,1185,2695.955856,MLP,16,0.01,0,0.0,5,199.444,12.46525,80223.01999558773,
2,1186,2696.197442,GB,1,0.5,0,0.0,17,210.839,210.839,4742.955525306039,4.0
2,1187,2709.148156,GB,32,0.5,17,0.53125,27,242.421,7.57565625,132001.7655236139,
2,1188,2709.443554,NB,64,1.0,64,1.0,21,143.252,2.2383125,446765.14114986174,
2,1189,2709.63342,SGD,32,0.01,0,0.0,18,172.533,5.39165625,185471.7648218022,
2,1190,2709.864582,SGD,100,0.0,0,0.0,20,170.89,1.7088999999999999,585171.7479080111,
2,1191,2710.094168,GB,8,0.1,1,0.125,6,215.207,26.900875,37173.51201401441,
2,1192,2710.370422,DT,16,0.5,9,0.5625,17,91.611,5.7256875,174651.51564768422,
2,1193,2710.501077,MLP,16,1.0,16,1.0,9,222.408,13.9005,71939.8582784792,
2,1194,2710.781522,DT,100,0.0,0,0.0,23,99.361,0.99361,1006431.0946951016,
2,1195,2710.923829,NB,32,0.0,0,0.0,29,120.573,3.76790625,265399.384605177,
2,1196,2711.102961,GB,16,0.01,1,0.0625,18,225.174,14.073375,71056.16101326085,
2,1197,2711.36913,MLP,1,0.05,0,0.0,16,172.647,172.647,5792.165516921812,
2,1198,2711.696235,GB,1,0.0,0,0.0,15,202.912,202.912,4928.244756347579,4.0
2,1199,2724.522834,GB,16,0.1,0,0.0,19,221.4,13.8375,72267.38934056007,
2,1200,2724.816774,AB,64,0.05,4,0.0625,6,8402.973,131.296453125,7616.351974473796,
2,1201,2733.292422,LoR,64,0.1,8,0.125,6,162.944,2.546,392772.97721916734,
2,1202,2733.496472,SGD,8,0.05,0,0.0,8,144.038,18.00475,55540.89892944917,
2,1203,2733.698063,AB,8,0.1,1,0.125,22,7842.185,980.273125,1020.1238557876408,
2,1204,2741.580838,SGD,8,1.0,8,1.0,27,148.343,18.542875,53929.069790957445,
2,1205,2741.799867,GB,64,0.05,1,0.015625,16,240.691,3.760796875,265901.09310277493,
2,1206,2742.079114,AB,1,0.0,0,0.0,9,7741.73,7741.73,129.17009505627297,2.0
2,1207,2762.305773,GB,100,0.0,0,0.0,27,288.8,2.888,346260.38781163434,
2,1208,2762.653563,DT,32,0.0,0,0.0,22,93.403,2.91884375,342601.4153720972,
2,1209,2762.78489,AB,8,0.0,0,0.0,15,7913.808,989.226,1010.8913433330705,
2,1210,2770.74697,SGD,32,0.01,0,0.0,25,154.995,4.84359375,206458.2728475112,
2,1211,2770.966994,LoR,32,0.1,3,0.09375,1,149.352,4.66725,214258.9319192244,
2,1212,2771.155911,DT,1,0.05,0,0.0,12,82.091,82.091,12181.603342631957,16.0
2,1213,2771.427961,LoR,64,1.0,64,1.0,19,160.56,2.50875,398604.88290981564,
2,1214,2771.628168,RF,1,0.01,0,0.0,10,2908.199,2908.199,343.8554239238787,9.99
2,1215,2787.477455,SGD,1,0.05,0,0.0,29,153.246,153.246,6525.455803087845,
2,1216,2787.779436,AB,1,0.1,1,1.0,6,7589.175,7589.175,131.76662812492793,2.0
2,1217,2808.151253,AB,100,1.0,100,1.0,27,8536.961,85.36961,11713.770274925704,
2,1218,2816.755074,AB,32,0.1,5,0.15625,12,7998.738,249.9605625,4000.6310995559547,
2,1219,2824.815694,MLP,8,0.01,1,0.125,18,182.897,22.862125,43740.46594531348,
2,1220,2825.042452,SGD,16,0.05,0,0.0,22,148.465,9.2790625,107769.5079648402,
2,1221,2825.249084,SGD,8,0.5,1,0.125,9,144.872,18.109,55221.16074879893,
2,1222,2825.433003,LoR,16,1.0,16,1.0,26,141.571,8.8481875,113017.49652118019,
2,1223,2825.614767,LoR,8,0.05,0,0.0,16,138.995,17.374375,57556.02719522285,
2,1224,2825.829585,SGD,100,0.5,44,0.44,7,159.111,1.5911099999999998,628492.0590028345,
2,1225,2826.025239,AB,1,1.0,1,1.0,13,7654.112,7654.112,130.64872842205602,2.0
2,1226,2846.191245,NB,16,0.1,1,0.0625,24,121.566,7.597875,131615.74782422718,
2,1227,2846.358697,NB,32,0.0,0,0.0,19,115.626,3.6133125,276754.3632055074,
2,1228,2846.529048,LoR,8,0.5,3,0.375,10,186.798,23.34975,42827.01099583507,
2,1229,2846.75805,AB,16,0.05,0,0.0,10,7922.535,495.1584375,2019.5556094103717,
2,1230,2854.721477,NB,8,0.0,0,0.0,28,108.311,13.538875,73861.38065385786,
2,1231,2854.885611,RF,100,1.0,100,1.0,22,3267.978,32.67978,30599.9611992492,
2,1232,2858.206211,AB,64,1.0,64,1.0,27,8259.602,129.05628125,7748.557376009158,
2,1233,2866.529019,DT,8,0.05,1,0.125,19,86.43,10.80375,92560.45354622237,
2,1234,2866.671083,LoR,100,0.0,0,0.0,11,170.135,1.70135,587768.5367502278,
2,1235,2866.900672,AB,100,0.01,0,0.0,15,8469.223,84.69223,11807.458606297178,
2,1236,2875.435702,NB,32,0.5,17,0.53125,16,118.875,3.71484375,269190.3259726604,
2,1237,2875.597591,AB,8,0.0,0,0.0,1,7764.454,970.55675,1030.336453793145,
2,1238,2883.420972,DT,100,0.0,0,0.0,10,88.082,0.8808199999999999,1135305.737835199,
2,1239,2883.545823,RF,1,0.0,0,0.0,4,2879.346,2879.346,347.3010885110716,9.99
2,1240,2899.127781,SGD,32,0.5,12,0.375,28,163.362,5.1050625,195883.98770827978,
2,1241,2899.361483,DT,64,0.01,3,0.046875,12,94.189,1.471703125,679484.8655363154,
2,1242,2899.49407,AB,16,1.0,16,1.0,2,8086.452,505.40325,1978.6180638925453,
2,1243,2907.626485,SGD,32,1.0,32,1.0,10,154.721,4.83503125,206823.89591587437,
2,1244,2907.85982,SGD,100,0.5,47,0.47,12,163.512,1.63512,611575.9088018005,
2,1245,2908.06368,NB,8,0.0,0,0.0,5,108.121,13.515125,73991.17655219615,
2,1246,2908.227265,SGD,100,1.0,100,1.0,29,162.906,1.62906,613850.9324395664,
2,1247,2908.432954,LoR,1,0.01,0,0.0,4,140.971,140.971,7093.657560774911,
2,1248,2908.740511,NB,8,0.05,1,0.125,1,107.393,13.424125,74492.75092417569,
2,1249,2908.888767,DT,32,0.0,0,0.0,12,88.15,2.7546875,363017.5836642087,
2,1250,2909.017911,GB,32,0.0,0,0.0,17,251.355,7.85484375,127309.9799088938,
2,1251,2909.328187,GB,8,0.5,4,0.5,25,212.191,26.523875,37701.881795175104,
2,1252,2909.599332,AB,16,0.5,11,0.6875,24,7944.567,496.5354375,2013.9549455621684,
2,1253,2917.589535,RF,32,1.0,32,1.0,6,3027.457,94.60803125,10569.927169898698,
2,1254,2920.663534,AB,32,1.0,32,1.0,18,8019.121,250.59753125,3990.462296304046,
2,1255,2928.726323,RF,8,0.01,0,0.0,10,3385.835,423.229375,2362.7849555574917,
2,1256,2932.213552,LoR,100,0.05,5,0.05,8,211.982,2.11982,471738.16644809465,
2,1257,2932.472883,DT,16,0.05,0,0.0,9,99.445,6.2153125,160892.95590527428,
2,1258,2932.639081,RF,32,0.01,1,0.03125,18,3245.195,101.41234375,9860.73255998484,
2,1259,2935.932358,NB,16,0.05,0,0.0,8,131.514,8.219625,121660.0514013717,
2,1260,2936.104465,RF,8,0.0,0,0.0,9,3040.907,380.113375,2630.7940361214596,
2,1261,2939.226491,AB,100,0.05,3,0.03,5,8768.448,87.68448000000001,11404.526776004146,
2,1262,2948.061575,SGD,32,0.5,17,0.53125,8,164.127,5.12896875,194970.96760435516,
2,1263,2948.302615,NB,100,0.01,1,0.01,29,147.463,1.4746299999999999,678136.2104392288,
2,1264,2948.493223,AB,8,0.05,0,0.0,20,7930.213,991.276625,1008.80014193818,
2,1265,2956.464129,GB,8,0.0,0,0.0,29,237.733,29.716625,33651.19693101084,
2,1266,2956.747128,SGD,32,0.0,0,0.0,15,164.062,5.1269375,195048.21348026965,
2,1267,2956.960539,RF,32,0.01,0,0.0,7,3077.483,96.17134375,10398.107804332307,
2,1268,2960.111908,DT,64,0.05,2,0.03125,15,99.26,1.5509375,644771.3076768083,
2,1269,2960.250234,MLP,1,0.5,0,0.0,28,180.232,180.232,5548.40427892938,
2,1270,2960.593443,GB,32,0.01,0,0.0,23,246.288,7.6965,129929.18859221724,
2,1271,2960.918972,DT,100,0.05,10,0.1,10,98.864,0.9886400000000001,1011490.5324486162,
2,1272,2961.073133,MLP,8,0.5,4,0.5,24,183.165,22.895625,43676.46657385417,
2,1273,2961.295336,DT,1,0.5,1,1.0,12,85.973,85.973,11631.558745187443,4.0
2,1274,2961.582763,RF,8,1.0,8,1.0,6,2959.651,369.956375,2703.0214035371064,
2,1275,2964.606921,RF,16,0.1,1,0.0625,26,3062.153,191.3845625,5225.081829679967,
2,1276,2967.736775,MLP,32,0.1,3,0.09375,11,204.607,6.39396875,156397.386208683,
2,1277,2967.985107,SGD,1,0.1,0,0.0,19,150.648,150.648,6637.99054750146,
2,1278,2968.306184,GB,8,0.05,1,0.125,15,217.207,27.150875,36831.22551298991,
2,1279,2968.583027,AB,100,1.0,100,1.0,12,8576.873,85.76872999999999,11659.260898464978,
2,1280,2977.201696,MLP,1,0.5,0,0.0,15,162.354,162.354,6159.380119984724,
2,1281,2977.507533,SGD,8,1.0,8,1.0,15,145.005,18.125625,55170.511361677185,
2,1282,2977.698373,RF,32,0.01,0,0.0,13,3058.743,95.58571875,10461.81388890796,
2,1283,2980.800285,AB,1,0.0,0,0.0,16,7660.174,7660.174,130.5453374818901,2.0
2,1284,3001.18013,MLP,1,0.01,0,0.0,0,171.397,171.397,5834.407836776607,
2,1285,3001.50689,AB,16,0.05,0,0.0,15,7993.165,499.5728125,2001.7102111616612,
2,1286,3009.541757,SGD,1,0.05,0,0.0,4,147.521,147.521,6778.695914479973,
2,1287,3009.854112,RF,8,0.5,3,0.375,13,2989.881,373.735125,2675.691775023822,
2,1288,3012.886451,GB,1,0.1,0,0.0,1,223.862,223.862,4467.037728600656,4.0
2,1289,3025.660542,LoR,64,0.1,5,0.078125,13,170.057,2.657140625,376344.4021710368,
2,1290,3025.907385,GB,100,0.05,10,0.1,8,282.804,2.8280399999999997,353601.7878106392,
2,1291,3026.252863,MLP,16,0.1,1,0.0625,8,191.522,11.970125,83541.31640229322,
2,1292,3026.486448,NB,8,0.01,0,0.0,15,119.258,14.90725,67081.4536551007,
2,1293,3026.661456,LoR,100,1.0,100,1.0,17,169.308,1.69308,590639.5444987833,
2,1294,3026.868063,MLP,1,0.0,0,0.0,0,160.977,160.977,6212.0675624468095,
2,1295,3027.194463,NB,100,0.01,0,0.0,11,146.165,1.46165,684158.3142339138,
2,1296,3027.378469,RF,8,1.0,8,1.0,0,2934.675,366.834375,2726.0258802082,
2,1297,3030.359283,GB,16,0.1,0,0.0,4,233.692,14.60575,68466.18626225973,
2,1298,3030.653637,GB,8,0.5,4,0.5,14,212.81,26.60125,37592.21841078897,
2,1299,3030.93207,GB,32,0.05,1,0.03125,27,226.741,7.08565625,141130.1881882853,
2,1300,3031.199062,SGD,1,0.1,0,0.0,4,155.375,155.375,6436.041834271923,
2,1301,3031.506066,MLP,16,1.0,16,1.0,2,178.275,11.1421875,89748.98331229841,
2,1302,3031.789851,GB,100,0.5,49,0.49,11,319.668,3.19668,312824.55547630665,
2,1303,3032.16913,SGD,8,0.5,4,0.5,4,158.947,19.868375,50331.24248963491,
2,1304,3032.369143,SGD,8,0.01,0,0.0,26,147.569,18.446125,54211.927979453685,
2,1305,3032.55957,SGD,32,1.0,32,1.0,7,149.17,4.6615625,214520.3459140578,
2,1306,3032.766834,AB,16,0.5,8,0.5,10,7966.273,497.8920625,2008.4674477010767,
2,1307,3040.794411,SGD,8,0.5,5,0.625,22,149.472,18.684,53521.729822307854,
2,1308,3041.006719,AB,32,0.5,15,0.46875,2,8026.65,250.8328125,3986.7192415266645,
2,1309,3049.081709,RF,32,0.01,0,0.0,3,3171.016,99.09425,10091.402881600092,
2,1310,3052.298609,GB,16,0.01,0,0.0,6,226.875,14.1796875,70523.41597796143,
2,1311,3052.567335,MLP,1,0.1,0,0.0,25,171.391,171.391,5834.6120858154745,
2,1312,3052.924699,AB,100,0.5,49,0.49,5,8648.569,86.48568999999999,11562.606484379092,
2,1313,3061.634399,AB,8,0.5,5,0.625,18,7748.478,968.55975,1032.4608265003785,
2,1314,3069.44301,NB,8,0.5,2,0.25,18,110.707,13.838375,72262.81987588861,
2,1315,3069.609611,RF,8,0.5,5,0.625,21,2925.52,365.69,2734.5565916486644,
2,1316,3072.578063,RF,1,0.05,0,0.0,5,2866.009,2866.009,348.9172574126599,9.99
2,1317,3088.069662,AB,8,0.05,1,0.125,10,7841.504,980.188,1020.2124490403882,
2,1318,3095.977215,AB,32,0.01,1,0.03125,21,8130.728,254.08525,3935.686939718067,
2,1319,3104.180751,RF,64,0.5,29,0.453125,4,3206.837,50.106828125,19957.359853338352,
2,1320,3107.463284,NB,64,0.1,11,0.171875,18,141.806,2.21571875,451320.8185831347,
2,1321,3107.673864,GB,64,0.01,1,0.015625,21,261.443,4.085046875,244795.23261284488,
2,1322,3108.014957,LoR,100,0.1,14,0.14,22,180.208,1.80208,554914.3212288023,
2,1323,3108.25807,LoR,32,0.5,21,0.65625,10,153.983,4.81196875,207815.14842547552,
2,1324,3108.474925,AB,32,0.05,1,0.03125,26,8014.713,250.45978125,3992.6570046862566,
2,1325,3116.531015,LoR,1,0.5,0,0.0,9,143.925,143.925,6948.063227375368,
2,1326,3116.846105,SGD,16,0.1,3,0.1875,3,149.221,9.3263125,107223.51411664578,
2,1327,3117.033577,LoR,8,1.0,8,1.0,4,141.907,17.738375,56374.94979106034,
2,1328,3117.238297,DT,32,0.05,1,0.03125,18,89.149,2.78590625,358949.6236637539,
2,1329,3117.366545,LoR,8,0.01,0,0.0,12,144.798,18.09975,55249.38189754002,
2,1330,3117.551166,DT,16,0.0,0,0.0,29,84.153,5.2595625,190129.88247596638,
2,1331,3117.70076,GB,64,0.1,7,0.109375,18,250.896,3.92025,255085.77259103375,
2,1332,3118.028942,GB,100,0.1,7,0.07,5,273.518,2.7351799999999997,365606.6511161971,
2,1333,3118.343681,LoR,16,1.0,16,1.0,12,159.013,9.9383125,100620.70396760013,
2,1334,3118.576566,GB,64,0.05,3,0.046875,7,244.985,3.827890625,261240.4841112721,
2,1335,3118.885251,NB,32,0.5,15,0.46875,29,125.011,3.90659375,255977.47398228958,
2,1336,3119.065902,SGD,16,0.5,9,0.5625,17,157.907,9.8691875,101325.46372231757,
2,1337,3119.277786,NB,32,0.0,0,0.0,7,116.014,3.6254375,275828.7792852587,
2,1338,3119.431085,GB,1,0.01,0,0.0,5,201.109,201.109,4972.4278873645635,4.0
2,1339,3132.093795,GB,8,0.0,0,0.0,10,310.885,38.860625,25732.988082409895,
2,1340,3132.465414,AB,32,0.0,0,0.0,22,8792.504,274.76575,3639.46379779867,
2,1341,3141.35111,SGD,100,0.0,0,0.0,7,200.268,2.00268,499330.89659855794,
2,1342,3141.597063,MLP,8,1.0,8,1.0,12,195.288,24.411,40965.13866699438,
2,1343,3141.863065,RF,32,0.5,16,0.5,2,3265.357,102.04240625,9799.84730612916,
2,1344,3145.214672,AB,64,0.5,31,0.484375,28,8436.909,131.826703125,7585.716522484716,
2,1345,3153.736285,RF,100,0.1,11,0.11,3,3465.47,34.6547,28856.11475499716,
2,1346,3157.245265,MLP,1,0.5,0,0.0,3,193.28,193.28,5173.841059602649,
2,1347,3157.599843,SGD,1,0.05,0,0.0,7,148.677,148.677,6725.989897563174,
2,1348,3157.902244,AB,64,1.0,64,1.0,0,8309.049,129.828890625,7702.445851504786,
2,1349,3166.275696,NB,16,0.01,1,0.0625,4,120.288,7.518,133014.09949454642,
2,1350,3166.470846,MLP,100,0.1,9,0.09,14,291.996,2.9199599999999997,342470.44480061374,
2,1351,3166.805275,LoR,8,0.1,0,0.0,23,150.492,18.8115,53158.971905483355,
2,1352,3166.995703,LoR,1,0.01,0,0.0,18,140.994,140.994,7092.500390087522,
2,1353,3167.318514,LoR,100,0.5,52,0.52,28,159.453,1.59453,627144.0487165496,
2,1354,3167.527225,NB,64,0.0,0,0.0,1,129.417,2.022140625,494525.44874320994,
2,1355,3167.699588,MLP,32,1.0,32,1.0,17,224.738,7.0230625,142388.02516708346,
2,1356,3167.962194,GB,1,0.0,0,0.0,3,245.521,245.521,4072.971354792462,4.0
2,1357,3180.662077,GB,64,0.05,3,0.046875,14,260.076,4.0636875,246081.91451729494,
2,1358,3180.963404,SGD,1,0.5,0,0.0,17,155.276,155.276,6440.145289677735,
2,1359,3181.272479,GB,32,0.01,0,0.0,4,224.28,7.00875,142678.79436418763,
2,1360,3181.560415,AB,32,0.05,4,0.125,15,8028.081,250.87753125,3986.0086115224794,
2,1361,3189.647107,SGD,100,0.0,0,0.0,12,167.38,1.6738,597442.944198829,
2,1362,3189.891213,GB,100,0.5,44,0.44,1,281.963,2.81963,354656.46201806614,
2,1363,3190.24356,NB,64,0.05,2,0.03125,23,138.728,2.167625,461334.40978028945,
2,1364,3190.436774,DT,100,1.0,100,1.0,10,99.011,0.9901099999999999,1009988.7891244408,
2,1365,3190.598469,AB,16,0.05,0,0.0,19,8004.464,500.279,1998.8846223807116,
2,1366,3198.671997,RF,8,0.05,0,0.0,29,3011.044,376.3805,2656.8857844654544,
2,1367,3201.72623,RF,16,0.0,0,0.0,16,3550.458,221.903625,4506.460856599346,
2,1368,3205.362391,DT,32,0.1,3,0.09375,0,118.249,3.69528125,270615.39632470463,
2,1369,3205.523341,SGD,16,1.0,16,1.0,2,188.906,11.806625,84698.20969159264,
2,1370,3205.778063,LoR,100,0.0,0,0.0,29,178.899,1.78899,558974.6169626437,
2,1371,3206.033699,AB,64,0.1,6,0.09375,22,8840.331,138.130171875,7239.547930954169,
2,1372,3214.967444,MLP,16,0.01,1,0.0625,0,230.594,14.412125,69386.02045152953,
2,1373,3215.24785,NB,32,1.0,32,1.0,25,133.511,4.17221875,239680.62556643275,
2,1374,3215.443944,AB,16,0.1,1,0.0625,2,8522.78,532.67375,1877.3217189696318,
2,1375,3224.035565,GB,32,1.0,32,1.0,18,274.793,8.58728125,116451.2924273908,
2,1376,3224.38229,DT,32,0.1,6,0.1875,16,93.069,2.90840625,343830.92114452715,
2,1377,3224.536694,LoR,32,0.5,12,0.375,17,236.36,7.38625,135386.69825689626,
2,1378,3224.831621,AB,16,0.05,1,0.0625,26,8132.513,508.2820625,1967.4115491730538,
2,1379,3233.030787,DT,32,0.5,16,0.5,16,87.217,2.72553125,366900.948209638,
2,1380,3233.180594,SGD,100,0.0,0,0.0,8,179.771,1.79771,556263.2460185458,
2,1381,3233.439851,MLP,100,0.1,15,0.15,28,251.066,2.51066,398301.6417993675,
2,1382,3233.736115,DT,8,1.0,8,1.0,25,89.042,11.13025,89845.24157139327,
2,1383,3233.870345,SGD,32,0.01,0,0.0,8,156.898,4.9030625,203954.16130224732,
2,1384,3234.097435,LoR,64,0.1,7,0.109375,3,159.472,2.49175,401324.3704223939,
2,1385,3234.297524,GB,16,1.0,16,1.0,18,238.801,14.9250625,67001.39446652234,
2,1386,3234.599202,GB,16,1.0,16,1.0,9,236.635,14.7896875,67614.68083757686,
2,1387,3234.915906,MLP,100,0.05,4,0.04,20,249.96,2.4996,400064.01024163864,
2,1388,3235.213327,DT,32,0.01,0,0.0,12,93.513,2.92228125,342198.4109161293,
2,1389,3235.34657,MLP,1,0.01,0,0.0,23,167.799,167.799,5959.511081710856,
2,1390,3235.713266,NB,100,0.5,56,0.56,25,157.945,1.57945,633131.7863813353,
2,1391,3235.909516,SGD,1,0.5,0,0.0,16,152.013,152.013,6578.384743410103,
2,1392,3236.217951,NB,32,0.01,0,0.0,25,119.109,3.72215625,268661.47814187006,
2,1393,3236.407504,DT,64,0.01,1,0.015625,10,96.556,1.5086875,662827.7890550562,
2,1394,3236.546231,RF,32,0.0,0,0.0,22,3231.641,100.98878125,9902.089990812718,
2,1395,3239.842614,GB,8,0.1,1,0.125,15,232.494,29.06175,34409.49013737989,
2,1396,3240.119346,NB,8,0.1,0,0.0,24,117.149,14.643625,68289.10191294846,
2,1397,3240.299381,AB,16,0.1,1,0.0625,25,8741.073,546.3170625,1830.4388946299841,
2,1398,3249.115461,MLP,32,0.0,0,0.0,28,249.575,7.79921875,128217.9705499349,
2,1399,3249.437506,MLP,32,0.5,16,0.5,7,193.536,6.048,165343.91534391535,
2,1400,3249.675466,AB,16,0.01,0,0.0,10,8775.712,548.482,1823.2138885141173,
2,1401,3258.551882,AB,64,0.1,2,0.03125,26,8535.399,133.365609375,7498.184912035162,
2,1402,3267.156267,DT,16,0.05,2,0.125,11,85.242,5.327625,187700.89861805213,
2,1403,3267.283576,MLP,16,0.01,0,0.0,19,213.242,13.327625,75032.12312771406,
2,1404,3267.565001,SGD,32,0.1,1,0.03125,23,164.249,5.13278125,194826.14810440247,
2,1405,3267.801517,DT,64,0.05,4,0.0625,16,94.074,1.46990625,680315.4963114144,
2,1406,3267.953316,DT,16,0.05,1,0.0625,14,91.541,5.7213125,174785.06898548192,
2,1407,3268.114302,NB,64,0.5,34,0.53125,20,142.829,2.231703125,448088.2733898578,
2,1408,3268.333709,MLP,100,0.05,3,0.03,3,243.421,2.4342099999999998,410810.89963478915,
2,1409,3268.640731,GB,32,0.05,2,0.0625,21,275.885,8.62140625,115990.3583014662,
2,1410,3268.981166,LoR,32,0.05,2,0.0625,23,166.873,5.21478125,191762.5979037951,
2,1411,3269.217327,AB,64,0.1,6,0.09375,21,8448.006,132.00009375,7575.752195251755,
2,1412,3277.704978,MLP,1,1.0,1,1.0,29,167.502,167.502,5970.077969218278,
2,1413,3278.028266,GB,1,1.0,1,1.0,0,222.253,222.253,4499.376836308172,4.0
2,1414,3290.953636,SGD,64,1.0,64,1.0,16,172.583,2.696609375,370836.06148925447,
2,1415,3291.187296,MLP,8,0.1,1,0.125,16,180.522,22.56525,44315.92825251216,
2,1416,3291.408242,MLP,1,0.5,1,1.0,5,163.61,163.61,6112.095837662734,
2,1417,3291.725169,GB,8,0.05,0,0.0,6,217.529,27.191125,36776.705634651014,
2,1418,3292.004263,LoR,8,0.1,1,0.125,3,158.363,19.795375,50516.850526953895,
2,1419,3292.204707,RF,8,0.01,0,0.0,7,3375.42,421.9275,2370.075427650485,
2,1420,3295.643626,AB,8,0.5,4,0.5,17,8206.119,1025.764875,974.8822799181927,
2,1421,3303.908066,GB,16,0.0,0,0.0,18,255.631,15.9769375,62590.21793131506,
2,1422,3304.210723,SGD,16,1.0,16,1.0,14,177.172,11.07325,90307.72356805817,
2,1423,3304.442606,LoR,64,1.0,64,1.0,2,163.125,2.548828125,392337.16475095786,
2,1424,3304.645406,NB,8,1.0,8,1.0,2,118.38,14.7975,67578.98293630681,
2,1425,3304.813521,GB,32,0.05,0,0.0,26,246.493,7.70290625,129821.13082318768,
2,1426,3305.112189,AB,64,0.0,0,0.0,22,8969.461,140.147828125,7135.322847158821,
2,1427,3314.148455,SGD,1,0.05,1,1.0,24,174.774,174.774,5721.6748486617,
2,1428,3314.534138,NB,100,0.1,8,0.08,0,203.385,2.0338499999999997,491678.3440273373,
2,1429,3314.807749,MLP,64,0.1,6,0.09375,18,241.628,3.7754375,264869.96540136077,
2,1430,3315.129165,SGD,100,0.5,48,0.48,28,173.424,1.73424,576621.4595442384,
2,1431,3315.340286,NB,1,1.0,1,1.0,0,102.096,102.096,9794.703024604294,
2,1432,3315.503665,SGD,64,0.01,0,0.0,20,164.198,2.56559375,389773.3224521614,
2,1433,3315.737776,GB,64,0.1,3,0.046875,6,302.755,4.730546875,211392.04967713167,
2,1434,3316.108361,NB,32,0.5,14,0.4375,25,129.281,4.04003125,247522.83784933592,
2,1435,3316.279261,GB,16,0.05,0,0.0,17,230.832,14.427,69314.47979482914,
2,1436,3316.555137,NB,32,0.0,0,0.0,3,123.972,3.874125,258122.8019230149,
2,1437,3316.726409,AB,16,0.01,0,0.0,13,8621.508,538.84425,1855.8238303554322,
2,1438,3325.405954,RF,1,0.05,0,0.0,26,3063.664,3063.664,326.4065511100434,9.47
2,1439,3341.510893,RF,8,0.1,1,0.125,24,3061.687,382.710875,2612.938553157132,
2,1440,3344.618393,DT,8,0.01,0,0.0,4,95.665,11.958125,83625.15026394188,
2,1441,3344.775635,RF,16,0.1,1,0.0625,7,3063.281,191.4550625,5223.157784088368,
2,1442,3347.904448,RF,100,1.0,100,1.0,7,3321.605,33.21605,30105.927706635797,
2,1443,3351.269285,RF,1,0.5,0,0.0,15,2963.274,2963.274,337.4645746562755,9.99
2,1444,3367.197725,RF,8,0.0,0,0.0,22,2992.911,374.113875,2672.982925319196,
2,1445,3370.236177,NB,8,0.1,0,0.0,17,127.513,15.939125,62738.7011520394,
2,1446,3370.422185,DT,100,0.0,0,0.0,27,104.797,1.04797,954225.788906171,
2,1447,3370.643433,LoR,100,0.05,7,0.07,29,194.142,1.94142,515086.8951592134,
2,1448,3370.883228,NB,32,1.0,32,1.0,4,121.186,3.7870625,264056.90426286863,
2,1449,3371.068306,MLP,32,0.05,1,0.03125,10,213.54,6.673125,149854.828135244,
2,1450,3371.345763,RF,32,0.1,3,0.09375,10,3114.753,97.33603125,10273.687833353077,
2,1451,3374.542115,MLP,100,0.5,62,0.62,20,258.583,2.58583,386723.02510219155,
2,1452,3374.855414,DT,64,0.01,0,0.0,27,97.472,1.523,656598.8181221274,
2,1453,3375.02312,RF,64,0.5,34,0.53125,9,3231.716,50.4955625,19803.720376419216,
2,1454,3378.295423,NB,1,1.0,1,1.0,19,112.05,112.05,8924.587237840251,
2,1455,3378.463923,DT,32,0.01,0,0.0,14,94.511,2.95346875,338584.92662229796,
2,1456,3378.620722,LoR,100,0.0,0,0.0,26,174.719,1.74719,572347.5981433045,
2,1457,3378.834903,MLP,8,0.0,0,0.0,0,176.493,22.061625,45327.576731088484,
2,1458,3379.052268,DT,1,0.1,0,0.0,20,87.286,87.286,11456.590976788946,16.0
2,1459,3379.326162,MLP,1,1.0,1,1.0,28,170.007,170.007,5882.110736616727,
2,1460,3379.652005,MLP,16,1.0,16,1.0,10,175.843,10.9901875,90990.25835546483,
2,1461,3379.896398,DT,32,0.5,17,0.53125,6,91.493,2.85915625,349753.5330571738,
2,1462,3380.043114,NB,100,0.0,0,0.0,21,149.717,1.4971700000000001,667926.8219373885,
2,1463,3380.240487,AB,64,1.0,64,1.0,1,8425.903,131.654734375,7595.625062382038,
2,1464,3388.740652,LoR,64,0.1,9,0.140625,24,163.596,2.5561875,391207.6089879948,
2,1465,3388.945492,LoR,16,0.0,0,0.0,7,147.796,9.23725,108257.32766786653,
2,1466,3389.163583,RF,64,0.1,4,0.0625,13,3258.323,50.911296875,19642.00602579916,
2,1467,3392.497413,AB,64,0.1,5,0.078125,1,8456.371,132.130796875,7568.258298979551,
2,1468,3401.027228,GB,64,0.1,7,0.109375,4,320.777,5.012140625,199515.55130199486,
2,1469,3401.429741,SGD,100,0.01,1,0.01,18,182.399,1.82399,548248.6197840997,
2,1470,3401.65484,NB,8,0.01,0,0.0,10,112.403,14.050375,71172.47760291095,
2,1471,3401.807441,SGD,8,0.01,0,0.0,8,154.59,19.32375,51749.78976647907,
2,1472,3402.006269,DT,32,1.0,32,1.0,18,91.136,2.848,351123.59550561797,
2,1473,3402.139688,AB,32,1.0,32,1.0,12,8249.941,257.81065625,3878.815618196542,
2,1474,3410.431027,LoR,8,1.0,8,1.0,13,175.32,21.915,45630.84645220169,
2,1475,3410.661559,MLP,1,0.05,0,0.0,21,164.754,164.754,6069.655364968377,
2,1476,3411.012428,LoR,64,0.1,5,0.078125,14,157.559,2.461859375,406197.0436471417,
2,1477,3411.208132,GB,1,1.0,1,1.0,19,224.414,224.414,4456.0499790565655,4.0
2,1478,3424.062605,RF,1,0.0,0,0.0,13,2988.34,2988.34,334.63394392873636,9.62
2,1479,3440.58724,MLP,32,0.01,1,0.03125,3,244.357,7.63615625,130955.9374194314,
2,1480,3440.87477,LoR,16,0.0,0,0.0,21,160.405,10.0253125,99747.51410492191,
2,1481,3441.075408,SGD,1,0.05,1,1.0,18,147.466,147.466,6781.224146582941,
2,1482,3441.423546,DT,100,0.01,2,0.02,25,101.353,1.01353,986650.6171499611,
2,1483,3441.59423,NB,64,0.5,43,0.671875,29,139.743,2.183484375,457983.5841509056,
2,1484,3441.794071,MLP,32,0.1,4,0.125,5,195.739,6.11684375,163483.00543070107,
2,1485,3442.033247,MLP,32,1.0,32,1.0,24,186.677,5.83365625,171419.08215795198,
2,1486,3442.297156,LoR,100,0.1,8,0.08,5,167.44,1.6743999999999999,597228.8580984233,
2,1487,3442.512009,AB,16,0.1,0,0.0,19,8108.567,506.7854375,1973.2216555650339,
2,1488,3450.706146,MLP,64,0.5,29,0.453125,17,212.212,3.3158125,301585.20724558464,
2,1489,3450.971272,LoR,64,0.01,0,0.0,21,156.937,2.452140625,407806.95438296895,
2,1490,3451.190601,SGD,32,0.1,3,0.09375,13,149.241,4.66378125,214418.28988012674,
2,1491,3451.389272,DT,64,1.0,64,1.0,23,90.006,1.40634375,711063.7068639868,
2,1492,3451.515449,SGD,1,0.0,0,0.0,28,142.593,142.593,7012.966975938511,
2,1493,3451.820849,NB,100,1.0,100,1.0,28,145.753,1.4575299999999998,686092.2245168196,
2,1494,3452.033648,NB,64,0.5,40,0.625,27,126.621,1.978453125,505445.3842569558,
2,1495,3452.196203,GB,8,0.0,0,0.0,21,249.187,31.148375,32104.403520247844,
2,1496,3452.505696,SGD,16,0.5,10,0.625,7,156.037,9.7523125,102539.78223113748,
2,1497,3452.71925,RF,8,0.5,5,0.625,6,3061.109,382.638625,2613.4319294085903,
2,1498,3455.860625,AB,100,0.05,5,0.05,13,8699.685,86.99685,11494.669059856766,
2,1499,3464.60393,AB,8,0.01,0,0.0,7,7923.594,990.44925,1009.6428464154019,
2,1500,3472.611514,DT,100,0.05,3,0.03,16,90.015,0.90015,1110925.9567849804,
2,1501,3472.749864,RF,64,1.0,64,1.0,9,3201.192,50.018625,19992.55277409165,
2,1502,3475.993415,MLP,8,1.0,8,1.0,0,189.235,23.654375,42275.477580785795,
2,1503,3476.224775,DT,1,0.05,0,0.0,3,87.391,87.391,11442.825920289273,16.0
2,1504,3476.507411,LoR,1,0.01,0,0.0,19,152.51,152.51,6556.947085437021,
2,1505,3476.815964,RF,8,0.1,0,0.0,7,2992.175,374.021875,2673.6404120748284,
2,1506,3479.850474,DT,1,0.1,0,0.0,29,91.364,91.364,10945.230068736044,16.0
2,1507,3480.15132,MLP,8,0.1,1,0.125,15,184.91,23.11375,43264.29073603375,
2,1508,3480.387642,LoR,64,0.0,0,0.0,24,158.141,2.470953125,404702.13290670986,
2,1509,3480.589235,LoR,32,0.0,0,0.0,27,149.896,4.68425,213481.34706730003,
2,1510,3480.779985,SGD,8,0.01,0,0.0,16,144.395,18.049375,55403.58045638699,
2,1511,3480.975922,GB,64,0.0,0,0.0,20,272.277,4.254328125,235054.74204578428,
2,1512,3481.326933,AB,100,0.5,54,0.54,22,8677.82,86.7782,11523.631511139894,
2,1513,3490.082736,LoR,64,0.5,38,0.59375,19,166.257,2.597765625,384946.19775407953,
2,1514,3490.328176,LoR,100,0.05,3,0.03,5,163.401,1.6340100000000002,611991.3586820153,
2,1515,3490.540979,LoR,64,1.0,64,1.0,5,204.362,3.19315625,313169.7673735822,
2,1516,3490.789071,SGD,32,0.0,0,0.0,28,148.321,4.63503125,215748.27569932782,
2,1517,3490.980817,LoR,1,0.1,0,0.0,0,138.835,138.835,7202.794684337523,
2,1518,3491.270127,RF,1,0.05,0,0.0,8,2929.819,2929.819,341.31801316054,9.99
2,1519,3507.227187,GB,100,0.05,4,0.04,24,304.868,3.04868,328010.81123633834,
2,1520,3507.60974,NB,100,0.1,6,0.06,17,160.922,1.6092199999999999,621419.072594176,
2,1521,3507.839005,GB,64,0.01,1,0.015625,11,259.706,4.05790625,246432.5044473366,
2,1522,3508.145524,LoR,32,0.01,0,0.0,20,163.244,5.101375,196025.58133836466,
2,1523,3508.36933,LoR,16,0.1,1,0.0625,16,149.608,9.3505,106946.15261215977,
2,1524,3508.57512,SGD,8,0.1,1,0.125,16,147.149,18.393625,54366.66236263923,
2,1525,3508.789928,NB,64,0.05,4,0.0625,11,130.785,2.043515625,489352.75452077837,
2,1526,3508.958393,AB,16,0.0,0,0.0,27,8541.655,533.8534375,1873.1732901879084,
2,1527,3517.55182,MLP,8,1.0,8,1.0,22,203.072,25.384,39394.89442168295,
2,1528,3517.818095,GB,100,1.0,100,1.0,25,310.551,3.1055099999999998,322008.30137400946,
2,1529,3518.198099,DT,32,0.01,2,0.0625,0,97.78,3.055625,327265.2894252403,
2,1530,3518.354217,GB,16,0.1,2,0.125,21,248.176,15.511,64470.37586229128,
2,1531,3518.687905,AB,16,0.1,3,0.1875,7,8098.349,506.1468125,1975.7113456088396,
2,1532,3526.850895,SGD,16,0.05,1,0.0625,0,159.079,9.9424375,100578.9576248279,
2,1533,3527.06843,RF,100,1.0,100,1.0,13,3310.416,33.10416,30207.683868130167,
2,1534,3530.423405,NB,8,0.01,0,0.0,21,140.871,17.608875,56789.54504475726,
2,1535,3530.648926,DT,64,1.0,64,1.0,19,97.507,1.523546875,656363.1329032787,
2,1536,3530.792375,RF,32,0.05,0,0.0,17,3161.171,98.78659375,10122.831064817437,
2,1537,3534.019193,GB,16,0.5,6,0.375,9,245.207,15.3254375,65250.99201898804,
2,1538,3534.305597,RF,8,0.0,0,0.0,19,3002.043,375.255375,2664.85190252105,
2,1539,3537.373286,MLP,16,0.1,1,0.0625,3,205.289,12.8305625,77938.90564034118,
2,1540,3537.62791,DT,32,0.0,0,0.0,13,95.229,2.97590625,336032.09106469667,
2,1541,3537.792622,MLP,64,0.01,2,0.03125,5,218.629,3.416078125,292733.3519340984,
2,1542,3538.080754,RF,64,0.05,2,0.03125,1,3259.767,50.933859375,19633.305079780243,
2,1543,3541.411046,LoR,32,0.05,1,0.03125,5,170.477,5.32740625,187708.60585298896,
2,1544,3541.63367,MLP,64,1.0,64,1.0,19,217.152,3.393,294724.4326554671,
2,1545,3541.922671,RF,64,0.1,5,0.078125,0,3255.118,50.86121875,19661.345610205222,
2,1546,3545.221852,MLP,16,0.0,0,0.0,22,194.236,12.13975,82374.0192343335,
2,1547,3545.462939,RF,8,0.1,0,0.0,20,3056.797,382.099625,2617.1185067245224,
2,1548,3548.594801,SGD,64,0.05,3,0.046875,17,176.989,2.765453125,361604.3934933809,
2,1549,3548.833721,SGD,16,0.1,3,0.1875,7,157.147,9.8216875,101815.49759142713,
2,1550,3549.041577,SGD,64,1.0,64,1.0,5,160.583,2.509109375,398547.79148477735,
2,1551,3549.239854,LoR,1,0.0,0,0.0,20,144.922,144.922,6900.263590069141,
2,1552,3549.53864,NB,8,1.0,8,1.0,3,112.283,14.035375,71248.54163141348,
2,1553,3549.713706,NB,32,0.05,2,0.0625,23,116.66,3.645625,274301.3886507801,
2,1554,3549.867943,SGD,1,0.5,0,0.0,8,149.989,149.989,6667.155591410036,
2,1555,3550.180428,GB,64,1.0,64,1.0,22,264.561,4.133765625,241910.18328476232,
2,1556,3550.506824,MLP,100,0.0,0,0.0,27,283.139,2.8313900000000003,353183.4187448568,
2,1557,3550.856896,AB,32,0.1,3,0.09375,0,8226.962,257.0925625,3889.6496665476275,
2,1558,3559.130129,DT,32,1.0,32,1.0,8,83.329,2.60403125,384019.96903839003,
2,1559,3559.284284,MLP,64,0.01,1,0.015625,6,214.616,3.353375,298207.0302307377,
2,1560,3559.541444,DT,8,0.1,0,0.0,3,86.74,10.8425,92229.65183306433,
2,1561,3559.670829,AB,32,0.0,0,0.0,4,8578.182,268.0681875,3730.3941557779954,
2,1562,3568.341224,DT,16,0.1,3,0.1875,24,88.468,5.52925,180856.35484016818,
2,1563,3568.488914,MLP,64,0.01,0,0.0,20,254.912,3.983,251067.03489831786,
2,1564,3568.831097,RF,100,0.5,54,0.54,0,3754.115,37.541149999999995,26637.436519659095,
2,1565,3572.641468,MLP,8,0.1,0,0.0,29,222.069,27.758625,36024.839126577775,
2,1566,3572.915271,AB,32,1.0,32,1.0,3,8401.991,262.56221875,3808.621075647427,
2,1567,3581.406741,GB,32,0.1,1,0.03125,15,277.243,8.66384375,115422.21084030977,
2,1568,3581.727829,LoR,1,0.05,0,0.0,17,175.681,175.681,5692.135176826179,
2,1569,3582.087771,DT,100,1.0,100,1.0,21,114.082,1.14082,876562.4726074227,
2,1570,3582.27535,RF,16,0.5,10,0.625,20,3131.675,195.7296875,5109.086990188956,
2,1571,3585.450574,SGD,1,0.1,0,0.0,24,167.044,167.044,5986.446684705826,
2,1572,3585.780106,DT,64,1.0,64,1.0,14,95.679,1.494984375,668903.3121165563,
2,1573,3585.915553,GB,1,0.05,0,0.0,1,224.729,224.729,4449.8039861344105,4.0
2,1574,3598.940738,SGD,16,0.5,9,0.5625,15,164.528,10.283,97247.88485850433,
2,1575,3599.145414,GB,8,0.0,0,0.0,13,216.135,27.016875,37013.90334744489,
2,1576,3599.421203,GB,8,0.5,2,0.25,24,215.274,26.90925,37161.94245473211,
2,1577,3599.695891,RF,8,0.01,1,0.125,3,3110.595,388.824375,2571.855223839812,
2,1578,3602.875497,AB,32,0.05,2,0.0625,16,8329.161,260.28628125,3841.9235742951782,
2,1579,3611.280588,AB,64,0.05,3,0.046875,19,8402.255,131.285234375,7617.0028165058075,
2,1580,3619.744795,LoR,100,0.0,0,0.0,4,173.848,1.73848,575215.1304587915,
2,1581,3619.984613,MLP,32,0.5,16,0.5,12,208.046,6.5014375,153812.1377003163,
2,1582,3620.271849,AB,100,0.05,6,0.06,9,8737.643,87.37643,11444.734008931242,
2,1583,3629.0519,GB,1,0.5,0,0.0,2,207.955,207.955,4808.73265850785,4.0
2,1584,3641.908568,AB,8,0.01,0,0.0,0,8011.391,1001.423875,998.5781495373276,
2,1585,3649.966821,LoR,16,0.05,0,0.0,11,153.432,9.5895,104280.72370822255,
2,1586,3650.161361,GB,1,0.05,0,0.0,5,205.288,205.288,4871.205331047114,4.0
2,1587,3663.010648,DT,64,0.0,0,0.0,15,97.766,1.52759375,654624.3070187999,
2,1588,3663.148026,SGD,8,0.0,0,0.0,22,158.053,19.756625,50615.93263019367,
2,1589,3663.37251,NB,32,0.1,1,0.03125,7,127.704,3.99075,250579.4650128422,
2,1590,3663.54195,RF,32,1.0,32,1.0,4,3114.277,97.32115625,10275.258109667187,
2,1591,3666.725002,NB,32,0.01,1,0.03125,6,130.018,4.0630625,246119.76803211862,
2,1592,3666.899652,AB,32,0.01,0,0.0,24,8268.48,258.39,3870.1188126475486,
2,1593,3675.210434,GB,1,0.5,0,0.0,6,203.367,203.367,4917.218624457262,4.0
2,1594,3688.419946,MLP,8,0.1,0,0.0,11,217.094,27.13675,36850.39660239343,
2,1595,3688.684404,AB,16,0.05,0,0.0,5,8129.38,508.08625,1968.1697743247332,
2,1596,3696.88453,AB,32,0.01,2,0.0625,15,8211.53,256.6103125,3896.9595191151952,
2,1597,3705.137369,SGD,8,0.0,0,0.0,23,162.708,20.3385,49167.83440273373,
2,1598,3705.3765,LoR,64,0.05,1,0.015625,1,163.865,2.560390625,390565.404448784,
2,1599,3705.579417,SGD,8,0.0,0,0.0,2,146.296,18.287,54683.655055503914,
2,1600,3705.77512,MLP,64,0.0,0,0.0,13,214.543,3.352234375,298308.49759721826,
2,1601,3706.030442,SGD,1,0.5,0,0.0,6,144.506,144.506,6920.127883963296,
2,1602,3706.33657,NB,32,1.0,32,1.0,23,125.028,3.907125,255942.66884217935,
2,1603,3706.50008,NB,8,1.0,8,1.0,21,143.784,17.973,55639.014076670566,
2,1604,3706.681162,NB,8,1.0,8,1.0,5,102.405,12.800625,78121.1854889898,
2,1605,3706.843667,MLP,32,0.05,2,0.0625,14,193.073,6.03353125,165740.4194268489,
2,1606,3707.076951,DT,16,0.0,0,0.0,20,94.842,5.927625,168701.63007950064,
2,1607,3707.210986,SGD,1,0.5,0,0.0,13,148.474,148.474,6735.185958484314,
2,1608,3707.544783,GB,64,0.05,4,0.0625,17,279.348,4.3648125,229104.91573234816,
2,1609,3707.891755,MLP,32,0.05,1,0.03125,9,201.158,6.2861875,159078.93297805707,
2,1610,3708.131715,LoR,1,1.0,1,1.0,4,148.563,148.563,6731.151094148611,
2,1611,3708.466143,MLP,100,0.1,8,0.08,26,233.543,2.33543,428186.67226163915,
2,1612,3708.777472,MLP,100,0.1,12,0.12,13,229.156,2.29156,436383.9480528548,
2,1613,3709.047218,GB,1,0.05,0,0.0,21,212.971,212.971,4695.474970770668,4.0
2,1614,3721.855983,SGD,32,0.01,1,0.03125,4,166.454,5.2016875,192245.3050091917,
2,1615,3722.063852,DT,1,0.05,0,0.0,17,87.709,87.709,11401.338517141912,16.0
2,1616,3722.335885,RF,1,0.01,0,0.0,26,2995.205,2995.205,333.86696403084267,11.21
2,1617,3738.301773,SGD,32,0.0,0,0.0,4,165.154,5.1610625,193758.5526236119,
2,1618,3738.51243,NB,16,0.1,0,0.0,2,120.467,7.5291875,132816.45595889332,
2,1619,3738.673927,AB,8,0.1,0,0.0,25,7992.585,999.073125,1000.9277348942801,
2,1620,3746.719756,SGD,64,1.0,64,1.0,24,163.288,2.551375,391945.51957277936,
2,1621,3746.925206,NB,16,1.0,16,1.0,20,111.417,6.9635625,143604.65638098316,
2,1622,3747.105703,LoR,64,0.05,2,0.03125,22,163.64,2.556875,391102.41994622344,
2,1623,3747.326311,DT,100,0.0,0,0.0,21,96.621,0.9662099999999999,1034971.6935241822,
2,1624,3747.481101,NB,16,0.5,7,0.4375,5,112.854,7.053375,141776.10009392668,
2,1625,3747.659112,SGD,64,0.1,5,0.078125,24,163.778,2.55903125,390772.87547778094,
2,1626,3747.862153,NB,16,1.0,16,1.0,10,110.659,6.9161875,144588.32991442177,
2,1627,3748.012694,DT,8,0.0,0,0.0,12,88.3,11.0375,90600.22650056625,
2,1628,3748.139926,RF,8,0.1,0,0.0,22,3004.261,375.532625,2662.8844830725425,
2,1629,3751.190342,LoR,32,0.0,0,0.0,5,168.757,5.27365625,189621.76383794448,
2,1630,3751.410487,MLP,64,0.0,0,0.0,1,218.799,3.418734375,292505.907248205,
2,1631,3751.669984,LoR,8,0.0,0,0.0,10,150.606,18.82575,53118.733649389804,
2,1632,3751.858103,SGD,1,0.0,0,0.0,20,143.918,143.918,6948.401172890118,
2,1633,3752.175812,RF,32,0.05,1,0.03125,1,3185.194,99.5373125,10046.48382484709,
2,1634,3755.421665,NB,100,0.0,0,0.0,7,159.908,1.5990799999999998,625359.5817595117,
2,1635,3755.632025,MLP,64,1.0,64,1.0,20,221.706,3.46415625,288670.5817614318,
2,1636,3755.92685,NB,64,0.5,29,0.453125,11,134.31,2.09859375,476509.5674186583,
2,1637,3756.102455,MLP,1,0.1,0,0.0,4,167.952,167.952,5954.082118700581,
2,1638,3756.41904,MLP,8,1.0,8,1.0,18,171.542,21.44275,46635.809306175746,
2,1639,3756.633018,RF,16,1.0,16,1.0,0,3054.638,190.914875,5237.936541089321,
2,1640,3759.756823,SGD,32,0.1,5,0.15625,3,171.321,5.35378125,186783.8735473176,
2,1641,3759.993394,DT,32,0.01,1,0.03125,27,93.689,2.92778125,341555.5721589514,
2,1642,3760.125819,GB,1,0.05,0,0.0,13,219.99,219.99,4545.661166416655,4.0
2,1643,3773.004402,MLP,32,0.5,13,0.40625,8,200.963,6.28009375,159233.2917004623,
2,1644,3773.28393,GB,100,0.05,6,0.06,29,287.793,2.87793,347471.96769900585,
2,1645,3773.638771,AB,32,0.05,4,0.125,6,8198.759,256.21121875,3903.029714619005,
2,1646,3781.904809,AB,32,0.1,5,0.15625,14,8092.086,252.8776875,3954.480958309143,
2,1647,3790.046177,AB,32,0.01,0,0.0,7,8064.568,252.01775,3967.9744779881576,
2,1648,3798.153126,NB,1,0.05,0,0.0,0,103.849,103.849,9629.36571368044,
2,1649,3798.324366,DT,100,1.0,100,1.0,25,94.498,0.94498,1058223.4544646447,
2,1650,3798.475155,GB,100,0.0,0,0.0,2,277.29,2.7729000000000004,360633.2720256771,
2,1651,3798.811938,RF,100,0.0,0,0.0,27,3455.849,34.55849,28936.449480286898,
2,1652,3802.327702,RF,100,0.0,0,0.0,7,3439.52,34.3952,29073.824254547148,
2,1653,3805.808352,LoR,1,1.0,1,1.0,10,165.597,165.597,6038.756740762212,
2,1654,3806.159404,GB,64,0.1,7,0.109375,15,267.26,4.1759375,239467.18551223527,
2,1655,3806.506352,LoR,100,0.5,49,0.49,6,216.634,2.16634,461608.0578302575,
2,1656,3806.800601,MLP,100,0.1,17,0.17,11,241.903,2.41903,413388.83767460514,
2,1657,3807.103286,LoR,16,0.5,8,0.5,4,154.226,9.639125,103743.85641850272,
2,1658,3807.330378,DT,64,0.01,1,0.015625,22,96.805,1.512578125,661122.87588451,
2,1659,3807.467981,AB,32,0.0,0,0.0,27,8142.633,254.45728125,3929.9327379730858,
2,1660,3815.678072,SGD,32,0.1,4,0.125,25,159.759,4.99246875,200301.70444231626,
2,1661,3815.882267,DT,16,0.05,0,0.0,26,87.153,5.4470625,183585.18926485605,
2,1662,3816.04624,AB,100,0.1,9,0.09,1,8684.067,86.84066999999999,11515.341832346527,
2,1663,3824.77306,RF,1,0.5,1,1.0,13,2954.429,2954.429,338.4748795790997,7.88
2,1664,3840.430486,DT,8,0.1,1,0.125,12,90.69,11.33625,88212.59234755761,
2,1665,3840.575518,NB,100,0.0,0,0.0,2,152.124,1.52124,657358.4707212538,
2,1666,3840.764284,SGD,8,0.0,0,0.0,14,154.793,19.349125,51681.92360119643,
2,1667,3840.997763,DT,100,0.05,2,0.02,6,96.336,0.96336,1038033.5492443116,
2,1668,3841.147761,LoR,8,0.5,4,0.5,24,149.568,18.696,53487.376979032946,
2,1669,3841.354292,DT,16,0.5,6,0.375,18,86.531,5.4081875,184904.83179438583,
2,1670,3841.493059,GB,8,0.5,5,0.625,26,219.154,27.39425,36504.010878195244,
2,1671,3841.761588,GB,64,1.0,64,1.0,11,249.534,3.89896875,256478.07513204616,
2,1672,3842.072105,AB,100,0.01,0,0.0,20,8566.507,85.66507,11673.3693207745,
2,1673,3850.683787,AB,32,1.0,32,1.0,16,7860.574,245.6429375,4070.9495260778667,
2,1674,3858.637282,NB,100,1.0,100,1.0,15,146.352,1.46352,683284.1368754783,
2,1675,3858.859697,SGD,100,0.05,5,0.05,6,169.679,1.69679,589348.1220422091,
2,1676,3859.07076,GB,8,0.1,0,0.0,8,214.708,26.8385,37259.906477634744,
2,1677,3859.355343,MLP,64,0.05,1,0.015625,28,220.183,3.440359375,290667.30855697306,
2,1678,3859.651573,MLP,100,0.5,46,0.46,27,229.37,2.2937,435976.806033919,
2,1679,3859.949777,DT,64,0.1,5,0.078125,9,94.917,1.483078125,674273.3124730027,
2,1680,3860.08356,SGD,8,0.1,0,0.0,4,151.507,18.938375,52802.84079283465,
2,1681,3860.301914,NB,64,0.05,2,0.03125,6,131.756,2.0586875,485746.37967151403,
2,1682,3860.487729,RF,100,1.0,100,1.0,15,3330.529,33.30529,30025.260251449545,
2,1683,3863.88324,GB,16,0.05,1,0.0625,15,231.067,14.4416875,69243.98551069603,
2,1684,3864.161773,AB,32,0.01,0,0.0,3,7979.923,249.37259375,4010.0637562542897,
2,1685,3872.180706,GB,1,0.0,0,0.0,18,191.735,191.735,5215.531853860797,4.0
2,1686,3884.68637,GB,1,0.5,1,1.0,15,203.786,203.786,4907.108437282247,4.0
2,1687,3897.089882,MLP,100,0.01,0,0.0,11,241.926,2.41926,413349.53663516947,
2,1688,3897.403631,GB,64,0.1,7,0.109375,14,251.549,3.930453125,254423.59142751512,
2,1689,3897.725576,SGD,64,0.1,2,0.03125,23,169.615,2.650234375,377325.11865106266,
2,1690,3897.946933,SGD,64,0.01,0,0.0,23,160.913,2.514265625,397730.45061617147,
2,1691,3898.146811,LoR,1,0.05,0,0.0,13,142.159,142.159,7034.37700040096,
2,1692,3898.457825,RF,16,0.5,6,0.375,27,2979.837,186.2398125,5369.421213307976,
2,1693,3901.511432,LoR,64,0.5,31,0.484375,24,198.116,3.0955625,323043.0656786933,
2,1694,3901.813652,DT,100,0.05,5,0.05,23,97.906,0.97906,1021387.86182665,
2,1695,3901.98483,RF,100,0.5,60,0.6,24,3546.261,35.46261,28198.71408224042,
2,1696,3905.594702,NB,16,0.1,3,0.1875,27,124.717,7.7948125,128290.44957784424,
2,1697,3905.794911,RF,100,0.05,2,0.02,17,3385.498,33.85498,29537.751905332687,
2,1698,3909.261374,GB,100,0.5,50,0.5,26,308.372,3.08372,324283.6574008016,
2,1699,3909.611461,AB,1,0.5,0,0.0,6,7748.619,7748.619,129.0552548783209,2.0
2,1700,3929.930422,GB,8,1.0,8,1.0,28,217.033,27.129125,36860.75389456903,
2,1701,3930.218494,RF,64,0.05,3,0.046875,26,3157.149,49.330453125,20271.453770474563,
2,1702,3933.416046,DT,1,1.0,1,1.0,5,90.818,90.818,11011.033055121232,13.0
2,1703,3933.692191,GB,1,0.0,0,0.0,5,204.993,204.993,4878.2153536950045,4.0
2,1704,3946.193473,DT,8,0.05,0,0.0,23,88.499,11.062375,90396.50165538595,
2,1705,3946.339979,NB,8,0.05,1,0.125,9,112.619,14.077375,71035.97083973397,
2,1706,3946.508832,NB,16,0.1,2,0.125,4,160.576,10.036,99641.29135113592,
2,1707,3946.708593,MLP,1,0.5,0,0.0,12,173.419,173.419,5766.38084638938,
2,1708,3947.070326,LoR,100,0.1,16,0.16,28,166.369,1.66369,601073.5173019012,
2,1709,3947.27714,NB,8,0.01,0,0.0,19,107.222,13.40275,74611.55359907482,
2,1710,3947.426144,SGD,32,1.0,32,1.0,29,152.764,4.773875,209473.43614987822,
2,1711,3947.636879,MLP,8,0.1,1,0.125,20,173.34,21.6675,46152.07107418945,
2,1712,3947.848831,NB,1,0.01,0,0.0,6,99.383,99.383,10062.083052433516,
2,1713,3948.013861,AB,16,0.1,3,0.1875,8,7879.074,492.442125,2030.6954852816461,
2,1714,3955.952239,RF,100,0.0,0,0.0,8,3310.107,33.10107,30210.503769213505,
2,1715,3959.303814,DT,8,0.0,0,0.0,10,91.308,11.4135,87615.54299732772,
2,1716,3959.43387,AB,8,1.0,8,1.0,9,7872.529,984.066125,1016.1918743011298,
2,1717,3967.351285,GB,16,0.01,0,0.0,5,211.351,13.2094375,75703.4506579103,
2,1718,3967.635062,NB,64,0.05,4,0.0625,26,135.021,2.109703125,474000.3406877449,
2,1719,3967.810731,MLP,16,0.01,0,0.0,9,184.438,11.527375,86750.01897656666,
2,1720,3968.052804,LoR,8,0.5,2,0.25,13,148.749,18.593625,53781.874163859924,
2,1721,3968.24136,GB,16,0.0,0,0.0,17,214.866,13.429125,74465.01540495006,
2,1722,3968.519578,NB,32,0.5,14,0.4375,19,120.777,3.77428125,264951.1082408074,
2,1723,3968.704862,DT,1,0.05,0,0.0,8,86.423,86.423,11570.993832660288,16.0
2,1724,3968.978953,MLP,8,0.05,0,0.0,27,179.027,22.378375,44685.99708423869,
2,1725,3969.22038,MLP,32,0.5,16,0.5,16,186.376,5.82425,171695.92651414344,
2,1726,3969.446399,DT,16,1.0,16,1.0,29,90.996,5.68725,175831.90469910766,
2,1727,3969.594695,SGD,100,0.01,0,0.0,22,167.797,1.67797,595958.2114102159,
2,1728,3969.804914,RF,32,1.0,32,1.0,2,2978.694,93.0841875,10742.96319125093,
2,1729,3972.851961,RF,32,0.05,1,0.03125,15,2983.157,93.22365625,10726.891008418263,
2,1730,3975.898459,NB,16,0.5,7,0.4375,15,122.315,7.6446875,130809.79438335446,
2,1731,3976.060112,DT,16,0.0,0,0.0,21,90.419,5.6511875,176953.95879184685,
2,1732,3976.200593,LoR,64,0.01,0,0.0,11,163.752,2.558625,390834.92110020027,
2,1733,3976.439399,DT,100,0.1,9,0.09,27,95.84,0.9584,1043405.6761268781,
2,1734,3976.594779,DT,32,0.01,1,0.03125,21,86.55,2.7046875,369728.4806470249,
2,1735,3976.717006,DT,1,0.01,0,0.0,25,80.569,80.569,12411.721629907284,16.0
2,1736,3977.008686,DT,64,0.5,32,0.5,24,92.871,1.451109375,689127.9301396561,
2,1737,3977.14236,MLP,32,1.0,32,1.0,22,250.608,7.8315,127689.45923514014,
2,1738,3977.448089,AB,64,0.01,0,0.0,5,8217.392,128.39675,7788.359129027799,
2,1739,3985.709965,NB,32,0.0,0,0.0,0,119.623,3.73821875,267507.0847579479,
2,1740,3985.906675,SGD,100,0.5,47,0.47,18,172.569,1.72569,579478.3535861018,
2,1741,3986.127121,NB,64,1.0,64,1.0,15,127.619,1.994046875,501492.72443758376,
2,1742,3986.292611,NB,16,0.0,0,0.0,4,106.096,6.631,150806.81646810434,
2,1743,3986.435069,NB,1,0.05,0,0.0,1,95.707,95.707,10448.556531915117,
2,1744,3986.603617,GB,32,0.1,5,0.15625,27,234.05,7.3140625,136722.9224524674,
2,1745,3986.877979,GB,8,1.0,8,1.0,3,208.743,26.092875,38324.638430989304,
2,1746,3987.127362,LoR,1,0.01,0,0.0,7,152.026,152.026,6577.822214621183,
2,1747,3987.436346,NB,8,0.01,0,0.0,18,109.18,13.6475,73273.49331379373,
2,1748,3987.601215,RF,100,1.0,100,1.0,24,3200.792,32.00792,31242.267538784152,
2,1749,3990.88487,DT,100,0.5,52,0.52,11,102.512,1.02512,975495.5517402841,
2,1750,3991.028372,LoR,8,0.05,0,0.0,17,156.024,19.503,51274.16294928985,
2,1751,3991.224231,LoR,1,0.05,0,0.0,21,143.884,143.884,6950.043090267161,
2,1752,3991.522364,NB,64,1.0,64,1.0,2,130.067,2.032296875,492054.0951970907,
2,1753,3991.719718,MLP,64,0.05,7,0.109375,8,212.35,3.31796875,301389.21591711795,
2,1754,3991.983972,NB,64,0.01,0,0.0,6,129.593,2.024890625,493853.8346978618,
2,1755,3992.149801,LoR,8,0.0,0,0.0,14,147.756,18.4695,54143.31736105471,
2,1756,3992.353346,RF,100,1.0,100,1.0,6,3287.153,32.87153,30421.461976366783,
2,1757,3995.702993,LoR,8,0.5,2,0.25,14,162.292,20.2865,49293.86537845365,
2,1758,3995.90994,NB,8,0.1,0,0.0,3,109.957,13.744625,72755.71359713344,
2,1759,3996.059411,NB,8,0.1,0,0.0,6,104.365,13.045625,76654.05068749102,
2,1760,3996.219572,RF,16,0.1,3,0.1875,9,2965.321,185.3325625,5395.70589490986,
2,1761,3999.248885,MLP,16,0.5,9,0.5625,15,190.093,11.8808125,84169.3276448896,
2,1762,3999.482906,DT,32,0.0,0,0.0,24,119.393,3.73103125,268022.41337431845,
2,1763,3999.641402,MLP,16,1.0,16,1.0,18,177.685,11.1053125,90046.99327461519,
2,1764,3999.888645,LoR,64,0.05,1,0.015625,27,214.784,3.356,297973.77830750897,
2,1765,4000.178128,RF,100,0.05,5,0.05,14,3478.203,34.78203,28750.478336083317,
2,1766,4003.699054,RF,1,0.05,0,0.0,0,3026.104,3026.104,330.4579089152257,9.99
2,1767,4019.420348,LoR,16,0.1,2,0.125,25,158.668,9.91675,100839.48874379207,
2,1768,4019.655526,GB,100,0.1,10,0.1,9,286.128,2.86128,349493.93278532685,
2,1769,4019.980424,LoR,1,1.0,1,1.0,6,154.208,154.208,6484.747873002698,
2,1770,4020.308585,NB,32,0.1,1,0.03125,25,121.802,3.8063125,262721.4659857802,
2,1771,4020.465731,GB,1,1.0,1,1.0,3,204.583,204.583,4887.991670862193,4.0
2,1772,4032.939223,RF,8,0.05,2,0.25,16,2973.608,371.701,2690.3344354736737,
2,1773,4035.955047,SGD,1,0.1,0,0.0,22,159.402,159.402,6273.447008193122,
2,1774,4036.284718,AB,100,0.0,0,0.0,25,8571.843,85.71843000000001,11666.102610605443,
2,1775,4044.943231,NB,32,0.5,18,0.5625,26,132.993,4.15603125,240614.16766295972,
2,1776,4045.152656,NB,100,0.5,53,0.53,29,144.422,1.44422,692415.2829901262,
2,1777,4045.352647,GB,16,0.1,2,0.125,3,219.431,13.7144375,72915.85965519912,
2,1778,4045.615163,LoR,16,0.01,0,0.0,7,170.716,10.66975,93722.90822184212,
2,1779,4045.839881,GB,16,1.0,16,1.0,1,212.184,13.2615,75406.25117822268,
2,1780,4046.095687,MLP,32,0.0,0,0.0,12,197.393,6.16853125,162113.1448430289,
2,1781,4046.335121,LoR,8,0.05,0,0.0,0,146.124,18.2655,54748.02222769702,
2,1782,4046.521433,DT,16,1.0,16,1.0,11,91.223,5.7014375,175394.36326365062,
2,1783,4046.667984,MLP,100,0.0,0,0.0,10,226.359,2.26359,441776.116699579,
2,1784,4046.956322,NB,32,0.5,17,0.53125,7,117.461,3.67065625,272430.8493883076,
2,1785,4047.108341,GB,1,1.0,1,1.0,6,197.823,197.823,5055.023935538335,4.0
2,1786,4059.570491,AB,64,0.05,3,0.046875,28,8186.952,127.921125,7817.3171163089755,
2,1787,4067.802796,SGD,32,0.0,0,0.0,14,155.027,4.84459375,206415.6566275552,
2,1788,4067.997356,LoR,8,0.0,0,0.0,25,141.679,17.709875,56465.67240028515,
2,1789,4068.179968,NB,1,0.5,0,0.0,21,98.584,98.584,10143.633855392356,
2,1790,4068.356016,LoR,64,0.01,1,0.015625,23,157.132,2.4551875,407300.86805997504,
2,1791,4068.551108,AB,8,0.0,0,0.0,24,7745.181,968.147625,1032.9003286043283,
2,1792,4076.375189,RF,100,0.5,50,0.5,11,3358.868,33.58868,29771.935068600495,
2,1793,4079.806963,NB,64,0.1,6,0.09375,14,139.798,2.18434375,457803.4020515315,
2,1794,4080.003545,SGD,8,0.05,1,0.125,25,158.769,19.846125,50387.67013711744,
2,1795,4080.209902,GB,64,0.0,0,0.0,27,247.232,3.863,258866.1661920787,
2,1796,4080.501803,LoR,16,0.01,0,0.0,8,155.531,9.7206875,102873.38215532595,
2,1797,4080.711916,NB,64,0.01,0,0.0,24,131.607,2.056359375,486296.3216242297,
2,1798,4080.90444,DT,32,0.05,3,0.09375,21,93.231,2.91346875,343233.4738445367,
2,1799,4081.062616,MLP,64,0.5,35,0.546875,26,215.212,3.3626875,297381.1869226623,
2,1800,4081.326326,RF,64,1.0,64,1.0,28,3096.947,48.389796875,20665.513487960885,
2,1801,4084.487186,NB,16,0.5,7,0.4375,18,120.66,7.54125,132604.01127134098,
2,1802,4084.64649,GB,1,0.1,0,0.0,14,207.785,207.785,4812.66693938446,4.0
2,1803,4097.157922,GB,1,0.1,0,0.0,17,201.411,201.411,4964.972121681537,4.0
2,1804,4109.905962,NB,16,0.01,0,0.0,15,116.555,7.2846875,137274.24820900004,
2,1805,4110.067033,AB,32,0.05,0,0.0,11,7998.025,249.93828125,4000.987743849263,
2,1806,4118.106618,AB,1,0.01,0,0.0,17,7513.121,7513.121,133.1004784829101,2.0
2,1807,4138.283404,MLP,100,0.01,2,0.02,18,305.575,3.0557499999999997,327251.90215168125,
2,1808,4138.685815,GB,64,1.0,64,1.0,27,383.914,5.99865625,166704.001416984,
2,1809,4139.142631,MLP,1,0.5,1,1.0,19,257.144,257.144,3888.871605015089,
2,1810,4139.58162,GB,8,1.0,8,1.0,15,269.356,33.6695,29700.470752461428,
2,1811,4139.915142,AB,8,0.05,1,0.125,3,8200.674,1025.08425,975.5295723253965,
2,1812,4148.170241,DT,16,0.01,0,0.0,13,81.558,5.097375,196179.4060668481,
2,1813,4148.291673,GB,1,0.01,0,0.0,18,222.308,222.308,4498.263670223294,4.0
2,1814,4161.101876,NB,16,0.5,6,0.375,27,122.838,7.677375,130252.85335156874,
2,1815,4161.293898,RF,64,0.05,2,0.03125,2,3364.031,52.562984375,19024.794955813428,
2,1816,4164.707306,GB,32,0.01,0,0.0,18,244.72,7.6475,130761.68682576006,
2,1817,4165.032773,SGD,100,0.05,6,0.06,25,248.315,2.48315,402714.29434387776,
2,1818,4165.337532,GB,8,0.5,4,0.5,3,209.358,26.16975,38212.05781484347,
2,1819,4165.607498,NB,32,0.01,0,0.0,28,132.404,4.137625,241684.54125253015,
2,1820,4165.790092,DT,64,0.01,0,0.0,7,92.684,1.4481875,690518.3203141858,
2,1821,4165.922977,LoR,16,0.1,0,0.0,26,153.131,9.5706875,104485.70178474639,
2,1822,4166.114379,NB,1,0.5,0,0.0,29,97.401,97.401,10266.835042761368,
2,1823,4166.259465,SGD,8,0.01,0,0.0,27,150.277,18.784625,53235.02598534706,
2,1824,4166.477633,RF,64,0.05,2,0.03125,29,3269.152,51.0805,19576.942277385693,
2,1825,4169.786362,RF,1,0.0,0,0.0,19,2965.026,2965.026,337.26517069327554,9.99
2,1826,4185.475763,SGD,32,1.0,32,1.0,11,159.944,4.99825,200070.024508578,
2,1827,4185.704423,AB,32,0.05,2,0.0625,17,7996.016,249.8755,4001.99299251027,
2,1828,4193.751661,AB,64,0.0,0,0.0,8,8404.192,131.3155,7615.2472480400265,
2,1829,4202.20963,GB,1,0.5,0,0.0,22,196.148,196.148,5098.191161775802,4.0
2,1830,4215.892746,AB,32,0.5,21,0.65625,11,8567.024,267.7195,3735.252755215814,
2,1831,4224.576275,AB,100,0.05,8,0.08,11,8878.258,88.78258,11263.470829525342,
2,1832,4233.502504,AB,8,0.01,0,0.0,2,7997.517,999.689625,1000.3104713625492,
2,1833,4241.548688,GB,32,1.0,32,1.0,0,264.533,8.26665625,120967.89436478623,
2,1834,4241.854206,NB,1,0.0,0,0.0,11,115.541,115.541,8654.936342943198,
2,1835,4242.061263,SGD,100,0.01,1,0.01,28,194.848,1.9484800000000002,513220.56166858267,
2,1836,4242.298303,MLP,8,0.1,0,0.0,6,192.169,24.021125,41630.02357300084,
2,1837,4242.539951,NB,16,0.01,0,0.0,12,154.452,9.65325,103592.05448942067,
2,1838,4242.73213,LoR,8,0.0,0,0.0,8,153.297,19.162125,52186.27892261427,
2,1839,4242.928076,LoR,16,0.01,0,0.0,20,148.465,9.2790625,107769.5079648402,
2,1840,4243.156206,RF,100,0.5,49,0.49,7,3744.625,37.44625,26704.94375271222,
2,1841,4246.979861,DT,1,1.0,1,1.0,3,108.051,108.051,9254.888895058815,13.0
2,1842,4247.319028,GB,8,0.01,0,0.0,0,268.981,33.622625,29741.877679092577,
2,1843,4247.633167,SGD,8,1.0,8,1.0,19,183.649,22.956125,43561.35889659078,
2,1844,4247.888619,SGD,32,0.01,1,0.03125,5,167.31,5.2284375,191261.7297232682,
2,1845,4248.097373,LoR,8,1.0,8,1.0,22,156.605,19.575625,51083.937294466974,
2,1846,4248.316335,AB,8,0.5,6,0.75,24,8547.214,1068.40175,935.9775009728316,
2,1847,4256.935606,DT,1,0.1,0,0.0,24,86.87,86.87,11511.453896627143,16.0
2,1848,4257.348361,DT,8,0.5,6,0.75,9,93.364,11.6705,85686.13169958442,
2,1849,4257.48422,RF,8,0.05,0,0.0,0,3153.86,394.2325,2536.5742296741137,
2,1850,4260.718407,SGD,16,0.5,6,0.375,6,207.653,12.9783125,77051.61976951934,
2,1851,4260.969666,MLP,1,0.1,0,0.0,10,188.77,188.77,5297.4519256237745,
2,1852,4261.356879,SGD,32,0.5,17,0.53125,6,162.691,5.08409375,196691.88830359394,
2,1853,4261.585692,GB,100,0.0,0,0.0,4,333.225,3.33225,300097.5316978018,
2,1854,4261.960195,MLP,1,0.0,0,0.0,8,180.041,180.041,5554.290411628463,
2,1855,4262.315676,SGD,100,1.0,100,1.0,14,173.159,1.73159,577503.9125890079,
2,1856,4262.581521,GB,100,0.5,57,0.57,17,316.227,3.16227,316228.5320355315,
2,1857,4262.965838,LoR,32,0.5,14,0.4375,13,172.866,5.4020625,185114.4817372994,
2,1858,4263.217063,SGD,100,0.5,51,0.51,19,175.458,1.75458,569936.9649716741,
2,1859,4263.448504,RF,16,0.01,0,0.0,14,3100.608,193.788,5160.2782422028195,
2,1860,4266.621069,RF,64,1.0,64,1.0,20,3195.415,49.928359375,20028.697367947512,
2,1861,4269.899407,SGD,100,0.5,42,0.42,20,184.602,1.84602,541705.9403473418,
2,1862,4270.125921,AB,1,0.01,0,0.0,12,7880.926,7880.926,126.88864227376325,2.0
2,1863,4290.982024,LoR,16,0.1,2,0.125,22,163.261,10.2038125,98002.58481817458,
2,1864,4291.18417,NB,1,0.0,0,0.0,19,109.24,109.24,9154.155986818016,
2,1865,4291.352556,GB,64,1.0,64,1.0,7,267.024,4.17225,239678.83036730782,
2,1866,4291.665105,DT,8,0.05,0,0.0,5,97.125,12.140625,82368.08236808237,
2,1867,4291.805867,MLP,16,0.05,0,0.0,23,194.864,12.179,82108.54749979473,
2,1868,4292.062728,DT,16,0.05,2,0.125,16,91.341,5.7088125,175167.77788725766,
2,1869,4292.215411,RF,32,0.1,7,0.21875,1,3431.132,107.222875,9326.368090764214,
2,1870,4295.690821,LoR,1,0.05,0,0.0,3,162.651,162.651,6148.133119378301,
2,1871,4296.007676,MLP,1,0.05,0,0.0,25,166.486,166.486,6006.511057986858,
2,1872,4296.327721,MLP,32,0.05,0,0.0,20,188.616,5.89425,169656.8689824829,
2,1873,4296.578018,MLP,100,0.01,0,0.0,22,230.211,2.3021100000000003,434384.10849177494,
2,1874,4296.870028,NB,16,0.5,11,0.6875,29,118.035,7.3771875,135553.01393654424,
2,1875,4297.025341,RF,8,0.0,0,0.0,3,3032.393,379.049125,2638.180473309363,
2,1876,4300.101299,AB,1,0.01,0,0.0,15,7989.777,7989.777,125.15993875673877,2.0
2,1877,4321.637115,RF,32,0.0,0,0.0,2,3604.199,112.63121875,8878.533066570408,
2,1878,4325.31238,LoR,32,0.0,0,0.0,11,213.059,6.65809375,150193.13898966953,
2,1879,4325.574995,LoR,32,0.0,0,0.0,26,157.777,4.93053125,202817.90121500602,
2,1880,4325.797696,DT,100,0.0,0,0.0,24,105.37,1.0537,949036.7277213627,
2,1881,4325.946802,DT,8,0.01,0,0.0,21,85.756,10.7195,93287.93320583983,
2,1882,4326.07072,SGD,1,0.5,0,0.0,15,153.085,153.085,6532.318646503576,
2,1883,4326.415392,SGD,64,0.05,4,0.0625,0,197.659,3.088421875,323789.9614993499,
2,1884,4326.66059,AB,32,0.01,0,0.0,25,8290.147,259.06709375,3860.003929966501,
2,1885,4334.992988,SGD,1,0.5,0,0.0,22,147.863,147.863,6763.017117196324,
2,1886,4335.315918,NB,8,0.1,1,0.125,8,118.576,14.822,67467.27836999056,
2,1887,4335.473246,GB,1,0.01,0,0.0,25,244.86,244.86,4083.966348117291,4.0
2,1888,4348.48056,LoR,64,0.5,27,0.421875,4,171.144,2.674125,373954.0971345767,
2,1889,4348.711359,SGD,8,0.05,1,0.125,15,154.047,19.255875,51932.20250962369,
2,1890,4348.905217,GB,1,0.01,0,0.0,10,206.955,206.955,4831.968302287937,4.0
2,1891,4361.750093,SGD,8,0.01,0,0.0,19,161.561,20.195125,49516.900737182856,
2,1892,4361.950985,RF,1,0.0,0,0.0,28,3046.259,3046.259,328.2714962844591,9.99
2,1893,4378.107478,SGD,64,0.05,5,0.078125,6,174.563,2.727546875,366629.812732366,
2,1894,4378.334446,SGD,64,1.0,64,1.0,21,162.217,2.534640625,394533.2486730737,
2,1895,4378.555003,GB,100,1.0,100,1.0,12,320.984,3.20984,311542.0083244025,
2,1896,4378.936604,SGD,100,0.0,0,0.0,28,179.564,1.79564,556904.5020159943,
2,1897,4379.167228,DT,64,1.0,64,1.0,8,95.917,1.498703125,667243.5543230084,
2,1898,4379.303132,GB,1,0.5,1,1.0,3,204.227,204.227,4896.512214349718,4.0
2,1899,4392.255782,LoR,8,0.0,0,0.0,1,158.537,19.817125,50461.40648555227,
2,1900,4392.487449,GB,64,0.5,28,0.4375,7,262.281,4.098140625,244013.10045333058,
2,1901,4392.79379,LoR,8,0.01,0,0.0,16,160.57,20.07125,49822.507317680764,
2,1902,4393.018774,RF,32,0.05,2,0.0625,16,3164.995,98.90609375,10110.60049068008,
2,1903,4396.266272,NB,100,0.01,2,0.02,20,161.966,1.61966,617413.5312349505,
2,1904,4396.505947,LoR,100,0.5,53,0.53,3,176.942,1.76942,565156.9440833719,
2,1905,4396.740303,DT,100,1.0,100,1.0,27,98.954,0.98954,1010570.5681427735,
2,1906,4396.881928,AB,32,1.0,32,1.0,0,8329.456,260.2955,3841.7875068912062,
2,1907,4405.258451,MLP,32,1.0,32,1.0,14,211.466,6.6083125,151324.56281388024,
2,1908,4405.513881,NB,8,0.1,0,0.0,18,110.296,13.787,72532.09545223761,
2,1909,4405.700994,SGD,100,0.5,57,0.57,1,171.572,1.7157200000000001,582845.6857762339,
2,1910,4405.922777,DT,64,0.0,0,0.0,13,94.155,1.471171875,679730.2320641496,
2,1911,4406.057466,AB,8,0.05,0,0.0,1,8023.369,1002.921125,997.0873831179895,
2,1912,4414.123554,NB,1,0.1,1,1.0,18,102.326,102.326,9772.687293551982,
2,1913,4414.273263,LoR,1,0.0,0,0.0,25,146.829,146.829,6810.643673933623,
2,1914,4414.573096,MLP,1,1.0,1,1.0,15,197.665,197.665,5059.064578959351,
2,1915,4414.924356,NB,16,0.0,0,0.0,6,112.494,7.030875,142229.8078119722,
2,1916,4415.076814,AB,1,0.01,0,0.0,1,7806.119,7806.119,128.1046317638765,2.0
2,1917,4435.92123,GB,32,0.1,4,0.125,11,418.421,13.07565625,76477.99704125749,
2,1918,4436.445722,SGD,64,0.1,4,0.0625,26,221.405,3.459453125,289063.02929021476,
2,1919,4436.739947,LoR,8,0.1,2,0.25,5,186.984,23.373,42784.40936122877,
2,1920,4436.998585,MLP,8,0.1,1,0.125,18,196.39,24.54875,40735.27165334284,
2,1921,4437.268333,DT,64,0.1,4,0.0625,17,110.366,1.72446875,579888.7338491927,
2,1922,4437.460111,RF,100,0.5,56,0.56,25,3566.825,35.66825,28036.138582633015,
2,1923,4441.088679,DT,8,0.01,0,0.0,17,110.456,13.807,72427.02976750923,
2,1924,4441.272149,GB,64,0.05,5,0.078125,29,304.74,4.7615625,210015.09483494126,
2,1925,4441.623276,MLP,16,0.05,0,0.0,7,219.73,13.733125,72816.63860192054,
2,1926,4441.886507,MLP,8,0.1,0,0.0,24,179.001,22.375125,44692.48775146507,
2,1927,4442.14173,SGD,64,0.1,6,0.09375,21,171.083,2.673171875,374087.4312468217,
2,1928,4442.374288,LoR,16,0.1,1,0.0625,7,153.244,9.57775,104408.65547753908,
2,1929,4442.613509,SGD,16,0.5,8,0.5,0,164.396,10.27475,97325.96900167888,
2,1930,4442.83722,SGD,16,0.1,3,0.1875,12,148.966,9.310375,107407.05932897438,
2,1931,4443.046725,GB,32,0.1,5,0.15625,16,244.971,7.65534375,130627.70695306791,
2,1932,4443.33546,NB,16,0.05,0,0.0,17,124.625,7.7890625,128385.1554663992,
2,1933,4443.503634,NB,32,0.0,0,0.0,27,117.944,3.68575,271315.2004341043,
2,1934,4443.659965,DT,16,1.0,16,1.0,16,90.671,5.6669375,176462.1543823273,
2,1935,4443.795508,AB,32,1.0,32,1.0,14,8243.332,257.604125,3881.9254155965086,
2,1936,4452.113182,GB,64,0.05,3,0.046875,1,249.631,3.900484375,256378.41453986082,
2,1937,4452.425948,DT,16,0.5,12,0.75,20,92.082,5.755125,173758.1720640299,
2,1938,4452.593607,MLP,100,0.1,10,0.1,7,248.588,2.48588,402272.0324392167,
2,1939,4452.922024,NB,100,0.05,3,0.03,14,152.537,1.5253700000000001,655578.6464923264,
2,1940,4453.112146,AB,8,1.0,8,1.0,7,8070.168,1008.771,991.3052615509367,
2,1941,4461.228847,GB,32,1.0,32,1.0,26,225.683,7.05259375,141791.8053198513,
2,1942,4461.528487,AB,64,0.05,1,0.015625,2,8429.606,131.71259375,7592.288417750486,
2,1943,4469.998263,SGD,1,1.0,1,1.0,10,151.919,151.919,6582.455124112191,
2,1944,4470.307352,AB,1,0.5,0,0.0,11,7768.348,7768.348,128.72749778974887,2.0
2,1945,4490.876838,SGD,100,0.0,0,0.0,6,176.489,1.76489,566607.5506122195,
2,1946,4491.113561,MLP,8,0.5,6,0.75,19,179.223,22.402875,44637.12804718144,
2,1947,4491.355086,NB,8,0.5,4,0.5,19,112.265,14.033125,71259.96526076694,
2,1948,4491.50379,SGD,8,1.0,8,1.0,7,152.825,19.103125,52347.4562407983,
2,1949,4491.696198,AB,1,0.5,1,1.0,17,7845.358,7845.358,127.46390923142067,2.0
2,1950,4512.453547,RF,8,0.0,0,0.0,1,3420.425,427.553125,2338.890634935717,
2,1951,4515.943828,LoR,64,1.0,64,1.0,29,206.825,3.231640625,309440.34812039166,
2,1952,4516.217844,SGD,16,0.5,10,0.625,25,160.75,10.046875,99533.4370139969,
2,1953,4516.426735,DT,32,0.05,0,0.0,12,97.806,3.0564375,327178.29172034434,
2,1954,4516.572974,AB,64,1.0,64,1.0,14,8503.559,132.868109375,7526.260475172808,
2,1955,4525.119599,RF,1,0.01,0,0.0,7,3014.883,3014.883,331.6878300086604,10.11
2,1956,4541.128597,GB,64,0.0,0,0.0,12,294.6,4.603125,217243.7202987101,
2,1957,4541.487791,DT,16,0.5,8,0.5,5,94.984,5.9365,168449.42306072603,
2,1958,4541.641377,MLP,16,0.05,1,0.0625,18,205.976,12.8735,77678.95288771507,
2,1959,4541.886727,SGD,1,0.05,0,0.0,27,152.333,152.333,6564.565786796033,
2,1960,4542.214041,GB,8,0.5,4,0.5,23,228.582,28.57275,34998.38132486372,
2,1961,4542.485865,AB,16,1.0,16,1.0,20,8198.526,512.407875,1951.570318859756,
2,1962,4550.726339,SGD,8,1.0,8,1.0,29,155.131,19.391375,51569.318833759855,
2,1963,4550.941846,DT,100,0.0,0,0.0,0,96.027,0.96027,1041373.7802909599,
2,1964,4551.081189,DT,16,0.05,0,0.0,22,83.981,5.2488125,190519.28412378993,
2,1965,4551.226311,SGD,32,0.01,3,0.09375,24,156.752,4.8985,204144.12575278146,
2,1966,4551.44053,MLP,8,0.05,1,0.125,8,178.357,22.294625,44853.86051570726,
2,1967,4551.69252,GB,64,0.01,2,0.03125,2,253.935,3.967734375,252033.00057101226,
2,1968,4552.018731,GB,64,0.05,3,0.046875,15,258.278,4.03559375,247795.0115766732,
2,1969,4552.339029,LoR,16,0.5,6,0.375,27,164.0,10.25,97560.9756097561,
2,1970,4552.565488,SGD,32,0.5,20,0.625,23,159.246,4.9764375,200946.96256106903,
2,1971,4552.78204,DT,8,0.1,1,0.125,6,89.688,11.211,89198.1090000892,
2,1972,4552.909906,DT,1,0.05,0,0.0,5,83.874,83.874,11922.645873572264,16.0
2,1973,4553.185076,AB,32,0.0,0,0.0,2,8228.223,257.13196875,3889.053566000824,
2,1974,4561.460058,SGD,32,0.0,0,0.0,20,158.721,4.96003125,201611.6329912236,
2,1975,4561.691374,LoR,64,0.05,2,0.03125,21,158.558,2.47746875,403637.7855421991,
2,1976,4561.916598,RF,32,0.5,13,0.40625,16,3471.647,108.48896875,9217.527012394981,
2,1977,4565.466122,AB,32,0.5,18,0.5625,24,8536.962,266.7800625,3748.4060488965515,
2,1978,4574.118959,RF,100,0.1,6,0.06,25,3961.931,39.61931,25240.217459617546,
2,1979,4578.152407,DT,16,0.0,0,0.0,1,126.35,7.896875,126632.37039968342,
2,1980,4578.346734,SGD,16,0.1,4,0.25,11,191.877,11.9923125,83386.75297195598,
2,1981,4578.603246,NB,1,0.01,0,0.0,14,117.688,117.688,8497.0430290259,
2,1982,4578.787415,DT,8,0.01,0,0.0,18,91.425,11.428125,87503.41810226963,
2,1983,4578.916653,DT,8,0.0,0,0.0,20,85.322,10.66525,93762.45282576593,
2,1984,4579.039749,NB,1,0.5,0,0.0,15,102.04,102.04,9800.078400627204,
2,1985,4579.189372,RF,16,0.0,0,0.0,3,3180.596,198.78725,5030.503716913434,
2,1986,4582.416441,DT,16,0.1,0,0.0,13,100.322,6.270125,159486.4536193457,
2,1987,4582.615706,NB,100,0.0,0,0.0,5,158.846,1.58846,629540.5612983644,
2,1988,4582.815807,DT,8,0.01,0,0.0,11,91.568,11.446,87366.76568233444,
2,1989,4582.954024,MLP,32,0.01,0,0.0,10,220.11,6.8784375,145381.8545272818,
2,1990,4583.218855,NB,16,0.1,0,0.0,12,115.225,7.2015625,138858.7546105446,
2,1991,4583.374011,SGD,16,0.0,0,0.0,17,157.272,9.8295,101734.57449514218,
2,1992,4583.590166,RF,100,1.0,100,1.0,18,3450.348,34.503479999999996,28982.583785751467,
2,1993,4587.109855,NB,32,0.1,5,0.15625,4,130.796,4.087375,244655.79987155573,
2,1994,4587.281277,NB,16,1.0,16,1.0,15,113.593,7.0995625,140853.7497909202,
2,1995,4587.460987,MLP,32,0.05,1,0.03125,5,203.199,6.34996875,157481.08996599392,
2,1996,4587.723092,GB,100,1.0,100,1.0,8,330.012,3.30012,303019.28414724313,
2,1997,4588.099234,MLP,16,0.05,0,0.0,1,191.966,11.997875,83348.09289144953,
2,1998,4588.353151,MLP,100,0.01,0,0.0,13,233.656,2.33656,427979.5939329613,
2,1999,4588.649141,DT,16,0.05,2,0.125,3,93.035,5.8146875,171978.28774117268,
2,2000,4588.781375,SGD,1,0.01,0,0.0,19,151.9,151.9,6583.278472679394,
2,2001,4589.124952,RF,64,0.1,10,0.15625,17,3305.944,51.655375,19359.069603114873,
2,2002,4592.4972,AB,16,0.5,3,0.1875,26,8197.041,512.3150625,1951.923871065181,
2,2003,4600.768479,SGD,64,0.05,2,0.03125,5,166.786,2.60603125,383725.2527190532,
2,2004,4600.987504,NB,64,1.0,64,1.0,3,133.262,2.08221875,480256.9374615419,
2,2005,4601.160553,DT,1,0.01,0,0.0,14,88.345,88.345,11319.259720414286,16.0
2,2006,4601.476207,DT,100,0.0,0,0.0,4,101.537,1.01537,984862.6609019372,
2,2007,4601.655082,MLP,100,0.5,53,0.53,3,241.508,2.41508,414064.9585106911,
2,2008,4601.938819,DT,8,0.1,0,0.0,21,90.014,11.25175,88875.06387895216,
2,2009,4602.064956,DT,1,0.0,0,0.0,6,84.062,84.062,11895.981537436654,16.0
2,2010,4602.357383,MLP,16,0.05,1,0.0625,28,211.045,13.1903125,75813.215191073,
2,2011,4602.652535,AB,64,0.1,4,0.0625,15,8519.459,133.116546875,7512.214097162741,
2,2012,4611.248561,DT,64,0.05,1,0.015625,5,88.622,1.38471875,722168.3103518314,
2,2013,4611.377831,SGD,16,0.0,0,0.0,5,156.305,9.7690625,102363.96788330507,
2,2014,4611.575142,GB,1,0.01,0,0.0,28,232.618,232.618,4298.893464822155,4.0
2,2015,4624.469546,NB,1,0.0,0,0.0,8,107.764,107.764,9279.536765524665,
2,2016,4624.664668,MLP,100,0.05,4,0.04,23,244.849,2.44849,408414.98229521053,
2,2017,4624.956625,MLP,32,0.0,0,0.0,8,189.069,5.90840625,169250.37949108527,
2,2018,4625.187561,GB,16,0.0,0,0.0,2,223.869,13.9918125,71470.36883177215,
2,2019,4625.452673,GB,8,1.0,8,1.0,20,212.44,26.555,37657.69158350593,
2,2020,4625.708465,MLP,8,0.01,0,0.0,27,181.677,22.709625,44034.19255051548,
2,2021,4625.94806,RF,100,1.0,100,1.0,21,3383.774,33.83774,29552.80110314696,
2,2022,4629.377816,RF,8,0.01,0,0.0,20,3013.937,376.742125,2654.3355086718802,
2,2023,4632.473205,RF,100,0.1,13,0.13,29,3443.144,34.431439999999995,29043.22328662409,
2,2024,4635.997439,DT,100,0.5,39,0.39,29,104.721,1.04721,954918.3067388585,
2,2025,4636.162239,SGD,16,0.1,2,0.125,16,163.901,10.2438125,97619.90469856803,
2,2026,4636.369348,AB,16,0.01,0,0.0,2,8111.349,506.9593125,1972.5448874163842,
2,2027,4644.533283,GB,64,0.0,0,0.0,0,251.468,3.9291875,254505.54344886827,
2,2028,4644.830421,NB,16,0.01,0,0.0,20,121.712,7.607,131457.86775338504,
2,2029,4644.995441,NB,32,1.0,32,1.0,5,118.272,3.696,270562.77056277054,
2,2030,4645.152643,GB,1,0.01,0,0.0,21,207.657,207.657,4815.63347250514,4.0
2,2031,4658.00411,DT,32,1.0,32,1.0,24,94.52,2.95375,338552.6872619552,
2,2032,4658.176068,GB,100,0.1,9,0.09,14,283.008,2.8300799999999997,353346.90185436455,
2,2033,4658.524221,RF,32,0.1,3,0.09375,12,3139.678,98.1149375,10192.127982551077,
2,2034,4661.738062,NB,64,0.05,3,0.046875,22,143.991,2.249859375,444472.2239584418,
2,2035,4661.938546,AB,100,1.0,100,1.0,20,8722.897,87.22897,11464.08125649082,
2,2036,4670.729417,NB,32,0.5,13,0.40625,6,123.277,3.85240625,259578.02347558748,
2,2037,4670.895014,DT,1,0.5,0,0.0,24,85.708,85.708,11667.522284967565,17.0
2,2038,4671.171711,LoR,8,0.01,0,0.0,0,160.409,20.051125,49872.51338765281,
2,2039,4671.409672,DT,100,0.1,7,0.07,21,98.13,0.9813,1019056.353816366,
2,2040,4671.564394,AB,100,0.0,0,0.0,14,8820.93,88.2093,11336.67311723367,
2,2041,4680.489351,NB,100,0.05,3,0.03,1,160.031,1.6003100000000001,624878.9297073692,
2,2042,4680.711505,GB,16,0.1,2,0.125,5,254.12,15.8825,62962.379977963166,
2,2043,4681.033231,NB,32,0.1,3,0.09375,12,134.784,4.212,237416.90408357076,
2,2044,4681.226382,LoR,100,1.0,100,1.0,13,194.248,1.94248,514805.8152464891,
2,2045,4681.462669,RF,1,0.01,0,0.0,3,3080.529,3080.529,324.61957021018145,9.99
2,2046,4697.571291,DT,100,1.0,100,1.0,23,104.911,1.04911,953188.8934430135,
2,2047,4697.718632,RF,1,0.05,0,0.0,17,2996.357,2996.357,333.7386032438725,10.8
2,2048,4713.76616,GB,100,1.0,100,1.0,27,313.205,3.13205,319279.7049855526,
2,2049,4714.124031,LoR,16,1.0,16,1.0,21,179.963,11.2476875,88907.16425042925,
2,2050,4714.345911,MLP,1,0.1,0,0.0,24,179.213,179.213,5579.952347206955,
2,2051,4714.761767,AB,100,0.1,7,0.07,21,8785.384,87.85384,11382.541730674493,
2,2052,4723.591515,LoR,8,0.01,0,0.0,15,153.521,19.190125,52110.134769836055,
2,2053,4723.809894,LoR,32,0.5,16,0.5,29,152.636,4.769875,209649.09981917765,
2,2054,4724.001905,DT,8,1.0,8,1.0,15,85.949,10.743625,93078.45350149508,
2,2055,4724.128453,SGD,8,0.01,0,0.0,13,151.101,18.887625,52944.719095174754,
2,2056,4724.323138,NB,32,1.0,32,1.0,13,122.517,3.82865625,261188.24326420008,
2,2057,4724.507261,MLP,32,0.05,2,0.0625,7,197.603,6.17509375,161940.86122174258,
2,2058,4724.744078,GB,8,1.0,8,1.0,2,235.293,29.411625,34000.16150076713,
2,2059,4725.02113,NB,16,0.0,0,0.0,13,114.666,7.166625,139535.6949749708,
2,2060,4725.176424,MLP,8,0.01,0,0.0,24,177.479,22.184875,45075.75544148885,
2,2061,4725.417892,DT,32,0.5,14,0.4375,23,92.279,2.88371875,346774.455726655,
2,2062,4725.584151,DT,100,0.1,16,0.16,10,95.442,0.9544199999999999,1047756.7527922718,
2,2063,4725.720491,LoR,32,1.0,32,1.0,2,157.214,4.9129375,203544.2136196522,
2,2064,4725.93382,GB,100,0.0,0,0.0,10,270.106,2.70106,370225.0227688389,
2,2065,4726.255542,RF,64,0.0,0,0.0,24,3292.818,51.45028125,19436.239719292105,
2,2066,4729.595724,LoR,16,0.01,0,0.0,11,166.937,10.4335625,95844.54015586717,
2,2067,4729.845993,GB,100,0.1,15,0.15,27,287.953,2.87953,347278.8962087563,
2,2068,4730.196714,SGD,16,0.1,4,0.25,1,165.928,10.3705,96427.36608649534,
2,2069,4730.433631,AB,64,0.1,2,0.03125,29,8355.206,130.55009375,7659.894920603992,
2,2070,4738.851227,MLP,8,0.1,1,0.125,25,175.194,21.89925,45663.66428074021,
2,2071,4739.077321,LoR,64,1.0,64,1.0,13,156.013,2.437703125,410222.22507098765,
2,2072,4739.27641,RF,32,0.0,0,0.0,11,3058.195,95.56859375,10463.68854831036,
2,2073,4742.40239,NB,32,0.05,1,0.03125,17,126.802,3.9625625,252361.9501269696,
2,2074,4742.62319,RF,16,0.05,1,0.0625,20,2957.566,184.847875,5409.853913657379,
2,2075,4745.651127,SGD,32,0.5,16,0.5,7,168.63,5.2696875,189764.57332621716,
2,2076,4745.889975,LoR,64,0.5,32,0.5,20,161.803,2.528171875,395542.7278851443,
2,2077,4746.091923,AB,1,1.0,1,1.0,17,7713.221,7713.221,129.64752338873734,2.0
2,2078,4766.433535,AB,16,1.0,16,1.0,23,7921.787,495.1116875,2019.7463021916644,
2,2079,4774.398876,LoR,8,0.01,0,0.0,23,166.678,20.83475,47996.73622193691,
2,2080,4774.61971,SGD,1,0.01,0,0.0,9,141.548,141.548,7064.7412891739905,
2,2081,4774.911353,LoR,32,1.0,32,1.0,4,144.944,4.5295,220774.91996909154,
2,2082,4775.118537,SGD,32,0.5,15,0.46875,0,146.795,4.58734375,217991.07599032667,
2,2083,4775.341316,MLP,32,0.5,18,0.5625,4,195.997,6.12490625,163267.8051194661,
2,2084,4775.604737,RF,64,0.5,29,0.453125,11,3279.227,51.237921875,19516.79465922914,
2,2085,4778.966778,AB,100,0.05,9,0.09,6,8616.644,86.16644000000001,11605.446389568839,
2,2086,4787.64462,GB,8,0.5,5,0.625,21,224.947,28.118375,35563.93283751284,
2,2087,4787.923193,RF,64,0.01,0,0.0,7,3254.18,50.8465625,19667.012888039386,
2,2088,4791.258395,DT,100,0.5,54,0.54,7,102.639,1.02639,974288.5258040316,
2,2089,4791.422076,GB,32,0.5,15,0.46875,26,242.652,7.582875,131876.10240179353,
2,2090,4791.706558,DT,16,1.0,16,1.0,12,89.556,5.59725,178659.16298182143,
2,2091,4791.858046,GB,32,0.01,1,0.03125,15,222.958,6.9674375,143524.78942222302,
2,2092,4792.144184,MLP,32,0.1,1,0.03125,24,200.97,6.2803125,159227.74543464198,
2,2093,4792.397233,DT,64,0.01,0,0.0,19,94.696,1.479625,675846.9206724677,
2,2094,4792.546702,SGD,100,1.0,100,1.0,5,169.598,1.69598,589629.5946886166,
2,2095,4792.795019,MLP,100,0.1,10,0.1,20,227.519,2.2751900000000003,439523.73208391387,
2,2096,4793.062504,NB,16,0.0,0,0.0,8,114.054,7.128375,140284.42667508373,
2,2097,4793.21605,MLP,8,0.05,0,0.0,5,171.591,21.448875,46622.49185563345,
2,2098,4793.426114,SGD,8,1.0,8,1.0,6,144.552,18.069,55343.40583319498,
2,2099,4793.638222,NB,64,0.5,35,0.546875,15,128.343,2.005359375,498663.73701721174,
2,2100,4793.806926,LoR,32,1.0,32,1.0,0,150.326,4.6976875,212870.69435759616,
2,2101,4794.033691,GB,100,0.1,8,0.08,24,272.66,2.7266000000000004,366757.1334262451,
2,2102,4794.350656,NB,32,0.0,0,0.0,2,122.441,3.82628125,261350.36466543068,
2,2103,4794.513115,GB,8,0.01,0,0.0,19,246.084,30.7605,32509.22449244973,
2,2104,4794.835816,RF,100,0.5,60,0.6,28,3300.557,33.00557,30297.916381992494,
2,2105,4798.177985,GB,8,0.0,0,0.0,6,219.245,27.405625,36488.85949508541,
2,2106,4798.458104,NB,100,0.01,0,0.0,23,185.413,1.85413,539336.5082275784,
2,2107,4798.721802,RF,100,0.05,7,0.07,4,3374.834,33.74834,29631.087040132938,
2,2108,4802.145045,MLP,32,0.05,0,0.0,23,202.559,6.32996875,157978.66300682764,
2,2109,4802.408565,SGD,16,0.1,2,0.125,4,159.505,9.9690625,100310.33509921319,
2,2110,4802.633608,LoR,32,1.0,32,1.0,20,207.659,6.48934375,154098.78695361144,
2,2111,4802.899905,MLP,16,0.05,2,0.125,0,183.537,11.4710625,87175.88279202559,
2,2112,4803.140322,NB,8,0.5,5,0.625,9,108.51,13.56375,73725.92387798359,
2,2113,4803.283759,NB,1,0.0,0,0.0,15,96.755,96.755,10335.38318433156,
2,2114,4803.450192,RF,32,0.05,1,0.03125,6,3209.0,100.28125,9971.953879713306,
2,2115,4806.704764,GB,16,0.05,0,0.0,23,233.444,14.59025,68538.92154006957,
2,2116,4806.990801,NB,64,1.0,64,1.0,23,137.101,2.142203125,466809.1407064865,
2,2117,4807.167822,MLP,1,0.0,0,0.0,14,169.563,169.563,5897.513018759989,
2,2118,4807.514633,RF,32,0.01,1,0.03125,16,3160.334,98.7604375,10125.512050308607,
2,2119,4810.718498,RF,16,1.0,16,1.0,24,2953.216,184.576,5417.8224687933425,
2,2120,4813.73363,DT,8,0.5,3,0.375,3,93.076,11.6345,85951.26563238644,
2,2121,4813.901746,SGD,100,0.5,46,0.46,26,176.993,1.76993,564994.0958116988,
2,2122,4814.120509,NB,8,0.05,0,0.0,4,109.738,13.71725,72900.90943884525,
2,2123,4814.304072,GB,100,0.5,50,0.5,16,336.752,3.3675200000000003,296954.4353114458,
2,2124,4814.686679,MLP,32,1.0,32,1.0,9,201.174,6.2866875,159066.2809309354,
2,2125,4814.929018,RF,1,0.5,0,0.0,11,2899.561,2899.561,344.87979387224476,9.98
2,2126,4830.633784,NB,32,0.05,3,0.09375,25,123.568,3.8615,258966.72277612326,
2,2127,4830.834364,GB,100,0.5,57,0.57,28,293.995,2.93995,340141.83914692426,
2,2128,4831.169843,AB,1,0.05,0,0.0,21,7714.714,7714.714,129.62243318417248,2.0
2,2129,4851.438629,AB,1,0.5,0,0.0,13,7579.609,7579.609,131.9329268831677,2.0
2,2130,4871.432422,GB,8,0.01,0,0.0,9,213.104,26.638,37540.355882573764,
2,2131,4871.707401,DT,16,0.1,4,0.25,17,88.658,5.541125,180468.76762390308,
2,2132,4871.850951,RF,8,0.5,3,0.375,28,2912.995,364.124375,2746.3143603061453,
2,2133,4874.844162,SGD,100,0.05,3,0.03,29,183.099,1.83099,546152.6278133688,
2,2134,4875.086341,DT,8,0.05,1,0.125,17,88.921,11.115125,89967.49924089923,
2,2135,4875.222367,DT,64,0.0,0,0.0,20,89.563,1.399421875,714580.7978741222,
2,2136,4875.3773,SGD,64,0.05,1,0.015625,22,163.36,2.5525,391772.7717923604,
2,2137,4875.576393,LoR,1,1.0,1,1.0,18,142.655,142.655,7009.91903543514,
2,2138,4875.874378,MLP,1,0.5,1,1.0,17,158.986,158.986,6289.862000427711,
2,2139,4876.213942,AB,100,0.1,12,0.12,16,8481.394,84.81394,11790.514625308057,
2,2140,4884.734771,RF,1,0.0,0,0.0,24,2865.579,2865.579,348.9696148666639,11.52
2,2141,4900.164541,GB,1,0.0,0,0.0,17,205.258,205.258,4871.917294332011,4.0
2,2142,4912.907797,NB,100,0.5,44,0.44,17,157.49,1.5749000000000002,634960.949901581,
2,2143,4913.13314,GB,64,0.01,1,0.015625,6,249.455,3.897734375,256559.29927241386,
2,2144,4913.446185,RF,32,0.05,3,0.09375,26,3101.618,96.9255625,10317.195734613353,
2,2145,4916.589399,NB,8,0.0,0,0.0,12,118.109,14.763625,67734.0422829759,
2,2146,4916.747288,RF,16,1.0,16,1.0,13,2989.4,186.8375,5352.244597578109,
2,2147,4919.783821,LoR,32,0.0,0,0.0,12,168.812,5.275375,189559.98388740135,
2,2148,4919.992488,MLP,8,1.0,8,1.0,6,178.769,22.346125,44750.4880600104,
2,2149,4920.212236,RF,16,0.0,0,0.0,26,2966.632,185.4145,5393.321450048405,
2,2150,4923.220458,AB,8,1.0,8,1.0,8,7847.481,980.935125,1019.4354086362235,
2,2151,4931.14175,MLP,64,0.01,1,0.015625,24,214.452,3.3508125,298435.0810437767,
2,2152,4931.39547,AB,1,0.0,0,0.0,26,7555.912,7555.912,132.3466975263873,2.0
2,2153,4952.297663,RF,64,0.05,2,0.03125,24,3300.484,51.5700625,19391.095366618956,
2,2154,4955.645189,NB,8,0.01,0,0.0,17,125.52,15.69,63734.86297004462,
2,2155,4955.817172,RF,32,0.01,0,0.0,11,3115.816,97.36925,10270.18283492992,
2,2156,4959.007894,RF,64,0.5,33,0.515625,16,3186.827,49.794171875,20082.671572695974,
2,2157,4962.240318,NB,16,0.05,0,0.0,21,121.662,7.603875,131511.89360687806,
2,2158,4962.399107,SGD,1,1.0,1,1.0,22,238.697,238.697,4189.4116809176485,
2,2159,4962.810484,SGD,64,0.01,0,0.0,10,158.594,2.47803125,403546.16189767583,
2,2160,4963.031649,NB,32,0.5,17,0.53125,14,117.41,3.6690625,272549.1866110212,
2,2161,4963.205001,NB,100,0.0,0,0.0,22,141.921,1.4192099999999999,704617.3575439858,
2,2162,4963.381565,GB,1,1.0,1,1.0,4,238.03,238.03,4201.151115405622,4.0
2,2163,4976.028602,SGD,8,0.05,0,0.0,16,158.119,19.764875,50594.80517837831,
2,2164,4976.227316,RF,1,0.01,0,0.0,4,2945.247,2945.247,339.5300971361655,9.99
2,2165,4991.704091,NB,1,1.0,1,1.0,21,105.427,105.427,9485.236229808303,
2,2166,4991.89499,SGD,100,0.05,2,0.02,26,173.58,1.7358000000000002,576103.2377001959,
2,2167,4992.110541,SGD,8,1.0,8,1.0,14,147.477,18.434625,54245.7467944154,
2,2168,4992.333325,SGD,100,0.05,5,0.05,14,163.624,1.63624,611157.2874394954,
2,2169,4992.535845,GB,1,0.01,0,0.0,11,208.397,208.397,4798.533568141576,4.0
2,2170,5005.387819,AB,8,0.5,4,0.5,8,7989.864,998.733,1001.2686073254814,
2,2171,5013.416668,NB,1,1.0,1,1.0,16,101.828,101.828,9820.481596417489,
2,2172,5013.584761,DT,100,1.0,100,1.0,8,92.665,0.9266500000000001,1079156.0999298547,
2,2173,5013.745965,GB,64,0.05,1,0.015625,23,251.792,3.93425,254178.05172523353,
2,2174,5014.074829,GB,100,0.01,1,0.01,15,268.006,2.6800599999999997,373125.97479160916,
2,2175,5014.383516,RF,1,0.01,0,0.0,25,2923.106,2923.106,342.1018601446543,12.86
2,2176,5029.953842,GB,8,0.5,6,0.75,28,214.21,26.77625,37346.52910695112,
2,2177,5030.206473,MLP,1,0.0,0,0.0,5,181.038,181.038,5523.702206166661,
2,2178,5030.573547,DT,64,0.05,3,0.046875,29,94.317,1.473703125,678562.7193400979,
2,2179,5030.709538,NB,32,0.0,0,0.0,1,122.065,3.81453125,262155.40900339984,
2,2180,5030.869885,AB,8,0.01,0,0.0,24,7846.026,980.75325,1019.6244570181134,
2,2181,5038.782903,NB,32,0.01,1,0.03125,1,118.415,3.70046875,270236.0342861968,
2,2182,5038.940026,SGD,1,0.01,0,0.0,16,149.589,149.589,6684.98352151562,
2,2183,5039.23628,LoR,1,0.1,0,0.0,25,140.558,140.558,7114.500775480585,
2,2184,5039.545022,MLP,32,0.5,18,0.5625,24,193.808,6.0565,165111.8632873772,
2,2185,5039.807503,DT,64,0.05,3,0.046875,19,92.416,1.444,692520.7756232687,
2,2186,5039.957134,NB,16,0.1,1,0.0625,5,111.98,6.99875,142882.6576174317,
2,2187,5040.126462,LoR,100,1.0,100,1.0,27,166.022,1.6602199999999998,602329.8117117009,
2,2188,5040.34817,GB,100,1.0,100,1.0,26,280.787,2.80787,356141.8441736975,
2,2189,5040.686416,MLP,100,1.0,100,1.0,8,240.989,2.40989,414956.69926843134,
2,2190,5040.978246,NB,64,0.0,0,0.0,3,132.051,2.063296875,484661.2293734997,
2,2191,5041.149349,GB,16,1.0,16,1.0,25,255.145,15.9465625,62709.439730349404,
2,2192,5041.454488,SGD,16,0.05,0,0.0,25,157.802,9.862625,101392.88475431237,
2,2193,5041.675598,RF,32,0.1,5,0.15625,20,3171.428,99.107125,10090.091908124668,
2,2194,5044.894309,DT,32,1.0,32,1.0,27,94.657,2.95803125,338062.68949998415,
2,2195,5045.038263,RF,64,0.0,0,0.0,22,3281.68,51.27625,19502.206187074913,
2,2196,5048.387036,AB,32,0.05,4,0.125,19,8111.918,253.4974375,3944.813051611222,
2,2197,5056.543853,DT,16,0.1,0,0.0,15,81.301,5.0813125,196799.54736104107,
2,2198,5056.694744,SGD,64,0.05,4,0.0625,21,162.906,2.54540625,392864.59676132246,
2,2199,5056.916454,NB,16,0.05,2,0.125,28,112.015,7.0009375,142838.01276614738,
2,2200,5057.063402,GB,1,0.0,0,0.0,6,202.438,202.438,4939.784032642093,4.0
2,2201,5069.567756,SGD,16,0.1,2,0.125,18,159.173,9.9483125,100519.56047822181,
2,2202,5069.767134,SGD,1,0.5,1,1.0,20,145.27,145.27,6883.733737179045,
2,2203,5070.095032,LoR,100,0.05,2,0.02,13,163.031,1.6303100000000001,613380.2773705614,
2,2204,5070.295316,MLP,1,1.0,1,1.0,12,157.961,157.961,6330.676559403903,
2,2205,5070.622297,GB,8,0.5,4,0.5,10,210.892,26.3615,37934.10845361607,
2,2206,5070.876846,SGD,32,1.0,32,1.0,17,155.215,4.85046875,206165.64120735752,
2,2207,5071.090554,NB,8,0.5,7,0.875,14,110.066,13.75825,72683.66252975487,
2,2208,5071.254504,MLP,100,1.0,100,1.0,28,230.917,2.30917,433056.0331201254,
2,2209,5071.526117,GB,16,1.0,16,1.0,15,214.488,13.4055,74596.24780873522,
2,2210,5071.787681,AB,32,0.01,0,0.0,22,7967.147,248.97334375,4016.4942356404367,
2,2211,5079.796318,GB,1,0.01,0,0.0,0,191.531,191.531,5221.086925876229,4.0
2,2212,5092.211859,NB,16,0.1,1,0.0625,28,116.564,7.28525,137263.64915411276,
2,2213,5092.383309,MLP,100,1.0,100,1.0,10,234.84,2.3484,425821.83614375745,
2,2214,5092.659448,LoR,16,0.0,0,0.0,26,148.486,9.280375,107754.2663954851,
2,2215,5092.876567,RF,64,0.1,7,0.109375,1,3238.225,50.597265625,19763.91387256908,
2,2216,5096.156658,AB,8,1.0,8,1.0,20,7937.871,992.233875,1007.8269097595564,
2,2217,5104.175224,AB,100,0.1,12,0.12,15,8660.703,86.60703,11546.406798616696,
2,2218,5112.875654,NB,1,1.0,1,1.0,4,100.291,100.291,9970.984435293296,
2,2219,5113.043149,AB,8,0.1,2,0.25,3,7792.964,974.1205,1026.5670417571544,
2,2220,5120.881587,GB,32,1.0,32,1.0,6,227.652,7.114125,140565.42441972837,
2,2221,5121.181318,RF,64,0.1,5,0.078125,3,3235.833,50.559890625,19778.52379897232,
2,2222,5124.459555,GB,8,0.0,0,0.0,15,222.334,27.79175,35981.901103744814,
2,2223,5124.743695,AB,100,0.01,0,0.0,10,8516.813,85.16813,11741.481232475106,
2,2224,5133.30279,DT,1,0.5,0,0.0,20,78.515,78.515,12736.419792396357,16.0
2,2225,5133.566403,AB,16,0.0,0,0.0,14,8286.796,517.92475,1930.7824157853047,
2,2226,5142.010629,MLP,100,0.5,43,0.43,12,344.43,3.4443,290334.75597363757,
2,2227,5142.404692,MLP,8,1.0,8,1.0,15,192.669,24.083625,41521.98848802869,
2,2228,5142.672076,DT,64,0.5,32,0.5,0,104.103,1.626609375,614775.750938974,
2,2229,5142.815017,DT,8,0.0,0,0.0,7,87.818,10.97725,91097.49709626728,
2,2230,5142.97235,SGD,64,0.5,30,0.46875,0,180.21,2.81578125,355141.2241274069,
2,2231,5143.221905,LoR,32,0.05,4,0.125,13,161.631,5.05096875,197981.82279389474,
2,2232,5143.422197,MLP,1,1.0,1,1.0,18,174.225,174.225,5739.704405223131,
2,2233,5143.788129,NB,16,0.5,6,0.375,4,127.426,7.964125,125563.07190055404,
2,2234,5143.982477,DT,64,0.05,0,0.0,0,117.462,1.83534375,544857.0601556248,
2,2235,5144.19929,NB,64,0.5,31,0.484375,3,176.125,2.751953125,363378.28246983676,
2,2236,5144.43176,DT,100,1.0,100,1.0,9,104.469,1.04469,957221.7595650385,
2,2237,5144.604224,AB,64,0.1,3,0.046875,7,8479.837,132.497453125,7547.314883529011,
2,2238,5153.16552,DT,100,0.1,9,0.09,15,92.243,0.92243,1084093.1019155926,
2,2239,5153.300202,GB,32,1.0,32,1.0,2,264.239,8.25746875,121102.48676387666,
2,2240,5153.626129,GB,16,0.05,2,0.125,11,224.605,14.0378125,71236.17016540149,
2,2241,5153.910607,AB,16,0.5,9,0.5625,5,7975.19,498.449375,2006.221795342807,
2,2242,5161.931076,LoR,16,0.01,0,0.0,1,157.353,9.8345625,101682.20497861496,
2,2243,5162.126228,NB,1,0.0,0,0.0,9,99.369,99.369,10063.500689349798,
2,2244,5162.274286,MLP,1,0.05,1,1.0,14,182.587,182.587,5476.841177082706,
2,2245,5162.656044,RF,1,0.0,0,0.0,26,2947.852,2947.852,339.2300563257586,9.99
2,2246,5178.417924,RF,32,0.1,1,0.03125,24,3055.924,95.497625,10471.464604486237,
2,2247,5181.538181,NB,16,0.5,10,0.625,17,122.581,7.6613125,130525.93795123225,
2,2248,5181.728421,SGD,64,0.05,3,0.046875,2,171.036,2.6724375,374190.22895764635,
2,2249,5181.959106,RF,16,0.01,1,0.0625,9,2974.306,185.894125,5379.406153906155,
2,2250,5184.973466,NB,1,0.0,0,0.0,6,109.019,109.019,9172.713013327952,
2,2251,5185.15374,RF,32,0.1,3,0.09375,11,3051.921,95.37253125,10485.199322000799,
2,2252,5188.267353,SGD,8,0.5,3,0.375,13,162.97,20.37125,49088.78934773271,
2,2253,5188.507003,SGD,100,0.01,1,0.01,12,168.929,1.68929,591964.6715484019,
2,2254,5188.751561,GB,100,0.1,13,0.13,19,288.836,2.88836,346217.23053912946,
2,2255,5189.085178,AB,32,1.0,32,1.0,2,8027.871,250.87096875,3986.1128809867523,
2,2256,5197.154712,LoR,1,0.5,1,1.0,19,144.933,144.933,6899.7398798065315,
2,2257,5197.451875,DT,16,0.0,0,0.0,24,85.548,5.34675,187029.5039042409,
2,2258,5197.573658,SGD,1,0.0,0,0.0,17,141.926,141.926,7045.925341375083,
2,2259,5197.860559,NB,32,1.0,32,1.0,28,116.584,3.64325,274480.2031153503,
2,2260,5198.045323,NB,64,0.1,8,0.125,9,125.158,1.95559375,511353.64898767957,
2,2261,5198.226692,RF,16,0.05,1,0.0625,10,2970.313,185.6445625,5386.637704511275,
2,2262,5201.240459,GB,16,1.0,16,1.0,29,234.862,14.678875,68125.1117677615,
2,2263,5201.514643,RF,1,0.0,0,0.0,27,3029.301,3029.301,330.1091571950097,9.8
2,2264,5218.351958,GB,100,0.0,0,0.0,8,381.6,3.8160000000000003,262054.50733752619,
2,2265,5218.783288,MLP,1,0.01,0,0.0,29,203.379,203.379,4916.928493108925,
2,2266,5219.177398,SGD,32,0.1,2,0.0625,6,162.733,5.08540625,196641.12380402253,
2,2267,5219.380417,DT,16,0.0,0,0.0,27,92.331,5.7706875,173289.5777149603,
2,2268,5219.533179,SGD,32,0.5,19,0.59375,19,153.943,4.81071875,207869.14637235858,
2,2269,5219.72654,MLP,1,0.1,0,0.0,21,158.234,158.234,6319.754287953284,
2,2270,5220.037858,AB,64,0.0,0,0.0,3,8897.405,139.021953125,7193.10855243748,
2,2271,5229.027105,MLP,1,0.01,0,0.0,15,194.511,194.511,5141.0974186549865,
2,2272,5229.41077,SGD,100,1.0,100,1.0,21,170.489,1.70489,586548.1057428925,
2,2273,5229.623907,DT,8,0.0,0,0.0,27,87.439,10.929875,91492.35467011288,
2,2274,5229.780218,DT,64,0.1,6,0.09375,26,89.986,1.40603125,711221.7456048719,
2,2275,5229.929578,NB,32,0.5,13,0.40625,24,128.95,4.0296875,248158.20085304385,
2,2276,5230.094205,RF,8,0.0,0,0.0,11,3149.054,393.63175,2540.445479817113,
2,2277,5233.325893,DT,100,0.5,53,0.53,9,104.432,1.04432,957560.9008732955,
2,2278,5233.468303,GB,8,0.0,0,0.0,12,259.509,32.438625,30827.447217630215,
2,2279,5233.793495,GB,32,0.05,2,0.0625,25,233.404,7.293875,137101.3350242498,
2,2280,5234.087014,RF,8,0.05,1,0.125,14,3060.499,382.562375,2613.9528227259675,
2,2281,5237.201021,DT,64,1.0,64,1.0,5,99.455,1.553984375,643507.1137700467,
2,2282,5237.341217,DT,16,1.0,16,1.0,10,88.567,5.5354375,180654.1940000226,
2,2283,5237.478186,RF,64,0.0,0,0.0,6,3253.151,50.830484375,19673.23373553825,
2,2284,5240.775744,AB,8,0.1,0,0.0,2,8126.13,1015.76625,984.4784663794451,
2,2285,5248.96415,GB,32,0.0,0,0.0,3,277.44,8.67,115340.25374855824,
2,2286,5249.348268,DT,100,0.1,8,0.08,24,158.763,1.58763,629869.6799632156,
2,2287,5249.547821,SGD,16,0.0,0,0.0,24,205.513,12.8445625,77853.95571083094,
2,2288,5249.817118,LoR,1,1.0,1,1.0,16,180.457,180.457,5541.486337465435,
2,2289,5250.188567,LoR,1,0.0,0,0.0,13,145.643,145.643,6866.1041038704225,
2,2290,5250.486218,MLP,8,0.1,0,0.0,14,205.96,25.745,38842.49368809477,
2,2291,5250.738692,GB,16,0.05,0,0.0,9,270.273,16.8920625,59199.40208603893,
2,2292,5251.05288,RF,8,1.0,8,1.0,22,3365.267,420.658375,2377.225937793346,
2,2293,5254.546495,SGD,100,0.1,7,0.07,7,259.335,2.5933499999999996,385601.63495093223,
2,2294,5254.858745,MLP,32,0.01,0,0.0,25,220.621,6.89440625,145045.12263111852,
2,2295,5255.144031,AB,16,0.1,1,0.0625,21,8703.806,543.987875,1838.2762667274521,
2,2296,5263.910697,SGD,8,0.0,0,0.0,3,177.446,22.18075,45084.138273052085,
2,2297,5264.163045,SGD,32,0.1,3,0.09375,4,161.994,5.0623125,197538.18042643555,
2,2298,5264.367333,GB,8,0.01,0,0.0,26,261.219,32.652375,30625.643617041642,
2,2299,5264.670513,LoR,8,1.0,8,1.0,14,161.03,20.12875,49680.183816680124,
2,2300,5264.884201,LoR,64,1.0,64,1.0,11,159.83,2.49734375,400425.4520427954,
2,2301,5265.106735,SGD,16,0.05,1,0.0625,24,152.563,9.5351875,104874.70749788612,
2,2302,5265.299834,RF,16,1.0,16,1.0,27,3127.323,195.4576875,5116.1968239289645,
2,2303,5268.474234,SGD,32,0.0,0,0.0,17,170.217,5.31928125,187995.32361632504,
2,2304,5268.725067,AB,100,0.1,9,0.09,23,8844.72,88.4472,11306.180410459574,
2,2305,5277.633188,RF,16,0.05,3,0.1875,5,3109.574,194.348375,5145.39933765847,
2,2306,5280.796723,DT,64,1.0,64,1.0,21,102.855,1.607109375,622235.1854552525,
2,2307,5280.940906,DT,16,0.0,0,0.0,18,88.293,5.5183125,181214.81884181077,
2,2308,5281.092814,GB,32,0.01,1,0.03125,10,258.076,8.064875,123994.48224554006,
2,2309,5281.414196,GB,8,0.1,1,0.125,25,216.252,27.0315,36993.87751327155,
2,2310,5281.671588,GB,1,0.5,1,1.0,28,201.619,201.619,4959.850014135573,4.0
2,2311,5294.843041,AB,32,1.0,32,1.0,20,8213.216,256.663,3896.159555526118,
2,2312,5303.117983,LoR,100,0.0,0,0.0,25,210.098,2.1009800000000003,475968.35762358515,
2,2313,5303.371147,RF,8,0.05,0,0.0,24,3088.524,386.0655,2590.2340405967384,
2,2314,5306.542352,GB,100,0.5,53,0.53,19,353.399,3.53399,282966.2789085425,
2,2315,5306.968964,DT,64,0.05,3,0.046875,24,100.286,1.56696875,638174.8200147578,
2,2316,5307.107726,DT,8,1.0,8,1.0,29,91.63,11.45375,87307.65033286042,
2,2317,5307.244139,AB,32,0.01,0,0.0,10,8552.753,267.27353125,3741.4853439588396,
2,2318,5315.888386,LoR,16,0.5,8,0.5,6,185.289,11.5805625,86351.59129791839,
2,2319,5316.117719,LoR,1,0.5,0,0.0,22,151.066,151.066,6619.623211046827,
2,2320,5316.427113,DT,1,1.0,1,1.0,28,100.499,100.499,9950.347764654374,11.0
2,2321,5316.779277,LoR,100,0.01,1,0.01,1,175.979,1.7597900000000002,568249.6206933782,
2,2322,5317.025367,RF,64,0.1,7,0.109375,29,3409.639,53.275609375,18770.315567131885,
2,2323,5320.475697,DT,1,0.0,0,0.0,8,93.527,93.527,10692.099607599945,16.0
2,2324,5320.766729,GB,16,1.0,16,1.0,8,266.267,16.6416875,60090.059977391116,
2,2325,5321.105803,LoR,64,0.1,7,0.109375,23,171.81,2.68453125,372504.51079681044,
2,2326,5321.328692,NB,64,0.0,0,0.0,26,142.268,2.2229375,449855.20285658055,
2,2327,5321.517343,RF,32,1.0,32,1.0,26,3317.863,103.68321875,9644.762306339955,
2,2328,5324.926577,GB,8,0.5,5,0.625,6,304.43,38.05375,26278.61905856847,
2,2329,5325.278878,AB,32,1.0,32,1.0,11,8347.961,260.87378125,3833.2713820776116,
2,2330,5333.70434,DT,32,0.5,11,0.34375,14,87.591,2.73721875,365334.3380027629,
2,2331,5333.835759,AB,16,0.05,0,0.0,24,8092.219,505.7636875,1977.2079821369146,
2,2332,5341.974561,NB,32,0.0,0,0.0,21,127.14,3.973125,251691.0492370615,
2,2333,5342.142342,RF,16,0.0,0,0.0,1,3110.294,194.393375,5144.20823240504,
2,2334,5345.328596,SGD,64,0.5,30,0.46875,15,190.919,2.983109375,335220.6956877,
2,2335,5345.561337,DT,1,0.1,0,0.0,4,88.646,88.646,11280.824853913318,16.0
2,2336,5345.879342,MLP,16,0.01,1,0.0625,20,206.507,12.9066875,77479.21377967818,
2,2337,5346.157601,NB,64,0.1,10,0.15625,28,137.669,2.151078125,464883.1617866041,
2,2338,5346.354165,DT,16,0.05,1,0.0625,13,91.706,5.731625,174470.59080103808,
2,2339,5346.520123,SGD,100,0.1,5,0.05,18,210.349,2.10349,475400.40599194675,
2,2340,5346.79956,SGD,64,0.05,1,0.015625,7,161.357,2.521203125,396636.03066492314,
2,2341,5347.021677,DT,32,0.5,15,0.46875,20,90.346,2.8233125,354193.87687335355,
2,2342,5347.166206,NB,100,1.0,100,1.0,19,149.982,1.49982,666746.6762678188,
2,2343,5347.359907,AB,32,0.01,0,0.0,26,8230.876,257.214875,3887.8000348930054,
2,2344,5355.636989,DT,32,1.0,32,1.0,16,83.299,2.60309375,384158.2732085619,
2,2345,5355.779936,SGD,100,0.01,0,0.0,20,169.886,1.69886,588630.0224856669,
2,2346,5355.995996,LoR,32,0.05,0,0.0,21,152.985,4.78078125,209170.8337418701,
2,2347,5356.215699,SGD,32,0.05,2,0.0625,19,152.013,4.75040625,210508.31178912328,
2,2348,5356.435669,GB,64,0.5,35,0.546875,4,295.013,4.609578125,216939.59249253426,
2,2349,5356.775944,SGD,8,1.0,8,1.0,3,161.708,20.2135,49471.88759987137,
2,2350,5356.978737,GB,1,0.5,0,0.0,26,208.425,208.425,4797.888928871296,4.0
2,2351,5369.815845,RF,32,0.01,0,0.0,27,3207.441,100.23253125,9976.800820342449,
2,2352,5373.070938,AB,16,0.01,0,0.0,17,8140.07,508.754375,1965.5850625363173,
2,2353,5381.27919,AB,32,0.05,2,0.0625,0,8055.074,251.7210625,3972.6512754569358,
2,2354,5389.399128,RF,16,0.1,2,0.125,11,3047.897,190.4935625,5249.52122725932,
2,2355,5392.515003,MLP,32,0.5,19,0.59375,26,216.814,6.7754375,147591.94516959236,
2,2356,5392.774823,SGD,16,1.0,16,1.0,28,157.578,9.848625,101537.01658861009,
2,2357,5393.012931,GB,100,0.1,7,0.07,20,290.014,2.90014,344810.94016150944,
2,2358,5393.344479,LoR,8,0.0,0,0.0,21,160.667,20.083375,49792.4278165398,
2,2359,5393.54995,RF,32,0.0,0,0.0,6,3118.8,97.4625,10260.356547390022,
2,2360,5396.712561,RF,1,0.1,0,0.0,3,2983.816,2983.816,335.141308981519,9.99
2,2361,5412.797529,GB,32,0.1,5,0.15625,23,246.295,7.69671875,129925.4958484744,
2,2362,5413.086838,GB,16,0.0,0,0.0,1,218.121,13.6325625,73353.78069970338,
2,2363,5413.347759,SGD,8,0.01,0,0.0,22,162.072,20.259,49360.77792586011,
2,2364,5413.574781,GB,32,0.05,2,0.0625,13,229.64,7.17625,139348.54554955583,
2,2365,5413.844767,LoR,8,1.0,8,1.0,6,156.634,19.57925,51074.479359526034,
2,2366,5414.051269,AB,64,1.0,64,1.0,13,8432.539,131.758421875,7589.64767313854,
2,2367,5422.54474,NB,100,0.0,0,0.0,4,191.426,1.9142599999999999,522395.0769487949,
2,2368,5422.778268,NB,8,0.1,0,0.0,9,106.505,13.313125,75113.84442044975,
2,2369,5422.945676,AB,32,0.5,13,0.40625,7,8169.959,255.31121875,3916.7883217039403,
2,2370,5431.180956,GB,32,0.1,4,0.125,6,222.618,6.9568125,143743.99195033647,
2,2371,5431.467832,NB,32,0.05,6,0.1875,15,121.91,3.8096875,262488.72118776146,
2,2372,5431.630241,GB,32,0.0,0,0.0,8,224.483,7.01509375,142549.76991576198,
2,2373,5431.895116,SGD,1,0.05,0,0.0,28,152.372,152.372,6562.88556952721,
2,2374,5432.23831,DT,100,0.05,6,0.06,22,97.287,0.97287,1027886.5624389692,
2,2375,5432.371915,MLP,8,0.0,0,0.0,12,180.581,22.572625,44301.44921115732,
2,2376,5432.592838,NB,8,0.05,0,0.0,15,107.862,13.48275,74168.84537649961,
2,2377,5432.757695,NB,16,0.1,4,0.25,15,106.452,6.65325,150302.48374854395,
2,2378,5432.898086,MLP,1,0.0,0,0.0,16,162.804,162.804,6142.355224687354,
2,2379,5433.221596,AB,100,0.0,0,0.0,9,9131.667,91.31666999999999,10950.903049793647,
2,2380,5442.440258,MLP,100,1.0,100,1.0,16,306.87,3.0687,325870.8899534005,
2,2381,5442.817725,DT,32,0.1,1,0.03125,12,91.354,2.8548125,350285.7017755107,
2,2382,5442.960278,SGD,16,1.0,16,1.0,11,170.473,10.6545625,93856.50513571063,
2,2383,5443.203419,DT,16,0.1,1,0.0625,4,98.382,6.148875,162631.37565814884,
2,2384,5443.335753,SGD,1,1.0,1,1.0,18,170.06,170.06,5880.277549100318,
2,2385,5443.676947,SGD,64,1.0,64,1.0,20,154.605,2.415703125,413958.1514181301,
2,2386,5443.880502,GB,64,0.0,0,0.0,5,306.887,4.795109375,208545.81653833497,
2,2387,5444.229224,LoR,1,0.05,0,0.0,8,180.11,180.11,5552.162567319971,
2,2388,5444.588106,NB,64,0.01,2,0.03125,28,137.172,2.1433125,466567.52106843964,
2,2389,5444.76454,RF,8,0.05,0,0.0,12,3121.706,390.21325,2562.701292178059,
2,2390,5447.928483,LoR,8,0.0,0,0.0,15,164.909,20.613625,48511.603369130855,
2,2391,5448.137408,GB,16,0.01,0,0.0,24,236.632,14.7895,67615.53805064404,
2,2392,5448.444628,AB,64,0.05,2,0.03125,23,8318.278,129.97309375,7693.900107690558,
2,2393,5456.844056,SGD,100,0.5,43,0.43,8,169.323,1.69323,590587.2208737147,
2,2394,5457.052728,AB,8,1.0,8,1.0,18,7911.527,988.940875,1011.1827969493121,
2,2395,5465.011901,GB,32,0.01,0,0.0,0,217.025,6.78203125,147448.45063932726,
2,2396,5465.308112,LoR,100,0.1,8,0.08,14,174.063,1.74063,574504.6333798682,
2,2397,5465.548315,LoR,32,0.01,1,0.03125,25,153.638,4.8011875,208281.80528254728,
2,2398,5465.769817,GB,64,0.01,1,0.015625,27,244.015,3.812734375,262278.9582607627,
2,2399,5466.077317,NB,32,0.05,1,0.03125,14,126.091,3.94034375,253784.96482699004,
2,2400,5466.244711,GB,32,1.0,32,1.0,19,228.404,7.137625,140102.62517293918,
2,2401,5466.531339,DT,100,0.0,0,0.0,5,103.257,1.03257,968457.3442962704,
2,2402,5466.701353,GB,64,0.5,33,0.515625,20,253.209,3.956390625,252755.62874937305,
2,2403,5467.011585,DT,100,0.0,0,0.0,8,97.347,0.97347,1027253.0226920194,
2,2404,5467.148994,SGD,8,0.01,0,0.0,14,153.909,19.238625,51978.76667381375,
2,2405,5467.34579,LoR,32,1.0,32,1.0,10,149.33,4.6665625,214290.497555749,
2,2406,5467.532887,MLP,8,0.0,0,0.0,22,176.849,22.106125,45236.33155969217,
2,2407,5467.775783,RF,32,0.05,1,0.03125,13,3073.922,96.0600625,10410.153543258417,
2,2408,5470.892187,GB,1,0.01,0,0.0,3,213.655,213.655,4680.442769886031,4.0
2,2409,5483.529784,SGD,8,0.5,3,0.375,21,157.065,19.633125,50934.32655270111,
2,2410,5483.764335,RF,100,0.1,9,0.09,10,3411.7,34.117,29310.900723979248,
2,2411,5487.228872,MLP,64,0.0,0,0.0,22,228.573,3.571453125,279998.0750132343,
2,2412,5487.528517,RF,64,0.05,4,0.0625,17,3254.37,50.84953125,19665.86466812317,
2,2413,5490.828555,NB,16,0.01,0,0.0,19,122.85,7.678125,130240.13024013025,
2,2414,5490.990775,SGD,16,1.0,16,1.0,6,158.597,9.9123125,100884.63211788368,
2,2415,5491.192755,RF,32,1.0,32,1.0,18,2980.888,93.15275,10735.056130924744,
2,2416,5494.216392,DT,16,0.0,0,0.0,13,93.167,5.8229375,171734.6270675239,
2,2417,5494.372626,NB,32,0.01,1,0.03125,18,123.014,3.8441875,260132.9929926675,
2,2418,5494.532437,DT,8,1.0,8,1.0,0,137.023,17.127875,58384.358830269375,
2,2419,5494.704229,DT,1,0.0,0,0.0,18,82.752,82.752,12084.300077339522,16.0
2,2420,5494.975983,RF,8,0.01,0,0.0,24,2916.935,364.616875,2742.604823213407,
2,2421,5497.95349,GB,100,1.0,100,1.0,23,297.879,2.97879,335706.7802698411,
2,2422,5498.296622,AB,32,0.0,0,0.0,28,8431.245,263.47640625,3795.406253762048,
2,2423,5506.794918,LoR,100,0.0,0,0.0,9,177.2,1.7719999999999998,564334.0857787811,
2,2424,5507.031634,RF,100,0.0,0,0.0,13,3400.948,34.009479999999996,29403.566299749364,
2,2425,5510.508037,NB,64,0.05,1,0.015625,7,196.798,3.07496875,325206.55697720504,
2,2426,5510.761973,GB,8,0.05,1,0.125,12,244.748,30.5935,32686.681811495906,
2,2427,5511.066413,AB,100,0.01,0,0.0,8,8972.949,89.72949,11144.60808815474,
2,2428,5520.119484,RF,64,0.01,0,0.0,15,3311.987,51.749796875,19323.74734562666,
2,2429,5523.518183,DT,100,0.1,11,0.11,6,104.742,1.04742,954726.8526474575,
2,2430,5523.680667,MLP,100,1.0,100,1.0,7,271.184,2.7118400000000005,368753.318779869,
2,2431,5524.02314,DT,64,0.01,1,0.015625,28,95.111,1.486109375,672897.982357456,
2,2432,5524.174618,NB,100,1.0,100,1.0,12,152.226,1.52226,656918.0034948038,
2,2433,5524.382935,RF,16,0.1,2,0.125,20,3093.121,193.3200625,5172.768863552379,
2,2434,5527.515809,GB,1,1.0,1,1.0,18,250.93,250.93,3985.175148447774,4.0
2,2435,5540.413909,LoR,100,0.5,46,0.46,2,186.646,1.8664599999999998,535773.6035061025,
2,2436,5540.644791,RF,16,0.01,0,0.0,18,3090.754,193.172125,5176.730338292857,
2,2437,5543.788878,NB,64,0.0,0,0.0,21,145.119,2.267484375,441017.37194991694,
2,2438,5543.973223,NB,8,0.0,0,0.0,11,110.207,13.775875,72590.67028410174,
2,2439,5544.119636,GB,1,1.0,1,1.0,28,214.785,214.785,4655.818609306982,4.0
2,2440,5556.955284,LoR,1,0.0,0,0.0,28,156.635,156.635,6384.26916078782,
2,2441,5557.270757,DT,1,0.05,0,0.0,23,87.083,87.083,11483.297543722656,16.0
2,2442,5557.572556,SGD,64,0.01,2,0.03125,17,169.683,2.651296875,377173.90663767146,
2,2443,5557.794194,DT,64,0.01,0,0.0,26,93.514,1.46115625,684389.5031759951,
2,2444,5557.948728,RF,32,0.1,4,0.125,3,3155.316,98.603625,10141.614976122835,
2,2445,5561.147839,RF,16,0.0,0,0.0,14,3075.172,192.19825,5202.961005108007,
2,2446,5564.284073,MLP,100,0.0,0,0.0,18,261.132,2.61132,382948.08755725075,
2,2447,5564.630014,MLP,100,0.5,50,0.5,17,237.03,2.3703,421887.5247858921,
2,2448,5564.92494,DT,16,1.0,16,1.0,15,141.777,8.8610625,112853.28367788852,
2,2449,5565.106386,NB,1,0.1,0,0.0,4,172.491,172.491,5797.403922523494,
2,2450,5565.331289,RF,16,0.01,0,0.0,17,3256.786,203.549125,4912.81895709451,
2,2451,5568.703435,GB,64,0.1,2,0.03125,12,360.386,5.63103125,177587.3646590045,
2,2452,5569.157283,LoR,100,0.05,7,0.07,21,220.086,2.20086,454367.83802695305,
2,2453,5569.440974,GB,8,0.5,5,0.625,17,265.109,33.138625,30176.267120316552,
2,2454,5569.771385,NB,16,0.5,9,0.5625,10,159.901,9.9938125,100061.91330885985,
2,2455,5569.983826,SGD,64,1.0,64,1.0,14,212.811,3.325171875,300736.33411806717,
2,2456,5570.239905,AB,1,0.05,0,0.0,10,8297.872,8297.872,120.51282545693644,2.0
2,2457,5591.684837,GB,64,0.05,3,0.046875,24,301.483,4.710671875,212283.94304156452,
2,2458,5592.031505,RF,16,0.0,0,0.0,19,3149.606,196.850375,5080.000482600046,
2,2459,5595.224885,MLP,1,0.1,0,0.0,8,204.735,204.735,4884.362712775051,
2,2460,5595.609975,AB,100,1.0,100,1.0,13,8835.469,88.35468999999999,11318.018319118091,
2,2461,5604.51357,DT,32,0.01,2,0.0625,28,86.187,2.69334375,371285.6927378839,
2,2462,5604.66707,AB,64,0.5,33,0.515625,21,8506.847,132.919484375,7523.351483810629,
2,2463,5613.257674,MLP,100,0.05,8,0.08,26,245.943,2.4594300000000002,406598.2768365028,
2,2464,5613.544869,GB,8,1.0,8,1.0,16,238.254,29.78175,33577.610449352374,
2,2465,5613.824241,RF,8,0.0,0,0.0,2,3081.928,385.241,2595.7777079801995,
2,2466,5616.950088,SGD,1,0.1,0,0.0,17,167.172,167.172,5981.862991410045,
2,2467,5617.300921,MLP,32,0.01,1,0.03125,5,196.147,6.12959375,163142.9489107659,
2,2468,5617.55933,AB,16,0.05,1,0.0625,3,8074.707,504.6691875,1981.4960468534648,
2,2469,5625.676685,DT,1,0.01,0,0.0,28,79.628,79.628,12558.396543929272,16.0
2,2470,5625.973716,LoR,32,0.5,15,0.46875,16,164.403,5.13759375,194643.65005504768,
2,2471,5626.181353,SGD,16,0.01,0,0.0,26,149.954,9.372125,106699.38781226242,
2,2472,5626.376578,LoR,32,0.01,0,0.0,4,148.408,4.63775,215621.79936391572,
2,2473,5626.567588,DT,8,0.0,0,0.0,14,120.03,15.00375,66650.00416562526,
2,2474,5626.742733,AB,100,0.0,0,0.0,3,8727.97,87.27969999999999,11457.417933379698,
2,2475,5635.543739,LoR,64,0.5,36,0.5625,7,163.866,2.56040625,390563.02100496745,
2,2476,5635.748683,LoR,1,0.5,1,1.0,2,143.931,143.931,6947.77358595438,
2,2477,5636.064572,MLP,100,0.0,0,0.0,25,232.02,2.3202000000000003,430997.3278165675,
2,2478,5636.356775,AB,8,0.1,3,0.375,6,8002.694,1000.33675,999.6633633623877,
2,2479,5644.432539,GB,64,0.1,10,0.15625,9,269.487,4.210734375,237488.2647400431,
2,2480,5644.773621,MLP,64,0.05,4,0.0625,24,221.756,3.4649375,288605.49432709825,
2,2481,5645.066012,MLP,64,0.1,5,0.078125,6,209.643,3.275671875,305280.88226174976,
2,2482,5645.315297,LoR,8,0.0,0,0.0,7,148.944,18.618,53711.46202599635,
2,2483,5645.509984,DT,32,0.05,0,0.0,7,90.584,2.83075,353263.26945155876,
2,2484,5645.668729,AB,64,0.05,1,0.015625,10,8347.328,130.427,7667.124138406925,
2,2485,5654.078653,MLP,8,0.1,2,0.25,12,177.989,22.248625,44946.597823461,
2,2486,5654.302513,RF,32,1.0,32,1.0,7,3139.187,98.09959375,10193.722132513929,
2,2487,5657.49755,NB,64,0.0,0,0.0,13,148.281,2.316890625,431612.9510861135,
2,2488,5657.724161,LoR,100,0.1,10,0.1,4,176.28,1.7628,567279.3283412752,
2,2489,5657.970793,MLP,64,0.01,1,0.015625,16,214.157,3.346203125,298846.17360161,
2,2490,5658.223442,MLP,1,0.0,0,0.0,26,162.916,162.916,6138.132534557686,
2,2491,5658.559085,DT,32,0.5,17,0.53125,17,130.56,4.08,245098.03921568627,
2,2492,5658.757255,GB,64,0.05,4,0.0625,10,263.322,4.11440625,243048.43499593652,
2,2493,5659.063271,SGD,16,1.0,16,1.0,4,161.74,10.10875,98924.19933226165,
2,2494,5659.295436,SGD,64,0.05,2,0.03125,3,163.335,2.552109375,391832.73640064895,
2,2495,5659.498726,LoR,1,0.01,0,0.0,28,144.542,144.542,6918.4043392232015,
2,2496,5659.791665,MLP,16,0.05,0,0.0,20,174.539,10.9086875,91670.05654896614,
2,2497,5660.036667,AB,64,0.1,7,0.109375,13,8481.035,132.516171875,7546.248777419266,
2,2498,5668.56165,AB,8,0.05,0,0.0,0,7992.026,999.00325,1000.9977445018322,
2,2499,5676.595858,LoR,1,0.05,0,0.0,15,147.511,147.511,6779.1554528136885,
2,2500,5676.91073,GB,16,0.1,2,0.125,29,219.393,13.7120625,72928.48905844762,
2,2501,5677.191122,LoR,16,0.5,7,0.4375,26,158.701,9.9188125,100818.52036219054,
2,2502,5677.408528,DT,16,0.1,2,0.125,6,90.694,5.668375,176417.40357686285,
2,2503,5677.53727,GB,1,0.05,1,1.0,29,200.645,200.645,4983.926835954048,4.0
2,2504,5690.866504,NB,64,0.5,27,0.421875,22,155.343,2.427234375,411991.5284241968,
2,2505,5691.062387,MLP,1,0.05,0,0.0,15,191.791,191.791,5214.008999379533,
2,2506,5691.421664,SGD,16,0.01,0,0.0,18,158.638,9.914875,100858.55847905294,
2,2507,5691.625748,LoR,32,1.0,32,1.0,22,152.822,4.7756875,209393.93542814517,
2,2508,5691.857058,RF,100,0.5,52,0.52,8,3533.256,35.33256,28302.50624353288,
2,2509,5695.434513,GB,16,0.0,0,0.0,13,258.924,16.18275,61794.19443543279,
2,2510,5695.740709,MLP,32,1.0,32,1.0,26,211.618,6.6130625,151215.8701055676,
2,2511,5695.994478,AB,1,0.5,1,1.0,7,7881.189,7881.189,126.88440792372826,2.0
2,2512,5716.930195,GB,8,0.01,0,0.0,11,239.629,29.953625,33384.94088778904,
2,2513,5717.222671,NB,64,1.0,64,1.0,29,139.629,2.181703125,458357.5045298613,
2,2514,5717.401759,GB,1,0.05,0,0.0,3,206.858,206.858,4834.23411228959,4.0
2,2515,5730.29864,SGD,1,0.1,0,0.0,10,161.975,161.975,6173.792251890724,
2,2516,5730.654207,MLP,64,0.5,30,0.46875,15,218.602,3.41565625,292769.50805573596,
2,2517,5730.934736,LoR,16,0.05,1,0.0625,7,154.41,9.650625,103620.23185026877,
2,2518,5731.126442,LoR,1,0.0,0,0.0,22,143.942,143.942,6947.242639396423,
2,2519,5731.452062,RF,100,0.5,55,0.55,2,3427.149,34.27149,29178.772209787203,
2,2520,5734.927105,AB,32,0.0,0,0.0,8,8180.985,255.65578125,3911.509433155054,
2,2521,5743.168434,LoR,100,1.0,100,1.0,16,169.863,1.69863,588709.7248959455,
2,2522,5743.409577,AB,64,0.1,4,0.0625,18,8423.92,131.62375,7597.413080845972,
2,2523,5751.885717,GB,64,0.0,0,0.0,28,250.26,3.9103125,255734.036601934,
2,2524,5752.200094,SGD,16,0.05,1,0.0625,12,164.147,10.2591875,97473.60597513206,
2,2525,5752.404138,RF,8,0.0,0,0.0,12,3081.355,385.169375,2596.2604114099154,
2,2526,5755.528657,MLP,1,0.1,0,0.0,1,179.961,179.961,5556.759520118248,
2,2527,5755.868399,RF,32,0.0,0,0.0,28,3131.429,97.85715625,10218.976703607203,
2,2528,5759.064008,LoR,100,0.01,0,0.0,20,182.915,1.8291499999999998,546702.0200639642,
2,2529,5759.319437,SGD,64,0.1,6,0.09375,4,165.845,2.591328125,385902.4993216558,
2,2530,5759.554714,AB,64,0.5,36,0.5625,14,8415.217,131.487765625,7605.270309725821,
2,2531,5768.02212,AB,64,0.0,0,0.0,14,8389.153,131.080515625,7628.898888838957,
2,2532,5776.452722,SGD,8,0.0,0,0.0,6,153.658,19.20725,52063.673873146865,
2,2533,5776.649545,NB,8,0.1,0,0.0,28,111.195,13.899375,71945.68101083682,
2,2534,5776.797875,LoR,1,1.0,1,1.0,26,145.657,145.657,6865.444159909925,
2,2535,5777.109783,NB,100,0.01,0,0.0,5,145.17,1.4516999999999998,688847.5580354069,
2,2536,5777.295688,LoR,8,0.1,0,0.0,1,148.972,18.6215,53701.366699782506,
2,2537,5777.513579,NB,64,0.1,6,0.09375,29,129.081,2.016890625,495812.7067500252,
2,2538,5777.702321,MLP,32,0.1,1,0.03125,17,196.242,6.1325625,163063.9720345288,
2,2539,5777.959438,DT,16,0.05,1,0.0625,20,91.215,5.7009375,175409.74620402345,
2,2540,5778.091878,DT,16,0.01,0,0.0,12,86.41,5.400625,185163.75419511631,
2,2541,5778.238022,RF,32,0.05,2,0.0625,5,3162.582,98.8306875,10118.314718796224,
2,2542,5781.469427,RF,32,0.05,2,0.0625,22,3106.248,97.07025,10301.817498152112,
2,2543,5784.63846,MLP,8,0.5,3,0.375,27,190.4,23.8,42016.80672268907,
2,2544,5784.907022,DT,100,0.1,9,0.09,20,101.094,1.01094,989178.3884305697,
2,2545,5785.077751,GB,64,0.5,30,0.46875,26,276.411,4.318921875,231539.26580345933,
2,2546,5785.41425,DT,100,1.0,100,1.0,1,103.416,1.03416,966968.3607952348,
2,2547,5785.575113,MLP,8,0.05,2,0.25,28,183.691,22.961375,43551.398816490735,
2,2548,5785.816778,AB,100,1.0,100,1.0,9,8700.41,87.0041,11493.711215908215,
2,2549,5794.604609,NB,100,0.01,3,0.03,9,149.944,1.4994399999999999,666915.6485087767,
2,2550,5794.800444,GB,32,0.01,0,0.0,26,232.923,7.27884375,137384.45752458967,
2,2551,5795.104574,LoR,64,0.01,1,0.015625,1,170.803,2.668796875,374700.6785595101,
2,2552,5795.334916,LoR,16,0.1,3,0.1875,8,153.806,9.612875,104027.15108643356,
2,2553,5795.531662,NB,32,1.0,32,1.0,6,119.636,3.738625,267478.0166505065,
2,2554,5795.691057,AB,8,0.01,0,0.0,28,7976.619,997.077375,1002.9311917743596,
2,2555,5803.793276,LoR,64,0.1,4,0.0625,29,175.592,2.743625,364481.29755341925,
2,2556,5804.010599,MLP,8,0.1,0,0.0,5,173.263,21.657875,46172.58156675112,
2,2557,5804.264523,AB,100,0.5,54,0.54,12,8809.585,88.09584999999998,11351.272506026107,
2,2558,5813.155639,LoR,100,0.1,11,0.11,15,169.8,1.6980000000000002,588928.1507656066,
2,2559,5813.365469,NB,8,0.0,0,0.0,1,108.149,13.518625,73972.02008340345,
2,2560,5813.512888,DT,1,0.05,0,0.0,10,86.067,86.067,11618.855078020613,7.0
2,2561,5813.805564,RF,32,0.01,0,0.0,12,3148.208,98.3815,10164.512637030335,
2,2562,5817.021237,LoR,32,0.5,20,0.625,11,169.409,5.29403125,188891.9715009238,
2,2563,5817.242451,SGD,64,1.0,64,1.0,29,164.55,2.57109375,388939.53205712547,
2,2564,5817.468342,RF,16,0.05,1,0.0625,23,3083.909,192.7443125,5188.2205343932,
2,2565,5820.595482,NB,1,0.5,0,0.0,0,112.811,112.811,8864.383792360673,
2,2566,5820.785847,DT,32,0.05,1,0.03125,22,98.369,3.07403125,325305.7365633482,
2,2567,5820.940242,NB,8,0.5,4,0.5,26,113.087,14.135875,70741.99510111683,
2,2568,5821.112259,SGD,32,0.05,3,0.09375,7,162.675,5.08359375,196711.23405563238,
2,2569,5821.323325,AB,64,0.0,0,0.0,4,8377.373,130.896453125,7639.626407944353,
2,2570,5829.740958,AB,1,1.0,1,1.0,5,7638.058,7638.058,130.9233315588858,2.0
2,2571,5850.04348,SGD,8,0.05,0,0.0,13,156.763,19.595375,51032.450259308636,
2,2572,5850.276721,LoR,100,0.1,10,0.1,1,166.591,1.66591,600272.5237257715,
2,2573,5850.517268,GB,16,0.1,2,0.125,0,267.141,16.6963125,59893.464500020586,
2,2574,5850.831136,MLP,32,0.01,0,0.0,14,231.603,7.23759375,138167.46760620544,
2,2575,5851.104142,AB,8,0.05,0,0.0,25,7858.643,982.330375,1017.9874566130565,
2,2576,5859.042339,MLP,100,0.5,52,0.52,11,234.446,2.3444599999999998,426537.454253858,
2,2577,5859.336109,RF,100,0.01,0,0.0,0,3307.677,33.07677,30232.698053649132,
2,2578,5862.689576,SGD,16,0.01,0,0.0,19,167.289,10.4555625,95642.86952519293,
2,2579,5862.897713,GB,1,0.01,0,0.0,14,211.982,211.982,4717.381664480947,4.0
2,2580,5875.444552,GB,16,0.05,0,0.0,0,216.528,13.533,73893.44565137073,
2,2581,5875.699322,SGD,1,0.0,0,0.0,14,152.842,152.842,6542.704230512555,
2,2582,5876.005498,LoR,1,0.01,0,0.0,16,140.3,140.3,7127.5837491090515,
2,2583,5876.311967,LoR,32,0.1,1,0.03125,11,148.719,4.64746875,215170.89275748224,
2,2584,5876.515826,SGD,100,0.0,0,0.0,15,159.834,1.59834,625649.1109526133,
2,2585,5876.71766,NB,16,0.01,0,0.0,10,111.184,6.949,143905.5979277594,
2,2586,5876.895979,DT,64,0.1,7,0.109375,13,97.941,1.530328125,653454.6308491847,
2,2587,5877.032072,AB,16,0.0,0,0.0,23,7922.413,495.1508125,2019.5867092513356,
2,2588,5885.008675,DT,64,0.01,0,0.0,6,85.502,1.33596875,748520.5024443873,
2,2589,5885.130468,GB,1,0.0,0,0.0,9,195.258,195.258,5121.429083571479,4.0
2,2590,5897.657751,SGD,16,0.1,2,0.125,29,159.073,9.9420625,100582.7513154338,
2,2591,5897.874017,MLP,100,1.0,100,1.0,20,231.389,2.3138900000000002,432172.6616217711,
2,2592,5898.163027,GB,100,1.0,100,1.0,3,277.917,2.7791699999999997,359819.6583872164,
2,2593,5898.502881,GB,16,0.1,1,0.0625,18,221.317,13.8323125,72294.49161157977,
2,2594,5898.79273,LoR,64,0.05,4,0.0625,2,165.534,2.58646875,386627.5206302029,
2,2595,5899.000574,MLP,32,1.0,32,1.0,0,187.855,5.87046875,170344.1484123393,
2,2596,5899.240305,GB,64,0.01,0,0.0,16,246.651,3.853921875,259475.93968806125,
2,2597,5899.557877,DT,16,0.01,0,0.0,27,90.891,5.6806875,176035.03097116324,
2,2598,5899.689012,MLP,8,0.01,0,0.0,20,174.096,21.762,45951.65885488466,
2,2599,5899.903095,SGD,1,0.1,0,0.0,25,144.175,144.175,6936.01525923357,
2,2600,5900.192972,SGD,8,0.01,0,0.0,11,142.878,17.85975,55991.82519352175,
2,2601,5900.384602,RF,64,1.0,64,1.0,25,3177.809,49.653265625,20139.662264157472,
2,2602,5903.642897,NB,100,0.05,4,0.04,17,154.96,1.5496,645327.8265358802,
2,2603,5903.876335,GB,64,1.0,64,1.0,28,324.559,5.071234375,197190.64946589063,
2,2604,5904.284542,LoR,64,0.5,32,0.5,22,168.161,2.627515625,380587.65112005756,
2,2605,5904.495083,RF,16,0.1,0,0.0,13,3142.636,196.41475,5091.267330992199,
2,2606,5907.714413,NB,64,0.5,36,0.5625,17,138.601,2.165640625,461757.13017943595,
2,2607,5907.894616,NB,1,0.5,0,0.0,25,100.459,100.459,9954.309718392578,
2,2608,5908.039267,DT,1,0.0,0,0.0,10,87.016,87.016,11492.139376666359,16.0
2,2609,5908.309959,AB,1,0.0,0,0.0,12,7581.467,7581.467,131.9005939088042,2.0
2,2610,5928.463399,SGD,16,0.1,1,0.0625,25,158.21,9.888125,101131.40762277985,
2,2611,5928.666342,GB,32,1.0,32,1.0,28,227.744,7.117,140508.64128143882,
2,2612,5928.933782,NB,8,0.0,0,0.0,17,113.007,14.125875,70792.07482722308,
2,2613,5929.08511,GB,1,0.5,1,1.0,25,199.928,199.928,5001.800648233364,4.0
2,2614,5941.530462,MLP,1,0.1,0,0.0,6,173.686,173.686,5757.51643770943,
2,2615,5941.872304,RF,8,0.5,5,0.625,14,2949.274,368.65925,2712.5319654938808,
2,2616,5944.902367,DT,100,0.1,12,0.12,11,101.776,1.01776,982549.9135356076,
2,2617,5945.061991,DT,16,0.05,1,0.0625,10,86.846,5.427875,184234.16161941827,
2,2618,5945.220298,MLP,100,0.5,50,0.5,8,238.464,2.38464,419350.5099302201,
2,2619,5945.527521,RF,64,0.1,10,0.15625,8,3186.071,49.782359375,20087.436846197088,
2,2620,5948.75627,SGD,1,0.05,0,0.0,20,160.012,160.012,6249.531285153614,
2,2621,5949.104681,RF,100,0.05,4,0.04,28,3342.277,33.42277,29919.72239284775,
2,2622,5952.48926,SGD,1,0.01,0,0.0,24,159.756,159.756,6259.545807356219,
2,2623,5952.826367,LoR,64,0.5,32,0.5,28,159.197,2.487453125,402017.62596028816,
2,2624,5953.026255,GB,8,0.1,0,0.0,29,214.553,26.819125,37286.82423457141,
2,2625,5953.317972,NB,100,0.1,15,0.15,1,153.32,1.5332,652230.6287503261,
2,2626,5953.508541,DT,1,0.5,0,0.0,9,93.685,93.685,10674.067353364999,16.0
2,2627,5953.789499,MLP,16,1.0,16,1.0,20,184.394,11.524625,86770.71922079894,
2,2628,5954.023553,LoR,64,1.0,64,1.0,7,157.059,2.454046875,407490.1788499863,
2,2629,5954.22404,RF,32,0.0,0,0.0,23,3004.238,93.8824375,10651.619478882832,
2,2630,5957.295542,NB,32,0.1,7,0.21875,14,127.257,3.97678125,251459.64465608963,
2,2631,5957.489796,DT,64,0.1,6,0.09375,22,96.187,1.502921875,665370.5802239388,
2,2632,5957.627135,NB,32,0.0,0,0.0,25,118.704,3.7095,269578.1102574471,
2,2633,5957.783763,SGD,16,0.0,0,0.0,13,154.273,9.6420625,103712.25036137238,
2,2634,5957.980639,LoR,32,1.0,32,1.0,3,149.46,4.670625,214104.1081225746,
2,2635,5958.172046,DT,32,0.0,0,0.0,23,88.019,2.75059375,363557.8681875504,
2,2636,5958.326206,RF,64,0.1,11,0.171875,26,3163.077,49.423078125,20233.46254296054,
2,2637,5961.532513,LoR,16,0.0,0,0.0,5,162.189,10.1368125,98650.34003539081,
2,2638,5961.735161,SGD,16,0.0,0,0.0,12,151.009,9.4380625,105953.94976458358,
2,2639,5961.928905,RF,16,0.05,0,0.0,13,3007.826,187.989125,5319.456644101088,
2,2640,5964.976396,AB,1,0.0,0,0.0,8,7634.067,7634.067,130.99177672923227,2.0
2,2641,5985.330737,GB,16,0.05,2,0.125,6,230.438,14.402375,69432.99282236437,
2,2642,5985.602378,GB,16,0.0,0,0.0,15,215.299,13.4561875,74315.25459941755,
2,2643,5985.86812,NB,64,1.0,64,1.0,26,134.646,2.10384375,475320.4699731147,
2,2644,5986.041164,NB,1,0.5,0,0.0,6,99.562,99.562,10043.992687973323,
2,2645,5986.187199,NB,8,0.0,0,0.0,21,104.223,13.027875,76758.48900914386,
2,2646,5986.328276,AB,1,0.01,0,0.0,19,7606.418,7606.418,131.46792616445745,2.0
2,2647,6006.88287,RF,16,0.1,0,0.0,3,2976.239,186.0149375,5375.912351125027,
2,2648,6009.933131,AB,64,0.01,1,0.015625,28,8283.589,129.431078125,7726.1196807325905,
2,2649,6018.261942,MLP,16,0.01,0,0.0,10,190.359,11.8974375,84051.71281631023,
2,2650,6018.530891,AB,100,0.1,13,0.13,12,8607.533,86.07533,11617.730655229554,
2,2651,6027.183183,LoR,16,0.01,0,0.0,19,152.904,9.5565,104640.82038403182,
2,2652,6027.396094,GB,16,0.5,8,0.5,20,221.213,13.8258125,72328.4797909707,
2,2653,6027.660877,SGD,16,0.01,0,0.0,7,218.247,13.6404375,73311.43154315981,
2,2654,6027.922008,RF,32,0.0,0,0.0,4,3022.655,94.45796875,10586.71929148381,
2,2655,6031.006837,NB,8,0.5,3,0.375,6,118.537,14.817125,67489.4758598581,
2,2656,6031.162967,DT,8,1.0,8,1.0,22,89.225,11.153125,89660.96945923228,
2,2657,6031.29051,GB,1,0.1,0,0.0,20,204.549,204.549,4888.804149616962,4.0
2,2658,6043.869481,RF,100,1.0,100,1.0,17,3263.824,32.63824,30638.906999887247,
2,2659,6047.207372,SGD,64,0.5,33,0.515625,29,173.584,2.71225,368697.57581343903,
2,2660,6047.430674,NB,64,0.0,0,0.0,12,132.393,2.068640625,483409.2436911317,
2,2661,6047.623702,GB,32,0.5,14,0.4375,7,234.736,7.3355,136323.35900756594,
2,2662,6047.898685,LoR,1,0.5,1,1.0,29,189.541,189.541,5275.903366553938,
2,2663,6048.272637,GB,64,0.01,1,0.015625,18,244.688,3.82325,261557.57536127642,
2,2664,6048.57586,LoR,8,0.1,2,0.25,13,157.182,19.64775,50896.413075288525,
2,2665,6048.789972,RF,8,0.5,6,0.75,7,3065.397,383.174625,2609.7761562368596,
2,2666,6051.925444,RF,16,0.0,0,0.0,25,3320.594,207.537125,4818.415018517771,
2,2667,6055.342681,AB,64,0.5,39,0.609375,5,8367.674,130.74490625,7648.481525451397,
2,2668,6063.772953,RF,8,0.5,4,0.5,22,3029.331,378.666375,2640.847104525719,
2,2669,6066.875806,DT,64,0.05,5,0.078125,20,99.157,1.549328125,645441.0682049679,
2,2670,6067.01354,MLP,8,1.0,8,1.0,14,208.706,26.08825,38331.43273312698,
2,2671,6067.264139,LoR,8,0.01,0,0.0,25,154.896,19.362,51647.55707055057,
2,2672,6067.45933,DT,8,0.01,0,0.0,12,86.467,10.808375,92520.84610313762,
2,2673,6067.581461,AB,1,0.0,0,0.0,14,7687.263,7687.263,130.08531124796954,2.0
2,2674,6087.792309,RF,64,0.1,3,0.046875,9,3210.306,50.16103125,19935.794282538798,
2,2675,6091.057683,NB,64,1.0,64,1.0,28,147.636,2.3068125,433498.6046763662,
2,2676,6091.246392,NB,8,0.1,0,0.0,26,107.456,13.432,74449.07683144728,
2,2677,6091.394262,NB,1,0.05,0,0.0,6,97.997,97.997,10204.394012061593,
2,2678,6091.567297,RF,64,0.5,27,0.421875,2,3159.743,49.370984375,20254.81186286353,
2,2679,6094.772258,RF,16,0.01,0,0.0,23,2924.694,182.793375,5470.657785053752,
2,2680,6097.736608,MLP,1,0.0,0,0.0,21,180.477,180.477,5540.8722441086675,
2,2681,6098.07355,LoR,16,0.0,0,0.0,18,151.628,9.47675,105521.40765557814,
2,2682,6098.274808,RF,64,1.0,64,1.0,14,3086.998,48.23434375,20732.11579664127,
2,2683,6101.40513,AB,16,0.0,0,0.0,29,8301.385,518.8365625,1927.3892248100767,
2,2684,6109.780275,RF,64,0.05,2,0.03125,5,3198.94,49.9834375,20006.62719525843,
2,2685,6113.051518,AB,64,0.1,5,0.078125,19,8215.211,128.362671875,7790.426807053404,
2,2686,6121.3118,SGD,16,0.05,0,0.0,29,155.666,9.729125,102784.16609921242,
2,2687,6121.517301,RF,32,0.01,0,0.0,8,3065.338,95.7918125,10439.305551296464,
2,2688,6124.624782,SGD,8,1.0,8,1.0,4,163.892,20.4865,48812.63270934518,
2,2689,6124.827591,DT,1,1.0,1,1.0,10,87.214,87.214,11466.049028825648,4.0
2,2690,6125.113285,DT,32,0.01,0,0.0,16,91.33,2.8540625,350377.7510128107,
2,2691,6125.262424,MLP,16,0.5,8,0.5,14,189.741,11.8588125,84325.47525310818,
2,2692,6125.498311,SGD,32,0.01,0,0.0,28,152.204,4.756375,210244.1460145594,
2,2693,6125.709207,GB,100,1.0,100,1.0,0,312.726,3.12726,319768.7432448853,
2,2694,6126.088041,NB,32,0.1,1,0.03125,23,126.518,3.9536875,252928.43706033923,
2,2695,6126.262489,RF,64,1.0,64,1.0,12,3195.895,49.935859375,20025.68920443256,
2,2696,6129.52176,GB,16,0.1,5,0.3125,7,242.282,15.142625,66038.7482355272,
2,2697,6129.824068,GB,8,0.1,2,0.25,3,211.705,26.463125,37788.432016249026,
2,2698,6130.094412,NB,8,0.1,2,0.25,13,112.502,14.06275,71109.84693605447,
2,2699,6130.265663,NB,32,0.1,2,0.0625,24,115.752,3.61725,276453.1066417859,
2,2700,6130.417668,GB,1,0.01,0,0.0,15,203.843,203.843,4905.736277429198,4.0
2,2701,6143.054184,NB,1,0.05,0,0.0,24,104.321,104.321,9585.797682154122,
2,2702,6143.230727,DT,32,0.5,18,0.5625,4,91.457,2.85803125,349891.2057032267,
2,2703,6143.359959,MLP,1,0.05,0,0.0,12,168.969,168.969,5918.245358616077,
2,2704,6143.687516,SGD,32,0.05,0,0.0,2,151.31,4.7284375,211486.35252131385,
2,2705,6143.89631,GB,100,1.0,100,1.0,6,396.657,3.96657,252106.9841197811,
2,2706,6144.352362,MLP,8,0.5,7,0.875,14,260.233,32.529125,30741.68149312347,
2,2707,6144.673687,GB,16,0.0,0,0.0,3,314.156,19.63475,50930.11115496759,
2,2708,6145.091414,NB,64,0.5,25,0.390625,7,175.178,2.73715625,365342.6800168971,
2,2709,6145.374173,SGD,100,0.1,14,0.14,17,215.138,2.15138,464817.93081649917,
2,2710,6145.661414,MLP,32,0.0,0,0.0,19,234.78,7.336875,136297.81071641538,
2,2711,6145.96392,LoR,32,0.05,1,0.03125,6,162.92,5.09125,196415.41861036094,
2,2712,6146.167857,NB,1,0.05,0,0.0,3,109.082,109.082,9167.415338919345,
2,2713,6146.3299,GB,8,0.05,0,0.0,3,270.434,33.80425,29582.079176434912,
2,2714,6146.643555,GB,8,0.0,0,0.0,27,235.651,29.456375,33948.50859958158,
2,2715,6146.955252,RF,64,0.5,39,0.609375,29,3423.168,53.487,18696.131770336717,
2,2716,6150.420997,GB,1,0.0,0,0.0,23,241.456,241.456,4141.541316016169,4.0
2,2717,6163.306033,NB,1,0.05,0,0.0,11,110.625,110.625,9039.54802259887,
2,2718,6163.461697,RF,1,1.0,1,1.0,6,2935.781,2935.781,340.62486268560224,7.58
2,2719,6179.145672,RF,32,0.5,18,0.5625,12,3080.011,96.25034375,10389.573283991518,
2,2720,6182.310018,RF,100,0.01,2,0.02,26,3351.89,33.5189,29833.914597436076,
2,2721,6185.704227,SGD,1,0.01,0,0.0,25,172.539,172.539,5795.791096505718,
2,2722,6186.037214,NB,8,0.01,0,0.0,27,112.555,14.069375,71076.3626671405,
2,2723,6186.197665,MLP,64,0.0,0,0.0,29,227.134,3.54896875,281771.9936249087,
2,2724,6186.484035,MLP,8,0.01,1,0.125,25,176.446,22.05575,45339.65065799168,
2,2725,6186.722931,DT,32,0.1,5,0.15625,10,91.757,2.86740625,348747.23454341356,
2,2726,6186.874416,RF,32,0.05,1,0.03125,11,3006.87,93.9646875,10642.295809263454,
2,2727,6189.942697,AB,8,0.5,2,0.25,27,7905.675,988.209375,1011.9313025137005,
2,2728,6197.894559,NB,32,1.0,32,1.0,3,116.971,3.65534375,273572.08196903503,
2,2729,6198.051221,SGD,1,0.5,0,0.0,24,149.377,149.377,6694.471036371061,
2,2730,6198.369263,DT,32,0.01,1,0.03125,29,88.624,2.7695,361076.0064993681,
2,2731,6198.524587,SGD,64,0.01,2,0.03125,28,211.785,3.309140625,302193.26203461055,
2,2732,6198.794292,LoR,16,0.05,3,0.1875,22,148.416,9.276,107805.08840017249,
2,2733,6198.990251,AB,64,1.0,64,1.0,5,8438.079,131.844984375,7584.664708638068,
2,2734,6207.479497,NB,64,0.0,0,0.0,0,130.495,2.038984375,490440.24675274914,
2,2735,6207.66701,NB,8,0.1,2,0.25,27,103.311,12.913875,77436.091026125,
2,2736,6207.835076,RF,64,0.1,10,0.15625,2,3224.788,50.3873125,19846.265863058285,
2,2737,6211.120513,RF,100,0.0,0,0.0,6,3738.0,37.38,26752.273943285178,
2,2738,6214.944283,LoR,32,0.01,0,0.0,16,242.878,7.5899375,131753.390591161,
2,2739,6215.255003,GB,64,1.0,64,1.0,26,342.925,5.358203125,186629.72953269666,
2,2740,6215.664732,GB,32,1.0,32,1.0,17,308.894,9.6529375,103595.40813353448,
2,2741,6216.041102,MLP,100,0.0,0,0.0,0,324.883,3.24883,307803.1168143609,
2,2742,6216.438172,RF,32,0.5,19,0.59375,18,3443.06,107.595625,9294.058192421857,
2,2743,6219.959077,DT,16,1.0,16,1.0,8,135.112,8.4445,118420.2735508319,
2,2744,6220.152986,NB,64,0.0,0,0.0,10,158.281,2.473140625,404344.17270550475,
2,2745,6220.383739,GB,64,0.05,3,0.046875,0,305.139,4.767796875,209740.47892927486,
2,2746,6220.743495,LoR,64,0.0,0,0.0,8,194.432,3.038,329163.92363396974,
2,2747,6220.992139,MLP,32,1.0,32,1.0,18,216.829,6.77590625,147581.73491553252,
2,2748,6221.272637,NB,16,0.5,13,0.8125,26,117.192,7.3245,136528.09065465222,
2,2749,6221.427454,RF,8,1.0,8,1.0,21,3075.048,384.381,2601.5854061465056,
2,2750,6224.567741,LoR,16,0.5,9,0.5625,18,166.935,10.4334375,95845.688441609,
2,2751,6224.804689,NB,64,0.05,3,0.046875,25,135.682,2.12003125,471691.16021285066,
2,2752,6224.979229,RF,16,0.0,0,0.0,24,3227.332,201.70825,4957.655425596127,
2,2753,6228.323391,LoR,100,0.5,45,0.45,20,237.86,2.3786,420415.3703859413,
2,2754,6228.604733,SGD,1,0.0,0,0.0,11,171.892,171.892,5817.6064040211295,
2,2755,6229.048046,AB,64,0.5,32,0.5,12,8579.878,134.06059375,7459.313524038454,
2,2756,6237.707771,LoR,64,0.05,5,0.078125,8,170.678,2.66684375,374975.0993098115,
2,2757,6237.930327,RF,64,1.0,64,1.0,0,3287.738,51.37090625,19466.271339139555,
2,2758,6241.282933,AB,8,0.5,7,0.875,20,8121.296,1015.162,985.0644527671445,
2,2759,6249.493172,LoR,100,0.01,1,0.01,12,175.09,1.7509000000000001,571134.8449368896,
2,2760,6249.710259,SGD,16,0.0,0,0.0,20,152.212,9.51325,105116.54797256459,
2,2761,6249.924142,GB,16,0.1,1,0.0625,17,257.44,16.09,62150.40397762586,
2,2762,6250.221187,SGD,1,1.0,1,1.0,27,152.254,152.254,6567.971941623866,
2,2763,6250.551529,DT,32,0.1,1,0.03125,28,130.25,4.0703125,245681.38195777353,
2,2764,6250.75807,MLP,100,0.05,6,0.06,9,253.17,2.5317,394991.50768258487,
2,2765,6251.075004,RF,32,0.1,3,0.09375,6,3514.589,109.83090625,9104.905296181147,
2,2766,6254.676071,DT,16,0.5,9,0.5625,4,127.505,7.9690625,125485.27508725149,
2,2767,6254.844111,RF,1,0.0,0,0.0,21,3207.706,3207.706,311.74926879209005,9.93
2,2768,6271.962987,GB,16,1.0,16,1.0,11,279.781,17.4863125,57187.58600476801,
2,2769,6272.294253,LoR,16,0.01,0,0.0,14,185.827,11.6141875,86101.58911245405,
2,2770,6272.548511,NB,100,0.01,0,0.0,2,161.426,1.6142599999999998,619478.8943540694,
2,2771,6272.766353,RF,100,0.0,0,0.0,5,3535.484,35.354839999999996,28284.67050055947,
2,2772,6276.346936,SGD,8,0.01,0,0.0,15,170.933,21.366625,46801.963342362214,
2,2773,6276.562656,SGD,16,0.01,0,0.0,8,155.365,9.7103125,102983.2973964535,
2,2774,6276.769599,LoR,64,0.0,0,0.0,19,158.7,2.4796875,403276.6225582861,
2,2775,6276.970918,SGD,16,0.01,0,0.0,6,147.867,9.2416875,108205.34669669365,
2,2776,6277.178527,SGD,16,0.1,2,0.125,28,148.509,9.2818125,107737.57819391419,
2,2777,6277.363969,RF,1,0.0,0,0.0,0,3017.708,3017.708,331.3773234521034,12.72
2,2778,6293.491451,LoR,16,1.0,16,1.0,20,169.394,10.587125,94454.34903243325,
2,2779,6293.736329,GB,64,0.5,29,0.453125,8,306.316,4.7861875,208934.5643061414,
2,2780,6294.088882,MLP,16,0.05,0,0.0,5,216.124,13.50775,74031.57446650996,
2,2781,6294.350864,LoR,32,1.0,32,1.0,9,165.76,5.18,193050.19305019305,
2,2782,6294.60486,GB,100,0.01,0,0.0,23,296.404,2.96404,337377.3633284301,
2,2783,6294.941478,MLP,1,1.0,1,1.0,22,178.97,178.97,5587.52863608426,
2,2784,6295.314305,LoR,64,0.5,28,0.4375,13,162.44,2.538125,393991.62767791183,
2,2785,6295.540927,MLP,32,0.05,1,0.03125,22,192.058,6.0018125,166616.33464890815,
2,2786,6295.773627,NB,16,1.0,16,1.0,26,116.619,7.2886875,137198.91269861686,
2,2787,6295.941922,AB,64,0.0,0,0.0,27,8496.407,132.756359375,7532.595837275687,
2,2788,6304.481251,RF,1,0.01,0,0.0,12,3037.139,3037.139,329.2572384734449,12.14
2,2789,6320.727786,AB,100,1.0,100,1.0,7,9102.221,91.02221,10986.329600215156,
2,2790,6329.893773,AB,1,0.5,1,1.0,14,7784.17,7784.17,128.46584799663933,2.0
2,2791,6350.607554,DT,8,0.1,1,0.125,18,105.723,13.215375,75669.43805983561,
2,2792,6350.764618,MLP,64,1.0,64,1.0,28,252.59,3.94671875,253375.03464111802,
2,2793,6351.081584,RF,32,0.05,3,0.09375,4,3202.334,100.0729375,9992.711566001548,
2,2794,6354.327553,SGD,1,0.1,1,1.0,7,170.122,170.122,5878.134515230246,
2,2795,6354.704901,SGD,32,0.0,0,0.0,13,157.229,4.91340625,203524.79504417122,
2,2796,6354.932413,MLP,64,0.5,33,0.515625,29,214.731,3.355171875,298047.3243267158,
2,2797,6355.186832,GB,8,0.0,0,0.0,9,253.739,31.717375,31528.460347049528,
2,2798,6355.503261,GB,16,0.05,1,0.0625,13,221.434,13.839625,72256.2930715247,
2,2799,6355.76676,RF,8,0.05,0,0.0,19,3040.924,380.1155,2630.779328914501,
2,2800,6358.854119,MLP,16,0.01,0,0.0,13,194.829,12.1768125,82123.29786633406,
2,2801,6359.094338,GB,16,0.1,0,0.0,12,221.101,13.8188125,72365.11820389777,
2,2802,6359.387191,DT,64,0.1,10,0.15625,24,97.095,1.517109375,659148.2568618363,
2,2803,6359.545289,AB,32,0.05,3,0.09375,29,8219.518,256.8599375,3893.1723247032246,
2,2804,6367.83866,SGD,64,0.05,4,0.0625,11,164.17,2.56515625,389839.80020710244,
2,2805,6368.04393,SGD,1,0.05,0,0.0,0,144.486,144.486,6921.085779937157,
2,2806,6368.341802,MLP,8,0.01,0,0.0,22,170.393,21.299125,46950.2855164238,
2,2807,6368.591798,DT,100,0.01,2,0.02,23,96.163,0.96163,1039901.0014246644,
2,2808,6368.748863,MLP,32,0.05,1,0.03125,21,188.492,5.890375,169768.4782378032,
2,2809,6368.978239,MLP,16,0.0,0,0.0,26,173.005,10.8128125,92482.87621745036,
2,2810,6369.228006,LoR,100,0.05,4,0.04,10,168.545,1.68545,593313.3584502656,
2,2811,6369.432833,AB,1,1.0,1,1.0,27,7773.922,7773.922,128.63519855228802,2.0
2,2812,6390.078257,RF,64,0.01,2,0.03125,4,3303.117,51.611203125,19375.63822292701,
2,2813,6393.446228,AB,16,0.5,8,0.5,17,8077.024,504.814,1980.9276287900097,
2,2814,6401.565434,LoR,8,0.0,0,0.0,23,150.426,18.80325,53182.29561379017,
2,2815,6401.760439,DT,16,0.05,0,0.0,18,86.003,5.3751875,186040.02185970257,
2,2816,6401.906745,LoR,100,0.01,0,0.0,9,166.243,1.6624299999999999,601529.086938999,
2,2817,6402.150798,AB,100,0.1,15,0.15,29,8825.027,88.25027,11331.410090869977,
2,2818,6411.044502,DT,32,0.1,2,0.0625,15,85.727,2.67896875,373277.96376870765,
2,2819,6411.20891,NB,100,0.01,3,0.03,26,155.914,1.55914,641379.221878728,
2,2820,6411.41239,AB,64,0.0,0,0.0,6,8374.388,130.8498125,7642.349506614692,
2,2821,6419.828027,RF,8,0.0,0,0.0,21,3029.078,378.63475,2641.0676780195163,
2,2822,6422.932127,SGD,64,0.5,31,0.484375,2,178.346,2.78665625,358853.0160474583,
2,2823,6423.180729,LoR,64,0.1,5,0.078125,8,164.497,2.570265625,389064.8461674073,
2,2824,6423.394217,RF,64,0.0,0,0.0,28,3292.835,51.450546875,19436.139375340703,
2,2825,6426.730227,NB,1,0.1,1,1.0,28,113.03,113.03,8847.208705653366,
2,2826,6426.917785,RF,32,0.5,18,0.5625,6,3106.12,97.06625,10302.242025420783,
2,2827,6430.07111,DT,16,0.05,0,0.0,27,95.542,5.971375,167465.61721546543,
2,2828,6430.204914,AB,1,0.0,0,0.0,4,7800.837,7800.837,128.19137228479457,2.0
2,2829,6451.305088,RF,32,1.0,32,1.0,12,3132.238,97.8824375,10216.33732813407,
2,2830,6454.50869,NB,16,0.5,6,0.375,13,174.676,10.91725,91598.15887700657,
2,2831,6454.727712,MLP,32,1.0,32,1.0,4,232.602,7.2688125,137574.05353350358,
2,2832,6455.013731,NB,64,1.0,64,1.0,14,133.134,2.08021875,480718.67441825534,
2,2833,6455.205162,NB,16,0.5,5,0.3125,24,110.354,6.897125,144987.94787683274,
2,2834,6455.365133,SGD,64,0.01,0,0.0,1,172.869,2.701078125,370222.53845397383,
2,2835,6455.578042,DT,1,0.1,0,0.0,23,89.173,89.173,11214.156751483071,16.0
2,2836,6455.859673,SGD,8,0.01,0,0.0,20,157.483,19.685375,50799.13387476743,
2,2837,6456.099485,SGD,100,0.01,1,0.01,27,169.267,1.69267,590782.6097231002,
2,2838,6456.33675,DT,64,0.01,2,0.03125,18,94.152,1.471125,679751.8905599456,
2,2839,6456.486125,AB,8,0.5,5,0.625,13,8058.206,1007.27575,992.7768041670813,
2,2840,6464.587014,SGD,1,0.05,0,0.0,10,149.632,149.632,6683.0624465355,
2,2841,6464.890004,LoR,1,0.1,0,0.0,16,142.516,142.516,7016.756013359904,
2,2842,6465.183072,MLP,8,0.01,0,0.0,13,173.836,21.7295,46020.38703145493,
2,2843,6465.421522,GB,32,0.1,6,0.1875,18,272.625,8.51953125,117377.34983952316,
2,2844,6465.733517,RF,1,1.0,1,1.0,4,2988.699,2988.699,334.59374798198144,7.49
2,2845,6481.698406,SGD,32,0.0,0,0.0,12,166.156,5.192375,192590.0960543104,
2,2846,6481.924271,GB,8,0.5,6,0.75,0,236.213,29.526625,33867.73801611258,
2,2847,6482.201067,AB,8,1.0,8,1.0,25,8028.642,1003.58025,996.4325224614574,
2,2848,6490.271933,LoR,1,0.1,0,0.0,18,148.56,148.56,6731.287022078622,
2,2849,6490.58545,DT,64,0.01,0,0.0,9,130.976,2.0465,488639.1399951136,
2,2850,6490.775812,MLP,100,1.0,100,1.0,23,237.017,2.37017,421910.66463587,
2,2851,6491.054151,LoR,16,1.0,16,1.0,13,148.314,9.269625,107879.22920290734,
2,2852,6491.262236,GB,16,0.05,1,0.0625,18,217.524,13.59525,73555.1019657601,
2,2853,6491.539054,AB,8,0.1,3,0.375,26,7978.131,997.266375,1002.7411181892099,
2,2854,6499.591228,SGD,64,0.1,5,0.078125,6,164.911,2.576734375,388088.1202588063,
2,2855,6499.796929,AB,1,0.1,0,0.0,22,7898.498,7898.498,126.60634971357847,2.0
2,2856,6520.874527,LoR,100,0.5,41,0.41,12,195.907,1.95907,510446.28318538895,
2,2857,6521.110388,NB,1,1.0,1,1.0,3,110.044,110.044,9087.274181236597,
2,2858,6521.272415,NB,8,0.05,0,0.0,0,107.133,13.391625,74673.53663203682,
2,2859,6521.437718,MLP,100,0.01,0,0.0,0,253.886,2.53886,393877.56709704356,
2,2860,6521.732226,SGD,1,0.01,0,0.0,7,150.364,150.364,6650.528051927323,
2,2861,6522.037919,SGD,16,1.0,16,1.0,27,150.041,9.3775625,106637.51907811865,
2,2862,6522.258445,MLP,64,0.5,30,0.46875,12,216.66,3.3853125,295393.70442167454,
2,2863,6522.535004,AB,16,0.1,3,0.1875,11,8141.154,508.822125,1965.3233435947777,
2,2864,6530.739567,MLP,16,0.05,2,0.125,9,181.474,11.342125,88166.89994158944,
2,2865,6530.984928,NB,32,0.5,17,0.53125,23,120.812,3.775375,264874.3502301096,
2,2866,6531.163638,LoR,100,0.01,0,0.0,19,168.266,1.6826599999999998,594297.1247905103,
2,2867,6531.399915,LoR,32,0.1,2,0.0625,12,151.629,4.73840625,211041.42347440135,
2,2868,6531.61847,AB,64,0.1,10,0.15625,2,8458.422,132.16284375,7566.423146066724,
2,2869,6540.149535,GB,64,0.1,8,0.125,21,286.854,4.48209375,223110.01415354153,
2,2870,6540.51536,LoR,100,0.5,53,0.53,23,178.081,1.7808099999999998,561542.219551777,
2,2871,6540.752362,LoR,8,0.5,3,0.375,17,150.909,18.863625,53012.080127759116,
2,2872,6540.971586,DT,64,0.1,9,0.140625,19,94.919,1.483109375,674259.1051317439,
2,2873,6541.122499,RF,8,0.05,1,0.125,20,3124.081,390.510125,2560.753066261726,
2,2874,6544.306431,MLP,100,0.0,0,0.0,23,252.641,2.52641,395818.5725990635,
2,2875,6544.601881,MLP,1,0.05,0,0.0,2,168.221,168.221,5944.56102389119,
2,2876,6544.944689,LoR,100,0.0,0,0.0,10,166.492,1.66492,600629.4596737381,
2,2877,6545.149358,LoR,1,1.0,1,1.0,28,143.602,143.602,6963.691313491456,
2,2878,6545.459584,GB,64,0.01,0,0.0,12,273.414,4.27209375,234077.26012567023,
2,2879,6545.777163,DT,8,0.05,0,0.0,6,93.909,11.738625,85188.8530385799,
2,2880,6545.947673,LoR,100,0.1,11,0.11,0,174.597,1.74597,572747.5271625514,
2,2881,6546.191341,SGD,64,0.05,4,0.0625,1,163.748,2.5585625,390844.4683293842,
2,2882,6546.423344,RF,64,0.05,1,0.015625,28,3337.232,52.14425,19177.56991422832,
2,2883,6549.828974,AB,32,0.1,2,0.0625,5,8200.873,256.27728125,3902.023601633631,
2,2884,6558.104271,AB,64,0.1,6,0.09375,3,8437.564,131.8369375,7585.127650587302,
2,2885,6566.643975,SGD,16,0.05,1,0.0625,21,230.06,14.37875,69547.07467617144,
2,2886,6566.930654,AB,16,1.0,16,1.0,14,8416.687,526.0429375,1900.9855065300635,
2,2887,6575.435967,DT,8,0.5,5,0.625,10,85.285,10.660625,93803.13067948644,
2,2888,6575.582061,AB,16,0.5,5,0.3125,7,8405.972,525.37325,1903.4086718347385,
2,2889,6584.07046,RF,16,0.1,1,0.0625,12,3150.382,196.898875,5078.74918025814,
2,2890,6587.270545,SGD,16,0.05,0,0.0,8,190.192,11.887,84125.51526878102,
2,2891,6587.503445,SGD,16,0.0,0,0.0,9,156.937,9.8085625,101951.73859574224,
2,2892,6587.743911,SGD,100,0.1,18,0.18,9,170.4,1.704,586854.4600938967,
2,2893,6587.973584,AB,8,0.5,3,0.375,7,8059.702,1007.46275,992.5925300960258,
2,2894,6596.093221,MLP,100,0.0,0,0.0,28,256.805,2.56805,389400.5179026888,
2,2895,6596.422499,MLP,64,0.5,29,0.453125,16,210.778,3.29340625,303637.00196415186,
2,2896,6596.712053,RF,100,0.1,7,0.07,15,3502.621,35.02621,28550.048663557947,
2,2897,6600.269094,DT,64,1.0,64,1.0,6,100.243,1.566296875,638448.5699749609,
2,2898,6600.4373,NB,32,0.1,1,0.03125,5,133.845,4.18265625,239082.52082632895,
2,2899,6600.611597,RF,8,0.01,0,0.0,28,3124.805,390.600625,2560.1597539686477,
2,2900,6603.781666,MLP,8,0.01,0,0.0,0,191.55,23.94375,41764.552336204644,
2,2901,6604.054064,GB,100,0.05,6,0.06,20,326.135,3.2613499999999997,306621.4911003112,
2,2902,6604.445793,AB,32,0.05,5,0.15625,3,8314.467,259.82709375,3848.713333037463,
2,2903,6612.821182,MLP,100,1.0,100,1.0,4,238.137,2.38137,419926.34491910116,
2,2904,6613.126272,DT,32,0.5,14,0.4375,7,91.503,2.85946875,349715.30988055037,
2,2905,6613.257308,GB,16,1.0,16,1.0,2,239.053,14.9408125,66930.76430749666,
2,2906,6613.555766,MLP,8,0.5,6,0.75,2,185.537,23.192125,43118.08426351617,
2,2907,6613.815714,GB,64,0.1,6,0.09375,11,257.063,4.016609375,248966.20672753372,
2,2908,6614.127264,AB,64,0.05,0,0.0,14,8480.631,132.509859375,7546.608265351953,
2,2909,6622.68917,LoR,32,0.05,1,0.03125,1,160.985,5.03078125,198776.28350467433,
2,2910,6622.92181,DT,64,0.05,1,0.015625,25,92.958,1.45246875,688482.970804019,
2,2911,6623.053784,MLP,16,0.0,0,0.0,27,180.502,11.281375,88641.67710053074,
2,2912,6623.273883,AB,8,0.0,0,0.0,28,7984.55,998.06875,1001.9349869435347,
2,2913,6631.320354,RF,8,0.1,2,0.25,13,3010.542,376.31775,2657.3288132170223,
2,2914,6634.373331,GB,8,0.0,0,0.0,16,268.154,33.51925,29833.603078827837,
2,2915,6634.687835,LoR,16,0.01,0,0.0,28,159.969,9.9980625,100019.37875463371,
2,2916,6634.888642,AB,1,0.1,0,0.0,17,7807.842,7807.842,128.07636220097692,2.0
2,2917,6655.487943,NB,32,0.0,0,0.0,9,129.151,4.03596875,247771.9878282011,
2,2918,6655.666298,RF,64,1.0,64,1.0,26,3213.337,50.208390625,19916.98972127729,
2,2919,6658.948521,AB,32,0.1,3,0.09375,4,8192.338,256.0105625,3906.088835690129,
2,2920,6667.215554,RF,64,0.05,6,0.09375,9,3261.678,50.96371875,19621.80202950751,
2,2921,6670.519852,DT,8,0.0,0,0.0,26,97.846,12.23075,81761.13484455163,
2,2922,6670.682065,LoR,32,0.5,16,0.5,19,165.579,5.17434375,193261.2227395986,
2,2923,6670.907959,MLP,16,0.1,2,0.125,19,187.471,11.7169375,85346.53359719637,
2,2924,6671.158078,SGD,32,0.05,2,0.0625,4,158.737,4.96053125,201591.31141447806,
2,2925,6671.375784,NB,16,0.1,1,0.0625,9,114.599,7.1624375,139617.27414724385,
2,2926,6671.56406,NB,100,0.1,4,0.04,8,146.509,1.4650899999999998,682551.9251377049,
2,2927,6671.772658,LoR,32,0.1,4,0.125,8,159.75,4.9921875,200312.9890453834,
2,2928,6671.973939,SGD,32,0.0,0,0.0,24,154.155,4.81734375,207583.27657228115,
2,2929,6672.167112,AB,1,0.05,0,0.0,6,7776.152,7776.152,128.59830929230807,2.0
2,2930,6693.280439,MLP,32,0.1,5,0.15625,8,235.125,7.34765625,136097.82030834662,
2,2931,6693.570057,DT,64,0.0,0,0.0,9,100.287,1.566984375,638168.4565297596,
2,2932,6693.709983,SGD,1,0.5,1,1.0,23,158.078,158.078,6325.9909664849,
2,2933,6694.048677,AB,8,0.05,1,0.125,7,8058.028,1007.2535,992.7987343801734,
2,2934,6702.158539,RF,16,0.0,0,0.0,22,3212.829,200.8018125,4980.034729517195,
2,2935,6705.442506,MLP,16,0.1,1,0.0625,4,220.96,13.81,72411.2961622013,
2,2936,6705.705367,MLP,1,0.01,0,0.0,14,169.699,169.699,5892.78663987413,
2,2937,6706.034304,AB,8,0.01,0,0.0,6,8100.791,1012.598875,987.5578816932815,
2,2938,6714.211771,RF,64,0.1,7,0.109375,23,3336.86,52.1384375,19179.70786907452,
2,2939,6717.592784,RF,16,1.0,16,1.0,5,3023.461,188.9663125,5291.9485318315665,
2,2940,6720.682179,DT,16,0.1,1,0.0625,7,95.226,5.951625,168021.33871001616,
2,2941,6720.819677,GB,32,0.0,0,0.0,29,273.988,8.562125,116793.43620888506,
2,2942,6721.153915,SGD,8,0.5,4,0.5,18,167.515,20.939375,47756.91729098887,
2,2943,6721.35913,GB,1,0.0,0,0.0,29,209.575,209.575,4771.561493498748,4.0
2,2944,6734.208353,AB,32,0.01,0,0.0,18,8150.475,254.70234375,3926.15154331496,
2,2945,6742.415055,DT,64,0.05,0,0.0,1,87.697,1.370265625,729785.5114770174,
2,2946,6742.548874,SGD,32,0.01,0,0.0,29,165.311,5.16596875,193574.53526988524,
2,2947,6742.756731,LoR,8,1.0,8,1.0,3,148.249,18.531125,53963.26450768639,
2,2948,6742.963855,GB,100,0.0,0,0.0,14,273.217,2.73217,366009.43572325294,
2,2949,6743.29045,RF,64,1.0,64,1.0,13,3150.361,49.224390625,20315.132138824727,
2,2950,6746.48542,DT,8,0.5,8,1.0,28,99.996,12.4995,80003.20012800512,
2,2951,6746.687053,GB,32,0.5,15,0.46875,25,241.835,7.55734375,132321.62424793764,
2,2952,6747.000965,DT,64,0.05,2,0.03125,6,97.059,1.516546875,659392.7404980476,
2,2953,6747.155206,AB,100,0.0,0,0.0,23,8720.921,87.20921,11466.678806057296,
2,2954,6755.958786,DT,100,0.5,42,0.42,17,91.896,0.91896,1088186.645773483,
2,2955,6756.105283,AB,100,0.0,0,0.0,22,8688.002,86.88002,11510.126263783088,
2,2956,6764.838867,LoR,32,0.0,0,0.0,23,161.056,5.033,198688.65487780646,
2,2957,6765.040956,DT,1,1.0,1,1.0,12,82.843,82.843,12071.025916492643,4.0
2,2958,6765.330609,DT,16,0.5,10,0.625,27,88.373,5.5233125,181050.77342627273,
2,2959,6765.456878,NB,8,1.0,8,1.0,6,117.443,14.680375,68118.15093279292,
2,2960,6765.631811,AB,16,0.1,3,0.1875,23,8072.335,504.5209375,1982.0782958090813,
2,2961,6773.74634,MLP,1,0.5,0,0.0,6,172.685,172.685,5790.890928569361,
2,2962,6774.103025,MLP,64,0.5,25,0.390625,22,217.571,3.399546875,294156.8499478331,
2,2963,6774.364394,DT,16,0.05,0,0.0,19,88.695,5.5434375,180393.48328541633,
2,2964,6774.489251,MLP,1,0.0,0,0.0,28,198.134,198.134,5047.089343575561,
2,2965,6774.8641,MLP,32,0.05,1,0.03125,27,185.074,5.7835625,172903.8114483936,
2,2966,6775.106572,SGD,100,0.0,0,0.0,13,164.999,1.6499899999999998,606064.2791774495,
2,2967,6775.347525,LoR,100,0.5,47,0.47,1,162.101,1.62101,616899.340534605,
2,2968,6775.547467,RF,8,1.0,8,1.0,28,3001.003,375.125375,2665.775409088228,
2,2969,6778.634886,AB,100,0.5,52,0.52,11,8778.172,87.78172,11391.893437494731,
2,2970,6787.487044,MLP,64,0.05,7,0.109375,9,216.928,3.3895,295028.7653046172,
2,2971,6787.76536,DT,8,0.01,1,0.125,6,88.841,11.105125,90048.5136367218,
2,2972,6787.892849,LoR,1,0.05,0,0.0,20,148.449,148.449,6736.320217717869,
2,2973,6788.209658,LoR,16,0.05,3,0.1875,23,150.427,9.4016875,106363.8841431392,
2,2974,6788.418328,SGD,16,0.05,3,0.1875,6,149.043,9.3151875,107351.56968123293,
2,2975,6788.629738,NB,32,0.05,1,0.03125,13,121.526,3.7976875,263318.13768247125,
2,2976,6788.788953,GB,1,0.01,0,0.0,1,211.941,211.941,4718.294242265536,4.0
2,2977,6801.597848,AB,64,0.0,0,0.0,1,8501.043,132.828796875,7528.487974946133,
2,2978,6810.145644,LoR,32,0.0,0,0.0,13,156.829,4.90090625,204043.89494289958,
2,2979,6810.343959,MLP,1,0.5,0,0.0,23,163.604,163.604,6112.31999217623,
2,2980,6810.689143,NB,1,0.0,0,0.0,28,102.407,102.407,9764.957473610202,
2,2981,6810.877585,AB,100,0.01,2,0.02,2,8701.741,87.01741,11491.953162016658,
2,2982,6819.659765,AB,100,0.1,7,0.07,14,8659.935,86.59935,11547.430783256457,
2,2983,6828.378554,RF,100,0.0,0,0.0,12,3496.674,34.96674,28598.605417605417,
2,2984,6831.915841,RF,1,0.0,0,0.0,20,2908.273,2908.273,343.8466746416172,9.99
2,2985,6847.555916,NB,1,0.0,0,0.0,10,105.119,105.119,9513.028091971955,
2,2986,6847.705967,NB,1,0.0,0,0.0,20,96.248,96.248,10389.826282104563,
2,2987,6847.849762,LoR,1,0.5,0,0.0,16,148.146,148.146,6750.097876419209,
2,2988,6848.167522,DT,16,0.1,1,0.0625,5,87.645,5.4778125,182554.6237663301,
2,2989,6848.31549,NB,32,0.5,13,0.40625,1,118.775,3.71171875,269416.96484950534,
2,2990,6848.489514,RF,16,0.5,11,0.6875,18,3000.511,187.5319375,5332.425043600907,
2,2991,6851.529743,AB,1,1.0,1,1.0,14,7610.776,7610.776,131.39264642659305,2.0
2,2992,6871.689216,SGD,32,0.05,2,0.0625,17,162.969,5.09278125,196356.36225294383,
2,2993,6871.928985,GB,100,0.5,46,0.46,3,308.208,3.0820800000000004,324456.21138971084,
2,2994,6872.295834,MLP,8,0.5,4,0.5,7,187.668,23.4585,42628.471556152355,
2,2995,6872.523175,SGD,1,0.5,1,1.0,28,146.842,146.842,6810.040724043529,
2,2996,6872.823968,AB,32,1.0,32,1.0,26,8008.178,250.2555625,3995.9151757116288,
2,2997,6880.9046,SGD,64,0.5,32,0.5,22,161.595,2.524921875,396051.85804016213,
2,2998,6881.123736,GB,100,0.0,0,0.0,24,282.293,2.82293,354241.8692634957,
2,2999,6881.477086,MLP,64,0.5,29,0.453125,8,221.291,3.457671875,289211.94264565664,
2,3000,6881.741184,NB,16,0.01,0,0.0,18,114.371,7.1481875,139895.60290633116,
2,3001,6881.89337,MLP,1,0.1,0,0.0,3,164.003,164.003,6097.449436900545,
2,3002,6882.231703,GB,64,0.05,4,0.0625,8,244.67,3.82296875,261576.8177545265,
2,3003,6882.536287,AB,16,0.05,2,0.125,28,7841.184,490.074,2040.5081681541972,
2,3004,6890.422597,MLP,32,1.0,32,1.0,27,223.7,6.990625,143048.72597228433,
2,3005,6890.716307,LoR,64,0.5,35,0.546875,10,156.826,2.45040625,408095.59639345517,
2,3006,6890.915236,MLP,32,1.0,32,1.0,13,179.911,5.62221875,177865.72249612308,
2,3007,6891.137953,LoR,1,0.1,0,0.0,10,140.702,140.702,7107.2195135818965,
2,3008,6891.439861,AB,100,1.0,100,1.0,11,8440.018,84.40018,11848.315963307186,
2,3009,6899.930633,GB,64,1.0,64,1.0,23,244.898,3.82653125,261333.28977778504,
2,3010,6900.229138,NB,64,0.01,0,0.0,14,136.124,2.1269375,470159.560400811,
2,3011,6900.423097,MLP,16,0.05,2,0.125,29,184.205,11.5128125,86859.74864960233,
2,3012,6900.665524,RF,16,0.5,7,0.4375,1,3062.742,191.421375,5224.07698722256,
2,3013,6903.77631,NB,32,0.01,0,0.0,7,128.092,4.002875,249820.44155763043,
2,3014,6903.963815,RF,16,0.1,1,0.0625,8,3101.193,193.8245625,5159.304822369972,
2,3015,6907.140542,AB,64,0.5,35,0.546875,15,8377.867,130.904171875,7639.175938219119,
2,3016,6915.566631,LoR,32,0.01,0,0.0,15,154.065,4.81453125,207704.54029143543,
2,3017,6915.761056,MLP,1,0.01,0,0.0,6,161.482,161.482,6192.640665832724,
2,3018,6916.089239,SGD,16,0.05,1,0.0625,3,148.335,9.2709375,107863.95658475747,
2,3019,6916.283023,GB,32,0.01,0,0.0,2,228.005,7.12515625,140347.79939036426,
2,3020,6916.549286,LoR,1,0.0,0,0.0,4,148.147,148.147,6750.052312905425,
2,3021,6916.871257,NB,64,0.1,8,0.125,16,129.417,2.022140625,494525.44874320994,
2,3022,6917.036087,RF,1,0.0,0,0.0,6,3008.593,3008.593,332.3812825463597,11.02
2,3023,6932.789296,AB,8,0.01,1,0.125,29,7827.041,978.380125,1022.0976228436774,
2,3024,6940.661298,NB,16,0.05,0,0.0,27,111.903,6.9939375,142980.97459406807,
2,3025,6940.811694,LoR,8,1.0,8,1.0,9,148.177,18.522125,53989.48554768959,
2,3026,6940.999295,AB,1,0.05,0,0.0,20,7590.59,7590.59,131.74206484607916,2.0
2,3027,6961.173664,AB,1,0.5,0,0.0,21,7668.775,7668.775,130.3989229048968,2.0
2,3028,6981.488284,RF,32,0.5,15,0.46875,5,3099.687,96.86521875,10323.622998063998,
2,3029,6984.628457,AB,1,0.0,0,0.0,24,7592.72,7592.72,131.7051069972289,2.0
2,3030,7004.865149,LoR,8,0.01,0,0.0,10,202.375,25.296875,39530.57442865967,
2,3031,7005.106419,SGD,1,0.0,0,0.0,16,159.542,159.542,6267.941983928997,
2,3032,7005.423005,DT,32,0.05,0,0.0,1,89.628,2.800875,357031.2848663364,
2,3033,7005.556943,LoR,32,0.05,0,0.0,2,151.734,4.7416875,210895.38270921478,
2,3034,7005.784711,RF,100,0.5,55,0.55,17,3594.73,35.9473,27818.50097225661,
2,3035,7009.425481,SGD,16,0.01,0,0.0,28,164.905,10.3065625,97025.56017100754,
2,3036,7009.632612,SGD,8,0.01,0,0.0,23,150.557,18.819625,53136.02157322476,
2,3037,7009.859536,RF,64,0.5,24,0.375,6,3189.196,49.8311875,20067.75375361063,
2,3038,7013.121747,MLP,64,0.5,30,0.46875,2,230.57,3.60265625,277572.9713319166,
2,3039,7013.390703,SGD,1,0.0,0,0.0,19,148.949,148.949,6713.707376350294,
2,3040,7013.683602,SGD,1,0.0,0,0.0,13,157.629,157.629,6344.010302672732,
2,3041,7014.026312,LoR,64,0.5,32,0.5,23,156.364,2.4431875,409301.3737177355,
2,3042,7014.241139,LoR,16,0.5,10,0.625,25,144.266,9.016625,110906.24263513234,
2,3043,7014.426881,NB,32,1.0,32,1.0,27,118.406,3.7001875,270256.5748357347,
2,3044,7014.602482,SGD,1,1.0,1,1.0,23,156.147,156.147,6404.221662920198,
2,3045,7014.910706,GB,32,0.01,0,0.0,20,244.76,7.64875,130740.31704526884,
2,3046,7015.199512,NB,32,0.0,0,0.0,26,121.365,3.79265625,263667.4494294072,
2,3047,7015.387552,MLP,64,0.1,2,0.03125,10,214.443,3.350671875,298447.6061237718,
2,3048,7015.641462,NB,1,0.01,0,0.0,13,99.591,99.591,10041.067967989076,
2,3049,7015.78554,NB,1,1.0,1,1.0,20,94.867,94.867,10541.0732920826,
2,3050,7015.924149,DT,1,0.01,0,0.0,0,85.772,85.772,11658.81639695938,16.0
2,3051,7016.194633,LoR,1,0.05,0,0.0,16,148.509,148.509,6733.598637119637,
2,3052,7016.526661,MLP,100,0.05,2,0.02,6,228.073,2.28073,438456.10835127346,
2,3053,7016.83283,RF,100,0.01,3,0.03,8,3427.205,34.27205,29178.29543315909,
2,3054,7020.340636,RF,100,0.05,1,0.01,16,3340.568,33.405680000000004,29935.02901303012,
2,3055,7023.724004,RF,1,0.5,1,1.0,26,2873.687,2873.687,347.9850101977007,7.49
2,3056,7039.345014,SGD,100,1.0,100,1.0,25,228.402,2.28402,437824.5374383762,
2,3057,7039.618084,GB,16,0.01,0,0.0,13,234.35,14.646875,68273.94922125027,
2,3058,7039.910376,NB,100,0.0,0,0.0,11,149.811,1.49811,667507.7264019331,
2,3059,7040.121278,SGD,32,0.1,5,0.15625,24,161.149,5.03590625,198573.99053050284,
2,3060,7040.321994,LoR,16,0.0,0,0.0,2,148.835,9.3021875,107501.59572681156,
2,3061,7040.538053,SGD,64,0.5,22,0.34375,12,157.406,2.45946875,406591.8707037851,
2,3062,7040.731243,SGD,1,0.0,0,0.0,0,140.222,140.222,7131.548544450941,
2,3063,7041.05225,AB,100,0.1,10,0.1,7,8639.364,86.39363999999999,11574.926117246594,
2,3064,7049.736721,AB,32,1.0,32,1.0,22,8035.309,251.10340625,3982.4230779426152,
2,3065,7057.815522,DT,8,0.01,0,0.0,3,78.922,9.86525,101365.90557765895,
2,3066,7057.969749,AB,100,0.05,7,0.07,18,8445.799,84.45799000000001,11840.20600064008,
2,3067,7066.477956,AB,16,0.05,1,0.0625,11,7826.135,489.1334375,2044.4318939042068,
2,3068,7074.370024,NB,32,0.05,4,0.125,27,118.559,3.70496875,269907.8096137788,
2,3069,7074.548941,DT,32,0.1,4,0.125,8,94.257,2.94553125,339497.33176315814,
2,3070,7074.697619,AB,8,0.1,1,0.125,8,7781.496,972.687,1028.0799476090458,
2,3071,7082.540637,DT,8,0.1,1,0.125,27,85.048,10.631,94064.52826639074,
2,3072,7082.661477,GB,1,1.0,1,1.0,24,203.006,203.006,4925.962779425238,3.99
2,3073,7095.305539,NB,1,0.1,0,0.0,15,111.552,111.552,8964.429145152037,
2,3074,7095.47027,AB,16,0.0,0,0.0,7,8252.667,515.7916875,1938.7671888372572,
2,3075,7103.827817,RF,64,1.0,64,1.0,23,3361.075,52.516796875,19041.526892437687,
2,3076,7107.239183,DT,32,1.0,32,1.0,2,100.129,3.12903125,319587.7318259445,
2,3077,7107.3939,GB,64,0.01,0,0.0,15,346.676,5.4168125,184610.41433499867,
2,3078,7107.784324,RF,8,0.1,0,0.0,29,3022.193,377.774125,2647.0844185000756,
2,3079,7110.874392,MLP,32,0.01,2,0.0625,22,235.043,7.34509375,136145.3010725697,
2,3080,7111.168559,GB,8,0.05,1,0.125,23,228.755,28.594375,34971.91318222553,
2,3081,7111.455087,RF,8,0.05,2,0.25,10,2932.745,366.593125,2727.819841138592,
2,3082,7114.451341,GB,16,0.1,2,0.125,13,282.436,17.65225,56650.00212437508,
2,3083,7114.814092,GB,100,0.01,1,0.01,19,273.873,2.73873,365132.74400908453,
2,3084,7115.135254,RF,32,0.05,0,0.0,29,3042.619,95.08184375,10517.255035875343,
2,3085,7118.220056,RF,1,0.01,0,0.0,24,2907.486,2907.486,343.93974725931616,9.99
2,3086,7133.945568,RF,64,1.0,64,1.0,2,3102.211,48.472046875,20630.447123035796,
2,3087,7137.093949,AB,32,1.0,32,1.0,10,8013.453,250.42040625,3993.2847924608777,
2,3088,7145.180751,DT,64,0.5,36,0.5625,23,87.904,1.3735,728066.9821623589,
2,3089,7145.322581,SGD,100,1.0,100,1.0,11,176.618,1.7661799999999999,566193.706190762,
2,3090,7145.567628,LoR,64,0.05,3,0.046875,11,159.104,2.486,402252.6146419951,
2,3091,7145.800506,RF,100,0.5,58,0.58,5,4104.009,41.04009,24366.418299764937,
2,3092,7150.033871,AB,100,0.1,11,0.11,0,9097.327,90.97327,10992.23980846242,
2,3093,7159.219665,LoR,32,0.1,5,0.15625,7,180.401,5.63753125,177382.60874385395,
2,3094,7159.482297,AB,100,0.1,10,0.1,19,8681.412,86.81412,11518.863521279718,
2,3095,7168.237356,MLP,64,0.05,5,0.078125,12,234.192,3.65925,273280.043724807,
2,3096,7168.541868,NB,64,0.5,33,0.515625,25,137.679,2.151234375,464849.3960589487,
2,3097,7168.744921,LoR,64,0.5,32,0.5,6,188.818,2.95028125,338950.7356290184,
2,3098,7168.975737,MLP,16,0.05,0,0.0,25,176.668,11.04175,90565.3542237417,
2,3099,7169.202138,SGD,64,1.0,64,1.0,0,157.811,2.465796875,405548.40917299804,
2,3100,7169.399404,MLP,16,1.0,16,1.0,14,169.195,10.5746875,94565.44224120099,
2,3101,7169.60942,RF,8,0.01,0,0.0,15,3057.48,382.185,2616.53387757238,
2,3102,7172.72915,AB,8,0.1,2,0.25,14,7917.237,989.654625,1010.4535205905797,
2,3103,7180.687212,AB,8,0.0,0,0.0,10,7782.576,972.822,1027.9372793789614,
2,3104,7188.510304,LoR,8,1.0,8,1.0,20,148.123,18.515375,54009.16805627756,
2,3105,7188.699996,NB,1,0.01,0,0.0,7,98.421,98.421,10160.43324087339,
2,3106,7188.857346,GB,64,0.0,0,0.0,18,282.255,4.410234375,226745.31894917716,
2,3107,7189.217323,GB,100,0.1,11,0.11,21,290.399,2.90399,344353.802871222,
2,3108,7189.547899,SGD,8,0.0,0,0.0,9,159.835,19.979375,50051.61572872024,
2,3109,7189.784406,LoR,100,0.05,2,0.02,1,165.017,1.65017,605998.169885527,
2,3110,7189.988464,DT,1,0.1,0,0.0,5,85.762,85.762,11660.175835451599,16.0
2,3111,7190.293189,AB,100,1.0,100,1.0,24,8613.776,86.13776,11609.310481257,
2,3112,7198.990751,GB,100,0.1,12,0.12,11,274.462,2.74462,364349.1630899724,
2,3113,7199.307017,GB,1,0.1,0,0.0,15,203.245,203.245,4920.170237890231,4.0
2,3114,7212.333919,SGD,100,0.1,10,0.1,19,177.146,1.7714599999999998,564506.1136012103,
2,3115,7212.580757,AB,64,0.5,34,0.53125,24,8973.738,140.21465625,7131.922059681261,
2,3116,7221.625894,AB,16,0.0,0,0.0,10,8383.417,523.9635625,1908.5296603998108,
2,3117,7230.087899,NB,16,0.01,0,0.0,13,143.754,8.984625,111301.25074780529,
2,3118,7230.277145,MLP,8,0.01,0,0.0,5,222.293,27.786625,35988.53765075823,
2,3119,7230.570965,DT,16,0.1,2,0.125,19,95.48,5.9675,167574.3611227482,
2,3120,7230.719467,GB,16,1.0,16,1.0,17,291.088,18.193,54966.1957895894,
2,3121,7231.105773,LoR,100,0.01,2,0.02,4,203.008,2.03008,492591.42496847414,
2,3122,7231.348942,MLP,1,1.0,1,1.0,3,184.91,184.91,5408.036342004219,
2,3123,7231.697278,MLP,1,1.0,1,1.0,20,164.429,164.429,6081.65226328689,
2,3124,7232.013049,AB,8,0.01,0,0.0,11,8097.548,1012.1935,987.9533903349508,
2,3125,7240.160353,SGD,32,0.01,0,0.0,14,160.893,5.02790625,198889.9454917243,
2,3126,7240.373695,SGD,64,1.0,64,1.0,13,158.36,2.474375,404142.46021722653,
2,3127,7240.577494,MLP,1,0.01,0,0.0,1,161.342,161.342,6198.014156264332,
2,3128,7240.910508,AB,16,0.05,1,0.0625,4,8414.83,525.926875,1901.4050194715758,
2,3129,7249.389913,LoR,16,0.0,0,0.0,23,178.515,11.1571875,89628.32254992578,
2,3130,7249.616047,MLP,8,0.0,0,0.0,19,199.587,24.948375,40082.77092195384,
2,3131,7249.864657,MLP,32,0.0,0,0.0,26,192.932,6.029125,165861.54707358032,
2,3132,7250.126487,GB,32,0.05,2,0.0625,7,283.221,8.85065625,112985.97208540326,
2,3133,7250.45396,SGD,1,0.05,0,0.0,8,173.638,173.638,5759.108029348415,
2,3134,7250.81972,DT,64,0.0,0,0.0,24,98.952,1.546125,646778.2359123615,
2,3135,7250.958216,AB,8,1.0,8,1.0,10,8419.65,1052.45625,950.1582607353038,
2,3136,7259.454576,LoR,16,0.05,0,0.0,20,185.784,11.6115,86121.51746113767,
2,3137,7259.732885,AB,64,0.5,32,0.5,18,8986.203,140.409421875,7122.029181846883,
2,3138,7268.809865,MLP,8,0.1,1,0.125,27,217.245,27.155625,36824.78307901217,
2,3139,7269.071199,LoR,1,0.05,0,0.0,19,159.557,159.557,6267.35273287916,
2,3140,7269.437741,LoR,100,0.05,4,0.04,25,170.512,1.70512,586468.9875199399,
2,3141,7269.651004,SGD,16,1.0,16,1.0,22,153.828,9.61425,104012.27344826689,
2,3142,7269.876629,MLP,64,0.1,4,0.0625,20,215.097,3.360890625,297540.1795469021,
2,3143,7270.134685,RF,8,0.1,0,0.0,26,3141.965,392.745625,2546.177312605328,
2,3144,7273.324498,AB,16,0.01,0,0.0,8,8164.62,510.28875,1959.674791968273,
2,3145,7281.557567,SGD,32,0.1,1,0.03125,28,162.712,5.08475,196666.50277791437,
2,3146,7281.800271,AB,100,0.01,2,0.02,0,8740.874,87.40874,11440.503546899316,
2,3147,7290.605624,RF,1,1.0,1,1.0,21,3104.054,3104.054,322.1593438773939,7.88
2,3148,7306.883966,LoR,100,1.0,100,1.0,14,205.036,2.05036,487719.2297937923,
2,3149,7307.159689,AB,100,0.0,0,0.0,24,8771.34,87.71340000000001,11400.766587545346,
2,3150,7315.99904,AB,32,0.1,3,0.09375,3,8447.02,263.969375,3788.318247145147,
2,3151,7324.520773,GB,32,0.05,0,0.0,23,275.087,8.59646875,116326.83478317769,
2,3152,7324.84582,MLP,8,0.1,0,0.0,9,214.119,26.764875,37362.401281530365,
2,3153,7325.105274,GB,16,0.01,0,0.0,8,231.224,14.4515,69196.96917275024,
2,3154,7325.38071,RF,16,0.01,0,0.0,6,3172.368,198.273,5043.551063432742,
2,3155,7328.597556,SGD,8,1.0,8,1.0,10,227.386,28.42325,35182.46505941439,
2,3156,7328.901823,LoR,64,0.01,1,0.015625,25,171.665,2.682265625,372819.1535840154,
2,3157,7329.116133,NB,1,0.0,0,0.0,26,139.716,139.716,7157.376392109708,
2,3158,7329.363399,MLP,8,0.1,0,0.0,22,247.217,30.902125,32360.2341262939,
2,3159,7329.651849,GB,1,0.1,0,0.0,10,234.468,234.468,4264.974324854565,4.0
2,3160,7342.700301,NB,32,0.0,0,0.0,13,135.823,4.24446875,235600.74508735634,
2,3161,7342.898414,NB,16,0.1,2,0.125,11,114.389,7.1493125,139873.58924372098,
2,3162,7343.055945,SGD,32,0.05,0,0.0,14,173.419,5.41934375,184524.18708446017,
2,3163,7343.293101,GB,32,0.1,6,0.1875,25,252.616,7.89425,126674.47825949267,
2,3164,7343.588709,SGD,8,0.1,0,0.0,15,161.261,20.157625,49609.018919639595,
2,3165,7343.811071,GB,16,0.5,9,0.5625,2,221.748,13.85925,72153.9765860346,
2,3166,7344.074234,SGD,1,0.05,0,0.0,25,155.429,155.429,6433.805789138449,
2,3167,7344.391974,SGD,8,0.0,0,0.0,24,149.293,18.661625,53585.901549302376,
2,3168,7344.605475,SGD,32,0.1,3,0.09375,27,152.891,4.77784375,209299.43554558477,
2,3169,7344.796654,NB,8,0.0,0,0.0,13,108.376,13.547,73817.08127260648,
2,3170,7344.955641,AB,64,0.01,0,0.0,9,8486.178,132.59653125,7541.6754161885365,
2,3171,7353.487623,GB,16,0.01,0,0.0,27,214.871,13.4294375,74463.28262073523,
2,3172,7353.744643,DT,1,0.1,0,0.0,16,85.713,85.713,11666.841669291707,16.0
2,3173,7354.017494,RF,1,0.01,0,0.0,28,3049.139,3049.139,327.96143435901087,11.46
2,3174,7370.15321,DT,1,0.1,1,1.0,10,90.466,90.466,11053.8765945217,13.0
2,3175,7370.422617,NB,1,1.0,1,1.0,25,107.566,107.566,9296.617890411468,
2,3176,7370.622812,SGD,8,0.5,5,0.625,23,171.647,21.455875,46607.28122250899,
2,3177,7370.853198,GB,100,0.0,0,0.0,18,276.359,2.7635899999999998,361848.175742422,
2,3178,7371.184256,RF,64,0.01,0,0.0,11,3268.984,51.077875,19577.948377844616,
2,3179,7374.500257,AB,16,0.1,0,0.0,9,8186.997,511.6873125,1954.3185370655442,
2,3180,7382.732052,GB,8,0.01,0,0.0,23,212.507,26.563375,37645.81872597138,
2,3181,7383.009611,GB,32,0.1,5,0.15625,0,231.701,7.24065625,138109.02844614396,
2,3182,7383.319452,SGD,100,0.05,3,0.03,10,181.51,1.8151,550933.8328466752,
2,3183,7383.569293,AB,64,0.05,2,0.03125,11,8436.265,131.816640625,7586.295594081031,
2,3184,7392.087823,GB,100,0.5,47,0.47,25,290.804,2.9080399999999997,343874.22456362366,
2,3185,7392.458304,DT,100,0.1,13,0.13,4,102.371,1.02371,976839.1438981743,
2,3186,7392.598581,AB,8,1.0,8,1.0,19,8034.439,1004.304875,995.7135775130037,
2,3187,7400.695452,SGD,8,0.5,5,0.625,12,155.866,19.48325,51326.139119500076,
2,3188,7400.893282,LoR,8,0.01,0,0.0,14,148.591,18.573875,53839.06158515657,
2,3189,7401.105072,GB,32,0.5,17,0.53125,22,232.142,7.2544375,137846.66281844734,
2,3190,7401.380433,DT,8,0.05,0,0.0,1,90.662,11.33275,88239.83587390526,
2,3191,7401.51337,GB,16,0.05,0,0.0,27,216.712,13.5445,73830.70619070472,
2,3192,7401.792623,DT,8,0.5,5,0.625,11,89.94,11.2425,88948.18768067601,
2,3193,7401.918809,AB,1,1.0,1,1.0,24,7881.036,7881.036,126.88687121845402,2.0
2,3194,7422.73389,DT,32,0.0,0,0.0,1,93.045,2.90765625,343919.608791445,
2,3195,7422.895848,GB,64,0.1,5,0.078125,23,256.553,4.008640625,249461.1249917171,
2,3196,7423.222963,RF,64,0.1,5,0.078125,24,3291.76,51.43375,19442.486694048166,
2,3197,7426.627588,NB,64,0.5,27,0.421875,2,145.129,2.267640625,440986.9839935506,
2,3198,7426.834815,DT,32,0.1,2,0.0625,11,95.389,2.98090625,335468.4502405938,
2,3199,7426.997137,LoR,64,0.05,5,0.078125,17,169.998,2.65621875,376475.01735314535,
2,3200,7427.229475,RF,32,0.1,4,0.125,29,3108.487,97.14021875,10294.397242130979,
2,3201,7430.406018,GB,32,0.1,3,0.09375,7,286.658,8.9580625,111631.28187596369,
2,3202,7430.735224,MLP,1,0.5,1,1.0,18,185.226,185.226,5398.810102253464,
2,3203,7431.077046,GB,1,0.1,0,0.0,28,203.939,203.939,4903.427005133888,4.0
2,3204,7443.861652,SGD,32,1.0,32,1.0,25,165.897,5.18428125,192890.76957389223,
2,3205,7444.098067,DT,64,0.01,0,0.0,4,164.459,2.569671875,389154.7437355207,
2,3206,7444.33276,SGD,64,0.5,33,0.515625,3,164.322,2.56753125,389479.1932912209,
2,3207,7444.578034,MLP,8,0.0,0,0.0,11,256.445,32.055625,31195.77297276219,
2,3208,7444.942833,AB,100,0.01,1,0.01,1,9066.188,90.66188,11029.994083511174,
2,3209,7454.073884,GB,32,0.0,0,0.0,20,266.092,8.315375,120259.1584865385,
2,3210,7454.407866,AB,100,1.0,100,1.0,21,8740.253,87.40253000000001,11441.316401252914,
2,3211,7463.196686,GB,16,0.05,0,0.0,25,226.31,14.144375,70699.48301003048,
2,3212,7463.468633,MLP,16,0.01,0,0.0,25,215.978,13.498625,74081.61942420062,
2,3213,7463.726811,AB,16,1.0,16,1.0,9,8076.556,504.78475,1981.0424146133576,
2,3214,7471.845877,LoR,1,0.5,0,0.0,4,153.254,153.254,6525.11516828272,
2,3215,7472.174826,MLP,100,0.0,0,0.0,8,237.606,2.37606,420864.7929766083,
2,3216,7472.453847,SGD,8,1.0,8,1.0,20,149.317,18.664625,53577.28858736781,
2,3217,7472.640886,MLP,1,0.0,0,0.0,6,157.811,157.811,6336.693893328094,
2,3218,7472.969492,AB,8,0.5,5,0.625,15,8024.163,1003.020375,996.9887201942433,
2,3219,7481.074763,RF,100,0.1,8,0.08,18,3522.864,35.22864,28385.99503131543,
2,3220,7484.680981,SGD,100,0.05,4,0.04,11,186.21,1.8621,537028.0865689275,
2,3221,7484.92714,NB,8,0.5,4,0.5,12,119.357,14.919625,67025.81331635347,
2,3222,7485.101903,LoR,100,1.0,100,1.0,21,171.024,1.71024,584713.256618954,
2,3223,7485.316524,MLP,16,0.05,0,0.0,6,179.742,11.233875,89016.47917570741,
2,3224,7485.568147,SGD,64,0.5,34,0.53125,24,160.722,2.51128125,398203.1084730155,
2,3225,7485.785412,MLP,100,0.0,0,0.0,16,226.124,2.26124,442235.2337655446,
2,3226,7486.082021,NB,64,0.5,33,0.515625,24,134.139,2.095921875,477117.0204042075,
2,3227,7486.255377,LoR,1,0.0,0,0.0,16,150.422,150.422,6647.963728709897,
2,3228,7486.59628,AB,100,0.5,49,0.49,20,8661.558,86.61558000000001,11545.267029326593,
2,3229,7495.332318,LoR,64,0.01,1,0.015625,4,162.512,2.53925,393817.0719700699,
2,3230,7495.570629,RF,100,0.5,46,0.46,4,3405.803,34.05803,29361.65127577843,
2,3231,7499.022673,GB,1,0.05,0,0.0,7,229.593,229.593,4355.533487519219,4.0
2,3232,7512.020131,RF,16,0.01,0,0.0,25,3098.892,193.68075,5163.1357272212135,
2,3233,7515.193953,RF,64,0.1,7,0.109375,20,3575.965,55.874453125,17897.266891594296,
2,3234,7518.864513,MLP,64,0.1,8,0.125,8,279.852,4.3726875,228692.30879178995,
2,3235,7519.212757,RF,32,0.1,8,0.25,18,3185.237,99.53865625,10046.348199521732,
2,3236,7522.441336,AB,1,0.05,0,0.0,3,7901.292,7901.292,126.56158005551497,2.0
2,3237,7543.259445,GB,8,0.05,0,0.0,27,256.123,32.015375,31234.992562167397,
2,3238,7543.563149,AB,32,0.0,0,0.0,29,8224.367,257.01146875,3890.876951381182,
2,3239,7551.834164,RF,16,0.01,0,0.0,3,3122.368,195.148,5124.3159038268395,
2,3240,7555.021648,DT,16,0.5,7,0.4375,26,96.865,6.0540625,165178.3409900377,
2,3241,7555.157496,MLP,16,0.0,0,0.0,10,212.72,13.295,75216.2467092892,
2,3242,7555.411452,SGD,1,0.1,0,0.0,14,157.097,157.097,6365.493930501537,
2,3243,7555.756073,SGD,64,0.1,12,0.1875,28,161.169,2.518265625,397098.69764036505,
2,3244,7555.960336,DT,16,0.05,0,0.0,28,89.459,5.5911875,178852.8823259817,
2,3245,7556.08804,DT,1,0.1,0,0.0,14,83.342,83.342,11998.752129778502,16.0
2,3246,7556.394059,SGD,64,0.1,6,0.09375,5,167.428,2.6160625,382253.8643476599,
2,3247,7556.604415,SGD,8,1.0,8,1.0,23,149.332,18.6665,53571.90689202582,
2,3248,7556.792069,GB,8,1.0,8,1.0,10,233.402,29.17525,34275.627458205156,
2,3249,7557.106962,GB,100,0.05,8,0.08,6,284.283,2.84283,351762.15250296355,
2,3250,7557.463182,RF,64,0.5,31,0.484375,1,3367.264,52.6135,19006.52874262309,
2,3251,7560.907226,RF,64,0.05,3,0.046875,0,3268.789,51.074828125,19579.11630270415,
2,3252,7564.237995,SGD,100,0.0,0,0.0,21,184.817,1.84817,541075.7668396306,
2,3253,7564.488041,NB,32,0.1,2,0.0625,17,130.049,4.06403125,246061.1000469054,
2,3254,7564.660125,GB,32,0.0,0,0.0,11,235.039,7.34496875,136147.61805487602,
2,3255,7564.956414,SGD,16,0.05,2,0.125,7,164.129,10.2580625,97484.2958892091,
2,3256,7565.180255,DT,16,0.05,1,0.0625,25,92.143,5.7589375,173643.14163854008,
2,3257,7565.321013,DT,64,1.0,64,1.0,20,90.541,1.414703125,706862.0845804664,
2,3258,7565.449886,NB,1,0.1,0,0.0,3,103.628,103.628,9649.901571003977,
2,3259,7565.624156,GB,32,0.01,1,0.03125,14,230.317,7.19740625,138938.94067741418,
2,3260,7565.895368,DT,1,0.05,0,0.0,1,89.631,89.631,11156.854213385994,16.0
2,3261,7566.196416,LoR,100,0.01,0,0.0,24,177.209,1.77209,564305.4246680473,
2,3262,7566.415765,MLP,8,0.05,0,0.0,11,207.506,25.93825,38553.10207897603,
2,3263,7566.676312,MLP,8,0.0,0,0.0,26,170.336,21.292,46965.99661844824,
2,3264,7566.903697,MLP,100,0.0,0,0.0,1,227.069,2.27069,440394.769871713,
2,3265,7567.201645,MLP,64,0.01,1,0.015625,4,203.354,3.17740625,314722.1102117489,
2,3266,7567.445437,RF,1,0.05,0,0.0,13,3353.178,3353.178,298.2245499642429,10.02
2,3267,7584.702342,MLP,100,1.0,100,1.0,9,295.703,2.9570299999999996,338177.1574857205,
2,3268,7585.065585,SGD,100,0.0,0,0.0,22,187.012,1.87012,534725.0443821787,
2,3269,7585.292734,LoR,1,0.0,0,0.0,24,152.888,152.888,6540.735701951755,
2,3270,7585.629702,SGD,16,0.5,8,0.5,4,154.47,9.654375,103579.98316825273,
2,3271,7585.824557,NB,1,0.1,0,0.0,0,113.236,113.236,8831.113780069942,
2,3272,7585.983055,LoR,1,1.0,1,1.0,15,146.488,146.488,6826.497733602752,
2,3273,7586.285698,AB,1,0.1,0,0.0,24,7893.172,7893.172,126.69177866642207,2.0
2,3274,7607.575533,NB,16,0.05,1,0.0625,25,136.735,8.5459375,117014.6634000073,
2,3275,7607.750022,RF,1,0.0,0,0.0,14,3129.557,3129.557,319.53404267760584,9.99
2,3276,7623.845582,SGD,1,1.0,1,1.0,11,171.924,171.924,5816.523580186594,
2,3277,7624.179411,RF,8,0.0,0,0.0,8,3019.002,377.37525,2649.882312101814,
2,3278,7627.258526,SGD,64,0.01,0,0.0,5,179.292,2.8014375,356959.5966356558,
2,3279,7627.498845,MLP,8,0.5,4,0.5,6,193.995,24.249375,41238.17624165571,
2,3280,7627.744746,GB,64,0.0,0,0.0,8,293.087,4.579484375,218365.19531743135,
2,3281,7628.083251,GB,16,0.05,0,0.0,2,228.262,14.266375,70094.89095863525,
2,3282,7628.371818,DT,8,0.5,2,0.25,14,93.454,11.68175,85603.61247244634,
2,3283,7628.52191,NB,16,0.5,9,0.5625,11,121.268,7.57925,131939.17603984562,
2,3284,7628.689422,DT,64,0.0,0,0.0,19,95.406,1.49071875,670817.3490136889,
2,3285,7628.822401,MLP,1,0.5,0,0.0,24,173.431,173.431,5765.981860221067,
2,3286,7629.15177,NB,8,0.01,0,0.0,29,111.32,13.915,71864.89399928135,
2,3287,7629.324784,SGD,32,0.1,2,0.0625,16,158.911,4.96596875,201370.57849991505,
2,3288,7629.524091,RF,1,0.1,1,1.0,5,2969.372,2969.372,336.7715463067612,7.88
2,3289,7645.371172,LoR,8,1.0,8,1.0,5,160.895,20.111875,49721.86829920134,
2,3290,7645.611882,NB,100,0.1,11,0.11,11,152.462,1.5246199999999999,655901.1425797904,
2,3291,7645.812824,AB,64,0.0,0,0.0,24,8479.189,132.487328125,7547.891667469613,
2,3292,7654.359139,GB,32,0.05,3,0.09375,6,240.904,7.52825,132832.9957161359,
2,3293,7654.644525,MLP,8,0.01,0,0.0,16,183.133,22.891625,43684.098442115835,
2,3294,7654.868681,DT,8,1.0,8,1.0,11,88.411,11.051375,90486.47792695479,
2,3295,7655.016586,DT,16,0.05,4,0.25,23,86.363,5.3976875,185264.52300174843,
2,3296,7655.176266,GB,100,0.5,44,0.44,10,295.562,2.95562,338338.4873562907,
2,3297,7655.515586,RF,8,0.1,0,0.0,11,2988.876,373.6095,2676.591467829378,
2,3298,7658.574432,MLP,16,0.1,1,0.0625,16,196.411,12.2756875,81461.83258575131,
2,3299,7658.829499,LoR,100,1.0,100,1.0,29,170.357,1.70357,587002.5886814161,
2,3300,7659.060166,SGD,8,0.05,1,0.125,6,150.61,18.82625,53117.32288692649,
2,3301,7659.272459,NB,32,0.5,15,0.46875,27,120.746,3.7733125,265019.13106852403,
2,3302,7659.431045,NB,1,0.01,0,0.0,9,99.353,99.353,10065.121335037695,
2,3303,7659.576895,GB,1,0.5,0,0.0,11,206.23,206.23,4848.955050186685,4.0
2,3304,7672.326759,SGD,1,0.5,1,1.0,29,154.451,154.451,6474.545325054548,
2,3305,7672.638529,RF,16,1.0,16,1.0,12,3043.147,190.1966875,5257.715121878766,
2,3306,7675.729434,AB,32,0.0,0,0.0,5,8189.396,255.918625,3907.4920787809015,
2,3307,7683.987223,SGD,32,0.05,1,0.03125,0,161.144,5.03575,198580.1519138162,
2,3308,7684.208894,RF,16,0.1,2,0.125,29,3326.064,207.879,4810.490718158159,
2,3309,7687.627833,SGD,8,0.5,1,0.125,19,200.597,25.074625,39880.955348285366,
2,3310,7687.911939,LoR,100,0.5,47,0.47,10,177.376,1.77376,563774.129532744,
2,3311,7688.169499,NB,100,0.1,7,0.07,24,183.458,1.8345799999999999,545083.8884104263,
2,3312,7688.409477,DT,100,1.0,100,1.0,13,106.23,1.0623,941353.6665725312,
2,3313,7688.554969,SGD,1,0.01,0,0.0,11,157.973,157.973,6330.195666348046,
2,3314,7688.873433,GB,1,0.1,0,0.0,24,302.731,302.731,3303.2626325021224,4.0
2,3315,7701.853525,DT,32,0.0,0,0.0,16,95.96,2.99875,333472.2801167153,
2,3316,7701.993108,DT,16,0.01,0,0.0,17,92.447,5.7779375,173072.13863078304,
2,3317,7702.146546,AB,32,0.5,17,0.53125,3,8326.216,260.19425,3843.282470692569,
2,3318,7710.537037,LoR,16,0.05,3,0.1875,0,203.096,12.6935,78780.47819750266,
2,3319,7710.784744,RF,32,0.0,0,0.0,9,3176.53,99.2665625,10073.885655101636,
2,3320,7714.026718,GB,16,0.5,8,0.5,12,255.551,15.9719375,62609.81174012233,
2,3321,7714.3483,GB,32,0.1,4,0.125,12,258.446,8.0764375,123816.96756769305,
2,3322,7714.680584,GB,100,1.0,100,1.0,21,280.115,2.8011500000000003,356996.23368973454,
2,3323,7715.025786,DT,32,0.1,2,0.0625,19,95.684,2.990125,334434.1791731115,
2,3324,7715.169059,MLP,64,0.0,0,0.0,27,237.437,3.709953125,269545.18461739324,
2,3325,7715.450282,NB,16,0.1,0,0.0,1,120.414,7.525875,132874.91487700766,
2,3326,7715.628304,GB,16,0.5,7,0.4375,1,229.439,14.3399375,69735.31091052524,
2,3327,7715.927898,RF,64,0.1,5,0.078125,11,3348.284,52.3169375,19114.268682107013,
2,3328,7719.337677,NB,100,1.0,100,1.0,26,160.488,1.60488,623099.5463835303,
2,3329,7719.542157,DT,32,0.0,0,0.0,19,95.083,2.97134375,336548.06852960045,
2,3330,7719.67985,DT,16,0.01,0,0.0,20,87.822,5.488875,182186.695816538,
2,3331,7719.823764,NB,8,0.5,2,0.25,28,111.271,13.908875,71896.54087767702,
2,3332,7720.007438,DT,100,0.05,5,0.05,27,97.893,0.97893,1021523.5001481209,
2,3333,7720.146099,LoR,32,1.0,32,1.0,5,161.429,5.04465625,198229.56222240117,
2,3334,7720.376976,DT,64,0.5,32,0.5,4,92.531,1.445796875,691660.0922933936,
2,3335,7720.510322,NB,16,0.01,0,0.0,8,112.584,7.0365,142116.1088609394,
2,3336,7720.669353,DT,64,0.0,0,0.0,12,92.305,1.442265625,693353.5561453875,
2,3337,7720.835018,RF,100,0.01,2,0.02,17,3429.877,34.29877,29155.56447067927,
2,3338,7724.309288,DT,16,1.0,16,1.0,9,95.508,5.96925,167525.23348829418,
2,3339,7724.475,RF,64,0.1,5,0.078125,15,3255.378,50.86528125,19659.775301055666,
2,3340,7727.793033,MLP,8,0.5,5,0.625,21,198.719,24.839875,40257.851539107985,
2,3341,7728.050304,AB,100,0.0,0,0.0,13,8744.534,87.44534,11435.715156462311,
2,3342,7736.876379,GB,100,0.5,53,0.53,29,295.064,2.9506400000000004,338909.52471328253,
2,3343,7737.211877,SGD,1,1.0,1,1.0,3,161.505,161.505,6191.758769078357,
2,3344,7737.568237,DT,64,0.1,8,0.125,0,95.419,1.490921875,670725.9560464898,
2,3345,7737.731932,NB,64,0.01,1,0.015625,4,135.123,2.111296875,473642.53309947235,
2,3346,7737.903654,MLP,8,1.0,8,1.0,5,179.252,22.4065,44629.90650034588,
2,3347,7738.145921,RF,16,0.5,8,0.5,3,3039.391,189.9619375,5264.2124688794565,
2,3348,7741.233034,RF,8,0.01,0,0.0,9,3025.44,378.18,2644.243481939817,
2,3349,7744.303194,SGD,8,0.05,0,0.0,10,165.901,20.737625,48221.52970747614,
2,3350,7744.517607,LoR,32,0.01,0,0.0,9,155.386,4.8558125,205938.7589615538,
2,3351,7744.73093,DT,100,1.0,100,1.0,28,97.203,0.9720300000000001,1028774.8320525086,
2,3352,7744.871219,MLP,32,0.0,0,0.0,13,194.558,6.0799375,164475.37495245633,
2,3353,7745.103948,SGD,1,0.0,0,0.0,4,147.584,147.584,6775.80225498699,
2,3354,7745.425235,MLP,32,0.1,4,0.125,1,186.31,5.8221875,171756.74950351563,
2,3355,7745.668699,SGD,100,1.0,100,1.0,15,165.242,1.65242,605173.0189661224,
2,3356,7745.874458,RF,1,0.05,0,0.0,9,2943.886,2943.886,339.68706668668557,11.36
2,3357,7761.782934,AB,64,1.0,64,1.0,10,8433.958,131.78059375,7588.370727006229,
2,3358,7770.298412,LoR,100,0.1,9,0.09,12,172.782,1.7278200000000001,578763.9916194974,
2,3359,7770.521317,MLP,64,1.0,64,1.0,12,248.592,3.88425,257449.9581643818,
2,3360,7770.81118,LoR,1,0.1,0,0.0,17,144.09,144.09,6940.106877645916,
2,3361,7771.125984,RF,32,0.5,16,0.5,9,3091.369,96.60528125,10351.400948899985,
2,3362,7774.277439,GB,100,1.0,100,1.0,4,324.658,3.2465800000000002,308016.435757012,
2,3363,7774.660145,DT,1,0.1,0,0.0,13,93.669,93.669,10675.890636176324,16.0
2,3364,7774.946495,LoR,16,1.0,16,1.0,24,161.62,10.10125,98997.64880584086,
2,3365,7775.146429,DT,1,0.0,0,0.0,0,86.433,86.433,11569.655108581212,16.0
2,3366,7775.441312,LoR,32,0.1,4,0.125,27,162.28,5.07125,197190.0419028839,
2,3367,7775.663196,AB,100,1.0,100,1.0,23,8711.722,87.11722,11478.786857523692,
2,3368,7784.421452,LoR,32,1.0,32,1.0,14,155.645,4.86390625,205596.06797519996,
2,3369,7784.657447,LoR,100,0.01,2,0.02,28,165.136,1.65136,605561.4766011046,
2,3370,7784.892186,AB,64,0.5,33,0.515625,13,8365.864,130.716625,7650.136315866479,
2,3371,7793.325089,SGD,32,0.05,3,0.09375,8,159.329,4.97903125,200842.28232148572,
2,3372,7793.528275,NB,16,0.05,0,0.0,10,114.496,7.156,139742.87311347123,
2,3373,7793.717551,NB,100,0.1,15,0.15,3,141.878,1.41878,704830.9110644357,
2,3374,7793.894378,SGD,1,1.0,1,1.0,2,149.506,149.506,6688.694768102952,
2,3375,7794.201729,RF,1,0.01,0,0.0,17,2926.892,2926.892,341.65934376806524,9.99
2,3376,7810.136056,LoR,16,0.5,8,0.5,23,164.586,10.286625,97213.61476674807,
2,3377,7810.344993,GB,32,1.0,32,1.0,21,268.616,8.39425,119129.1657980165,
2,3378,7810.705874,SGD,100,0.05,6,0.06,22,179.924,1.7992400000000002,555790.2225384051,
2,3379,7810.937589,RF,64,1.0,64,1.0,4,3166.378,49.47465625,20212.368832779914,
2,3380,7814.15711,MLP,64,1.0,64,1.0,17,231.347,3.614796875,276640.7171910593,
2,3381,7814.431389,GB,1,0.05,0,0.0,4,253.787,253.787,3940.312151528644,4.0
2,3382,7827.374242,MLP,64,0.0,0,0.0,14,222.525,3.476953125,287608.13391753734,
2,3383,7827.642692,SGD,32,0.0,0,0.0,3,158.984,4.96825,201278.11603683388,
2,3384,7827.839675,AB,1,0.0,0,0.0,25,7739.381,7739.381,129.20929981351222,2.0
2,3385,7848.208287,RF,100,0.01,1,0.01,29,3376.036,33.76036,29620.53722175948,
2,3386,7851.651523,MLP,32,0.5,19,0.59375,25,204.993,6.40603125,156102.89131824014,
2,3387,7851.917198,SGD,100,0.0,0,0.0,26,169.4,1.694,590318.7721369539,
2,3388,7852.164831,MLP,100,0.01,1,0.01,27,226.711,2.26711,441090.19853469834,
2,3389,7852.447425,NB,100,0.0,0,0.0,10,146.162,1.4616200000000001,684172.3567000999,
2,3390,7852.646989,DT,100,0.0,0,0.0,1,99.17,0.9917,1008369.4665725522,
2,3391,7852.801711,LoR,8,0.5,7,0.875,12,152.516,19.0645,52453.513074038136,
2,3392,7852.992114,RF,1,0.05,0,0.0,2,2864.074,2864.074,349.15298976213603,11.32
2,3393,7868.475455,RF,100,0.5,50,0.5,19,3305.905,33.05905,30248.903099151365,
2,3394,7871.844729,NB,16,0.5,7,0.4375,14,122.304,7.644,130821.55939298797,
2,3395,7872.007737,MLP,8,0.01,0,0.0,17,180.384,22.548,44349.83147064041,
2,3396,7872.265402,GB,100,0.5,48,0.48,4,305.769,3.05769,327044.27198309836,
2,3397,7872.627898,MLP,100,0.0,0,0.0,12,236.266,2.36266,423251.75861105707,
2,3398,7872.905036,SGD,1,0.05,0,0.0,12,149.26,149.26,6699.718611818304,
2,3399,7873.210564,MLP,16,0.05,0,0.0,15,174.872,10.9295,91495.49384692803,
2,3400,7873.461456,LoR,100,0.5,51,0.51,24,163.669,1.6366900000000002,610989.252699045,
2,3401,7873.664387,MLP,16,0.0,0,0.0,15,170.271,10.6419375,93967.85124889149,
2,3402,7873.890125,RF,100,1.0,100,1.0,0,3206.715,32.06715,31184.56114746711,
2,3403,7877.139742,AB,1,0.1,0,0.0,26,7627.502,7627.502,131.10452150651682,2.0
2,3404,7897.340701,RF,64,0.01,3,0.046875,22,3180.845,49.700703125,20120.4396944837,
2,3405,7900.566246,LoR,8,0.1,0,0.0,26,162.119,20.264875,49346.46771815765,
2,3406,7900.770875,GB,8,0.01,0,0.0,20,227.157,28.394625,35217.93297146907,
2,3407,7901.074904,RF,100,0.01,1,0.01,6,3377.412,33.774119999999996,29608.469443467366,
2,3408,7904.5111,SGD,100,0.0,0,0.0,16,207.809,2.07809,481211.1121270012,
2,3409,7904.758837,RF,8,1.0,8,1.0,18,3008.118,376.01475,2659.4701404665643,
2,3410,7907.836208,GB,64,0.01,0,0.0,23,272.785,4.262265625,234617.0060670491,
2,3411,7908.189076,MLP,100,0.01,1,0.01,21,245.37,2.4537,407547.78497778863,
2,3412,7908.523136,SGD,32,0.5,18,0.5625,4,185.964,5.811375,172076.31584607775,
2,3413,7908.748656,AB,16,0.0,0,0.0,19,7979.168,498.698,2005.2215970386887,
2,3414,7916.790347,MLP,16,0.1,1,0.0625,6,179.2,11.2,89285.71428571429,
2,3415,7917.007128,GB,1,0.0,0,0.0,0,201.929,201.929,4952.235686800806,4.0
2,3416,7929.631704,SGD,100,1.0,100,1.0,22,172.946,1.72946,578215.1654273588,
2,3417,7929.855756,AB,64,1.0,64,1.0,8,8964.284,140.0669375,7139.44359638762,
2,3418,7938.869457,NB,8,1.0,8,1.0,0,117.458,14.68225,68109.45188918592,
2,3419,7939.031101,RF,32,0.0,0,0.0,18,3105.034,97.0323125,10305.84528220947,
2,3420,7942.182053,RF,8,0.01,0,0.0,6,3034.274,379.28425,2636.5450186766257,
2,3421,7945.277817,MLP,100,0.0,0,0.0,17,263.138,2.6313799999999996,380028.73017200106,
2,3422,7945.582746,GB,1,0.01,0,0.0,26,233.684,233.684,4279.28313448931,4.0
2,3423,7958.303936,GB,8,0.0,0,0.0,23,214.371,26.796375,37318.48057806326,
2,3424,7958.563754,SGD,16,0.0,0,0.0,21,199.522,12.470125,80191.65806277002,
2,3425,7958.806529,LoR,16,0.01,0,0.0,13,148.628,9.28925,107651.31738299648,
2,3426,7959.014133,DT,16,0.05,2,0.125,6,94.917,5.9323125,168568.32811825068,
2,3427,7959.162651,GB,100,1.0,100,1.0,2,269.259,2.69259,371389.62857323245,
2,3428,7959.509662,SGD,100,0.1,10,0.1,16,176.546,1.76546,566424.6145480499,
2,3429,7959.725828,SGD,16,0.0,0,0.0,10,149.753,9.3595625,106842.60081601037,
2,3430,7959.914617,GB,1,0.05,0,0.0,0,197.633,197.633,5059.883723872025,4.0
2,3431,7972.305376,MLP,8,0.05,0,0.0,19,184.697,23.087125,43314.18485411241,
2,3432,7972.549763,DT,8,0.5,5,0.625,13,88.265,11.033125,90636.15249532658,
2,3433,7972.710703,GB,100,0.1,6,0.06,6,273.157,2.7315699999999996,366089.83112276095,
2,3434,7973.053472,LoR,64,0.05,1,0.015625,13,176.447,2.756984375,362715.1495916621,
2,3435,7973.285651,NB,100,0.0,0,0.0,6,149.475,1.49475,669008.1953503931,
2,3436,7973.489679,RF,100,1.0,100,1.0,10,3306.254,33.06254,30245.71009970801,
2,3437,7976.838444,NB,1,0.05,0,0.0,14,109.998,109.998,9091.074383170602,
2,3438,7977.022278,SGD,32,0.1,3,0.09375,19,161.94,5.060625,197604.0508830431,
2,3439,7977.223865,MLP,16,0.0,0,0.0,16,179.047,11.1904375,89362.01109205963,
2,3440,7977.44154,SGD,8,1.0,8,1.0,26,145.771,18.221375,54880.60039376831,
2,3441,7977.64965,LoR,32,0.5,11,0.34375,26,147.577,4.61178125,216835.9568225401,
2,3442,7977.836743,MLP,8,0.01,0,0.0,14,165.409,20.676125,48364.96200327673,
2,3443,7978.06062,GB,16,0.5,8,0.5,10,214.242,13.390125,74681.9017746287,
2,3444,7978.331421,SGD,100,0.0,0,0.0,18,168.184,1.68184,594586.8810350569,
2,3445,7978.540565,DT,8,0.05,0,0.0,4,121.82,15.2275,65670.66163191595,
2,3446,7978.700771,GB,1,0.1,0,0.0,6,199.156,199.156,5021.1894193496555,4.0
2,3447,7991.11164,NB,16,0.05,0,0.0,11,116.912,7.307,136855.0704803613,
2,3448,7991.271175,DT,32,0.0,0,0.0,5,90.35,2.8234375,354178.19590481464,
2,3449,7991.397861,NB,1,1.0,1,1.0,22,98.904,98.904,10110.814527218314,
2,3450,7991.560644,LoR,8,0.5,6,0.75,19,151.509,18.938625,52802.14376703695,
2,3451,7991.752057,RF,8,0.1,0,0.0,9,2931.358,366.41975,2729.110535117171,
2,3452,7994.735191,SGD,64,0.0,0,0.0,6,171.516,2.6799375,373143.0303878356,
2,3453,7994.948466,LoR,8,0.01,0,0.0,5,146.804,18.3505,54494.42794474265,
2,3454,7995.157478,NB,32,0.5,17,0.53125,12,116.894,3.6529375,273752.2883980358,
2,3455,7995.311928,LoR,16,1.0,16,1.0,25,148.083,9.2551875,108047.51389423499,
2,3456,7995.504567,RF,32,0.01,0,0.0,0,3034.913,94.84103125,10543.95957973095,
2,3457,7998.638622,MLP,8,0.5,4,0.5,1,186.196,23.2745,42965.47723903843,
2,3458,7998.87509,LoR,64,1.0,64,1.0,16,159.616,2.494,400962.3095429029,
2,3459,7999.085991,GB,64,0.01,0,0.0,0,248.817,3.887765625,257217.15156118752,
2,3460,7999.393096,MLP,100,0.0,0,0.0,22,245.638,2.4563800000000002,407103.1355083497,
2,3461,7999.698901,NB,16,0.5,5,0.3125,1,113.526,7.095375,140936.87789581242,
2,3462,7999.865809,SGD,100,1.0,100,1.0,27,169.147,1.6914699999999998,591201.7357682963,
2,3463,8000.077035,DT,16,0.01,0,0.0,26,87.823,5.4889375,182184.6213406511,
2,3464,8000.204347,AB,8,0.01,0,0.0,8,8139.732,1017.4665,982.8333414417084,
2,3465,8008.389318,SGD,32,0.0,0,0.0,16,154.035,4.81359375,207744.99302106665,
2,3466,8008.585976,MLP,8,0.0,0,0.0,14,222.184,27.773,36006.19306520722,
2,3467,8008.860525,LoR,64,1.0,64,1.0,9,153.412,2.3970625,417177.27426798426,
2,3468,8009.061802,LoR,64,1.0,64,1.0,12,149.384,2.334125,428426.06972634286,
2,3469,8009.286339,MLP,100,0.5,49,0.49,7,220.982,2.20982,452525.54506701906,
2,3470,8009.547106,SGD,1,0.5,0,0.0,10,142.15,142.15,7034.822370735139,
2,3471,8009.865593,MLP,16,0.5,9,0.5625,28,171.483,10.7176875,93303.70940559705,
2,3472,8010.115948,LoR,100,0.0,0,0.0,12,201.615,2.01615,495994.8416536468,
2,3473,8010.386611,NB,64,0.01,1,0.015625,0,127.797,1.996828125,500794.2283465183,
2,3474,8010.590097,RF,100,0.0,0,0.0,22,3342.804,33.42804,29915.005486412007,
2,3475,8013.976333,GB,16,1.0,16,1.0,12,234.994,14.687125,68086.84477050477,
2,3476,8014.261712,GB,64,0.0,0,0.0,26,253.71,3.96421875,252256.51334200465,
2,3477,8014.563358,SGD,32,0.0,0,0.0,11,191.981,5.99940625,166683.16135450904,
2,3478,8014.805489,NB,64,1.0,64,1.0,5,130.295,2.035859375,491193.0618980007,
2,3479,8014.974434,AB,16,1.0,16,1.0,28,7949.346,496.834125,2012.7441930443083,
2,3480,8022.968405,SGD,16,0.01,0,0.0,16,150.279,9.3924375,106468.63500555634,
2,3481,8023.18863,AB,64,0.05,5,0.078125,7,8228.113,128.564265625,7778.211115963041,
2,3482,8031.488921,RF,64,0.01,1,0.015625,27,3214.121,50.220640625,19912.13149722739,
2,3483,8034.747376,LoR,8,0.05,0,0.0,5,161.353,20.169125,49580.732927184494,
2,3484,8034.968897,AB,100,0.01,0,0.0,5,8545.743,85.45743,11701.732663853803,
2,3485,8043.556825,RF,1,0.05,0,0.0,19,2868.975,2868.975,348.55654022778174,9.99
2,3486,8059.099057,MLP,32,0.0,0,0.0,9,199.735,6.24171875,160212.2812726863,
2,3487,8059.343632,SGD,16,0.0,0,0.0,19,151.042,9.440125,105930.80070443983,
2,3488,8059.564589,DT,64,0.01,1,0.015625,25,92.294,1.44209375,693436.1930353002,
2,3489,8059.730171,LoR,100,0.01,2,0.02,14,167.094,1.6709399999999999,598465.5343698757,
2,3490,8059.937521,AB,8,0.05,0,0.0,18,7746.37,968.29625,1032.7417874436671,
2,3491,8067.741745,LoR,100,1.0,100,1.0,12,164.593,1.64593,607559.2522160724,
2,3492,8067.964459,MLP,8,0.5,5,0.625,11,169.812,21.2265,47110.92266742044,
2,3493,8068.173468,GB,1,0.01,0,0.0,22,203.817,203.817,4906.362079708758,4.0
2,3494,8080.600137,LoR,1,0.5,1,1.0,26,150.839,150.839,6629.585186854859,
2,3495,8080.90902,SGD,32,0.01,0,0.0,19,151.745,4.74203125,210880.0948960427,
2,3496,8081.12313,NB,32,0.1,3,0.09375,26,118.495,3.70296875,270053.58875901933,
2,3497,8081.315239,LoR,100,0.01,1,0.01,13,164.01,1.6401,609718.9195780746,
2,3498,8081.545326,SGD,64,0.5,28,0.4375,23,156.291,2.442046875,409492.5491551017,
2,3499,8081.747896,SGD,64,0.0,0,0.0,7,152.089,2.376390625,420806.23845248506,
2,3500,8081.939499,AB,8,0.01,0,0.0,9,7755.133,969.391625,1031.5748292131161,
2,3501,8089.739086,DT,16,0.01,0,0.0,1,79.567,4.9729375,201088.39091583196,
2,3502,8089.8737,LoR,100,0.0,0,0.0,16,163.218,1.63218,612677.5233123798,
2,3503,8090.099461,RF,32,0.5,11,0.34375,3,3088.205,96.50640625,10362.006408253339,
2,3504,8093.231502,AB,8,0.05,0,0.0,23,7777.322,972.16525,1028.631706389423,
2,3505,8101.071258,DT,16,0.05,1,0.0625,29,81.902,5.118875,195355.42477595175,
2,3506,8101.191007,AB,16,0.0,0,0.0,17,8031.321,501.9575625,1992.200286851939,
2,3507,8109.266564,GB,16,0.01,0,0.0,7,215.452,13.46575,74262.48073816906,
2,3508,8109.544102,RF,16,0.05,1,0.0625,0,2972.753,185.7970625,5382.216416903792,
2,3509,8112.558857,SGD,1,0.01,0,0.0,2,159.861,159.861,6255.434408642509,
2,3510,8112.881557,MLP,64,1.0,64,1.0,11,213.206,3.33134375,300179.1694417606,
2,3511,8113.135383,RF,1,0.01,0,0.0,21,2857.733,2857.733,349.92772242893227,9.99
2,3512,8128.710529,NB,16,0.5,8,0.5,20,118.578,7.411125,134932.28086154262,
2,3513,8128.895529,AB,64,0.5,36,0.5625,9,8289.275,129.519921875,7720.81997520893,
2,3514,8137.245052,RF,8,0.1,2,0.25,15,2988.156,373.5195,2677.2363959579084,
2,3515,8140.316474,SGD,100,0.05,6,0.06,13,187.145,1.87145,534345.026583665,
2,3516,8140.602713,AB,100,0.5,44,0.44,18,8713.973,87.13973,11475.821648747362,
2,3517,8149.378151,NB,64,0.01,0,0.0,11,135.605,2.118828125,471958.99856199994,
2,3518,8149.573158,RF,16,0.5,7,0.4375,6,3653.656,228.3535,4379.175269921416,
2,3519,8153.320982,GB,32,0.01,0,0.0,25,347.377,10.85553125,92118.93706261496,
2,3520,8153.74321,GB,64,0.0,0,0.0,19,267.525,4.180078125,239229.97850668163,
2,3521,8154.054009,LoR,1,0.05,0,0.0,24,182.538,182.538,5478.3113653047585,
2,3522,8154.42197,DT,16,0.5,8,0.5,2,93.835,5.8646875,170512.06905738797,
2,3523,8154.553402,GB,8,1.0,8,1.0,23,256.481,32.060125,31191.3942943142,
2,3524,8154.868711,AB,8,0.5,2,0.25,1,7998.816,999.852,1000.1480219072423,
2,3525,8162.94273,LoR,100,0.01,0,0.0,11,164.149,1.6414900000000001,609202.6146976223,
2,3526,8163.14691,DT,1,0.5,1,1.0,8,86.728,86.728,11530.301632690713,4.0
2,3527,8163.452062,DT,8,0.1,3,0.375,4,86.032,10.754,92988.65538404314,
2,3528,8163.576009,GB,1,0.05,0,0.0,12,192.077,192.077,5206.24541199623,4.0
2,3529,8176.328956,NB,64,0.5,28,0.4375,12,137.025,2.141015625,467068.0532749498,
2,3530,8176.521796,DT,16,0.5,6,0.375,14,89.971,5.6231875,177835.08019250646,
2,3531,8176.663171,AB,16,0.0,0,0.0,12,8164.216,510.2635,1959.7717649802503,
2,3532,8184.874212,AB,32,0.01,0,0.0,28,7934.209,247.94403125,4033.1682717205963,
2,3533,8192.849024,DT,1,0.5,0,0.0,25,76.311,76.311,13104.270681815202,16.0
2,3534,8193.105408,NB,32,1.0,32,1.0,10,118.017,3.68803125,271147.3770727946,
2,3535,8193.28384,NB,32,0.5,18,0.5625,28,113.743,3.55446875,281335.99430294614,
2,3536,8193.437037,GB,32,0.0,0,0.0,23,220.108,6.878375,145383.17553201155,
2,3537,8193.713786,GB,100,0.0,0,0.0,21,261.444,2.61444,382491.08795765054,
2,3538,8194.015823,NB,16,0.0,0,0.0,29,113.889,7.1180625,140487.66781690947,
2,3539,8194.168824,SGD,8,0.05,0,0.0,24,237.875,29.734375,33631.108775617446,
2,3540,8194.447756,MLP,16,0.01,0,0.0,15,237.137,14.8210625,67471.54598396708,
2,3541,8194.721348,RF,1,0.0,0,0.0,10,2978.606,2978.606,335.72751817460914,9.99
2,3542,8210.704534,SGD,1,0.01,0,0.0,22,167.877,167.877,5956.742138589562,
2,3543,8211.0872,AB,100,0.01,1,0.01,13,8827.01,88.2701,11328.864473927184,
2,3544,8219.968648,GB,1,0.01,0,0.0,27,248.142,248.142,4029.9505928057324,4.0
2,3545,8233.345747,NB,32,0.05,2,0.0625,8,151.107,4.72209375,211770.46728477173,
2,3546,8233.556986,DT,8,0.5,4,0.5,4,110.625,13.828125,72316.38418079096,
2,3547,8233.748425,NB,100,0.5,56,0.56,20,158.535,1.58535,630775.538524616,
2,3548,8233.985831,RF,100,0.1,7,0.07,26,3528.954,35.28954,28337.008643354377,
2,3549,8237.560904,NB,1,1.0,1,1.0,11,121.898,121.898,8203.580042330474,
2,3550,8237.735151,NB,1,0.05,0,0.0,9,100.671,100.671,9933.34724001947,
2,3551,8237.886608,MLP,32,0.0,0,0.0,22,233.557,7.29865625,137011.52181266245,
2,3552,8238.163304,DT,8,0.1,0,0.0,24,94.414,11.80175,84733.19634799924,
2,3553,8238.2982,NB,8,0.1,0,0.0,15,109.578,13.69725,73007.35549106573,
2,3554,8238.465353,MLP,16,0.1,2,0.125,2,219.211,13.7006875,72989.03795886155,
2,3555,8238.763691,LoR,100,0.1,11,0.11,21,174.416,1.74416,573341.8952389689,
2,3556,8238.989864,AB,64,0.01,0,0.0,26,8456.285,132.129453125,7568.335267791944,
2,3557,8247.486262,SGD,1,0.0,0,0.0,24,151.287,151.287,6609.953267630398,
2,3558,8247.794383,RF,8,0.0,0,0.0,6,3064.517,383.064625,2610.5255738506266,
2,3559,8250.923412,DT,16,0.1,2,0.125,20,95.458,5.966125,167612.98162542688,
2,3560,8251.09537,GB,100,0.05,7,0.07,13,322.922,3.22922,309672.3047670954,
2,3561,8251.460745,AB,1,0.1,1,1.0,18,7822.923,7822.923,127.82945709679106,2.0
2,3562,8272.888368,AB,16,0.01,0,0.0,29,8191.146,511.946625,1953.328630694655,
2,3563,8281.148866,MLP,16,0.05,2,0.125,10,214.064,13.379,74744.00179385605,
2,3564,8281.447291,NB,100,0.5,42,0.42,0,157.213,1.57213,636079.7135096971,
2,3565,8281.654528,NB,64,0.01,0,0.0,15,127.391,1.990484375,502390.2787481062,
2,3566,8281.822867,MLP,32,0.0,0,0.0,27,196.018,6.1255625,163250.31374669675,
2,3567,8282.09398,NB,64,0.01,1,0.015625,25,131.124,2.0488125,488087.61172630487,
2,3568,8282.284248,MLP,32,0.5,15,0.46875,23,193.45,6.0453125,165417.42052209875,
2,3569,8282.518476,LoR,16,0.0,0,0.0,15,186.783,11.6739375,85660.90061729387,
2,3570,8282.756006,SGD,64,1.0,64,1.0,22,159.198,2.48746875,402015.10069221974,
2,3571,8282.964538,LoR,64,0.0,0,0.0,21,153.771,2.402671875,416203.31531953363,
2,3572,8283.177773,AB,8,0.1,1,0.125,18,8022.7,1002.8375,997.1705286250265,
2,3573,8291.255508,SGD,64,0.01,0,0.0,26,162.516,2.5393125,393807.3789657634,
2,3574,8291.48986,AB,64,0.5,31,0.484375,10,8740.057,136.563390625,7322.60670611187,
2,3575,8300.282293,LoR,64,1.0,64,1.0,23,160.946,2.51478125,397648.9008735849,
2,3576,8300.509487,GB,32,0.05,1,0.03125,19,271.591,8.48721875,117824.22834335452,
2,3577,8300.822872,MLP,1,0.1,0,0.0,19,175.954,175.954,5683.303590711208,
2,3578,8301.197043,MLP,100,0.05,4,0.04,19,232.441,2.32441,430216.7001518665,
2,3579,8301.47034,RF,1,0.1,0,0.0,8,3048.059,3048.059,328.0776389170944,10.17
2,3580,8317.681817,DT,32,0.5,13,0.40625,22,99.119,3.09746875,322844.2579122065,
2,3581,8317.859446,GB,100,0.05,3,0.03,1,316.716,3.16716,315740.28467144066,
2,3582,8318.241485,SGD,32,0.5,20,0.625,3,181.952,5.686,175870.55926837848,
2,3583,8318.475797,NB,64,0.01,0,0.0,17,182.5,2.8515625,350684.9315068493,
2,3584,8318.714967,LoR,8,0.5,4,0.5,1,156.81,19.60125,51017.15451820675,
2,3585,8318.940004,NB,64,0.01,2,0.03125,18,130.349,2.036703125,490989.5741432616,
2,3586,8319.13628,DT,64,0.5,37,0.578125,29,100.194,1.56553125,638760.8040401621,
2,3587,8319.291071,MLP,8,0.5,3,0.375,18,192.315,24.039375,41598.41926006812,
2,3588,8319.524457,MLP,8,0.01,0,0.0,21,241.714,30.21425,33096.965835657014,
2,3589,8319.835136,GB,64,0.5,34,0.53125,22,425.636,6.6505625,150363.2211561052,
2,3590,8320.335783,RF,32,1.0,32,1.0,16,3350.267,104.69584375,9551.47753895436,
2,3591,8323.77596,LoR,32,0.01,0,0.0,23,233.067,7.28334375,137299.57480037928,
2,3592,8324.080895,RF,32,0.01,1,0.03125,5,3276.443,102.38884375,9766.68905883606,
2,3593,8327.434135,AB,64,0.5,30,0.46875,8,8894.957,138.983703125,7195.088183113196,
2,3594,8336.409265,LoR,16,0.1,1,0.0625,6,176.229,11.0143125,90790.95949020876,
2,3595,8336.652867,DT,32,0.1,3,0.09375,27,91.304,2.85325,350477.5256286691,
2,3596,8336.782996,RF,1,0.5,0,0.0,10,3079.876,3079.876,324.68839654583496,10.66
2,3597,8352.880627,GB,1,1.0,1,1.0,20,243.808,243.808,4101.588134925843,4.0
2,3598,8365.760013,RF,16,1.0,16,1.0,6,3054.732,190.92075,5237.7753596714865,
2,3599,8368.858752,AB,1,0.05,0,0.0,18,7878.939,7878.939,126.92064248752274,2.0
2,3600,8389.64059,SGD,16,0.05,2,0.125,11,175.379,10.9611875,91230.99116769967,
2,3601,8389.875706,DT,8,0.01,1,0.125,23,90.058,11.25725,88831.64183082012,
2,3602,8390.02619,GB,32,0.1,2,0.0625,28,242.917,7.59115625,131732.23776022263,
2,3603,8390.328216,LoR,8,0.5,7,0.875,0,162.936,20.367,49099.032749054844,
2,3604,8390.549824,LoR,16,0.5,8,0.5,0,189.928,11.8705,84242.44977043933,
2,3605,8390.809776,DT,64,0.5,34,0.53125,1,93.921,1.467515625,681423.7497471279,
2,3606,8390.958575,SGD,8,0.5,5,0.625,6,153.757,19.219625,52030.151472778474,
2,3607,8391.154763,RF,1,0.1,0,0.0,18,2967.212,2967.212,337.0167011996447,12.1
2,3608,8407.131438,SGD,100,0.1,10,0.1,10,180.092,1.80092,555271.7499944472,
2,3609,8407.38978,NB,100,0.01,3,0.03,7,155.617,1.5561699999999998,642603.3145478965,
2,3610,8407.581299,LoR,1,1.0,1,1.0,9,151.515,151.515,6600.006600006601,
2,3611,8407.925251,AB,64,0.05,2,0.03125,4,8519.649,133.119515625,7512.046564359635,
2,3612,8416.486307,LoR,8,0.0,0,0.0,26,151.079,18.884875,52952.428861721346,
2,3613,8416.708605,RF,64,0.5,35,0.546875,19,3250.67,50.79171875,19688.248884076205,
2,3614,8419.999889,RF,1,1.0,1,1.0,27,2951.329,2951.329,338.8304048786157,7.49
2,3615,8435.804374,LoR,1,0.0,0,0.0,2,154.044,154.044,6491.651735867674,
2,3616,8436.127015,GB,100,1.0,100,1.0,7,295.316,2.9531599999999996,338620.32534640864,
2,3617,8436.521114,RF,100,0.5,46,0.46,15,3421.678,34.21678,29225.426822746034,
2,3618,8440.009621,SGD,16,0.05,1,0.0625,26,169.041,10.5650625,94651.59340041765,
2,3619,8440.224197,MLP,32,1.0,32,1.0,29,211.674,6.6148125,151175.86477318895,
2,3620,8440.482729,AB,32,0.01,0,0.0,2,8458.451,264.32659375,3783.1986022026967,
2,3621,8449.051759,GB,100,0.01,2,0.02,25,332.764,3.32764,300513.27667656355,
2,3622,8449.465041,DT,64,0.5,29,0.453125,16,107.816,1.684625,593603.9177858573,
2,3623,8449.642991,GB,64,0.5,32,0.5,5,305.78,4.7778125,209300.80449996731,
2,3624,8449.992084,AB,16,1.0,16,1.0,29,8166.548,510.40925,1959.212142021329,
2,3625,8458.224791,RF,16,0.1,3,0.1875,6,3160.935,197.5584375,5061.793425046703,
2,3626,8461.449611,RF,8,0.1,1,0.125,4,3034.051,379.256375,2636.738802347093,
2,3627,8464.551818,SGD,32,0.5,19,0.59375,15,193.558,6.0486875,165325.12218559813,
2,3628,8464.805998,RF,16,0.5,9,0.5625,23,3069.482,191.842625,5212.605905491546,
2,3629,8467.919559,DT,16,1.0,16,1.0,3,95.781,5.9863125,167047.74433342728,
2,3630,8468.058084,DT,8,0.05,0,0.0,26,87.613,10.951625,91310.65024596806,
2,3631,8468.20553,DT,16,0.1,1,0.0625,26,86.854,5.428375,184217.19206944987,
2,3632,8468.367493,DT,100,0.5,55,0.55,14,94.808,0.94808,1054763.3111129862,
2,3633,8468.527743,MLP,64,0.05,2,0.03125,13,239.187,3.737296875,267573.0704427916,
2,3634,8468.806643,MLP,1,0.1,1,1.0,23,168.343,168.343,5940.252935970014,
2,3635,8469.168107,GB,64,0.1,4,0.0625,22,276.998,4.32809375,231048.5996288782,
2,3636,8469.490877,AB,16,0.05,0,0.0,23,8066.207,504.1379375,1983.5841058876867,
2,3637,8477.6386,RF,100,0.05,3,0.03,9,3400.657,34.00657,29406.082412898446,
2,3638,8481.102044,DT,8,0.1,3,0.375,25,94.495,11.811875,84660.56405100798,
2,3639,8481.254584,RF,16,0.1,3,0.1875,24,3049.374,190.585875,5246.978560189731,
2,3640,8484.347335,RF,16,1.0,16,1.0,23,3026.879,189.1799375,5285.972779222427,
2,3641,8487.456095,RF,100,0.05,3,0.03,8,3340.218,33.40218,29938.165712537328,
2,3642,8490.839759,DT,1,1.0,1,1.0,24,92.578,92.578,10801.70234829009,4.0
2,3643,8491.16641,SGD,16,0.1,1,0.0625,19,168.257,10.5160625,95092.6261611701,
2,3644,8491.392759,DT,100,1.0,100,1.0,3,96.455,0.96455,1036752.8899486808,
2,3645,8491.52973,LoR,8,0.05,0,0.0,19,154.161,19.270125,51893.7993396514,
2,3646,8491.725092,LoR,8,0.05,0,0.0,3,146.273,18.284125,54692.25352594122,
2,3647,8491.913713,AB,1,0.1,0,0.0,10,7708.353,7708.353,129.72939874445294,2.0
2,3648,8512.457806,RF,1,0.5,0,0.0,18,2918.974,2918.974,342.586127865476,9.99
2,3649,8528.70994,AB,100,0.0,0,0.0,19,8762.142,87.62142,11412.734466070055,
2,3650,8537.521728,LoR,16,0.01,0,0.0,0,168.757,10.5473125,94810.88191897224,
2,3651,8537.730592,AB,8,0.0,0,0.0,29,7954.443,994.305375,1005.7272394811303,
2,3652,8545.749341,RF,16,0.01,1,0.0625,4,3143.328,196.458,5090.146494416109,
2,3653,8548.946843,NB,64,1.0,64,1.0,19,151.383,2.365359375,422768.7388940634,
2,3654,8549.169377,SGD,64,0.01,1,0.015625,12,176.446,2.75696875,362717.20526393346,
2,3655,8549.424235,NB,100,0.05,9,0.09,22,166.192,1.66192,601713.6805622412,
2,3656,8549.638231,AB,64,0.0,0,0.0,12,8422.681,131.604390625,7598.530681620258,
2,3657,8558.134551,RF,64,0.05,4,0.0625,18,3313.303,51.770359375,19316.072209514194,
2,3658,8561.492885,LoR,8,0.05,0,0.0,4,166.548,20.8185,48034.20035064966,
2,3659,8561.721247,SGD,16,0.5,9,0.5625,13,155.272,9.7045,103044.97913339174,
2,3660,8561.940649,SGD,32,0.05,1,0.03125,25,155.23,4.8509375,206145.7192552986,
2,3661,8562.157511,SGD,100,0.01,0,0.0,11,165.907,1.65907,602747.3222950207,
2,3662,8562.366443,NB,32,0.0,0,0.0,23,117.276,3.664875,272860.60233977967,
2,3663,8562.538606,DT,100,1.0,100,1.0,20,102.804,1.02804,972724.7967005174,
2,3664,8562.680728,NB,1,0.01,0,0.0,20,101.52,101.52,9850.275807722617,
2,3665,8562.840139,RF,64,1.0,64,1.0,29,3162.724,49.4175625,20235.720853289757,
2,3666,8566.053133,MLP,32,0.01,0,0.0,11,220.329,6.88528125,145237.3495999165,
2,3667,8566.355905,SGD,100,0.1,13,0.13,28,175.319,1.7531899999999998,570388.8340681844,
2,3668,8566.582766,RF,32,0.01,0,0.0,6,3213.197,100.41240625,9958.928755379766,
2,3669,8569.872975,GB,32,0.0,0,0.0,4,357.754,11.1798125,89446.9383990116,
2,3670,8570.276344,MLP,1,0.1,0,0.0,15,191.794,191.794,5213.927442985703,
2,3671,8570.689929,MLP,100,0.1,10,0.1,16,267.924,2.6792399999999996,373240.1725862558,
2,3672,8571.055301,AB,100,0.5,53,0.53,1,9060.576,90.60575999999999,11036.825914820427,
2,3673,8580.18365,AB,1,0.1,0,0.0,27,8096.979,8096.979,123.50285211311527,2.0
2,3674,8601.205527,LoR,32,1.0,32,1.0,17,186.036,5.813625,172009.71854909803,
2,3675,8601.481892,RF,100,0.5,51,0.51,6,3537.184,35.37184,28271.076653066393,
2,3676,8605.065557,AB,8,0.05,0,0.0,8,8150.671,1018.833875,981.5142826891184,
2,3677,8613.259106,DT,1,0.01,0,0.0,29,81.568,81.568,12259.70969007454,16.0
2,3678,8613.536833,MLP,64,0.0,0,0.0,7,240.012,3.7501875,266653.3339999667,
2,3679,8613.819645,DT,16,1.0,16,1.0,2,89.541,5.5963125,178689.09214773122,
2,3680,8613.949405,DT,16,0.0,0,0.0,0,84.767,5.2979375,188752.69857373743,
2,3681,8614.075958,MLP,16,0.01,0,0.0,26,182.636,11.41475,87605.94844389934,
2,3682,8614.297624,DT,8,1.0,8,1.0,13,86.537,10.817125,92446.00575476386,
2,3683,8614.423017,AB,1,0.5,0,0.0,15,7802.426,7802.426,128.16526552126223,2.0
2,3684,8635.076195,AB,64,1.0,64,1.0,4,8403.03,131.29734375,7616.300310721251,
2,3685,8643.546791,SGD,32,0.1,4,0.125,12,162.093,5.06540625,197417.53191069324,
2,3686,8643.759382,MLP,64,1.0,64,1.0,23,210.202,3.28440625,304469.03454772074,
2,3687,8644.032751,NB,100,0.0,0,0.0,9,153.608,1.5360800000000001,651007.7600124993,
2,3688,8644.244436,LoR,8,0.1,1,0.125,9,151.984,18.998,52637.11969681019,
2,3689,8644.437249,RF,8,0.01,0,0.0,25,3024.977,378.122125,2644.6482072425674,
2,3690,8647.521712,AB,100,0.0,0,0.0,8,8743.981,87.43981,11436.43839116302,
2,3691,8656.329993,GB,16,0.1,3,0.1875,26,255.901,15.9938125,62524.17927245302,
2,3692,8656.666281,SGD,100,0.01,1,0.01,21,180.315,1.80315,554585.0317499931,
2,3693,8656.886587,GB,1,0.01,0,0.0,6,212.027,212.027,4716.380460979027,4.0
2,3694,8669.730498,SGD,8,0.1,0,0.0,3,160.479,20.059875,49850.75928937742,
2,3695,8669.955703,AB,32,0.5,18,0.5625,25,8117.027,253.65709375,3942.3301166794195,
2,3696,8678.146806,DT,64,0.05,1,0.015625,28,89.152,1.393,717875.0897343862,
2,3697,8678.28675,RF,64,0.01,0,0.0,13,3295.333,51.489578125,19421.405970200885,
2,3698,8681.656685,RF,64,0.01,2,0.03125,12,3282.562,51.29003125,19496.96608929245,
2,3699,8685.02176,SGD,100,0.1,7,0.07,27,183.696,1.83696,544377.6674505705,
2,3700,8685.263979,RF,8,0.5,5,0.625,24,3010.349,376.293625,2657.4991803275966,
2,3701,8688.320976,AB,32,1.0,32,1.0,21,8633.127,269.78521875,3706.652294122396,
2,3702,8697.03252,NB,8,0.05,2,0.25,20,122.008,15.251,65569.47085437021,
2,3703,8697.194838,LoR,1,0.05,0,0.0,22,163.553,163.553,6114.225969563383,
2,3704,8697.539825,RF,32,0.1,5,0.15625,14,3213.85,100.4328125,9956.90526938096,
2,3705,8700.804241,LoR,32,0.01,0,0.0,11,170.205,5.31890625,188008.57789136627,
2,3706,8701.033857,AB,8,0.1,3,0.375,10,8132.706,1016.58825,983.6824299316856,
2,3707,8709.212638,DT,32,0.0,0,0.0,14,84.459,2.63934375,378882.0611184125,
2,3708,8709.337182,GB,16,1.0,16,1.0,0,284.25,17.765625,56288.47845206684,
2,3709,8709.682025,AB,8,0.5,4,0.5,2,8012.052,1001.5065,998.4957661283277,
2,3710,8717.756572,RF,8,0.01,1,0.125,22,3071.729,383.966125,2604.3964164807508,
2,3711,8720.868727,DT,1,1.0,1,1.0,19,91.463,91.463,10933.382898002472,11.0
2,3712,8721.190724,DT,8,0.5,1,0.125,16,91.649,11.456125,87289.55034970376,
2,3713,8721.321367,DT,1,0.01,0,0.0,4,84.474,84.474,11837.961976466131,16.0
2,3714,8721.609,MLP,100,0.0,0,0.0,11,261.623,2.61623,382229.39114680287,
2,3715,8721.911054,NB,8,1.0,8,1.0,1,115.501,14.437625,69263.46958034995,
2,3716,8722.065806,SGD,1,0.05,0,0.0,22,152.885,152.885,6540.86404814076,
2,3717,8722.374271,MLP,8,1.0,8,1.0,17,176.68,22.085,45279.60153950645,
2,3718,8722.651653,NB,32,0.1,5,0.15625,11,120.619,3.76934375,265298.1702716819,
2,3719,8722.829947,AB,16,0.1,2,0.125,6,8051.719,503.2324375,1987.1533022948267,
2,3720,8730.927919,MLP,16,0.0,0,0.0,25,180.839,11.3024375,88476.49013763624,
2,3721,8731.16904,SGD,100,1.0,100,1.0,13,165.028,1.65028,605957.7768621083,
2,3722,8731.380468,AB,32,0.01,0,0.0,23,8177.389,255.54340625,3913.2295161695256,
2,3723,8739.631308,AB,64,0.5,38,0.59375,16,8374.801,130.856265625,7641.972627170485,
2,3724,8748.060506,NB,64,0.01,0,0.0,10,132.073,2.063640625,484580.4971493038,
2,3725,8748.256807,LoR,32,0.05,1,0.03125,0,159.967,4.99896875,200041.2585095676,
2,3726,8748.455907,AB,1,0.05,0,0.0,24,7780.448,7780.448,128.5273033120972,2.0
2,3727,8768.958778,LoR,32,0.1,1,0.03125,20,164.73,5.1478125,194257.269471256,
2,3728,8769.174771,NB,64,1.0,64,1.0,13,134.258,2.09778125,476694.12623456324,
2,3729,8769.365116,GB,100,1.0,100,1.0,10,311.22,3.1122,321316.110789795,
2,3730,8769.742489,LoR,32,0.5,17,0.53125,6,165.255,5.16421875,193640.13191733987,
2,3731,8769.948118,DT,1,0.1,1,1.0,19,88.244,88.244,11332.215221431485,11.0
2,3732,8770.248338,LoR,32,0.5,17,0.53125,28,161.598,5.0499375,198022.25275065284,
2,3733,8770.479503,GB,64,0.5,28,0.4375,0,273.66,4.2759375,233866.84206679818,
2,3734,8770.800395,NB,32,0.01,0,0.0,26,126.893,3.96540625,252180.97136957909,
2,3735,8770.970042,SGD,32,1.0,32,1.0,26,162.112,5.066,197394.39399921044,
2,3736,8771.18927,MLP,100,1.0,100,1.0,22,235.365,2.35365,424872.0073077985,
2,3737,8771.485482,AB,16,0.5,9,0.5625,11,8049.933,503.1208125,1987.5941824608974,
2,3738,8779.616362,MLP,100,0.1,7,0.07,4,241.386,2.41386,414274.23297125765,
2,3739,8779.922624,AB,32,0.1,2,0.0625,25,8121.098,253.7843125,3940.3538782563637,
2,3740,8788.089552,LoR,32,1.0,32,1.0,19,156.202,4.8813125,204862.933893292,
2,3741,8788.292287,GB,32,0.01,0,0.0,28,225.079,7.03371875,142172.3039466143,
2,3742,8788.582662,NB,32,0.1,3,0.09375,28,121.551,3.79846875,263263.9797286736,
2,3743,8788.759995,NB,8,0.1,2,0.25,29,106.851,13.356375,74870.61421980141,
2,3744,8788.904335,DT,8,0.01,0,0.0,0,89.268,11.1585,89617.78016758525,
2,3745,8789.040606,SGD,64,0.0,0,0.0,24,163.588,2.5560625,391226.74034770275,
2,3746,8789.243774,NB,1,0.01,0,0.0,5,99.945,99.945,10005.503026664666,
2,3747,8789.420144,SGD,32,0.5,16,0.5,26,158.137,4.94178125,202356.18482708032,
2,3748,8789.633341,RF,100,1.0,100,1.0,25,3332.902,33.32902,30003.88250239581,
2,3749,8793.014173,LoR,32,0.0,0,0.0,22,169.204,5.287625,189120.8245667951,
2,3750,8793.263095,SGD,100,0.1,13,0.13,21,172.263,1.72263,580507.7120449545,
2,3751,8793.477525,GB,8,0.05,0,0.0,21,215.773,26.971625,37076.001167894035,
2,3752,8793.732627,NB,1,1.0,1,1.0,23,104.64,104.64,9556.574923547401,
2,3753,8793.884191,MLP,8,1.0,8,1.0,24,179.67,22.45875,44526.075583013306,
2,3754,8794.104063,GB,1,0.1,0,0.0,4,201.535,201.535,4961.917284838862,4.0
2,3755,8806.979723,SGD,16,0.5,9,0.5625,1,161.085,10.0678125,99326.44256138064,
2,3756,8807.201119,GB,16,0.1,5,0.3125,15,224.999,14.0624375,71111.4271618985,
2,3757,8807.484978,MLP,100,0.0,0,0.0,13,243.875,2.43875,410046.1301896463,
2,3758,8807.768541,NB,8,0.0,0,0.0,16,111.514,13.93925,71739.87122693115,
2,3759,8807.94886,MLP,64,0.1,4,0.0625,17,210.341,3.286578125,304267.8317589058,
2,3760,8808.216435,MLP,100,1.0,100,1.0,27,227.283,2.27283,439980.112898897,
2,3761,8808.513601,MLP,64,0.1,6,0.09375,0,206.346,3.22415625,310158.6655423415,
2,3762,8808.761824,MLP,8,0.1,0,0.0,28,206.727,25.840875,38698.379989067704,
2,3763,8809.012509,SGD,32,1.0,32,1.0,23,151.782,4.7431875,210828.6885137895,
2,3764,8809.204142,SGD,16,1.0,16,1.0,3,146.447,9.1529375,109254.542599029,
2,3765,8809.390132,DT,1,0.05,0,0.0,6,86.286,86.286,11589.365598127159,16.0
2,3766,8809.706663,NB,64,1.0,64,1.0,0,135.817,2.122140625,471222.30648593325,
2,3767,8809.907729,GB,32,0.1,2,0.0625,21,239.05,7.4703125,133863.20853377954,
2,3768,8810.18678,AB,8,1.0,8,1.0,29,8044.166,1005.52075,994.5095613392364,
2,3769,8818.310697,MLP,100,0.1,14,0.14,21,238.027,2.38027,420120.40650850534,
2,3770,8818.66414,AB,100,0.1,6,0.06,5,8737.463,87.37463,11444.969781274038,
2,3771,8827.441486,LoR,1,0.0,0,0.0,26,148.949,148.949,6713.707376350294,
2,3772,8827.740841,NB,1,0.0,0,0.0,23,100.757,100.757,9924.868743610865,
2,3773,8827.910613,RF,16,0.05,1,0.0625,1,3138.309,196.1443125,5098.287007429797,
2,3774,8831.129764,SGD,100,0.5,49,0.49,29,180.053,1.80053,555392.0234597591,
2,3775,8831.388089,LoR,100,0.01,1,0.01,16,168.59,1.6859,593154.9913992527,
2,3776,8831.59718,SGD,8,0.01,0,0.0,12,146.175,18.271875,54728.92081409269,
2,3777,8831.801845,SGD,16,0.5,7,0.4375,12,147.687,9.2304375,108337.22670241795,
2,3778,8831.990851,LoR,32,0.0,0,0.0,8,146.568,4.58025,218328.69384858903,
2,3779,8832.177232,RF,8,0.05,0,0.0,2,3012.875,376.609375,2655.2711280753433,
2,3780,8835.25665,LoR,32,0.1,2,0.0625,15,164.496,5.1405,194533.60568038127,
2,3781,8835.501101,GB,100,0.1,5,0.05,29,285.273,2.85273,350541.4112096132,
2,3782,8835.882147,NB,100,0.1,8,0.08,2,154.836,1.5483600000000002,645844.6356144565,
2,3783,8836.102636,LoR,64,0.05,6,0.09375,15,166.672,2.60425,383987.7123932034,
2,3784,8836.329623,GB,32,0.1,2,0.0625,19,232.025,7.25078125,137916.17282620407,
2,3785,8836.602425,RF,1,0.05,0,0.0,28,2912.229,2912.229,343.379589997902,9.99
2,3786,8852.067544,LoR,32,1.0,32,1.0,23,160.605,5.01890625,199246.59879829397,
2,3787,8852.310522,AB,100,0.05,11,0.11,23,8529.138,85.29138,11724.514247512467,
2,3788,8860.901573,SGD,16,0.5,9,0.5625,19,152.494,9.530875,104922.16087190315,
2,3789,8861.110561,LoR,100,1.0,100,1.0,7,160.593,1.6059299999999999,622692.1472293313,
2,3790,8861.329458,MLP,16,0.5,8,0.5,13,176.605,11.0378125,90597.66144786388,
2,3791,8861.574062,SGD,64,0.1,8,0.125,11,155.858,2.43528125,410630.1890182089,
2,3792,8861.767809,AB,1,0.01,0,0.0,18,7622.568,7622.568,131.18938394514814,2.0
2,3793,8881.931486,RF,16,1.0,16,1.0,17,2984.691,186.5431875,5360.688928937703,
2,3794,8884.960718,GB,8,0.05,0,0.0,1,227.073,28.384125,35230.960968499116,
2,3795,8885.230931,RF,8,0.05,0,0.0,25,2933.648,366.706,2726.9801966698114,
2,3796,8888.206235,RF,8,1.0,8,1.0,29,2877.473,359.684125,2780.2172253223575,
2,3797,8891.12742,SGD,8,0.05,0,0.0,17,163.342,20.41775,48976.99305751123,
2,3798,8891.351662,DT,8,0.1,1,0.125,16,89.349,11.168625,89536.53650292673,
2,3799,8891.4817,LoR,16,0.05,0,0.0,28,153.581,9.5988125,104179.55346038898,
2,3800,8891.691867,LoR,100,1.0,100,1.0,25,162.739,1.6273900000000001,614480.855848936,
2,3801,8891.894249,MLP,1,0.01,0,0.0,18,160.954,160.954,6212.955254296258,
2,3802,8892.221297,NB,8,0.01,1,0.125,28,111.541,13.942625,71722.50562573403,
2,3803,8892.38858,MLP,16,0.1,1,0.0625,1,176.566,11.035375,90617.67271162059,
2,3804,8892.639777,DT,100,0.05,5,0.05,5,95.881,0.95881,1042959.5018825419,
2,3805,8892.775912,DT,32,0.0,0,0.0,11,84.849,2.65153125,377140.567360841,
2,3806,8892.906874,LoR,64,0.0,0,0.0,16,157.86,2.4665625,405422.5262891169,
2,3807,8893.105469,GB,8,1.0,8,1.0,9,216.091,27.011375,37021.44004146401,
2,3808,8893.381151,RF,16,0.05,2,0.125,29,3011.143,188.1964375,5313.596863383771,
2,3809,8896.45639,SGD,16,0.1,4,0.25,13,163.419,10.2136875,97907.83201463721,
2,3810,8896.657983,NB,1,0.0,0,0.0,21,102.598,102.598,9746.778689643073,
2,3811,8896.818037,MLP,64,1.0,64,1.0,6,209.747,3.277296875,305129.513175397,
2,3812,8897.067528,MLP,1,0.01,0,0.0,13,159.461,159.461,6271.125855224788,
2,3813,8897.405818,AB,64,0.01,1,0.015625,0,8181.703,127.839109375,7822.332343278655,
2,3814,8905.6329,RF,16,0.01,0,0.0,26,3088.531,193.0331875,5180.456339923414,
2,3815,8908.765402,GB,8,0.1,0,0.0,22,279.452,34.9315,28627.45659361894,
2,3816,8909.104242,LoR,100,1.0,100,1.0,0,171.66,1.7166,582546.8950250496,
2,3817,8909.319472,AB,16,0.01,0,0.0,25,8021.748,501.35925,1994.5777404126882,
2,3818,8917.420408,MLP,100,0.1,8,0.08,0,233.199,2.3319900000000002,428818.3053958207,
2,3819,8917.718041,LoR,32,0.05,4,0.125,3,153.106,4.7845625,209005.5255835826,
2,3820,8917.912856,DT,16,0.1,0,0.0,29,86.825,5.4265625,184278.72156636912,
2,3821,8918.041407,SGD,16,1.0,16,1.0,16,150.177,9.3860625,106540.94834761649,
2,3822,8918.25199,RF,32,0.5,18,0.5625,24,3140.208,98.1315,10190.407769166883,
2,3823,8921.452303,DT,100,0.0,0,0.0,26,101.637,1.01637,983893.6607731436,
2,3824,8921.594204,RF,16,1.0,16,1.0,9,3004.17,187.760625,5325.930290229913,
2,3825,8924.641895,NB,8,0.01,0,0.0,25,119.725,14.965625,66819.7953643767,
2,3826,8924.831128,SGD,64,0.5,27,0.421875,11,168.302,2.62971875,380268.8025097741,
2,3827,8925.069927,LoR,64,0.1,6,0.09375,7,159.363,2.490046875,401598.865483205,
2,3828,8925.304059,NB,100,0.5,52,0.52,27,149.645,1.49645,668248.1873767917,
2,3829,8925.509198,LoR,16,0.5,7,0.4375,12,151.606,9.475375,105536.72018257853,
2,3830,8925.720684,SGD,32,0.1,5,0.15625,10,152.143,4.75446875,210328.44100615868,
2,3831,8925.929422,RF,100,0.01,0,0.0,9,3351.988,33.51988,29833.042361726835,
2,3832,8929.321763,NB,1,1.0,1,1.0,13,109.513,109.513,9131.336005771003,
2,3833,8929.481291,NB,16,0.0,0,0.0,14,111.181,6.9488125,143909.48093649096,
2,3834,8929.649449,RF,16,0.5,14,0.875,7,2964.811,185.3006875,5396.634051883914,
2,3835,8932.666337,GB,64,0.0,0,0.0,1,273.152,4.268,234301.78069353328,
2,3836,8933.005061,GB,32,0.1,4,0.125,20,241.326,7.5414375,132600.71438634876,
2,3837,8933.290527,AB,32,1.0,32,1.0,1,7971.868,249.120875,4014.11563763976,
2,3838,8941.327949,GB,32,0.5,17,0.53125,2,226.55,7.0796875,141249.17236813065,
2,3839,8941.613134,RF,8,0.5,4,0.5,10,2911.164,363.8955,2748.04167680007,
2,3840,8944.565953,LoR,8,1.0,8,1.0,27,165.011,20.626375,48481.61637709002,
2,3841,8944.77338,LoR,16,0.0,0,0.0,12,150.708,9.41925,106165.56519892772,
2,3842,8944.970386,LoR,32,0.01,0,0.0,12,149.172,4.661625,214517.46976644412,
2,3843,8945.157977,LoR,8,1.0,8,1.0,7,144.946,18.11825,55192.96841582382,
2,3844,8945.377424,MLP,100,0.5,46,0.46,0,232.824,2.32824,429508.98532797303,
2,3845,8945.649522,MLP,8,1.0,8,1.0,21,167.133,20.891625,47866.070734086024,
2,3846,8945.858267,DT,8,0.05,0,0.0,18,90.208,11.276,88683.9304717985,
2,3847,8946.016282,LoR,64,0.1,9,0.140625,18,157.806,2.46571875,405561.2587607569,
2,3848,8946.241876,SGD,64,0.5,34,0.53125,17,156.268,2.4416875,409552.81951519183,
2,3849,8946.460176,NB,100,1.0,100,1.0,8,148.462,1.4846199999999998,673573.035524242,
2,3850,8946.66606,NB,16,0.05,1,0.0625,1,107.832,6.7395,148378.95986349136,
2,3851,8946.812756,NB,16,0.01,0,0.0,7,104.816,6.551,152648.45061822623,
2,3852,8946.952408,AB,8,1.0,8,1.0,12,7804.871,975.608875,1025.000925703961,
2,3853,8954.822805,GB,32,0.1,6,0.1875,24,227.538,7.1105625,140635.84983607134,
2,3854,8955.111125,SGD,16,0.1,3,0.1875,17,158.474,9.904625,100962.93398286155,
2,3855,8955.307648,NB,8,0.0,0,0.0,8,107.993,13.499125,74078.87548267018,
2,3856,8955.470342,AB,8,0.5,3,0.375,29,7778.358,972.29475,1028.4947028665947,
2,3857,8963.300532,LoR,64,0.0,0,0.0,14,157.681,2.463765625,405882.7633005879,
2,3858,8963.498251,LoR,1,0.5,1,1.0,21,139.661,139.661,7160.195043712991,
2,3859,8963.7893,AB,16,0.05,0,0.0,20,7860.235,491.2646875,2035.562549974651,
2,3860,8971.697343,NB,32,0.01,0,0.0,12,117.77,3.6803125,271716.05672072683,
2,3861,8971.856957,NB,1,0.05,0,0.0,22,95.917,95.917,10425.680536297006,
2,3862,8972.000854,DT,16,0.0,0,0.0,12,86.214,5.388375,185584.70782007562,
2,3863,8972.124854,LoR,1,0.05,0,0.0,18,144.518,144.518,6919.553273640654,
2,3864,8972.430531,NB,100,1.0,100,1.0,24,143.243,1.4324299999999999,698114.393024441,
2,3865,8972.628205,RF,100,0.0,0,0.0,0,3381.967,33.81967,29568.59129613033,
2,3866,8976.052828,NB,1,0.5,1,1.0,3,109.397,109.397,9141.01849228041,
2,3867,8976.216804,AB,16,0.05,0,0.0,16,7973.535,498.3459375,2006.6382100285507,
2,3868,8984.232425,DT,16,0.0,0,0.0,26,80.222,5.013875,199446.53586298024,
2,3869,8984.370168,MLP,100,0.01,0,0.0,14,232.992,2.32992,429199.2858123884,
2,3870,8984.653051,AB,64,0.0,0,0.0,11,8197.659,128.088421875,7807.106882586846,
2,3871,8992.923519,SGD,64,0.1,4,0.0625,8,161.185,2.518515625,397059.2797096504,
2,3872,8993.166725,NB,100,0.01,1,0.01,24,143.981,1.43981,694536.0846222766,
2,3873,8993.366643,MLP,16,0.1,5,0.3125,21,178.726,11.170375,89522.50931593613,
2,3874,8993.585831,RF,8,0.01,0,0.0,13,2974.918,371.86475,2689.149751354491,
2,3875,8996.612576,SGD,64,0.0,0,0.0,11,172.208,2.69075,371643.59379355196,
2,3876,8996.829149,NB,32,0.0,0,0.0,17,119.442,3.7325625,267912.4596038245,
2,3877,8997.018438,DT,64,0.1,2,0.03125,5,95.119,1.486234375,672841.388155889,
2,3878,8997.154223,GB,32,1.0,32,1.0,11,232.964,7.280125,137360.27884136606,
2,3879,8997.426657,SGD,8,0.0,0,0.0,29,154.974,19.37175,51621.562326583815,
2,3880,8997.65073,SGD,64,0.5,29,0.453125,14,159.783,2.496609375,400543.2367648624,
2,3881,8997.861731,SGD,64,0.0,0,0.0,19,155.271,2.426109375,412182.57111759443,
2,3882,8998.078848,GB,32,0.5,12,0.375,6,228.649,7.14528125,139952.50361908428,
2,3883,8998.347794,LoR,1,0.5,1,1.0,14,151.627,151.627,6595.131473945933,
2,3884,8998.714124,SGD,64,0.01,0,0.0,14,155.783,2.434109375,410827.88237484195,
2,3885,8998.91389,NB,32,1.0,32,1.0,14,117.332,3.666625,272730.3719360447,
2,3886,8999.088024,AB,16,0.5,10,0.625,4,8069.508,504.34425,1982.7726795735255,
2,3887,9007.226414,RF,8,0.01,0,0.0,2,3035.314,379.41425,2635.6416502543066,
2,3888,9010.321516,AB,100,1.0,100,1.0,1,8605.847,86.05847,11620.006723335891,
2,3889,9018.990869,RF,16,0.05,1,0.0625,8,3001.215,187.5759375,5331.174207779182,
2,3890,9022.052981,AB,100,1.0,100,1.0,28,8755.334,87.55334,11421.608815837293,
2,3891,9030.883183,AB,32,0.01,0,0.0,20,8100.523,253.14134375,3950.362217353126,
2,3892,9039.050377,AB,32,0.1,4,0.125,24,8234.134,257.3166875,3886.261748958664,
2,3893,9047.346823,LoR,16,0.1,1,0.0625,27,159.586,9.974125,100259.4212524908,
2,3894,9047.545946,GB,1,0.5,1,1.0,21,212.451,212.451,4706.967724322314,4.0
2,3895,9060.126521,NB,64,0.1,7,0.109375,8,136.756,2.1368125,467986.7793734827,
2,3896,9060.299255,GB,1,1.0,1,1.0,22,204.906,204.906,4880.286570427415,4.0
2,3897,9072.747136,NB,32,1.0,32,1.0,16,121.897,3.80928125,262516.7149314585,
2,3898,9072.90757,AB,1,0.1,0,0.0,4,7610.326,7610.326,131.4004156983551,2.0
2,3899,9092.920348,NB,1,1.0,1,1.0,24,104.96,104.96,9527.439024390245,
2,3900,9093.078587,MLP,32,1.0,32,1.0,5,205.989,6.43715625,155348.10111219532,
2,3901,9093.355568,NB,64,0.05,1,0.015625,8,129.506,2.02353125,494185.59757849056,
2,3902,9093.52092,NB,8,1.0,8,1.0,15,103.009,12.876125,77663.11681503558,
2,3903,9093.681646,GB,32,0.5,22,0.6875,23,233.381,7.29315625,137114.84653849286,
2,3904,9093.956629,AB,8,0.01,0,0.0,13,7844.664,980.583,1019.8014854428437,
2,3905,9101.872655,AB,64,0.05,3,0.046875,5,8453.279,132.082484375,7571.026580336458,
2,3906,9110.367781,DT,16,0.0,0,0.0,19,84.364,5.27275,189654.35493812527,
2,3907,9110.488644,LoR,1,0.0,0,0.0,7,198.87,198.87,5028.410519434807,
2,3908,9110.839929,RF,32,1.0,32,1.0,11,2997.532,93.672875,10675.449002712898,
2,3909,9113.879851,LoR,1,0.01,0,0.0,10,157.415,157.415,6352.634755264747,
2,3910,9114.207387,DT,16,0.1,2,0.125,22,90.343,5.6464375,177102.81925550403,
2,3911,9114.33663,GB,16,1.0,16,1.0,7,221.073,13.8170625,72374.2836076771,
2,3912,9114.658538,SGD,100,0.5,44,0.44,2,189.529,1.89529,527623.7409578481,
2,3913,9114.900058,DT,64,0.01,0,0.0,24,92.99,1.45296875,688246.0479621465,
2,3914,9115.05935,DT,64,0.01,1,0.015625,2,89.642,1.40065625,713951.0497311528,
2,3915,9115.228227,GB,100,0.5,49,0.49,18,288.761,2.8876100000000005,346307.1536668733,
2,3916,9115.560555,DT,16,0.05,0,0.0,15,94.699,5.9186875,168956.37757526478,
2,3917,9115.710923,GB,8,0.5,3,0.375,8,209.562,26.19525,38174.85994598257,
2,3918,9115.989262,SGD,64,0.01,1,0.015625,18,166.633,2.603640625,384077.5836719017,
2,3919,9116.222964,NB,64,0.05,4,0.0625,15,133.526,2.08634375,479307.40080583555,
2,3920,9116.390919,SGD,1,1.0,1,1.0,26,149.672,149.672,6681.276391041744,
2,3921,9116.698981,DT,64,1.0,64,1.0,12,91.358,1.42746875,700540.729875873,
2,3922,9116.830713,LoR,8,0.01,0,0.0,19,148.223,18.527875,53972.730278027026,
2,3923,9117.015594,RF,1,1.0,1,1.0,9,2924.744,2924.744,341.91026633442107,7.88
2,3924,9132.691135,NB,64,0.5,27,0.421875,0,135.601,2.118765625,471972.92055368325,
2,3925,9132.869308,LoR,32,1.0,32,1.0,27,158.93,4.9665625,201346.5047505191,
2,3926,9133.065136,SGD,1,0.0,0,0.0,6,144.361,144.361,6927.078643123836,
2,3927,9133.358011,SGD,1,0.1,0,0.0,9,140.093,140.093,7138.115394773473,
2,3928,9133.640304,AB,8,0.0,0,0.0,11,7813.496,976.687,1023.8694689291451,
2,3929,9141.494339,MLP,8,0.0,0,0.0,29,177.313,22.164125,45117.95525426788,
2,3930,9141.75024,LoR,100,0.1,11,0.11,18,162.131,1.62131,616785.1922211051,
2,3931,9141.951997,AB,1,0.05,0,0.0,9,7554.348,7554.348,132.37409767196323,2.0
2,3932,9162.770359,MLP,16,0.0,0,0.0,8,223.374,13.960875,71628.7481980893,
2,3933,9163.053504,SGD,8,0.01,0,0.0,2,169.483,21.185375,47202.37427942625,
2,3934,9163.275491,RF,64,1.0,64,1.0,27,3180.528,49.69575,20122.445078301465,
2,3935,9166.511237,DT,64,0.0,0,0.0,10,153.413,2.397078125,417174.5549594884,
2,3936,9166.724654,LoR,16,0.05,2,0.125,1,159.927,9.9954375,100045.64582590807,
2,3937,9166.960098,DT,100,0.05,2,0.02,25,95.438,0.95438,1047800.6664012239,
2,3938,9167.10204,GB,64,1.0,64,1.0,18,291.831,4.559859375,219305.00872080072,
2,3939,9167.434838,RF,1,0.05,0,0.0,25,2887.512,2887.512,346.3189070729403,9.99
2,3940,9183.221392,RF,16,0.5,9,0.5625,25,2967.517,185.4698125,5391.713004508483,
2,3941,9186.231252,DT,1,0.5,1,1.0,5,89.897,89.897,11123.841729979866,11.0
2,3942,9186.509797,AB,16,0.0,0,0.0,1,8007.446,500.465375,1998.1402309800153,
2,3943,9194.603258,AB,64,0.5,28,0.4375,23,8270.086,129.22009375,7738.734518601137,
2,3944,9202.924416,NB,64,1.0,64,1.0,17,136.87,2.13859375,467596.98984437785,
2,3945,9203.12083,DT,16,0.1,1,0.0625,21,86.249,5.3905625,185509.39721040244,
2,3946,9203.262913,NB,16,0.5,8,0.5,6,110.852,6.92825,144336.59293472377,
2,3947,9203.412813,AB,1,0.01,0,0.0,7,7854.067,7854.067,127.32257058667821,2.0
2,3948,9224.519148,DT,100,0.01,1,0.01,28,119.211,1.19211,838848.7639563463,
2,3949,9224.705834,SGD,16,0.5,8,0.5,20,199.045,12.4403125,80383.83280162778,
2,3950,9224.944525,SGD,1,1.0,1,1.0,20,158.639,158.639,6303.620169063092,
2,3951,9225.274325,RF,32,0.0,0,0.0,15,3385.451,105.79534375,9452.211832337847,
2,3952,9228.785494,GB,100,0.05,6,0.06,4,383.678,3.83678,260635.22015857048,
2,3953,9229.215716,SGD,1,0.1,0,0.0,1,198.174,198.174,5046.070624804464,
2,3954,9229.614377,NB,64,0.01,1,0.015625,19,161.755,2.527421875,395660.1032425582,
2,3955,9229.818618,RF,16,0.01,0,0.0,20,3186.93,199.183125,5020.505627673027,
2,3956,9233.069427,SGD,8,0.5,2,0.25,14,171.338,21.41725,46691.33525545997,
2,3957,9233.325047,SGD,100,0.05,5,0.05,27,174.141,1.74141,574247.3053445197,
2,3958,9233.54157,LoR,8,0.05,0,0.0,24,150.682,18.83525,53091.94197050743,
2,3959,9233.755941,LoR,32,0.1,9,0.28125,3,151.665,4.73953125,210991.32957505027,
2,3960,9233.969382,LoR,32,0.5,18,0.5625,24,150.058,4.6893125,213250.87632781992,
2,3961,9234.177503,NB,16,0.1,2,0.125,19,161.926,10.120375,98810.56779022518,
2,3962,9234.377672,RF,1,0.01,0,0.0,23,3483.285,3483.285,287.0853231934797,9.99
2,3963,9251.137224,GB,100,0.05,4,0.04,12,325.42,3.2542,307295.1877573597,
2,3964,9251.507955,LoR,1,0.1,0,0.0,19,178.844,178.844,5591.465187537742,
2,3965,9251.852694,DT,1,0.5,0,0.0,13,90.342,90.342,11069.048725952493,17.0
2,3966,9252.129894,SGD,1,0.1,0,0.0,16,155.343,155.343,6437.367631628075,
2,3967,9252.438257,LoR,16,1.0,16,1.0,17,149.383,9.3364375,107107.23442426513,
2,3968,9252.647426,RF,100,0.0,0,0.0,2,3579.667,35.79667,27935.559369069804,
2,3969,9256.292337,SGD,16,0.5,8,0.5,11,167.187,10.4491875,95701.22078869768,
2,3970,9256.523028,LoR,32,0.5,15,0.46875,21,156.588,4.893375,204357.93291950852,
2,3971,9256.741533,LoR,32,0.5,14,0.4375,25,152.202,4.7563125,210246.90871342033,
2,3972,9256.95242,AB,16,0.5,10,0.625,3,8528.19,533.011875,1876.1308085302976,
2,3973,9265.556315,GB,64,1.0,64,1.0,6,337.889,5.279515625,189411.31555037305,
2,3974,9265.94781,AB,16,0.01,0,0.0,0,8359.163,522.4476875,1914.0672337649116,
2,3975,9274.386043,NB,32,0.01,0,0.0,13,140.117,4.37865625,228380.56766844852,
2,3976,9274.578923,SGD,16,1.0,16,1.0,18,190.997,11.9373125,83770.94928192589,
2,3977,9274.853195,NB,100,0.01,1,0.01,6,165.947,1.65947,602602.0355896762,
2,3978,9275.059372,LoR,8,0.01,0,0.0,21,157.71,19.71375,50726.01610551011,
2,3979,9275.26662,AB,32,0.05,0,0.0,4,8216.905,256.77828125,3894.410364973186,
2,3980,9283.526972,DT,16,0.0,0,0.0,8,82.062,5.128875,194974.5314518291,
2,3981,9283.679588,MLP,64,0.05,3,0.046875,27,234.365,3.661953125,273078.318008235,
2,3982,9283.984907,NB,64,0.1,6,0.09375,27,133.694,2.08896875,478705.1026972041,
2,3983,9284.185647,DT,64,0.5,29,0.453125,9,95.562,1.49315625,669722.2745442749,
2,3984,9284.346666,MLP,64,0.5,36,0.5625,0,217.914,3.40490625,293693.8425250328,
2,3985,9284.633396,MLP,64,0.1,5,0.078125,27,207.677,3.244953125,308170.86148201296,
2,3986,9284.890518,AB,64,0.0,0,0.0,23,8569.187,133.893546875,7468.619835230576,
2,3987,9293.503418,DT,1,0.01,0,0.0,2,86.993,86.993,11495.177772924259,16.0
2,3988,9293.811759,AB,16,0.01,0,0.0,19,8168.433,510.5270625,1958.760021658989,
2,3989,9302.026478,SGD,32,0.0,0,0.0,7,157.696,4.928,202922.07792207794,
2,3990,9302.245049,DT,8,0.1,2,0.25,10,85.425,10.678125,93649.40005853088,
2,3991,9302.397877,RF,64,0.05,3,0.046875,27,3359.94,52.4990625,19047.959189747435,
2,3992,9305.833231,NB,64,0.5,36,0.5625,18,145.793,2.278015625,438978.5517823215,
2,3993,9306.048411,DT,64,0.1,9,0.140625,28,97.804,1.5281875,654369.9644186331,
2,3994,9306.185138,MLP,1,0.05,0,0.0,10,173.33,173.33,5769.341718109963,
2,3995,9306.540451,AB,8,0.5,1,0.125,10,8119.646,1014.95575,985.264628531835,
2,3996,9314.728827,MLP,32,0.01,1,0.03125,17,197.01,6.1565625,162428.30313182072,
2,3997,9314.965235,SGD,1,1.0,1,1.0,21,147.201,147.201,6793.432109836211,
2,3998,9315.281429,NB,16,0.1,2,0.125,7,114.382,7.148875,139882.14928922383,
2,3999,9315.438338,GB,32,1.0,32,1.0,24,269.74,8.429375,118632.75747015644,
2,4000,9315.770505,GB,16,0.1,1,0.0625,9,229.162,14.322625,69819.60359920056,
2,4001,9316.050932,NB,64,1.0,64,1.0,10,137.168,2.14325,466581.12679342116,
2,4002,9316.233744,SGD,32,0.01,0,0.0,16,161.522,5.0475625,198115.42700065626,
2,4003,9316.43818,MLP,16,0.01,0,0.0,14,180.662,11.291375,88563.17321849642,
2,4004,9316.657099,AB,1,0.0,0,0.0,0,8062.306,8062.306,124.03399225978275,2.0
2,4005,9338.233689,LoR,16,0.0,0,0.0,0,192.697,12.0435625,83031.91020098912,
2,4006,9338.4727,MLP,1,0.05,0,0.0,22,213.009,213.009,4694.637315794169,
2,4007,9338.886201,NB,64,0.05,3,0.046875,19,147.425,2.303515625,434119.0435814821,
2,4008,9339.095958,DT,32,0.1,2,0.0625,14,96.732,3.022875,330810.9002191622,
2,4009,9339.229684,GB,8,0.0,0,0.0,14,253.544,31.693,31552.708800050485,
2,4010,9339.537838,DT,64,0.01,0,0.0,23,96.061,1.500953125,666243.3245541895,
2,4011,9339.695168,MLP,32,0.05,2,0.0625,6,205.206,6.4126875,155940.85942906153,
2,4012,9339.941664,NB,8,0.05,0,0.0,21,111.585,13.948125,71694.22413406821,
2,4013,9340.09499,LoR,32,0.0,0,0.0,25,157.148,4.910875,203629.69939165626,
2,4014,9340.328866,GB,100,0.5,45,0.45,21,307.243,3.0724299999999998,325475.2752707141,
2,4015,9340.678528,NB,16,1.0,16,1.0,22,119.287,7.4554375,134130.29081123674,
2,4016,9340.840403,DT,32,1.0,32,1.0,23,92.454,2.8891875,346118.06952646724,
2,4017,9340.972251,NB,1,0.1,0,0.0,11,102.313,102.313,9773.929021727445,
2,4018,9341.151512,AB,64,0.1,9,0.140625,9,8482.063,132.532234375,7545.334195230571,
2,4019,9349.679418,LoR,16,0.05,0,0.0,21,155.101,9.6938125,103158.58698525478,
2,4020,9349.905854,LoR,64,0.05,2,0.03125,5,159.3,2.4890625,401757.68989328307,
2,4021,9350.104674,GB,1,0.1,1,1.0,7,203.955,203.955,4903.0423377705865,4.0
2,4022,9362.976924,GB,16,0.01,1,0.0625,29,221.598,13.849875,72202.81771496132,
2,4023,9363.241741,SGD,8,0.1,0,0.0,2,162.352,20.294,49275.647974770865,
2,4024,9363.474428,NB,64,0.5,33,0.515625,8,135.477,2.116828125,472404.9100585339,
2,4025,9363.660338,MLP,64,0.01,0,0.0,27,218.689,3.417015625,292653.03696116403,
2,4026,9363.938749,LoR,8,0.05,1,0.125,21,152.339,19.042375,52514.45788668693,
2,4027,9364.13382,RF,1,0.5,1,1.0,9,3081.375,3081.375,324.5304450123727,8.27
2,4028,9380.255317,DT,16,0.5,8,0.5,0,92.583,5.7864375,172817.90393484765,
2,4029,9380.388548,LoR,8,0.01,0,0.0,8,156.861,19.607625,51000.56738131212,
2,4030,9380.602299,RF,100,1.0,100,1.0,8,3296.401,32.96401,30336.1150539634,
2,4031,9383.964681,GB,16,0.05,1,0.0625,19,232.542,14.533875,68804.77505138857,
2,4032,9384.239694,RF,16,0.0,0,0.0,2,3065.482,191.592625,5219.407584190675,
2,4033,9387.352178,AB,32,0.0,0,0.0,16,8238.713,257.45978125,3884.101800851662,
2,4034,9395.674665,SGD,100,0.5,53,0.53,4,176.14,1.7613999999999999,567730.2146020212,
2,4035,9395.891995,MLP,1,0.01,0,0.0,8,168.38,168.38,5938.947618482005,
2,4036,9396.243029,DT,32,0.5,12,0.375,26,90.426,2.8258125,353880.5210890673,
2,4037,9396.382304,AB,64,1.0,64,1.0,15,8377.188,130.8935625,7639.795119794375,
2,4038,9404.806635,MLP,32,1.0,32,1.0,2,201.325,6.29140625,158946.9762821309,
2,4039,9405.05039,SGD,1,0.01,0,0.0,14,148.645,148.645,6727.437855292811,
2,4040,9405.371501,LoR,100,0.0,0,0.0,23,163.429,1.63429,611886.5072906277,
2,4041,9405.587218,RF,64,0.01,0,0.0,9,3362.125,52.533203125,19035.58017622783,
2,4042,9408.994424,SGD,8,0.01,0,0.0,21,165.595,20.699375,48310.63739847218,
2,4043,9409.225929,LoR,32,0.1,4,0.125,2,158.465,4.95203125,201937.33632032308,
2,4044,9409.421782,LoR,1,1.0,1,1.0,23,179.748,179.748,5563.344237488039,
2,4045,9409.755477,RF,16,0.0,0,0.0,20,3108.672,194.292,5146.89230642538,
2,4046,9412.928071,RF,8,0.5,3,0.375,19,3008.792,376.099,2658.874392114842,
2,4047,9416.000484,SGD,8,0.5,3,0.375,25,165.812,20.7265,48247.412732492216,
2,4048,9416.211569,MLP,32,1.0,32,1.0,19,196.467,6.13959375,162877.2262008378,
2,4049,9416.448575,RF,8,0.0,0,0.0,10,3045.662,380.70775,2626.6867433090083,
2,4050,9419.538956,AB,16,0.0,0,0.0,3,8250.843,515.6776875,1939.1957888424247,
2,4051,9427.858927,SGD,32,0.01,1,0.03125,20,160.098,5.0030625,199877.57498532147,
2,4052,9428.056783,MLP,1,0.0,0,0.0,3,164.067,164.067,6095.070916150109,
2,4053,9428.407456,NB,100,0.01,2,0.02,1,162.807,1.62807,614224.2041189875,
2,4054,9428.609214,AB,8,1.0,8,1.0,26,8067.01,1008.37625,991.6933287550157,
2,4055,9436.7504,MLP,64,0.5,28,0.4375,6,217.377,3.396515625,294419.3727947299,
2,4056,9437.040225,NB,64,0.05,7,0.109375,24,134.057,2.094640625,477408.8633939295,
2,4057,9437.212295,SGD,8,0.0,0,0.0,28,153.406,19.17575,52149.19885793254,
2,4058,9437.411994,DT,16,0.01,0,0.0,8,88.812,5.55075,180155.8347970995,
2,4059,9437.540521,MLP,8,0.01,0,0.0,3,175.66,21.9575,45542.52533302972,
2,4060,9437.776891,GB,16,0.5,4,0.25,25,255.487,15.9679375,62625.49562208645,
2,4061,9438.073902,RF,1,0.01,0,0.0,9,2998.745,2998.745,333.47283613645044,9.35
2,4062,9454.522438,GB,64,0.01,1,0.015625,26,345.376,5.3965,185305.29046604282,
2,4063,9454.934349,DT,8,0.1,1,0.125,14,101.527,12.690875,78796.77327213451,
2,4064,9455.076357,RF,16,0.0,0,0.0,4,3068.436,191.77725,5214.382832165963,
2,4065,9458.219918,MLP,64,0.05,4,0.0625,21,262.313,4.098640625,243983.33288857207,
2,4066,9458.542807,MLP,8,0.5,5,0.625,15,218.622,27.32775,36592.84061073451,
2,4067,9458.817831,SGD,64,1.0,64,1.0,23,167.059,2.610296875,383098.1868681125,
2,4068,9459.024599,DT,8,0.0,0,0.0,16,89.725,11.215625,89161.32627472834,
2,4069,9459.163068,DT,64,0.0,0,0.0,28,90.36,1.411875,708277.9991146525,
2,4070,9459.291692,AB,16,1.0,16,1.0,8,8107.778,506.736125,1973.4136775821933,
2,4071,9467.461184,SGD,100,1.0,100,1.0,12,172.869,1.72869,578472.7163343341,
2,4072,9467.677571,NB,8,0.1,0,0.0,4,115.25,14.40625,69414.31670281995,
2,4073,9467.852287,RF,16,0.05,1,0.0625,3,3080.331,192.5206875,5194.246981899023,
2,4074,9470.997574,NB,16,0.05,1,0.0625,18,125.824,7.864,127161.7497456765,
2,4075,9471.18564,DT,32,0.01,1,0.03125,8,95.654,2.9891875,334539.0678905221,
2,4076,9471.341482,AB,32,0.5,15,0.46875,5,8203.234,256.3510625,3900.900547271966,
2,4077,9479.590395,DT,16,0.01,0,0.0,16,83.282,5.205125,192118.3449004587,
2,4078,9479.733987,NB,16,0.5,8,0.5,7,115.323,7.2076875,138740.7542294252,
2,4079,9479.886635,NB,8,1.0,8,1.0,13,105.868,13.2335,75565.79891940908,
2,4080,9480.028189,GB,1,1.0,1,1.0,27,224.728,224.728,4449.823786978035,4.0
2,4081,9492.953853,SGD,100,0.05,5,0.05,3,182.116,1.8211600000000001,549100.5732609985,
2,4082,9493.177554,MLP,1,0.05,0,0.0,8,169.804,169.804,5889.14277637747,
2,4083,9493.538241,GB,64,0.5,33,0.515625,27,266.473,4.163640625,240174.42667737443,
2,4084,9493.848417,LoR,8,0.1,0,0.0,16,161.906,20.23825,49411.38685410053,
2,4085,9494.050946,RF,1,0.1,0,0.0,0,2939.635,2939.635,340.1782874404475,9.8
2,4086,9509.919236,NB,100,0.05,7,0.07,4,168.021,1.6802099999999998,595163.6997756234,
2,4087,9510.129646,LoR,1,0.5,1,1.0,1,154.956,154.956,6453.444848860322,
2,4088,9510.465545,AB,16,0.0,0,0.0,11,8134.583,508.4114375,1966.9109037304065,
2,4089,9518.695597,LoR,100,0.01,2,0.02,18,170.836,1.70836,585356.7163829637,
2,4090,9518.941997,RF,100,0.0,0,0.0,3,3794.58,37.9458,26353.377712421403,
2,4091,9522.801269,MLP,32,0.0,0,0.0,16,248.333,7.76040625,128859.23336809849,
2,4092,9523.093842,NB,16,0.0,0,0.0,21,125.809,7.8630625,127176.91103180218,
2,4093,9523.26023,NB,16,1.0,16,1.0,4,110.885,6.9303125,144293.63755241915,
2,4094,9523.406931,GB,1,0.0,0,0.0,11,244.342,244.342,4092.6242725360353,4.0
2,4095,9536.403738,GB,8,0.05,1,0.125,0,227.817,28.477125,35115.90443206609,
2,4096,9536.715229,GB,100,0.01,1,0.01,17,278.499,2.78499,359067.7165806699,
2,4097,9537.059417,NB,32,0.01,2,0.0625,15,129.692,4.052875,246738.42642568547,
2,4098,9537.228574,SGD,8,0.1,0,0.0,9,167.501,20.937625,47760.90889009618,
2,4099,9537.436301,LoR,16,1.0,16,1.0,5,151.659,9.4786875,105499.83845337237,
2,4100,9537.626278,SGD,8,1.0,8,1.0,16,145.22,18.1525,55088.83073956755,
2,4101,9537.814764,LoR,32,0.0,0,0.0,14,147.159,4.59871875,217451.8717849401,
2,4102,9538.021034,MLP,16,0.5,6,0.375,1,182.641,11.4150625,87603.55013386918,
2,4103,9538.253531,AB,64,1.0,64,1.0,17,8559.231,133.737984375,7477.307248746996,
2,4104,9546.863056,AB,32,1.0,32,1.0,25,8199.053,256.22040625,3902.889760561372,
2,4105,9555.125326,AB,8,0.5,4,0.5,12,8006.72,1000.84,999.1607050077935,
2,4106,9563.174304,RF,1,0.05,0,0.0,29,3015.453,3015.453,331.6251322769746,11.59
2,4107,9579.854783,MLP,8,0.05,0,0.0,14,245.931,30.741375,32529.449317084873,
2,4108,9580.196327,GB,64,0.1,6,0.09375,7,302.528,4.727,211550.66638459908,
2,4109,9580.542444,DT,1,0.5,1,1.0,2,95.752,95.752,10443.646085721448,4.0
2,4110,9580.827942,AB,1,0.1,0,0.0,16,8182.12,8182.12,122.21771374655957,2.0
2,4111,9601.886738,RF,1,0.0,0,0.0,8,3015.71,3015.71,331.5968710519247,9.99
2,4112,9618.065251,LoR,32,0.1,2,0.0625,13,182.768,5.7115,175085.35411012868,
2,4113,9618.332772,LoR,100,0.05,3,0.03,15,171.167,1.71167,584224.7629508025,
2,4114,9618.552701,AB,64,1.0,64,1.0,9,8514.279,133.035609375,7516.784451155523,
2,4115,9627.148002,NB,100,0.1,9,0.09,10,182.986,1.8298599999999998,546489.895401834,
2,4116,9627.374401,MLP,32,0.0,0,0.0,2,212.469,6.63965625,150610.20666544297,
2,4117,9627.633497,NB,8,0.01,0,0.0,3,109.862,13.73275,72818.62700478784,
2,4118,9627.782622,RF,1,0.01,0,0.0,20,3039.878,3039.878,328.9605701281433,10.96
2,4119,9643.785947,RF,16,0.1,2,0.125,4,3061.25,191.328125,5226.623111474071,
2,4120,9646.901093,AB,64,1.0,64,1.0,29,8417.319,131.520609375,7603.371097139126,
2,4121,9655.364733,MLP,16,0.1,0,0.0,27,190.229,11.8893125,84109.15265285523,
2,4122,9655.596079,AB,8,1.0,8,1.0,28,7970.994,996.37425,1003.6389439008485,
2,4123,9663.62996,MLP,100,0.01,0,0.0,1,239.082,2.3908199999999997,418266.5361675074,
2,4124,9663.93006,AB,8,0.5,5,0.625,23,7921.876,990.2345,1009.8618054612316,
2,4125,9671.901428,MLP,32,1.0,32,1.0,10,191.921,5.99753125,166735.27128349687,
2,4126,9672.174064,LoR,100,0.1,14,0.14,13,169.641,1.69641,589480.137466768,
2,4127,9672.387949,GB,16,1.0,16,1.0,27,251.829,15.7393125,63535.17664764582,
2,4128,9672.681287,AB,1,0.01,0,0.0,5,7790.932,7790.932,128.35434836294297,2.0
2,4129,9693.552592,AB,8,0.01,0,0.0,26,8242.114,1030.26425,970.6247693249572,
2,4130,9701.864816,DT,100,0.0,0,0.0,22,93.11,0.9311,1073998.496402105,
2,4131,9702.017732,AB,100,0.0,0,0.0,11,8858.916,88.58915999999999,11288.062783302157,
2,4132,9710.918674,AB,8,0.0,0,0.0,26,7952.226,994.02825,1006.0076260408092,
2,4133,9718.910764,LoR,1,1.0,1,1.0,5,167.98,167.98,5953.089653530183,
2,4134,9719.235208,MLP,1,0.0,0,0.0,12,172.022,172.022,5813.209938263711,
2,4135,9719.580397,DT,32,0.5,22,0.6875,18,90.991,2.84346875,351683.13349671947,
2,4136,9719.710551,DT,1,0.01,0,0.0,16,81.825,81.825,12221.203788573173,16.0
2,4137,9719.989533,DT,16,1.0,16,1.0,5,87.534,5.470875,182786.11739438388,
2,4138,9720.11561,MLP,8,1.0,8,1.0,2,182.769,22.846125,43771.09903758296,
2,4139,9720.362828,AB,32,0.1,3,0.09375,22,8182.353,255.69853125,3910.8554715251225,
2,4140,9728.605528,LoR,100,1.0,100,1.0,24,168.104,1.68104,594869.8424784656,
2,4141,9728.817409,GB,16,0.05,0,0.0,5,248.65,15.540625,64347.476372411016,
2,4142,9729.127502,MLP,16,0.5,8,0.5,20,185.699,11.6061875,86160.93786180862,
2,4143,9729.390789,AB,100,0.05,9,0.09,3,8742.973,87.42973,11437.756927763588,
2,4144,9738.176713,NB,1,0.1,0,0.0,22,109.772,109.772,9109.791203585613,
2,4145,9738.359908,GB,32,0.5,9,0.28125,24,302.801,9.46253125,105679.96803180968,
2,4146,9738.735918,RF,64,0.5,27,0.421875,28,3355.906,52.43603125,19070.85597749162,
2,4147,9742.135489,DT,1,0.05,0,0.0,4,94.708,94.708,10558.770114457067,17.0
2,4148,9742.465828,NB,100,0.1,15,0.15,12,212.008,2.12008,471680.3139504169,
2,4149,9742.719601,RF,8,0.1,0,0.0,27,3008.652,376.0815,2658.9981160998345,
2,4150,9745.812582,RF,100,0.5,58,0.58,26,3332.685,33.32685,30005.836135128284,
2,4151,9749.189207,NB,16,0.0,0,0.0,15,124.281,7.7675625,128740.5154448387,
2,4152,9749.384249,DT,64,0.1,1,0.015625,1,99.158,1.54934375,645434.5589866678,
2,4153,9749.558765,LoR,100,0.5,52,0.52,16,178.327,1.78327,560767.5786616721,
2,4154,9749.783062,RF,32,0.01,0,0.0,4,3133.813,97.93165625,10211.202774383793,
2,4155,9752.977811,NB,100,1.0,100,1.0,25,158.479,1.5847900000000001,630998.4288139122,
2,4156,9753.193097,NB,100,1.0,100,1.0,2,147.723,1.47723,676942.6561875943,
2,4157,9753.392752,GB,64,0.0,0,0.0,16,267.994,4.18740625,238811.31667126872,
2,4158,9753.720623,RF,100,1.0,100,1.0,26,3353.756,33.53756,29817.31527278669,
2,4159,9757.138332,SGD,8,0.5,5,0.625,28,170.015,21.251875,47054.67164661942,
2,4160,9757.350319,AB,16,1.0,16,1.0,22,8110.296,506.8935,1972.8009927134594,
2,4161,9765.512525,SGD,64,0.0,0,0.0,14,165.272,2.582375,387240.42790067283,
2,4162,9765.719424,SGD,16,0.0,0,0.0,26,148.248,9.2655,107927.25702876261,
2,4163,9765.920046,GB,64,0.01,0,0.0,4,251.179,3.924671875,254798.37088291618,
2,4164,9766.233487,MLP,16,0.1,2,0.125,17,193.848,12.1155,82538.89645495439,
2,4165,9766.488242,DT,16,0.1,1,0.0625,18,127.29,7.955625,125697.22680493361,
2,4166,9766.672528,MLP,8,0.01,1,0.125,28,178.815,22.351875,44738.97603668596,
2,4167,9766.893642,MLP,8,0.0,0,0.0,17,172.861,21.607625,46279.95904223625,
2,4168,9767.107599,AB,8,0.01,0,0.0,25,7997.01,999.62625,1000.3738897412908,
2,4169,9775.171715,NB,32,0.5,10,0.3125,0,121.604,3.800125,263149.23851189105,
2,4170,9775.351669,SGD,16,0.05,2,0.125,27,182.01,11.375625,87907.25784297567,
2,4171,9775.570719,RF,1,1.0,1,1.0,23,2935.874,2935.874,340.614072674781,6.83
2,4172,9791.515985,MLP,32,0.1,1,0.03125,15,205.038,6.4074375,156068.63118056164,
2,4173,9791.772595,AB,64,0.0,0,0.0,13,8471.499,132.367171875,7554.74326326427,
2,4174,9800.287176,AB,1,0.01,0,0.0,22,7744.789,7744.789,129.11907606520978,2.0
2,4175,9820.955137,NB,1,0.5,0,0.0,8,108.151,108.151,9246.331517970246,
2,4176,9821.143214,AB,64,0.01,1,0.015625,13,8458.455,132.163359375,7566.393626259169,
2,4177,9829.643512,GB,8,0.0,0,0.0,3,221.86,27.7325,36058.77580456143,
2,4178,9829.946615,LoR,100,0.01,1,0.01,25,181.653,1.81653,550500.1293675305,
2,4179,9830.186851,GB,8,0.5,5,0.625,19,216.041,27.005125,37030.00819288931,
2,4180,9830.474011,NB,64,0.1,5,0.078125,6,185.736,2.902125,344575.09583494853,
2,4181,9830.730623,DT,16,0.1,0,0.0,14,102.78,6.42375,155672.30978789646,
2,4182,9830.876953,DT,32,0.01,0,0.0,15,86.5,2.703125,369942.1965317919,
2,4183,9831.00338,GB,32,1.0,32,1.0,1,224.857,7.02678125,142312.66983015873,
2,4184,9831.305933,MLP,100,0.05,7,0.07,7,243.263,2.43263,411077.72246498644,
2,4185,9831.587049,SGD,1,0.0,0,0.0,26,177.521,177.521,5633.136361331899,
2,4186,9831.928954,AB,16,0.05,0,0.0,25,8004.682,500.292625,1998.8301846344427,
2,4187,9840.000055,GB,32,0.05,3,0.09375,9,226.862,7.0894375,141054.91444137847,
2,4188,9840.268722,NB,1,0.1,1,1.0,14,105.794,105.794,9452.331890277332,
2,4189,9840.45166,GB,64,0.01,1,0.015625,7,242.355,3.786796875,264075.42654370656,
2,4190,9840.763163,AB,64,0.5,31,0.484375,27,8255.851,128.997671875,7752.077889971609,
2,4191,9849.091962,DT,64,0.05,2,0.03125,12,86.235,1.347421875,742158.0564735896,
2,4192,9849.217654,MLP,8,0.01,0,0.0,19,178.294,22.28675,44869.70958080474,
2,4193,9849.436211,MLP,1,0.05,0,0.0,26,159.965,159.965,6251.367486637702,
2,4194,9849.742515,NB,16,1.0,16,1.0,9,110.981,6.9363125,144168.82169019923,
2,4195,9849.911652,RF,8,0.05,1,0.125,13,2976.868,372.1085,2687.388221446164,
2,4196,9852.958671,MLP,32,0.1,3,0.09375,18,201.665,6.30203125,158678.99734708553,
2,4197,9853.213208,LoR,64,1.0,64,1.0,14,162.298,2.53590625,394336.34425562853,
2,4198,9853.415792,SGD,16,1.0,16,1.0,0,148.229,9.2643125,107941.09114950516,
2,4199,9853.622427,RF,16,0.5,9,0.5625,10,3034.361,189.6475625,5272.938849398605,
2,4200,9856.721388,AB,16,0.05,1,0.0625,9,7964.057,497.7535625,2009.026304055835,
2,4201,9864.76664,RF,100,0.01,1,0.01,16,3309.377,33.09377,30217.167762995876,
2,4202,9868.128688,SGD,64,1.0,64,1.0,17,173.462,2.71034375,368956.8896934199,
2,4203,9868.381315,RF,100,0.05,7,0.07,12,3291.434,32.91434,30381.894335417328,
2,4204,9871.746321,NB,64,0.5,34,0.53125,14,140.733,2.198953125,454761.8540072335,
2,4205,9871.935079,GB,64,0.0,0,0.0,9,258.432,4.038,247647.35017335313,
2,4206,9872.233817,RF,8,1.0,8,1.0,7,2893.21,361.65125,2765.094825470671,
2,4207,9875.168945,NB,1,0.05,0,0.0,18,109.539,109.539,9129.168606614996,
2,4208,9875.342994,LoR,1,0.5,1,1.0,24,163.416,163.416,6119.351838253292,
2,4209,9875.673165,NB,8,0.5,4,0.5,24,108.504,13.563,73730.0007373,
2,4210,9875.847748,DT,64,0.1,9,0.140625,27,94.056,1.469625,680445.691928213,
2,4211,9875.979002,AB,1,0.05,0,0.0,22,7623.01,7623.01,131.1817772769549,2.0
2,4212,9896.237544,SGD,100,0.5,43,0.43,27,176.471,1.76471,566665.3444475296,
2,4213,9896.483632,MLP,64,0.1,7,0.109375,3,212.355,3.318046875,301382.11956393777,
2,4214,9896.735153,LoR,8,0.0,0,0.0,13,145.965,18.245625,54807.659370397014,
2,4215,9896.919639,SGD,8,0.0,0,0.0,10,143.81,17.97625,55628.95487101036,
2,4216,9897.111711,SGD,64,0.0,0,0.0,25,150.65,2.35390625,424825.7550614006,
2,4217,9897.29895,GB,1,1.0,1,1.0,25,204.539,204.539,4889.043165362107,4.0
2,4218,9909.983368,RF,100,0.05,3,0.03,22,3534.633,35.346329999999995,28291.48033190433,
2,4219,9913.608752,LoR,100,0.1,15,0.15,16,180.705,1.80705,553388.1187570903,
2,4220,9913.830796,SGD,1,0.1,0,0.0,23,148.425,148.425,6737.4094660603,
2,4221,9914.12734,DT,16,0.0,0,0.0,11,87.819,5.4886875,182192.91952766484,
2,4222,9914.251553,MLP,1,1.0,1,1.0,2,164.008,164.008,6097.263548119604,
2,4223,9914.558604,MLP,1,0.05,0,0.0,11,161.393,161.393,6196.055591010762,
2,4224,9914.884477,GB,32,0.5,15,0.46875,29,239.334,7.4791875,133704.3629404932,
2,4225,9915.16282,MLP,1,0.0,0,0.0,19,166.34,166.34,6011.7830948659375,
2,4226,9915.479155,SGD,8,0.1,0,0.0,25,146.647,18.330875,54552.769575920414,
2,4227,9915.703642,GB,100,0.01,1,0.01,8,269.718,2.6971800000000004,370757.606092289,
2,4228,9916.020128,MLP,32,0.1,0,0.0,16,197.924,6.185125,161678.21992279866,
2,4229,9916.261025,AB,16,0.01,0,0.0,4,7925.88,495.3675,2018.7032859442736,
2,4230,9924.228814,RF,16,1.0,16,1.0,2,2977.355,186.0846875,5373.897301463883,
2,4231,9927.246513,DT,1,1.0,1,1.0,4,91.213,91.213,10963.349522546128,13.0
2,4232,9927.539015,NB,64,1.0,64,1.0,24,138.955,2.171171875,460580.76355654706,
2,4233,9927.734855,NB,8,0.5,4,0.5,22,107.236,13.4045,74601.81282405162,
2,4234,9927.914224,AB,100,0.5,56,0.56,14,8561.656,85.61656,11679.983405079576,
2,4235,9936.54927,SGD,64,0.05,6,0.09375,13,162.104,2.532875,394808.2712332823,
2,4236,9936.771796,LoR,16,0.05,1,0.0625,27,148.399,9.2749375,107817.4381228984,
2,4237,9936.962116,AB,1,0.5,1,1.0,1,8076.219,8076.219,123.82031740347804,2.0
2,4238,9957.899203,DT,100,0.0,0,0.0,9,99.593,0.99593,1004086.6325946603,
2,4239,9958.037599,RF,8,0.0,0,0.0,26,3020.622,377.57775,2648.461144757603,
2,4240,9961.127785,RF,32,0.1,3,0.09375,13,3129.808,97.8065,10224.269348151707,
2,4241,9964.300655,LoR,1,0.01,0,0.0,11,171.68,171.68,5824.790307548928,
2,4242,9964.648652,SGD,16,0.5,9,0.5625,24,153.121,9.5700625,104492.52551903397,
2,4243,9964.841549,AB,1,0.1,0,0.0,8,7673.596,7673.596,130.3169987056916,2.0
2,4244,9985.198705,MLP,100,0.0,0,0.0,26,254.162,2.54162,393449.8469480095,
2,4245,9985.51302,DT,8,0.5,4,0.5,29,89.834,11.22925,89053.14246276465,
2,4246,9985.644326,AB,32,0.0,0,0.0,1,8047.698,251.4905625,3976.2923509306634,
2,4247,9993.757756,SGD,32,0.1,7,0.21875,7,155.861,4.87065625,205311.14262066843,
2,4248,9993.981322,RF,64,0.05,2,0.03125,6,3237.606,50.58759375,19767.692548135874,
2,4249,9997.285761,GB,32,0.5,15,0.46875,5,277.192,8.66225,115443.44714133164,
2,4250,9997.604703,NB,16,0.0,0,0.0,18,124.111,7.7569375,128916.85668474188,
2,4251,9997.77739,GB,64,1.0,64,1.0,0,256.816,4.01275,249205.6569684132,
2,4252,9998.076931,RF,8,0.01,0,0.0,19,3031.677,378.959625,2638.803540086889,
2,4253,10001.176972,NB,32,0.05,1,0.03125,0,127.755,3.99234375,250479.43329028218,
2,4254,10001.35472,NB,64,0.01,0,0.0,7,130.549,2.039828125,490237.3821323794,
2,4255,10001.54214,DT,100,0.01,0,0.0,27,99.722,0.99722,1002787.7499448467,
2,4256,10001.681032,GB,8,0.1,0,0.0,0,207.512,25.939,38551.98735494815,
2,4257,10001.933346,MLP,32,0.0,0,0.0,20,201.398,6.2936875,158889.36335018222,
2,4258,10002.178731,LoR,16,0.01,0,0.0,25,150.259,9.3911875,106482.80635436148,
2,4259,10002.368903,MLP,16,0.0,0,0.0,28,171.633,10.7270625,93222.16590049698,
2,4260,10002.605621,GB,16,0.0,0,0.0,9,239.254,14.953375,66874.53501299873,
2,4261,10002.885975,NB,1,0.1,0,0.0,19,103.312,103.312,9679.417686231996,
2,4262,10003.060353,NB,32,0.01,1,0.03125,5,116.376,3.63675,274970.78435416234,
2,4263,10003.231709,DT,8,0.05,1,0.125,0,88.747,11.093375,90143.89218790494,
2,4264,10003.358325,NB,8,0.05,0,0.0,19,106.959,13.369875,74795.0149122561,
2,4265,10003.519585,AB,16,0.1,6,0.375,16,8230.063,514.3789375,1944.0920440098696,
2,4266,10011.809084,NB,100,0.0,0,0.0,8,161.058,1.61058,620894.3362018652,
2,4267,10012.009637,LoR,1,0.0,0,0.0,3,147.931,147.931,6759.908335642968,
2,4268,10012.308926,AB,1,0.01,0,0.0,21,7723.035,7723.035,129.4827745827903,2.0
2,4269,10032.743915,GB,16,0.01,1,0.0625,1,226.71,14.169375,70574.74306382603,
2,4270,10033.018164,DT,32,0.01,0,0.0,26,91.598,2.8624375,349352.605952095,
2,4271,10033.176716,RF,64,0.05,3,0.046875,19,3283.909,51.311078125,19488.96878689391,
2,4272,10036.503299,GB,1,0.5,0,0.0,0,215.997,215.997,4629.693930934226,4.0
2,4273,10049.223909,DT,16,0.01,0,0.0,5,89.793,5.6120625,178187.60927911973,
2,4274,10049.3575,GB,32,1.0,32,1.0,15,225.19,7.0371875,142102.22478795683,
2,4275,10049.634077,LoR,64,1.0,64,1.0,28,168.231,2.628609375,380429.29067769914,
2,4276,10049.879572,DT,100,0.5,50,0.5,3,100.733,1.00733,992723.3379329514,
2,4277,10050.018182,NB,1,0.5,0,0.0,12,103.79,103.79,9634.839579920994,
2,4278,10050.171269,LoR,16,0.01,0,0.0,22,151.795,9.4871875,105405.31638064496,
2,4279,10050.397865,MLP,100,0.5,59,0.59,15,238.668,2.38668,418992.07266998506,
2,4280,10050.68716,SGD,64,0.0,0,0.0,21,159.484,2.4919375,401294.17371021543,
2,4281,10050.889374,GB,32,1.0,32,1.0,5,225.445,7.04515625,141941.49349065183,
2,4282,10051.175137,SGD,16,0.5,9,0.5625,29,157.569,9.8480625,101542.81616307778,
2,4283,10051.39126,AB,16,0.5,10,0.625,6,7916.907,494.8066875,2020.9912785384495,
2,4284,10059.387332,DT,100,0.1,13,0.13,3,90.781,0.90781,1101552.0868904286,
2,4285,10059.534053,DT,100,0.0,0,0.0,18,88.848,0.8884799999999999,1125517.7381595534,
2,4286,10059.66172,DT,8,0.01,0,0.0,25,83.44,10.43,95877.27708533077,
2,4287,10059.783036,LoR,8,0.1,0,0.0,22,149.164,18.6455,53632.2437049154,
2,4288,10059.987687,GB,8,0.5,4,0.5,11,207.946,25.99325,38471.526261625615,
2,4289,10060.254963,LoR,16,0.5,9,0.5625,1,152.482,9.530125,104930.41801655278,
2,4290,10060.475557,GB,64,0.01,1,0.015625,9,243.674,3.80740625,262645.9942382035,
2,4291,10060.757474,RF,1,1.0,1,1.0,22,2898.827,2898.827,344.96711945900876,7.88
2,4292,10076.291548,AB,32,0.01,2,0.0625,13,8037.726,251.1789375,3981.2255356801165,
2,4293,10084.377479,MLP,32,0.01,0,0.0,2,194.434,6.0760625,164580.2688830143,
2,4294,10084.637356,LoR,32,0.01,1,0.03125,0,152.746,4.7733125,209498.1210637267,
2,4295,10084.839713,SGD,64,1.0,64,1.0,9,155.623,2.431609375,411250.2650636474,
2,4296,10085.058186,DT,32,0.5,13,0.40625,5,89.099,2.78434375,359151.0566897496,
2,4297,10085.19073,GB,32,0.01,0,0.0,9,223.241,6.97628125,143342.8447283429,
2,4298,10085.490312,AB,100,0.05,3,0.03,12,8523.82,85.23819999999999,11731.829156411093,
2,4299,10094.095723,DT,100,0.1,5,0.05,5,90.931,0.90931,1099734.9638737065,
2,4300,10094.241979,DT,100,0.0,0,0.0,19,87.995,0.87995,1136428.2061480766,
2,4301,10094.396282,DT,64,0.5,31,0.484375,5,86.678,1.35434375,738364.9830406794,
2,4302,10094.537305,RF,8,0.1,1,0.125,2,2954.738,369.34225,2707.515860966353,
2,4303,10097.537442,NB,16,0.01,0,0.0,26,123.06,7.69125,130017.8774581505,
2,4304,10097.700206,NB,1,0.5,0,0.0,16,100.317,100.317,9968.400171456484,
2,4305,10097.865888,RF,8,0.5,1,0.125,26,2923.368,365.421,2736.5696005429354,
2,4306,10100.852673,LoR,16,0.1,3,0.1875,29,162.007,10.1254375,98761.16464103403,
2,4307,10101.076159,AB,8,0.5,3,0.375,6,7967.451,995.931375,1004.0852463353713,
2,4308,10109.086811,NB,8,0.01,0,0.0,0,107.305,13.413125,74553.84185266297,
2,4309,10109.236196,MLP,16,0.05,0,0.0,24,180.497,11.2810625,88644.13258946131,
2,4310,10109.460815,DT,32,0.0,0,0.0,21,87.105,2.72203125,367372.7110958039,
2,4311,10109.583736,DT,1,0.0,0,0.0,3,79.917,79.917,12512.982219052266,16.0
2,4312,10109.846102,MLP,1,0.05,0,0.0,29,166.157,166.157,6018.404280289124,
2,4313,10110.182249,GB,16,0.1,2,0.125,8,262.02,16.37625,61064.04091290742,
2,4314,10110.486603,MLP,16,1.0,16,1.0,12,228.144,14.259,70131.1452416018,
2,4315,10110.765391,DT,64,1.0,64,1.0,13,91.616,1.4315,698567.9357317499,
2,4316,10110.915228,LoR,16,0.5,5,0.3125,13,204.721,12.7950625,78155.1477376527,
2,4317,10111.164717,GB,1,0.05,0,0.0,16,200.203,200.203,4994.93014590191,4.0
2,4318,10123.743761,LoR,100,0.01,0,0.0,15,173.555,1.7355500000000001,576186.2233873988,
2,4319,10123.977953,AB,16,0.5,10,0.625,13,8062.025,503.8765625,1984.613046970209,
2,4320,10132.107378,LoR,16,0.0,0,0.0,22,145.249,9.0780625,110155.66372229757,
2,4321,10132.292622,NB,16,1.0,16,1.0,11,109.121,6.8200625,146626.22226702468,
2,4322,10132.4558,RF,100,1.0,100,1.0,4,3229.375,32.29375,30965.744145538996,
2,4323,10135.727303,AB,16,0.0,0,0.0,4,7934.209,495.8880625,2016.5841358602981,
2,4324,10143.740595,LoR,100,0.1,5,0.05,27,166.488,1.66488,600643.8902503484,
2,4325,10143.949289,AB,16,0.01,0,0.0,3,7901.765,493.8603125,2024.8640651803742,
2,4326,10151.894831,DT,16,0.01,0,0.0,0,82.158,5.134875,194746.70756347524,
2,4327,10152.017234,MLP,8,0.01,0,0.0,2,169.63,21.20375,47161.46907976184,
2,4328,10152.235652,DT,64,0.0,0,0.0,4,88.222,1.37846875,725442.6333567591,
2,4329,10152.361647,MLP,1,0.05,0,0.0,3,158.012,158.012,6328.6332683593655,
2,4330,10152.699106,DT,100,0.5,48,0.48,26,93.314,0.93314,1071650.5561866388,
2,4331,10152.846169,RF,8,0.5,4,0.5,23,2954.183,369.272875,2708.0245198080147,
2,4332,10155.857035,LoR,1,0.1,1,1.0,20,224.59,224.59,4452.557994567879,
2,4333,10156.288117,MLP,32,0.05,3,0.09375,3,274.751,8.58596875,116469.09383405339,
2,4334,10156.635062,LoR,1,0.5,0,0.0,12,214.598,214.598,4659.875674517004,
2,4335,10157.050022,LoR,16,0.5,9,0.5625,28,153.338,9.583625,104344.65038020583,
2,4336,10157.279349,GB,16,0.05,1,0.0625,7,273.55,17.096875,58490.22116614878,
2,4337,10157.616038,DT,16,0.5,4,0.25,12,103.897,6.4935625,153998.67176145606,
2,4338,10157.778809,GB,16,0.5,6,0.375,23,250.148,15.63425,63962.13441642548,
2,4339,10158.096711,DT,100,0.0,0,0.0,12,104.794,1.0479399999999999,954253.1060938603,
2,4340,10158.273652,AB,64,0.05,4,0.0625,9,8627.277,134.801203125,7418.331415578751,
2,4341,10166.945193,MLP,1,0.05,0,0.0,1,182.458,182.458,5480.713369652194,
2,4342,10167.310626,LoR,64,0.1,8,0.125,19,156.913,2.451765625,407869.32886376523,
2,4343,10167.512924,RF,32,0.01,0,0.0,14,3137.484,98.046375,10199.255199389065,
2,4344,10170.703896,MLP,64,1.0,64,1.0,16,228.77,3.57453125,279756.96114000963,
2,4345,10170.992772,SGD,8,0.05,1,0.125,22,153.211,19.151375,52215.5719889564,
2,4346,10171.206521,GB,32,0.5,16,0.5,21,266.327,8.32271875,120153.0449409936,
2,4347,10171.51783,GB,32,0.0,0,0.0,5,225.804,7.056375,141715.82434323573,
2,4348,10171.802864,AB,16,0.5,6,0.375,20,8163.825,510.2390625,1959.8656267129686,
2,4349,10180.032237,MLP,32,0.5,10,0.3125,2,190.388,5.949625,168077.8200306742,
2,4350,10180.281842,LoR,8,0.05,1,0.125,14,144.822,18.10275,55240.22593252407,
2,4351,10180.474899,MLP,64,0.0,0,0.0,15,197.509,3.086078125,324035.8667199976,
2,4352,10180.766737,MLP,100,0.05,2,0.02,24,288.324,2.8832400000000002,346832.036181518,
2,4353,10181.09675,GB,16,0.01,0,0.0,2,211.937,13.2460625,75494.13269037497,
2,4354,10181.364059,RF,64,0.01,0,0.0,28,3314.877,51.794953125,19306.90037669573,
2,4355,10184.721816,SGD,16,0.0,0,0.0,3,161.975,10.1234375,98780.67603025159,
2,4356,10184.92543,LoR,8,0.05,0,0.0,8,144.983,18.122875,55178.88304146003,
2,4357,10185.131738,DT,16,0.1,2,0.125,2,87.609,5.4755625,182629.63850745928,
2,4358,10185.278391,MLP,32,0.01,1,0.03125,21,187.807,5.86896875,170387.68523005,
2,4359,10185.514202,LoR,64,1.0,64,1.0,27,153.696,2.4015,416406.41265875497,
2,4360,10185.706186,DT,16,1.0,16,1.0,22,84.957,5.3098125,188330.56722812718,
2,4361,10185.847846,NB,100,0.01,0,0.0,4,163.518,1.63518,611553.4681197177,
2,4362,10186.068543,AB,16,0.5,6,0.375,23,7958.967,497.4354375,2010.3111371111352,
2,4363,10194.067289,AB,8,1.0,8,1.0,13,7836.0,979.5,1020.9290454313425,
2,4364,10201.956144,NB,1,1.0,1,1.0,29,138.415,138.415,7224.650507531698,
2,4365,10202.163468,NB,16,0.05,1,0.0625,29,107.307,6.7066875,149104.90461945633,
2,4366,10202.32565,NB,16,0.1,3,0.1875,13,104.433,6.5270625,153208.27707716907,
2,4367,10202.503563,LoR,100,0.1,8,0.08,25,214.068,2.14068,467141.28220939136,
2,4368,10202.755211,AB,1,0.5,0,0.0,10,7694.026,7694.026,129.97096708537248,2.0
2,4369,10223.192819,AB,8,1.0,8,1.0,23,8582.193,1072.774125,932.1626768356294,
2,4370,10231.891404,LoR,100,0.5,55,0.55,11,210.918,2.1091800000000003,474117.9036402773,
2,4371,10232.184284,GB,64,0.0,0,0.0,13,304.931,4.764546875,209883.54742548315,
2,4372,10232.534561,MLP,8,0.1,0,0.0,13,198.126,24.76575,40378.34509352634,
2,4373,10232.77371,RF,16,0.0,0,0.0,27,3104.576,194.036,5153.682821744418,
2,4374,10235.922054,GB,16,0.0,0,0.0,10,247.528,15.4705,64639.151934326626,
2,4375,10236.212193,MLP,1,0.01,0,0.0,28,173.946,173.946,5748.910581444817,
2,4376,10236.542745,RF,1,0.5,0,0.0,4,3296.691,3296.691,303.33446477088694,9.99
2,4377,10252.940769,LoR,64,0.1,10,0.15625,4,188.858,2.95090625,338878.94608647766,
2,4378,10253.168854,DT,1,0.0,0,0.0,28,88.113,88.113,11349.06313483822,16.0
2,4379,10253.438729,AB,16,1.0,16,1.0,4,8122.56,507.66,1969.8223220265531,
2,4380,10261.623883,GB,16,0.5,6,0.375,6,246.282,15.392625,64966.176984107646,
2,4381,10261.912608,NB,8,0.1,0,0.0,12,118.618,14.82725,67443.38970476657,
2,4382,10262.069803,AB,1,0.05,0,0.0,11,8250.346,8250.346,121.20703786241208,2.0
2,4383,10283.647246,DT,8,1.0,8,1.0,20,96.12,12.015,83229.29671244278,
2,4384,10283.813333,SGD,100,0.01,0,0.0,9,198.309,1.98309,504263.54830088397,
2,4385,10284.052317,GB,1,0.5,1,1.0,23,243.504,243.504,4106.708719363953,4.0
2,4386,10297.091625,RF,1,0.5,0,0.0,0,3006.873,3006.873,332.57141222791915,10.68
2,4387,10313.007784,LoR,100,0.0,0,0.0,5,181.364,1.8136400000000001,551377.3405968108,
2,4388,10313.246843,GB,100,0.0,0,0.0,13,283.878,2.83878,352264.00073270913,
2,4389,10313.608966,LoR,64,0.0,0,0.0,26,166.496,2.6015,384393.6190659235,
2,4390,10313.845178,DT,64,0.05,2,0.03125,21,95.414,1.49084375,670761.1042404679,
2,4391,10313.978017,LoR,1,0.1,0,0.0,13,145.748,145.748,6861.157614512721,
2,4392,10314.316299,NB,100,0.5,41,0.41,26,151.963,1.51963,658054.9212637286,
2,4393,10314.514849,RF,64,0.0,0,0.0,4,3267.553,51.055515625,19586.522391526625,
2,4394,10317.826576,LoR,8,0.05,0,0.0,18,161.945,20.243125,49399.487480317395,
2,4395,10318.06628,MLP,100,0.05,9,0.09,29,250.715,2.50715,398859.2625092236,
2,4396,10318.35524,LoR,1,1.0,1,1.0,17,146.421,146.421,6829.621434083909,
2,4397,10318.714591,LoR,64,0.0,0,0.0,3,154.158,2.40871875,415158.47377366084,
2,4398,10318.951758,DT,64,1.0,64,1.0,1,92.511,1.445484375,691809.6226394699,
2,4399,10319.111054,AB,64,0.05,3,0.046875,1,8506.662,132.91659375,7523.515099107029,
2,4400,10327.661798,LoR,1,0.0,0,0.0,18,179.696,179.696,5564.954144777847,
2,4401,10328.026131,DT,32,0.5,18,0.5625,21,94.404,2.950125,338968.6877674675,
2,4402,10328.194501,LoR,64,0.05,1,0.015625,18,172.094,2.68896875,371889.7811661069,
2,4403,10328.408799,SGD,16,0.0,0,0.0,8,158.483,9.9051875,100957.20045683133,
2,4404,10328.609465,MLP,16,0.0,0,0.0,19,198.129,12.3830625,80755.46739750366,
2,4405,10328.870854,LoR,16,0.1,2,0.125,12,154.96,9.685,103252.45224574083,
2,4406,10329.064693,AB,1,0.0,0,0.0,29,8302.657,8302.657,120.44337132077118,2.0
2,4407,10350.469009,RF,32,0.1,2,0.0625,27,3230.752,100.961,9904.814730440467,
2,4408,10353.74617,RF,1,0.5,1,1.0,1,2964.584,2964.584,337.3154547147256,7.53
2,4409,10369.636385,LoR,16,1.0,16,1.0,23,182.369,11.3980625,87734.20921318865,
2,4410,10369.885955,AB,32,0.05,1,0.03125,12,8274.109,258.56590625,3867.485912984709,
2,4411,10378.235059,LoR,64,0.05,4,0.0625,25,165.524,2.5863125,386650.8784224644,
2,4412,10378.441041,SGD,1,0.5,1,1.0,9,172.829,172.829,5786.065995868748,
2,4413,10378.786086,DT,16,0.01,0,0.0,11,87.963,5.4976875,181894.6602548799,
2,4414,10378.93207,DT,16,0.5,8,0.5,3,85.164,5.32275,187872.8101075572,
2,4415,10379.057049,RF,16,0.01,0,0.0,13,3033.665,189.6040625,5274.148595840345,
2,4416,10382.134799,SGD,16,1.0,16,1.0,8,167.099,10.4436875,95751.62029694972,
2,4417,10382.342174,DT,8,1.0,8,1.0,26,89.179,11.147375,89707.21806703371,
2,4418,10382.469415,LoR,8,1.0,8,1.0,12,190.484,23.8105,41998.2780705991,
2,4419,10382.700524,AB,1,0.5,0,0.0,3,7778.667,7778.667,128.55673086404136,2.0
2,4420,10403.423337,MLP,16,0.1,0,0.0,23,204.251,12.7656875,78334.98979197165,
2,4421,10403.682947,MLP,64,0.01,0,0.0,21,211.625,3.306640625,302421.73656231543,
2,4422,10403.935536,AB,1,0.01,0,0.0,0,7879.204,7879.204,126.91637378598143,2.0
2,4423,10424.721476,DT,100,0.05,7,0.07,11,101.366,1.01366,986524.0810528185,
2,4424,10424.871543,MLP,64,1.0,64,1.0,5,222.438,3.47559375,287720.6232748002,
2,4425,10425.153287,NB,8,0.5,4,0.5,21,117.917,14.739625,67844.33118210266,
2,4426,10425.332215,AB,32,0.01,1,0.03125,17,8222.819,256.96309375,3891.6094346719783,
2,4427,10433.621369,AB,32,0.5,10,0.3125,18,8126.703,253.95946875,3937.6362099119406,
2,4428,10441.822363,NB,64,0.5,28,0.4375,13,134.138,2.09590625,477120.57731589855,
2,4429,10441.995963,MLP,16,1.0,16,1.0,24,185.607,11.6004375,86203.64533665217,
2,4430,10442.241945,RF,8,0.01,1,0.125,1,3053.047,381.630875,2620.3330639849305,
2,4431,10445.341794,LoR,32,0.0,0,0.0,15,169.151,5.28596875,189180.08170214779,
2,4432,10445.59875,SGD,100,0.01,1,0.01,16,173.481,1.73481,576432.0011989786,
2,4433,10445.832199,GB,8,0.05,1,0.125,28,254.251,31.781375,31464.969655969886,
2,4434,10446.158612,LoR,64,0.01,1,0.015625,8,168.099,2.626546875,380728.02336718247,
2,4435,10446.385098,AB,8,0.05,1,0.125,26,8379.974,1047.49675,954.6568998901429,
2,4436,10454.833897,NB,1,0.5,1,1.0,28,116.804,116.804,8561.350638676757,
2,4437,10455.037315,GB,16,0.5,6,0.375,5,271.152,16.947,59007.49395173187,
2,4438,10455.39653,DT,100,0.01,1,0.01,18,107.292,1.07292,932035.9393058196,
2,4439,10455.546498,DT,32,1.0,32,1.0,20,89.942,2.8106875,355784.8391185431,
2,4440,10455.693213,NB,8,0.5,2,0.25,4,115.948,14.4935,68996.44668299583,
2,4441,10455.883194,MLP,100,0.5,56,0.56,21,280.872,2.80872,356034.0653393717,
2,4442,10456.208616,NB,16,0.01,0,0.0,3,115.894,7.243375,138057.19019103664,
2,4443,10456.386262,MLP,32,0.05,5,0.15625,0,198.464,6.202,161238.31022250888,
2,4444,10456.625607,NB,1,0.01,0,0.0,8,103.337,103.337,9677.075974723477,
2,4445,10456.796661,GB,8,0.1,1,0.125,20,240.33,30.04125,33287.56293429867,
2,4446,10457.099253,RF,16,0.05,1,0.0625,26,3188.086,199.255375,5018.685192306607,
2,4447,10460.330737,NB,1,0.05,0,0.0,27,112.347,112.347,8900.994241056727,
2,4448,10460.521555,RF,64,0.05,8,0.125,11,3352.392,52.381125,19090.84617789328,
2,4449,10463.921182,LoR,32,1.0,32,1.0,8,179.385,5.60578125,178387.26760877442,
2,4450,10464.141681,MLP,8,0.0,0,0.0,23,181.872,22.734,43986.979853963225,
2,4451,10464.384914,AB,16,0.1,3,0.1875,4,8157.116,509.81975,1961.4775614322514,
2,4452,10472.583272,NB,8,0.0,0,0.0,2,111.243,13.905375,71914.63732549464,
2,4453,10472.736004,MLP,8,1.0,8,1.0,4,178.59,22.32375,44795.34128450641,
2,4454,10472.99399,AB,100,0.05,10,0.1,29,8732.294,87.32294,11451.744524405614,
2,4455,10481.793273,RF,32,0.05,2,0.0625,20,3139.328,98.104,10193.264290956537,
2,4456,10484.97889,AB,8,0.01,0,0.0,10,8041.853,1005.231625,994.7956024562995,
2,4457,10493.085477,LoR,16,0.5,10,0.625,29,155.331,9.7081875,103005.83914350646,
2,4458,10493.291654,SGD,64,0.0,0,0.0,4,161.395,2.521796875,396542.6438241581,
2,4459,10493.523831,NB,64,0.05,2,0.03125,21,132.55,2.07109375,482836.66540927946,
2,4460,10493.711943,RF,8,0.5,3,0.375,20,3008.239,376.029875,2659.3631689503395,
2,4461,10496.785797,LoR,16,0.05,1,0.0625,9,166.527,10.4079375,96080.51547196551,
2,4462,10496.99601,AB,16,0.05,0,0.0,7,8004.972,500.31075,1998.7577720446743,
2,4463,10505.04661,RF,16,0.01,0,0.0,27,3072.929,192.0580625,5206.758763381777,
2,4464,10508.176426,SGD,64,0.01,0,0.0,4,177.094,2.76709375,361389.9962731657,
2,4465,10508.451844,MLP,100,0.1,3,0.03,10,242.263,2.42263,412774.5466703541,
2,4466,10508.745688,LoR,64,0.0,0,0.0,28,201.65,3.15078125,317381.6017852715,
2,4467,10508.988771,SGD,1,1.0,1,1.0,29,146.451,146.451,6828.222408860302,
2,4468,10509.328579,RF,100,0.1,14,0.14,6,3486.538,34.86538,28681.746764268737,
2,4469,10512.856825,RF,1,1.0,1,1.0,24,2961.643,2961.643,337.65041904105254,7.88
2,4470,10529.220267,RF,100,0.5,42,0.42,3,3479.259,34.79259,28741.75219493576,
2,4471,10532.748711,SGD,8,0.05,0,0.0,27,184.366,23.04575,43391.948623932825,
2,4472,10532.973299,MLP,1,1.0,1,1.0,13,178.497,178.497,5602.3350532501945,
2,4473,10533.316301,MLP,16,0.0,0,0.0,1,181.009,11.3130625,88393.3948035733,
2,4474,10533.538142,RF,8,1.0,8,1.0,17,3028.669,378.583625,2641.424335244294,
2,4475,10536.630735,DT,8,0.5,3,0.375,7,95.781,11.972625,83523.87216671364,
2,4476,10536.775713,LoR,64,0.0,0,0.0,25,170.097,2.657765625,376255.901044698,
2,4477,10536.992328,RF,32,0.0,0,0.0,20,3109.951,97.18596875,10289.551185854696,
2,4478,10540.1492,RF,16,0.05,0,0.0,11,3014.309,188.3943125,5308.01586698643,
2,4479,10543.216673,NB,64,1.0,64,1.0,4,149.802,2.34065625,427230.6110732834,
2,4480,10543.457059,SGD,100,0.1,12,0.12,14,179.553,1.79553,556938.6197947124,
2,4481,10543.675216,SGD,1,0.0,0,0.0,2,148.416,148.416,6737.818025010781,
2,4482,10543.99795,NB,16,0.1,1,0.0625,17,114.427,7.1516875,139827.13869978237,
2,4483,10544.173366,GB,32,0.1,3,0.09375,26,274.686,8.5839375,116496.65436170757,
2,4484,10544.50731,RF,8,0.05,3,0.375,15,3039.429,379.928625,2632.073326930815,
2,4485,10547.628547,LoR,100,0.1,17,0.17,3,183.074,1.83074,546227.2086697182,
2,4486,10547.85369,RF,16,1.0,16,1.0,29,3028.59,189.286875,5282.9864722527645,
2,4487,10550.947094,GB,16,0.05,2,0.125,3,248.758,15.547375,64319.53947209738,
2,4488,10551.269334,GB,64,0.01,1,0.015625,1,250.545,3.914765625,255443.1339679499,
2,4489,10551.591717,DT,64,0.1,9,0.140625,6,99.623,1.556609375,642421.9306786585,
2,4490,10551.76082,NB,64,0.05,4,0.0625,18,138.807,2.168859375,461071.8479615582,
2,4491,10551.934958,SGD,1,1.0,1,1.0,0,157.085,157.085,6365.980201801572,
2,4492,10552.241642,MLP,1,0.01,0,0.0,2,165.812,165.812,6030.926591561527,
2,4493,10552.578033,DT,32,0.1,1,0.03125,18,91.724,2.866375,348872.70507173694,
2,4494,10552.70911,MLP,16,1.0,16,1.0,16,179.21,11.200625,89280.73210200324,
2,4495,10552.928732,LoR,1,0.5,0,0.0,18,143.311,143.311,6977.831429548324,
2,4496,10553.240987,LoR,32,0.5,19,0.59375,27,151.256,4.72675,211561.85539747184,
2,4497,10553.434719,DT,16,0.01,0,0.0,23,87.86,5.49125,182107.8989301161,
2,4498,10553.564229,RF,32,0.0,0,0.0,7,3126.439,97.70121875,10235.28685510896,
2,4499,10556.750443,DT,100,1.0,100,1.0,29,108.378,1.08378,922696.4882171658,
2,4500,10556.937371,NB,100,0.1,10,0.1,5,183.462,1.83462,545072.00401173,
2,4501,10557.160238,LoR,1,0.01,0,0.0,20,155.048,155.048,6449.615602910067,
2,4502,10557.498503,LoR,64,0.1,8,0.125,5,160.146,2.50228125,399635.3327588576,
2,4503,10557.711219,RF,64,0.01,0,0.0,3,3235.801,50.559390625,19778.71939590846,
2,4504,10561.01174,MLP,16,0.5,8,0.5,6,196.423,12.2764375,81456.8558671846,
2,4505,10561.279295,NB,64,0.1,6,0.09375,22,137.423,2.147234375,465715.3460483325,
2,4506,10561.455113,SGD,1,0.01,0,0.0,4,153.522,153.522,6513.724417347351,
2,4507,10561.761695,GB,16,1.0,16,1.0,22,227.474,14.217125,70337.70892497605,
2,4508,10562.050177,MLP,8,0.5,7,0.875,4,181.462,22.68275,44086.365189406046,
2,4509,10562.281802,DT,64,1.0,64,1.0,28,93.544,1.461625,684170.0162490379,
2,4510,10562.415383,SGD,1,1.0,1,1.0,19,153.606,153.606,6510.162363449344,
2,4511,10562.747261,DT,64,0.1,4,0.0625,15,93.463,1.460359375,684762.9543241711,
2,4512,10562.87665,RF,1,1.0,1,1.0,1,2908.881,2908.881,343.7748055008094,7.92
2,4513,10579.404261,DT,32,1.0,32,1.0,11,105.076,3.283625,304541.47474209144,
2,4514,10579.556533,GB,8,0.01,0,0.0,21,264.403,33.050375,30256.842774098626,
2,4515,10579.864725,GB,8,0.01,0,0.0,2,215.646,26.95575,37097.83626869963,
2,4516,10580.126888,LoR,32,0.0,0,0.0,3,187.354,5.8548125,170799.6626706662,
2,4517,10580.390529,GB,100,0.01,0,0.0,0,279.42,2.7942,357884.18867654423,
2,4518,10580.736442,GB,32,0.05,2,0.0625,18,238.735,7.46046875,134039.8349634532,
2,4519,10581.049862,LoR,16,0.05,1,0.0625,2,162.481,10.1550625,98473.05223379965,
2,4520,10581.270554,LoR,16,0.5,8,0.5,14,152.55,9.534375,104883.64470665355,
2,4521,10581.485581,RF,32,0.01,1,0.03125,2,3266.362,102.0738125,9796.832071889154,
2,4522,10584.821165,RF,32,0.1,4,0.125,17,3519.152,109.9735,9093.099701291674,
2,4523,10588.419469,SGD,64,1.0,64,1.0,10,226.292,3.5358125,282820.4267053188,
2,4524,10588.713362,NB,16,0.5,10,0.625,23,128.635,8.0396875,124382.94398880555,
2,4525,10588.881399,SGD,1,0.5,1,1.0,26,158.257,158.257,6318.835817688949,
2,4526,10589.242851,GB,64,0.1,10,0.15625,29,306.386,4.78728125,208886.82903265813,
2,4527,10589.616489,MLP,32,0.1,4,0.125,3,224.816,7.0255,142338.62358550992,
2,4528,10589.903186,LoR,8,0.1,1,0.125,19,158.755,19.844375,50392.11363421625,
2,4529,10590.143665,GB,100,0.05,6,0.06,9,294.494,2.9449400000000003,339565.4919964413,
2,4530,10590.505339,AB,32,0.1,5,0.15625,10,8304.768,259.524,3853.20818113161,
2,4531,10598.877481,DT,32,0.05,3,0.09375,29,85.692,2.677875,373430.4252438968,
2,4532,10599.041441,GB,100,0.01,1,0.01,16,268.463,2.6846300000000003,372490.8087892931,
2,4533,10599.374917,MLP,32,0.5,14,0.4375,6,211.66,6.614375,151185.86412170462,
2,4534,10599.628481,GB,8,0.01,0,0.0,12,213.745,26.718125,37427.77608832955,
2,4535,10599.921825,SGD,100,0.5,41,0.41,10,177.762,1.77762,562549.9263059597,
2,4536,10600.14319,SGD,32,1.0,32,1.0,14,154.179,4.81809375,207550.96349048833,
2,4537,10600.347494,SGD,64,0.0,0,0.0,26,157.419,2.459671875,406558.29347156314,
2,4538,10600.542023,MLP,1,0.0,0,0.0,20,161.782,161.782,6181.1573599040685,
2,4539,10600.874605,MLP,16,0.5,7,0.4375,18,174.077,10.8798125,91913.348690522,
2,4540,10601.112408,LoR,32,0.5,17,0.53125,23,151.353,4.72978125,211426.26839243356,
2,4541,10601.321868,NB,16,0.5,9,0.5625,28,113.47,7.091875,141006.4334185247,
2,4542,10601.472529,RF,16,0.0,0,0.0,9,3166.736,197.921,5052.520955330662,
2,4543,10604.708636,GB,32,0.05,1,0.03125,24,243.948,7.623375,131175.49641726926,
2,4544,10605.03171,NB,100,0.5,49,0.49,19,154.024,1.54024,649249.4676154365,
2,4545,10605.246649,LoR,32,0.1,4,0.125,16,163.761,5.11753125,195406.7207699025,
2,4546,10605.450881,MLP,8,0.05,0,0.0,17,174.101,21.762625,45950.339170941006,
2,4547,10605.704872,SGD,100,0.1,10,0.1,2,168.629,1.6862899999999998,593017.808324784,
2,4548,10605.936255,SGD,32,0.1,7,0.21875,1,152.656,4.7705,209621.63295252068,
2,4549,10606.149909,AB,32,0.5,18,0.5625,27,8345.917,260.80990625,3834.2101892458313,
2,4550,10614.581438,MLP,100,0.1,15,0.15,29,279.52,2.7952,357756.1534058386,
2,4551,10614.902957,AB,1,0.01,0,0.0,29,7830.123,7830.123,127.71191461487898,2.0
2,4552,10635.659154,RF,64,0.1,5,0.078125,25,3366.392,52.599875,19011.452023412603,
2,4553,10639.06977,MLP,1,0.05,0,0.0,4,182.001,182.001,5494.475305080741,
2,4554,10639.445695,SGD,100,0.5,50,0.5,0,175.082,1.75082,571160.9417301607,
2,4555,10639.684924,SGD,32,0.05,2,0.0625,23,157.714,4.9285625,202898.91829514183,
2,4556,10639.90259,NB,16,0.1,4,0.25,10,116.749,7.2968125,137046.1417228413,
2,4557,10640.088865,GB,64,0.1,6,0.09375,5,270.261,4.222828125,236808.12251860238,
2,4558,10640.424251,SGD,32,0.5,14,0.4375,24,167.337,5.22928125,191230.86944309986,
2,4559,10640.659865,AB,64,0.5,33,0.515625,20,8493.594,132.71240625,7535.090563547069,
2,4560,10649.196391,MLP,1,0.5,0,0.0,26,168.714,168.714,5927.19039320981,
2,4561,10649.555158,RF,100,0.1,14,0.14,21,3459.86,34.598600000000005,28902.903585694217,
2,4562,10653.112727,MLP,100,0.01,2,0.02,10,251.366,2.5136600000000002,397826.277221263,
2,4563,10653.405483,LoR,8,1.0,8,1.0,16,154.164,19.2705,51892.78949689941,
2,4564,10653.600497,SGD,1,0.5,0,0.0,12,147.142,147.142,6796.15609411317,
2,4565,10653.901814,AB,16,0.05,0,0.0,1,8070.591,504.4119375,1982.506609491176,
2,4566,10662.035047,NB,100,0.01,0,0.0,16,148.205,1.48205,674741.0681151107,
2,4567,10662.227728,GB,32,1.0,32,1.0,9,240.487,7.51521875,133063.32566833135,
2,4568,10662.513465,SGD,16,0.01,0,0.0,10,165.268,10.32925,96812.45008108043,
2,4569,10662.743524,SGD,16,0.05,2,0.125,16,154.164,9.63525,103785.57899379882,
2,4570,10662.973437,AB,100,0.05,4,0.04,22,8734.333,87.34333000000001,11449.07115403088,
2,4571,10671.749609,RF,8,1.0,8,1.0,19,2972.436,371.5545,2691.3952058177197,
2,4572,10674.771795,RF,32,0.01,0,0.0,26,3104.387,97.01209375,10307.993172243023,
2,4573,10677.919883,SGD,1,0.01,0,0.0,27,163.15,163.15,6129.328838492185,
2,4574,10678.257195,GB,8,0.1,1,0.125,27,221.973,27.746625,36040.419330278906,
2,4575,10678.539695,SGD,8,0.5,5,0.625,0,162.64,20.33,49188.39153959666,
2,4576,10678.74681,NB,32,1.0,32,1.0,17,121.982,3.8119375,262333.7869521733,
2,4577,10678.904831,DT,1,0.0,0,0.0,1,88.692,88.692,11274.974067559646,16.0
2,4578,10679.209267,GB,16,0.5,8,0.5,0,227.875,14.2421875,70213.93307734503,
2,4579,10679.478664,SGD,1,0.01,0,0.0,10,155.597,155.597,6426.859129674736,
2,4580,10679.78493,NB,8,0.05,0,0.0,27,112.459,14.057375,71137.03660889747,
2,4581,10679.955945,AB,16,0.5,9,0.5625,25,8063.676,503.97975,1984.206706717879,
2,4582,10688.09282,LoR,64,0.1,8,0.125,9,163.299,2.551546875,391919.11769208626,
2,4583,10688.299647,AB,32,0.0,0,0.0,12,8618.815,269.33796875,3712.807387094397,
2,4584,10696.998447,NB,100,1.0,100,1.0,27,177.056,1.7705600000000001,564793.0598228809,
2,4585,10697.221738,DT,8,0.1,0,0.0,13,93.269,11.658625,85773.40809915405,
2,4586,10697.39218,AB,100,0.5,43,0.43,23,8870.843,88.70843,11272.885789997636,
2,4587,10706.315788,NB,64,1.0,64,1.0,18,133.746,2.08978125,478518.98374530824,
2,4588,10706.514091,SGD,32,0.01,1,0.03125,13,211.366,6.6051875,151396.1564300786,
2,4589,10706.771107,GB,8,0.01,0,0.0,16,249.349,31.168625,32083.54555261902,
2,4590,10707.066598,RF,32,0.0,0,0.0,24,3257.256,101.78925,9824.220141124923,
2,4591,10710.371369,LoR,32,1.0,32,1.0,26,177.092,5.534125,180697.0388272762,
2,4592,10710.623092,SGD,32,0.05,0,0.0,13,173.549,5.42340625,184385.96592316867,
2,4593,10710.841021,AB,16,0.01,0,0.0,26,8219.603,513.7251875,1946.5660324470662,
2,4594,10719.120794,LoR,100,0.0,0,0.0,20,169.477,1.69477,590050.5673336205,
2,4595,10719.333676,GB,8,0.01,0,0.0,22,231.363,28.920375,34577.69824907181,
2,4596,10719.6102,GB,16,0.01,0,0.0,9,219.645,13.7278125,72844.81777413553,
2,4597,10719.871815,GB,16,0.0,0,0.0,22,215.283,13.4551875,74320.77776693934,
2,4598,10720.12927,SGD,16,1.0,16,1.0,7,158.568,9.9105,100903.0825891731,
2,4599,10720.347874,AB,8,0.1,2,0.25,15,8021.174,1002.64675,997.3602367932674,
2,4600,10728.450525,SGD,100,0.05,3,0.03,12,174.056,1.74056,574527.7381992002,
2,4601,10728.683463,RF,100,1.0,100,1.0,2,3321.215,33.21215,30109.462952564045,
2,4602,10732.086709,DT,100,0.5,47,0.47,24,104.127,1.04127,960365.7072613252,
2,4603,10732.239642,SGD,64,1.0,64,1.0,8,170.574,2.66521875,375203.7238969596,
2,4604,10732.451651,LoR,16,1.0,16,1.0,0,149.893,9.3683125,106742.80987104135,
2,4605,10732.660884,MLP,1,0.01,0,0.0,24,184.558,184.558,5418.350870728985,
2,4606,10733.003531,GB,1,0.1,0,0.0,25,206.433,206.433,4844.186733710211,4.0
2,4607,10746.026224,DT,32,0.1,3,0.09375,9,94.234,2.9448125,339580.1939851858,
2,4608,10746.159765,AB,16,0.0,0,0.0,21,8060.161,503.7600625,1985.0720103481804,
2,4609,10754.282643,RF,8,0.5,4,0.5,16,3018.338,377.29225,2650.4652560448826,
2,4610,10757.353654,RF,64,1.0,64,1.0,3,3190.778,49.85590625,20057.804084145,
2,4611,10760.610053,LoR,16,0.5,10,0.625,20,169.629,10.6018125,94323.49421384315,
2,4612,10760.821231,AB,1,0.5,0,0.0,4,7788.74,7788.74,128.3904713727766,2.0
2,4613,10781.521686,SGD,1,0.1,1,1.0,29,158.097,158.097,6325.230712790249,
2,4614,10781.864951,AB,64,0.05,2,0.03125,27,8438.77,131.85578125,7584.043646171183,
2,4615,10790.371887,AB,32,0.5,12,0.375,9,8117.485,253.67140625,3942.1076848309544,
2,4616,10798.557829,SGD,32,0.1,7,0.21875,9,162.994,5.0935625,196326.24513785783,
2,4617,10798.760578,AB,8,0.0,0,0.0,20,7958.429,994.803625,1005.223518360219,
2,4618,10806.762392,SGD,16,0.0,0,0.0,11,153.316,9.58225,104359.62326176002,
2,4619,10806.974185,RF,100,0.0,0,0.0,11,3451.477,34.51477,28973.10339892168,
2,4620,10810.466667,MLP,1,0.0,0,0.0,2,220.355,220.355,4538.131651199202,
2,4621,10810.840311,LoR,16,1.0,16,1.0,22,173.244,10.82775,92355.29080372192,
2,4622,10811.065615,NB,1,0.0,0,0.0,16,107.244,107.244,9324.530976091903,
2,4623,10811.224538,RF,16,0.1,0,0.0,16,3080.874,192.554625,5193.331502683979,
2,4624,10814.389195,MLP,100,0.05,5,0.05,10,263.729,2.6372899999999997,379177.10983623343,
2,4625,10814.712583,LoR,100,0.0,0,0.0,15,171.177,1.71177,584190.633087389,
2,4626,10814.92754,SGD,16,0.05,0,0.0,17,151.447,9.4654375,105647.52025461053,
2,4627,10815.15966,LoR,100,0.5,42,0.42,14,165.369,1.65369,604708.2585006864,
2,4628,10815.363875,DT,8,0.0,0,0.0,13,88.992,11.124,89895.72096368212,
2,4629,10815.528425,LoR,100,0.01,4,0.04,3,167.039,1.6703899999999998,598662.587778902,
2,4630,10815.770117,SGD,100,0.1,4,0.04,0,164.629,1.6462899999999998,607426.395106573,
2,4631,10815.990992,SGD,8,0.5,6,0.75,2,146.078,18.25975,54765.262394063444,
2,4632,10816.182841,DT,32,0.01,0,0.0,9,90.422,2.8256875,353896.17570945126,
2,4633,10816.328374,AB,100,1.0,100,1.0,16,8716.46,87.1646,11472.547341466605,
2,4634,10825.087818,AB,1,0.1,0,0.0,11,7740.713,7740.713,129.18706584264265,2.0
2,4635,10845.52117,NB,16,0.5,11,0.6875,0,118.466,7.404125,135059.84839532018,
2,4636,10845.694582,LoR,100,1.0,100,1.0,4,171.713,1.71713,582367.0892710511,
2,4637,10845.93871,SGD,64,0.1,4,0.0625,13,159.728,2.49575,400681.1579685465,
2,4638,10846.144,SGD,32,0.01,0,0.0,10,148.586,4.6433125,215363.49319585963,
2,4639,10846.331351,NB,1,0.05,0,0.0,7,97.619,97.619,10243.907436052408,
2,4640,10846.485145,NB,64,0.0,0,0.0,29,160.071,2.501109375,399822.57873068826,
2,4641,10846.718771,RF,100,0.05,5,0.05,29,3342.538,33.42538,29917.38612994078,
2,4642,10850.103179,NB,8,0.0,0,0.0,18,118.167,14.770875,67700.79633061684,
2,4643,10850.284225,DT,32,0.1,2,0.0625,25,93.477,2.92115625,342330.19887244987,
2,4644,10850.436837,DT,32,0.1,3,0.09375,7,87.94,2.748125,363884.46668182855,
2,4645,10850.579091,RF,64,0.0,0,0.0,25,3170.973,49.546453125,20183.079452269067,
2,4646,10853.847578,NB,100,0.05,6,0.06,6,153.82,1.5382,650110.518788194,
2,4647,10854.055092,LoR,64,0.01,0,0.0,28,166.561,2.602515625,384243.61044902465,
2,4648,10854.278971,DT,8,0.5,6,0.75,6,89.36,11.17,89525.51477170993,
2,4649,10854.427832,NB,32,0.1,2,0.0625,3,118.286,3.6964375,270530.7475102717,
2,4650,10854.58629,DT,8,0.0,0,0.0,9,87.631,10.953875,91291.8944209241,
2,4651,10854.72727,SGD,8,0.5,3,0.375,11,152.006,19.00075,52629.501467047354,
2,4652,10854.936861,NB,16,0.5,5,0.3125,12,110.253,6.8908125,145120.7676888611,
2,4653,10855.083938,AB,1,0.01,0,0.0,8,7644.788,7644.788,130.80807473012987,2.0
2,4654,10875.221026,DT,32,0.01,0,0.0,7,90.255,2.82046875,354550.99440474214,
2,4655,10875.373603,LoR,32,0.01,1,0.03125,27,158.066,4.9395625,202447.0790682373,
2,4656,10875.588439,RF,8,0.5,3,0.375,4,2935.268,366.9085,2725.4751525244033,
2,4657,10878.607486,MLP,100,0.1,7,0.07,8,250.193,2.50193,399691.4382097021,
2,4658,10878.915314,MLP,100,0.0,0,0.0,20,227.58,2.2758000000000003,439405.9231918446,
2,4659,10879.182916,AB,8,0.0,0,0.0,9,7831.057,978.882125,1021.5734606452232,
2,4660,10887.064732,NB,64,0.0,0,0.0,8,130.418,2.03778125,490729.8072351976,
2,4661,10887.254714,SGD,16,0.5,7,0.4375,27,152.064,9.504,105218.85521885523,
2,4662,10887.48174,SGD,100,0.01,1,0.01,10,164.957,1.64957,606218.5902992901,
2,4663,10887.722912,RF,100,1.0,100,1.0,1,3225.862,32.25862,30999.466189192222,
2,4664,10890.990806,LoR,8,0.0,0,0.0,5,159.92,19.99,50025.01250625313,
2,4665,10891.18871,NB,1,1.0,1,1.0,12,101.972,101.972,9806.613580198486,
2,4666,10891.337941,DT,8,1.0,8,1.0,9,90.888,11.361,88020.42073761112,
2,4667,10891.467858,NB,16,0.0,0,0.0,2,110.578,6.911125,144694.24297780753,
2,4668,10891.639073,AB,32,0.1,2,0.0625,17,8002.313,250.07228125,3998.843834276415,
2,4669,10899.699777,RF,100,1.0,100,1.0,29,3198.704,31.98704,31262.661377858032,
2,4670,10902.966295,LoR,32,0.1,3,0.09375,24,166.318,5.1974375,192402.50604264118,
2,4671,10903.211124,MLP,100,0.05,5,0.05,16,235.375,2.35375,424853.95645246946,
2,4672,10903.505524,DT,8,0.1,1,0.125,29,90.648,11.331,88253.46394845998,
2,4673,10903.635511,RF,8,0.01,0,0.0,18,2902.073,362.759125,2756.650160075229,
2,4674,10906.614772,AB,64,0.01,1,0.015625,24,8517.129,133.080140625,7514.269186248088,
2,4675,10915.211717,SGD,100,0.05,6,0.06,23,169.951,1.6995099999999999,588404.8931750917,
2,4676,10915.458749,SGD,100,0.1,6,0.06,8,164.699,1.6469900000000002,607168.2281009599,
2,4677,10915.664677,GB,8,0.0,0,0.0,26,240.169,30.021125,33309.877627837064,
2,4678,10915.967801,MLP,32,0.5,15,0.46875,5,194.537,6.07928125,164493.12984162394,
2,4679,10916.20304,GB,16,1.0,16,1.0,13,223.156,13.94725,71698.72197028088,
2,4680,10916.466825,LoR,1,0.01,0,0.0,12,149.605,149.605,6684.2685739113,
2,4681,10916.790235,LoR,8,0.01,1,0.125,26,145.418,18.17725,55013.822222833485,
2,4682,10916.980168,DT,32,0.01,0,0.0,22,87.683,2.74009375,364951.01673072315,
2,4683,10917.124479,DT,16,0.1,2,0.125,9,83.597,5.2248125,191394.428029714,
2,4684,10917.245168,SGD,8,0.05,0,0.0,28,147.616,18.452,54194.66724474311,
2,4685,10917.46504,AB,100,0.5,54,0.54,28,8583.858,85.83858000000001,11649.77333036031,
2,4686,10926.106986,MLP,100,1.0,100,1.0,1,232.188,2.3218799999999997,430685.47900838975,
2,4687,10926.407121,AB,32,0.1,4,0.125,11,7979.461,249.35815625,4010.295933522327,
2,4688,10934.468007,MLP,100,0.5,42,0.42,14,236.69,2.3669,422493.55697325617,
2,4689,10934.764883,AB,8,0.1,1,0.125,20,7769.963,971.245375,1029.6059324864225,
2,4690,10942.579287,AB,8,0.0,0,0.0,18,7715.833,964.479125,1036.8290760051443,
2,4691,10950.35329,NB,100,1.0,100,1.0,1,145.677,1.45677,686450.1602861125,
2,4692,10950.538479,SGD,1,0.01,0,0.0,18,151.887,151.887,6583.841935122821,
2,4693,10950.835881,GB,1,1.0,1,1.0,12,202.337,202.337,4942.249810958945,4.0
2,4694,10963.433392,MLP,1,0.01,0,0.0,22,170.006,170.006,5882.145336046963,
2,4695,10963.785234,RF,1,0.01,0,0.0,5,2925.309,2925.309,341.8442291053697,8.96
2,4696,10979.425031,DT,16,0.05,1,0.0625,2,91.397,5.7123125,175060.45056183462,
2,4697,10979.555508,MLP,16,1.0,16,1.0,11,185.437,11.5898125,86282.67282149733,
2,4698,10979.780864,AB,1,0.01,0,0.0,26,7644.282,7644.282,130.81673334395566,2.0
2,4699,10999.956051,LoR,64,0.05,5,0.078125,9,170.645,2.666328125,375047.61346655333,
2,4700,11000.16852,MLP,8,0.05,0,0.0,15,172.66,21.5825,46333.83528321557,
2,4701,11000.381005,NB,1,0.01,0,0.0,22,102.861,102.861,9721.857652560251,
2,4702,11000.567539,RF,100,0.5,42,0.42,9,3448.307,34.48307,28999.738132364666,
2,4703,11004.096897,SGD,100,0.05,4,0.04,0,181.77,1.8177,550145.788633988,
2,4704,11004.320902,NB,8,0.01,0,0.0,20,110.349,13.793625,72497.2586974055,
2,4705,11004.470565,SGD,8,0.1,0,0.0,7,149.513,18.689125,53507.05289841017,
2,4706,11004.682576,MLP,32,0.01,1,0.03125,18,187.475,5.85859375,170689.4252567009,
2,4707,11004.913406,NB,16,0.0,0,0.0,3,111.986,6.999125,142875.00223242192,
2,4708,11005.06483,NB,8,0.01,0,0.0,14,104.003,13.000375,76920.85805217158,
2,4709,11005.208864,AB,32,0.0,0,0.0,23,8422.892,263.215375,3799.1701662564356,
2,4710,11013.713119,LoR,100,0.01,1,0.01,2,167.445,1.67445,597211.0245155126,
2,4711,11013.957835,AB,100,0.05,3,0.03,19,8483.13,84.8313,11788.101797331881,
2,4712,11022.486052,AB,32,1.0,32,1.0,8,7983.767,249.49271875,4008.1330028794678,
2,4713,11030.520265,GB,64,0.0,0,0.0,23,315.072,4.923,203128.17387771685,
2,4714,11030.87636,AB,8,0.0,0,0.0,6,7864.589,983.073625,1017.217810110611,
2,4715,11038.803144,MLP,16,0.1,2,0.125,28,181.812,11.36325,88002.99210173145,
2,4716,11039.029624,MLP,32,0.0,0,0.0,25,182.669,5.70840625,175180.24404797747,
2,4717,11039.270492,RF,64,0.01,0,0.0,8,3183.102,49.73596875,20106.17316064644,
2,4718,11042.495173,DT,8,0.0,0,0.0,3,120.32,15.04,66489.36170212766,
2,4719,11042.667817,DT,1,0.1,0,0.0,15,84.994,84.994,11765.536390804056,16.0
2,4720,11042.976447,MLP,64,0.05,2,0.03125,15,220.777,3.449640625,289885.2688459396,
2,4721,11043.236993,NB,8,1.0,8,1.0,7,111.128,13.891,71989.05766323519,
2,4722,11043.386332,GB,1,0.5,0,0.0,24,215.247,215.247,4645.825493502813,4.0
2,4723,11056.127026,SGD,8,1.0,8,1.0,8,157.971,19.746375,50642.20648093637,
2,4724,11056.32696,DT,16,0.0,0,0.0,28,88.928,5.558,179920.83483267363,
2,4725,11056.454451,MLP,1,0.1,0,0.0,29,166.499,166.499,6006.042078330801,
2,4726,11056.775534,MLP,8,1.0,8,1.0,29,167.619,20.952375,47727.286286160874,
2,4727,11056.986773,DT,32,1.0,32,1.0,15,89.118,2.7849375,359074.48551358876,
2,4728,11057.114184,DT,1,0.5,0,0.0,28,80.89,80.89,12362.467548522685,16.0
2,4729,11057.412256,NB,100,0.01,1,0.01,0,150.294,1.5029400000000002,665362.5560567953,
2,4730,11057.637506,NB,100,0.1,14,0.14,26,140.861,1.40861,709919.7080810161,
2,4731,11057.818197,LoR,16,0.05,0,0.0,5,154.086,9.630375,103838.11637656893,
2,4732,11058.046229,DT,100,0.1,10,0.1,17,96.066,0.9606600000000001,1040951.0128453355,
2,4733,11058.195279,SGD,100,1.0,100,1.0,17,167.536,1.67536,596886.6392894661,
2,4734,11058.429442,NB,64,0.05,6,0.09375,16,128.126,2.00196875,499508.2965206125,
2,4735,11058.62151,SGD,8,0.01,0,0.0,24,161.697,20.212125,49475.253096841625,
2,4736,11058.838856,DT,8,0.5,4,0.5,8,86.437,10.804625,92552.95764545276,
2,4737,11058.964306,MLP,16,0.1,0,0.0,10,177.543,11.0964375,90119.01342210056,
2,4738,11059.202852,RF,32,0.05,1,0.03125,25,3068.678,95.8961875,10427.943238097969,
2,4739,11062.313579,AB,1,0.05,0,0.0,14,7590.772,7590.772,131.73890613497548,2.0
2,4740,11082.453395,DT,1,0.0,0,0.0,5,86.034,86.034,11623.311713973544,15.0
2,4741,11082.731199,NB,64,0.0,0,0.0,20,133.903,2.092234375,477957.92476643546,
2,4742,11082.924355,NB,16,0.01,1,0.0625,27,108.193,6.7620625,147883.87418779405,
2,4743,11083.086249,GB,8,0.1,1,0.125,2,220.781,27.597625,36235.002106159496,
2,4744,11083.348883,MLP,8,0.01,0,0.0,29,178.434,22.30425,44834.50463476692,
2,4745,11083.590998,AB,32,0.05,2,0.0625,18,7997.22,249.913125,4001.3904831929094,
2,4746,11091.660177,SGD,64,0.1,9,0.140625,19,162.449,2.538265625,393969.7997525377,
2,4747,11091.893953,GB,64,0.5,33,0.515625,13,261.198,4.08121875,245024.84705089626,
2,4748,11092.196984,RF,16,1.0,16,1.0,8,2952.523,184.5326875,5419.094110359174,
2,4749,11095.191496,SGD,8,0.0,0,0.0,8,163.111,20.388875,49046.354936209085,
2,4750,11095.412514,LoR,100,1.0,100,1.0,11,167.439,1.6743899999999998,597232.424942815,
2,4751,11095.643157,MLP,32,0.1,5,0.15625,21,190.401,5.95003125,168066.34418936874,
2,4752,11095.87359,AB,1,0.5,0,0.0,0,7615.909,7615.909,131.30408989918342,2.0
2,4753,11116.331187,AB,16,1.0,16,1.0,1,7869.219,491.8261875,2033.2386225367472,
2,4754,11124.272623,NB,64,0.05,4,0.0625,2,132.231,2.066109375,484001.48225453944,
2,4755,11124.446053,DT,16,0.01,0,0.0,7,85.167,5.3229375,187866.19230453108,
2,4756,11124.5981,DT,64,0.01,1,0.015625,14,92.778,1.44965625,689818.707021061,
2,4757,11124.726483,MLP,8,0.0,0,0.0,25,174.059,21.757375,45961.42687249726,
2,4758,11124.977442,RF,100,0.1,11,0.11,16,3384.675,33.84675,29544.934151728008,
2,4759,11128.435973,AB,64,0.05,3,0.046875,15,8299.875,129.685546875,7710.959502402145,
2,4760,11136.7878,RF,64,0.0,0,0.0,20,3191.989,49.874828125,20050.19440856469,
2,4761,11140.047032,DT,32,0.1,3,0.09375,17,94.853,2.96415625,337364.1318672051,
2,4762,11140.200797,LoR,100,0.01,0,0.0,22,175.991,1.75991,568210.8744197146,
2,4763,11140.415559,NB,8,0.0,0,0.0,3,109.816,13.727,72849.12945290304,
2,4764,11140.563799,AB,1,0.1,0,0.0,2,7609.189,7609.189,131.42005015251954,2.0
2,4765,11161.380909,GB,1,0.01,0,0.0,23,270.369,270.369,3698.6488835628343,4.0
2,4766,11174.26431,MLP,64,0.0,0,0.0,6,255.353,3.989890625,250633.43685016426,
2,4767,11174.649701,NB,64,0.1,5,0.078125,26,142.203,2.221921875,450060.82853385655,
2,4768,11174.858691,MLP,64,0.1,1,0.015625,15,214.191,3.346734375,298798.73570784956,
2,4769,11175.151695,DT,100,0.1,10,0.1,28,103.237,1.03237,968644.9625618722,
2,4770,11175.312013,RF,16,0.1,1,0.0625,21,3045.527,190.3454375,5253.606354499566,
2,4771,11178.420663,SGD,16,0.5,8,0.5,26,229.04,14.315,69856.79357317499,
2,4772,11178.694288,SGD,32,1.0,32,1.0,20,154.622,4.8319375,206956.31928186156,
2,4773,11178.888813,AB,1,0.05,0,0.0,29,7689.2,7689.2,130.05254122665556,2.0
2,4774,11199.191242,SGD,16,0.0,0,0.0,27,158.568,9.9105,100903.0825891731,
2,4775,11199.400543,GB,64,0.0,0,0.0,3,266.013,4.156453125,240589.7456139362,
2,4776,11199.70793,GB,1,0.1,0,0.0,9,205.921,205.921,4856.231273158153,4.0
2,4777,11212.991385,MLP,64,0.0,0,0.0,17,250.739,3.917796875,255245.49431879364,
2,4778,11213.294692,GB,64,1.0,64,1.0,16,277.526,4.33634375,230609.02401937114,
2,4779,11213.616898,MLP,8,0.05,0,0.0,24,185.47,23.18375,43133.660430258264,
2,4780,11213.860722,RF,8,0.5,2,0.25,11,3102.466,387.80825,2578.5939314081124,
2,4781,11217.044519,NB,100,0.1,7,0.07,13,166.101,1.66101,602043.335079259,
2,4782,11217.248775,RF,8,1.0,8,1.0,13,2977.64,372.205,2686.691473784608,
2,4783,11220.274867,LoR,32,0.01,0,0.0,1,170.003,5.31259375,188231.97237695806,
2,4784,11220.487411,GB,8,0.01,0,0.0,6,221.282,27.66025,36152.96318724523,
2,4785,11220.787159,AB,100,0.5,45,0.45,15,9195.428,91.95428,10874.969604459955,
2,4786,11230.054687,AB,32,1.0,32,1.0,17,8455.561,264.23628125,3784.4916499331034,
2,4787,11238.615879,GB,8,0.05,0,0.0,5,255.486,31.93575,31312.870372544876,
2,4788,11238.942795,SGD,32,0.1,5,0.15625,2,185.365,5.79265625,172632.3739648801,
2,4789,11239.213156,DT,100,0.05,5,0.05,21,99.701,0.99701,1002998.9669110641,
2,4790,11239.350198,MLP,8,1.0,8,1.0,10,196.75,24.59375,40660.73697585769,
2,4791,11239.606571,LoR,8,0.05,1,0.125,9,153.154,19.14425,52235.00528879429,
2,4792,11239.800251,AB,8,0.01,0,0.0,12,8603.517,1075.439625,929.8522918011321,
2,4793,11248.490324,RF,16,0.5,6,0.375,11,3135.79,195.986875,5102.382493725664,
2,4794,11251.689079,LoR,64,0.01,0,0.0,18,197.749,3.089828125,323642.59743412107,
2,4795,11251.953869,GB,32,0.5,17,0.53125,17,279.17,8.7240625,114625.49700899093,
2,4796,11252.27573,AB,1,0.1,0,0.0,29,7865.495,7865.495,127.13758002516053,2.0
2,4797,11273.514316,MLP,1,0.0,0,0.0,11,227.639,227.639,4392.920369532461,
2,4798,11273.941075,MLP,16,0.1,0,0.0,15,197.763,12.3601875,80904.92154750889,
2,4799,11274.18334,GB,8,0.05,0,0.0,26,282.889,35.361125,28279.64325230037,
2,4800,11274.511109,RF,1,0.5,1,1.0,17,3169.886,3169.886,315.46875818247094,7.92
2,4801,11290.840398,RF,16,0.0,0,0.0,23,3313.674,207.104625,4828.477393974181,
2,4802,11294.242547,NB,64,0.1,8,0.125,21,162.57,2.54015625,393676.5700928831,
2,4803,11294.486346,RF,100,0.05,4,0.04,27,3488.026,34.88026,28669.511064424405,
2,4804,11298.052752,LoR,100,0.0,0,0.0,0,203.5,2.035,491400.4914004914,
2,4805,11298.29912,RF,1,0.1,0,0.0,27,2990.148,2990.148,334.4316067298341,11.8
2,4806,11314.535588,DT,32,0.05,1,0.03125,28,138.418,4.3255625,231183.8055744195,
2,4807,11314.742723,RF,64,0.01,1,0.015625,1,3249.963,50.780671875,19692.531884209144,
2,4808,11318.042125,AB,32,0.01,0,0.0,16,8277.249,258.66403125,3866.018770246008,
2,4809,11326.361202,NB,8,0.0,0,0.0,23,113.707,14.213375,70356.2665447158,
2,4810,11326.515226,DT,16,0.0,0,0.0,7,124.834,7.802125,128170.21003893169,
2,4811,11326.717654,SGD,100,0.5,46,0.46,16,180.489,1.80489,554050.385342043,
2,4812,11326.947342,DT,64,0.0,0,0.0,21,92.434,1.44428125,692385.9186013804,
2,4813,11327.078434,NB,1,0.1,0,0.0,8,102.332,102.332,9772.11429464879,
2,4814,11327.227758,DT,8,0.0,0,0.0,19,85.651,10.706375,93402.29536140851,
2,4815,11327.350623,MLP,1,0.05,0,0.0,18,178.622,178.622,5598.414529005385,
2,4816,11327.715403,DT,64,0.5,30,0.46875,13,93.423,1.459734375,685056.1424916777,
2,4817,11327.847818,GB,16,0.0,0,0.0,28,249.133,15.5708125,64222.7244082478,
2,4818,11328.139104,AB,8,0.01,0,0.0,22,8286.903,1035.862875,965.378742818638,
2,4819,11336.514226,GB,8,0.5,1,0.125,15,286.301,35.787625,27942.61983017873,
2,4820,11336.889083,AB,100,0.5,53,0.53,9,8938.874,89.38874,11187.091349536866,
2,4821,11345.928803,SGD,100,0.1,11,0.11,6,197.981,1.9798099999999998,505098.9741439835,
2,4822,11346.170436,LoR,16,0.0,0,0.0,1,153.735,9.6084375,104075.1943279019,
2,4823,11346.364973,MLP,1,0.5,1,1.0,22,173.958,173.958,5748.51400912864,
2,4824,11346.743933,SGD,8,0.1,0,0.0,17,147.18,18.3975,54355.211305883946,
2,4825,11346.930827,NB,8,0.0,0,0.0,19,115.023,14.377875,69551.30712987838,
2,4826,11347.086321,MLP,8,0.05,0,0.0,22,178.21,22.27625,44890.859098816,
2,4827,11347.310077,GB,1,0.01,0,0.0,7,242.621,242.621,4121.654761953829,4.0
2,4828,11360.23253,SGD,1,0.05,0,0.0,6,156.929,156.929,6372.308496198918,
2,4829,11360.576004,RF,64,0.5,28,0.4375,24,3372.668,52.6979375,18976.074727782277,
2,4830,11364.031542,AB,100,0.5,62,0.62,16,8861.185,88.61184999999999,11285.172355616094,
2,4831,11372.939179,AB,32,0.0,0,0.0,15,8214.515,256.70359375,3895.543437439703,
2,4832,11381.195425,MLP,8,0.0,0,0.0,1,183.083,22.885375,43696.02857720269,
2,4833,11381.42659,GB,32,0.01,0,0.0,12,248.989,7.78090625,128519.73380350135,
2,4834,11381.756053,LoR,100,0.5,49,0.49,4,175.316,1.75316,570398.594537863,
2,4835,11382.010225,AB,100,0.1,9,0.09,4,8743.785,87.43785,11436.694749470624,
2,4836,11390.795625,GB,8,1.0,8,1.0,7,216.125,27.015625,37015.61596298438,
2,4837,11391.057285,GB,32,0.0,0,0.0,22,218.424,6.82575,146504.04717430318,
2,4838,11391.335909,DT,8,0.5,3,0.375,2,90.206,11.27575,88685.89672527325,
2,4839,11391.464432,LoR,16,1.0,16,1.0,15,155.591,9.7244375,102833.71146145985,
2,4840,11391.663043,SGD,32,1.0,32,1.0,19,153.796,4.806125,208067.83011261674,
2,4841,11391.884423,AB,64,0.5,28,0.4375,26,8439.174,131.86209375,7583.680582957526,
2,4842,11400.38323,RF,100,1.0,100,1.0,11,3379.272,33.79272,29592.172515263643,
2,4843,11403.823837,SGD,100,1.0,100,1.0,8,184.146,1.8414599999999999,543047.3645911397,
2,4844,11404.05353,GB,16,0.01,0,0.0,28,223.546,13.971625,71573.6358512342,
2,4845,11404.357,DT,100,0.01,1,0.01,15,102.443,1.02443,976152.5921732085,
2,4846,11404.497452,DT,8,1.0,8,1.0,3,89.542,11.19275,89343.5482790199,
2,4847,11404.630038,GB,1,0.5,1,1.0,10,200.436,200.436,4989.123710311521,4.0
2,4848,11417.732185,RF,100,0.05,7,0.07,25,3452.068,34.52068,28968.14315361111,
2,4849,11421.260218,DT,64,0.1,8,0.125,29,101.885,1.591953125,628159.1990970211,
2,4850,11421.411434,MLP,64,0.0,0,0.0,23,231.062,3.61034375,276981.9355843886,
2,4851,11421.707665,NB,32,0.1,2,0.0625,18,129.647,4.05146875,246824.068431973,
2,4852,11421.897883,AB,32,0.5,15,0.46875,0,8221.979,256.93684375,3892.0070216671684,
2,4853,11430.168924,GB,32,0.05,0,0.0,29,227.927,7.12271875,140395.82848894602,
2,4854,11430.439797,NB,16,0.0,0,0.0,1,117.546,7.346625,136116.9244380923,
2,4855,11430.637187,LoR,8,0.01,0,0.0,28,157.238,19.65475,50878.2864193134,
2,4856,11430.835285,DT,16,1.0,16,1.0,17,89.544,5.5965,178683.10551237382,
2,4857,11430.964129,RF,1,0.01,0,0.0,1,2980.191,2980.191,335.5489631369265,9.99
2,4858,11446.916152,MLP,32,0.1,1,0.03125,23,205.659,6.42684375,155597.37234937446,
2,4859,11447.160689,AB,1,1.0,1,1.0,26,7836.175,7836.175,127.61328071412392,2.0
2,4860,11468.42591,DT,64,0.1,5,0.078125,11,103.843,1.622546875,616315.0140115366,
2,4861,11468.590509,AB,8,0.1,2,0.25,28,8049.169,1006.146125,993.8914191017732,
2,4862,11476.701927,GB,8,0.5,4,0.5,22,250.247,31.280875,31968.41520577669,
2,4863,11476.993532,RF,8,0.0,0,0.0,18,3132.959,391.619875,2553.4965507049405,
2,4864,11480.177092,AB,32,0.01,0,0.0,11,8203.919,256.37246875,3900.574835027016,
2,4865,11488.449144,RF,32,0.1,1,0.03125,9,3148.197,98.38115625,10164.548152482199,
2,4866,11491.661703,GB,8,0.5,3,0.375,12,251.488,31.436,31810.66293421555,
2,4867,11491.955742,GB,1,0.1,0,0.0,19,206.767,206.767,4836.361701818956,4.0
2,4868,11504.840223,MLP,32,0.5,19,0.59375,28,232.292,7.259125,137757.64985449347,
2,4869,11505.11614,GB,8,0.1,0,0.0,11,215.792,26.974,37072.73670942389,
2,4870,11505.41426,LoR,100,0.5,43,0.43,8,184.623,1.8462299999999998,541644.3238383083,
2,4871,11505.668128,GB,64,0.01,2,0.03125,10,252.247,3.941359375,253719.56851815878,
2,4872,11505.959417,RF,1,0.0,0,0.0,18,2975.317,2975.317,336.0986409179257,11.34
2,4873,11522.041464,MLP,16,0.0,0,0.0,21,196.66,12.29125,81358.690125089,
2,4874,11522.298896,LoR,8,0.5,3,0.375,11,154.275,19.284375,51855.452924971636,
2,4875,11522.52205,MLP,64,0.5,31,0.484375,5,242.118,3.78309375,264333.91982421797,
2,4876,11522.82606,NB,100,0.01,0,0.0,14,154.339,1.54339,647924.3742670355,
2,4877,11523.053338,AB,64,0.01,1,0.015625,17,8721.26,136.2696875,7338.38917771056,
2,4878,11531.861726,NB,64,0.1,3,0.046875,5,141.261,2.207203125,453062.0624234573,
2,4879,11532.063341,MLP,16,0.05,1,0.0625,2,204.896,12.806,78088.39606434484,
2,4880,11532.337476,LoR,64,0.1,6,0.09375,26,167.32,2.614375,382500.5976571839,
2,4881,11532.565427,DT,32,0.05,2,0.0625,8,92.67,2.8959375,345311.3197367001,
2,4882,11532.712794,LoR,100,1.0,100,1.0,5,169.29,1.6928999999999998,590702.3450883101,
2,4883,11532.921254,DT,1,0.5,1,1.0,22,85.666,85.666,11673.242593327575,13.0
2,4884,11533.209667,AB,16,0.0,0,0.0,0,8121.804,507.61275,1970.0056785413683,
2,4885,11541.396737,NB,16,0.05,1,0.0625,2,115.309,7.2068125,138757.59914664077,
2,4886,11541.588645,RF,100,0.05,4,0.04,13,3514.512,35.14512,28453.452428103814,
2,4887,11545.14766,LoR,1,0.5,0,0.0,25,164.807,164.807,6067.703434926915,
2,4888,11545.505727,DT,64,0.1,7,0.109375,3,96.797,1.512453125,661177.5158321023,
2,4889,11545.644382,RF,16,0.01,0,0.0,5,3107.951,194.2469375,5148.086311528077,
2,4890,11548.835355,DT,100,0.1,7,0.07,1,104.865,1.0486499999999999,953607.0185476566,
2,4891,11549.000214,AB,16,0.1,1,0.0625,12,8137.696,508.606,1966.1584802381412,
2,4892,11557.206024,DT,32,0.05,1,0.03125,13,87.117,2.72240625,367322.10705143656,
2,4893,11557.33638,LoR,32,0.0,0,0.0,7,159.282,4.9775625,200901.5456862671,
2,4894,11557.538967,AB,16,0.01,0,0.0,1,8158.915,509.9321875,1961.0450654284302,
2,4895,11565.763647,NB,8,0.05,1,0.125,7,115.148,14.3935,69475.80505089102,
2,4896,11565.928577,DT,64,0.0,0,0.0,17,91.643,1.431921875,698362.1225843764,
2,4897,11566.078636,DT,16,0.01,1,0.0625,15,84.35,5.271875,189685.83283935982,
2,4898,11566.200184,NB,1,0.01,0,0.0,19,100.963,100.963,9904.618523617564,
2,4899,11566.372674,DT,32,0.1,1,0.03125,2,89.808,2.8065,356315.69570639584,
2,4900,11566.508841,MLP,64,1.0,64,1.0,8,278.748,4.3554375,229598.05989639388,
2,4901,11566.846267,LoR,8,0.5,4,0.5,6,153.41,19.17625,52147.8391239163,
2,4902,11567.055979,DT,8,0.5,4,0.5,20,88.215,11.026875,90687.52479737006,
2,4903,11567.181637,NB,1,0.05,0,0.0,5,101.919,101.919,9811.713223245912,
2,4904,11567.346906,NB,100,0.0,0,0.0,0,151.37,1.5137,660632.8863050803,
2,4905,11567.534877,RF,8,1.0,8,1.0,10,3016.284,377.0355,2652.27014432328,
2,4906,11570.631038,SGD,32,0.1,2,0.0625,14,174.964,5.467625,182894.7669234814,
2,4907,11570.84792,SGD,1,0.0,0,0.0,9,149.461,149.461,6690.708612949197,
2,4908,11571.178552,NB,32,0.05,1,0.03125,1,123.196,3.849875,259748.69313938764,
2,4909,11571.340858,MLP,1,0.5,1,1.0,10,170.838,170.838,5853.498636134818,
2,4910,11571.65751,LoR,1,1.0,1,1.0,29,142.729,142.729,7006.284637319675,
2,4911,11571.98108,GB,100,0.5,54,0.54,24,338.717,3.38717,295231.7126096417,
2,4912,11572.381431,MLP,8,0.05,1,0.125,4,188.454,23.55675,42450.67761894149,
2,4913,11572.630901,RF,16,0.1,1,0.0625,10,3432.718,214.544875,4661.029539857338,
2,4914,11576.115305,SGD,1,0.5,1,1.0,21,185.172,185.172,5400.384507376925,
2,4915,11576.498834,LoR,64,0.1,8,0.125,25,167.599,2.618734375,381863.85360294516,
2,4916,11576.726382,DT,100,0.0,0,0.0,25,104.899,1.04899,953297.9342033765,
2,4917,11576.87356,DT,8,0.1,0,0.0,23,87.615,10.951875,91308.56588483708,
2,4918,11577.003333,LoR,16,0.05,0,0.0,8,155.964,9.74775,102587.7766664102,
2,4919,11577.229876,DT,64,0.05,2,0.03125,23,95.457,1.491515625,670458.9501031878,
2,4920,11577.363885,MLP,1,0.1,0,0.0,18,178.842,178.842,5591.527717202894,
2,4921,11577.697768,RF,8,0.01,0,0.0,16,3229.536,403.692,2477.136034402465,
2,4922,11581.012236,GB,1,0.5,0,0.0,5,326.486,326.486,3062.9184712361325,4.0
2,4923,11594.492044,RF,100,0.0,0,0.0,25,3584.968,35.84968,27894.25177574807,
2,4924,11598.155065,RF,32,0.1,2,0.0625,15,3152.131,98.50409375,10151.86234328459,
2,4925,11601.377507,DT,32,0.1,3,0.09375,1,99.417,3.10678125,321876.5402295382,
2,4926,11601.557062,GB,100,0.5,46,0.46,20,338.169,3.38169,295710.13309913094,
2,4927,11601.937644,LoR,1,0.5,0,0.0,5,178.679,178.679,5596.62859093682,
2,4928,11602.302151,SGD,32,0.5,13,0.40625,29,161.787,5.05584375,197790.92263284442,
2,4929,11602.516256,MLP,64,0.01,0,0.0,13,268.076,4.1886875,238738.26825228665,
2,4930,11602.844575,AB,8,0.1,1,0.125,0,8134.684,1016.8355,983.4432413109101,
2,4931,11611.0228,SGD,16,1.0,16,1.0,12,155.666,9.729125,102784.16609921242,
2,4932,11611.240398,RF,16,0.5,7,0.4375,29,3093.813,193.3633125,5171.611858893863,
2,4933,11614.377826,RF,1,0.5,0,0.0,6,2970.878,2970.878,336.60082978836556,9.99
2,4934,11630.423123,RF,32,0.01,1,0.03125,25,3129.515,97.79734375,10225.226592618985,
2,4935,11633.596954,LoR,16,1.0,16,1.0,29,168.373,10.5233125,95027.1124230132,
2,4936,11633.825028,SGD,100,0.0,0,0.0,0,171.838,1.71838,581943.4583735844,
2,4937,11634.079112,LoR,100,1.0,100,1.0,20,169.383,1.6938300000000002,590378.0190455948,
2,4938,11634.355391,GB,100,0.5,51,0.51,15,359.359,3.59359,278273.25877465156,
2,4939,11634.788184,DT,64,0.5,30,0.46875,20,100.382,1.56846875,637564.5035962622,
2,4940,11634.926059,LoR,8,1.0,8,1.0,10,158.591,19.823875,50444.224451576694,
2,4941,11635.153085,SGD,64,0.05,2,0.03125,14,164.109,2.564203125,389984.7052873395,
2,4942,11635.377006,LoR,16,0.1,1,0.0625,13,151.324,9.45775,105733.39324892283,
2,4943,11635.568007,RF,1,0.05,0,0.0,15,2983.617,2983.617,335.16366209201783,12.36
2,4944,11651.511322,LoR,1,0.1,0,0.0,5,155.29,155.29,6439.564685427265,
2,4945,11651.864289,AB,100,0.5,48,0.48,13,8847.296,88.47296,11302.888475755755,
2,4946,11660.754947,NB,16,1.0,16,1.0,28,120.635,7.5396875,132631.49168980808,
2,4947,11660.932211,NB,100,0.0,0,0.0,1,143.556,1.4355600000000002,696592.2706121652,
2,4948,11661.117549,RF,16,0.05,0,0.0,18,3026.597,189.1623125,5286.465294190141,
2,4949,11664.21298,AB,32,0.05,2,0.0625,28,8241.219,257.53809375,3882.920718403431,
2,4950,11672.518936,DT,16,0.1,2,0.125,27,84.68,5.2925,188946.62257912138,
2,4951,11672.663836,SGD,16,0.05,1,0.0625,18,158.359,9.8974375,101036.25307055487,
2,4952,11672.865932,AB,16,0.05,0,0.0,8,8108.801,506.8000625,1973.1647132541543,
2,4953,11681.014844,GB,1,0.0,0,0.0,20,209.465,209.465,4774.067266607786,4.0
2,4954,11693.898579,MLP,16,0.01,0,0.0,21,199.987,12.4991875,80005.20033802197,
2,4955,11694.144424,DT,32,0.0,0,0.0,26,92.942,2.9044375,344300.74670224445,
2,4956,11694.277941,NB,8,0.05,0,0.0,14,113.309,14.163625,70603.39425817896,
2,4957,11694.433693,DT,1,0.1,0,0.0,26,86.348,86.348,11581.044146940289,16.0
2,4958,11694.754661,NB,32,0.0,0,0.0,18,125.172,3.911625,255648.22803821941,
2,4959,11694.942539,NB,32,0.5,21,0.65625,15,118.098,3.6905625,270961.4049348846,
2,4960,11695.09845,GB,1,0.01,0,0.0,16,206.851,206.851,4834.397706561728,4.0
2,4961,11708.529671,SGD,64,0.0,0,0.0,9,200.752,3.13675,318801.30708535906,
2,4962,11708.776241,RF,1,0.1,0,0.0,12,3104.457,3104.457,322.11752328990224,13.29
2,4963,11724.953459,NB,8,0.0,0,0.0,24,124.417,15.552125,64299.89470892242,
2,4964,11725.125954,DT,32,0.01,0,0.0,13,93.854,2.9329375,340955.10047520616,
2,4965,11725.279117,SGD,16,0.1,4,0.25,27,166.595,10.4121875,96041.29775803596,
2,4966,11725.52321,AB,100,0.05,5,0.05,24,8818.002,88.18002,11340.437436961343,
2,4967,11734.409356,DT,32,0.05,1,0.03125,19,86.694,2.7091875,369114.3562414931,
2,4968,11734.535947,LoR,16,0.0,0,0.0,11,195.826,12.239125,81705.18725807605,
2,4969,11734.7964,LoR,32,0.05,1,0.03125,25,153.975,4.81171875,207825.94577041728,
2,4970,11735.019611,NB,64,0.1,8,0.125,1,133.316,2.0830625,480062.4081130547,
2,4971,11735.208135,AB,100,0.0,0,0.0,0,8710.404,87.10404,11480.523750677925,
2,4972,11743.964932,LoR,32,0.0,0,0.0,28,156.667,4.89584375,204254.8845640754,
2,4973,11744.163414,AB,1,0.05,0,0.0,16,7791.674,7791.674,128.34212519671638,2.0
2,4974,11764.865186,SGD,100,0.01,2,0.02,24,180.988,1.80988,552522.8191924327,
2,4975,11765.0853,SGD,1,1.0,1,1.0,16,149.321,149.321,6696.981670361169,
2,4976,11765.429491,SGD,100,0.5,43,0.43,22,167.469,1.67469,597125.4381407902,
2,4977,11765.637117,RF,1,0.01,0,0.0,13,3025.169,3025.169,330.5600447446077,9.99
2,4978,11781.702732,LoR,8,0.05,1,0.125,15,162.689,20.336125,49173.57657862548,
2,4979,11781.925401,NB,8,0.05,1,0.125,22,113.668,14.2085,70380.40609494316,
2,4980,11782.099383,SGD,32,0.1,3,0.09375,17,160.764,5.023875,199049.5384538827,
2,4981,11782.303266,NB,32,1.0,32,1.0,29,117.944,3.68575,271315.2004341043,
2,4982,11782.460401,GB,8,0.01,0,0.0,27,286.774,35.84675,27896.53176368848,
2,4983,11782.788721,MLP,1,0.5,0,0.0,25,181.042,181.042,5523.580163718916,
2,4984,11783.119615,SGD,1,1.0,1,1.0,1,146.091,146.091,6845.048634070545,
2,4985,11783.416666,GB,1,0.1,0,0.0,26,214.457,214.457,4662.939423753946,4.0
2,4986,11796.301997,DT,8,0.01,0,0.0,28,91.736,11.467,87206.76724513822,
2,4987,11796.435348,RF,8,0.01,0,0.0,0,3052.271,381.533875,2620.99924941134,
2,4988,11799.534694,SGD,32,1.0,32,1.0,9,172.799,5.39996875,185186.2568649124,
2,4989,11799.752825,MLP,16,0.01,0,0.0,18,191.472,11.967,83563.13194618534,
2,4990,11799.986559,LoR,16,1.0,16,1.0,10,152.451,9.5281875,104951.75499012799,
2,4991,11800.183055,LoR,32,1.0,32,1.0,11,151.406,4.7314375,211352.25816678334,
2,4992,11800.397496,GB,32,0.1,3,0.09375,14,234.853,7.33915625,136255.4448953175,
2,4993,11800.677287,RF,32,0.0,0,0.0,21,3128.019,97.75059375,10230.116888676188,
2,4994,11803.879354,AB,64,0.5,36,0.5625,6,8528.52,133.258125,7504.232856345532,
2,4995,11812.492029,RF,100,0.05,6,0.06,19,3484.22,34.8422,28700.82830590491,
2,4996,11816.019927,LoR,1,0.05,0,0.0,5,163.407,163.407,6119.688875017594,
2,4997,11816.340773,MLP,1,0.0,0,0.0,17,165.567,165.567,6039.850936478888,
2,4998,11816.656809,LoR,32,1.0,32,1.0,28,151.57,4.7365625,211123.57326647756,
2,4999,11816.850629,RF,8,0.05,0,0.0,23,3040.189,380.023625,2631.4153495062315,
2,5000,11819.956026,GB,16,0.5,6,0.375,19,244.41,15.275625,65463.76989484882,
2,5001,11820.253885,MLP,64,0.0,0,0.0,4,224.484,3.5075625,285098.26980987506,
2,5002,11820.547331,GB,32,0.05,2,0.0625,17,233.857,7.30803125,136835.75860461735,
2,5003,11820.843757,NB,16,0.1,1,0.0625,3,123.396,7.71225,129663.84647800577,
2,5004,11821.016152,NB,64,0.0,0,0.0,17,135.561,2.118140625,472112.185658117,
2,5005,11821.202291,MLP,64,0.01,0,0.0,18,217.243,3.394421875,294600.97678636364,
2,5006,11821.476801,AB,100,1.0,100,1.0,19,8754.421,87.54421,11422.799977291474,
2,5007,11830.293404,AB,8,0.5,2,0.25,9,7829.498,978.68725,1021.7768750946741,
2,5008,11838.185682,RF,16,0.5,7,0.4375,12,3009.22,188.07625,5316.992443224491,
2,5009,11841.239289,AB,8,0.01,0,0.0,14,7889.477,986.184625,1014.0089133918509,
2,5010,11849.169792,NB,8,0.0,0,0.0,0,107.722,13.46525,74265.2382985834,
2,5011,11849.348801,MLP,64,0.01,1,0.015625,19,214.435,3.350546875,298458.7404108471,
2,5012,11849.641625,NB,100,0.05,8,0.08,29,145.936,1.45936,685231.8824690275,
2,5013,11849.835631,AB,64,1.0,64,1.0,18,8278.854,129.35709375,7730.538550383906,
2,5014,11858.156549,DT,16,0.0,0,0.0,6,81.416,5.0885,196521.5682421146,
2,5015,11858.277778,AB,16,0.0,0,0.0,5,7907.5,494.21875,2023.395510591211,
2,5016,11866.246674,GB,8,0.5,6,0.75,1,216.504,27.063,36950.81846062891,
2,5017,11866.508463,NB,32,1.0,32,1.0,15,124.734,3.8979375,256545.9297384835,
2,5018,11866.707595,MLP,100,0.5,46,0.46,13,238.073,2.3807300000000002,420039.23166423745,
2,5019,11867.008342,RF,32,0.5,15,0.46875,23,3052.412,95.387875,10483.512710603944,
2,5020,11870.102556,AB,8,0.0,0,0.0,23,7811.325,976.415625,1024.1540327665282,
2,5021,11877.980723,LoR,32,0.05,2,0.0625,29,158.068,4.939625,202444.5175494091,
2,5022,11878.202392,MLP,32,0.1,1,0.03125,25,188.385,5.88703125,169864.90431828436,
2,5023,11878.432253,NB,8,0.01,0,0.0,11,108.642,13.58025,73636.34690083025,
2,5024,11878.584514,MLP,8,0.05,0,0.0,29,171.155,21.394375,46741.257924103884,
2,5025,11878.794552,RF,8,0.0,0,0.0,23,2958.346,369.79325,2704.2137735072233,
2,5026,11881.795823,AB,1,0.05,0,0.0,13,7645.713,7645.713,130.79224919899556,2.0
2,5027,11902.088927,LoR,100,0.05,6,0.06,7,175.176,1.75176,570854.4549481665,
2,5028,11902.305085,RF,16,1.0,16,1.0,22,2906.656,181.666,5504.607356357271,
2,5029,11905.254124,NB,1,0.05,0,0.0,8,110.218,110.218,9072.92819684625,
2,5030,11905.44298,LoR,64,0.5,30,0.46875,25,170.442,2.66315625,375494.3030473709,
2,5031,11905.680987,RF,64,0.1,4,0.0625,7,3134.52,48.976875,20417.799216466956,
2,5032,11908.882843,LoR,16,0.0,0,0.0,20,174.549,10.9093125,91664.80472532068,
2,5033,11909.099145,MLP,16,1.0,16,1.0,17,180.538,11.283625,88624.00159523202,
2,5034,11909.386499,AB,64,0.01,1,0.015625,10,8534.511,133.351734375,7498.965084232711,
2,5035,11917.972368,RF,64,1.0,64,1.0,18,3135.424,48.991,20411.912392072012,
2,5036,11921.150677,RF,1,0.5,0,0.0,16,2949.758,2949.758,339.01086122997214,9.99
2,5037,11936.955069,GB,8,0.05,1,0.125,20,237.193,29.649125,33727.808156227205,
2,5038,11937.257142,MLP,32,0.5,10,0.3125,3,201.701,6.30315625,158650.67600061477,
2,5039,11937.517349,RF,100,0.0,0,0.0,19,3302.664,33.02664,30278.587225342933,
2,5040,11940.859952,RF,1,1.0,1,1.0,11,2846.911,2846.911,351.25790725456466,7.49
2,5041,11956.32983,GB,32,0.0,0,0.0,9,239.414,7.4816875,133659.68573266393,
2,5042,11956.610187,NB,8,1.0,8,1.0,19,115.425,14.428125,69309.07515702838,
2,5043,11956.799489,SGD,100,0.5,59,0.59,15,180.737,1.80737,553290.1398164183,
2,5044,11957.023067,SGD,32,1.0,32,1.0,16,152.534,4.7666875,209789.2928789647,
2,5045,11957.236669,DT,32,0.05,3,0.09375,24,90.358,2.8236875,354146.8381327608,
2,5046,11957.385124,MLP,32,0.05,3,0.09375,11,190.192,5.9435,168251.03053756204,
2,5047,11957.653391,RF,100,0.5,52,0.52,13,3345.785,33.45785,29888.352060876598,
2,5048,11961.052011,LoR,64,0.0,0,0.0,0,172.644,2.6975625,370705.03463775164,
2,5049,11961.271687,GB,32,0.05,0,0.0,14,232.546,7.2670625,137607.18309495755,
2,5050,11961.565261,LoR,16,0.1,2,0.125,20,157.772,9.86075,101412.16438911848,
2,5051,11961.760131,LoR,1,1.0,1,1.0,19,143.22,143.22,6982.265046781175,
2,5052,11962.057123,MLP,32,0.0,0,0.0,14,186.881,5.84003125,171231.96044541715,
2,5053,11962.283805,DT,8,0.0,0,0.0,18,86.912,10.864,92047.12812960235,
2,5054,11962.425673,DT,100,1.0,100,1.0,12,90.519,0.90519,1104740.4412333323,
2,5055,11962.596343,NB,100,0.1,11,0.11,25,147.312,1.4731200000000002,678831.3239926143,
2,5056,11962.798742,SGD,8,0.5,1,0.125,5,152.733,19.091625,52378.988168896045,
2,5057,11963.012777,LoR,32,0.1,2,0.0625,25,150.906,4.7158125,212052.5360157979,
2,5058,11963.20117,RF,8,1.0,8,1.0,20,2946.213,368.276625,2715.3501800446875,
2,5059,11966.206629,GB,100,0.0,0,0.0,23,276.96,2.7695999999999996,361062.9693818602,
2,5060,11966.525565,LoR,1,0.01,0,0.0,6,159.296,159.296,6277.621534752913,
2,5061,11966.841636,SGD,1,0.05,0,0.0,14,145.645,145.645,6866.00981839404,
2,5062,11967.130646,RF,16,0.0,0,0.0,6,2942.645,183.9153125,5437.285163517856,
2,5063,11970.117631,GB,8,0.05,0,0.0,16,221.599,27.699875,36101.24594425065,
2,5064,11970.378437,AB,1,0.0,0,0.0,20,7611.57,7611.57,131.37894021864085,2.0
2,5065,11990.544268,GB,64,0.0,0,0.0,6,252.568,3.946375,253397.10493807608,
2,5066,11990.85828,SGD,8,0.1,1,0.125,28,161.554,20.19425,49519.04626316897,
2,5067,11991.061575,LoR,8,1.0,8,1.0,1,148.19,18.52375,53984.7493083204,
2,5068,11991.266438,AB,100,1.0,100,1.0,0,8611.112,86.11111999999999,11612.902027055276,
2,5069,11999.949451,GB,64,0.05,3,0.046875,3,243.309,3.801703125,263040.0026304,
2,5070,12000.231492,NB,1,1.0,1,1.0,1,107.561,107.561,9297.050046020397,
2,5071,12000.410047,DT,32,0.05,2,0.0625,5,92.049,2.87653125,347640.93037403986,
2,5072,12000.556216,DT,100,1.0,100,1.0,15,92.043,0.9204300000000001,1086448.725052421,
2,5073,12000.741518,AB,100,0.01,1,0.01,16,8664.145,86.64145,11541.819764096745,
2,5074,12009.477129,RF,64,0.5,32,0.5,18,3326.795,51.981171875,19237.734816843236,
2,5075,12012.865337,NB,100,0.01,0,0.0,18,155.385,1.55385,643562.7634585063,
2,5076,12013.11261,SGD,32,0.5,17,0.53125,11,181.694,5.6779375,176120.29015817805,
2,5077,12013.371833,RF,32,0.5,15,0.46875,10,3180.841,99.40128125,10060.23249826068,
2,5078,12016.63249,NB,100,0.5,45,0.45,15,155.228,1.55228,644213.6727909913,
2,5079,12016.827308,MLP,16,0.0,0,0.0,11,190.202,11.887625,84121.09231238368,
2,5080,12017.060537,RF,8,1.0,8,1.0,2,2953.748,369.2185,2708.4233319836358,
2,5081,12020.086915,GB,64,0.01,1,0.015625,5,264.7,4.1359375,241783.15073668305,
2,5082,12020.429685,AB,100,0.5,49,0.49,7,8643.347,86.43347,11569.592196171228,
2,5083,12029.114787,MLP,1,0.1,0,0.0,11,165.047,165.047,6058.88019776185,
2,5084,12029.429197,RF,1,0.1,1,1.0,29,2935.78,2935.78,340.6249787109388,6.85
2,5085,12045.079602,GB,64,0.0,0,0.0,15,262.047,4.094484375,244230.99672959428,
2,5086,12045.393397,SGD,64,1.0,64,1.0,28,172.481,2.695015625,371055.3626196509,
2,5087,12045.631923,MLP,16,0.1,2,0.125,9,182.426,11.401625,87706.79618036903,
2,5088,12045.856988,RF,32,0.0,0,0.0,29,3095.753,96.74228125,10336.741981676187,
2,5089,12049.020446,SGD,1,1.0,1,1.0,7,159.575,159.575,6266.645777847408,
2,5090,12049.329553,RF,1,0.01,1,1.0,16,2868.776,2868.776,348.5807187455556,7.88
2,5091,12064.864253,NB,32,0.5,15,0.46875,21,124.694,3.8966875,256628.22589699583,
2,5092,12065.028272,DT,16,1.0,16,1.0,0,89.042,5.565125,179690.48314278654,
2,5093,12065.174854,NB,16,0.1,1,0.0625,6,111.485,6.9678125,143517.0650760192,
2,5094,12065.32364,DT,16,0.0,0,0.0,17,86.989,5.4368125,183931.30165883043,
2,5095,12065.44896,MLP,8,0.05,0,0.0,6,177.484,22.1855,45074.48558743323,
2,5096,12065.664332,SGD,8,0.0,0,0.0,25,148.051,18.506375,54035.43373567217,
2,5097,12065.887533,NB,100,0.05,4,0.04,16,143.191,1.43191,698367.9141845506,
2,5098,12066.065542,MLP,1,1.0,1,1.0,8,161.583,161.583,6188.7698582152825,
2,5099,12066.396634,RF,16,0.1,2,0.125,2,3003.12,187.695,5327.792429206958,
2,5100,12069.448552,SGD,32,0.01,0,0.0,0,168.933,5.27915625,189424.20959788794,
2,5101,12069.657633,DT,8,0.0,0,0.0,1,88.491,11.061375,90404.67392164175,
2,5102,12069.785507,NB,1,0.05,0,0.0,28,102.188,102.188,9785.884839707207,
2,5103,12069.970873,MLP,100,0.1,1,0.01,12,237.321,2.37321,421370.2116542573,
2,5104,12070.298953,NB,100,0.5,50,0.5,5,146.467,1.4646700000000001,682747.649641216,
2,5105,12070.517195,LoR,100,0.5,39,0.39,21,174.494,1.74494,573085.6075280525,
2,5106,12070.730162,NB,1,0.5,1,1.0,10,99.319,99.319,10068.566940867306,
2,5107,12070.900373,AB,32,0.5,19,0.59375,1,8051.328,251.604,3974.4996104990378,
2,5108,12078.995037,GB,8,0.1,0,0.0,16,215.727,26.965875,37083.90697501935,
2,5109,12079.252738,NB,16,0.0,0,0.0,20,115.366,7.210375,138689.04183208224,
2,5110,12079.424625,NB,8,0.1,1,0.125,14,105.371,13.171375,75922.21768797867,
2,5111,12079.582956,GB,8,0.1,2,0.25,7,213.777,26.722125,37422.173573396576,
2,5112,12079.87355,AB,100,0.01,1,0.01,29,8530.442,85.30442,11722.721987911062,
2,5113,12088.483857,AB,100,0.5,47,0.47,10,8476.886,84.76886,11796.784809893632,
2,5114,12097.005534,NB,16,0.01,0,0.0,11,111.333,6.9583125,143713.00512875788,
2,5115,12097.157533,RF,8,0.1,0,0.0,10,3003.255,375.406875,2663.776469197587,
2,5116,12100.227202,AB,100,1.0,100,1.0,26,8693.422,86.93422000000001,11502.950161627952,
2,5117,12109.004494,GB,100,0.01,1,0.01,1,332.491,3.32491,300760.0205719854,
2,5118,12109.409248,SGD,64,0.5,30,0.46875,19,182.659,2.854046875,350379.6692196935,
2,5119,12109.644908,NB,64,0.0,0,0.0,23,134.379,2.099671875,476264.89257994184,
2,5120,12109.826961,AB,64,0.0,0,0.0,28,8472.923,132.389421875,7553.473576946231,
2,5121,12118.341824,SGD,1,0.05,0,0.0,19,152.674,152.674,6549.903716415369,
2,5122,12118.701736,DT,1,0.5,0,0.0,27,83.695,83.695,11948.145050480915,16.0
2,5123,12118.987711,SGD,16,0.0,0,0.0,2,153.461,9.5913125,104261.0174572041,
2,5124,12119.183171,MLP,8,0.01,0,0.0,7,181.7,22.7125,44028.61860209136,
2,5125,12119.408176,NB,16,0.1,0,0.0,26,111.253,6.9533125,143816.34652548697,
2,5126,12119.563194,MLP,32,0.01,0,0.0,8,186.474,5.8273125,171605.69301886592,
2,5127,12119.799102,MLP,32,0.01,0,0.0,28,178.434,5.5760625,179338.01853906768,
2,5128,12120.022886,GB,32,0.01,0,0.0,1,250.083,7.81509375,127957.51810398948,
2,5129,12120.314421,DT,1,0.01,0,0.0,17,87.891,87.891,11377.729232799717,16.0
2,5130,12120.591964,SGD,8,0.1,0,0.0,1,156.726,19.59075,51044.49804116739,
2,5131,12120.806976,RF,8,0.1,1,0.125,3,3014.129,376.766125,2654.1664275152125,
2,5132,12123.888679,NB,32,0.05,6,0.1875,12,128.49,4.0153125,249046.61841388434,
2,5133,12124.075131,MLP,16,0.5,7,0.4375,7,187.481,11.7175625,85341.98132077385,
2,5134,12124.321582,AB,16,0.05,3,0.1875,6,7936.754,496.047125,2015.937497873816,
2,5135,12132.300413,LoR,16,0.0,0,0.0,17,151.122,9.445125,105874.72373314275,
2,5136,12132.521703,DT,64,0.05,6,0.09375,9,90.335,1.411484375,708474.0133945869,
2,5137,12132.658815,MLP,64,0.0,0,0.0,26,207.568,3.24325,308332.69097356044,
2,5138,12132.935275,DT,64,0.5,27,0.421875,27,90.973,1.421453125,703505.4356787179,
2,5139,12133.102491,SGD,100,0.01,4,0.04,1,166.892,1.66892,599189.8952616063,
2,5140,12133.32698,RF,16,0.1,3,0.1875,0,3072.915,192.0571875,5206.782485034568,
2,5141,12136.444999,GB,16,0.05,0,0.0,22,239.168,14.948,66898.58175006689,
2,5142,12136.75505,RF,64,0.5,33,0.515625,21,3311.043,51.735046875,19329.256672293293,
2,5143,12140.109574,GB,16,0.0,0,0.0,27,230.052,14.37825,69549.49315806861,
2,5144,12140.380833,SGD,8,0.0,0,0.0,13,159.884,19.9855,50036.27630031773,
2,5145,12140.599656,LoR,100,0.01,0,0.0,10,165.877,1.65877,602856.3333072095,
2,5146,12140.842173,LoR,100,0.5,44,0.44,25,162.809,1.62809,614216.6587842195,
2,5147,12141.066103,RF,100,0.01,0,0.0,27,3321.168,33.21168,30109.889051080823,
2,5148,12144.431217,NB,8,0.1,0,0.0,19,118.967,14.870875,67245.53867879328,
2,5149,12144.591903,SGD,16,0.01,0,0.0,9,158.354,9.897125,101039.44327266756,
2,5150,12144.819543,DT,64,0.1,8,0.125,12,94.805,1.481328125,675069.8802805758,
2,5151,12144.952026,RF,1,0.05,0,0.0,4,2983.671,2983.671,335.15759612906385,9.99
2,5152,12160.882288,MLP,100,1.0,100,1.0,29,284.377,2.84377,351645.87853448064,
2,5153,12161.248897,DT,100,0.01,1,0.01,7,102.368,1.02368,976867.7711784933,
2,5154,12161.401415,GB,64,0.01,0,0.0,29,337.37,5.27140625,189702.70029937458,
2,5155,12161.829929,AB,8,0.01,1,0.125,21,8522.608,1065.326,938.6798031776189,
2,5156,12170.437176,AB,16,0.5,12,0.75,19,7952.382,497.023875,2011.9757828534898,
2,5157,12178.453152,DT,8,0.05,1,0.125,16,82.251,10.281375,97263.255157992,
2,5158,12178.61477,LoR,16,0.1,0,0.0,19,183.785,11.4865625,87058.24740865685,
2,5159,12178.882092,AB,100,0.01,1,0.01,7,8579.924,85.79924000000001,11655.114893791599,
2,5160,12187.503413,MLP,1,0.05,0,0.0,19,175.706,175.706,5691.325282005168,
2,5161,12187.867649,LoR,64,0.05,5,0.078125,20,155.745,2.433515625,410928.11968281487,
2,5162,12188.060441,LoR,1,1.0,1,1.0,14,137.599,137.599,7267.49467656015,
2,5163,12188.381268,DT,100,0.1,8,0.08,22,94.219,0.94219,1061357.0511255693,
2,5164,12188.513618,RF,1,0.1,0,0.0,6,3054.716,3054.716,327.3626746316188,9.61
2,5165,12204.34272,AB,8,0.0,0,0.0,3,7977.048,997.131,1002.8772548441478,
2,5166,12212.38379,RF,16,0.1,1,0.0625,28,3154.211,197.1381875,5072.583920352824,
2,5167,12215.580705,AB,1,0.5,0,0.0,26,7706.174,7706.174,129.7660810669471,2.0
2,5168,12236.75206,GB,16,0.01,1,0.0625,19,297.072,18.567,53858.99714547315,
2,5169,12237.120093,SGD,64,1.0,64,1.0,12,205.941,3.217828125,310768.61819647375,
2,5170,12237.401387,NB,64,0.5,32,0.5,21,149.138,2.33028125,429132.74953398865,
2,5171,12237.618361,MLP,64,0.5,26,0.40625,7,245.349,3.833578125,260852.90749096186,
2,5172,12237.944549,DT,100,0.01,2,0.02,0,107.429,1.07429,930847.3503430173,
2,5173,12238.119174,LoR,64,0.5,24,0.375,0,171.532,2.6801875,373108.2247044283,
2,5174,12238.353095,DT,32,0.05,2,0.0625,17,92.227,2.88209375,346969.97625424224,
2,5175,12238.486132,LoR,32,0.0,0,0.0,17,182.419,5.70059375,175420.32354085922,
2,5176,12238.710552,MLP,32,0.0,0,0.0,23,190.873,5.96478125,167650.74159257728,
2,5177,12238.960784,DT,100,1.0,100,1.0,7,96.109,0.96109,1040485.2823356814,
2,5178,12239.098394,LoR,16,0.1,0,0.0,15,151.947,9.4966875,105299.87429827506,
2,5179,12239.313102,MLP,100,0.0,0,0.0,9,229.319,2.29319,436073.76623829687,
2,5180,12239.593012,LoR,64,1.0,64,1.0,15,158.711,2.479859375,403248.67211472424,
2,5181,12239.791768,LoR,1,0.05,0,0.0,25,142.628,142.628,7011.246038645989,
2,5182,12240.121095,AB,64,0.05,1,0.015625,18,9097.567,142.149484375,7034.847888451935,
2,5183,12249.331364,MLP,100,0.5,50,0.5,22,284.674,2.8467399999999996,351279.00686399185,
2,5184,12249.707053,DT,64,0.5,29,0.453125,17,129.149,2.017953125,495551.6496449837,
2,5185,12249.892424,RF,16,0.0,0,0.0,10,3337.612,208.60075,4793.846618480518,
2,5186,12253.340311,SGD,64,0.05,1,0.015625,8,230.602,3.60315625,277534.45330049173,
2,5187,12253.621915,AB,16,0.0,0,0.0,16,8222.53,513.908125,1945.873107182339,
2,5188,12261.921265,LoR,64,0.05,1,0.015625,6,170.278,2.66059375,375855.95320593385,
2,5189,12262.132881,RF,1,0.1,0,0.0,17,3039.836,3039.836,328.9651152233213,7.43
2,5190,12278.543132,DT,1,1.0,1,1.0,21,118.913,118.913,8409.509473312422,11.0
2,5191,12278.869346,GB,32,1.0,32,1.0,4,305.652,9.551625,104694.22742203552,
2,5192,12279.245583,DT,8,0.01,1,0.125,10,102.05,12.75625,78392.94463498285,
2,5193,12279.393904,RF,16,0.05,0,0.0,2,3429.144,214.3215,4665.887463460269,
2,5194,12282.939657,NB,100,0.05,3,0.03,23,210.018,2.10018,476149.663362188,
2,5195,12283.215783,MLP,32,0.05,3,0.09375,15,245.874,7.6835625,130147.96196425812,
2,5196,12283.505757,RF,16,0.01,0,0.0,29,3142.92,196.4325,5090.807274763595,
2,5197,12286.732553,GB,100,0.01,1,0.01,21,329.632,3.29632,303368.60498980683,
2,5198,12287.151414,DT,100,0.5,45,0.45,10,105.928,1.05928,944037.4594063893,
2,5199,12287.319273,DT,32,0.5,19,0.59375,12,91.513,2.85978125,349677.0950575328,
2,5200,12287.47692,LoR,64,0.5,23,0.359375,2,177.03,2.76609375,361520.6462181551,
2,5201,12287.721514,AB,64,0.05,1,0.015625,29,8808.681,137.635640625,7265.559962950185,
2,5202,12296.613114,GB,100,0.1,16,0.16,1,291.165,2.9116500000000003,343447.8731990452,
2,5203,12296.971152,SGD,32,0.1,5,0.15625,26,171.747,5.36709375,186320.57619638188,
2,5204,12297.213799,RF,64,0.05,6,0.09375,16,3358.671,52.479234375,19055.156042375096,
2,5205,12300.62566,SGD,64,0.0,0,0.0,27,178.703,2.792234375,358136.1253028768,
2,5206,12300.868377,LoR,16,0.1,1,0.0625,3,157.508,9.84425,101582.1418594611,
2,5207,12301.068301,LoR,8,0.0,0,0.0,27,148.026,18.50325,54044.55973950522,
2,5208,12301.256611,DT,1,0.01,0,0.0,5,87.949,87.949,11370.225926389157,16.0
2,5209,12301.552332,DT,1,0.5,0,0.0,10,87.555,87.555,11421.392267717434,16.0
2,5210,12301.853122,SGD,64,0.1,4,0.0625,27,171.194,2.67490625,373844.87774104235,
2,5211,12302.082476,GB,8,0.5,3,0.375,7,219.329,27.416125,36474.88476216095,
2,5212,12302.359441,RF,100,0.0,0,0.0,1,3474.79,34.7479,28778.717562787966,
2,5213,12305.87549,LoR,1,0.0,0,0.0,17,164.168,164.168,6091.32108571707,
2,5214,12306.19922,AB,8,1.0,8,1.0,27,8193.022,1024.12775,976.4406833034257,
2,5215,12314.437391,NB,8,0.05,0,0.0,10,116.641,14.580125,68586.51760530173,
2,5216,12314.655692,RF,32,0.05,1,0.03125,0,3128.935,97.77921875,10227.122007967568,
2,5217,12317.832221,NB,32,1.0,32,1.0,7,130.635,4.08234375,244957.32384123706,
2,5218,12318.045738,AB,100,0.1,10,0.1,25,8754.295,87.54295,11422.964384910492,
2,5219,12326.841793,NB,8,1.0,8,1.0,20,109.669,13.708625,72946.77620840895,
2,5220,12327.028343,LoR,100,0.5,51,0.51,26,172.91,1.7290999999999999,578335.5502862761,
2,5221,12327.241563,DT,8,0.0,0,0.0,6,87.488,10.936,91441.111923921,
2,5222,12327.388061,RF,16,0.05,3,0.1875,19,3075.965,192.2478125,5201.619654319864,
2,5223,12330.507423,GB,1,0.01,0,0.0,4,282.776,282.776,3536.368008600447,4.0
2,5224,12344.294847,RF,1,0.5,0,0.0,29,3161.329,3161.329,316.3226605013271,9.99
2,5225,12360.519926,DT,8,1.0,8,1.0,4,92.853,11.606625,86157.6901123281,
2,5226,12360.673454,SGD,8,0.1,1,0.125,8,179.72,22.465,44513.687959047405,
2,5227,12360.920411,RF,32,0.5,14,0.4375,26,3150.529,98.45403125,10157.024423517447,
2,5228,12364.130326,NB,64,0.01,0,0.0,9,150.863,2.357234375,424225.95334840217,
2,5229,12364.327945,SGD,16,0.01,0,0.0,4,165.256,10.3285,96819.48007939197,
2,5230,12364.572231,MLP,100,0.01,3,0.03,4,277.877,2.77877,359871.453916661,
2,5231,12364.891602,LoR,1,0.01,0,0.0,3,149.409,149.409,6693.03723336613,
2,5232,12365.233926,DT,100,0.05,4,0.04,0,100.637,1.00637,993670.3200612101,
2,5233,12365.384825,DT,64,0.01,0,0.0,1,91.242,1.42565625,701431.358365665,
2,5234,12365.533591,GB,16,0.1,2,0.125,10,255.355,15.9596875,62657.86845763741,
2,5235,12365.85346,RF,32,0.05,2,0.0625,7,3184.633,99.51978125,10048.253597824303,
2,5236,12369.082113,DT,16,1.0,16,1.0,21,98.85,6.178125,161861.40617096613,
2,5237,12369.251752,MLP,64,0.5,34,0.53125,23,229.668,3.5885625,278663.11371196684,
2,5238,12369.55857,GB,100,0.5,51,0.51,8,315.973,3.15973,316482.7374490858,
2,5239,12369.940844,DT,32,0.05,2,0.0625,20,96.824,3.02575,330496.57109807484,
2,5240,12370.079103,LoR,16,0.01,0,0.0,4,160.404,10.02525,99748.13595670932,
2,5241,12370.316241,MLP,100,0.5,52,0.52,18,237.862,2.3786199999999997,420411.83543399116,
2,5242,12370.634664,NB,32,1.0,32,1.0,8,123.574,3.8616875,258954.14893100492,
2,5243,12370.798551,NB,16,0.0,0,0.0,28,109.528,6.8455,146081.3673215981,
2,5244,12370.967982,DT,32,0.05,3,0.09375,27,93.635,2.92609375,341752.5497944145,
2,5245,12371.120943,DT,32,0.05,2,0.0625,15,88.728,2.77275,360652.7815345776,
2,5246,12371.265919,SGD,100,0.01,0,0.0,8,173.099,1.7309899999999998,577704.0884118337,
2,5247,12371.483775,GB,1,0.05,0,0.0,17,203.777,203.777,4907.32516427271,4.0
2,5248,12384.375628,LoR,8,0.0,0,0.0,24,158.119,19.764875,50594.80517837831,
2,5249,12384.576074,NB,8,0.1,0,0.0,16,110.105,13.763125,72657.9174424413,
2,5250,12384.747905,RF,32,0.5,16,0.5,17,3153.675,98.55234375,10146.89211792591,
2,5251,12387.946517,NB,16,0.0,0,0.0,9,123.343,7.7089375,129719.56252077539,
2,5252,12388.1202,SGD,64,0.0,0,0.0,13,171.999,2.687484375,372095.1865999221,
2,5253,12388.351625,DT,8,0.5,3,0.375,26,91.333,11.416625,87591.5605531407,
2,5254,12388.47895,MLP,1,1.0,1,1.0,5,169.332,169.332,5905.558311482768,
2,5255,12388.802948,GB,16,0.01,0,0.0,11,220.283,13.7676875,72633.83919775925,
2,5256,12389.084623,RF,16,0.5,8,0.5,19,3047.623,190.4764375,5249.99319141508,
2,5257,12392.182244,SGD,16,0.01,0,0.0,15,168.85,10.553125,94758.66153390583,
2,5258,12392.392158,MLP,8,1.0,8,1.0,26,180.143,22.517875,44409.16383095652,
2,5259,12392.613899,SGD,1,0.05,0,0.0,23,148.366,148.366,6740.088699567285,
2,5260,12392.927288,DT,64,0.05,0,0.0,14,93.993,1.468640625,680901.7692806912,
2,5261,12393.070172,AB,64,1.0,64,1.0,6,8478.824,132.481625,7548.216592301007,
2,5262,12401.59478,GB,16,0.1,0,0.0,1,216.413,13.5258125,73932.71199049964,
2,5263,12401.862821,RF,64,0.0,0,0.0,18,3275.843,51.185046875,19536.955830911313,
2,5264,12405.221099,DT,100,0.1,11,0.11,18,104.648,1.0464799999999999,955584.4354407155,
2,5265,12405.364829,SGD,8,0.0,0,0.0,0,162.545,20.318125,49217.13986895937,
2,5266,12405.571678,GB,32,0.0,0,0.0,14,239.191,7.47471875,133784.29790418537,
2,5267,12405.876356,LoR,32,0.5,14,0.4375,0,165.245,5.16390625,193651.85028291325,
2,5268,12406.080133,NB,1,0.0,0,0.0,27,104.986,104.986,9525.079534414112,
2,5269,12406.231177,NB,1,1.0,1,1.0,26,97.97,97.97,10207.206287639074,
2,5270,12406.405353,LoR,64,0.05,2,0.03125,10,170.19,2.65921875,376050.2967271873,
2,5271,12406.678327,AB,64,0.05,3,0.046875,25,8624.883,134.763796875,7420.390514282919,
2,5272,12415.349707,AB,32,0.0,0,0.0,10,8192.934,256.0291875,3905.804684866252,
2,5273,12423.605488,MLP,8,0.5,6,0.75,3,183.659,22.957375,43558.98703575649,
2,5274,12423.85017,MLP,8,0.5,3,0.375,23,173.245,21.655625,46177.378856532654,
2,5275,12424.102054,GB,100,0.01,1,0.01,2,284.943,2.84943,350947.38245894795,
2,5276,12424.460104,DT,64,0.01,1,0.015625,17,102.918,1.60809375,621854.2917662605,
2,5277,12424.626985,AB,32,0.1,2,0.0625,6,8265.104,258.2845,3871.699618056833,
2,5278,12432.950852,AB,100,0.0,0,0.0,28,8752.111,87.52111000000001,11425.814869121288,
2,5279,12441.801408,DT,100,0.05,6,0.06,13,93.438,0.93438,1070228.38673773,
2,5280,12441.938437,AB,32,1.0,32,1.0,19,8193.571,256.04909375,3905.501032455812,
2,5281,12450.175341,DT,1,0.01,0,0.0,22,79.907,79.907,12514.548162238603,16.0
2,5282,12450.45295,GB,1,0.01,0,0.0,24,217.067,217.067,4606.872532443899,4.0
2,5283,12463.747389,DT,8,0.05,0,0.0,8,102.242,12.78025,78245.73071731774,
2,5284,12463.893917,RF,8,0.01,0,0.0,23,3149.228,393.6535,2540.3051160474884,
2,5285,12467.101693,LoR,64,1.0,64,1.0,4,197.465,3.085390625,324108.0697845188,
2,5286,12467.365325,RF,32,0.1,4,0.125,23,3103.963,96.99884375,10309.401239641065,
2,5287,12470.510481,NB,1,1.0,1,1.0,17,159.317,159.317,6276.7940646635325,
2,5288,12470.740469,LoR,100,0.0,0,0.0,24,182.592,1.8259200000000002,547669.1202243252,
2,5289,12470.994866,GB,64,0.5,37,0.578125,24,297.788,4.6529375,214917.99535239834,
2,5290,12471.347625,LoR,64,0.01,0,0.0,6,170.234,2.65990625,375953.0998507936,
2,5291,12471.571891,LoR,64,0.01,0,0.0,26,160.187,2.502921875,399533.04575277644,
2,5292,12471.782328,MLP,64,0.0,0,0.0,2,225.679,3.526234375,283588.63695780287,
2,5293,12472.072729,SGD,32,0.05,2,0.0625,24,156.759,4.89871875,204135.00979210128,
2,5294,12472.286663,SGD,8,0.5,4,0.5,26,146.852,18.3565,54476.615912619505,
2,5295,12472.476236,LoR,32,1.0,32,1.0,12,149.04,4.6575,214707.46108427268,
2,5296,12472.66232,SGD,1,0.0,0,0.0,25,141.439,141.439,7070.185733779227,
2,5297,12472.958033,RF,1,0.05,0,0.0,23,2993.08,2993.08,334.1039998930867,8.89
2,5298,12488.976142,SGD,64,0.05,2,0.03125,29,172.71,2.69859375,370563.3721266863,
2,5299,12489.209412,DT,100,1.0,100,1.0,0,98.345,0.9834499999999999,1016828.5118714729,
2,5300,12489.349854,RF,32,1.0,32,1.0,22,3085.165,96.41140625,10372.216720985749,
2,5301,12492.477545,AB,8,1.0,8,1.0,1,8074.998,1009.37475,990.71231968107,
2,5302,12500.620942,DT,32,0.1,4,0.125,6,85.321,2.66628125,375054.2070533632,
2,5303,12500.74468,GB,8,0.0,0,0.0,4,227.867,28.483375,35108.19908104289,
2,5304,12501.014105,MLP,1,0.05,0,0.0,7,173.431,173.431,5765.981860221067,
2,5305,12501.363346,LoR,8,0.1,2,0.25,4,150.895,18.861875,53016.99857516816,
2,5306,12501.554625,MLP,16,1.0,16,1.0,19,178.665,11.1665625,89553.0741891249,
2,5307,12501.7776,DT,32,1.0,32,1.0,14,90.992,2.8435,351679.2685071215,
2,5308,12501.944684,DT,100,0.01,1,0.01,5,94.724,0.9472400000000001,1055698.6613740972,
2,5309,12502.077857,GB,16,1.0,16,1.0,24,219.032,13.6895,73048.68694985207,
2,5310,12502.37674,SGD,100,0.01,3,0.03,0,177.299,1.77299,564018.9735982718,
2,5311,12502.605034,LoR,32,0.01,0,0.0,10,154.84,4.83875,206664.94445879618,
2,5312,12502.799608,AB,16,0.0,0,0.0,9,8049.954,503.122125,1987.5889974029667,
2,5313,12510.895511,GB,16,0.01,0,0.0,15,228.891,14.3056875,69902.26789170392,
2,5314,12511.179112,SGD,1,0.1,0,0.0,5,155.455,155.455,6432.729728860441,
2,5315,12511.489037,MLP,16,1.0,16,1.0,27,178.76,11.1725,89505.48221078541,
2,5316,12511.713131,SGD,32,0.0,0,0.0,19,153.083,4.78384375,209036.92767975543,
2,5317,12511.928792,RF,8,0.05,1,0.125,26,3114.572,389.3215,2568.5712194163434,
2,5318,12515.086185,MLP,8,1.0,8,1.0,13,190.033,23.754125,42097.95140843959,
2,5319,12515.328505,NB,64,0.0,0,0.0,14,141.06,2.2040625,453707.64213809726,
2,5320,12515.515179,GB,32,0.1,0,0.0,2,237.337,7.41678125,134829.37763601966,
2,5321,12515.792072,GB,1,1.0,1,1.0,16,206.081,206.081,4852.460925558397,4.0
2,5322,12529.007566,LoR,1,1.0,1,1.0,22,174.996,174.996,5714.416329516103,
2,5323,12529.389802,DT,100,0.1,12,0.12,12,106.813,1.06813,936215.6291837136,
2,5324,12529.567334,GB,64,0.1,8,0.125,0,284.221,4.440953125,225176.886999905,
2,5325,12529.933066,LoR,100,0.05,7,0.07,9,194.639,1.94639,513771.64905286196,
2,5326,12530.178168,MLP,64,0.0,0,0.0,8,224.515,3.508046875,285058.9047502394,
2,5327,12530.453768,RF,16,0.01,0,0.0,12,3104.124,194.00775,5154.433263619624,
2,5328,12533.623492,RF,16,0.5,11,0.6875,28,3077.492,192.34325,5199.038697744787,
2,5329,12536.776759,AB,64,0.5,29,0.453125,3,8524.98,133.2028125,7507.348990848072,
2,5330,12545.344818,MLP,1,0.1,0,0.0,12,172.924,172.924,5782.887279961139,
2,5331,12545.696393,LoR,16,0.5,10,0.625,2,150.882,9.430125,106043.1330443658,
2,5332,12545.923423,DT,100,0.5,46,0.46,20,96.483,0.9648300000000001,1036452.0174538519,
2,5333,12546.055658,MLP,1,0.0,0,0.0,22,163.641,163.641,6110.937967868688,
2,5334,12546.365252,DT,1,0.1,0,0.0,28,84.591,84.591,11821.588585074063,10.0
2,5335,12546.683362,SGD,8,0.01,0,0.0,9,158.397,19.799625,50506.00705821449,
2,5336,12546.883001,RF,1,0.1,0,0.0,1,2954.743,2954.743,338.4389099153463,12.67
2,5337,12562.870929,DT,8,0.05,0,0.0,27,92.389,11.548625,86590.39496043902,
2,5338,12563.003599,NB,16,1.0,16,1.0,13,122.884,7.68025,130204.0949187852,
2,5339,12563.16551,SGD,1,0.5,0,0.0,5,154.854,154.854,6457.6956358892885,
2,5340,12563.469638,RF,1,0.1,0,0.0,26,2925.93,2925.93,341.771676014122,9.93
2,5341,12579.788479,LoR,1,0.0,0,0.0,15,173.785,173.785,5754.236556664845,
2,5342,12580.130734,NB,32,1.0,32,1.0,0,132.271,4.13346875,241927.55781690622,
2,5343,12580.33835,SGD,64,0.05,3,0.046875,16,177.036,2.7661875,361508.3937730179,
2,5344,12580.562614,AB,32,0.01,0,0.0,4,8490.991,265.34346875,3768.7002612533684,
2,5345,12589.139417,LoR,8,0.1,1,0.125,27,218.759,27.344875,36569.92398027053,
2,5346,12589.450273,NB,100,0.5,56,0.56,1,195.393,1.95393,511789.06102060975,
2,5347,12589.74057,SGD,32,0.01,0,0.0,9,250.147,7.81709375,127924.78022922522,
2,5348,12590.063947,AB,8,0.1,2,0.25,16,8228.371,1028.546375,972.2459038368592,
2,5349,12598.369303,MLP,32,0.1,1,0.03125,10,249.028,7.782125,128499.6064699552,
2,5350,12598.676018,AB,8,0.01,0,0.0,27,8333.024,1041.628,960.0356365228278,
2,5351,12607.115329,SGD,100,0.1,10,0.1,5,200.603,2.00603,498497.0314501777,
2,5352,12607.361029,RF,1,0.05,1,1.0,6,3121.959,3121.959,320.3117017231809,7.97
2,5353,12623.620077,SGD,1,0.01,0,0.0,0,168.269,168.269,5942.865293072402,
2,5354,12623.986998,DT,100,0.1,11,0.11,9,100.861,1.00861,991463.4992712743,
2,5355,12624.129685,RF,16,0.01,0,0.0,22,3102.892,193.93075,5156.479825917241,
2,5356,12627.285966,AB,64,1.0,64,1.0,3,8526.188,133.2216875,7506.2853411161,
2,5357,12635.876614,GB,16,0.5,6,0.375,26,258.724,16.17025,61841.9628639013,
2,5358,12636.197303,GB,16,0.1,3,0.1875,20,227.765,14.2353125,70247.84317169013,
2,5359,12636.503265,SGD,100,0.5,60,0.6,13,182.15,1.8215000000000001,548998.0785067253,
2,5360,12636.74591,SGD,16,0.1,2,0.125,10,154.92,9.6825,103279.11179963853,
2,5361,12636.963466,SGD,32,0.01,1,0.03125,21,156.451,4.88909375,204536.88375274048,
2,5362,12637.177718,DT,16,0.1,3,0.1875,0,90.39,5.649375,177010.7312755836,
2,5363,12637.322034,RF,8,0.5,3,0.375,8,3119.225,389.903125,2564.7396388525995,
2,5364,12640.515595,MLP,64,0.1,9,0.140625,12,268.895,4.201484375,238011.119581993,
2,5365,12640.846918,GB,16,0.5,7,0.4375,29,233.601,14.6000625,68492.857479206,
2,5366,12641.160812,LoR,100,0.05,5,0.05,3,178.533,1.7853299999999999,560120.5379397647,
2,5367,12641.383355,SGD,1,0.0,0,0.0,12,150.535,150.535,6642.973394891554,
2,5368,12641.710505,SGD,32,0.5,14,0.4375,2,154.695,4.83421875,206858.6573580271,
2,5369,12641.934736,MLP,64,0.1,2,0.03125,28,213.554,3.33678125,299690.0081478221,
2,5370,12642.208906,GB,16,0.1,1,0.0625,22,219.241,13.7025625,72979.05045132981,
2,5371,12642.467382,AB,1,0.0,0,0.0,11,7877.985,7877.985,126.93601219093462,2.0
2,5372,12663.247508,GB,64,0.0,0,0.0,22,254.135,3.970859375,251834.6548094517,
2,5373,12663.545192,SGD,16,1.0,16,1.0,20,164.098,10.256125,97502.71179417177,
2,5374,12663.767598,NB,100,0.0,0,0.0,17,163.205,1.6320500000000002,612726.3257865873,
2,5375,12663.97059,SGD,1,0.01,0,0.0,13,152.495,152.495,6557.592052198433,
2,5376,12664.272234,SGD,8,0.0,0,0.0,11,149.914,18.73925,53363.9286524274,
2,5377,12664.462451,RF,1,0.1,0,0.0,2,3008.693,3008.693,332.3702351818547,9.99
2,5378,12680.457661,AB,1,0.01,0,0.0,25,7779.091,7779.091,128.54972386876562,2.0
2,5379,12701.583189,NB,100,0.05,6,0.06,28,174.778,1.74778,572154.3901406355,
2,5380,12701.801537,AB,1,0.1,0,0.0,5,7956.408,7956.408,125.68485678461938,2.0
2,5381,12722.868505,DT,1,1.0,1,1.0,26,88.926,88.926,11245.30508512696,13.0
2,5382,12723.142574,AB,8,0.05,0,0.0,4,7978.892,997.3615,1002.6454800992419,
2,5383,12731.196849,AB,64,0.5,34,0.53125,29,8373.384,130.834125,7643.265852849935,
2,5384,12739.644061,LoR,64,0.1,5,0.078125,1,179.068,2.7979375,357406.125047468,
2,5385,12739.901107,LoR,100,0.05,7,0.07,27,168.306,1.6830600000000002,594155.8827373949,
2,5386,12740.164941,DT,100,0.1,12,0.12,7,100.728,1.00728,992772.6153601779,
2,5387,12740.304804,MLP,16,0.0,0,0.0,13,197.303,12.3314375,81093.54647420465,
2,5388,12740.540499,DT,1,1.0,1,1.0,2,86.363,86.363,11579.032687609277,11.0
2,5389,12740.817438,GB,32,0.0,0,0.0,28,274.532,8.579125,116562.00370084362,
2,5390,12741.134334,DT,1,0.5,1,1.0,23,89.404,89.404,11185.181871057224,13.0
2,5391,12741.4472,LoR,100,0.1,13,0.13,9,176.442,1.76442,566758.4815406762,
2,5392,12741.666974,NB,32,1.0,32,1.0,24,125.81,3.9315625,254351.80033383673,
2,5393,12741.867409,DT,100,0.05,4,0.04,19,98.213,0.98213,1018195.1472819281,
2,5394,12742.000543,LoR,1,1.0,1,1.0,20,148.543,148.543,6732.0573840571415,
2,5395,12742.341603,SGD,64,0.5,33,0.515625,13,163.147,2.549171875,392284.25898116425,
2,5396,12742.556298,DT,64,0.01,0,0.0,11,98.647,1.541359375,648777.9658783338,
2,5397,12742.713816,SGD,16,0.5,9,0.5625,9,154.113,9.6320625,103819.92434123014,
2,5398,12742.917317,MLP,64,0.0,0,0.0,16,215.538,3.36778125,296931.39956759365,
2,5399,12743.210482,DT,100,0.5,48,0.48,18,99.015,0.99015,1009947.9876786346,
2,5400,12743.345683,LoR,1,0.0,0,0.0,10,148.304,148.304,6742.906462401554,
2,5401,12743.660145,AB,8,0.5,3,0.375,0,7970.154,996.26925,1003.7447206164397,
2,5402,12751.672843,MLP,1,0.05,0,0.0,20,165.264,165.264,6050.924581276018,
2,5403,12751.984268,SGD,8,1.0,8,1.0,0,148.673,18.584125,53809.366865537115,
2,5404,12752.174695,GB,16,0.0,0,0.0,5,236.674,14.792125,67603.53904526902,
2,5405,12752.472327,SGD,100,1.0,100,1.0,7,175.537,1.75537,569680.4662264936,
2,5406,12752.726336,AB,100,0.05,5,0.05,26,8714.931,87.14931,11474.560154291525,
2,5407,12761.520907,LoR,100,0.05,3,0.03,12,171.185,1.71185,584163.3320676461,
2,5408,12761.732468,NB,1,0.1,0,0.0,27,103.243,103.243,9685.886694497449,
2,5409,12761.907097,RF,32,0.1,3,0.09375,19,3255.205,101.72515625,9830.410066339908,
2,5410,12765.231784,GB,32,0.5,21,0.65625,18,255.517,7.98490625,125236.28564831303,
2,5411,12765.554065,SGD,32,0.5,13,0.40625,13,169.515,5.29734375,188773.8548211073,
2,5412,12765.764047,SGD,8,0.0,0,0.0,1,152.507,19.063375,52456.60854911578,
2,5413,12765.960526,SGD,16,0.01,0,0.0,17,150.37,9.398125,106404.20296601715,
2,5414,12766.182741,RF,64,0.05,2,0.03125,8,3327.378,51.99028125,19234.36411492773,
2,5415,12769.595043,MLP,100,0.01,1,0.01,7,251.634,2.51634,397402.5767583077,
2,5416,12769.886307,AB,1,1.0,1,1.0,18,7813.096,7813.096,127.99023588088512,2.0
2,5417,12790.657858,LoR,1,0.1,0,0.0,3,159.184,159.184,6282.038395818676,
2,5418,12790.967193,RF,1,0.0,0,0.0,15,2931.191,2931.191,341.15825273753916,9.99
2,5419,12806.837468,LoR,64,0.01,1,0.015625,20,171.31,2.67671875,373591.734282879,
2,5420,12807.078652,GB,64,0.01,2,0.03125,17,264.455,4.132109375,242007.14677355316,
2,5421,12807.385177,NB,1,0.1,0,0.0,13,111.267,111.267,8987.390690860722,
2,5422,12807.546271,LoR,16,1.0,16,1.0,4,158.343,9.8964375,101046.4624265045,
2,5423,12807.765203,RF,16,0.1,3,0.1875,15,3120.058,195.003625,5128.109797958884,
2,5424,12810.951328,MLP,16,0.01,1,0.0625,23,203.154,12.697125,78757.9865520738,
2,5425,12811.225498,SGD,64,0.1,4,0.0625,15,183.778,2.87153125,348246.2536320996,
2,5426,12811.497807,NB,32,0.05,0,0.0,9,121.34,3.791875,263721.77352892695,
2,5427,12811.658893,GB,1,0.0,0,0.0,22,214.627,214.627,4659.246040805677,4.0
2,5428,12824.7167,AB,32,0.0,0,0.0,0,8239.992,257.49975,3883.498916018365,
2,5429,12833.018677,DT,100,0.01,0,0.0,26,89.79,0.8979,1113709.7672346586,
2,5430,12833.169057,MLP,16,0.05,3,0.1875,14,183.657,11.4785625,87118.92277451989,
2,5431,12833.393044,AB,1,0.05,0,0.0,25,7726.192,7726.192,129.42986661475666,2.0
2,5432,12853.776129,NB,16,0.0,0,0.0,17,117.781,7.3613125,135845.34008031857,
2,5433,12853.952388,NB,16,0.5,9,0.5625,16,109.891,6.8681875,145598.82064955274,
2,5434,12854.099892,NB,1,0.5,0,0.0,23,97.534,97.534,10252.834908852297,
2,5435,12854.25375,GB,64,1.0,64,1.0,8,259.598,4.05621875,246535.02723441628,
2,5436,12854.558042,MLP,16,0.01,0,0.0,12,242.094,15.130875,66090.03114492718,
2,5437,12854.864013,NB,8,0.05,1,0.125,13,111.098,13.88725,72008.49700264631,
2,5438,12855.049428,LoR,100,0.01,2,0.02,5,172.491,1.7249100000000002,579740.3922523493,
2,5439,12855.260925,LoR,1,0.01,0,0.0,17,144.724,144.724,6909.703988281142,
2,5440,12855.553546,SGD,8,1.0,8,1.0,17,145.967,18.245875,54806.908410805176,
2,5441,12855.75067,NB,64,0.05,0,0.0,13,128.975,2.015234375,496220.19771273504,
2,5442,12855.923922,NB,32,0.01,0,0.0,23,112.545,3.51703125,284330.7121595806,
2,5443,12856.073512,AB,1,0.01,0,0.0,13,7710.961,7710.961,129.68552168789338,2.0
2,5444,12876.296395,RF,64,1.0,64,1.0,10,3124.661,48.822828125,20482.221911432953,
2,5445,12879.487813,RF,32,0.5,18,0.5625,20,3023.711,94.49096875,10583.021988543218,
2,5446,12882.581254,RF,16,0.1,1,0.0625,5,2982.944,186.434,5363.8284862203245,
2,5447,12885.623458,NB,100,1.0,100,1.0,29,163.467,1.63467,611744.2664268629,
2,5448,12885.825946,GB,8,0.0,0,0.0,20,252.492,31.5615,31684.172171791583,
2,5449,12886.138209,RF,8,0.5,3,0.375,1,2942.185,367.773125,2719.067631709087,
2,5450,12889.122782,AB,1,0.01,0,0.0,4,7586.384,7586.384,131.8151045346505,2.0
2,5451,12909.341638,SGD,1,0.0,0,0.0,5,156.9,156.9,6373.486297004461,
2,5452,12909.668188,LoR,8,0.5,3,0.375,23,148.189,18.523625,53985.11360492345,
2,5453,12909.872833,DT,8,0.5,5,0.625,12,114.903,14.362875,69623.94367422957,
2,5454,12910.060406,RF,100,0.1,5,0.05,22,3466.138,34.66138,28850.55355557107,
2,5455,12913.620782,GB,32,0.01,1,0.03125,8,249.95,7.8109375,128025.60512102421,
2,5456,12913.912244,GB,1,0.05,0,0.0,9,225.631,225.631,4432.015104307476,4.0
2,5457,12926.718527,MLP,16,0.01,1,0.0625,28,195.28,12.205,81933.6337566571,
2,5458,12926.955122,DT,1,0.1,0,0.0,8,88.088,88.088,11352.284079556808,14.0
2,5459,12927.245326,LoR,16,0.1,1,0.0625,4,157.78,9.86125,101407.02243630371,
2,5460,12927.441759,DT,8,1.0,8,1.0,18,86.115,10.764375,92899.03036637056,
2,5461,12927.602876,AB,100,0.01,1,0.01,27,9126.63,91.26629999999999,10956.94686866894,
2,5462,12936.80406,LoR,8,0.5,6,0.75,27,167.042,20.88025,47892.1468852145,
2,5463,12937.032608,DT,8,0.5,6,0.75,18,101.011,12.626375,79199.29512627338,
2,5464,12937.189849,LoR,8,0.05,1,0.125,25,151.202,18.90025,52909.35305088557,
2,5465,12937.392657,LoR,64,0.05,0,0.0,7,156.526,2.44571875,408877.75832768995,
2,5466,12937.605889,NB,100,1.0,100,1.0,23,152.615,1.5261500000000001,655243.5868033941,
2,5467,12937.803076,LoR,8,0.05,0,0.0,10,149.759,18.719875,53419.16011725506,
2,5468,12937.995837,MLP,32,1.0,32,1.0,20,201.016,6.28175,159191.30815457477,
2,5469,12938.260846,LoR,32,0.1,3,0.09375,17,156.035,4.87609375,205082.19309770243,
2,5470,12938.475828,RF,16,0.5,7,0.4375,8,3107.851,194.2406875,5148.251959312078,
2,5471,12941.64578,NB,8,0.5,2,0.25,25,117.861,14.732625,67876.56646388542,
2,5472,12941.802136,GB,1,0.05,0,0.0,10,234.365,234.365,4266.848718878672,4.0
2,5473,12954.520903,SGD,32,0.01,0,0.0,17,214.932,6.716625,148884.29828969162,
2,5474,12954.779628,NB,16,0.01,0,0.0,17,112.917,7.0573125,141696.9986804467,
2,5475,12954.928348,MLP,1,0.0,0,0.0,27,169.151,169.151,5911.877553192118,
2,5476,12955.2574,MLP,8,0.1,0,0.0,19,171.33,21.41625,46693.51543804354,
2,5477,12955.507431,MLP,100,0.01,1,0.01,19,224.868,2.24868,444705.3382428803,
2,5478,12955.794513,GB,32,0.5,17,0.53125,1,241.203,7.53759375,132668.3333126039,
2,5479,12956.080195,LoR,32,1.0,32,1.0,18,157.453,4.92040625,203235.25115431272,
2,5480,12956.306871,MLP,64,0.5,33,0.515625,20,209.68,3.27625,305227.01259061426,
2,5481,12956.585316,NB,64,0.05,3,0.046875,27,131.542,2.05534375,486536.6194827508,
2,5482,12956.772721,GB,16,0.1,4,0.25,6,219.88,13.7425,72766.9637984355,
2,5483,12957.068023,AB,100,0.05,4,0.04,25,8626.652,86.26652,11591.982613880797,
2,5484,12965.738062,DT,8,0.05,0,0.0,15,80.653,10.081625,99190.35869713464,
2,5485,12965.881348,RF,32,0.5,20,0.625,28,3130.889,97.84028125,10220.739221352145,
2,5486,12969.052513,NB,1,0.0,0,0.0,3,109.936,109.936,9096.201426284382,
2,5487,12969.214299,RF,1,1.0,1,1.0,8,2903.079,2903.079,344.4618627326366,7.53
2,5488,12984.762169,DT,16,1.0,16,1.0,19,89.246,5.577875,179279.74362996663,
2,5489,12984.894472,DT,32,0.0,0,0.0,4,85.424,2.6695,374601.9853905225,
2,5490,12985.018345,GB,1,0.1,0,0.0,5,199.231,199.231,5019.299205444936,4.0
2,5491,12997.550117,RF,100,0.01,1,0.01,5,3379.742,33.79742,29588.057313250538,
2,5492,13000.972012,LoR,8,1.0,8,1.0,29,163.92,20.49,48804.294777940464,
2,5493,13001.1956,AB,8,0.5,5,0.625,3,7926.634,990.82925,1009.2556310787152,
2,5494,13009.164186,AB,1,0.05,0,0.0,26,7880.043,7880.043,126.90286080926208,2.0
2,5495,13029.595318,DT,100,0.5,40,0.4,23,97.948,0.9794799999999999,1020949.8917793116,
2,5496,13029.731098,LoR,8,1.0,8,1.0,15,155.184,19.398,51551.70636148057,
2,5497,13029.924908,MLP,8,0.0,0,0.0,18,176.34,22.0425,45366.904842917094,
2,5498,13030.141361,GB,1,0.01,0,0.0,17,208.619,208.619,4793.4272525513015,4.0
2,5499,13042.89951,MLP,64,0.05,0,0.0,3,219.063,3.422859375,292153.3987939543,
2,5500,13043.19692,DT,100,0.01,3,0.03,29,98.148,0.9814799999999999,1018869.4624444717,
2,5501,13043.350881,NB,8,0.05,1,0.125,24,112.645,14.080625,71019.57477029607,
2,5502,13043.499688,GB,1,0.5,1,1.0,8,205.934,205.934,4855.9247137432385,4.0
2,5503,13056.209001,SGD,1,0.05,0,0.0,16,156.668,156.668,6382.924400643398,
2,5504,13056.558763,MLP,100,0.5,43,0.43,25,233.805,2.33805,427706.84972519835,
2,5505,13056.871916,AB,100,0.1,15,0.15,28,8629.474,86.29474,11588.19181794858,
2,5506,13065.562365,LoR,8,0.1,2,0.25,21,149.951,18.743875,53350.76124867457,
2,5507,13065.778887,MLP,32,0.05,2,0.0625,16,187.361,5.85503125,170793.28141929218,
2,5508,13066.008754,NB,16,0.01,0,0.0,25,112.956,7.05975,141648.0753567761,
2,5509,13066.194151,GB,100,0.5,55,0.55,23,293.885,2.93885,340269.1528999439,
2,5510,13066.557972,MLP,64,0.5,37,0.578125,18,223.633,3.494265625,286183.16616957245,
2,5511,13066.828275,LoR,32,0.01,0,0.0,13,154.931,4.84159375,206543.55810005742,
2,5512,13067.020246,RF,1,0.0,0,0.0,2,2933.719,2933.719,340.86427500384326,9.53
2,5513,13082.594131,NB,32,0.0,0,0.0,10,125.832,3.93225,254307.33040879905,
2,5514,13082.759438,DT,1,0.1,0,0.0,17,87.359,87.359,11447.017479595692,16.0
2,5515,13083.02992,DT,16,1.0,16,1.0,6,88.344,5.5215,181110.20556008333,
2,5516,13083.18545,LoR,64,0.1,2,0.03125,10,164.355,2.568046875,389400.9917556509,
2,5517,13083.421874,LoR,64,0.1,1,0.015625,17,157.783,2.465359375,405620.3773537073,
2,5518,13083.646924,RF,64,0.05,1,0.015625,14,3216.385,50.256015625,19898.115430833062,
2,5519,13086.905872,GB,1,0.5,0,0.0,16,215.167,215.167,4647.552831056807,4.0
2,5520,13099.432011,GB,32,0.1,1,0.03125,17,228.153,7.12978125,140256.75752674742,
2,5521,13099.704741,GB,32,1.0,32,1.0,16,226.912,7.091,141023.8330277817,
2,5522,13099.974196,NB,8,0.01,0,0.0,8,113.943,14.242875,70210.54386842545,
2,5523,13100.136338,GB,64,1.0,64,1.0,20,249.061,3.891578125,256965.1611452616,
2,5524,13100.446015,AB,16,0.5,7,0.4375,14,7906.948,494.18425,2023.5367679160152,
2,5525,13108.419436,DT,32,0.05,3,0.09375,26,83.955,2.62359375,381156.5719730808,
2,5526,13108.559997,AB,8,0.1,1,0.125,21,8124.82,1015.6025,984.6371981163891,
2,5527,13116.764106,AB,100,0.1,12,0.12,20,8479.312,84.79312,11793.409653990795,
2,5528,13125.284702,RF,1,0.01,0,0.0,14,2899.888,2899.888,344.8409042004381,10.49
2,5529,13140.895093,NB,16,0.05,2,0.125,24,123.156,7.69725,129916.528630355,
2,5530,13141.071692,RF,16,0.0,0,0.0,13,3098.523,193.6576875,5163.750599882589,
2,5531,13144.220152,GB,8,0.05,0,0.0,7,259.616,32.452,30814.74177246395,
2,5532,13144.546856,NB,32,0.05,4,0.125,28,127.896,3.99675,250203.29017326576,
2,5533,13144.731113,DT,8,0.05,1,0.125,24,91.188,11.3985,87730.84177742685,
2,5534,13144.871845,LoR,64,0.01,0,0.0,2,178.268,2.7854375,359010.0298427087,
2,5535,13145.137896,AB,100,0.1,5,0.05,27,8623.901,86.23901,11595.680423511356,
2,5536,13153.833098,LoR,64,0.1,11,0.171875,15,162.993,2.546765625,392654.8992901536,
2,5537,13154.038465,GB,16,0.05,0,0.0,21,226.936,14.1835,70504.4594070575,
2,5538,13154.318503,RF,64,0.01,0,0.0,20,3258.911,50.920484375,19638.462050666618,
2,5539,13157.640911,NB,16,0.5,7,0.4375,9,122.829,7.6768125,130262.39731659462,
2,5540,13157.7999,RF,1,1.0,1,1.0,12,2957.997,2957.997,338.0666038538917,7.49
2,5541,13174.168956,NB,1,1.0,1,1.0,7,120.698,120.698,8285.141427364166,
2,5542,13174.34368,RF,16,1.0,16,1.0,28,3047.974,190.498375,5249.388610270297,
2,5543,13177.436346,MLP,16,0.0,0,0.0,23,222.637,13.9148125,71865.86236789034,
2,5544,13177.713654,RF,64,1.0,64,1.0,17,3187.324,49.8019375,20079.54007813451,
2,5545,13180.944548,RF,16,0.0,0,0.0,8,3012.823,188.3014375,5310.633913774556,
2,5546,13184.001886,AB,1,0.5,0,0.0,20,7816.7,7816.7,127.93122417388412,2.0
2,5547,13204.644546,MLP,64,1.0,64,1.0,13,226.155,3.533671875,282991.75344343483,
2,5548,13204.913726,RF,8,0.05,0,0.0,1,2972.192,371.524,2691.61615400351,
2,5549,13207.959178,MLP,64,0.1,8,0.125,13,220.786,3.44978125,289873.4521210584,
2,5550,13208.241132,DT,16,0.5,8,0.5,23,91.582,5.723875,174706.82011749034,
2,5551,13208.368622,DT,1,1.0,1,1.0,1,82.979,82.979,12051.241880475784,4.0
2,5552,13208.663968,GB,64,0.05,3,0.046875,11,288.84,4.513125,221575.9590084476,
2,5553,13209.023715,MLP,64,0.1,4,0.0625,24,219.996,3.4374375,290914.3802614593,
2,5554,13209.345595,MLP,100,0.5,45,0.45,1,230.799,2.30799,433277.4405435032,
2,5555,13209.63697,LoR,16,0.01,1,0.0625,24,183.83,11.489375,87036.93629984224,
2,5556,13209.859179,SGD,8,1.0,8,1.0,2,148.341,18.542625,53929.79688690247,
2,5557,13210.071882,RF,32,0.5,15,0.46875,27,3181.244,99.413875,10058.958067975924,
2,5558,13213.320466,AB,32,0.05,1,0.03125,25,8168.557,255.26740625,3917.4605747379865,
2,5559,13221.532988,LoR,8,0.01,0,0.0,2,151.424,18.928,52831.783601014366,
2,5560,13221.73427,AB,64,1.0,64,1.0,20,8204.788,128.1998125,7800.323420909839,
2,5561,13229.98101,NB,1,0.05,0,0.0,17,104.62,104.62,9558.401835213152,
2,5562,13230.155099,GB,16,0.1,1,0.0625,23,241.26,15.07875,66318.49457017326,
2,5563,13230.438163,LoR,16,1.0,16,1.0,3,160.338,10.021125,99789.1953248762,
2,5564,13230.662574,RF,32,0.1,3,0.09375,21,3552.403,111.01259375,9007.986987962797,
2,5565,13234.330272,AB,100,0.5,53,0.53,17,9196.199,91.96199,10874.057858034606,
2,5566,13243.617308,MLP,16,0.1,1,0.0625,22,218.763,13.6726875,73138.51062565425,
2,5567,13243.883157,DT,1,0.0,0,0.0,9,88.088,88.088,11352.284079556808,16.0
2,5568,13244.218227,GB,64,0.1,7,0.109375,26,296.357,4.630578125,215955.75606447627,
2,5569,13244.576242,LoR,16,0.5,12,0.75,3,171.504,10.719,93292.284728053,
2,5570,13244.806438,MLP,100,1.0,100,1.0,13,238.297,2.38297,419644.3933410828,
2,5571,13245.124249,LoR,100,0.01,1,0.01,29,180.797,1.80797,553106.5227852232,
2,5572,13245.375496,RF,100,0.0,0,0.0,29,3767.496,37.67496,26542.82844626776,
2,5573,13249.229716,GB,64,0.0,0,0.0,14,353.384,5.521625,181106.105539583,
2,5574,13249.667688,NB,64,0.5,32,0.5,16,157.877,2.466828125,405378.87089316366,
2,5575,13249.866969,GB,1,0.05,0,0.0,20,235.471,235.471,4246.807462490073,4.0
2,5576,13262.813568,LoR,1,0.5,0,0.0,17,169.858,169.858,5887.270543630561,
2,5577,13263.163775,LoR,32,0.05,3,0.09375,11,153.621,4.80065625,208304.85415405445,
2,5578,13263.356421,AB,8,0.0,0,0.0,2,8076.566,1009.57075,990.5199808928696,
2,5579,13271.496311,LoR,16,0.1,1,0.0625,9,151.612,9.47575,105532.54359813208,
2,5580,13271.693918,SGD,32,0.05,0,0.0,11,151.908,4.747125,210653.81678384286,
2,5581,13271.904512,AB,100,0.0,0,0.0,4,9038.778,90.38778,11063.442425513715,
2,5582,13281.007146,DT,8,1.0,8,1.0,21,88.545,11.068125,90349.53978203173,
2,5583,13281.160368,SGD,8,0.5,5,0.625,3,183.37,22.92125,43627.638108741885,
2,5584,13281.404155,LoR,8,0.5,4,0.5,7,157.756,19.7195,50711.22492963818,
2,5585,13281.640488,AB,64,0.1,4,0.0625,11,8749.119,136.704984375,7315.022232524211,
2,5586,13290.466112,DT,8,0.0,0,0.0,15,88.272,11.034,90628.9650172195,
2,5587,13290.639913,LoR,32,0.01,0,0.0,21,174.501,5.45315625,183380.03793674536,
2,5588,13290.85392,NB,8,1.0,8,1.0,24,115.162,14.39525,69467.35902467827,
2,5589,13291.031694,DT,32,0.05,1,0.03125,6,91.007,2.84396875,351621.30385574733,
2,5590,13291.178336,MLP,16,0.5,6,0.375,11,200.16,12.51,79936.05115907274,
2,5591,13291.435315,LoR,8,0.5,3,0.375,26,147.275,18.409375,54320.149380410796,
2,5592,13291.643477,GB,32,0.5,17,0.53125,3,275.63,8.6134375,116097.66716250045,
2,5593,13291.984019,LoR,32,0.1,7,0.21875,6,162.658,5.0830625,196731.79308733664,
2,5594,13292.18487,RF,8,1.0,8,1.0,16,3196.868,399.6085,2502.4492722251903,
2,5595,13295.425548,GB,1,0.1,0,0.0,13,231.558,231.558,4318.5724526900385,4.0
2,5596,13308.290236,GB,1,1.0,1,1.0,7,218.602,218.602,4574.523563370874,4.0
2,5597,13321.086961,LoR,16,0.05,2,0.125,18,172.071,10.7544375,92984.87252355133,
2,5598,13321.30354,SGD,32,0.0,0,0.0,21,157.649,4.92653125,202982.57521455892,
2,5599,13321.502873,NB,8,0.01,0,0.0,24,112.595,14.074375,71051.11239397842,
2,5600,13321.653308,MLP,1,0.1,0,0.0,27,174.269,174.269,5738.255226115947,
2,5601,13322.005692,MLP,32,0.5,13,0.40625,9,192.834,6.0260625,165945.83942665713,
2,5602,13322.239377,GB,8,0.01,0,0.0,13,219.065,27.383125,36518.84143975532,
2,5603,13322.519355,RF,16,0.1,2,0.125,17,3199.438,199.964875,5000.878279247792,
2,5604,13325.793825,SGD,64,0.5,36,0.5625,10,174.982,2.73409375,365751.9059103222,
2,5605,13326.010039,NB,1,0.5,0,0.0,2,105.215,105.215,9504.348239319488,
2,5606,13326.181415,AB,8,0.1,1,0.125,17,8117.149,1014.643625,985.5677159554419,
2,5607,13334.340974,MLP,1,0.01,0,0.0,19,169.02,169.02,5916.459590580996,
2,5608,13334.694207,GB,8,1.0,8,1.0,13,216.71,27.08875,36915.69378432006,
2,5609,13334.956386,RF,32,0.0,0,0.0,25,3424.701,107.02190625,9343.881407457176,
2,5610,13338.497521,NB,100,0.1,12,0.12,28,237.049,2.37049,421853.7095705951,
2,5611,13338.799692,MLP,8,0.5,6,0.75,16,241.395,30.174375,33140.70299716233,
2,5612,13339.104305,RF,8,0.5,4,0.5,15,3248.747,406.093375,2462.4878453139013,
2,5613,13342.462678,AB,64,0.1,8,0.125,27,9092.224,142.066,7038.981881660637,
2,5614,13351.61287,DT,1,0.1,0,0.0,1,83.067,83.067,12038.474965991309,16.0
2,5615,13351.921472,MLP,64,0.0,0,0.0,21,254.165,3.971328125,251804.9298683926,
2,5616,13352.249528,DT,64,0.05,5,0.078125,10,97.19,1.51859375,658503.9613128923,
2,5617,13352.409519,NB,32,0.5,12,0.375,11,127.014,3.9691875,251940.73094304567,
2,5618,13352.592719,GB,100,1.0,100,1.0,1,328.731,3.2873099999999997,304200.09065162705,
2,5619,13352.964068,NB,1,0.05,0,0.0,21,108.743,108.743,9195.994224915627,
2,5620,13353.140668,DT,100,1.0,100,1.0,22,98.468,0.98468,1015558.3539830198,
2,5621,13353.297927,MLP,16,0.1,2,0.125,13,195.059,12.1911875,82026.46378787956,
2,5622,13353.570348,MLP,100,0.1,10,0.1,3,235.505,2.35505,424619.43483153224,
2,5623,13353.846278,DT,1,0.01,0,0.0,12,88.846,88.846,11255.430745334623,16.0
2,5624,13354.127532,DT,8,1.0,8,1.0,6,89.306,11.16325,89579.64750408707,
2,5625,13354.253611,RF,1,1.0,1,1.0,7,3058.699,3058.699,326.936387006371,6.87
2,5626,13370.274441,MLP,100,1.0,100,1.0,15,246.666,2.46666,405406.5010986516,
2,5627,13370.570088,MLP,1,0.01,0,0.0,25,201.678,201.678,4958.399032120509,
2,5628,13370.951073,AB,16,0.5,8,0.5,27,8160.299,510.0186875,1960.7124689916386,
2,5629,13379.174846,NB,8,0.01,1,0.125,1,114.005,14.250625,70172.36086136573,
2,5630,13379.35772,LoR,64,0.5,31,0.484375,18,168.296,2.629625,380282.35965204163,
2,5631,13379.584257,RF,8,0.05,1,0.125,11,2998.154,374.76925,2668.308565870866,
2,5632,13382.657161,SGD,1,1.0,1,1.0,25,163.525,163.525,6115.272894052897,
2,5633,13383.004636,SGD,64,0.5,28,0.4375,4,165.338,2.58340625,387085.84838331176,
2,5634,13383.240489,LoR,64,0.01,1,0.015625,27,160.641,2.510015625,398403.8943980678,
2,5635,13383.449983,AB,64,1.0,64,1.0,2,8418.559,131.539984375,7602.251169113384,
2,5636,13391.928536,SGD,100,1.0,100,1.0,1,171.214,1.71214,584064.3872580513,
2,5637,13392.145476,GB,1,0.01,0,0.0,29,229.39,229.39,4359.387941932953,4.0
2,5638,13405.0552,NB,64,0.1,8,0.125,25,141.84,2.21625,451212.6339537507,
2,5639,13405.264442,SGD,64,0.1,5,0.078125,29,170.014,2.65646875,376439.5873281024,
2,5640,13405.476266,MLP,8,0.05,0,0.0,2,178.087,22.260875,44921.86403274804,
2,5641,13405.724943,NB,64,0.1,7,0.109375,20,133.655,2.088359375,478844.78695147956,
2,5642,13405.896247,GB,1,0.05,0,0.0,15,206.687,206.687,4838.233657656263,4.0
2,5643,13418.95466,LoR,8,0.01,0,0.0,3,160.218,20.02725,49931.96769401691,
2,5644,13419.159929,SGD,32,1.0,32,1.0,12,156.633,4.89478125,204299.22174765213,
2,5645,13419.358655,MLP,8,0.05,0,0.0,23,173.904,21.738,46002.39212439047,
2,5646,13419.59081,DT,100,0.0,0,0.0,16,102.708,1.02708,973633.9915099116,
2,5647,13419.736282,LoR,32,1.0,32,1.0,6,155.847,4.87021875,205329.58606838758,
2,5648,13419.941383,MLP,64,0.0,0,0.0,25,206.132,3.2208125,310480.66287621524,
2,5649,13420.188398,LoR,1,0.01,0,0.0,15,144.041,144.041,6942.46776959338,
2,5650,13420.502135,LoR,16,0.1,1,0.0625,10,149.392,9.337,107100.7818357074,
2,5651,13420.714412,SGD,32,0.01,1,0.03125,7,155.868,4.870875,205301.92213924605,
2,5652,13420.932326,NB,32,0.1,7,0.21875,19,119.26,3.726875,268321.3147744424,
2,5653,13421.118155,LoR,64,0.01,1,0.015625,24,159.73,2.49578125,400676.14098791714,
2,5654,13421.316705,GB,16,1.0,16,1.0,3,223.133,13.9458125,71706.11249792724,
2,5655,13421.618243,NB,100,0.05,4,0.04,12,150.407,1.50407,664862.6726149713,
2,5656,13421.84148,AB,100,0.1,7,0.07,24,8760.653,87.60653,11414.674225768329,
2,5657,13430.658229,AB,16,1.0,16,1.0,25,8032.185,502.0115625,1991.9859913585158,
2,5658,13438.729875,DT,1,1.0,1,1.0,9,79.178,79.178,12629.770895955948,11.0
2,5659,13439.013352,DT,8,0.5,1,0.125,24,87.613,10.951625,91310.65024596806,
2,5660,13439.175999,GB,100,0.1,5,0.05,7,287.442,2.87442,347896.27124776476,
2,5661,13439.540498,RF,100,0.05,7,0.07,3,3542.817,35.42817,28226.126271833968,
2,5662,13443.179639,NB,100,0.05,8,0.08,9,159.983,1.59983,625066.4133064138,
2,5663,13443.389731,AB,64,0.0,0,0.0,15,8475.22,132.4253125,7551.426393651139,
2,5664,13451.926563,GB,100,0.0,0,0.0,3,271.525,2.7152499999999997,368290.21268759784,
2,5665,13452.265556,MLP,32,0.5,12,0.375,17,206.129,6.44153125,155242.5908047873,
2,5666,13452.537638,NB,32,0.01,1,0.03125,20,123.057,3.84553125,260042.09431401707,
2,5667,13452.702886,MLP,1,0.01,0,0.0,7,169.78,169.78,5889.975262103899,
2,5668,13453.024619,SGD,8,0.0,0,0.0,27,150.684,18.8355,53091.23729128508,
2,5669,13453.220434,SGD,8,0.1,0,0.0,23,147.664,18.458,54177.05060136526,
2,5670,13453.427251,GB,16,0.5,8,0.5,14,220.308,13.76925,72625.59689162446,
2,5671,13453.695316,SGD,32,0.01,0,0.0,15,160.587,5.01834375,199268.93210533855,
2,5672,13453.915133,DT,8,0.01,1,0.125,2,89.445,11.180625,89440.43825814748,
2,5673,13454.064767,LoR,32,0.1,2,0.0625,19,156.004,4.875125,205122.94556549835,
2,5674,13454.277306,LoR,16,0.5,9,0.5625,17,149.651,9.3531875,106915.42321802059,
2,5675,13454.466718,AB,8,0.05,0,0.0,29,8244.123,1030.515375,970.3882389915823,
2,5676,13462.828785,SGD,100,0.05,4,0.04,7,207.417,2.07417,482120.5590670003,
2,5677,13463.097491,RF,32,0.01,0,0.0,23,3341.295,104.41546875,9577.125036849486,
2,5678,13466.498548,LoR,64,1.0,64,1.0,10,208.174,3.25271875,307435.126384659,
2,5679,13466.78247,AB,64,0.01,1,0.015625,19,8515.372,133.0526875,7515.8196259658425,
2,5680,13475.362101,NB,16,0.5,6,0.375,21,122.331,7.6456875,130792.68541906793,
2,5681,13475.533904,LoR,64,0.0,0,0.0,9,163.544,2.555375,391331.996282346,
2,5682,13475.738821,RF,16,0.0,0,0.0,21,3123.918,195.244875,5121.773362809139,
2,5683,13478.927053,AB,100,0.01,0,0.0,25,8835.343,88.35343,11318.179724318568,
2,5684,13487.815887,LoR,64,0.0,0,0.0,1,164.061,2.563453125,390098.80471288116,
2,5685,13488.022083,RF,1,0.1,0,0.0,13,2963.372,2963.372,337.45341455612055,9.99
2,5686,13503.920916,LoR,100,0.5,49,0.49,29,178.041,1.78041,561668.3797552249,
2,5687,13504.140962,MLP,1,0.0,0,0.0,29,177.173,177.173,5644.200865820413,
2,5688,13504.511598,DT,100,0.1,9,0.09,0,99.934,0.99934,1000660.4358876859,
2,5689,13504.668354,MLP,8,0.1,1,0.125,2,184.882,23.11025,43270.84302419922,
2,5690,13504.892004,NB,8,1.0,8,1.0,17,112.923,14.115375,70844.73490785756,
2,5691,13505.046702,SGD,32,1.0,32,1.0,21,157.117,4.90990625,203669.87658878416,
2,5692,13505.281568,DT,100,0.05,2,0.02,7,97.744,0.97744,1023080.7006056638,
2,5693,13505.418085,GB,16,1.0,16,1.0,14,253.553,15.8470625,63103.177639389,
2,5694,13505.71216,DT,1,0.1,0,0.0,21,86.554,86.554,11553.481063844536,15.0
2,5695,13506.014341,MLP,64,0.5,31,0.484375,4,221.535,3.461484375,288893.4028483084,
2,5696,13506.285718,SGD,64,0.0,0,0.0,0,164.022,2.56284375,390191.55966882495,
2,5697,13506.487897,MLP,1,1.0,1,1.0,9,167.208,167.208,5980.575092100857,
2,5698,13506.808589,SGD,32,1.0,32,1.0,1,151.058,4.7205625,211839.16111692198,
2,5699,13507.009704,NB,64,0.0,0,0.0,6,130.788,2.0435625,489341.5298039575,
2,5700,13507.181046,LoR,8,0.05,0,0.0,6,148.832,18.604,53751.881315846054,
2,5701,13507.399332,GB,64,0.01,1,0.015625,13,269.135,4.205234375,237798.8741709551,
2,5702,13507.708121,GB,1,0.0,0,0.0,28,205.026,205.026,4877.430179586979,4.0
2,5703,13520.635362,DT,32,0.5,21,0.65625,13,93.251,2.91409375,343159.858875508,
2,5704,13520.796532,DT,64,0.1,4,0.0625,14,91.58,1.4309375,698842.5420397467,
2,5705,13520.929665,GB,32,1.0,32,1.0,3,227.718,7.1161875,140524.68403903075,
2,5706,13521.220633,LoR,32,0.5,16,0.5,22,164.349,5.13590625,194707.60394039514,
2,5707,13521.42808,LoR,1,0.1,0,0.0,11,146.917,146.917,6806.564250563243,
2,5708,13521.760179,RF,100,0.1,9,0.09,13,3472.504,34.72504,28797.663012051245,
2,5709,13525.274062,RF,1,1.0,1,1.0,15,3338.785,3338.785,299.5101511477978,7.04
2,5710,13541.6487,RF,100,0.05,3,0.03,20,3477.098,34.77098,28759.615058304367,
2,5711,13545.171691,NB,1,0.5,0,0.0,22,120.643,120.643,8288.91854479746,
2,5712,13545.347867,GB,32,0.0,0,0.0,6,267.589,8.36215625,119586.38060607873,
2,5713,13545.687191,AB,64,0.1,8,0.125,25,8526.654,133.22896875,7505.875106460283,
2,5714,13554.288149,SGD,64,0.5,31,0.484375,16,179.049,2.797640625,357444.0516283252,
2,5715,13554.50832,LoR,1,0.5,1,1.0,27,189.566,189.566,5275.20757941825,
2,5716,13554.856366,AB,1,0.0,0,0.0,18,7837.308,7837.308,127.5948323072157,2.0
2,5717,13575.651344,AB,16,0.05,1,0.0625,21,9144.706,571.544125,1749.6461887347718,
2,5718,13584.862724,DT,8,1.0,8,1.0,5,87.456,10.932,91474.57006952068,
2,5719,13584.998559,DT,32,0.0,0,0.0,8,85.88,2.68375,372612.9482999534,
2,5720,13585.129478,SGD,8,0.1,0,0.0,24,183.275,22.909375,43650.25235302142,
2,5721,13585.353208,DT,8,1.0,8,1.0,1,88.624,11.078,90269.00162484203,
2,5722,13585.516346,MLP,64,0.1,5,0.078125,4,304.221,4.753453125,210373.37987844364,
2,5723,13585.866901,GB,16,0.01,0,0.0,21,272.911,17.0569375,58627.17149546922,
2,5724,13586.205,RF,100,0.0,0,0.0,14,3545.783,35.45783,28202.515495167077,
2,5725,13589.836913,AB,100,0.1,12,0.12,22,9312.196,93.12196,10738.605587768987,
2,5726,13599.21921,RF,64,1.0,64,1.0,5,3271.596,51.1186875,19562.317596671473,
2,5727,13602.606849,DT,100,0.5,46,0.46,21,119.76,1.1976,835003.34001336,
2,5728,13602.768662,LoR,1,0.05,0,0.0,12,176.857,176.857,5654.285665820408,
2,5729,13603.121354,GB,100,1.0,100,1.0,9,325.274,3.25274,307433.1179251954,
2,5730,13603.521122,GB,64,0.05,1,0.015625,9,271.059,4.235296875,236110.95739303986,
2,5731,13603.857313,LoR,32,0.5,17,0.53125,14,167.502,5.2344375,191042.4950149849,
2,5732,13604.08221,DT,100,1.0,100,1.0,26,98.261,0.98261,1017697.7641180123,
2,5733,13604.219979,LoR,1,0.1,0,0.0,15,149.586,149.586,6685.117591218429,
2,5734,13604.517181,AB,1,0.5,1,1.0,5,7918.759,7918.759,126.28241369638853,2.0
2,5735,13625.406717,LoR,64,0.05,3,0.046875,3,171.092,2.6733125,374067.753021766,
2,5736,13625.647028,NB,64,0.05,2,0.03125,29,141.567,2.211984375,452082.75940014265,
2,5737,13625.848308,NB,32,0.1,4,0.125,1,117.913,3.68478125,271386.5307472459,
2,5738,13626.012835,AB,64,1.0,64,1.0,19,8454.742,132.10534375,7569.716497558411,
2,5739,13634.511781,SGD,8,0.01,0,0.0,18,191.66,23.9575,41740.58228112282,
2,5740,13634.781826,LoR,100,0.01,2,0.02,21,165.831,1.65831,603023.5601304943,
2,5741,13635.026763,AB,100,0.05,5,0.05,16,8667.189,86.67189,11537.766166169908,
2,5742,13643.756145,MLP,100,0.01,0,0.0,25,249.406,2.49406,400952.66352854384,
2,5743,13644.072621,GB,32,0.05,1,0.03125,22,245.724,7.678875,130227.40961403852,
2,5744,13644.367104,LoR,32,0.01,0,0.0,29,163.719,5.11621875,195456.84984638315,
2,5745,13644.5751,GB,32,1.0,32,1.0,23,233.593,7.29978125,136990.40639060247,
2,5746,13644.880631,NB,64,0.1,11,0.171875,0,139.038,2.17246875,460305.8156762899,
2,5747,13645.081763,GB,16,0.05,1,0.0625,12,220.314,13.769625,72623.61901649465,
2,5748,13645.342456,LoR,1,0.01,0,0.0,23,153.432,153.432,6517.545231763909,
2,5749,13645.660375,DT,64,1.0,64,1.0,16,93.611,1.462671875,683680.3367125659,
2,5750,13645.828685,MLP,100,0.5,55,0.55,29,241.876,2.4187600000000002,413434.98321453965,
2,5751,13646.10896,DT,1,0.0,0,0.0,23,87.897,87.897,11376.952569484738,16.0
2,5752,13646.403595,RF,100,0.0,0,0.0,10,3464.351,34.64351,28865.435401897787,
2,5753,13649.936708,LoR,32,0.1,2,0.0625,21,170.429,5.32590625,187761.47251934823,
2,5754,13650.149045,MLP,16,1.0,16,1.0,29,184.263,11.5164375,86832.4080254853,
2,5755,13650.374467,DT,1,0.5,1,1.0,16,87.756,87.756,11395.232234832945,13.0
2,5756,13650.695482,GB,8,0.05,0,0.0,9,223.552,27.944,35785.857429144,
2,5757,13650.997835,NB,100,0.05,3,0.03,27,183.548,1.83548,544816.6147274828,
2,5758,13651.249054,LoR,64,0.5,34,0.53125,17,169.466,2.64790625,377656.87512539385,
2,5759,13651.468618,AB,64,1.0,64,1.0,24,8408.036,131.3755625,7611.765696531271,
2,5760,13659.916993,DT,1,0.0,0,0.0,27,79.488,79.488,12580.515297906602,14.0
2,5761,13660.190723,GB,64,1.0,64,1.0,15,257.95,4.03046875,248110.09885636752,
2,5762,13660.495013,AB,32,1.0,32,1.0,15,8196.573,256.14290625,3904.0706402541646,
2,5763,13668.773273,MLP,100,0.5,47,0.47,23,239.257,2.39257,417960.60303355806,
2,5764,13669.055535,NB,16,1.0,16,1.0,1,114.664,7.1665,139538.1287936929,
2,5765,13669.22969,MLP,100,0.01,0,0.0,20,231.38,2.3138,432189.4718644654,
2,5766,13669.533757,SGD,64,0.01,1,0.015625,2,164.884,2.5763125,388151.67026515614,
2,5767,13669.774214,SGD,64,0.1,2,0.03125,14,160.56,2.50875,398604.88290981564,
2,5768,13669.977827,MLP,1,0.5,0,0.0,9,161.383,161.383,6196.439525848447,
2,5769,13670.288248,DT,1,0.1,0,0.0,6,85.617,85.617,11679.923379702628,7.0
2,5770,13670.603433,GB,100,0.05,4,0.04,15,287.744,2.8774400000000004,347531.13879003556,
2,5771,13670.957014,AB,32,0.05,1,0.03125,22,8173.735,255.42921875,3914.978892758329,
2,5772,13679.186857,RF,64,0.01,0,0.0,6,3279.849,51.247640625,19513.093438143034,
2,5773,13682.527825,NB,100,1.0,100,1.0,5,164.653,1.6465299999999998,607337.8559759009,
2,5774,13682.733838,LoR,1,0.01,0,0.0,0,157.068,157.068,6366.669213334351,
2,5775,13683.07994,NB,100,0.5,44,0.44,23,149.627,1.49627,668328.5770616265,
2,5776,13683.285775,LoR,100,0.0,0,0.0,1,168.532,1.6853200000000002,593359.1246766192,
2,5777,13683.498465,RF,32,0.0,0,0.0,0,3093.882,96.6838125,10342.993042397868,
2,5778,13686.653003,AB,100,0.0,0,0.0,1,8824.633,88.24633,11331.916012824557,
2,5779,13695.55827,NB,100,0.5,56,0.56,16,149.609,1.4960900000000001,668408.986090409,
2,5780,13695.750576,RF,16,0.05,0,0.0,6,3049.411,190.5881875,5246.914896024183,
2,5781,13698.864642,DT,16,0.1,3,0.1875,1,95.914,5.994625,166816.10609504348,
2,5782,13699.024207,NB,32,0.1,1,0.03125,29,127.057,3.97053125,251855.46644419435,
2,5783,13699.189707,GB,16,0.0,0,0.0,12,230.699,14.4186875,69354.44020130126,
2,5784,13699.466074,RF,32,1.0,32,1.0,23,3188.771,99.64909375,10035.214193806954,
2,5785,13702.764906,SGD,64,0.5,25,0.390625,5,225.575,3.524609375,283719.3837969633,
2,5786,13703.076354,MLP,64,0.05,4,0.0625,4,272.354,4.25553125,234988.2873025548,
2,5787,13703.441719,MLP,100,0.0,0,0.0,6,268.91,2.6891000000000003,371871.6299133539,
2,5788,13703.753692,LoR,16,0.0,0,0.0,13,160.966,10.060375,99399.87326516159,
2,5789,13703.97488,RF,8,0.5,5,0.625,18,3154.009,394.251125,2536.4543981960737,
2,5790,13707.173811,DT,1,1.0,1,1.0,6,99.99,99.99,10001.000100010002,4.0
2,5791,13707.495863,AB,16,0.01,0,0.0,16,8251.666,515.729125,1939.0023784287926,
2,5792,13715.832945,NB,100,0.05,4,0.04,26,159.956,1.5995599999999999,625171.9222786267,
2,5793,13716.04338,RF,64,0.0,0,0.0,21,3324.096,51.939,19253.35489709082,
2,5794,13719.443419,DT,64,0.05,2,0.03125,7,102.089,1.595140625,626903.9759425599,
2,5795,13719.623439,NB,100,0.01,1,0.01,8,155.26,1.5526,644080.8965606081,
2,5796,13719.85444,AB,100,0.1,10,0.1,11,8802.326,88.02326,11360.633541634337,
2,5797,13728.701278,LoR,8,0.1,0,0.0,24,162.257,20.282125,49304.49841917452,
2,5798,13728.924799,SGD,8,0.1,1,0.125,13,152.495,19.061875,52460.73641758746,
2,5799,13729.137411,GB,16,0.1,2,0.125,28,254.941,15.9338125,62759.618892214276,
2,5800,13729.453819,GB,16,0.5,8,0.5,21,225.601,14.1000625,70921.67144649182,
2,5801,13729.741486,LoR,100,0.01,0,0.0,27,178.032,1.7803200000000001,561696.7736137323,
2,5802,13729.965739,RF,32,0.01,0,0.0,28,3164.32,98.885,10112.757243262375,
2,5803,13733.174825,NB,16,0.0,0,0.0,26,123.918,7.744875,129117.64231185138,
2,5804,13733.357936,SGD,100,0.01,0,0.0,26,177.634,1.7763399999999998,562955.290090861,
2,5805,13733.577571,LoR,16,0.0,0,0.0,24,153.825,9.6140625,104014.3019665204,
2,5806,13733.770903,NB,8,1.0,8,1.0,18,108.772,13.5965,73548.33964623249,
2,5807,13733.952891,AB,64,0.05,3,0.046875,8,8493.808,132.71575,7534.90071826441,
2,5808,13742.511398,DT,16,0.5,3,0.1875,13,115.808,7.238,138159.71262779774,
2,5809,13742.717732,GB,100,0.01,1,0.01,11,278.467,2.7846699999999998,359108.978801797,
2,5810,13743.061888,NB,32,0.1,3,0.09375,6,127.482,3.9838125,251015.82968575956,
2,5811,13743.255272,MLP,64,0.05,2,0.03125,16,232.967,3.640109375,274717.02000712545,
2,5812,13743.529379,SGD,16,0.0,0,0.0,22,154.181,9.6363125,103774.13559387991,
2,5813,13743.724187,RF,1,0.5,0,0.0,8,2960.248,2960.248,337.8095348768076,10.11
2,5814,13759.659608,SGD,64,0.5,26,0.40625,7,170.952,2.671125,374374.09331274277,
2,5815,13759.870572,RF,8,1.0,8,1.0,24,3017.107,377.138375,2651.546663741127,
2,5816,13762.932741,RF,8,0.05,0,0.0,17,2985.69,373.21125,2679.4476318706897,
2,5817,13765.963261,SGD,8,0.01,0,0.0,7,165.675,20.709375,48287.30949147427,
2,5818,13766.171284,RF,1,0.05,0,0.0,18,2956.834,2956.834,338.19957427437595,12.45
2,5819,13782.114294,AB,32,0.5,15,0.46875,6,8253.996,257.937375,3876.910044540851,
2,5820,13790.417544,NB,32,0.01,0,0.0,11,123.029,3.84465625,260101.27693470646,
2,5821,13790.604842,RF,8,0.05,1,0.125,6,2980.468,372.5585,2684.142221959773,
2,5822,13793.629957,DT,8,0.1,0,0.0,7,94.319,11.789875,84818.54133313542,
2,5823,13793.76761,GB,16,0.05,0,0.0,1,231.511,14.4694375,69111.18694144124,
2,5824,13794.079315,SGD,100,0.05,7,0.07,20,182.057,1.8205699999999998,549278.5226604855,
2,5825,13794.319065,MLP,8,0.05,2,0.25,7,185.618,23.20225,43099.26838991908,
2,5826,13794.565949,NB,8,0.1,2,0.25,0,111.391,13.923875,71819.08771803825,
2,5827,13794.753887,DT,100,0.5,54,0.54,15,100.134,1.00134,998661.7931971159,
2,5828,13794.90818,NB,8,0.5,3,0.375,13,110.611,13.826375,72325.53724313133,
2,5829,13795.089384,LoR,100,0.05,6,0.06,23,179.058,1.7905799999999998,558478.2584413989,
2,5830,13795.324541,RF,8,0.5,5,0.625,2,2969.561,371.195125,2694.000897775799,
2,5831,13798.335073,LoR,1,1.0,1,1.0,12,162.262,162.262,6162.87239156426,
2,5832,13798.680323,AB,8,0.5,5,0.625,5,8030.363,1003.795375,996.2189754062176,
2,5833,13806.774366,LoR,8,0.1,1,0.125,29,152.26,19.0325,52541.70497832655,
2,5834,13806.966014,SGD,8,0.0,0,0.0,4,147.815,18.476875,54121.70618678754,
2,5835,13807.151354,RF,1,1.0,1,1.0,13,2945.817,2945.817,339.46439985919017,11.87
2,5836,13823.157899,RF,100,0.01,0,0.0,23,3434.197,34.34197,29118.88863684873,
2,5837,13826.669182,GB,8,0.5,4,0.5,16,242.334,30.29175,33012.28882451492,
2,5838,13826.974335,MLP,16,0.5,11,0.6875,19,197.675,12.3546875,80940.93840900468,
2,5839,13827.243076,RF,64,0.05,3,0.046875,21,3273.49,51.14828125,19550.99908660176,
2,5840,13830.606293,SGD,64,0.01,0,0.0,19,203.184,3.17475,314985.43192377355,
2,5841,13830.87458,NB,32,0.5,12,0.375,17,122.862,3.8394375,260454.81922807705,
2,5842,13831.056632,LoR,32,0.5,13,0.40625,7,157.865,4.93328125,202704.8427453837,
2,5843,13831.28267,GB,64,0.5,35,0.546875,10,270.577,4.227765625,236531.560332179,
2,5844,13831.592003,RF,1,1.0,1,1.0,20,2883.681,2883.681,346.7789953188303,6.85
2,5845,13847.401389,NB,8,1.0,8,1.0,23,114.464,14.308,69890.9700866648,
2,5846,13847.584661,LoR,64,0.1,4,0.0625,11,168.665,2.635390625,379450.38982598647,
2,5847,13847.805448,SGD,64,0.0,0,0.0,18,160.628,2.5098125,398436.1381577309,
2,5848,13848.007274,RF,8,0.01,0,0.0,4,3008.085,376.010625,2659.49931601002,
2,5849,13851.057098,GB,8,1.0,8,1.0,18,225.143,28.142875,35532.9723775556,
2,5850,13851.333742,NB,64,0.0,0,0.0,15,134.094,2.09521875,477277.13395081065,
2,5851,13851.526587,NB,16,0.1,2,0.125,22,110.727,6.9204375,144499.53489212206,
2,5852,13851.673898,DT,1,0.05,0,0.0,26,88.835,88.835,11256.824449822705,16.0
2,5853,13851.951124,AB,32,0.0,0,0.0,25,8053.409,251.66903125,3973.4726002367447,
2,5854,13860.071117,MLP,100,0.0,0,0.0,21,238.046,2.38046,420086.87396553607,
2,5855,13860.371795,AB,16,0.5,6,0.375,9,7923.801,495.2375625,2019.2329413623586,
2,5856,13868.374775,DT,100,0.5,49,0.49,4,90.277,0.90277,1107701.850969793,
2,5857,13868.531392,AB,64,0.01,1,0.015625,6,8210.948,128.2960625,7794.471478810972,
2,5858,13876.789994,AB,32,0.01,0,0.0,6,7906.183,247.06821875,4047.4651295068684,
2,5859,13884.767949,NB,64,0.1,9,0.140625,19,130.443,2.038171875,490635.75661399995,
2,5860,13884.940523,SGD,16,0.01,0,0.0,27,154.395,9.6496875,103630.29890864341,
2,5861,13885.156609,NB,32,0.1,2,0.0625,2,114.987,3.59334375,278292.3286980268,
2,5862,13885.310241,GB,8,0.01,0,0.0,4,214.105,26.763125,37364.84435207025,
2,5863,13885.564537,MLP,1,0.01,0,0.0,9,168.696,168.696,5927.82282923128,
2,5864,13885.909013,LoR,32,0.5,21,0.65625,2,152.935,4.77921875,209239.2192761631,
2,5865,13886.137325,GB,100,0.1,5,0.05,3,273.6,2.736,365497.0760233918,
2,5866,13886.497577,NB,100,1.0,100,1.0,7,155.442,1.5544200000000001,643326.771400265,
2,5867,13886.729376,NB,100,0.5,46,0.46,9,142.489,1.42489,701808.5606608229,
2,5868,13886.906728,NB,1,0.0,0,0.0,12,128.998,128.998,7752.058171444519,
2,5869,13887.099246,GB,100,1.0,100,1.0,16,306.295,3.0629500000000003,326482.639285656,
2,5870,13887.446456,DT,1,0.05,0,0.0,9,89.712,89.712,11146.780809702157,16.0
2,5871,13887.724256,MLP,1,0.01,0,0.0,17,171.248,171.248,5839.484256750444,
2,5872,13888.0649,GB,16,0.05,1,0.0625,28,216.408,13.5255,73934.42016930983,
2,5873,13888.320077,MLP,1,1.0,1,1.0,27,166.265,166.265,6014.4949327880195,
2,5874,13888.635063,MLP,1,1.0,1,1.0,0,157.989,157.989,6329.554589243555,
2,5875,13888.948253,DT,64,1.0,64,1.0,9,90.56,1.415,706713.7809187279,
2,5876,13889.096203,LoR,8,0.5,3,0.375,20,147.748,18.4685,54146.24901859924,
2,5877,13889.292864,RF,64,0.0,0,0.0,9,3195.426,49.92853125,20028.628420748908,
2,5878,13892.54018,GB,64,1.0,64,1.0,13,262.39,4.09984375,243911.73444109914,
2,5879,13892.844053,AB,8,0.0,0,0.0,19,7818.324,977.2905,1023.2372053140801,
2,5880,13900.714511,AB,64,1.0,64,1.0,7,8208.889,128.263890625,7796.426532262771,
2,5881,13909.003215,DT,100,0.1,10,0.1,2,90.402,0.90402,1106170.2174730648,
2,5882,13909.132591,NB,1,0.01,0,0.0,28,101.576,101.576,9844.845239032844,
2,5883,13909.311188,GB,64,0.05,4,0.0625,4,246.768,3.85575,259352.91447837645,
2,5884,13909.617156,DT,100,0.01,0,0.0,11,97.979,0.9797899999999999,1020626.8690229539,
2,5885,13909.756828,NB,16,0.05,0,0.0,19,113.42,7.08875,141068.59460412627,
2,5886,13909.930828,AB,32,0.5,15,0.46875,28,8281.021,258.78190625,3864.257801061004,
2,5887,13918.253437,AB,1,0.1,0,0.0,0,7583.092,7583.092,131.87232859630348,2.0
2,5888,13938.691391,DT,16,0.0,0,0.0,16,90.134,5.633375,177513.4799298822,
2,5889,13938.840547,AB,100,0.0,0,0.0,26,8588.497,85.88497,11643.48080927315,
2,5890,13947.468237,GB,1,0.0,0,0.0,14,198.039,198.039,5049.5104499618765,4.0
2,5891,13959.995812,SGD,32,0.0,0,0.0,25,165.317,5.16615625,193567.50969349794,
2,5892,13960.202195,NB,16,0.0,0,0.0,25,112.28,7.0175,142500.89063056643,
2,5893,13960.356157,NB,32,0.0,0,0.0,22,113.075,3.53359375,282998.010170241,
2,5894,13960.515749,RF,64,0.0,0,0.0,3,3228.774,50.44959375,19821.765165353787,
2,5895,13963.787618,DT,1,0.01,0,0.0,24,91.753,91.753,10898.826196418646,16.0
2,5896,13964.064904,MLP,1,1.0,1,1.0,21,174.619,174.619,5726.753675144171,
2,5897,13964.399668,DT,64,0.0,0,0.0,18,93.202,1.45628125,686680.5433359799,
2,5898,13964.560764,SGD,64,0.05,3,0.046875,25,163.028,2.5473125,392570.60136908997,
2,5899,13964.763686,RF,1,0.05,0,0.0,7,2912.861,2912.861,343.3050873350977,9.99
2,5900,13980.446394,SGD,32,0.1,4,0.125,0,162.652,5.082875,196739.05024223498,
2,5901,13980.65903,RF,64,0.0,0,0.0,13,3193.794,49.90303125,20038.862869677883,
2,5902,13983.923297,RF,100,0.0,0,0.0,20,3348.788,33.48788,29861.549909997288,
2,5903,13987.352746,GB,100,0.1,9,0.09,17,301.186,3.01186,332020.74465612613,
2,5904,13987.717244,LoR,16,0.1,1,0.0625,0,164.529,10.2830625,97247.2937901525,
2,5905,13987.921111,GB,8,1.0,8,1.0,1,245.483,30.685375,32588.814704073193,
2,5906,13988.23642,LoR,64,0.05,2,0.03125,19,167.162,2.61190625,382862.13373852905,
2,5907,13988.457646,AB,64,0.01,0,0.0,18,8310.953,129.858640625,7700.681257612696,
2,5908,13996.854167,MLP,100,0.1,11,0.11,5,241.695,2.41695,413744.5954612218,
2,5909,13997.137994,NB,8,0.1,0,0.0,20,111.938,13.99225,71468.13414568779,
2,5910,13997.324666,LoR,100,0.1,10,0.1,19,168.028,1.68028,595138.9054205252,
2,5911,13997.550911,LoR,16,0.5,6,0.375,9,149.322,9.332625,107150.98913756847,
2,5912,13997.77368,SGD,100,0.1,10,0.1,13,165.404,1.65404,604580.3003554932,
2,5913,13997.978342,GB,8,0.01,0,0.0,1,210.01,26.25125,38093.42412266083,
2,5914,13998.234781,SGD,32,0.01,0,0.0,1,156.154,4.8798125,204925.90647693945,
2,5915,13998.432448,MLP,16,0.05,0,0.0,8,180.776,11.2985,88507.32398105942,
2,5916,13998.657702,DT,32,1.0,32,1.0,22,91.509,2.85965625,349692.3799844824,
2,5917,13998.787567,LoR,1,0.01,0,0.0,29,144.415,144.415,6924.488453415504,
2,5918,13999.104196,DT,32,0.5,15,0.46875,1,88.677,2.77115625,360860.2005029489,
2,5919,13999.247948,GB,8,0.1,1,0.125,13,208.034,26.00425,38455.25250680177,
2,5920,13999.517749,SGD,32,0.5,15,0.46875,1,158.747,4.96084375,201578.61250921275,
2,5921,13999.732096,NB,100,0.0,0,0.0,28,151.051,1.5105099999999998,662028.056749045,
2,5922,13999.945181,MLP,32,0.05,1,0.03125,2,192.745,6.02328125,166022.46491478378,
2,5923,14000.186862,MLP,64,1.0,64,1.0,9,202.747,3.167921875,315664.3501506804,
2,5924,14000.428032,RF,8,1.0,8,1.0,3,2965.859,370.732375,2697.363563136346,
2,5925,14003.460492,MLP,16,0.5,8,0.5,8,190.88,11.93,83822.29673093044,
2,5926,14003.70539,AB,1,0.0,0,0.0,28,7713.282,7713.282,129.64649807954643,2.0
2,5927,14024.318079,LoR,100,0.0,0,0.0,6,174.689,1.7468899999999998,572445.8895522901,
2,5928,14024.558319,NB,32,0.1,2,0.0625,9,121.709,3.80340625,262922.216105629,
2,5929,14024.718242,AB,16,1.0,16,1.0,18,8073.933,504.6208125,1981.6860011099918,
2,5930,14032.832709,LoR,8,0.0,0,0.0,0,149.653,18.706625,53456.99718682552,
2,5931,14033.046209,GB,32,0.01,1,0.03125,11,232.792,7.27475,137461.76844565105,
2,5932,14033.349887,LoR,64,0.01,1,0.015625,17,165.991,2.593609375,385563.07269671245,
2,5933,14033.583324,DT,64,0.01,1,0.015625,5,93.73,1.46453125,682812.3332977701,
2,5934,14033.748864,DT,100,0.05,3,0.03,26,93.441,0.9344100000000001,1070194.0261769458,
2,5935,14033.882453,SGD,32,1.0,32,1.0,3,155.592,4.86225,205666.10108488868,
2,5936,14034.079663,RF,16,0.01,0,0.0,1,3050.922,190.682625,5244.316308315978,
2,5937,14037.211125,RF,100,0.05,7,0.07,23,3358.163,33.58163,29778.185275699838,
2,5938,14040.631739,DT,8,0.1,2,0.25,17,93.726,11.71575,85355.18426050403,
2,5939,14040.765049,SGD,8,0.05,0,0.0,2,157.123,19.640375,50915.52477994947,
2,5940,14040.964144,LoR,16,0.01,0,0.0,21,148.303,9.2689375,107887.23087193111,
2,5941,14041.160559,NB,64,1.0,64,1.0,12,130.279,2.035609375,491253.3869618281,
2,5942,14041.337878,LoR,64,0.0,0,0.0,5,158.165,2.471328125,404640.72329529293,
2,5943,14041.536527,AB,8,0.05,0,0.0,27,7914.831,989.353875,1010.7606845932654,
2,5944,14049.513496,RF,8,0.1,1,0.125,14,2971.297,371.412125,2692.4269098646146,
2,5945,14052.530677,NB,1,0.01,0,0.0,0,111.223,111.223,8990.946117259919,
2,5946,14052.721057,RF,64,0.1,7,0.109375,27,3203.257,50.050890625,19979.664447779243,
2,5947,14055.98394,NB,100,1.0,100,1.0,3,171.236,1.7123599999999999,583989.3480342919,
2,5948,14056.215304,DT,16,0.5,8,0.5,16,92.296,5.7685,173355.2916702782,
2,5949,14056.346016,RF,16,1.0,16,1.0,10,2937.285,183.5803125,5447.207199846117,
2,5950,14059.325317,NB,1,0.01,0,0.0,25,110.046,110.046,9087.109027134107,
2,5951,14059.504203,MLP,16,0.01,1,0.0625,11,189.865,11.8665625,84270.40265451767,
2,5952,14059.735254,NB,16,1.0,16,1.0,18,112.325,7.0203125,142443.8014689517,
2,5953,14059.90755,MLP,32,0.1,6,0.1875,7,189.965,5.93640625,168452.08327849867,
2,5954,14060.138161,MLP,16,0.0,0,0.0,20,173.251,10.8281875,92351.55929835903,
2,5955,14060.370647,NB,16,0.05,2,0.125,9,110.791,6.9244375,144416.0626765712,
2,5956,14060.519833,AB,8,0.01,0,0.0,15,7825.791,978.223875,1022.2608807211948,
2,5957,14068.388748,MLP,8,0.1,0,0.0,8,172.531,21.566375,46368.47870817418,
2,5958,14068.603314,NB,8,0.01,0,0.0,12,105.924,13.2405,75525.84872172501,
2,5959,14068.746273,SGD,8,1.0,8,1.0,1,147.811,18.476375,54123.170805961665,
2,5960,14068.965045,SGD,64,0.01,1,0.015625,24,156.879,2.451234375,407957.7253807075,
2,5961,14069.19648,GB,100,0.01,2,0.02,18,275.805,2.75805,362575.0077047189,
2,5962,14069.542706,RF,64,0.5,29,0.453125,12,3164.067,49.438546875,20227.131726350926,
2,5963,14072.759492,NB,64,1.0,64,1.0,25,140.653,2.197703125,455020.5114714937,
2,5964,14072.94186,NB,8,0.05,0,0.0,3,107.295,13.411875,74560.79034437764,
2,5965,14073.109825,LoR,32,0.5,17,0.53125,15,158.704,4.9595,201633.22915616492,
2,5966,14073.318264,DT,64,0.0,0,0.0,3,97.094,1.51709375,659155.0456258884,
2,5967,14073.454873,AB,1,0.01,0,0.0,2,7612.233,7612.233,131.36749755295193,2.0
2,5968,14093.630939,AB,8,0.1,0,0.0,7,7792.72,974.09,1026.599184880247,
2,5969,14101.495523,SGD,64,0.5,34,0.53125,8,162.354,2.53678125,394200.32767902233,
2,5970,14101.720272,DT,32,0.5,13,0.40625,15,87.519,2.73496875,365634.8907094459,
2,5971,14101.849037,LoR,32,0.0,0,0.0,24,152.028,4.750875,210487.5417686216,
2,5972,14102.056264,AB,100,0.0,0,0.0,7,8604.765,86.04764999999999,11621.467872742604,
2,5973,14110.706261,DT,32,0.0,0,0.0,18,83.52,2.61,383141.7624521073,
2,5974,14110.830399,RF,8,0.01,0,0.0,17,2957.922,369.74025,2704.601405987041,
2,5975,14113.834469,SGD,32,0.0,0,0.0,27,167.778,5.2430625,190728.22420102757,
2,5976,14114.062493,SGD,8,0.1,1,0.125,6,151.453,18.931625,52821.667447987165,
2,5977,14114.27545,DT,32,0.1,3,0.09375,26,90.54,2.829375,353434.9458802739,
2,5978,14114.412679,RF,64,1.0,64,1.0,21,3234.091,50.532671875,19789.177237127835,
2,5979,14117.686851,MLP,1,1.0,1,1.0,7,178.026,178.026,5617.157044476649,
2,5980,14118.047646,GB,32,0.5,19,0.59375,9,250.84,7.83875,127571.36022962845,
2,5981,14118.339465,AB,1,0.5,0,0.0,2,7669.384,7669.384,130.3885683648126,2.0
2,5982,14138.726639,NB,64,0.0,0,0.0,27,136.583,2.134109375,468579.545038548,
2,5983,14138.901078,RF,8,1.0,8,1.0,15,2927.268,365.9085,2732.923668075489,
2,5984,14141.908285,AB,100,0.1,10,0.1,17,8542.218,85.42218000000001,11706.561457457536,
2,5985,14150.500905,AB,64,0.0,0,0.0,9,8078.626,126.22853125,7922.139235062992,
2,5986,14158.641544,MLP,16,0.5,7,0.4375,5,183.487,11.4679375,87199.6381215018,
2,5987,14158.891175,MLP,32,0.5,19,0.59375,13,183.041,5.72003125,174824.21971033813,
2,5988,14159.112836,RF,1,0.1,0,0.0,14,2863.727,2863.727,349.19529689806325,9.99
2,5989,14175.445946,RF,100,0.01,0,0.0,18,3476.267,34.76267,28766.49003082905,
2,5990,14178.999216,GB,64,0.05,4,0.0625,6,300.367,4.693234375,213072.6744282827,
2,5991,14179.344582,AB,32,1.0,32,1.0,27,8246.946,257.7170625,3880.2242672620873,
2,5992,14187.653892,MLP,16,0.5,10,0.625,29,207.134,12.945875,77244.68218641073,
2,5993,14187.901729,AB,16,1.0,16,1.0,15,7913.432,494.5895,2021.878749953244,
2,5994,14195.855485,LoR,1,0.01,0,0.0,24,150.73,150.73,6634.379353811451,
2,5995,14196.21797,AB,64,0.1,10,0.15625,4,8286.015,129.468984375,7723.857608271286,
2,5996,14204.54585,LoR,8,0.05,0,0.0,7,143.678,17.95975,55680.06236166984,
2,5997,14204.746583,NB,100,1.0,100,1.0,4,150.353,1.50353,665101.4612279102,
2,5998,14204.932173,LoR,1,0.0,0,0.0,27,140.655,140.655,7109.594397639615,
2,5999,14205.233864,NB,16,0.1,4,0.25,14,108.817,6.8010625,147035.8491779777,
2,6000,14205.38853,DT,64,1.0,64,1.0,4,90.112,1.408,710227.2727272728,
2,6001,14205.517208,GB,8,0.05,0,0.0,24,222.499,27.812375,35955.21777625967,
2,6002,14205.801723,AB,32,0.1,5,0.15625,26,8147.986,254.6245625,3927.3508815552705,
2,6003,14213.990901,RF,16,0.0,0,0.0,12,3228.593,201.7870625,4955.719101168837,
2,6004,14217.265354,RF,1,0.01,0,0.0,19,2876.437,2876.437,347.6523212571664,10.24
2,6005,14232.791982,DT,100,0.05,7,0.07,18,99.671,0.9967100000000001,1003300.8598288368,
2,6006,14232.965179,NB,100,0.1,11,0.11,16,149.879,1.4987899999999998,667204.8786020724,
2,6007,14233.177727,SGD,16,0.1,1,0.0625,14,160.665,10.0415625,99586.09529144493,
2,6008,14233.386522,LoR,64,1.0,64,1.0,18,157.537,2.461515625,406253.7689558643,
2,6009,14233.602577,RF,16,0.1,1,0.0625,23,3477.591,217.3494375,4600.886073146612,
2,6010,14237.143081,LoR,16,1.0,16,1.0,7,258.0,16.125,62015.50387596899,
2,6011,14237.473813,DT,32,0.5,10,0.3125,9,146.081,4.56503125,219056.55081769705,
2,6012,14237.671775,AB,8,1.0,8,1.0,6,8316.832,1039.604,961.9047252607724,
2,6013,14246.054259,MLP,16,0.0,0,0.0,29,217.426,13.589125,73588.25531445182,
2,6014,14246.355407,RF,64,0.01,1,0.015625,25,3775.866,58.99790625,16949.75404317844,
2,6015,14250.225002,RF,100,1.0,100,1.0,9,3484.979,34.84979,28694.57749960617,
2,6016,14253.771387,NB,1,0.01,0,0.0,10,140.61,140.61,7111.869710546902,
2,6017,14253.989743,SGD,16,0.5,9,0.5625,18,188.5,11.78125,84880.63660477454,
2,6018,14254.243614,RF,32,0.5,17,0.53125,21,3177.291,99.29034375,10071.472836450926,
2,6019,14257.496628,AB,64,0.5,31,0.484375,7,8439.341,131.864703125,7583.530515001112,
2,6020,14266.024719,RF,100,0.05,3,0.03,5,3446.431,34.46431,29015.523595278708,
2,6021,14269.535715,SGD,16,0.5,12,0.75,10,199.288,12.4555,80285.8175103368,
2,6022,14269.813895,LoR,100,0.01,1,0.01,26,199.251,1.99251,501879.5388730797,
2,6023,14270.102088,SGD,100,0.0,0,0.0,25,165.885,1.65885,602827.2598486904,
2,6024,14270.31747,NB,64,1.0,64,1.0,7,133.022,2.07846875,481123.4231931561,
2,6025,14270.50655,NB,8,0.5,4,0.5,3,153.529,19.191125,52107.41944518625,
2,6026,14270.730712,LoR,100,0.01,0,0.0,17,206.724,2.06724,483736.769799346,
2,6027,14271.008297,SGD,64,0.5,33,0.515625,18,158.246,2.47259375,404433.60337702057,
2,6028,14271.227825,LoR,32,0.05,2,0.0625,8,147.609,4.61278125,216788.94918331536,
2,6029,14271.436,GB,32,0.1,1,0.03125,8,261.914,8.1848125,122177.50864787679,
2,6030,14271.766737,GB,64,0.1,6,0.09375,20,261.428,4.0848125,244809.2782716465,
2,6031,14272.104177,DT,100,0.1,12,0.12,25,100.582,1.00582,994213.6764033326,
2,6032,14272.248263,SGD,32,0.01,0,0.0,11,159.388,4.980875,200767.93736040354,
2,6033,14272.458065,RF,64,0.01,0,0.0,14,3277.759,51.214984375,19525.535586966584,
2,6034,14275.845413,DT,100,0.01,1,0.01,8,103.271,1.03271,968326.0547491552,
2,6035,14276.005877,MLP,8,0.5,4,0.5,5,196.168,24.521,40781.371069695364,
2,6036,14276.241075,AB,8,0.0,0,0.0,8,8478.179,1059.772375,943.5988553674085,
2,6037,14284.80941,NB,16,0.05,1,0.0625,15,132.605,8.2878125,120659.10033558313,
2,6038,14284.991429,AB,32,0.0,0,0.0,17,8533.05,266.6578125,3750.1245158530655,
2,6039,14293.619164,MLP,32,0.05,4,0.125,29,254.374,7.9491875,125799.02034012911,
2,6040,14293.935768,NB,8,0.1,1,0.125,10,116.456,14.557,68695.47296833138,
2,6041,14294.11945,DT,64,0.5,29,0.453125,11,94.722,1.48003125,675661.4091763266,
2,6042,14294.271525,GB,100,0.0,0,0.0,26,358.212,3.5821199999999997,279164.2937701696,
2,6043,14294.709742,DT,100,0.05,4,0.04,2,101.739,1.01739,982907.2430434739,
2,6044,14294.862254,RF,64,0.01,0,0.0,5,3361.726,52.52696875,19037.839490785387,
2,6045,14298.267541,SGD,16,1.0,16,1.0,9,176.988,11.06175,90401.60914864285,
2,6046,14298.489661,LoR,32,0.0,0,0.0,4,206.878,6.4649375,154680.53635475982,
2,6047,14298.740592,RF,16,0.0,0,0.0,28,3043.873,190.2420625,5256.461094138947,
2,6048,14301.858997,DT,64,0.05,1,0.015625,18,98.593,1.540515625,649133.3056099317,
2,6049,14302.027128,AB,64,0.05,1,0.015625,22,8410.707,131.417296875,7609.348417439818,
2,6050,14310.504088,MLP,32,0.5,15,0.46875,11,250.218,7.8193125,127888.48124435493,
2,6051,14310.793682,DT,1,0.0,0,0.0,29,84.276,84.276,11865.774360434763,16.0
2,6052,14311.103816,RF,16,0.05,1,0.0625,9,3036.726,189.795375,5268.83228845803,
2,6053,14314.189622,LoR,32,0.01,0,0.0,19,168.628,5.269625,189766.8240149916,
2,6054,14314.422523,GB,32,0.1,4,0.125,13,308.47,9.6396875,103737.80270366647,
2,6055,14314.783354,SGD,64,1.0,64,1.0,7,168.253,2.628953125,380379.5474672071,
2,6056,14315.042948,DT,16,0.1,1,0.0625,8,116.667,7.2916875,137142.46530724198,
2,6057,14315.197848,GB,1,0.01,1,1.0,19,203.873,203.873,4905.014396217253,4.0
2,6058,14328.001897,LoR,16,0.01,0,0.0,6,157.843,9.8651875,101366.54777215335,
2,6059,14328.223185,LoR,32,0.1,3,0.09375,18,153.627,4.80084375,208296.7186757536,
2,6060,14328.414905,DT,8,0.0,0,0.0,25,85.949,10.743625,93078.45350149508,
2,6061,14328.542147,GB,32,0.0,0,0.0,19,224.299,7.00934375,142666.7082777899,
2,6062,14328.806259,GB,8,0.0,0,0.0,0,207.798,25.97475,38498.926842414265,
2,6063,14329.053389,SGD,8,0.0,0,0.0,19,155.388,19.4235,51484.02708059824,
2,6064,14329.268372,MLP,16,0.5,9,0.5625,24,184.817,11.5510625,86572.12269434088,
2,6065,14329.492975,NB,16,1.0,16,1.0,0,115.804,7.23775,138164.48481917722,
2,6066,14329.65207,AB,32,0.01,0,0.0,19,8281.253,258.78915625,3864.1495435533725,
2,6067,14338.015373,MLP,100,0.5,52,0.52,26,241.819,2.41819,413532.4354165719,
2,6068,14338.299159,NB,1,0.05,0,0.0,16,103.606,103.606,9651.95065922823,
2,6069,14338.47551,RF,32,0.01,1,0.03125,29,3419.023,106.84446875,9359.398869209128,
2,6070,14342.027139,RF,100,0.5,48,0.48,16,3714.783,37.14783,26919.472819812087,
2,6071,14345.816526,GB,16,0.0,0,0.0,7,334.602,20.912625,47818.00467420996,
2,6072,14346.208684,GB,16,0.01,0,0.0,17,245.811,15.3631875,65090.65908360488,
2,6073,14346.520951,SGD,8,0.5,4,0.5,16,233.207,29.150875,34304.2876071473,
2,6074,14346.853708,AB,100,0.01,1,0.01,6,8849.695,88.49695,11299.824457227058,
2,6075,14355.767003,RF,100,0.0,0,0.0,17,3549.662,35.49662,28171.696347426885,
2,6076,14359.371059,GB,64,1.0,64,1.0,29,297.274,4.64490625,215289.59814850945,
2,6077,14359.710589,AB,8,1.0,8,1.0,0,8085.555,1010.694375,989.4187844866555,
2,6078,14367.871533,GB,64,0.05,2,0.03125,22,254.041,3.969390625,251927.83841978264,
2,6079,14368.185704,NB,100,1.0,100,1.0,0,161.61,1.6161,618773.5907431471,
2,6080,14368.386944,DT,1,0.5,0,0.0,7,89.434,89.434,11181.429881253214,16.0
2,6081,14368.704421,DT,8,0.1,2,0.25,5,91.774,11.47175,87170.65835639724,
2,6082,14368.834499,RF,1,0.05,0,0.0,3,2982.758,2982.758,335.2601853720617,9.99
2,6083,14384.876156,MLP,64,0.05,3,0.046875,19,253.076,3.9543125,252888.46038344214,
2,6084,14385.171023,MLP,1,0.5,0,0.0,29,170.235,170.235,5874.232678356389,
2,6085,14385.504347,LoR,16,0.05,0,0.0,4,153.99,9.624375,103902.85083446976,
2,6086,14385.717307,RF,8,0.1,2,0.25,0,3081.325,385.165625,2596.28568878648,
2,6087,14388.844153,LoR,8,0.01,0,0.0,24,166.524,20.8155,48041.12320146045,
2,6088,14389.082765,RF,64,0.1,6,0.09375,6,3289.083,51.391921875,19458.31102468378,
2,6089,14392.455383,AB,100,0.5,51,0.51,21,8805.718,88.05718,11356.257377308697,
2,6090,14401.331578,NB,100,0.0,0,0.0,24,150.848,1.50848,662918.9647857446,
2,6091,14401.522554,RF,8,1.0,8,1.0,25,3025.052,378.1315,2644.5826385794358,
2,6092,14404.588608,AB,1,0.0,0,0.0,17,7867.2,7867.2,127.1100264388855,2.0
2,6093,14425.510721,NB,64,1.0,64,1.0,9,139.511,2.179859375,458745.1885514404,
2,6094,14425.710328,NB,8,0.05,1,0.125,8,109.64,13.705,72966.07077708865,
2,6095,14425.867003,GB,64,0.0,0,0.0,29,271.749,4.246078125,235511.44622427312,
2,6096,14426.203601,NB,32,0.5,18,0.5625,5,125.229,3.91340625,255531.86562218016,
2,6097,14426.364149,AB,1,0.0,0,0.0,27,7828.584,7828.584,127.7370211522288,2.0
2,6098,14447.143516,LoR,32,0.5,19,0.59375,3,169.624,5.30075,188652.54916757063,
2,6099,14447.390224,LoR,100,0.05,5,0.05,14,170.508,1.7050800000000002,586482.7456776222,
2,6100,14447.61221,GB,64,0.01,0,0.0,3,256.792,4.012375,249228.94794230352,
2,6101,14447.927976,DT,100,0.0,0,0.0,14,101.254,1.01254,987615.3040867521,
2,6102,14448.10546,MLP,100,0.1,10,0.1,23,252.308,2.5230799999999998,396340.98007197556,
2,6103,14448.422364,DT,32,0.01,1,0.03125,6,92.647,2.89521875,345397.0446965363,
2,6104,14448.581753,MLP,64,0.5,30,0.46875,10,214.06,3.3446875,298981.59394562274,
2,6105,14448.836023,DT,1,0.05,0,0.0,13,87.444,87.444,11435.890398426422,16.0
2,6106,14449.110117,NB,1,0.05,0,0.0,15,105.924,105.924,9440.731090215626,
2,6107,14449.285824,SGD,8,0.1,2,0.25,21,158.955,19.869375,50328.70938315875,
2,6108,14449.506531,NB,32,0.5,13,0.40625,10,118.033,3.68853125,271110.6216058221,
2,6109,14449.690006,LoR,64,0.1,7,0.109375,2,162.413,2.537703125,394057.1259689803,
2,6110,14449.890868,DT,1,0.01,0,0.0,3,87.097,87.097,11481.451714754814,16.0
2,6111,14450.183167,SGD,100,0.01,0,0.0,25,175.037,1.75037,571307.7806406645,
2,6112,14450.396289,GB,1,1.0,1,1.0,21,243.895,243.895,4100.125053814141,4.0
2,6113,14463.467063,GB,64,0.05,4,0.0625,19,293.424,4.58475,218114.40100332626,
2,6114,14463.852272,DT,16,0.05,4,0.25,12,138.715,8.6696875,115344.41120282594,
2,6115,14464.044069,MLP,1,0.1,0,0.0,28,268.601,268.601,3722.9943298796356,
2,6116,14464.507012,NB,100,0.0,0,0.0,26,191.558,1.9155799999999998,522035.1016402343,
2,6117,14464.767223,AB,1,0.1,1,1.0,12,7959.108,7959.108,125.64222020859624,2.0
2,6118,14485.604281,DT,16,1.0,16,1.0,13,91.125,5.6953125,175582.9903978052,
2,6119,14485.779674,GB,100,0.1,7,0.07,12,326.081,3.26081,306672.26854677213,
2,6120,14486.167325,SGD,100,0.0,0,0.0,24,199.157,1.99157,502116.4207133066,
2,6121,14486.417871,AB,64,0.0,0,0.0,5,8456.204,132.1281875,7568.407763105053,
2,6122,14494.936608,DT,8,0.05,1,0.125,10,82.757,10.344625,96668.55975929528,
2,6123,14495.060313,SGD,8,0.05,0,0.0,7,156.127,19.515875,51240.336392808415,
2,6124,14495.273324,MLP,100,1.0,100,1.0,6,248.83,2.4883,401880.80215408106,
2,6125,14495.565092,DT,8,0.05,0,0.0,11,88.293,11.036625,90607.40942090539,
2,6126,14495.713492,AB,100,0.01,0,0.0,24,8670.329,86.70329,11533.587710454816,
2,6127,14504.425321,NB,8,1.0,8,1.0,25,115.917,14.489625,69014.89859123339,
2,6128,14504.585,SGD,32,0.0,0,0.0,5,156.777,4.89928125,204111.57248831145,
2,6129,14504.803456,MLP,16,0.05,1,0.0625,13,181.407,11.3379375,88199.46308576845,
2,6130,14505.026349,GB,8,0.05,0,0.0,10,235.25,29.40625,34006.376195536664,
2,6131,14505.321462,AB,8,0.5,4,0.5,4,7917.614,989.70175,1010.4054074876599,
2,6132,14513.280401,SGD,8,0.0,0,0.0,21,170.365,21.295625,46958.00193701758,
2,6133,14513.491739,SGD,8,0.0,0,0.0,26,160.342,20.04275,49893.35295805216,
2,6134,14513.721911,NB,64,0.1,7,0.109375,2,131.098,2.04840625,488184.41166150506,
2,6135,14513.908246,LoR,100,0.0,0,0.0,21,167.967,1.6796700000000002,595355.0399780909,
2,6136,14514.116342,AB,1,0.01,0,0.0,10,7840.782,7840.782,127.53829911353229,2.0
2,6137,14535.293215,GB,1,0.05,0,0.0,24,245.568,245.568,4072.1918165233255,4.0
2,6138,14548.221569,MLP,64,0.1,7,0.109375,21,288.535,4.508359375,221810.17900774602,
2,6139,14548.552014,LoR,1,0.5,0,0.0,6,155.829,155.829,6417.290748191928,
2,6140,14548.87699,GB,64,0.01,0,0.0,19,263.53,4.11765625,242856.60076651617,
2,6141,14549.180453,DT,1,1.0,1,1.0,23,94.164,94.164,10619.769763391529,13.0
2,6142,14549.463985,GB,16,1.0,16,1.0,5,223.065,13.9415625,71727.97166745119,
2,6143,14549.758888,DT,64,0.1,6,0.09375,8,97.159,1.518109375,658714.0666330447,
2,6144,14549.894938,SGD,1,0.01,0,0.0,26,153.86,153.86,6499.415052645261,
2,6145,14550.235161,GB,64,0.5,37,0.578125,28,261.58,4.0871875,244667.02347274258,
2,6146,14550.602717,NB,100,0.5,41,0.41,18,181.556,1.81556,550794.2453017251,
2,6147,14550.840687,SGD,8,0.5,3,0.375,15,161.005,20.125625,49687.89789136984,
2,6148,14551.039399,SGD,8,0.0,0,0.0,18,149.568,18.696,53487.376979032946,
2,6149,14551.25148,DT,32,0.5,19,0.59375,19,91.656,2.86425,349131.53530592646,
2,6150,14551.416749,LoR,100,0.05,4,0.04,18,168.136,1.68136,594756.625588809,
2,6151,14551.646382,NB,32,0.1,3,0.09375,21,119.134,3.7229375,268605.1001393389,
2,6152,14551.830252,LoR,64,0.05,7,0.109375,23,161.749,2.527328125,395674.78006046405,
2,6153,14552.042271,LoR,64,0.01,0,0.0,7,155.895,2.435859375,410532.7303633856,
2,6154,14552.242832,DT,32,0.1,0,0.0,4,90.003,2.81259375,355543.7040987523,
2,6155,14552.389306,MLP,100,1.0,100,1.0,21,236.655,2.36655,422556.0414950033,
2,6156,14552.666782,GB,1,0.5,1,1.0,18,207.117,207.117,4828.188898062448,4.0
2,6157,14565.43524,GB,100,0.0,0,0.0,17,273.252,2.73252,365962.5547114019,
2,6158,14565.754583,AB,32,0.0,0,0.0,13,8206.976,256.468,3899.121917744124,
2,6159,14574.042425,LoR,100,0.05,5,0.05,20,170.472,1.70472,586606.5981510159,
2,6160,14574.282401,LoR,64,0.05,2,0.03125,0,158.289,2.473265625,404323.7369621389,
2,6161,14574.49817,LoR,8,0.1,2,0.25,12,182.907,22.863375,43738.07454061353,
2,6162,14574.726372,GB,32,0.01,0,0.0,21,225.529,7.04778125,141888.62629639648,
2,6163,14575.021761,SGD,64,0.1,8,0.125,0,167.868,2.6229375,381251.93604498776,
2,6164,14575.230758,RF,8,0.1,0,0.0,16,3075.166,384.39575,2601.4855783395105,
2,6165,14578.366366,SGD,8,0.05,0,0.0,9,210.385,26.298125,38025.524633410176,
2,6166,14578.67851,NB,64,0.1,8,0.125,3,168.519,2.633109375,379779.1346969778,
2,6167,14578.901187,GB,64,1.0,64,1.0,24,279.064,4.360375,229338.0729868417,
2,6168,14579.226437,SGD,16,0.05,0,0.0,20,175.455,10.9659375,91191.47359721865,
2,6169,14579.441284,LoR,1,1.0,1,1.0,13,151.47,151.47,6601.967386281111,
2,6170,14579.780012,MLP,64,0.1,7,0.109375,22,227.214,3.55021875,281672.78424744954,
2,6171,14580.047716,RF,8,0.0,0,0.0,16,3167.11,395.88875,2525.962154772016,
2,6172,14583.29339,GB,100,0.0,0,0.0,29,350.263,3.50263,285499.7530427136,
2,6173,14583.731901,RF,100,0.1,5,0.05,23,3690.099,36.90099,27099.543941775002,
2,6174,14587.495873,SGD,32,1.0,32,1.0,13,224.154,7.0048125,142758.9960473603,
2,6175,14587.763966,RF,1,0.0,0,0.0,16,3056.562,3056.562,327.1649650816833,10.1
2,6176,14604.16547,SGD,16,1.0,16,1.0,5,185.19,11.574375,86397.75365840488,
2,6177,14604.431032,MLP,64,0.5,38,0.59375,25,240.306,3.75478125,266327.099614658,
2,6178,14604.7129,DT,16,0.0,0,0.0,15,96.03,6.001875,166614.59960429033,
2,6179,14604.848488,LoR,1,0.01,0,0.0,21,154.222,154.222,6484.159199076656,
2,6180,14605.177975,AB,8,0.5,3,0.375,14,8035.947,1004.493375,995.5267251015966,
2,6181,14613.260021,SGD,32,1.0,32,1.0,18,156.985,4.90578125,203841.13131827879,
2,6182,14613.497103,MLP,100,0.1,13,0.13,9,267.362,2.67362,374024.7305151816,
2,6183,14613.815626,DT,64,0.0,0,0.0,5,93.284,1.4575625,686076.9263753698,
2,6184,14613.965649,RF,8,0.5,2,0.25,27,3174.239,396.779875,2520.2891149658235,
2,6185,14617.189618,NB,32,0.01,0,0.0,16,137.286,4.2901875,233090.04559824016,
2,6186,14617.365994,NB,8,1.0,8,1.0,22,109.619,13.702375,72980.04907908301,
2,6187,14617.554636,SGD,100,0.1,15,0.15,3,176.822,1.7682200000000001,565540.4870434675,
2,6188,14617.77147,DT,16,0.0,0,0.0,9,90.286,5.642875,177214.62906762952,
2,6189,14617.928492,DT,64,0.5,26,0.40625,19,91.214,1.42521875,701646.6770451905,
2,6190,14618.059762,DT,32,1.0,32,1.0,10,85.881,2.68378125,372608.60958768526,
2,6191,14618.219225,GB,100,0.1,6,0.06,25,315.102,3.15102,317357.5540618594,
2,6192,14618.644691,SGD,100,0.01,0,0.0,15,182.443,1.8244300000000002,548116.3979982788,
2,6193,14618.898164,MLP,64,0.5,28,0.4375,21,218.323,3.411296875,293143.64496640296,
2,6194,14619.180239,SGD,32,0.05,2,0.0625,9,156.899,4.90309375,203952.8613949101,
2,6195,14619.393612,GB,100,1.0,100,1.0,11,292.916,2.92916,341394.8026055251,
2,6196,14619.726197,DT,1,1.0,1,1.0,27,94.372,94.372,10596.363328105794,11.0
2,6197,14620.05586,MLP,100,0.5,42,0.42,2,245.847,2.45847,406757.04808275064,
2,6198,14620.343342,GB,1,0.05,0,0.0,6,207.4,207.4,4821.600771456123,4.0
2,6199,14633.116275,RF,1,0.05,0,0.0,10,3036.766,3036.766,329.29768049299815,9.99
2,6200,14649.150816,RF,8,0.01,0,0.0,12,3042.318,380.28975,2629.5738972717513,
2,6201,14652.275134,AB,100,0.5,50,0.5,27,8782.058,87.82058,11386.85260334195,
2,6202,14661.117448,NB,100,0.0,0,0.0,27,148.87,1.4887000000000001,671727.0101430778,
2,6203,14661.307687,AB,1,0.01,0,0.0,3,7816.148,7816.148,127.94025906367177,2.0
2,6204,14682.027408,AB,16,0.5,6,0.375,22,8117.727,507.3579375,1970.9950827368302,
2,6205,14690.212397,DT,32,0.5,20,0.625,27,85.784,2.68075,373029.93565233605,
2,6206,14690.373846,LoR,100,0.1,6,0.06,7,174.933,1.7493299999999998,571647.4307306226,
2,6207,14690.638608,NB,64,0.0,0,0.0,25,131.601,2.056265625,486318.49302056973,
2,6208,14690.806605,NB,1,1.0,1,1.0,6,98.198,98.198,10183.506792399032,
2,6209,14690.974679,MLP,32,0.5,14,0.4375,15,199.258,6.2268125,160595.8104567947,
2,6210,14691.21342,SGD,1,0.5,0,0.0,18,148.815,148.815,6719.752713100158,
2,6211,14691.552303,SGD,100,0.05,8,0.08,15,165.125,1.65125,605601.8168054504,
2,6212,14691.792623,RF,100,0.1,10,0.1,17,3464.797,34.64797,28861.7197486606,
2,6213,14695.298373,AB,1,1.0,1,1.0,7,7789.173,7789.173,128.3833341485675,2.0
2,6214,14716.422752,AB,32,1.0,32,1.0,9,8229.684,257.177625,3888.3631497880115,
2,6215,14724.724976,NB,32,0.05,2,0.0625,21,128.506,4.0158125,249015.61016606228,
2,6216,14724.893101,LoR,1,0.5,0,0.0,15,165.896,165.896,6027.872884216618,
2,6217,14725.257394,NB,100,0.5,37,0.37,2,161.318,1.61318,619893.6262537348,
2,6218,14725.475312,NB,8,0.01,1,0.125,5,107.806,13.47575,74207.37250245812,
2,6219,14725.639423,NB,16,0.1,1,0.0625,23,109.011,6.8131875,146774.17875260295,
2,6220,14725.78348,NB,8,0.0,0,0.0,14,103.343,12.917875,77412.11306039112,
2,6221,14725.923156,LoR,1,0.01,0,0.0,9,150.546,150.546,6642.488010309142,
2,6222,14726.233565,MLP,32,0.05,0,0.0,25,206.253,6.44540625,155149.25843502884,
2,6223,14726.498782,GB,100,0.0,0,0.0,20,353.874,3.53874,282586.4573266191,
2,6224,14726.895597,NB,1,0.01,1,1.0,21,109.675,109.675,9117.848187827673,
2,6225,14727.053095,GB,1,0.05,0,0.0,14,209.876,209.876,4764.71821456479,4.0
2,6226,14739.802695,MLP,64,1.0,64,1.0,4,228.195,3.565546875,280461.8856679594,
2,6227,14740.087773,AB,64,0.01,0,0.0,21,8431.831,131.747359375,7590.284957087019,
2,6228,14748.58316,AB,16,0.1,1,0.0625,17,7979.498,498.718625,2005.1386691242983,
2,6229,14756.643093,MLP,100,0.5,45,0.45,24,237.901,2.37901,420342.9157506694,
2,6230,14756.920345,SGD,1,0.0,0,0.0,29,149.485,149.485,6689.634411479412,
2,6231,14757.228666,MLP,64,1.0,64,1.0,29,205.707,3.214171875,311122.13001988264,
2,6232,14757.479466,MLP,32,0.0,0,0.0,0,182.959,5.71746875,174902.5738006876,
2,6233,14757.73394,RF,64,0.05,3,0.046875,13,3344.813,52.262703125,19134.104059031102,
2,6234,14761.162218,SGD,100,0.1,7,0.07,15,184.991,1.8499100000000002,540566.8383867323,
2,6235,14761.385986,MLP,1,0.0,0,0.0,1,167.93,167.93,5954.862144941344,
2,6236,14761.703394,NB,1,1.0,1,1.0,10,104.055,104.055,9610.302244005574,
2,6237,14761.855231,NB,1,0.1,0,0.0,26,97.572,97.572,10248.841880867461,
2,6238,14762.003573,DT,32,1.0,32,1.0,17,93.606,2.9251875,341858.4278785548,
2,6239,14762.134479,AB,8,1.0,8,1.0,4,8023.4,1002.925,997.0835306727821,
2,6240,14770.225362,GB,32,0.05,2,0.0625,10,237.052,7.407875,134991.47866290942,
2,6241,14770.502165,RF,1,0.0,0,0.0,23,2964.356,2964.356,337.3413989412877,9.99
2,6242,14786.430046,LoR,8,0.0,0,0.0,4,167.15,20.89375,47861.20251271313,
2,6243,14786.643001,RF,32,0.0,0,0.0,16,3104.291,97.00909375,10308.3119462705,
2,6244,14789.822308,GB,64,0.05,5,0.078125,5,273.394,4.27178125,234094.38392942052,
2,6245,14790.150775,DT,64,0.01,0,0.0,8,100.453,1.569578125,637113.8741501,
2,6246,14790.288799,DT,1,1.0,1,1.0,14,90.516,90.516,11047.770559901011,11.0
2,6247,14790.572365,RF,8,0.0,0,0.0,0,2994.259,374.282375,2671.7795621554446,
2,6248,14793.648586,MLP,100,0.05,8,0.08,12,253.673,2.53673,394208.29177720926,
2,6249,14793.980172,SGD,100,0.05,3,0.03,18,176.425,1.76425,566813.0933824572,
2,6250,14794.194569,DT,1,0.0,0,0.0,19,88.116,88.116,11348.676744291615,16.0
2,6251,14794.496283,GB,32,0.5,18,0.5625,28,248.107,7.75334375,128976.61089771752,
2,6252,14794.785812,LoR,8,1.0,8,1.0,25,161.206,20.15075,49625.9444437552,
2,6253,14795.005361,DT,8,0.5,4,0.5,27,89.654,11.20675,89231.93610993375,
2,6254,14795.149283,MLP,100,1.0,100,1.0,24,240.027,2.40027,416619.79693951097,
2,6255,14795.428187,SGD,1,1.0,1,1.0,15,149.837,149.837,6673.918991971276,
2,6256,14795.74612,NB,100,0.0,0,0.0,3,151.532,1.51532,659926.616160283,
2,6257,14795.960969,LoR,32,0.1,3,0.09375,9,158.729,4.96028125,201601.47169074332,
2,6258,14796.175153,MLP,100,0.0,0,0.0,19,231.674,2.3167400000000002,431641.01280247245,
2,6259,14796.457532,GB,64,1.0,64,1.0,2,254.505,3.976640625,251468.53696391033,
2,6260,14796.778497,LoR,32,0.05,1,0.03125,14,164.142,5.1294375,194953.15032106347,
2,6261,14796.987032,GB,16,0.0,0,0.0,25,218.537,13.6585625,73214.14680351611,
2,6262,14797.248588,RF,8,0.05,0,0.0,8,3051.096,381.387,2622.008615920312,
2,6263,14800.347602,MLP,32,0.0,0,0.0,4,205.989,6.43715625,155348.10111219532,
2,6264,14800.613617,SGD,100,1.0,100,1.0,9,173.262,1.73262,577160.6007087532,
2,6265,14800.852347,SGD,32,0.05,3,0.09375,20,156.898,4.9030625,203954.16130224732,
2,6266,14801.072749,RF,32,0.5,19,0.59375,19,3088.597,96.51865625,10360.69127827295,
2,6267,14804.236262,SGD,64,0.1,11,0.171875,10,177.363,2.771296875,360841.8892328163,
2,6268,14804.455346,MLP,16,0.0,0,0.0,12,182.21,11.388125,87810.76779540091,
2,6269,14804.703542,NB,32,0.01,1,0.03125,0,123.04,3.845,260078.0234070221,
2,6270,14804.901714,NB,100,0.05,5,0.05,0,147.139,1.4713900000000002,679629.4660151285,
2,6271,14805.104838,LoR,16,0.5,5,0.3125,8,159.052,9.94075,100596.03148655785,
2,6272,14805.314526,MLP,64,0.01,0,0.0,11,210.571,3.290171875,303935.4896923128,
2,6273,14805.56518,MLP,8,1.0,8,1.0,28,169.927,21.240875,47079.03982298281,
2,6274,14805.811819,RF,100,0.5,47,0.47,27,3439.838,34.39838,29071.13648956724,
2,6275,14809.334401,DT,100,0.5,51,0.51,0,105.158,1.05158,950949.99904905,
2,6276,14809.498376,AB,16,0.1,2,0.125,29,8282.88,517.68,1931.695255756452,
2,6277,14817.824686,LoR,16,0.0,0,0.0,28,154.382,9.648875,103639.02527496728,
2,6278,14818.018312,DT,1,0.0,0,0.0,24,83.974,83.974,11908.447852906851,16.0
2,6279,14818.316876,MLP,32,0.1,3,0.09375,27,197.681,6.17753125,161876.963390513,
2,6280,14818.557323,LoR,8,0.05,0,0.0,11,180.726,22.59075,44265.905293095624,
2,6281,14818.779662,RF,16,1.0,16,1.0,26,3004.091,187.7556875,5326.070348734443,
2,6282,14821.827731,AB,1,0.1,0,0.0,19,7879.836,7879.836,126.90619449440318,2.0
2,6283,14842.45786,MLP,16,0.05,0,0.0,3,240.68,15.0425,66478.31145088914,
2,6284,14842.776804,RF,100,0.5,58,0.58,10,3284.409,32.84409,30446.877961910344,
2,6285,14846.105708,RF,8,0.05,0,0.0,3,2933.819,366.727375,2726.821252435818,
2,6286,14849.1203,DT,100,0.01,2,0.02,1,105.181,1.05181,950742.0541732822,
2,6287,14849.292277,DT,64,0.5,33,0.515625,7,92.1,1.4390625,694896.8512486428,
2,6288,14849.423958,SGD,16,0.01,0,0.0,29,159.151,9.9469375,100533.4556490377,
2,6289,14849.638015,DT,100,0.0,0,0.0,13,94.516,0.94516,1058021.9222142282,
2,6290,14849.787537,MLP,8,0.5,3,0.375,20,175.892,21.9865,45482.455142928615,
2,6291,14850.021585,AB,16,0.5,8,0.5,28,7869.694,491.855875,2033.115900059138,
2,6292,14857.931887,LoR,8,0.0,0,0.0,12,148.474,18.55925,53881.48766787451,
2,6293,14858.121828,MLP,8,0.1,0,0.0,26,168.853,21.106625,47378.488981540155,
2,6294,14858.340682,LoR,64,1.0,64,1.0,8,152.969,2.390140625,418385.4244977741,
2,6295,14858.554289,SGD,100,1.0,100,1.0,19,196.412,1.96412,509133.86147485895,
2,6296,14858.788018,RF,1,1.0,1,1.0,25,2859.458,2859.458,349.7166246190712,7.49
2,6297,14874.334753,GB,16,1.0,16,1.0,4,294.817,18.4260625,54270.95452433204,
2,6298,14874.708561,DT,100,0.5,46,0.46,1,98.698,0.98698,1013191.7566718678,
2,6299,14874.84551,RF,1,0.1,0,0.0,16,2903.142,2903.142,344.4543876944359,9.93
2,6300,14890.387408,AB,8,0.5,3,0.375,16,7845.056,980.632,1019.7505282307736,
2,6301,14898.274463,GB,1,0.01,0,0.0,20,203.395,203.395,4916.541704565008,4.0
2,6302,14910.874415,RF,32,0.1,4,0.125,25,3012.896,94.153,10621.010482937347,
2,6303,14913.979321,MLP,16,0.1,3,0.1875,18,221.455,13.8409375,72249.44119572824,
2,6304,14914.251888,LoR,64,1.0,64,1.0,20,160.859,2.513421875,397863.96782275155,
2,6305,14914.500555,DT,100,0.5,56,0.56,2,142.92,1.4291999999999998,699692.1354603975,
2,6306,14914.718718,LoR,32,0.01,1,0.03125,6,156.494,4.8904375,204480.6829654811,
2,6307,14914.95288,SGD,100,0.5,53,0.53,21,165.381,1.65381,604664.3810353064,
2,6308,14915.156368,AB,8,1.0,8,1.0,22,8098.321,1012.290125,987.8590883221349,
2,6309,14923.321455,LoR,32,0.05,1,0.03125,27,154.143,4.81696875,207599.43688652743,
2,6310,14923.536256,RF,16,0.1,1,0.0625,14,2968.171,185.5106875,5390.525006813961,
2,6311,14926.544077,NB,1,1.0,1,1.0,18,147.861,147.861,6763.108595234714,
2,6312,14926.741233,SGD,1,0.5,1,1.0,2,152.892,152.892,6540.564581534678,
2,6313,14927.05422,AB,32,0.01,0,0.0,8,8196.313,256.13478125,3904.194483544003,
2,6314,14935.292402,LoR,1,0.5,0,0.0,0,144.933,144.933,6899.7398798065315,
2,6315,14935.623338,LoR,100,0.1,10,0.1,2,162.844,1.6284399999999999,614084.6454275257,
2,6316,14935.849165,DT,32,0.1,4,0.125,29,87.802,2.7438125,364456.3905150224,
2,6317,14935.996655,RF,32,0.5,13,0.40625,15,3122.842,97.5888125,10247.076220955143,
2,6318,14939.187164,LoR,32,0.05,6,0.1875,16,166.748,5.210875,191906.34970134575,
2,6319,14939.415729,GB,8,0.1,1,0.125,4,231.482,28.93525,34559.922585773405,
2,6320,14939.698061,LoR,64,0.0,0,0.0,20,162.592,2.5405,393623.30249950796,
2,6321,14939.912281,SGD,64,0.01,0,0.0,22,158.237,2.472453125,404456.60622989567,
2,6322,14940.14566,RF,100,0.1,5,0.05,0,3357.63,33.5763,29782.91235186724,
2,6323,14943.576375,GB,100,0.0,0,0.0,16,289.79,2.8979000000000004,345077.4698919907,
2,6324,14943.906073,SGD,1,0.0,0,0.0,8,157.251,157.251,6359.260036502153,
2,6325,14944.236607,GB,100,0.0,0,0.0,25,341.133,3.41133,293140.79845690686,
2,6326,14944.624512,NB,16,0.05,0,0.0,22,133.983,8.3739375,119418.13513654716,
2,6327,14944.799124,GB,8,0.05,0,0.0,4,400.846,50.10575,19957.78927568193,
2,6328,14945.293971,LoR,32,0.5,13,0.40625,9,225.831,7.05721875,141698.88102164894,
2,6329,14945.592045,RF,64,0.05,6,0.09375,12,3386.689,52.917015625,18897.51317584815,
2,6330,14949.05812,AB,64,0.05,2,0.03125,12,8460.129,132.189515625,7564.896469072753,
2,6331,14957.59223,MLP,64,0.05,4,0.0625,10,231.367,3.615109375,276616.8036063916,
2,6332,14957.865114,SGD,16,0.0,0,0.0,23,152.817,9.5510625,104700.39328085225,
2,6333,14958.078302,AB,16,0.1,1,0.0625,3,8042.021,502.6263125,1989.5496418126738,
2,6334,14966.181364,DT,100,1.0,100,1.0,16,89.514,0.8951399999999999,1117143.6870210248,
2,6335,14966.311073,SGD,16,0.0,0,0.0,28,152.113,9.5070625,105184.96118017526,
2,6336,14966.502971,AB,1,0.5,1,1.0,8,7749.553,7749.553,129.03970074144922,2.0
2,6337,14987.079121,AB,1,0.05,0,0.0,7,7725.821,7725.821,129.43608193873504,2.0
2,6338,15007.354064,MLP,8,0.01,0,0.0,9,186.098,23.26225,42988.10304248299,
2,6339,15007.581466,GB,1,0.05,0,0.0,23,230.045,230.045,4346.975591732053,4.0
2,6340,15020.479591,GB,8,1.0,8,1.0,29,217.381,27.172625,36801.744402684686,
2,6341,15020.762036,LoR,32,0.1,1,0.03125,28,163.032,5.09475,196280.48481279748,
2,6342,15021.00381,LoR,100,0.1,9,0.09,10,167.019,1.67019,598734.2757410833,
2,6343,15021.237663,DT,64,0.5,37,0.578125,14,94.707,1.479796875,675768.4226086773,
2,6344,15021.391211,SGD,32,0.05,2,0.0625,26,156.503,4.89071875,204468.92391839135,
2,6345,15021.603813,NB,8,0.05,1,0.125,5,112.753,14.094125,70951.54896100325,
2,6346,15021.755552,NB,16,0.1,0,0.0,20,106.483,6.6551875,150258.72674511423,
2,6347,15021.929496,GB,64,0.5,24,0.375,14,258.844,4.0444375,247253.17179459444,
2,6348,15022.247735,MLP,8,0.1,1,0.125,7,183.88,22.985,43506.63476180118,
2,6349,15022.475106,DT,32,0.0,0,0.0,15,94.984,2.96825,336898.84612145205,
2,6350,15022.666857,SGD,64,0.5,40,0.625,27,163.893,2.560828125,390498.6790161874,
2,6351,15022.869015,DT,1,0.01,0,0.0,19,85.072,85.072,11754.748918563098,16.0
2,6352,15023.157028,AB,16,0.5,9,0.5625,0,8015.925,500.9953125,1996.02665943107,
2,6353,15031.214507,NB,1,0.1,0,0.0,21,101.376,101.376,9864.267676767677,
2,6354,15031.36146,GB,1,0.0,0,0.0,26,198.579,198.579,5035.77921129626,4.0
2,6355,15044.029652,MLP,1,0.05,0,0.0,5,170.767,170.767,5855.932352269467,
2,6356,15044.377715,MLP,16,0.5,12,0.75,25,176.1,11.00625,90857.46734809768,
2,6357,15044.597175,NB,32,1.0,32,1.0,26,118.386,3.6995625,270302.23168280034,
2,6358,15044.753973,MLP,16,0.0,0,0.0,0,173.933,10.8708125,91989.44421127676,
2,6359,15044.966236,MLP,8,1.0,8,1.0,9,164.093,20.511625,48752.84137653648,
2,6360,15045.173503,LoR,16,0.01,0,0.0,12,145.314,9.082125,110106.39029962702,
2,6361,15045.375482,NB,100,1.0,100,1.0,20,154.123,1.5412299999999999,648832.4260493243,
2,6362,15045.579728,MLP,64,0.01,0,0.0,14,232.991,3.640484375,274688.7218819611,
2,6363,15045.872544,MLP,16,0.1,2,0.125,25,172.257,10.7660625,92884.46913623248,
2,6364,15046.100737,RF,100,0.0,0,0.0,23,3490.333,34.903330000000004,28650.561422076345,
2,6365,15049.664044,MLP,64,0.1,5,0.078125,14,222.699,3.479671875,287383.4188748041,
2,6366,15049.957328,SGD,64,0.1,7,0.109375,7,164.061,2.563453125,390098.80471288116,
2,6367,15050.187177,SGD,32,0.1,4,0.125,15,153.356,4.792375,208664.80607214588,
2,6368,15050.408038,RF,64,0.5,36,0.5625,14,3265.288,51.020125,19600.108780603732,
2,6369,15053.717491,GB,8,0.05,0,0.0,11,231.292,28.9115,34588.31260916936,
2,6370,15054.027265,DT,100,0.5,48,0.48,28,99.892,0.9989199999999999,1001081.167661074,
2,6371,15054.181541,DT,100,1.0,100,1.0,18,92.585,0.92585,1080088.5672625157,
2,6372,15054.311963,LoR,1,0.1,1,1.0,9,154.734,154.734,6462.7037367353005,
2,6373,15054.648498,MLP,1,0.01,0,0.0,21,159.107,159.107,6285.078594907829,
2,6374,15054.949507,LoR,1,0.1,1,1.0,24,138.174,138.174,7237.25158133947,
2,6375,15055.230559,AB,16,0.05,0,0.0,14,7905.795,494.1121875,2023.831885344864,
2,6376,15063.175595,AB,1,1.0,1,1.0,1,7542.253,7542.253,132.58637704144903,2.0
2,6377,15083.250804,DT,64,1.0,64,1.0,2,91.733,1.433328125,697676.9537680006,
2,6378,15083.402429,SGD,16,0.05,1,0.0625,28,156.335,9.7709375,102344.32468737007,
2,6379,15083.601119,GB,16,0.01,0,0.0,0,216.339,13.5211875,73958.00110012527,
2,6380,15083.878471,GB,16,0.05,1,0.0625,8,211.74,13.23375,75564.37139888543,
2,6381,15084.14026,SGD,64,1.0,64,1.0,1,164.329,2.567640625,389462.60246213386,
2,6382,15084.341712,GB,1,1.0,1,1.0,9,195.471,195.471,5115.848386717211,4.0
2,6383,15096.906784,SGD,1,1.0,1,1.0,6,151.811,151.811,6587.137954430179,
2,6384,15097.204963,AB,1,0.5,1,1.0,25,7576.514,7576.514,131.98682137985887,2.0
2,6385,15117.536809,SGD,8,1.0,8,1.0,11,193.791,24.223875,41281.58686419906,
2,6386,15117.771981,MLP,8,0.05,0,0.0,21,172.456,21.557,46388.64405993413,
2,6387,15117.99823,LoR,64,0.0,0,0.0,13,155.379,2.427796875,411896.0734719621,
2,6388,15118.198928,MLP,32,0.01,0,0.0,20,180.36,5.63625,177422.93191394987,
2,6389,15118.420522,MLP,8,0.1,0,0.0,17,188.403,23.550375,42462.16886143002,
2,6390,15118.695624,NB,16,0.01,1,0.0625,5,114.553,7.1595625,139673.33897846413,
2,6391,15118.885172,DT,100,0.01,1,0.01,12,97.947,0.9794700000000001,1020960.3152725453,
2,6392,15119.022009,GB,8,0.01,0,0.0,8,215.225,26.903125,37170.403066558254,
2,6393,15119.277516,SGD,1,0.01,0,0.0,28,151.795,151.795,6587.83227379031,
2,6394,15119.582027,RF,8,0.1,0,0.0,19,2961.786,370.22325,2701.0729336960876,
2,6395,15122.611404,MLP,1,0.1,1,1.0,13,187.815,187.815,5324.388360887043,
2,6396,15122.961482,LoR,64,0.0,0,0.0,7,159.463,2.491609375,401347.0209390266,
2,6397,15123.170302,SGD,64,1.0,64,1.0,6,155.005,2.421953125,412889.90677720075,
2,6398,15123.393301,RF,64,0.1,8,0.125,5,3233.937,50.530265625,19790.119597258697,
2,6399,15126.679239,RF,64,0.0,0,0.0,5,3178.836,49.6693125,20133.15565823465,
2,6400,15129.910754,SGD,64,1.0,64,1.0,11,175.75,2.74609375,364153.627311522,
2,6401,15130.17109,MLP,100,0.5,47,0.47,6,236.228,2.36228,423319.84354098584,
2,6402,15130.450693,MLP,16,0.05,0,0.0,21,180.461,11.2788125,88661.81612647607,
2,6403,15130.691906,MLP,16,0.05,1,0.0625,16,173.763,10.8601875,92079.44153818706,
2,6404,15130.902235,GB,1,0.0,0,0.0,12,208.244,208.244,4802.059122951921,4.0
2,6405,15143.548312,GB,16,0.5,8,0.5,11,223.756,13.98475,71506.4623965391,
2,6406,15143.831969,NB,8,0.1,1,0.125,22,115.15,14.39375,69474.59834997829,
2,6407,15144.007191,RF,16,0.05,1,0.0625,12,2950.859,184.4286875,5422.149957012518,
2,6408,15147.00695,NB,32,0.01,0,0.0,29,127.984,3.9995,250031.25390673836,
2,6409,15147.180359,NB,32,0.01,0,0.0,22,117.755,3.67984375,271750.6687614114,
2,6410,15147.33579,SGD,1,0.5,1,1.0,14,152.059,152.059,6576.39468890365,
2,6411,15147.63797,MLP,8,0.01,0,0.0,15,173.508,21.6885,46107.38409756322,
2,6412,15147.861209,DT,64,1.0,64,1.0,10,93.271,1.457359375,686172.5509536726,
2,6413,15147.991237,GB,1,0.0,0,0.0,7,200.169,200.169,4995.778567110791,4.0
2,6414,15160.493516,NB,16,0.1,3,0.1875,8,116.51,7.281875,137327.2680456613,
2,6415,15160.647949,DT,16,0.0,0,0.0,22,89.056,5.566,179662.23499820338,
2,6416,15160.784194,RF,64,1.0,64,1.0,11,3087.393,48.240515625,20729.46333686706,
2,6417,15163.936428,DT,16,0.05,1,0.0625,7,93.862,5.866375,170463.02017856002,
2,6418,15164.068527,GB,1,0.5,1,1.0,29,204.12,204.12,4899.078973153047,4.0
2,6419,15177.101698,GB,100,0.05,2,0.02,14,312.95,3.1294999999999997,319539.8625978591,
2,6420,15177.458954,GB,1,0.1,0,0.0,27,206.456,206.456,4843.64707249971,4.0
2,6421,15190.120363,MLP,1,0.1,0,0.0,5,197.696,197.696,5058.271285205568,
2,6422,15190.514016,LoR,64,0.5,34,0.53125,29,216.898,3.38903125,295069.5718724931,
2,6423,15190.80003,GB,64,0.5,32,0.5,29,263.516,4.1174375,242869.50318007253,
2,6424,15191.107559,DT,8,0.01,0,0.0,16,94.976,11.872,84231.80592991914,
2,6425,15191.242246,SGD,16,1.0,16,1.0,26,158.094,9.880875,101205.61185117715,
2,6426,15191.469956,GB,64,0.01,2,0.03125,22,246.497,3.851515625,259638.04833324542,
2,6427,15191.757565,DT,1,0.1,0,0.0,0,88.266,88.266,11329.390705367865,16.0
2,6428,15192.02954,NB,8,1.0,8,1.0,11,119.367,14.920875,67020.19821223621,
2,6429,15192.208979,AB,32,0.1,2,0.0625,13,8113.551,253.54846875,3944.019086094362,
2,6430,15200.403976,AB,100,0.5,47,0.47,4,8544.686,85.44686,11703.180198780858,
2,6431,15209.038645,NB,100,0.5,52,0.52,14,145.091,1.4509100000000001,689222.6258003598,
2,6432,15209.258477,LoR,100,0.1,9,0.09,26,169.458,1.69458,590116.7250882224,
2,6433,15209.467324,RF,1,0.1,0,0.0,19,2998.074,2998.074,333.5474708095931,9.98
2,6434,15225.328384,NB,8,0.05,0,0.0,26,114.924,14.3655,69611.22132887821,
2,6435,15225.492065,SGD,64,0.0,0,0.0,10,167.716,2.6205625,381597.46237687516,
2,6436,15225.697389,MLP,1,1.0,1,1.0,16,165.774,165.774,6032.309047257109,
2,6437,15226.045267,AB,64,0.05,7,0.109375,0,8207.661,128.244703125,7797.593004876785,
2,6438,15234.294958,AB,1,0.1,0,0.0,20,8294.163,8294.163,120.56671661745736,2.0
2,6439,15256.321796,DT,64,0.1,7,0.109375,4,105.361,1.646265625,607435.3888061047,
2,6440,15256.485719,RF,8,0.5,2,0.25,25,3116.267,389.533375,2567.174122114697,
2,6441,15259.650057,RF,32,1.0,32,1.0,9,3060.756,95.648625,10454.933356334188,
2,6442,15262.754501,GB,16,0.0,0,0.0,8,274.418,17.151125,58305.213214876574,
2,6443,15263.068548,LoR,1,0.0,0,0.0,29,174.639,174.639,5726.097836107628,
2,6444,15263.400052,NB,1,0.05,0,0.0,10,107.146,107.146,9333.059563586135,
2,6445,15263.57817,MLP,32,0.5,15,0.46875,22,210.795,6.58734375,151806.2572641666,
2,6446,15263.859581,LoR,64,0.5,26,0.40625,27,158.325,2.473828125,404231.80167377234,
2,6447,15264.084498,MLP,32,0.5,14,0.4375,29,186.114,5.8160625,171937.62962485358,
2,6448,15264.309816,LoR,1,0.05,0,0.0,27,140.343,140.343,7125.399913070121,
2,6449,15264.622249,LoR,64,0.5,38,0.59375,11,154.262,2.41034375,414878.5831896384,
2,6450,15264.825806,MLP,64,0.0,0,0.0,24,202.802,3.16878125,315578.7418270037,
2,6451,15265.097074,NB,64,0.5,36,0.5625,28,130.474,2.03865625,490519.18389870785,
2,6452,15265.292939,GB,64,0.05,5,0.078125,21,270.669,4.229203125,236451.16359834338,
2,6453,15265.614056,DT,64,0.0,0,0.0,7,97.154,1.51803125,658747.9671449452,
2,6454,15265.752492,MLP,16,0.01,0,0.0,17,186.164,11.63525,85945.72527448916,
2,6455,15265.997479,NB,16,0.5,4,0.25,22,112.724,7.04525,141939.6046982009,
2,6456,15266.148634,SGD,8,0.1,0,0.0,0,153.136,19.142,52241.14512590116,
2,6457,15266.344395,NB,1,0.01,0,0.0,17,104.523,104.523,9567.272275001675,
2,6458,15266.494457,DT,1,0.05,0,0.0,22,111.835,111.835,8941.744534358653,16.0
2,6459,15266.845256,NB,32,0.5,13,0.40625,13,121.725,3.80390625,262887.65660299856,
2,6460,15267.027716,AB,32,0.01,1,0.03125,14,8295.405,259.23140625,3857.5572862325585,
2,6461,15275.394956,SGD,64,0.05,2,0.03125,4,163.564,2.5556875,391284.1456555232,
2,6462,15275.600293,LoR,8,0.01,0,0.0,4,144.668,18.0835,55299.02950203224,
2,6463,15275.802378,DT,8,0.05,1,0.125,12,85.876,10.7345,93157.57603987143,
2,6464,15275.926379,GB,16,1.0,16,1.0,28,213.025,13.3140625,75108.555333881,
2,6465,15276.197987,DT,8,0.5,3,0.375,25,87.944,10.993,90966.97898662784,
2,6466,15276.323962,MLP,16,1.0,16,1.0,23,182.608,11.413,87619.38140716727,
2,6467,15276.550034,LoR,16,1.0,16,1.0,6,148.376,9.2735,107834.15107564566,
2,6468,15276.755213,LoR,8,0.5,4,0.5,9,143.201,17.900125,55865.53166528167,
2,6469,15276.934407,AB,1,1.0,1,1.0,19,8163.625,8163.625,122.49460258157374,2.0
2,6470,15298.495153,GB,1,0.01,0,0.0,12,306.441,306.441,3263.2709069608836,4.0
2,6471,15311.34902,NB,100,1.0,100,1.0,13,163.642,1.63642,611090.0624534044,
2,6472,15311.583121,RF,64,0.5,34,0.53125,7,3372.067,52.688546875,18979.456813877066,
2,6473,15315.030744,RF,100,0.01,0,0.0,3,3628.036,36.28036,27563.12230639387,
2,6474,15318.701948,MLP,1,0.1,0,0.0,2,203.727,203.727,4908.529551802167,
2,6475,15319.070638,LoR,8,1.0,8,1.0,0,153.35,19.16875,52168.24258232801,
2,6476,15319.264026,SGD,1,0.1,0,0.0,15,144.252,144.252,6932.312896874912,
2,6477,15319.58141,GB,64,0.5,33,0.515625,16,283.806,4.43446875,225506.1556133415,
2,6478,15319.927364,MLP,16,0.1,3,0.1875,26,191.518,11.969875,83543.061226621,
2,6479,15320.188618,SGD,64,0.05,3,0.046875,28,161.875,2.529296875,395366.7953667954,
2,6480,15320.40673,NB,8,0.5,2,0.25,17,110.741,13.842625,72240.63355035624,
2,6481,15320.556549,SGD,16,0.01,0,0.0,1,150.474,9.404625,106330.66177545623,
2,6482,15320.744285,NB,8,0.0,0,0.0,25,105.055,13.131875,76150.58778734948,
2,6483,15320.88605,DT,1,0.01,0,0.0,8,87.541,87.541,11423.218834603214,16.0
2,6484,15321.192513,GB,64,0.05,3,0.046875,28,256.307,4.004796875,249700.5544132622,
2,6485,15321.495655,NB,32,0.01,0,0.0,8,123.996,3.874875,258072.84105938903,
2,6486,15321.681195,RF,32,0.1,1,0.03125,4,3122.76,97.58625,10247.345297108966,
2,6487,15324.865576,LoR,100,1.0,100,1.0,1,179.871,1.79871,555953.9892478498,
2,6488,15325.08611,GB,8,1.0,8,1.0,21,211.266,26.40825,37866.95445552053,
2,6489,15325.362475,GB,32,0.1,4,0.125,1,227.94,7.123125,140387.82135649733,
2,6490,15325.630217,NB,8,0.0,0,0.0,29,113.189,14.148625,70678.24611932255,
2,6491,15325.81154,MLP,64,0.1,5,0.078125,16,246.889,3.857640625,259225.80592898023,
2,6492,15326.115193,NB,100,0.0,0,0.0,12,145.865,1.45865,685565.4200802111,
2,6493,15326.29918,NB,16,1.0,16,1.0,17,107.322,6.707625,149084.06477702613,
2,6494,15326.455799,MLP,64,0.01,0,0.0,15,258.872,4.044875,247226.42850520718,
2,6495,15326.774813,GB,16,0.1,1,0.0625,11,216.331,13.5206875,73960.73609422598,
2,6496,15327.032799,NB,8,0.05,0,0.0,6,111.186,13.89825,71951.50468584173,
2,6497,15327.189,RF,32,1.0,32,1.0,10,3009.562,94.0488125,10632.77646381766,
2,6498,15330.241759,AB,1,0.01,0,0.0,28,7901.887,7901.887,126.55205016219544,2.0
2,6499,15351.608072,DT,8,0.0,0,0.0,4,100.285,12.535625,79772.647953333,
2,6500,15351.75306,LoR,8,0.01,0,0.0,18,186.513,23.314125,42892.452536820485,
2,6501,15351.978886,RF,1,1.0,1,1.0,29,3073.272,3073.272,325.3861031499978,6.88
2,6502,15368.176073,GB,100,0.5,42,0.42,13,335.184,3.35184,298343.5963530479,
2,6503,15368.567145,MLP,64,0.01,0,0.0,29,246.918,3.85809375,259195.36040304878,
2,6504,15368.857474,NB,8,0.05,0,0.0,29,120.746,15.09325,66254.78276713101,
2,6505,15369.047715,RF,64,0.05,5,0.078125,7,3354.342,52.41159375,19079.747980378863,
2,6506,15372.444938,RF,8,0.0,0,0.0,28,3021.707,377.713375,2647.510165611689,
2,6507,15375.528147,NB,100,1.0,100,1.0,6,161.978,1.61978,617367.7906876242,
2,6508,15375.760143,AB,64,0.1,5,0.078125,6,8521.14,133.1428125,7510.732132085614,
2,6509,15384.344134,RF,8,0.1,2,0.25,8,3026.462,378.30775,2643.350552559391,
2,6510,15387.43394,NB,8,0.5,5,0.625,20,120.619,15.077375,66324.54256792048,
2,6511,15387.61786,SGD,32,0.05,3,0.09375,29,170.115,5.31609375,188108.04455809304,
2,6512,15387.825545,MLP,1,0.0,0,0.0,18,169.72,169.72,5892.057506481263,
2,6513,15388.170233,GB,100,1.0,100,1.0,5,301.931,3.01931,331201.4996803906,
2,6514,15388.524737,AB,64,0.0,0,0.0,20,8450.208,132.0345,7573.778065581344,
2,6515,15397.021622,LoR,32,0.0,0,0.0,10,158.615,4.95671875,201746.3669892507,
2,6516,15397.259839,SGD,100,0.1,8,0.08,11,166.899,1.66899,599164.76431854,
2,6517,15397.473161,MLP,16,0.01,0,0.0,7,179.565,11.2228125,89104.2240971236,
2,6518,15397.692702,SGD,8,1.0,8,1.0,12,146.723,18.340375,54524.51217600512,
2,6519,15397.882694,DT,32,1.0,32,1.0,4,88.374,2.7616875,362097.44947609026,
2,6520,15398.019063,RF,64,0.0,0,0.0,2,3264.278,51.00434375,19606.173248724528,
2,6521,15401.349749,MLP,16,0.1,1,0.0625,24,194.781,12.1738125,82143.53556044993,
2,6522,15401.58371,SGD,1,0.0,0,0.0,15,149.651,149.651,6682.213951126287,
2,6523,15401.884169,AB,1,0.1,0,0.0,9,7816.842,7816.842,127.92890018756935,2.0
2,6524,15422.624186,DT,1,0.0,0,0.0,17,88.649,88.649,11280.443095804803,16.0
2,6525,15422.894155,MLP,1,0.01,0,0.0,12,173.635,173.635,5759.207533043454,
2,6526,15423.257591,SGD,64,0.01,1,0.015625,25,164.804,2.5750625,388340.0888327953,
2,6527,15423.491117,AB,64,0.05,5,0.078125,16,8431.582,131.74346875,7590.509112050384,
2,6528,15431.968966,MLP,32,1.0,32,1.0,1,194.019,6.06309375,164932.3004448018,
2,6529,15432.204576,NB,1,0.01,0,0.0,15,104.604,104.604,9559.863867538526,
2,6530,15432.376175,DT,8,0.05,1,0.125,2,88.529,11.066125,90365.86881134995,
2,6531,15432.531092,NB,64,0.1,7,0.109375,7,132.366,2.06821875,483507.8494477433,
2,6532,15432.709588,SGD,64,1.0,64,1.0,27,164.889,2.576390625,388139.9001752694,
2,6533,15432.942224,RF,64,0.1,7,0.109375,4,3342.391,52.224859375,19147.969223229717,
2,6534,15436.348549,RF,100,0.01,0,0.0,15,3422.532,34.22532,29218.134410430637,
2,6535,15439.81777,SGD,16,0.01,0,0.0,2,168.643,10.5401875,94874.97257520324,
2,6536,15440.047392,MLP,8,0.5,5,0.625,0,181.591,22.698875,44055.0467809528,
2,6537,15440.27975,LoR,64,1.0,64,1.0,25,162.64,2.54125,393507.1323167733,
2,6538,15440.486294,RF,16,0.01,0,0.0,16,3045.292,190.33075,5254.011766359351,
2,6539,15443.615349,GB,100,0.05,5,0.05,28,313.614,3.1361399999999997,318863.31605094165,
2,6540,15443.975874,AB,32,1.0,32,1.0,5,8224.039,257.00121875,3891.032131535368,
2,6541,15452.243281,MLP,16,1.0,16,1.0,3,185.555,11.5971875,86227.80307725472,
2,6542,15452.472835,DT,8,0.01,0,0.0,20,87.543,10.942875,91383.66288566761,
2,6543,15452.629115,GB,64,0.5,36,0.5625,6,273.34,4.2709375,234140.63071632403,
2,6544,15452.967951,SGD,100,1.0,100,1.0,3,180.979,1.8097900000000002,552550.2958906834,
2,6545,15453.19194,LoR,8,0.05,0,0.0,29,149.929,18.741125,53358.58973247337,
2,6546,15453.40049,DT,8,0.1,2,0.25,8,91.815,11.476875,87131.73228775254,
2,6547,15453.539904,DT,64,0.0,0,0.0,27,89.895,1.404609375,711941.7097725124,
2,6548,15453.679211,AB,64,0.01,0,0.0,16,8327.81,130.12203125,7685.093680091165,
2,6549,15462.080357,AB,64,0.1,7,0.109375,28,8734.349,136.474203125,7327.3921158863695,
2,6550,15470.881757,DT,16,1.0,16,1.0,23,86.26,5.39125,185485.74078367723,
2,6551,15471.014429,LoR,8,0.01,0,0.0,6,175.493,21.936625,45585.86382362829,
2,6552,15471.232678,AB,8,0.05,0,0.0,15,8049.198,1006.14975,993.8878382666198,
2,6553,15479.328299,MLP,16,0.05,0,0.0,17,197.525,12.3453125,81002.40475889128,
2,6554,15479.570986,DT,16,0.01,0,0.0,10,87.232,5.452,183418.9288334556,
2,6555,15479.716663,LoR,8,0.05,1,0.125,2,150.837,18.854625,53037.38472655914,
2,6556,15479.912248,DT,1,0.01,0,0.0,6,86.555,86.555,11553.347582462018,16.0
2,6557,15480.209021,MLP,8,0.0,0,0.0,9,181.404,22.6755,44100.460849815885,
2,6558,15480.435461,LoR,32,0.0,0,0.0,18,152.038,4.7511875,210473.6973651324,
2,6559,15480.628031,AB,1,0.5,0,0.0,18,7818.518,7818.518,127.90147698067588,2.0
2,6560,15501.336497,SGD,64,0.0,0,0.0,2,171.829,2.684828125,372463.32109248143,
2,6561,15501.590046,GB,100,0.05,7,0.07,7,317.957,3.17957,314507.9366077803,
2,6562,15501.953608,LoR,32,0.0,0,0.0,6,164.708,5.147125,194283.2163586468,
2,6563,15502.168712,LoR,64,0.0,0,0.0,22,160.111,2.501734375,399722.6923821599,
2,6564,15502.410736,NB,100,0.1,8,0.08,15,157.318,1.57318,635655.1697834958,
2,6565,15502.637729,AB,1,0.01,0,0.0,9,7767.563,7767.563,128.7405071577791,2.0
2,6566,15523.292939,LoR,1,0.1,0,0.0,4,155.638,155.638,6425.16609054344,
2,6567,15523.622765,MLP,64,0.01,0,0.0,26,217.644,3.4006875,294058.18676370586,
2,6568,15523.881879,LoR,1,0.5,0,0.0,23,145.679,145.679,6864.407361390454,
2,6569,15524.215288,GB,100,0.05,7,0.07,27,304.215,3.04215,328714.88914090366,
2,6570,15524.564643,SGD,16,0.01,0,0.0,11,162.491,10.1556875,98466.99201801945,
2,6571,15524.768217,RF,1,0.1,0,0.0,9,3061.846,3061.846,326.6003580846326,9.99
2,6572,15541.302347,MLP,64,0.05,2,0.03125,25,253.457,3.960265625,252508.31501990475,
2,6573,15541.605099,LoR,32,0.01,0,0.0,5,163.374,5.1054375,195869.59981392388,
2,6574,15541.839805,AB,64,0.5,26,0.40625,1,8490.72,132.6675,7537.641095219252,
2,6575,15550.374137,LoR,16,1.0,16,1.0,8,152.448,9.528,104953.82031905961,
2,6576,15550.604528,DT,16,0.0,0,0.0,14,87.212,5.45075,183460.99160665963,
2,6577,15550.728474,AB,1,0.0,0,0.0,13,7750.556,7750.556,129.0230017046519,2.0
2,6578,15571.378975,LoR,32,0.05,1,0.03125,7,164.276,5.133625,194794.12695707224,
2,6579,15571.622643,AB,100,0.05,3,0.03,0,9007.689,90.07689,11101.6266214342,
2,6580,15580.743065,DT,100,0.05,6,0.06,1,94.861,0.9486100000000001,1054174.0019607637,
2,6581,15580.900237,SGD,32,0.5,14,0.4375,17,168.548,5.267125,189856.89536511854,
2,6582,15581.107425,AB,8,1.0,8,1.0,21,8359.907,1044.988375,956.94844452217,
2,6583,15589.531053,RF,1,1.0,1,1.0,10,3072.775,3072.775,325.4387320906998,6.97
2,6584,15605.964759,MLP,16,1.0,16,1.0,25,232.652,14.54075,68772.24352251431,
2,6585,15606.243205,GB,8,1.0,8,1.0,24,261.138,32.64225,30635.14310441223,
2,6586,15606.631738,AB,100,0.01,1,0.01,26,8814.216,88.14216,11345.308533396503,
2,6587,15615.499458,SGD,64,0.0,0,0.0,28,173.165,2.705703125,369589.697687177,
2,6588,15615.718228,GB,32,0.0,0,0.0,25,245.482,7.6713125,130355.78983387785,
2,6589,15616.006199,NB,1,0.1,0,0.0,23,112.545,112.545,8885.334754986894,
2,6590,15616.193205,AB,32,0.05,2,0.0625,23,8274.945,258.59203125,3867.0951891523146,
2,6591,15624.514246,GB,16,0.1,0,0.0,24,214.655,13.4159375,74538.21248049196,
2,6592,15624.809644,GB,100,0.1,7,0.07,22,272.713,2.7271300000000003,366685.8565598266,
2,6593,15625.161429,SGD,100,0.5,46,0.46,17,182.963,1.8296299999999999,546558.5938140498,
2,6594,15625.408516,NB,32,0.1,7,0.21875,22,122.244,3.820125,261771.53888943425,
2,6595,15625.566514,AB,1,1.0,1,1.0,2,7789.706,7789.706,128.3745496941733,2.0
2,6596,15646.193801,LoR,1,1.0,1,1.0,2,158.239,158.239,6319.554597791947,
2,6597,15646.510189,MLP,1,1.0,1,1.0,23,173.733,173.733,5755.958856406094,
2,6598,15646.829264,LoR,8,0.0,0,0.0,16,146.692,18.3365,54536.03468491806,
2,6599,15647.017174,GB,16,1.0,16,1.0,20,220.419,13.7761875,72589.023632264,
2,6600,15647.277152,SGD,1,0.0,0,0.0,1,151.03,151.03,6621.201085876978,
2,6601,15647.577097,MLP,1,0.0,0,0.0,24,163.299,163.299,6123.736213938848,
2,6602,15647.882053,NB,1,1.0,1,1.0,2,101.805,101.805,9822.700260301557,
2,6603,15648.033229,SGD,8,0.05,0,0.0,12,150.313,18.789125,53222.27618369669,
2,6604,15648.221234,DT,1,0.0,0,0.0,20,85.942,85.942,11635.754345954248,16.0
2,6605,15648.513532,GB,16,0.1,1,0.0625,25,225.186,14.074125,71052.37448153971,
2,6606,15648.817811,GB,100,0.05,7,0.07,17,282.092,2.8209199999999996,354494.27846234565,
2,6607,15649.151839,AB,64,0.0,0,0.0,2,8399.782,131.24659375,7619.245356605684,
2,6608,15657.632678,DT,100,0.01,2,0.02,9,92.92,0.9292,1076194.575979337,
2,6609,15657.806387,DT,100,0.05,3,0.03,4,92.577,0.92577,1080181.9026324034,
2,6610,15657.936838,NB,16,1.0,16,1.0,2,114.477,7.1548125,139766.06654611844,
2,6611,15658.089613,SGD,16,1.0,16,1.0,13,156.485,9.7803125,102246.22168258937,
2,6612,15658.287183,MLP,8,0.05,0,0.0,26,175.767,21.970875,45514.800844299556,
2,6613,15658.522433,SGD,8,0.5,2,0.25,24,184.647,23.080875,43325.91377060012,
2,6614,15658.747574,MLP,16,0.0,0,0.0,2,174.796,10.92475,91535.27540675989,
2,6615,15658.981856,NB,100,0.0,0,0.0,16,144.561,1.44561,691749.5036697311,
2,6616,15659.165644,GB,1,0.01,0,0.0,13,208.691,208.691,4791.773483283898,4.0
2,6617,15672.030493,AB,16,1.0,16,1.0,21,8080.917,505.0573125,1979.973312434715,
2,6618,15680.185266,MLP,64,0.05,2,0.03125,1,217.785,3.402890625,293867.8054044126,
2,6619,15680.44731,RF,16,0.01,0,0.0,21,3080.245,192.5153125,5194.392004532107,
2,6620,15683.580651,MLP,64,1.0,64,1.0,18,228.125,3.564453125,280547.94520547945,
2,6621,15683.854565,SGD,32,0.0,0,0.0,26,160.965,5.03015625,198800.98157984656,
2,6622,15684.09379,NB,100,0.5,49,0.49,21,150.971,1.50971,662378.8674646124,
2,6623,15684.31924,LoR,100,0.05,5,0.05,26,171.648,1.71648,582587.6211782253,
2,6624,15684.529833,AB,8,0.0,0,0.0,12,8034.883,1004.360375,995.6585553268169,
2,6625,15692.607359,RF,16,1.0,16,1.0,4,3034.834,189.677125,5272.117025181608,
2,6626,15695.688682,RF,16,0.01,0,0.0,19,3079.142,192.446375,5196.252722349278,
2,6627,15698.811249,RF,1,0.01,0,0.0,11,2932.2,2932.2,341.04085669463205,9.99
2,6628,15715.227949,GB,1,1.0,1,1.0,5,252.907,252.907,3954.02262491746,4.0
2,6629,15728.229318,MLP,64,0.05,3,0.046875,18,254.034,3.96928125,251934.78038372818,
2,6630,15728.527139,GB,16,1.0,16,1.0,16,235.728,14.733,67874.83879725785,
2,6631,15728.826117,SGD,16,0.1,1,0.0625,24,170.53,10.658125,93825.13340761156,
2,6632,15729.038794,GB,8,0.01,0,0.0,5,211.859,26.482375,37760.96365979259,
2,6633,15729.331685,DT,100,0.1,13,0.13,8,105.02,1.0502,952199.5810321844,
2,6634,15729.493481,GB,16,0.1,2,0.125,27,215.568,13.473,74222.51911229867,
2,6635,15729.772035,SGD,32,0.05,4,0.125,6,165.461,5.17065625,193399.0487184291,
2,6636,15729.999742,GB,32,0.01,1,0.03125,24,233.784,7.30575,136878.48612394347,
2,6637,15730.278292,SGD,32,1.0,32,1.0,24,161.488,5.0465,198157.13861091845,
2,6638,15730.486476,DT,32,0.01,0,0.0,19,96.354,3.0110625,332108.6825663698,
2,6639,15730.639944,NB,8,0.05,2,0.25,17,116.319,14.539875,68776.38219035583,
2,6640,15730.792517,RF,8,1.0,8,1.0,12,3030.99,378.87375,2639.4016476464785,
2,6641,15733.86623,MLP,8,1.0,8,1.0,11,194.014,24.25175,41234.137742637125,
2,6642,15734.120178,RF,100,1.0,100,1.0,19,3282.623,32.82623,30463.443410955202,
2,6643,15737.471271,NB,32,0.5,14,0.4375,20,132.241,4.13253125,241982.44114911408,
2,6644,15737.662079,MLP,8,0.5,1,0.125,9,184.059,23.007375,43464.32393960632,
2,6645,15737.886496,AB,1,0.05,0,0.0,12,7768.116,7768.116,128.73134232290042,2.0
2,6646,15758.429923,DT,100,1.0,100,1.0,11,100.74,1.0073999999999999,992654.3577526306,
2,6647,15758.59984,DT,32,0.1,6,0.1875,24,89.168,2.7865,358873.1383455948,
2,6648,15758.75003,LoR,32,0.01,1,0.03125,22,162.012,5.062875,197516.2333654297,
2,6649,15758.952584,MLP,8,0.05,0,0.0,25,173.831,21.728875,46021.71074204256,
2,6650,15759.170733,SGD,32,1.0,32,1.0,27,154.168,4.81775,207565.77240413055,
2,6651,15759.363727,NB,8,1.0,8,1.0,29,109.357,13.669625,73154.89634865624,
2,6652,15759.510679,LoR,8,1.0,8,1.0,17,150.473,18.809125,53165.68420912721,
2,6653,15759.724856,LoR,32,0.05,1,0.03125,20,149.386,4.6683125,214210.16695004888,
2,6654,15759.917037,SGD,32,0.0,0,0.0,29,149.494,4.6716875,214055.41359519446,
2,6655,15760.147204,NB,100,0.05,5,0.05,15,170.667,1.70667,585936.3555930555,
2,6656,15760.375269,AB,100,1.0,100,1.0,3,8756.486,87.56486000000001,11420.10619328347,
2,6657,15769.174319,GB,1,0.05,0,0.0,18,206.941,206.941,4832.2951952488875,4.0
2,6658,15781.892368,RF,64,0.01,0,0.0,23,3295.87,51.49796875,19418.241617539526,
2,6659,15785.256577,DT,32,0.5,18,0.5625,25,96.892,3.027875,330264.624530405,
2,6660,15785.394341,GB,8,0.05,0,0.0,2,218.77,27.34625,36568.085203638526,
2,6661,15785.657767,NB,32,0.0,0,0.0,28,125.952,3.936,254065.0406504065,
2,6662,15785.821533,RF,8,0.0,0,0.0,24,3030.997,378.874625,2639.395552024631,
2,6663,15788.896576,SGD,16,0.0,0,0.0,4,168.796,10.54975,94788.97604208632,
2,6664,15789.14517,AB,100,0.5,52,0.52,25,8671.559,86.71558999999999,11531.951751697707,
2,6665,15797.869931,DT,64,0.0,0,0.0,0,86.734,1.35521875,737888.2560472249,
2,6666,15798.01465,AB,8,0.5,5,0.625,11,7891.487,986.435875,1013.7506404052874,
2,6667,15805.94584,AB,1,0.0,0,0.0,2,7727.963,7727.963,129.40020546164624,2.0
2,6668,15826.852457,LoR,64,0.0,0,0.0,27,185.528,2.898875,344961.4074425424,
2,6669,15827.082155,SGD,1,0.1,0,0.0,26,151.673,151.673,6593.131275836833,
2,6670,15827.412818,DT,8,0.01,1,0.125,22,90.198,11.27475,88693.76261114438,
2,6671,15827.5477,RF,32,0.01,0,0.0,19,3236.675,101.14609375,9886.689272169742,
2,6672,15830.837767,DT,1,1.0,1,1.0,22,91.178,91.178,10967.557963543837,11.0
2,6673,15831.119564,NB,8,0.05,0,0.0,16,119.992,14.999,66671.11140742716,
2,6674,15831.316051,NB,100,0.5,49,0.49,12,147.239,1.47239,679167.8835091246,
2,6675,15831.500505,DT,16,1.0,16,1.0,14,89.528,5.5955,178715.03887052095,
2,6676,15831.663283,NB,100,0.1,13,0.13,9,144.831,1.44831,690459.9153496145,
2,6677,15831.847423,GB,8,1.0,8,1.0,27,246.236,30.7795,32489.156743936714,
2,6678,15832.153962,LoR,16,0.1,1,0.0625,18,157.473,9.8420625,101604.71953922258,
2,6679,15832.368043,DT,8,0.1,1,0.125,20,86.753,10.844125,92215.83115281316,
2,6680,15832.495745,NB,32,0.0,0,0.0,14,116.498,3.6405625,274682.8271729987,
2,6681,15832.649425,AB,16,0.0,0,0.0,24,8006.496,500.406,1998.3773176180941,
2,6682,15840.720482,LoR,32,0.5,13,0.40625,5,154.871,4.83971875,206623.5770415378,
2,6683,15840.936848,DT,32,0.5,13,0.40625,11,86.792,2.71225,368697.57581343903,
2,6684,15841.064547,RF,32,0.0,0,0.0,5,3104.836,97.026125,10306.502501259327,
2,6685,15844.209549,LoR,1,1.0,1,1.0,25,158.222,158.222,6320.233595833702,
2,6686,15844.528686,RF,16,0.0,0,0.0,17,2994.046,187.127875,5343.939271474119,
2,6687,15847.571974,NB,32,0.01,0,0.0,10,156.569,4.89278125,204382.7322139121,
2,6688,15847.799274,NB,64,0.01,1,0.015625,16,132.114,2.06428125,484430.1133869234,
2,6689,15847.972751,RF,32,1.0,32,1.0,5,3026.583,94.58071875,10572.979495358297,
2,6690,15851.043378,SGD,8,0.1,0,0.0,29,161.966,20.24575,49393.082498796044,
2,6691,15851.243933,AB,1,1.0,1,1.0,15,7654.623,7654.623,130.64000669921955,2.0
2,6692,15871.493031,SGD,8,1.0,8,1.0,22,157.792,19.724,50699.65524234435,
2,6693,15871.720965,RF,64,0.5,30,0.46875,22,3199.604,49.9938125,20002.475306319157,
2,6694,15874.964525,DT,8,0.1,0,0.0,28,92.15,11.51875,86814.9755832881,
2,6695,15875.114526,AB,8,0.05,1,0.125,9,7781.46,972.6825,1028.0847038987542,
2,6696,15882.968625,AB,64,0.1,6,0.09375,5,8195.191,128.049859375,7809.458010191586,
2,6697,15891.216035,DT,64,1.0,64,1.0,25,83.807,1.309484375,763659.3601966422,
2,6698,15891.36779,RF,64,0.05,4,0.0625,15,3156.843,49.325671875,20273.418728774286,
2,6699,15894.592327,DT,16,0.5,7,0.4375,11,93.546,5.846625,171038.84719816988,
2,6700,15894.746753,AB,32,0.5,18,0.5625,12,7950.709,248.45965625,4024.7982915737452,
2,6701,15902.762663,LoR,32,0.05,3,0.09375,18,156.017,4.87553125,205105.85384926002,
2,6702,15902.957371,MLP,8,0.0,0,0.0,4,181.561,22.695125,44062.32616035382,
2,6703,15903.196853,MLP,8,0.5,4,0.5,13,166.528,20.816,48039.96925441968,
2,6704,15903.431171,LoR,64,0.5,35,0.546875,26,153.081,2.391890625,418079.3174855142,
2,6705,15903.625845,SGD,16,0.01,0,0.0,12,144.153,9.0095625,110993.18085645114,
2,6706,15903.809028,GB,1,0.5,0,0.0,12,229.428,229.428,4358.665899541468,4.0
2,6707,15916.549101,GB,16,0.0,0,0.0,19,222.235,13.8896875,71995.86023803632,
2,6708,15916.812696,NB,16,0.0,0,0.0,0,183.529,11.4705625,87179.6827749293,
2,6709,15917.068632,SGD,32,0.01,0,0.0,12,158.29,4.9465625,202160.59131972963,
2,6710,15917.263889,RF,1,0.0,0,0.0,3,3074.328,3074.328,325.27433637529896,10.46
2,6711,15933.006872,GB,64,0.0,0,0.0,25,248.332,3.8801875,257719.50453425254,
2,6712,15933.294096,RF,1,0.0,0,0.0,22,2951.848,2951.848,338.77083101839935,12.32
2,6713,15948.815631,DT,8,0.05,1,0.125,25,88.131,11.016375,90773.96148914684,
2,6714,15948.941554,AB,1,0.05,0,0.0,23,7674.905,7674.905,130.29477237829002,2.0
2,6715,15969.030704,AB,8,0.01,0,0.0,19,7777.877,972.234625,1028.5583071061678,
2,6716,15976.851336,NB,8,0.01,0,0.0,9,109.353,13.669125,73157.57226596435,
2,6717,15977.003414,DT,1,0.01,0,0.0,20,82.69,82.69,12093.360744951022,16.0
2,6718,15977.288829,NB,16,0.05,2,0.125,16,114.07,7.129375,140264.74971508724,
2,6719,15977.443053,DT,16,0.01,0,0.0,28,86.332,5.39575,185331.0475837465,
2,6720,15977.588582,GB,32,0.5,19,0.59375,15,237.617,7.42553125,134670.49916462207,
2,6721,15977.888346,AB,100,0.01,0,0.0,14,8517.857,85.17857,11740.042125619155,
2,6722,15986.456959,RF,64,0.0,0,0.0,29,3170.099,49.532796875,20188.64395086715,
2,6723,15989.707911,NB,100,0.1,12,0.12,4,157.356,1.5735599999999998,635501.6650143623,
2,6724,15989.940605,LoR,100,0.5,39,0.39,7,207.989,2.0798900000000002,480794.65740976686,
2,6725,15990.223839,RF,100,0.05,4,0.04,6,3385.44,33.8544,29538.25795169904,
2,6726,15993.688205,GB,100,0.1,20,0.2,4,295.394,2.9539400000000002,338530.91125750693,
2,6727,15994.071617,GB,100,0.5,41,0.41,5,292.184,2.9218400000000004,342250.0889850231,
2,6728,15994.416599,AB,64,0.01,0,0.0,4,8270.581,129.227828125,7738.271349981337,
2,6729,16002.753318,AB,32,0.05,1,0.03125,24,7958.348,248.698375,4020.9349980674383,
2,6730,16010.777592,LoR,32,0.1,4,0.125,23,156.912,4.9035,203935.96410727032,
2,6731,16010.983855,DT,64,1.0,64,1.0,24,88.12,1.376875,726282.3422605537,
2,6732,16011.146442,RF,100,0.01,1,0.01,22,3405.017,34.05017,29368.42899756448,
2,6733,16014.682656,NB,100,0.05,9,0.09,21,152.571,1.52571,655432.5527131631,
2,6734,16014.905426,RF,64,0.5,33,0.515625,3,3353.967,52.405734375,19081.881246893605,
2,6735,16018.311119,SGD,64,0.0,0,0.0,20,177.832,2.778625,359890.233478789,
2,6736,16018.557717,RF,32,0.0,0,0.0,27,3086.023,96.43821875,10369.332957012957,
2,6737,16021.686944,SGD,16,0.0,0,0.0,6,165.231,10.3269375,96834.12918883261,
2,6738,16021.893398,AB,16,1.0,16,1.0,7,7876.109,492.2568125,2031.4599505923545,
2,6739,16029.821198,DT,64,0.0,0,0.0,23,85.396,1.3343125,749449.6229331584,
2,6740,16029.962857,SGD,100,0.0,0,0.0,4,167.691,1.6769100000000001,596334.9255475845,
2,6741,16030.171092,NB,1,0.5,0,0.0,19,99.407,99.407,10059.653746718039,
2,6742,16030.354647,NB,100,0.5,50,0.5,10,139.578,1.39578,716445.2850735789,
2,6743,16030.532764,RF,8,0.05,0,0.0,21,2988.707,373.588375,2676.7428188845547,
2,6744,16033.5676,NB,32,0.0,0,0.0,15,126.654,3.9579375,252656.8446318316,
2,6745,16033.756914,RF,32,0.1,6,0.1875,26,3135.237,97.97615625,10206.56492635166,
2,6746,16036.932434,DT,1,1.0,1,1.0,8,93.076,93.076,10743.908204048304,11.0
2,6747,16037.223527,GB,1,0.05,0,0.0,11,217.114,217.114,4605.875254474608,4.0
2,6748,16049.917619,LoR,100,0.5,48,0.48,17,176.951,1.76951,565128.1993320185,
2,6749,16050.134601,NB,16,0.0,0,0.0,22,113.098,7.068625,141470.22935860936,
2,6750,16050.32156,SGD,100,0.1,11,0.11,4,169.85,1.6985,588754.783632617,
2,6751,16050.56914,RF,100,0.1,8,0.08,14,3387.211,33.87211,29522.813902056885,
2,6752,16054.022984,RF,32,0.1,3,0.09375,22,3043.197,95.09990625,10515.257474294303,
2,6753,16057.133289,NB,32,0.5,11,0.34375,22,128.778,4.0243125,248489.64885306498,
2,6754,16057.304543,MLP,32,0.0,0,0.0,17,209.602,6.5500625,152670.2989475291,
2,6755,16057.553351,GB,8,1.0,8,1.0,25,219.489,27.436125,36448.29581436883,
2,6756,16057.813051,RF,8,1.0,8,1.0,11,2889.645,361.205625,2768.5061659823264,
2,6757,16060.783248,RF,100,0.1,11,0.11,5,3294.228,32.942280000000004,30356.125926924306,
2,6758,16064.157593,MLP,100,0.5,58,0.58,28,249.266,2.49266,401177.8581916507,
2,6759,16064.466306,DT,8,0.1,2,0.25,22,91.501,11.437625,87430.73846187473,
2,6760,16064.5951,DT,8,0.0,0,0.0,17,85.313,10.664125,93772.34419138935,
2,6761,16064.745487,LoR,64,0.05,4,0.0625,28,162.438,2.53809375,393996.47865647206,
2,6762,16064.946358,NB,1,0.5,1,1.0,20,100.34,100.34,9966.115208291807,
2,6763,16065.092647,GB,1,0.1,1,1.0,21,202.229,202.229,4944.889209757255,4.0
2,6764,16077.533411,MLP,1,0.5,0,0.0,21,169.572,169.572,5897.20000943552,
2,6765,16077.878526,LoR,8,0.1,1,0.125,28,148.498,18.56225,53872.779431372815,
2,6766,16078.064571,DT,8,0.0,0,0.0,11,86.085,10.760625,92931.40500667944,
2,6767,16078.216593,DT,64,0.5,28,0.4375,22,88.727,1.386359375,721313.6925625795,
2,6768,16078.33979,AB,1,0.0,0,0.0,3,7568.293,7568.293,132.13019104836454,2.0
2,6769,16098.38937,AB,64,0.5,27,0.421875,0,8169.231,127.644234375,7834.274731611825,
2,6770,16106.607952,DT,32,0.0,0,0.0,10,82.945,2.59203125,385797.8178310929,
2,6771,16106.730561,RF,16,1.0,16,1.0,3,2915.148,182.19675,5488.572106802124,
2,6772,16109.718082,RF,64,0.5,32,0.5,27,3232.04,50.500625,19801.73512704051,
2,6773,16112.99303,MLP,1,0.05,0,0.0,17,175.453,175.453,5699.532068417183,
2,6774,16113.351277,GB,1,0.0,0,0.0,10,207.449,207.449,4820.461896658938,4.0
2,6775,16126.136446,NB,8,1.0,8,1.0,12,150.25,18.78125,53244.59234608985,
2,6776,16126.345261,AB,16,0.1,4,0.25,26,7969.844,498.11525,2007.5675257884595,
2,6777,16134.376724,SGD,100,0.01,0,0.0,5,168.887,1.68887,592111.8854618769,
2,6778,16134.593512,NB,16,0.01,0,0.0,28,110.268,6.89175,145101.02658976312,
2,6779,16134.743085,DT,8,0.01,0,0.0,7,85.767,10.720875,93275.96861263657,
2,6780,16134.867747,RF,16,1.0,16,1.0,20,3018.354,188.647125,5300.902412374427,
2,6781,16137.959313,SGD,64,0.05,2,0.03125,23,175.734,2.74584375,364186.78229597,
2,6782,16138.174319,NB,8,0.0,0,0.0,7,144.533,18.066625,55350.681159320025,
2,6783,16138.367311,AB,64,1.0,64,1.0,25,8219.838,128.43496875,7786.041525392593,
2,6784,16146.667785,GB,100,0.01,2,0.02,24,274.37,2.7437,364471.334329555,
2,6785,16146.983749,AB,1,0.5,1,1.0,24,7573.729,7573.729,132.03535537117844,2.0
2,6786,16167.241326,GB,1,0.05,0,0.0,2,210.057,210.057,4760.612595628806,4.0
2,6787,16180.338334,RF,64,0.5,30,0.46875,26,3429.232,53.58175,18663.07091500371,
2,6788,16183.836538,LoR,16,0.1,1,0.0625,2,186.442,11.652625,85817.57329357119,
2,6789,16184.062164,MLP,8,0.0,0,0.0,6,188.506,23.56325,42438.9674599217,
2,6790,16184.289878,AB,8,0.0,0,0.0,4,8344.907,1043.113375,958.6685627533058,
2,6791,16192.728942,AB,64,1.0,64,1.0,26,8324.325,130.067578125,7688.311064260465,
2,6792,16201.112155,GB,32,0.01,0,0.0,17,264.678,8.2711875,120901.62385993547,
2,6793,16201.440181,GB,100,0.0,0,0.0,7,280.88,2.8087999999999997,356023.92480774707,
2,6794,16201.761727,RF,8,1.0,8,1.0,27,3088.264,386.033,2590.4521116070387,
2,6795,16204.931068,LoR,100,0.05,4,0.04,17,198.307,1.9830699999999999,504268.6339866974,
2,6796,16205.179378,RF,64,0.0,0,0.0,12,3247.968,50.7495,19704.62763179933,
2,6797,16208.470861,SGD,16,1.0,16,1.0,10,168.84,10.5525,94764.27386875148,
2,6798,16208.690292,RF,64,1.0,64,1.0,6,3181.618,49.71278125,20115.551269825606,
2,6799,16211.913655,RF,8,0.0,0,0.0,25,3040.917,380.114625,2630.785384803334,
2,6800,16215.000327,GB,16,0.01,0,0.0,10,240.566,15.035375,66509.81435448068,
2,6801,16215.289306,RF,32,0.05,0,0.0,3,3177.079,99.28371875,10072.144885286138,
2,6802,16218.509885,NB,16,1.0,16,1.0,14,180.98,11.31125,88407.55884628136,
2,6803,16218.781514,RF,100,0.05,5,0.05,0,3309.013,33.09013,30220.49172970913,
2,6804,16222.13368,AB,16,1.0,16,1.0,0,8007.798,500.487375,1998.0523984246356,
2,6805,16230.182455,MLP,8,0.0,0,0.0,20,191.795,23.974375,41711.20206470451,
2,6806,16230.415011,DT,8,1.0,8,1.0,12,88.194,11.02425,90709.11853414064,
2,6807,16230.551204,RF,64,1.0,64,1.0,16,3162.793,49.418640625,20235.279387553976,
2,6808,16233.757311,SGD,16,1.0,16,1.0,19,167.003,10.4376875,95806.66215576966,
2,6809,16233.968433,DT,16,0.01,0,0.0,3,89.75,5.609375,178272.98050139277,
2,6810,16234.10039,LoR,1,0.05,0,0.0,7,148.139,148.139,6750.416838239761,
2,6811,16234.402101,DT,8,1.0,8,1.0,8,85.615,10.701875,93441.56981837295,
2,6812,16234.5469,SGD,16,0.1,2,0.125,6,187.23,11.701875,85456.39053570475,
2,6813,16234.789944,MLP,100,0.0,0,0.0,24,255.523,2.55523,391354.20294846257,
2,6814,16235.089034,LoR,16,0.05,0,0.0,15,147.113,9.1945625,108759.93284074147,
2,6815,16235.2815,AB,32,0.01,0,0.0,9,8317.797,259.93115625,3847.1725145492246,
2,6816,16243.721723,MLP,1,0.05,0,0.0,27,260.194,260.194,3843.286163401154,
2,6817,16244.148336,RF,1,0.1,0,0.0,11,3234.019,3234.019,309.21277827990497,9.99
2,6818,16261.042829,GB,1,0.1,0,0.0,2,285.629,285.629,3501.045061950992,4.0
2,6819,16274.359838,LoR,64,0.01,0,0.0,16,210.555,3.289921875,303958.5856427062,
2,6820,16274.631707,GB,8,0.1,0,0.0,28,245.175,30.646875,32629.754257163248,
2,6821,16274.917008,AB,1,1.0,1,1.0,11,7920.658,7920.658,126.25213713305132,2.0
2,6822,16296.620236,LoR,32,1.0,32,1.0,1,201.209,6.28778125,159038.6115929208,
2,6823,16296.889254,LoR,100,0.0,0,0.0,22,175.999,1.75999,568185.0465059461,
2,6824,16297.170891,LoR,100,0.05,3,0.03,2,171.613,1.71613,582706.438323437,
2,6825,16297.414816,RF,64,0.05,2,0.03125,20,3436.176,53.69025,18625.35562788402,
2,6826,16300.894191,LoR,1,0.01,0,0.0,2,158.517,158.517,6308.471646574185,
2,6827,16301.254835,DT,100,0.01,2,0.02,20,98.591,0.98591,1014291.365337607,
2,6828,16301.392819,MLP,8,0.05,0,0.0,13,191.567,23.945875,41760.84607474147,
2,6829,16301.625011,GB,1,0.5,0,0.0,20,242.551,242.551,4122.844267803473,4.0
2,6830,16314.397448,RF,32,0.0,0,0.0,3,3228.744,100.89825,9910.974670026486,
2,6831,16317.669876,MLP,16,0.0,0,0.0,18,197.839,12.3649375,80873.84186131148,
2,6832,16317.974891,GB,32,0.05,4,0.125,12,259.786,8.1183125,123178.30829990839,
2,6833,16318.279754,NB,32,0.0,0,0.0,16,131.528,4.11025,243294.20351560126,
2,6834,16318.466004,LoR,100,1.0,100,1.0,23,214.039,2.14039,467204.57486719714,
2,6835,16318.738768,NB,8,0.5,4,0.5,0,122.929,15.366125,65078.21588071163,
2,6836,16318.91483,AB,100,1.0,100,1.0,2,8684.674,86.84674000000001,11514.536987801728,
2,6837,16327.646748,GB,32,0.01,0,0.0,5,227.485,7.10890625,140668.61551311074,
2,6838,16327.919633,NB,32,1.0,32,1.0,19,122.077,3.81490625,262129.63948983018,
2,6839,16328.115796,RF,100,0.1,11,0.11,4,3434.921,34.34921,29112.75106472609,
2,6840,16331.624955,AB,100,0.0,0,0.0,10,8796.157,87.96157,11368.601083404947,
2,6841,16340.485699,DT,16,0.5,10,0.625,25,85.031,5.3144375,188166.66862673612,
2,6842,16340.629434,DT,16,0.5,7,0.4375,1,83.284,5.20525,192113.7313289467,
2,6843,16340.74825,MLP,1,0.0,0,0.0,13,175.38,175.38,5701.9044360816515,
2,6844,16341.117411,GB,100,0.05,4,0.04,18,281.222,2.81222,355590.9566107915,
2,6845,16341.450688,DT,64,0.0,0,0.0,8,98.618,1.54090625,648968.7480987244,
2,6846,16341.592929,NB,32,1.0,32,1.0,1,125.192,3.91225,255607.38705348587,
2,6847,16341.789292,DT,64,0.5,32,0.5,26,95.854,1.49771875,667682.099860204,
2,6848,16341.941791,MLP,16,0.5,8,0.5,9,187.935,11.7459375,85135.81823502807,
2,6849,16342.173811,LoR,16,1.0,16,1.0,27,152.11,9.506875,105187.03569785022,
2,6850,16342.403572,NB,100,0.1,6,0.06,27,147.703,1.47703,677034.3188696235,
2,6851,16342.663232,DT,100,0.05,5,0.05,3,100.072,1.00072,999280.5180270205,
2,6852,16342.829224,DT,64,0.5,31,0.484375,10,92.663,1.447859375,690674.8108738116,
2,6853,16342.958651,NB,1,0.1,0,0.0,9,102.776,102.776,9729.898030668639,
2,6854,16343.111399,DT,16,0.01,0,0.0,9,88.253,5.5158125,181296.95307808233,
2,6855,16343.237253,MLP,1,0.05,1,1.0,9,167.555,167.555,5968.189549700098,
2,6856,16343.555569,GB,1,1.0,1,1.0,14,207.035,207.035,4830.101190619944,4.0
2,6857,16356.879892,SGD,1,0.1,0,0.0,13,188.377,188.377,5308.503692064318,
2,6858,16357.238284,MLP,16,1.0,16,1.0,13,200.377,12.5235625,79849.4837231818,
2,6859,16357.482882,SGD,8,0.1,0,0.0,20,150.503,18.812875,53155.08660956925,
2,6860,16357.688052,AB,64,1.0,64,1.0,22,8586.177,134.159015625,7453.841214780455,
2,6861,16366.320474,DT,32,1.0,32,1.0,7,84.855,2.65171875,377113.9001826645,
2,6862,16366.468615,GB,32,0.05,2,0.0625,11,296.373,9.26165625,107972.0487358835,
2,6863,16366.807291,NB,1,0.01,0,0.0,29,113.015,113.015,8848.382958014423,
2,6864,16367.008055,NB,100,0.01,1,0.01,25,151.781,1.51781,658843.9923310559,
2,6865,16367.234044,SGD,100,0.1,6,0.06,22,177.602,1.77602,563056.722334208,
2,6866,16367.468494,GB,8,0.1,2,0.25,9,225.662,28.20775,35451.25009970664,
2,6867,16367.752308,LoR,8,0.5,5,0.625,22,159.888,19.986,50035.02451716201,
2,6868,16367.970444,AB,16,0.1,2,0.125,27,8192.221,512.0138125,1953.0723109154405,
2,6869,16376.20586,GB,16,0.0,0,0.0,23,213.103,13.3189375,75081.06408638076,
2,6870,16376.461263,AB,1,0.5,0,0.0,9,7908.768,7908.768,126.44194392856132,2.0
2,6871,16397.269933,MLP,32,0.1,4,0.125,4,212.817,6.65053125,150363.92769374626,
2,6872,16397.562798,SGD,100,0.1,12,0.12,12,172.812,1.72812,578663.5187371247,
2,6873,16397.805489,NB,64,0.5,35,0.546875,5,134.51,2.10171875,475801.05568359233,
2,6874,16398.014555,RF,100,0.01,2,0.02,7,3580.574,35.80574,27928.482975076062,
2,6875,16401.659274,GB,16,0.5,8,0.5,4,242.701,15.1688125,65924.73867021562,
2,6876,16401.944681,NB,1,0.05,0,0.0,4,108.806,108.806,9190.669632189401,
2,6877,16402.123266,RF,100,1.0,100,1.0,16,3329.619,33.29619,30033.466291488603,
2,6878,16405.51637,NB,8,0.5,5,0.625,27,120.473,15.059125,66404.9206046168,
2,6879,16405.714174,NB,100,0.5,44,0.44,11,149.976,1.49976,666773.3504027311,
2,6880,16405.905903,RF,32,0.0,0,0.0,26,3146.089,98.31528125,10171.358788642025,
2,6881,16409.092638,RF,1,1.0,1,1.0,17,2950.467,2950.467,338.9293966006059,8.27
2,6882,16425.161703,AB,64,1.0,64,1.0,23,8447.717,131.995578125,7576.011364964048,
2,6883,16433.657132,DT,32,0.0,0,0.0,7,85.275,2.66484375,375256.5230137789,
2,6884,16433.802186,SGD,100,0.01,0,0.0,2,174.985,1.7498500000000001,571477.5552190187,
2,6885,16434.02466,NB,32,0.01,0,0.0,19,120.312,3.75975,265975.1313252211,
2,6886,16434.200517,AB,100,0.0,0,0.0,16,8753.484,87.53484,11424.022709129302,
2,6887,16443.028621,AB,64,0.05,4,0.0625,13,8420.764,131.5744375,7600.260498928602,
2,6888,16451.491532,DT,8,1.0,8,1.0,24,80.396,10.0495,99507.43818100404,
2,6889,16451.64987,LoR,100,0.1,9,0.09,6,173.378,1.7337799999999999,576774.4465849185,
2,6890,16451.876292,SGD,64,0.01,0,0.0,0,157.24,2.456875,407021.11422030017,
2,6891,16452.07704,AB,32,1.0,32,1.0,24,8138.922,254.3413125,3931.724619058888,
2,6892,16460.258378,MLP,1,0.5,0,0.0,27,171.002,171.002,5847.8848200605835,
2,6893,16460.622707,MLP,100,0.05,12,0.12,8,236.956,2.36956,422019.27784061176,
2,6894,16460.899663,AB,8,0.0,0,0.0,7,8109.918,1013.73975,986.4464720851679,
2,6895,16469.082587,NB,16,1.0,16,1.0,23,172.881,10.8050625,92549.21015033462,
2,6896,16469.335641,LoR,1,0.1,0,0.0,8,168.724,168.724,5926.839098172163,
2,6897,16469.702741,DT,100,0.0,0,0.0,17,117.495,1.17495,851100.0468105025,
2,6898,16469.885935,LoR,1,0.0,0,0.0,0,151.257,151.257,6611.264272066747,
2,6899,16470.200594,DT,64,0.0,0,0.0,22,96.216,1.503375,665170.0340899642,
2,6900,16470.357712,DT,100,0.0,0,0.0,6,95.089,0.95089,1051646.352364627,
2,6901,16470.524038,LoR,64,0.5,33,0.515625,21,182.741,2.855328125,350222.44597545156,
2,6902,16470.761093,MLP,64,1.0,64,1.0,14,240.58,3.7590625,266023.7758749688,
2,6903,16471.042501,RF,1,0.0,0,0.0,7,3154.231,3154.231,317.03448479201427,9.99
2,6904,16487.310738,AB,100,0.5,51,0.51,19,8795.365,87.95365,11369.624796696897,
2,6905,16496.189594,MLP,100,0.05,2,0.02,13,257.269,2.57269,388698.21082213556,
2,6906,16496.492805,GB,32,0.0,0,0.0,7,278.425,8.70078125,114932.20795546376,
2,6907,16496.814337,RF,16,1.0,16,1.0,14,3093.334,193.333375,5172.4126783593365,
2,6908,16499.974803,NB,16,0.5,9,0.5625,19,130.565,8.1603125,122544.32658063034,
2,6909,16500.145524,SGD,1,0.5,0,0.0,27,162.332,162.332,6160.214868294606,
2,6910,16500.496472,AB,64,0.1,4,0.0625,17,8448.78,132.0121875,7575.058174079571,
2,6911,16508.989186,AB,16,0.0,0,0.0,15,8047.813,502.9883125,1988.1177656588193,
2,6912,16517.083829,AB,32,1.0,32,1.0,7,8206.276,256.446125,3899.454515056525,
2,6913,16525.352664,DT,8,0.5,5,0.625,17,82.283,10.285375,97225.4293110363,
2,6914,16525.511574,NB,100,0.05,4,0.04,25,149.964,1.49964,666826.7050758849,
2,6915,16525.718033,GB,8,0.5,4,0.5,2,239.674,29.95925,33378.6726970802,
2,6916,16526.00777,NB,64,0.0,0,0.0,4,135.171,2.112046875,473474.3399101879,
2,6917,16526.187912,SGD,16,0.05,0,0.0,15,158.808,9.9255,100750.59190972747,
2,6918,16526.386347,AB,1,0.1,0,0.0,21,8214.734,8214.734,121.73248701662159,2.0
2,6919,16547.585004,DT,1,1.0,1,1.0,25,89.321,89.321,11195.575508559017,11.0
2,6920,16547.88023,SGD,16,0.1,3,0.1875,20,174.481,10.9050625,91700.52899742666,
2,6921,16548.09693,MLP,8,0.1,0,0.0,1,189.479,23.684875,42221.03768755376,
2,6922,16548.368718,SGD,100,0.1,17,0.17,29,169.892,1.69892,588609.2341016646,
2,6923,16548.599466,RF,16,0.05,1,0.0625,4,3158.979,197.4361875,5064.9276237670465,
2,6924,16551.812808,GB,64,1.0,64,1.0,1,301.414,4.70959375,212332.53929810826,
2,6925,16552.197627,SGD,100,0.01,4,0.04,19,182.484,1.82484,547993.2487231757,
2,6926,16552.421314,DT,16,1.0,16,1.0,1,95.286,5.955375,167915.53848414248,
2,6927,16552.559131,NB,16,0.01,0,0.0,6,120.841,7.5525625,132405.39220959775,
2,6928,16552.747321,SGD,64,0.1,7,0.109375,17,166.615,2.603359375,384119.0769138433,
2,6929,16552.977149,DT,32,0.05,1,0.03125,0,91.101,2.84690625,351258.4933206002,
2,6930,16553.108749,DT,16,0.01,0,0.0,29,85.762,5.360125,186562.81336722558,
2,6931,16553.231822,LoR,1,0.05,0,0.0,23,149.765,149.765,6677.127499749608,
2,6932,16553.536292,LoR,1,0.1,0,0.0,23,142.456,142.456,7019.71134946931,
2,6933,16553.82655,LoR,8,0.0,0,0.0,2,144.213,18.026625,55473.50100199012,
2,6934,16554.020719,MLP,64,1.0,64,1.0,1,213.972,3.3433125,299104.55573626456,
2,6935,16554.285576,NB,64,1.0,64,1.0,6,132.992,2.078,481231.95380173245,
2,6936,16554.495067,LoR,100,0.05,6,0.06,4,207.698,2.0769800000000003,481468.285684022,
2,6937,16554.743907,AB,8,0.01,0,0.0,16,8055.09,1006.88625,993.1608461233828,
2,6938,16562.881214,GB,100,0.01,2,0.02,26,288.915,2.8891500000000003,346122.56199920387,
2,6939,16563.213404,AB,16,1.0,16,1.0,10,8092.042,505.752625,1977.2512302827888,
2,6940,16571.348492,GB,1,0.01,0,0.0,9,198.912,198.912,5027.348777348777,4.0
2,6941,16584.73538,AB,16,0.0,0,0.0,6,8538.906,533.681625,1873.776336219183,
2,6942,16593.335068,AB,1,1.0,1,1.0,22,8270.474,8270.474,120.91205413377757,2.0
2,6943,16614.536194,NB,100,0.5,53,0.53,22,207.812,2.07812,481204.16530325485,
2,6944,16614.822866,AB,100,0.1,6,0.06,13,8879.738,88.79737999999999,11261.593528998266,
2,6945,16623.768498,DT,16,0.05,1,0.0625,5,85.278,5.329875,187621.6609207533,
2,6946,16623.912081,AB,8,0.1,1,0.125,13,8048.502,1006.06275,993.9737854323698,
2,6947,16632.027518,SGD,32,0.1,2,0.0625,11,178.604,5.581375,179167.31988085373,
2,6948,16632.24743,RF,1,0.05,0,0.0,11,3046.678,3046.678,328.22635014268,10.12
2,6949,16648.370765,DT,16,0.05,2,0.125,1,92.24,5.765,173460.53772766696,
2,6950,16648.525376,SGD,32,0.05,2,0.0625,5,168.836,5.276125,189533.03797768248,
2,6951,16648.738062,RF,32,1.0,32,1.0,15,3132.498,97.8905625,10215.489363440935,
2,6952,16651.917985,AB,16,0.01,0,0.0,28,8122.417,507.6510625,1969.857001924427,
2,6953,16660.124967,RF,100,0.1,11,0.11,11,3422.607,34.22607,29217.494149927235,
2,6954,16663.630808,RF,100,0.01,1,0.01,24,3364.39,33.6439,29723.07015536249,
2,6955,16667.036163,RF,1,1.0,1,1.0,28,2913.923,2913.923,343.1799673498579,7.88
2,6956,16682.894713,LoR,32,0.0,0,0.0,20,168.019,5.25059375,190454.65096209355,
2,6957,16683.11988,AB,64,0.01,0,0.0,22,8402.186,131.28415625,7617.065368464826,
2,6958,16691.603363,DT,100,0.05,5,0.05,14,92.768,0.9276800000000001,1077957.916522939,
2,6959,16691.734714,AB,1,0.01,0,0.0,27,7766.932,7766.932,128.75096627600192,2.0
2,6960,16712.730372,NB,16,0.1,2,0.125,0,140.062,8.753875,114235.12444488869,
2,6961,16712.968867,LoR,64,0.5,32,0.5,16,189.945,2.967890625,336939.6404222275,
2,6962,16713.228862,GB,64,0.05,2,0.03125,13,304.053,4.750828125,210489.61858623332,
2,6963,16713.605573,SGD,64,0.01,1,0.015625,21,175.148,2.7366875,365405.2572681389,
2,6964,16713.839261,DT,8,0.05,1,0.125,20,122.072,15.259,65535.09404285995,
2,6965,16713.996732,DT,1,0.0,0,0.0,11,83.968,83.968,11909.298780487805,16.0
2,6966,16714.293936,RF,32,0.5,13,0.40625,29,3233.566,101.0489375,9896.19509853827,
2,6967,16717.592028,LoR,8,0.05,1,0.125,12,167.257,20.907125,47830.58407121974,
2,6968,16717.840863,AB,100,0.1,11,0.11,26,8868.191,88.68191,11276.256905156868,
2,6969,16726.776973,NB,32,0.1,6,0.1875,20,125.191,3.91221875,255609.4287928046,
2,6970,16726.959796,MLP,8,0.05,1,0.125,16,195.5,24.4375,40920.71611253197,
2,6971,16727.196011,NB,1,0.5,0,0.0,24,102.027,102.027,9801.327099689297,
2,6972,16727.369463,DT,32,0.05,2,0.0625,4,91.526,2.8601875,349627.42827174795,
2,6973,16727.517237,LoR,100,1.0,100,1.0,6,172.78,1.7278,578770.6910522052,
2,6974,16727.729516,RF,1,0.5,0,0.0,28,3013.231,3013.231,331.8696774326296,9.99
2,6975,16743.622586,GB,32,1.0,32,1.0,25,260.464,8.1395,122857.66939001167,
2,6976,16743.962273,LoR,100,0.05,5,0.05,6,179.833,1.79833,556071.4663048495,
2,6977,16744.182987,SGD,16,0.0,0,0.0,25,155.764,9.73525,102719.4987288462,
2,6978,16744.385213,NB,32,0.05,0,0.0,22,120.934,3.7791875,264607.14108522004,
2,6979,16744.545378,SGD,16,0.0,0,0.0,29,153.535,9.5959375,104210.76627479076,
2,6980,16744.774891,DT,100,0.1,7,0.07,16,98.463,0.9846299999999999,1015609.9245401827,
2,6981,16744.933332,AB,32,0.5,15,0.46875,15,8173.06,255.408125,3915.3022246257824,
2,6982,16753.150661,MLP,8,0.05,0,0.0,10,182.275,22.784375,43889.72706075984,
2,6983,16753.395031,DT,16,0.5,8,0.5,24,87.739,5.4836875,182359.04215913106,
2,6984,16753.52197,SGD,8,0.01,0,0.0,1,150.77,18.84625,53060.953770644024,
2,6985,16753.718011,MLP,32,0.01,0,0.0,12,186.78,5.836875,171324.55294999466,
2,6986,16753.945266,DT,1,0.1,0,0.0,27,88.64,88.64,11281.58844765343,16.0
2,6987,16754.225081,SGD,32,0.0,0,0.0,6,160.299,5.00934375,199626.94714252738,
2,6988,16754.459802,GB,64,0.1,7,0.109375,17,269.955,4.218046875,237076.54979533626,
2,6989,16754.77262,DT,1,0.1,0,0.0,3,90.491,90.491,11050.822733752528,13.0
2,6990,16755.072277,DT,16,0.5,7,0.4375,19,91.728,5.733,174428.7458573173,
2,6991,16755.203182,RF,1,0.1,0,0.0,28,2927.904,2927.904,341.5412527186684,9.99
2,6992,16771.042758,GB,100,1.0,100,1.0,29,287.265,2.8726499999999997,348110.6295580736,
2,6993,16771.392874,RF,8,0.1,1,0.125,25,2951.542,368.94275,2710.4476236489268,
2,6994,16774.411762,GB,32,0.5,18,0.5625,0,290.57,9.0803125,110128.36837939222,
2,6995,16774.775677,LoR,64,0.05,3,0.046875,24,172.679,2.698109375,370629.8970922926,
2,6996,16775.008558,GB,16,0.5,7,0.4375,16,225.6,14.1,70921.98581560283,
2,6997,16775.293268,AB,100,0.0,0,0.0,27,8722.489,87.22489,11464.61749622155,
2,6998,16784.078473,RF,8,0.1,1,0.125,18,3062.893,382.861625,2611.9097206464608,
2,6999,16787.186585,DT,8,0.1,0,0.0,1,93.572,11.6965,85495.66109519942,
2,7000,16787.318129,AB,1,1.0,1,1.0,4,7801.016,7801.016,128.18843084029055,2.0
2,7001,16807.876366,LoR,8,0.0,0,0.0,9,161.114,20.13925,49654.28206114925,
2,7002,16808.088236,NB,64,0.0,0,0.0,16,135.639,2.119359375,471840.69478542305,
2,7003,16808.262101,NB,8,1.0,8,1.0,27,106.384,13.298,75199.27808693037,
2,7004,16808.405614,GB,8,0.0,0,0.0,17,218.684,27.3355,36582.46602403468,
2,7005,16808.665385,RF,1,0.5,1,1.0,5,2920.08,2920.08,342.4563710583272,7.88
2,7006,16824.613967,AB,64,0.1,14,0.21875,20,8408.426,131.38165625,7611.412647265969,
2,7007,16833.095497,MLP,64,0.1,3,0.046875,5,219.981,3.437203125,290934.21704601764,
2,7008,16833.395196,MLP,100,0.01,0,0.0,26,225.136,2.25136,444175.96475019545,
2,7009,16833.661346,LoR,1,0.01,0,0.0,5,143.03,143.03,6991.54023631406,
2,7010,16833.998111,RF,100,0.5,53,0.53,29,3375.027,33.75027,29629.392594488872,
2,7011,16837.4264,GB,64,1.0,64,1.0,19,270.512,4.22675,236588.39533920863,
2,7012,16837.738326,RF,8,0.0,0,0.0,13,3088.808,386.101,2589.9958819065478,
2,7013,16840.90154,MLP,64,0.5,25,0.390625,13,223.788,3.4966875,285984.950042004,
2,7014,16841.195544,NB,64,0.01,2,0.03125,5,136.324,2.1300625,469469.79255303537,
2,7015,16841.370214,GB,16,1.0,16,1.0,26,228.001,14.2500625,70175.13081082978,
2,7016,16841.638807,RF,16,1.0,16,1.0,18,2963.204,185.20025,5399.560745733334,
2,7017,16844.645055,DT,16,1.0,16,1.0,27,93.219,5.8261875,171638.82899408918,
2,7018,16844.778476,MLP,16,1.0,16,1.0,21,187.636,11.72725,85271.48308426955,
2,7019,16845.027637,LoR,16,0.05,1,0.0625,16,152.793,9.5495625,104716.8391222111,
2,7020,16845.222355,MLP,16,0.01,0,0.0,29,172.25,10.765625,92888.24383164005,
2,7021,16845.457475,DT,32,0.5,14,0.4375,10,89.419,2.79434375,357865.77796665137,
2,7022,16845.605884,RF,32,0.5,18,0.5625,14,3052.063,95.37696875,10484.711488589848,
2,7023,16848.722039,AB,16,0.5,8,0.5,15,7972.458,498.278625,2006.909286947639,
2,7024,16856.766707,GB,64,0.5,28,0.4375,3,258.863,4.044734375,247235.0239315777,
2,7025,16857.104307,GB,100,0.5,51,0.51,9,289.308,2.89308,345652.38431014697,
2,7026,16857.434982,NB,1,0.1,0,0.0,16,107.295,107.295,9320.098793047206,
2,7027,16857.613282,NB,100,0.0,0,0.0,15,154.003,1.5400299999999998,649337.9999090928,
2,7028,16857.811543,LoR,32,0.01,0,0.0,26,159.093,4.97165625,201140.21358576432,
2,7029,16858.015489,LoR,32,0.01,0,0.0,3,150.191,4.69346875,213062.03434293665,
2,7030,16858.224128,AB,16,0.1,2,0.125,22,7860.7,491.29375,2035.442136196522,
2,7031,16866.139331,LoR,64,0.01,0,0.0,29,158.358,2.47434375,404147.56437944405,
2,7032,16866.357175,GB,8,0.1,1,0.125,14,207.665,25.958125,38523.583656369636,
2,7033,16866.615691,MLP,64,1.0,64,1.0,0,210.548,3.2898125,303968.69122480386,
2,7034,16866.895776,DT,64,0.5,28,0.4375,8,93.508,1.4610625,684433.4174616076,
2,7035,16867.024814,AB,1,0.0,0,0.0,6,7744.868,7744.868,129.11775901151574,2.0
2,7036,16887.367359,NB,64,0.1,7,0.109375,17,135.467,2.116671875,472439.7823824252,
2,7037,16887.563011,MLP,16,0.05,1,0.0625,19,186.549,11.6593125,85768.35040659558,
2,7038,16887.813132,RF,32,0.01,1,0.03125,1,3096.832,96.776,10333.140448044971,
2,7039,16890.951809,LoR,8,0.0,0,0.0,20,162.036,20.2545,49371.74455059369,
2,7040,16891.154233,AB,8,1.0,8,1.0,2,7859.788,982.4735,1017.839158002735,
2,7041,16899.073643,DT,100,0.0,0,0.0,3,88.393,0.88393,1131311.3029312275,
2,7042,16899.203288,AB,8,0.01,0,0.0,18,7828.678,978.58475,1021.8838991717375,
2,7043,16907.082877,RF,64,0.0,0,0.0,16,3221.98,50.3434375,19863.562157431144,
2,7044,16910.347113,DT,8,1.0,8,1.0,23,92.702,11.58775,86298.03024745961,
2,7045,16910.517399,GB,100,0.01,2,0.02,6,332.863,3.32863,300423.89812024764,
2,7046,16910.934879,NB,100,0.01,0,0.0,13,151.362,1.51362,660667.8030152878,
2,7047,16911.13114,RF,32,0.0,0,0.0,14,3078.783,96.21196875,10393.717257760616,
2,7048,16914.252872,NB,1,0.1,0,0.0,1,109.471,109.471,9134.839363849786,
2,7049,16914.411697,GB,1,0.05,0,0.0,26,247.957,247.957,4032.95732727852,4.0
2,7050,16927.261293,AB,1,0.05,1,1.0,28,7632.738,7632.738,131.01458480560973,2.0
2,7051,16947.474453,GB,100,0.01,1,0.01,12,275.919,2.75919,362425.20449842163,
2,7052,16947.797989,LoR,32,0.01,0,0.0,14,168.456,5.26425,189960.58317899038,
2,7053,16948.036232,LoR,64,0.01,2,0.03125,13,159.262,2.48846875,401853.5494970552,
2,7054,16948.235222,GB,8,0.01,0,0.0,28,205.579,25.697375,38914.480564649115,
2,7055,16948.5101,MLP,64,0.05,4,0.0625,0,221.226,3.45665625,289296.91808376956,
2,7056,16948.807109,SGD,100,0.05,6,0.06,16,170.019,1.70019,588169.5575200418,
2,7057,16949.019126,MLP,32,1.0,32,1.0,6,185.981,5.81190625,172060.586834139,
2,7058,16949.24448,MLP,1,0.01,0,0.0,3,156.599,156.599,6385.736818242774,
2,7059,16949.576871,DT,32,0.5,11,0.34375,8,89.757,2.80490625,356518.15457290236,
2,7060,16949.726135,SGD,32,0.5,13,0.40625,12,154.081,4.81503125,207682.97194332854,
2,7061,16949.94825,MLP,64,0.01,1,0.015625,23,206.103,3.220359375,310524.34947574756,
2,7062,16950.211676,AB,100,0.01,0,0.0,18,8617.453,86.17452999999999,11604.356878998935,
2,7063,16958.908136,SGD,100,0.01,1,0.01,14,167.69,1.6769,596338.4817222256,
2,7064,16959.132472,GB,100,1.0,100,1.0,17,276.978,2.76978,361039.5049426308,
2,7065,16959.467291,SGD,100,0.0,0,0.0,14,210.078,2.10078,476013.67111263436,
2,7066,16959.747081,DT,64,0.5,30,0.46875,15,97.45,1.52265625,656747.0497691124,
2,7067,16959.908576,GB,32,0.1,1,0.03125,5,224.952,7.02975,142252.56943703545,
2,7068,16960.196238,SGD,32,0.05,2,0.0625,22,162.963,5.09259375,196363.59173554735,
2,7069,16960.401503,RF,32,1.0,32,1.0,14,3035.028,94.844625,10543.560059412961,
2,7070,16963.482333,RF,16,0.01,0,0.0,8,2997.289,187.3305625,5338.157248099866,
2,7071,16966.531617,RF,64,0.0,0,0.0,1,3152.678,49.26059375,20300.20192357101,
2,7072,16969.748447,GB,16,0.05,2,0.125,10,232.62,14.53875,68781.70406671824,
2,7073,16970.045389,NB,32,0.1,3,0.09375,27,126.963,3.96759375,252041.9334766822,
2,7074,16970.211021,LoR,16,1.0,16,1.0,14,156.407,9.7754375,102297.21176162192,
2,7075,16970.410052,AB,32,1.0,32,1.0,6,7967.692,248.990375,4016.2195024606876,
2,7076,16978.416754,AB,1,0.0,0,0.0,1,7583.737,7583.737,131.8611127996659,2.0
2,7077,16998.592933,SGD,32,0.05,3,0.09375,21,178.139,5.56684375,179635.0041259915,
2,7078,16998.811048,NB,1,0.5,0,0.0,14,102.025,102.025,9801.519235481499,
2,7079,16998.978157,GB,8,0.05,1,0.125,18,214.268,26.7835,37336.41981070435,
2,7080,16999.238995,NB,32,0.01,0,0.0,21,119.198,3.7249375,268460.880216111,
2,7081,16999.42332,SGD,64,0.1,6,0.09375,18,167.675,2.619921875,381690.7708364395,
2,7082,16999.646232,LoR,8,0.5,5,0.625,5,145.897,18.237125,54833.20424683167,
2,7083,16999.830836,SGD,1,0.5,1,1.0,3,140.506,140.506,7117.1337878809445,
2,7084,17000.156941,DT,100,0.5,44,0.44,22,95.133,0.95133,1051159.955010354,
2,7085,17000.290096,AB,1,0.05,0,0.0,8,7589.073,7589.073,131.76839911804774,2.0
2,7086,17020.743499,DT,16,1.0,16,1.0,24,91.161,5.6975625,175513.65167121904,
2,7087,17020.897596,NB,1,0.5,1,1.0,27,116.138,116.138,8610.446193321737,
2,7088,17021.077415,RF,100,1.0,100,1.0,14,3243.337,32.43337,30832.442018821974,
2,7089,17024.362739,LoR,8,0.0,0,0.0,11,161.596,20.1995,49506.17589544295,
2,7090,17024.568102,MLP,16,0.1,0,0.0,12,185.999,11.6249375,86021.96786004226,
2,7091,17024.817092,GB,32,0.05,3,0.09375,16,233.976,7.31175,136766.16405101377,
2,7092,17025.128435,NB,100,0.01,1,0.01,10,160.758,1.60758,622053.0237997486,
2,7093,17025.339233,AB,64,0.01,0,0.0,15,8358.047,130.594484375,7657.291230834188,
2,7094,17033.742251,LoR,16,0.01,0,0.0,16,150.389,9.3993125,106390.75996249725,
2,7095,17033.934411,NB,8,0.01,0,0.0,4,106.153,13.269125,75362.91955950373,
2,7096,17034.078931,GB,16,0.0,0,0.0,0,214.768,13.423,74498.99426357744,
2,7097,17034.331727,SGD,1,1.0,1,1.0,8,148.555,148.555,6731.513580828649,
2,7098,17034.695704,SGD,64,0.05,1,0.015625,10,157.476,2.4605625,406411.13566511724,
2,7099,17034.893643,RF,8,0.05,0,0.0,7,2949.916,368.7395,2711.9416281683953,
2,7100,17037.889435,SGD,16,0.1,0,0.0,2,162.902,10.181375,98218.56085253712,
2,7101,17038.123359,AB,64,0.1,3,0.046875,10,8262.138,129.09590625,7746.17901564946,
2,7102,17046.458002,DT,64,0.05,4,0.0625,22,86.912,1.358,736377.0250368188,
2,7103,17046.605159,GB,100,1.0,100,1.0,20,272.92,2.7292,366407.73853143776,
2,7104,17046.929127,SGD,64,1.0,64,1.0,25,169.11,2.64234375,378451.89521613147,
2,7105,17047.170634,AB,100,0.0,0,0.0,29,8609.483,86.09483,11615.099303872254,
2,7106,17055.823351,AB,16,0.0,0,0.0,28,7816.276,488.51725,2047.0106224498727,
2,7107,17063.704908,DT,16,0.05,2,0.125,4,81.953,5.1220625,195233.8535502056,
2,7108,17063.828321,LoR,32,0.0,0,0.0,29,152.508,4.765875,209825.05835759433,
2,7109,17064.04883,MLP,64,0.1,10,0.15625,26,212.431,3.319234375,301274.2961243886,
2,7110,17064.336484,AB,100,0.5,52,0.52,24,8471.403,84.71403000000001,11804.420117895465,
2,7111,17072.853352,MLP,32,0.0,0,0.0,11,190.753,5.96103125,167756.20829030214,
2,7112,17073.098092,AB,64,0.01,0,0.0,3,8211.014,128.29709375,7794.408826973137,
2,7113,17081.350719,LoR,1,0.05,0,0.0,11,144.415,144.415,6924.488453415504,
2,7114,17081.640069,NB,8,1.0,8,1.0,4,108.974,13.62175,73412.00653366858,
2,7115,17081.810395,MLP,32,0.1,6,0.1875,26,186.585,5.83078125,171503.60425543317,
2,7116,17082.060712,SGD,32,0.05,1,0.03125,1,151.493,4.73415625,211230.8819549418,
2,7117,17082.257845,GB,32,0.0,0,0.0,16,225.052,7.032875,142189.36068108704,
2,7118,17082.527299,RF,32,1.0,32,1.0,17,2998.802,93.7125625,10670.92792388427,
2,7119,17085.593865,AB,32,0.5,9,0.28125,22,7967.578,248.9868125,4016.276966475885,
2,7120,17093.622976,LoR,8,0.5,3,0.375,16,148.541,18.567625,53857.18421176645,
2,7121,17093.810863,GB,1,0.5,0,0.0,14,196.192,196.192,5097.047789920078,4.0
2,7122,17106.33601,GB,64,1.0,64,1.0,12,252.245,3.941328125,253721.58020971675,
2,7123,17106.63378,DT,32,0.0,0,0.0,3,93.307,2.91584375,342953.904851726,
2,7124,17106.763942,RF,1,0.0,0,0.0,25,2901.574,2901.574,344.64052958842336,11.53
2,7125,17122.620379,AB,16,0.01,0,0.0,11,7966.868,497.92925,2008.3174467055308,
2,7126,17130.654343,MLP,32,0.1,3,0.09375,2,194.884,6.090125,164200.24219535725,
2,7127,17130.922498,AB,64,0.5,27,0.421875,25,8235.268,128.6760625,7771.453218037349,
2,7128,17139.238892,SGD,100,0.05,2,0.02,8,171.27,1.7127000000000001,583873.4162433584,
2,7129,17139.478798,LoR,64,0.5,31,0.484375,15,156.368,2.44325,409290.90350966953,
2,7130,17139.702076,DT,64,0.5,29,0.453125,18,91.224,1.425375,701569.762343243,
2,7131,17139.827978,AB,1,1.0,1,1.0,3,7593.607,7593.607,131.6897226838313,2.0
2,7132,17159.980096,SGD,32,0.1,4,0.125,21,164.17,5.1303125,194919.90010355122,
2,7133,17160.200011,DT,100,0.0,0,0.0,2,96.049,0.9604900000000001,1041135.2538808315,
2,7134,17160.336818,DT,32,0.0,0,0.0,20,86.426,2.7008125,370258.9498530535,
2,7135,17160.469963,DT,64,0.0,0,0.0,25,87.0,1.359375,735632.183908046,
2,7136,17160.604137,DT,64,1.0,64,1.0,22,86.259,1.347796875,741951.5644744317,
2,7137,17160.730304,MLP,16,0.01,0,0.0,27,183.119,11.4449375,87374.87644646378,
2,7138,17160.95302,RF,1,0.1,0,0.0,25,2928.618,2928.618,341.4579846193665,9.99
2,7139,17177.015593,NB,8,1.0,8,1.0,14,157.872,19.734,50673.96371744198,
2,7140,17177.26876,MLP,100,0.01,0,0.0,3,325.049,3.2504899999999997,307645.92415297386,
2,7141,17177.669952,DT,64,0.05,5,0.078125,2,108.945,1.702265625,587452.3842305751,
2,7142,17177.832842,RF,64,0.01,0,0.0,10,3509.383,54.834109375,18236.823965922216,
2,7143,17181.446455,LoR,100,0.5,44,0.44,19,223.322,2.23322,447783.9173928229,
2,7144,17181.714143,GB,8,1.0,8,1.0,8,269.947,33.743375,29635.44695810659,
2,7145,17182.028193,MLP,1,0.1,0,0.0,17,189.855,189.855,5267.177582892207,
2,7146,17182.387188,AB,1,0.0,0,0.0,5,7758.341,7758.341,128.89353535762348,2.0
2,7147,17202.962678,SGD,1,1.0,1,1.0,5,156.568,156.568,6387.0011752082155,
2,7148,17203.267192,DT,1,0.1,0,0.0,25,85.7,85.7,11668.611435239207,16.0
2,7149,17203.536198,NB,16,1.0,16,1.0,16,121.634,7.602125,131542.16748606475,
2,7150,17203.694399,DT,1,0.0,0,0.0,12,86.026,86.026,11624.39262548532,16.0
2,7151,17203.961407,AB,1,0.05,0,0.0,27,7603.914,7603.914,131.5112190905894,2.0
2,7152,17224.708583,RF,64,0.05,5,0.078125,10,3626.392,56.662375,17648.395429948003,
2,7153,17228.412902,MLP,16,0.05,2,0.125,4,238.201,14.8875625,67170.16301358936,
2,7154,17228.705341,MLP,64,0.0,0,0.0,28,212.127,3.314484375,301706.05344911304,
2,7155,17228.959178,NB,1,0.5,1,1.0,26,109.754,109.754,9111.285237895658,
2,7156,17229.140782,AB,32,0.5,18,0.5625,4,8145.977,254.56178125,3928.319463705827,
2,7157,17237.369324,NB,100,0.05,6,0.06,2,157.203,1.57203,636120.1758236166,
2,7158,17237.575058,NB,64,1.0,64,1.0,8,128.247,2.003859375,499037.0145110606,
2,7159,17237.751979,SGD,64,0.01,0,0.0,9,169.188,2.6435625,378277.41920230753,
2,7160,17237.961042,NB,1,0.05,0,0.0,20,98.193,98.193,10184.02533785504,
2,7161,17238.124823,AB,8,0.05,1,0.125,11,7934.929,991.866125,1008.2005774720858,
2,7162,17246.098713,DT,1,1.0,1,1.0,29,77.793,77.793,12854.627022996927,13.0
2,7163,17246.376353,RF,32,0.0,0,0.0,12,3819.467,119.35834375,8378.1323415021,
2,7164,17250.278022,GB,1,1.0,1,1.0,10,347.246,347.246,2879.8027911048653,4.0
2,7165,17263.770754,RF,16,0.1,0,0.0,22,3211.193,200.6995625,4982.5718977339575,
2,7166,17267.055304,AB,100,1.0,100,1.0,17,9066.287,90.66287,11029.873640664586,
2,7167,17276.204732,MLP,16,0.5,6,0.375,26,216.35,13.521875,73954.24081349665,
2,7168,17276.505617,RF,100,0.01,1,0.01,13,3634.087,36.34087,27517.227848425202,
2,7169,17280.18389,NB,16,1.0,16,1.0,12,131.28,8.205,121876.9043266301,
2,7170,17280.403166,SGD,32,0.01,1,0.03125,3,183.699,5.74059375,174198.00869901304,
2,7171,17280.626074,SGD,8,0.0,0,0.0,12,149.216,18.652,53613.553506326396,
2,7172,17280.843966,DT,64,0.05,4,0.0625,4,121.476,1.8980625,526853.0409298956,
2,7173,17281.002952,AB,8,1.0,8,1.0,11,8174.369,1021.796125,978.668812234926,
2,7174,17289.258275,LoR,100,0.5,58,0.58,5,231.227,2.31227,432475.4462065416,
2,7175,17289.583415,LoR,32,0.05,1,0.03125,15,238.935,7.46671875,133927.63722351266,
2,7176,17289.883464,MLP,16,0.1,2,0.125,0,222.919,13.9324375,71774.94964538689,
2,7177,17290.192815,SGD,8,0.5,5,0.625,10,163.069,20.383625,49058.98729985466,
2,7178,17290.398804,SGD,32,1.0,32,1.0,4,170.423,5.32571875,187768.08294655065,
2,7179,17290.611044,NB,1,0.01,0,0.0,4,107.652,107.652,9289.191097239252,
2,7180,17290.809479,GB,100,0.01,2,0.02,28,330.099,3.30099,302939.42120394186,
2,7181,17291.21618,GB,100,0.0,0,0.0,28,312.501,3.1250099999999996,319998.9760032768,
2,7182,17291.57466,GB,8,0.05,0,0.0,17,221.314,27.66425,36147.735796199064,
2,7183,17291.840036,NB,8,0.05,0,0.0,23,121.496,15.187,65845.7891617831,
2,7184,17292.002034,SGD,16,0.0,0,0.0,15,169.742,10.608875,94260.70153527118,
2,7185,17292.22356,RF,64,0.0,0,0.0,14,3926.812,61.3564375,16298.208317586888,
2,7186,17296.270308,SGD,64,0.05,2,0.03125,27,249.986,3.90603125,256014.33680286098,
2,7187,17296.594455,LoR,100,0.0,0,0.0,13,186.574,1.8657400000000002,535980.361679548,
2,7188,17296.850952,LoR,32,0.01,1,0.03125,18,174.317,5.44740625,183573.60441035585,
2,7189,17297.122674,DT,100,0.5,54,0.54,16,119.86,1.1985999999999999,834306.691139663,
2,7190,17297.282126,SGD,8,1.0,8,1.0,28,160.493,20.061625,49846.41074688616,
2,7191,17297.483639,SGD,1,0.1,0,0.0,21,150.262,150.262,6655.042525721739,
2,7192,17297.822939,AB,32,1.0,32,1.0,13,8452.775,264.14921875,3785.7390028718382,
2,7193,17306.343573,NB,8,0.05,0,0.0,25,122.516,15.3145,65297.59378366907,
2,7194,17306.527015,GB,8,0.5,5,0.625,27,293.15,36.64375,27289.783387344363,
2,7195,17306.904128,MLP,100,0.05,3,0.03,14,273.324,2.7332400000000003,365866.1515271253,
2,7196,17307.217169,MLP,8,0.0,0,0.0,24,174.829,21.853625,45758.9987931064,
2,7197,17307.474259,DT,100,0.01,2,0.02,4,98.261,0.98261,1017697.7641180123,
2,7198,17307.616612,LoR,32,0.01,0,0.0,2,160.281,5.00878125,199649.36580131145,
2,7199,17307.815559,RF,1,0.5,0,0.0,20,3018.352,3018.352,331.3066203014095,9.93
2,7200,17324.011801,RF,1,0.05,0,0.0,16,2992.832,2992.832,334.1316853067596,10.12
2,7201,17339.902613,RF,32,1.0,32,1.0,13,3097.153,96.78603125,10332.069484458792,
2,7202,17343.047509,DT,32,0.0,0,0.0,17,97.718,3.0536875,327472.9323154383,
2,7203,17343.183265,GB,1,1.0,1,1.0,26,243.812,243.812,4101.520843928929,4.0
2,7204,17356.611822,AB,100,0.05,4,0.04,10,8825.302,88.25301999999999,11331.05699952251,
2,7205,17365.490056,MLP,32,0.01,0,0.0,9,224.899,7.02809375,142286.09286835423,
2,7206,17365.761008,GB,16,0.01,0,0.0,16,258.391,16.1494375,61921.661358174235,
2,7207,17366.100451,GB,100,0.05,4,0.04,0,285.309,2.8530900000000003,350497.18025018484,
2,7208,17366.466432,RF,100,0.05,3,0.03,1,3531.018,35.31018,28320.44469895084,
2,7209,17370.039965,GB,8,0.0,0,0.0,19,228.871,28.608875,34954.18816713345,
2,7210,17370.350078,NB,100,0.05,5,0.05,3,160.565,1.60565,622800.7349048672,
2,7211,17370.603461,MLP,64,0.05,6,0.09375,26,245.626,3.83790625,260558.73563873532,
2,7212,17370.907055,NB,100,0.0,0,0.0,29,163.954,1.63954,609927.1746953414,
2,7213,17371.149065,RF,100,0.5,54,0.54,18,3410.189,34.10189,29323.887913543796,
2,7214,17374.656857,MLP,100,0.0,0,0.0,7,251.696,2.51696,397304.6850168457,
2,7215,17374.990948,MLP,100,0.05,6,0.06,17,234.719,2.34719,426041.3515735837,
2,7216,17375.268478,DT,8,0.05,0,0.0,29,92.669,11.583625,86328.76150600525,
2,7217,17375.400851,NB,16,1.0,16,1.0,27,116.268,7.26675,137613.10076719304,
2,7218,17375.575613,DT,16,0.05,1,0.0625,8,90.296,5.6435,177195.00310091255,
2,7219,17375.732872,GB,64,0.05,5,0.078125,2,258.356,4.0368125,247720.20003406153,
2,7220,17376.033514,AB,16,0.0,0,0.0,2,8155.39,509.711875,1961.892686922391,
2,7221,17384.234441,MLP,16,0.01,0,0.0,8,182.841,11.4275625,87507.72529137337,
2,7222,17384.459433,DT,1,0.1,0,0.0,18,84.774,84.774,11796.069549626065,16.0
2,7223,17384.756779,NB,100,1.0,100,1.0,16,150.144,1.50144,666027.2804774083,
2,7224,17384.956077,RF,64,0.0,0,0.0,23,3265.613,51.025203125,19598.15814060025,
2,7225,17388.29765,GB,64,0.5,31,0.484375,15,281.819,4.403421875,227096.11488224712,
2,7226,17388.643498,DT,16,0.5,7,0.4375,6,101.09,6.318125,158274.80462953803,
2,7227,17388.793666,GB,64,1.0,64,1.0,4,254.006,3.96884375,251962.55206569924,
2,7228,17389.0924,GB,16,0.01,0,0.0,14,219.924,13.74525,72752.40537640275,
2,7229,17389.392146,LoR,100,0.01,1,0.01,7,182.446,1.82446,548107.3851989082,
2,7230,17389.645003,NB,64,0.05,2,0.03125,10,134.715,2.104921875,475077.01443788735,
2,7231,17389.847266,GB,64,0.01,1,0.015625,28,248.594,3.88428125,257447.88691601568,
2,7232,17390.157667,SGD,16,0.5,6,0.375,5,164.865,10.3040625,97049.10077942559,
2,7233,17390.375063,DT,64,0.01,0,0.0,3,94.87,1.48234375,674607.357436492,
2,7234,17390.537473,NB,64,0.01,1,0.015625,1,178.405,2.787578125,358734.3404052577,
2,7235,17390.753504,RF,1,0.01,0,0.0,29,2940.781,2940.781,340.0457225478538,9.99
2,7236,17406.698144,NB,1,0.01,0,0.0,16,107.325,107.325,9317.493594223153,
2,7237,17406.85907,LoR,16,0.0,0,0.0,29,156.991,9.8119375,101916.6703823786,
2,7238,17407.086353,NB,64,0.05,3,0.046875,5,132.218,2.06590625,484049.0704745194,
2,7239,17407.292329,GB,100,0.05,5,0.05,23,276.628,2.76628,361496.3055077577,
2,7240,17407.640345,AB,64,0.5,36,0.5625,22,8512.652,133.0101875,7518.221113702287,
2,7241,17416.206225,MLP,64,0.0,0,0.0,3,218.068,3.4073125,293486.4354238127,
2,7242,17416.496287,GB,64,0.5,36,0.5625,21,261.8,4.090625,244461.42093200915,
2,7243,17416.843506,LoR,32,0.05,2,0.0625,22,180.076,5.627375,177702.74772873675,
2,7244,17417.062902,NB,8,0.0,0,0.0,15,111.686,13.96075,71629.38953852766,
2,7245,17417.232868,MLP,16,0.05,1,0.0625,12,184.996,11.56225,86488.3565050055,
2,7246,17417.474344,MLP,100,1.0,100,1.0,25,229.08,2.2908,436528.7235900122,
2,7247,17417.766931,RF,16,0.5,6,0.375,17,3131.639,195.7274375,5109.14572209632,
2,7248,17420.942054,SGD,1,0.1,0,0.0,3,163.763,163.763,6106.3854472622015,
2,7249,17421.278152,DT,64,0.01,0,0.0,29,95.281,1.488765625,671697.4003211553,
2,7250,17421.417181,GB,32,1.0,32,1.0,8,235.711,7.36596875,135759.46816228348,
2,7251,17421.692228,LoR,1,1.0,1,1.0,0,155.799,155.799,6418.526434701121,
2,7252,17422.035793,NB,100,0.5,52,0.52,13,151.53,1.5153,659935.3263380189,
2,7253,17422.225656,GB,8,0.0,0,0.0,24,216.193,27.024125,37003.97330163326,
2,7254,17422.486981,RF,32,1.0,32,1.0,0,3130.568,97.83025,10221.787228387946,
2,7255,17425.674172,LoR,64,0.01,0,0.0,0,175.801,2.746890625,364047.9860751646,
2,7256,17425.915964,DT,32,0.05,1,0.03125,23,94.579,2.95559375,338341.4922974445,
2,7257,17426.072109,SGD,32,0.5,17,0.53125,21,160.533,5.01665625,199335.96207633324,
2,7258,17426.291807,SGD,16,0.5,11,0.6875,8,152.831,9.5519375,104690.80225870406,
2,7259,17426.520161,NB,100,0.1,5,0.05,18,185.094,1.85094,540266.0269916907,
2,7260,17426.74238,MLP,8,1.0,8,1.0,19,178.71,22.33875,44765.2621565665,
2,7261,17426.959524,RF,1,1.0,1,1.0,3,2955.901,2955.901,338.3063235203074,7.88
2,7262,17442.980574,DT,1,0.0,0,0.0,2,88.05,88.05,11357.18341851221,16.0
2,7263,17443.247935,AB,1,0.5,0,0.0,23,7881.366,7881.366,126.88155834914912,2.0
2,7264,17463.969027,LoR,8,1.0,8,1.0,23,161.063,20.132875,49670.00490491299,
2,7265,17464.175804,SGD,32,0.0,0,0.0,23,154.911,4.84096875,206570.22419324645,
2,7266,17464.377269,NB,32,0.05,0,0.0,26,121.087,3.78396875,264272.7955932511,
2,7267,17464.540915,GB,16,0.0,0,0.0,26,226.56,14.16,70621.46892655367,
2,7268,17464.829077,GB,16,0.5,7,0.4375,15,223.117,13.9448125,71711.25463321935,
2,7269,17465.122553,NB,64,0.1,7,0.109375,12,136.912,2.13925,467453.54680378636,
2,7270,17465.297612,RF,1,0.1,0,0.0,10,2989.73,2989.73,334.4783642670074,13.48
2,7271,17481.838441,DT,16,0.01,0,0.0,25,100.909,6.3068125,158558.7014042355,
2,7272,17481.98158,MLP,1,0.05,0,0.0,0,202.619,202.619,4935.371312660708,
2,7273,17482.343891,MLP,1,1.0,1,1.0,26,162.042,162.042,6171.239555177052,
2,7274,17482.691079,LoR,16,0.0,0,0.0,6,156.334,9.770875,102344.97933910729,
2,7275,17482.90423,SGD,64,0.01,0,0.0,6,160.268,2.5041875,399331.1203733746,
2,7276,17483.104322,AB,8,0.0,0,0.0,13,8095.272,1011.909,988.2311551730443,
2,7277,17491.241002,GB,8,1.0,8,1.0,4,245.001,30.625125,32652.927947232867,
2,7278,17491.525647,MLP,1,1.0,1,1.0,4,172.326,172.326,5802.954864617063,
2,7279,17491.85129,GB,32,1.0,32,1.0,14,239.021,7.46940625,133879.44992281013,
2,7280,17492.136266,DT,32,0.0,0,0.0,29,93.409,2.91903125,342579.4088364076,
2,7281,17492.293308,MLP,32,0.01,1,0.03125,29,202.577,6.33053125,157964.62579661066,
2,7282,17492.57515,GB,100,0.1,8,0.08,23,280.31,2.8031,356747.8862687739,
2,7283,17492.921099,NB,32,0.05,2,0.0625,11,133.524,4.172625,239657.29007519246,
2,7284,17493.094378,SGD,8,0.01,0,0.0,10,158.57,19.82125,50450.90496310778,
2,7285,17493.292772,MLP,1,0.01,0,0.0,27,166.411,166.411,6009.218140627723,
2,7286,17493.631122,RF,8,0.1,3,0.375,23,3114.754,389.34425,2568.421133739615,
2,7287,17496.806709,NB,100,1.0,100,1.0,14,159.896,1.59896,625406.5142342523,
2,7288,17497.036895,SGD,64,0.01,1,0.015625,11,172.955,2.702421875,370038.4493076233,
2,7289,17497.247479,RF,1,1.0,1,1.0,2,2983.134,2983.134,335.217928527515,6.88
2,7290,17513.26693,MLP,1,0.1,0,0.0,22,174.203,174.203,5740.429269300758,
2,7291,17513.616256,DT,32,0.5,15,0.46875,3,92.758,2.8986875,344983.7210806615,
2,7292,17513.745487,DT,1,1.0,1,1.0,18,84.339,84.339,11856.910800460048,4.0
2,7293,17514.0445,DT,64,0.5,35,0.546875,3,94.862,1.48221875,674664.249119774,
2,7294,17514.206396,SGD,64,0.05,2,0.03125,20,167.0,2.609375,383233.53293413174,
2,7295,17514.457525,AB,100,0.05,1,0.01,21,8903.572,89.03572,11231.447333721791,
2,7296,17523.43636,NB,64,0.1,5,0.078125,10,137.171,2.143296875,466570.922425294,
2,7297,17523.612252,GB,8,0.0,0,0.0,11,226.209,28.276125,35365.52480228461,
2,7298,17523.898931,MLP,8,0.5,7,0.875,17,185.51,23.18875,43124.35987278314,
2,7299,17524.127098,GB,16,1.0,16,1.0,10,222.485,13.9053125,71914.96055913881,
2,7300,17524.391985,NB,16,1.0,16,1.0,8,117.204,7.32525,136514.11214634313,
2,7301,17524.586675,SGD,100,0.05,3,0.03,4,175.49,1.7549000000000001,569833.0389195966,
2,7302,17524.814192,GB,64,0.01,0,0.0,14,249.958,3.90559375,256043.01522655805,
2,7303,17525.103268,MLP,1,0.0,0,0.0,7,172.949,172.949,5782.051356180145,
2,7304,17525.429115,MLP,1,0.05,0,0.0,6,161.229,161.229,6202.358136563521,
2,7305,17525.742579,LoR,8,1.0,8,1.0,2,148.78,18.5975,53770.66810055115,
2,7306,17525.935071,DT,16,0.01,0,0.0,6,88.737,5.5460625,180308.10146838412,
2,7307,17526.06307,MLP,1,0.5,0,0.0,14,162.477,162.477,6154.717283061603,
2,7308,17526.39544,LoR,32,0.5,15,0.46875,20,152.315,4.75984375,210090.92998063224,
2,7309,17526.591343,AB,8,1.0,8,1.0,14,8402.687,1050.335875,952.0764012749731,
2,7310,17535.060583,LoR,64,0.0,0,0.0,29,175.689,2.745140625,364280.0630659859,
2,7311,17535.279989,RF,1,0.5,0,0.0,21,3076.235,3076.235,325.072694381281,9.99
2,7312,17551.35913,DT,8,0.0,0,0.0,22,90.196,11.2745,88695.72930063418,
2,7313,17551.522119,MLP,64,0.01,1,0.015625,22,236.33,3.69265625,270807.76879786735,
2,7314,17551.829572,GB,64,0.1,7,0.109375,24,294.493,4.601453125,217322.65283045778,
2,7315,17552.184626,NB,100,0.0,0,0.0,13,173.11,1.7311,577667.3791231009,
2,7316,17552.434248,NB,100,0.5,49,0.49,28,146.304,1.4630400000000001,683508.3114610674,
2,7317,17552.618768,RF,1,1.0,1,1.0,5,3002.768,3002.768,333.0260612874521,7.88
2,7318,17568.635808,MLP,100,0.0,0,0.0,4,250.099,2.50099,399841.6627015702,
2,7319,17568.929584,GB,8,0.01,0,0.0,15,231.16,28.895,34608.06367883717,
2,7320,17569.232877,SGD,64,0.05,1,0.015625,19,173.15,2.70546875,369621.71527577244,
2,7321,17569.464083,MLP,100,1.0,100,1.0,19,234.764,2.34764,425959.68717520573,
2,7322,17569.776298,MLP,100,0.01,1,0.01,8,228.863,2.28863,436942.6250639029,
2,7323,17570.043349,NB,1,1.0,1,1.0,15,103.528,103.528,9659.222625763077,
2,7324,17570.195132,LoR,1,0.05,0,0.0,1,149.041,149.041,6709.563140343932,
2,7325,17570.504836,GB,16,0.01,0,0.0,4,257.426,16.089125,62153.78400006216,
2,7326,17570.833786,SGD,64,0.1,8,0.125,9,168.343,2.630359375,380176.1879020809,
2,7327,17571.061749,LoR,16,0.05,3,0.1875,12,150.724,9.42025,106154.2952681723,
2,7328,17571.274178,AB,32,0.1,2,0.0625,15,8213.278,256.6649375,3896.1301443832776,
2,7329,17579.52921,MLP,1,0.05,0,0.0,23,164.653,164.653,6073.378559759009,
2,7330,17579.852331,DT,64,0.0,0,0.0,1,92.16,1.44,694444.4444444445,
2,7331,17579.985541,DT,8,0.05,0,0.0,9,82.933,10.366625,96463.41022270989,
2,7332,17580.105063,LoR,8,1.0,8,1.0,11,148.466,18.55825,53884.391039025766,
2,7333,17580.316469,NB,32,0.01,1,0.03125,3,120.184,3.75575,266258.4037808693,
2,7334,17580.508697,GB,100,0.5,44,0.44,22,292.703,2.92703,341643.2356347561,
2,7335,17580.842295,NB,8,1.0,8,1.0,16,115.284,14.4105,69393.84476596926,
2,7336,17580.996215,RF,1,0.5,0,0.0,27,3190.719,3190.719,313.40898399388976,7.47
2,7337,17597.75158,NB,1,0.1,1,1.0,5,127.499,127.499,7843.198770186433,
2,7338,17597.939592,SGD,16,0.0,0,0.0,18,190.489,11.9055625,83994.3513798697,
2,7339,17598.181933,LoR,32,0.01,0,0.0,28,167.072,5.221,191534.1888527102,
2,7340,17598.415291,LoR,32,0.05,2,0.0625,19,164.659,5.14559375,194341.03207234346,
2,7341,17598.69346,AB,100,0.05,6,0.06,2,9147.515,91.47515,10931.930693745788,
2,7342,17607.959444,NB,100,0.1,5,0.05,21,172.579,1.7257900000000002,579444.7760156218,
2,7343,17608.177296,RF,1,0.05,0,0.0,24,3190.396,3190.396,313.44071394272055,9.99
2,7344,17624.539319,MLP,1,0.0,0,0.0,15,208.438,208.438,4797.589690939272,
2,7345,17624.921246,RF,8,0.1,0,0.0,21,3083.8,385.475,2594.2019586224787,
2,7346,17628.076209,SGD,32,0.5,17,0.53125,22,178.792,5.58725,178978.925231554,
2,7347,17628.302507,MLP,32,0.01,0,0.0,1,202.418,6.3255625,158088.70752601052,
2,7348,17628.564159,SGD,8,0.5,3,0.375,17,153.828,19.2285,52006.136724133445,
2,7349,17628.78095,RF,32,0.5,15,0.46875,13,3168.515,99.01609375,10099.368316072356,
2,7350,17631.992775,DT,1,0.01,0,0.0,9,122.75,122.75,8146.639511201629,16.0
2,7351,17632.342375,AB,64,0.5,31,0.484375,19,8481.903,132.529734375,7545.476528085737,
2,7352,17640.899115,GB,64,0.5,39,0.609375,12,297.118,4.64246875,215402.63464347497,
2,7353,17641.269022,SGD,64,0.1,9,0.140625,2,174.766,2.73071875,366203.9527139146,
2,7354,17641.503814,DT,16,0.5,8,0.5,7,90.406,5.650375,176979.40402185696,
2,7355,17641.633018,AB,16,0.0,0,0.0,13,8073.106,504.569125,1981.8890028199803,
2,7356,17649.748328,LoR,1,0.01,0,0.0,27,149.752,149.752,6677.7071424755595,
2,7357,17650.078956,AB,32,0.1,2,0.0625,23,8148.406,254.6376875,3927.1484508749318,
2,7358,17658.275642,SGD,32,0.01,0,0.0,22,156.183,4.88071875,204887.85591261534,
2,7359,17658.473066,DT,1,0.1,0,0.0,2,83.346,83.346,11998.176277205865,16.0
2,7360,17658.783313,NB,8,0.1,0,0.0,1,119.564,14.9455,66909.77217222576,
2,7361,17658.941972,DT,1,0.05,0,0.0,16,85.859,85.859,11647.0026438696,16.0
2,7362,17659.237353,RF,8,0.1,2,0.25,17,3004.352,375.544,2662.8038259165373,
2,7363,17662.284946,RF,1,0.5,0,0.0,14,3010.399,3010.399,332.18188020923475,9.99
2,7364,17678.278406,GB,16,1.0,16,1.0,19,245.36,15.335,65210.30322791001,
2,7365,17678.638923,RF,64,0.5,26,0.40625,13,3220.611,50.322046875,19872.00565358561,
2,7366,17681.913654,RF,64,0.0,0,0.0,15,3230.404,50.4750625,19811.76348221461,
2,7367,17685.191458,MLP,32,1.0,32,1.0,25,219.609,6.86278125,145713.5181162885,
2,7368,17685.45379,DT,1,0.5,0,0.0,15,90.494,90.494,11050.456383848654,16.0
2,7369,17685.765529,MLP,64,0.1,10,0.15625,9,219.935,3.436484375,290995.06672425946,
2,7370,17686.029679,LoR,16,0.05,0,0.0,13,153.781,9.6113125,104044.06266053673,
2,7371,17686.226442,LoR,16,0.01,0,0.0,17,149.224,9.3265,107221.35849461214,
2,7372,17686.414188,GB,8,1.0,8,1.0,11,253.216,31.652,31593.580184506507,
2,7373,17686.718828,GB,64,1.0,64,1.0,9,248.593,3.884265625,257448.9225360328,
2,7374,17687.009795,MLP,16,1.0,16,1.0,8,187.578,11.723625,85297.84942797129,
2,7375,17687.259658,NB,16,0.05,2,0.125,4,153.779,9.6111875,104045.41582400718,
2,7376,17687.488311,GB,100,0.01,2,0.02,3,274.954,2.74954,363697.2002589524,
2,7377,17687.828322,RF,32,0.05,1,0.03125,8,3140.824,98.15075,10188.409156323309,
2,7378,17691.032968,NB,8,0.5,6,0.75,2,121.37,15.17125,65914.14682376204,
2,7379,17691.222746,GB,64,0.1,6,0.09375,10,263.799,4.121859375,242608.95606124363,
2,7380,17691.529918,NB,8,0.05,0,0.0,28,116.694,14.58675,68555.36702829623,
2,7381,17691.687111,GB,8,0.1,0,0.0,5,215.329,26.916125,37152.45043630909,
2,7382,17691.944355,RF,1,0.01,0,0.0,22,2966.956,2966.956,337.04578025424036,11.18
2,7383,17707.946441,LoR,1,0.05,0,0.0,9,158.712,158.712,6300.720802459802,
2,7384,17708.29028,SGD,64,0.1,5,0.078125,20,162.406,2.53759375,394074.11056241766,
2,7385,17708.515527,AB,32,0.5,17,0.53125,23,8547.506,267.1095625,3743.7821043939603,
2,7386,17717.196108,AB,100,0.01,1,0.01,19,8771.847,87.71847,11400.107639816335,
2,7387,17726.03307,SGD,8,0.1,1,0.125,14,169.907,21.238375,47084.5815652092,
2,7388,17726.263781,SGD,16,0.5,6,0.375,28,150.613,9.4133125,106232.52972850949,
2,7389,17726.47624,NB,32,0.5,11,0.34375,9,151.281,4.72753125,211526.89366146442,
2,7390,17726.680985,RF,16,0.1,0,0.0,1,3091.247,193.2029375,5175.904740061212,
2,7391,17729.840856,AB,32,0.01,1,0.03125,5,8232.05,257.2515625,3887.2455828135157,
2,7392,17738.154808,MLP,100,0.05,8,0.08,21,259.628,2.5962799999999997,385166.4689478793,
2,7393,17738.486799,AB,64,0.05,2,0.03125,3,8455.398,132.11559375,7569.1292118951715,
2,7394,17746.982274,GB,1,0.0,0,0.0,21,236.472,236.472,4228.830474643933,4.0
2,7395,17759.810401,RF,8,1.0,8,1.0,5,2946.325,368.290625,2715.2469601961766,
2,7396,17762.812756,SGD,64,0.01,0,0.0,8,177.607,2.775109375,360346.1575275749,
2,7397,17763.036526,LoR,8,0.05,0,0.0,20,154.594,19.32425,51748.450780754756,
2,7398,17763.232457,LoR,16,0.0,0,0.0,3,147.269,9.2043125,108644.72495908846,
2,7399,17763.419724,RF,1,0.01,1,1.0,15,2920.367,2920.367,342.4227160490445,8.34
2,7400,17779.301604,AB,32,0.1,5,0.15625,8,8202.149,256.31715625,3901.416567779981,
2,7401,17787.543631,NB,1,1.0,1,1.0,9,105.282,105.282,9498.299804335024,
2,7402,17787.699634,LoR,16,1.0,16,1.0,1,152.427,9.5266875,104968.27989791836,
2,7403,17787.89572,MLP,32,0.0,0,0.0,3,193.938,6.0605625,165001.185946024,
2,7404,17788.148712,NB,8,0.5,4,0.5,10,108.914,13.61425,73452.44872100923,
2,7405,17788.295471,DT,1,0.01,0,0.0,26,86.798,86.798,11521.002788082675,16.0
2,7406,17788.605404,GB,100,0.05,8,0.08,26,293.088,2.93088,341194.4535429632,
2,7407,17788.950387,LoR,64,1.0,64,1.0,0,170.146,2.65853125,376147.54387408466,
2,7408,17789.163062,RF,8,0.01,0,0.0,14,3021.161,377.645125,2647.9886374807566,
2,7409,17792.227855,NB,1,0.1,0,0.0,2,111.369,111.369,8979.159371099679,
2,7410,17792.388079,RF,1,0.5,0,0.0,3,2932.577,2932.577,340.99701388914934,9.93
2,7411,17808.19045,AB,1,1.0,1,1.0,9,7798.457,7798.457,128.23049482737417,2.0
2,7412,17828.880969,SGD,64,0.5,33,0.515625,21,174.348,2.7241875,367081.9280978273,
2,7413,17829.098764,RF,16,0.01,0,0.0,28,3062.047,191.3779375,5225.26270824713,
2,7414,17832.206245,RF,16,0.01,0,0.0,2,3001.607,187.6004375,5330.4779739652795,
2,7415,17835.259534,DT,64,1.0,64,1.0,18,97.424,1.52225,656922.3189357858,
2,7416,17835.396651,AB,1,0.5,0,0.0,12,7786.6,7786.6,128.4257570698379,2.0
2,7417,17855.809418,NB,8,0.01,0,0.0,16,114.639,14.329875,69784.27934647023,
2,7418,17855.990087,LoR,64,0.1,3,0.046875,16,164.742,2.57409375,388486.2390889998,
2,7419,17856.224111,MLP,64,0.5,36,0.5625,19,216.577,3.384015625,295506.9097826639,
2,7420,17856.481472,AB,8,0.1,0,0.0,1,7829.638,978.70475,1021.7586049316711,
2,7421,17864.353007,NB,1,0.01,0,0.0,24,99.794,99.794,10020.642523598613,
2,7422,17864.519575,DT,8,0.5,4,0.5,23,85.478,10.68475,93591.33344252323,
2,7423,17864.643505,AB,8,0.05,0,0.0,24,7762.067,970.258375,1030.6533040748038,
2,7424,17872.465776,SGD,100,0.01,0,0.0,3,167.633,1.67633,596541.2538104072,
2,7425,17872.674523,GB,16,0.0,0,0.0,6,228.569,14.2855625,70000.74375790243,
2,7426,17872.964193,RF,16,0.05,1,0.0625,27,2999.918,187.494875,5333.479115095813,
2,7427,17876.005833,LoR,8,0.0,0,0.0,18,160.319,20.039875,49900.510856479894,
2,7428,17876.230249,AB,32,0.5,21,0.65625,29,8088.381,252.76190625,3956.2923655549853,
2,7429,17884.360617,AB,1,0.1,0,0.0,25,7525.965,7525.965,132.87332587913974,2.0
2,7430,17904.427531,SGD,64,0.01,1,0.015625,16,167.519,2.617484375,382046.21565314976,
2,7431,17904.654604,GB,16,0.5,8,0.5,17,232.29,14.518125,68879.41796891816,
2,7432,17904.936519,RF,64,0.0,0,0.0,11,3159.509,49.367328125,20256.311977588924,
2,7433,17908.148495,MLP,64,1.0,64,1.0,26,228.522,3.57065625,280060.5630967697,
2,7434,17908.418571,LoR,1,0.01,0,0.0,14,147.327,147.327,6787.622092352386,
2,7435,17908.733611,AB,64,0.01,0,0.0,20,8367.059,130.735296875,7649.0437081894615,
2,7436,17917.146394,LoR,32,1.0,32,1.0,15,151.984,4.7495,210548.47878724075,
2,7437,17917.414463,NB,100,0.01,1,0.01,21,173.407,1.73407,576677.9887778463,
2,7438,17917.671471,GB,100,0.0,0,0.0,9,273.048,2.73048,366235.9731622279,
2,7439,17918.022239,SGD,100,0.05,7,0.07,2,175.713,1.7571299999999999,569109.8552753638,
2,7440,17918.237576,AB,1,0.1,0,0.0,7,7826.779,7826.779,127.7664796719059,2.0
2,7441,17939.154483,AB,100,1.0,100,1.0,5,8635.488,86.35488,11580.121470842181,
2,7442,17947.837434,MLP,8,0.01,0,0.0,1,194.442,24.30525,41143.37437384927,
2,7443,17948.07199,AB,8,1.0,8,1.0,24,7840.448,980.056,1020.3498575591599,
2,7444,17955.955328,DT,8,0.01,0,0.0,8,78.521,9.815125,101883.57254747137,
2,7445,17956.082421,AB,64,0.0,0,0.0,29,8214.061,128.344703125,7791.517496643865,
2,7446,17964.356595,DT,8,0.5,4,0.5,5,84.024,10.503,95210.89212605922,
2,7447,17964.479159,MLP,1,0.1,0,0.0,26,166.789,166.789,5995.599230165059,
2,7448,17964.803481,RF,32,1.0,32,1.0,25,3098.724,96.835125,10326.831302174702,
2,7449,17967.962871,RF,100,0.0,0,0.0,4,3392.158,33.92158,29479.75890273979,
2,7450,17971.399913,AB,16,0.01,0,0.0,24,7847.972,490.49825,2038.7432574937832,
2,7451,17979.306754,LoR,100,1.0,100,1.0,26,170.905,1.70905,585120.388519938,
2,7452,17979.547632,GB,64,0.5,32,0.5,9,290.317,4.536203125,220448.68195799764,
2,7453,17979.897171,LoR,8,0.5,6,0.75,15,157.213,19.651625,50886.37708077577,
2,7454,17980.110045,SGD,100,1.0,100,1.0,26,167.016,1.6701599999999999,598745.0304162476,
2,7455,17980.315218,GB,8,0.0,0,0.0,28,215.261,26.907625,37164.18673145623,
2,7456,17980.571325,MLP,16,0.0,0,0.0,7,183.42,11.46375,87231.49056809509,
2,7457,17980.795949,AB,16,1.0,16,1.0,5,7827.913,489.2445625,2043.9675300428098,
2,7458,17988.674792,DT,64,0.0,0,0.0,16,84.687,1.323234375,755724.0190347987,
2,7459,17988.840207,AB,100,0.5,56,0.56,26,8468.904,84.68904,11807.90336034037,
2,7460,17997.351214,LoR,1,0.1,0,0.0,27,145.53,145.53,6871.4354428640145,
2,7461,17997.671168,MLP,32,0.1,3,0.09375,28,186.428,5.825875,171648.0357027914,
2,7462,17997.89523,RF,1,0.0,0,0.0,17,2920.152,2920.152,342.4479273681644,10.9
2,7463,18013.446514,RF,16,0.05,2,0.125,25,3073.307,192.0816875,5206.11836045016,
2,7464,18016.567015,NB,32,1.0,32,1.0,22,131.964,4.123875,242490.37616319602,
2,7465,18016.758938,GB,16,0.1,1,0.0625,16,229.771,14.3606875,69634.54918157644,
2,7466,18017.028925,NB,8,1.0,8,1.0,28,110.811,13.851375,72194.99869146565,
2,7467,18017.218683,DT,100,0.5,58,0.58,25,99.908,0.99908,1000920.847179405,
2,7468,18017.415927,NB,100,0.01,1,0.01,15,190.632,1.90632,524570.9010029796,
2,7469,18017.65293,RF,64,1.0,64,1.0,7,3273.799,51.153109375,19549.15375073424,
2,7470,18021.006044,NB,100,0.5,56,0.56,3,161.556,1.61556,618980.4154596548,
2,7471,18021.215535,SGD,64,1.0,64,1.0,26,197.574,3.08709375,323929.26194742223,
2,7472,18021.472605,MLP,16,0.5,9,0.5625,3,182.689,11.4180625,87580.5330370192,
2,7473,18021.71542,GB,16,0.05,1,0.0625,29,223.705,13.9815625,71522.76435484231,
2,7474,18021.98087,GB,8,0.1,0,0.0,18,207.242,25.90525,38602.21383696355,
2,7475,18022.246789,RF,100,0.01,0,0.0,12,3443.232,34.43232,29042.48101783441,
2,7476,18025.735953,RF,16,0.01,0,0.0,15,2977.622,186.101375,5373.415430165414,
2,7477,18028.775185,NB,8,0.5,4,0.5,16,116.675,14.584375,68566.53096207415,
2,7478,18028.94352,DT,64,1.0,64,1.0,0,95.278,1.48871875,671718.5499275803,
2,7479,18029.099264,SGD,32,0.5,18,0.5625,20,161.113,5.03478125,198618.3610261121,
2,7480,18029.318491,MLP,16,0.5,10,0.625,21,180.143,11.2589375,88818.32766191303,
2,7481,18029.57501,LoR,100,0.1,8,0.08,20,163.081,1.6308099999999999,613192.2173643772,
2,7482,18029.78604,SGD,64,1.0,64,1.0,3,152.775,2.387109375,418916.70757650136,
2,7483,18029.977911,SGD,1,0.5,1,1.0,19,143.013,143.013,6992.37132288673,
2,7484,18030.304345,NB,100,0.05,4,0.04,8,159.946,1.5994599999999999,625211.0087154415,
2,7485,18030.514313,AB,64,0.01,0,0.0,1,8313.889,129.904515625,7697.9618082464185,
2,7486,18038.867171,DT,1,0.0,0,0.0,21,81.036,81.036,12340.194481465027,4.0
2,7487,18039.133753,GB,1,0.1,0,0.0,18,203.29,203.29,4919.0811156475975,4.0
2,7488,18051.719698,RF,8,0.01,0,0.0,27,2950.909,368.863625,2711.0290422374933,
2,7489,18054.734186,GB,16,0.5,10,0.625,8,231.822,14.488875,69018.47106831966,
2,7490,18055.034722,AB,64,0.01,0,0.0,25,8259.456,129.054,7748.694345002867,
2,7491,18063.348928,AB,64,0.01,0,0.0,29,8151.443,127.366296875,7851.370610087073,
2,7492,18071.573321,RF,64,0.05,1,0.015625,23,3130.884,48.9200625,20441.511087603372,
2,7493,18074.744102,AB,1,1.0,1,1.0,0,7556.425,7556.425,132.3377126088064,2.0
2,7494,18094.771599,NB,100,1.0,100,1.0,22,152.402,1.52402,656159.3679872968,
2,7495,18094.966845,NB,32,0.0,0,0.0,11,114.923,3.59134375,278447.30819766276,
2,7496,18095.119889,NB,1,0.05,0,0.0,29,97.364,97.364,10270.736617230188,
2,7497,18095.281178,MLP,100,1.0,100,1.0,12,241.23,2.4123,414542.1382083489,
2,7498,18095.566401,RF,32,1.0,32,1.0,28,2980.707,93.14709375,10735.70800484583,
2,7499,18098.632349,MLP,100,0.01,1,0.01,6,244.419,2.4441900000000003,409133.4961684648,
2,7500,18098.922329,MLP,32,1.0,32,1.0,7,187.478,5.8586875,170686.69390541821,
2,7501,18099.147632,DT,1,1.0,1,1.0,7,87.191,87.191,11469.073642921861,4.0
2,7502,18099.41564,AB,1,1.0,1,1.0,28,7580.575,7580.575,131.91611454276227,2.0
2,7503,18119.726478,NB,1,0.01,0,0.0,18,106.641,106.641,9377.256402321807,
2,7504,18119.877893,DT,1,0.0,0,0.0,15,123.966,123.966,8066.727973799268,16.0
2,7505,18120.208432,RF,1,0.01,0,0.0,0,2926.949,2926.949,341.6526902245307,9.42
2,7506,18135.674987,GB,8,0.5,3,0.375,4,239.124,29.8905,33455.445710175474,
2,7507,18135.972472,NB,8,0.5,6,0.75,5,113.126,14.14075,70717.60691618195,
2,7508,18136.144122,AB,32,0.5,16,0.5,21,8064.993,252.03103125,3967.765378097662,
2,7509,18144.302262,DT,100,0.01,1,0.01,6,91.925,0.91925,1087843.3505575198,
2,7510,18144.461872,GB,64,0.1,3,0.046875,16,278.257,4.347765625,230003.19848197888,
2,7511,18144.779195,MLP,1,1.0,1,1.0,1,193.351,193.351,5171.941184684848,
2,7512,18145.141236,LoR,16,0.01,0,0.0,5,154.785,9.6740625,103369.18952094842,
2,7513,18145.345909,NB,64,0.0,0,0.0,18,134.167,2.096359375,477017.4484038549,
2,7514,18145.518138,DT,1,0.5,1,1.0,4,86.872,86.872,11511.188875587071,11.0
2,7515,18145.801516,SGD,1,0.05,0,0.0,1,152.379,152.379,6562.584083108565,
2,7516,18146.104253,NB,16,1.0,16,1.0,21,112.307,7.0191875,142466.6316436197,
2,7517,18146.284151,SGD,64,0.1,5,0.078125,12,158.328,2.473875,404224.1422868981,
2,7518,18146.481683,GB,1,0.1,0,0.0,3,269.58,269.58,3709.473996587284,4.0
2,7519,18159.142443,NB,64,0.05,1,0.015625,0,136.305,2.129765625,469535.23348373134,
2,7520,18159.31854,LoR,8,0.1,0,0.0,18,152.721,19.090125,52383.103829859676,
2,7521,18159.510333,DT,1,0.5,1,1.0,21,85.638,85.638,11677.059249398631,11.0
2,7522,18159.777946,GB,16,0.0,0,0.0,11,215.479,13.4674375,74253.17548345777,
2,7523,18160.034396,RF,16,1.0,16,1.0,25,3011.773,188.2358125,5312.485369913336,
2,7524,18163.098559,MLP,64,0.0,0,0.0,11,231.846,3.62259375,276045.3059358367,
2,7525,18163.390158,LoR,100,1.0,100,1.0,19,167.197,1.67197,598096.855804829,
2,7526,18163.626464,DT,64,0.5,35,0.546875,25,96.98,1.5153125,659929.8824499897,
2,7527,18163.761065,RF,1,0.5,0,0.0,23,2862.993,2862.993,349.2848218629944,9.99
2,7528,18179.539461,LoR,16,0.5,9,0.5625,11,221.469,13.8418125,72244.87400042445,
2,7529,18179.845781,NB,100,0.05,4,0.04,19,161.48,1.6147999999999998,619271.736437949,
2,7530,18180.06629,AB,100,0.0,0,0.0,21,8909.943,89.09943,11223.416356311147,
2,7531,18189.043192,GB,64,0.0,0,0.0,4,285.692,4.4639375,224017.4733629223,
2,7532,18189.377509,SGD,32,1.0,32,1.0,8,180.242,5.6325625,177539.08633947693,
2,7533,18189.603702,NB,16,0.01,0,0.0,0,116.838,7.302375,136941.74840377274,
2,7534,18189.787937,MLP,64,0.5,24,0.375,9,231.696,3.62025,276224.0176783371,
2,7535,18190.062878,DT,32,0.0,0,0.0,0,91.782,2.8681875,348652.24118018785,
2,7536,18190.201666,AB,64,1.0,64,1.0,11,8385.207,131.018859375,7632.488977314453,
2,7537,18198.67677,RF,16,0.5,7,0.4375,14,3038.691,189.9181875,5265.425145235235,
2,7538,18201.779516,MLP,8,0.1,1,0.125,3,189.251,23.656375,42271.90345097252,
2,7539,18202.009711,DT,16,1.0,16,1.0,7,90.208,5.638,177367.860943597,
2,7540,18202.138525,RF,16,0.0,0,0.0,15,3082.18,192.63625,5191.130952767197,
2,7541,18205.263674,GB,16,0.0,0,0.0,16,246.76,15.4225,64840.3306856865,
2,7542,18205.575476,NB,32,0.5,16,0.5,2,126.021,3.93815625,253925.93297942408,
2,7543,18205.736732,GB,1,0.0,0,0.0,1,202.639,202.639,4934.884202942178,4.0
2,7544,18218.406546,RF,8,0.1,2,0.25,6,3121.953,390.244125,2562.4985385750524,
2,7545,18221.574214,LoR,16,0.05,0,0.0,17,168.354,10.522125,95037.83693883127,
2,7546,18221.783794,MLP,16,1.0,16,1.0,26,183.469,11.4668125,87208.19320975206,
2,7547,18222.033475,SGD,32,0.5,16,0.5,25,155.62,4.863125,205629.09651715716,
2,7548,18222.246732,LoR,100,0.0,0,0.0,3,159.881,1.59881,625465.1897348653,
2,7549,18222.463218,DT,8,0.05,2,0.25,22,86.7,10.8375,92272.2029988466,
2,7550,18222.590243,GB,8,1.0,8,1.0,19,211.997,26.499625,37736.38306202446,
2,7551,18222.842072,SGD,1,0.5,1,1.0,1,151.425,151.425,6603.929337956083,
2,7552,18223.177378,DT,64,0.5,30,0.46875,21,92.583,1.446609375,691271.6157393906,
2,7553,18223.313417,NB,32,0.05,0,0.0,5,121.449,3.79528125,263485.0842740574,
2,7554,18223.498867,GB,64,0.5,38,0.59375,18,259.001,4.046890625,247103.29303747864,
2,7555,18223.797025,NB,8,0.0,0,0.0,27,112.89,14.11125,70865.44423775356,
2,7556,18223.945896,LoR,1,1.0,1,1.0,8,149.981,149.981,6667.511218087625,
2,7557,18224.271521,RF,32,0.05,4,0.125,21,3051.365,95.35515625,10487.109867223358,
2,7558,18227.368986,RF,32,0.0,0,0.0,8,3006.096,93.9405,10645.035953608933,
2,7559,18230.456159,SGD,100,0.1,8,0.08,24,185.257,1.85257,539790.6691784926,
2,7560,18230.711186,LoR,64,0.1,8,0.125,27,162.001,2.531265625,395059.2897574706,
2,7561,18230.947463,RF,100,0.5,54,0.54,20,3276.344,32.76344,30521.82554701216,
2,7562,18234.312644,AB,100,0.5,59,0.59,2,8616.03,86.1603,11606.27342291055,
2,7563,18243.001293,LoR,64,0.01,1,0.015625,19,161.907,2.529796875,395288.6533627329,
2,7564,18243.201058,RF,1,0.0,0,0.0,9,2828.866,2828.866,353.4985396975325,9.35
2,7565,18259.925237,SGD,16,0.1,2,0.125,5,360.354,22.522125,44400.783673831844,
2,7566,18260.344823,AB,8,0.01,0,0.0,17,8103.556,1012.9445,987.2209188163814,
2,7567,18268.507256,DT,16,0.0,0,0.0,5,82.345,5.1465625,194304.45078632582,
2,7568,18268.644512,LoR,64,1.0,64,1.0,1,177.918,2.77996875,359716.2737890489,
2,7569,18268.860437,SGD,1,1.0,1,1.0,17,145.321,145.321,6881.317910006124,
2,7570,18269.194046,MLP,64,0.1,7,0.109375,19,223.055,3.485234375,286924.7495012441,
2,7571,18269.474607,LoR,8,0.5,2,0.25,21,144.126,18.01575,55506.98694198132,
2,7572,18269.656769,SGD,1,0.1,0,0.0,20,138.718,138.718,7208.869793393792,
2,7573,18269.977388,GB,100,1.0,100,1.0,13,325.148,3.2514800000000004,307552.2531278064,
2,7574,18270.348389,SGD,16,0.01,0,0.0,13,179.45,11.215625,89161.32627472834,
2,7575,18270.608419,NB,100,0.0,0,0.0,23,167.227,1.6722700000000001,597989.5591022981,
2,7576,18270.811903,DT,1,0.0,0,0.0,26,88.873,88.873,11252.011297019342,16.0
2,7577,18271.111248,LoR,8,0.01,0,0.0,27,154.123,19.265375,51906.59408394594,
2,7578,18271.310774,LoR,32,0.05,0,0.0,24,149.426,4.6695625,214152.82480960476,
2,7579,18271.528941,LoR,64,0.01,1,0.015625,5,153.449,2.397640625,417076.6834583477,
2,7580,18271.743552,RF,32,0.0,0,0.0,13,3192.591,99.76846875,10023.20685612407,
2,7581,18274.982607,LoR,32,0.0,0,0.0,1,163.743,5.11696875,195428.2015109043,
2,7582,18275.204643,GB,100,0.0,0,0.0,19,296.857,2.96857,336862.52977022604,
2,7583,18275.543455,SGD,16,0.0,0,0.0,14,159.792,9.987,100130.16921998598,
2,7584,18275.768006,RF,32,0.05,1,0.03125,18,3104.984,97.03075,10306.011238705256,
2,7585,18278.915702,SGD,1,0.05,0,0.0,26,159.437,159.437,6272.069845769802,
2,7586,18279.255985,NB,32,0.05,1,0.03125,24,123.853,3.87040625,258370.81055767727,
2,7587,18279.427537,RF,64,1.0,64,1.0,15,3345.839,52.278734375,19128.23659476741,
2,7588,18282.815636,DT,1,0.01,0,0.0,23,91.777,91.777,10895.976116020354,16.0
2,7589,18283.109548,DT,64,0.0,0,0.0,14,94.475,1.476171875,677427.8909764489,
2,7590,18283.260693,MLP,8,0.1,1,0.125,10,185.401,23.175125,43149.7133240921,
2,7591,18283.486866,AB,16,1.0,16,1.0,3,7979.635,498.7271875,2005.1042434898338,
2,7592,18291.521371,SGD,1,1.0,1,1.0,13,218.313,218.313,4580.579260053227,
2,7593,18291.932001,SGD,64,0.05,2,0.03125,9,286.15,4.47109375,223658.9201467762,
2,7594,18292.307262,AB,32,0.01,0,0.0,12,9394.142,293.5669375,3406.3781450184592,
2,7595,18301.780605,DT,1,0.01,0,0.0,27,114.422,114.422,8739.578053171594,16.0
2,7596,18302.1813,MLP,100,0.5,46,0.46,9,313.227,3.1322699999999997,319257.27986412414,
2,7597,18302.570653,SGD,64,0.0,0,0.0,22,182.017,2.844015625,351615.5084415192,
2,7598,18302.798841,MLP,1,0.05,0,0.0,28,176.878,176.878,5653.614355657573,
2,7599,18303.144567,SGD,1,1.0,1,1.0,24,154.361,154.361,6478.320301112328,
2,7600,18303.483517,AB,16,0.05,1,0.0625,27,8159.632,509.977,1960.872745241452,
2,7601,18311.732734,NB,64,0.5,34,0.53125,1,144.345,2.255390625,443382.17465100973,
2,7602,18311.940505,GB,32,0.05,1,0.03125,5,276.911,8.65346875,115560.59528151645,
2,7603,18312.258588,MLP,16,1.0,16,1.0,1,246.316,15.39475,64957.20943828253,
2,7604,18312.549644,DT,32,0.0,0,0.0,25,91.705,2.86578125,348944.98664194974,
2,7605,18312.710095,RF,64,0.1,12,0.1875,16,3357.605,52.462578125,19061.20582975067,
2,7606,18316.111464,NB,16,0.0,0,0.0,23,123.876,7.74225,129161.41948400013,
2,7607,18316.296394,MLP,100,1.0,100,1.0,0,248.15,2.4815,402982.0672980052,
2,7608,18316.605697,AB,16,0.5,9,0.5625,2,8188.291,511.7681875,1954.0096950633533,
2,7609,18324.836181,SGD,16,1.0,16,1.0,24,155.798,9.737375,102697.0821191543,
2,7610,18325.033077,DT,1,0.05,0,0.0,28,82.505,82.505,12120.477546815346,16.0
2,7611,18325.340463,LoR,16,0.05,1,0.0625,19,154.164,9.63525,103785.57899379882,
2,7612,18325.568955,LoR,100,0.05,6,0.06,22,177.17,1.7716999999999998,564429.6438448947,
2,7613,18325.817973,MLP,16,0.1,2,0.125,7,175.328,10.958,91257.52874612155,
2,7614,18326.050139,NB,100,1.0,100,1.0,9,152.221,1.52221,656939.5812667109,
2,7615,18326.241938,LoR,16,0.0,0,0.0,10,150.178,9.386125,106540.23891648577,
2,7616,18326.433835,NB,16,0.01,0,0.0,1,107.675,6.7296875,148595.30996052938,
2,7617,18326.664764,DT,64,0.05,1,0.015625,11,94.99,1.48421875,673755.1321191705,
2,7618,18326.815523,AB,16,0.05,2,0.125,18,8084.052,505.25325,1979.20547764908,
2,7619,18334.940372,LoR,8,0.0,0,0.0,28,150.738,18.84225,53072.21802067163,
2,7620,18335.128975,LoR,1,0.0,0,0.0,8,141.503,141.503,7066.987979053449,
2,7621,18335.447284,AB,32,0.05,2,0.0625,14,8196.237,256.13240625,3904.2306853742766,
2,7622,18343.708119,SGD,16,0.01,1,0.0625,22,156.593,9.7870625,102175.70389481013,
2,7623,18343.90795,AB,8,0.01,0,0.0,3,8082.978,1010.37225,989.7342291417841,
2,7624,18352.058339,MLP,32,0.05,2,0.0625,24,195.152,6.0985,163974.74788882514,
2,7625,18352.301256,DT,32,0.01,0,0.0,1,104.164,3.255125,307207.86452133174,
2,7626,18352.493067,AB,16,0.05,1,0.0625,17,8524.032,532.752,1877.0459801183292,
2,7627,18361.085835,SGD,1,0.05,0,0.0,17,174.167,174.167,5741.615805519989,
2,7628,18361.432778,DT,32,0.01,0,0.0,5,91.089,2.84653125,351304.7678643964,
2,7629,18361.568338,NB,32,1.0,32,1.0,9,129.276,4.039875,247532.4112751013,
2,7630,18361.780441,NB,100,0.01,2,0.02,22,145.555,1.4555500000000001,687025.5229981793,
2,7631,18361.963584,RF,1,0.5,1,1.0,2,3063.114,3063.114,326.4651593117331,7.88
2,7632,18378.067798,LoR,64,1.0,64,1.0,26,177.309,2.770453125,360951.7847373794,
2,7633,18378.286656,MLP,1,0.5,1,1.0,2,177.25,177.25,5641.748942172073,
2,7634,18378.669141,AB,64,0.01,0,0.0,23,8464.157,132.252453125,7561.296417351427,
2,7635,18387.207459,AB,64,0.1,11,0.171875,16,8353.123,130.517546875,7661.805051835105,
2,7636,18395.643025,AB,100,0.1,16,0.16,10,8684.156,86.84156000000002,11515.223816799236,
2,7637,18404.391167,MLP,16,0.5,11,0.6875,22,191.405,11.9628125,83592.38264413155,
2,7638,18404.626937,MLP,16,0.05,0,0.0,22,174.899,10.9311875,91481.3692473942,
2,7639,18404.842923,AB,16,1.0,16,1.0,12,8069.772,504.36075,1982.7078138019265,
2,7640,18412.95202,RF,1,0.0,0,0.0,29,2987.536,2987.536,334.72399997857764,11.21
2,7641,18428.992269,GB,100,0.01,1,0.01,20,322.725,3.22725,309861.33705166937,
2,7642,18429.359215,LoR,8,0.05,0,0.0,1,165.722,20.71525,48273.61484896392,
2,7643,18429.56634,RF,1,0.05,0,0.0,22,2969.818,2969.818,336.7209707800276,12.61
2,7644,18445.570444,DT,100,0.5,50,0.5,12,100.955,1.00955,990540.3397553365,
2,7645,18445.732808,GB,32,0.1,4,0.125,10,260.494,8.1404375,122843.52038818551,
2,7646,18446.072068,SGD,100,0.05,6,0.06,21,184.482,1.84482,542058.3037911558,
2,7647,18446.338392,RF,100,0.0,0,0.0,21,3426.441,34.26441,29184.80137261958,
2,7648,18449.810074,MLP,8,0.1,0,0.0,23,197.475,24.684375,40511.45714647424,
2,7649,18450.079677,RF,64,0.1,3,0.046875,19,3323.887,51.935734375,19254.56551320788,
2,7650,18453.472035,MLP,32,0.5,11,0.34375,10,209.445,6.54515625,152784.74062403018,
2,7651,18453.743085,AB,8,0.1,1,0.125,4,8087.404,1010.9255,989.1925765053903,
2,7652,18461.87386,NB,16,1.0,16,1.0,7,119.67,7.479375,133701.01111389656,
2,7653,18462.042805,MLP,64,0.0,0,0.0,0,215.204,3.3625625,297392.24177989253,
2,7654,18462.300346,RF,16,1.0,16,1.0,11,2973.768,185.8605,5380.379370549417,
2,7655,18465.334186,SGD,100,1.0,100,1.0,23,184.131,1.84131,543091.603260722,
2,7656,18465.559609,MLP,8,0.0,0,0.0,16,176.507,22.063375,45323.98148515356,
2,7657,18465.797434,LoR,16,0.5,6,0.375,22,152.934,9.558375,104620.29372147462,
2,7658,18466.012346,NB,32,0.05,2,0.0625,10,121.564,3.798875,263235.8263959725,
2,7659,18466.199526,GB,64,0.5,34,0.53125,1,281.951,4.405484375,226989.7960993222,
2,7660,18466.524738,GB,8,0.01,0,0.0,29,224.182,28.02275,35685.29141501102,
2,7661,18466.799472,MLP,64,1.0,64,1.0,3,220.405,3.443828125,290374.5377827182,
2,7662,18467.077668,AB,100,0.0,0,0.0,12,9064.992,90.64992000000001,11031.449338289543,
2,7663,18476.2365,DT,64,0.05,3,0.046875,27,95.231,1.487984375,672050.0677300459,
2,7664,18476.37247,LoR,1,1.0,1,1.0,24,171.432,171.432,5833.216668999954,
2,7665,18476.717015,MLP,1,0.01,0,0.0,20,180.766,180.766,5532.013763650244,
2,7666,18477.059137,MLP,8,0.05,0,0.0,1,181.213,22.651625,44146.943100108714,
2,7667,18477.309902,RF,32,0.05,1,0.03125,12,3262.047,101.93896875,9809.79121392181,
2,7668,18480.637363,SGD,8,0.5,5,0.625,20,173.288,21.661,46165.92031762153,
2,7669,18480.89445,GB,100,0.01,2,0.02,5,321.437,3.21437,311102.9533003357,
2,7670,18481.258026,AB,8,1.0,8,1.0,3,8071.869,1008.983625,991.0963619454182,
2,7671,18489.390294,GB,100,0.0,0,0.0,11,283.38,2.8338,352883.05455572024,
2,7672,18489.740024,MLP,32,0.1,4,0.125,19,212.955,6.65484375,150266.48822521188,
2,7673,18490.023182,DT,64,0.1,4,0.0625,25,98.029,1.531703125,652868.028848606,
2,7674,18490.164164,GB,8,0.1,0,0.0,24,214.595,26.824375,37279.526550012815,
2,7675,18490.420776,AB,8,0.05,0,0.0,17,8025.696,1003.212,996.7982839120745,
2,7676,18498.489413,SGD,16,0.0,0,0.0,0,161.355,10.0846875,99160.23674506524,
2,7677,18498.718401,LoR,32,0.1,5,0.15625,4,152.647,4.77021875,209633.99215182744,
2,7678,18498.914807,GB,32,0.0,0,0.0,2,223.171,6.97409375,143387.8057632936,
2,7679,18499.185463,NB,32,0.01,0,0.0,27,129.855,4.05796875,246428.70894459207,
2,7680,18499.357364,NB,32,1.0,32,1.0,2,116.631,3.64471875,274369.5929898569,
2,7681,18499.534447,GB,32,0.01,1,0.03125,27,232.875,7.27734375,137412.77509393453,
2,7682,18499.811274,MLP,16,0.05,0,0.0,26,189.264,11.829,84537.99983092399,
2,7683,18500.047752,DT,32,0.01,0,0.0,17,92.113,2.87853125,347399.3898798215,
2,7684,18500.215789,AB,100,0.5,51,0.51,29,8736.531,87.36531000000001,11446.190713453658,
2,7685,18509.021413,SGD,100,0.0,0,0.0,11,170.749,1.70749,585654.9672326046,
2,7686,18509.263354,AB,64,0.1,8,0.125,23,8392.933,131.139578125,7625.4629936876645,
2,7687,18517.73655,DT,100,0.05,6,0.06,24,91.803,0.91803,1089289.0210559568,
2,7688,18517.865307,GB,1,1.0,1,1.0,11,198.259,198.259,5043.907212282923,4.0
2,7689,18530.911992,GB,8,0.05,0,0.0,19,210.676,26.3345,37973.00119614954,
2,7690,18531.163971,NB,1,0.5,1,1.0,4,106.37,106.37,9401.14693992667,
2,7691,18531.327931,AB,64,1.0,64,1.0,16,8622.595,134.728046875,7422.359510101078,
2,7692,18540.008637,NB,16,0.01,0,0.0,9,118.65,7.415625,134850.400337126,
2,7693,18540.2093,RF,100,0.01,1,0.01,2,3521.789,35.217890000000004,28394.65964599242,
2,7694,18543.805524,RF,64,0.5,27,0.421875,15,3309.611,51.712671875,19337.62004054253,
2,7695,18547.178186,MLP,8,0.5,5,0.625,10,213.526,26.69075,37466.16337120538,
2,7696,18547.433953,AB,8,0.05,0,0.0,2,8028.36,1003.545,996.4675226322687,
2,7697,18555.513737,SGD,64,0.0,0,0.0,17,165.263,2.582234375,387261.5164918947,
2,7698,18555.721316,SGD,8,0.05,0,0.0,18,172.794,21.59925,46297.90386240263,
2,7699,18555.936584,GB,16,0.05,0,0.0,20,246.189,15.3868125,64990.71851301236,
2,7700,18556.225301,LoR,8,0.1,0,0.0,20,153.642,19.20525,52069.095689980604,
2,7701,18556.437854,RF,16,0.05,3,0.1875,21,3069.543,191.8464375,5212.50231712017,
2,7702,18559.569299,DT,100,0.01,0,0.0,22,101.18,1.0118,988337.6161296698,
2,7703,18559.708721,MLP,8,0.0,0,0.0,8,183.471,22.933875,43603.621280747364,
2,7704,18559.933447,GB,16,1.0,16,1.0,21,231.734,14.483375,69044.68053889374,
2,7705,18560.205207,NB,8,1.0,8,1.0,8,113.931,14.241375,70217.93892794762,
2,7706,18560.385586,GB,64,0.1,8,0.125,1,252.046,3.93821875,253921.90314466407,
2,7707,18560.694664,LoR,100,0.0,0,0.0,27,174.105,1.74105,574366.0434795095,
2,7708,18560.932368,NB,32,0.1,1,0.03125,10,119.163,3.72384375,268539.73129243136,
2,7709,18561.106463,AB,16,0.5,8,0.5,29,7987.75,499.234375,2003.0671966448624,
2,7710,18569.144857,DT,64,1.0,64,1.0,15,84.246,1.31634375,759679.9848064004,
2,7711,18569.268134,MLP,16,1.0,16,1.0,15,178.8,11.175,89485.45861297539,
2,7712,18569.504096,GB,100,0.0,0,0.0,5,267.911,2.67911,373258.2835344573,
2,7713,18569.8366,GB,32,0.1,4,0.125,9,228.024,7.12575,140336.10497140652,
2,7714,18570.122414,GB,100,1.0,100,1.0,24,308.38,3.0838,324275.24482780986,
2,7715,18570.495348,NB,16,0.05,1,0.0625,0,171.676,10.72975,93198.81637503204,
2,7716,18570.715038,NB,64,0.0,0,0.0,2,128.704,2.011,497265.04226752854,
2,7717,18570.920075,NB,100,0.1,8,0.08,20,141.031,1.41031,709063.964660252,
2,7718,18571.124903,DT,64,0.1,8,0.125,2,94.638,1.47871875,676261.1213254718,
2,7719,18571.291525,GB,100,0.01,1,0.01,10,269.441,2.6944099999999995,371138.76507287315,
2,7720,18571.630838,MLP,64,0.01,1,0.015625,28,219.14,3.4240625,292050.7438167382,
2,7721,18571.890068,NB,1,0.05,0,0.0,13,101.867,101.867,9816.721803920798,
2,7722,18572.053072,NB,64,0.01,0,0.0,3,127.671,1.994859375,501288.4680154459,
2,7723,18572.246013,NB,64,0.05,4,0.0625,17,127.009,1.984515625,503901.298333189,
2,7724,18572.427437,NB,100,0.01,0,0.0,12,142.856,1.42856,700005.6000448004,
2,7725,18572.607168,GB,1,0.5,0,0.0,13,201.384,201.384,4965.637786517301,4.0
2,7726,18586.023436,NB,32,0.01,0,0.0,14,138.422,4.3256875,231177.12502347893,
2,7727,18586.209047,DT,8,0.0,0,0.0,29,97.337,12.167125,82188.68467283767,
2,7728,18586.352706,LoR,32,0.1,0,0.0,5,175.144,5.47325,182706.80126067693,
2,7729,18586.579687,DT,32,1.0,32,1.0,0,104.575,3.26796875,306000.47812574706,
2,7730,18586.723639,SGD,1,0.5,1,1.0,0,152.94,152.94,6538.511834706421,
2,7731,18587.088344,SGD,16,0.01,0,0.0,0,153.633,9.6020625,104144.29191645024,
2,7732,18587.316389,LoR,16,0.1,2,0.125,5,191.374,11.960875,83605.92347967853,
2,7733,18587.590474,AB,100,0.05,1,0.01,7,9192.982,91.92982,10877.863135161148,
2,7734,18596.86876,LoR,32,0.5,15,0.46875,18,172.911,5.40346875,185066.30578737037,
2,7735,18597.084311,SGD,16,0.01,0,0.0,25,150.116,9.38225,106584.24151989128,
2,7736,18597.272335,SGD,8,1.0,8,1.0,13,142.213,17.776625,56253.64769746789,
2,7737,18597.454993,GB,8,0.05,0,0.0,29,250.175,31.271875,31977.615669031675,
2,7738,18597.765644,SGD,16,0.05,2,0.125,4,155.173,9.6983125,103110.72158171846,
2,7739,18597.96069,MLP,8,0.01,0,0.0,12,183.457,22.932125,43606.94876728607,
2,7740,18598.20279,NB,16,0.05,2,0.125,13,116.671,7.2919375,137137.76345450027,
2,7741,18598.376274,GB,100,1.0,100,1.0,15,348.635,3.48635,286832.9341575,
2,7742,18598.766443,DT,8,1.0,8,1.0,14,91.759,11.469875,87184.90829237459,
2,7743,18598.917692,LoR,16,0.1,1,0.0625,11,242.309,15.1443125,66031.38967186527,
2,7744,18599.200991,RF,1,0.01,0,0.0,6,3220.624,3220.624,310.4988350083711,11.0
2,7745,18615.488359,AB,32,0.05,5,0.15625,9,8464.535,264.51671875,3780.4793765989507,
2,7746,18624.040589,GB,100,0.01,1,0.01,9,308.501,3.0850099999999996,324148.0578669113,
2,7747,18624.390918,SGD,1,0.5,0,0.0,4,170.546,170.546,5863.520692364524,
2,7748,18624.778216,NB,64,0.5,30,0.46875,4,137.507,2.148546875,465430.85079305054,
2,7749,18624.970746,NB,8,0.01,1,0.125,2,105.946,13.24325,75510.16555603799,
2,7750,18625.147777,NB,100,0.1,12,0.12,6,139.189,1.3918899999999998,718447.5784724368,
2,7751,18625.33866,NB,8,0.5,4,0.5,11,102.537,12.817125,78020.61694802852,
2,7752,18625.510468,DT,100,0.5,48,0.48,13,97.949,0.97949,1020939.4684989128,
2,7753,18625.678521,GB,100,0.05,7,0.07,19,292.379,2.9237900000000003,342021.82783305226,
2,7754,18626.033894,GB,32,0.1,2,0.0625,29,225.923,7.06009375,141641.17863165768,
2,7755,18626.321104,DT,32,0.5,17,0.53125,29,92.056,2.87675,347614.49552446336,
2,7756,18626.484651,NB,100,0.05,2,0.02,11,196.427,1.96427,509094.9818507639,
2,7757,18626.726407,AB,32,0.01,0,0.0,27,8047.922,251.4975625,3976.181677705127,
2,7758,18634.839048,LoR,16,0.01,1,0.0625,27,158.488,9.9055,100954.01544596437,
2,7759,18635.055719,MLP,100,1.0,100,1.0,17,248.004,2.48004,403219.30291446915,
2,7760,18635.367993,DT,32,0.5,9,0.28125,0,90.924,2.841375,351942.2814658396,
2,7761,18635.496735,SGD,16,1.0,16,1.0,29,153.068,9.56675,104528.70619593906,
2,7762,18635.688768,RF,1,0.1,0,0.0,22,3022.599,3022.599,330.84110727225146,9.85
2,7763,18651.63517,MLP,64,0.0,0,0.0,12,227.036,3.5474375,281893.6203950034,
2,7764,18651.905022,MLP,16,0.0,0,0.0,14,179.662,11.228875,89056.11648540036,
2,7765,18652.122841,LoR,1,0.0,0,0.0,23,147.299,147.299,6788.91234835267,
2,7766,18652.426495,SGD,16,0.1,0,0.0,0,149.189,9.3243125,107246.51281260683,
2,7767,18652.613933,GB,1,0.0,0,0.0,2,207.542,207.542,4818.301837700321,4.0
2,7768,18665.429301,SGD,8,0.1,1,0.125,19,159.788,19.9735,50066.33789771447,
2,7769,18665.666341,LoR,100,0.1,15,0.15,17,168.934,1.68934,591947.1509583625,
2,7770,18665.875232,RF,16,1.0,16,1.0,7,2988.11,186.756875,5354.55522052401,
2,7771,18668.908655,SGD,8,0.01,0,0.0,4,164.944,20.618,48501.30953535746,
2,7772,18669.135419,SGD,16,0.5,7,0.4375,3,154.906,9.681625,103288.44589622093,
2,7773,18669.330805,MLP,8,0.01,0,0.0,26,174.456,21.807,45856.83496125098,
2,7774,18669.54652,RF,16,1.0,16,1.0,15,2995.592,187.2245,5341.181309070127,
2,7775,18672.595461,SGD,64,0.0,0,0.0,3,175.989,2.749828125,363659.09232963424,
2,7776,18672.853868,NB,100,0.01,2,0.02,19,152.171,1.52171,657155.4369755079,
2,7777,18673.074081,SGD,64,0.1,5,0.078125,1,167.475,2.616796875,382146.58904314076,
2,7778,18673.282539,AB,8,0.05,0,0.0,16,7997.427,999.678375,1000.3217284759211,
2,7779,18681.354041,AB,64,0.1,8,0.125,24,8278.809,129.356390625,7730.580570224534,
2,7780,18689.713945,GB,100,0.01,1,0.01,29,279.372,2.79372,357945.6781638818,
2,7781,18690.035543,SGD,1,0.01,0,0.0,21,158.362,158.362,6314.646190373954,
2,7782,18690.383918,MLP,100,0.05,9,0.09,15,240.579,2.40579,415663.8775620482,
2,7783,18690.701922,MLP,100,0.1,10,0.1,25,230.986,2.30986,432926.67088048626,
2,7784,18690.989307,AB,100,1.0,100,1.0,4,8634.745,86.34745000000001,11581.117913731094,
2,7785,18699.667149,SGD,16,1.0,16,1.0,1,154.396,9.64975,103629.62771056246,
2,7786,18699.863904,SGD,8,0.1,0,0.0,27,146.439,18.304875,54630.255601308396,
2,7787,18700.071534,RF,100,0.0,0,0.0,26,3449.19,34.4919,28992.314137522142,
2,7788,18703.567804,MLP,16,0.01,0,0.0,1,194.355,12.1471875,82323.58313395591,
2,7789,18703.834225,GB,64,0.5,30,0.46875,11,274.752,4.293,232937.33985557884,
2,7790,18704.154869,LoR,32,1.0,32,1.0,29,164.958,5.1549375,193988.77289976843,
2,7791,18704.360925,LoR,1,0.1,0,0.0,29,145.841,145.841,6856.7823862974055,
2,7792,18704.651396,MLP,1,1.0,1,1.0,17,161.418,161.418,6195.095962036452,
2,7793,18704.985634,AB,32,0.5,22,0.6875,26,8136.035,254.25109375,3933.119756736543,
2,7794,18713.203398,AB,100,0.01,1,0.01,9,8994.079,89.94078999999999,11118.425799906805,
2,7795,18722.264101,AB,1,0.1,0,0.0,14,7774.285,7774.285,128.6291922665557,2.0
2,7796,18742.772652,GB,64,0.0,0,0.0,10,295.526,4.61759375,216563.0096844271,
2,7797,18743.111311,SGD,16,0.0,0,0.0,1,178.685,11.1678125,89543.0506198058,
2,7798,18743.353452,GB,32,0.05,2,0.0625,0,242.394,7.5748125,132016.46905451454,
2,7799,18743.637522,LoR,8,0.01,0,0.0,22,157.183,19.647875,50896.08927174059,
2,7800,18743.83431,AB,1,0.5,1,1.0,28,7687.006,7687.006,130.08966039573795,2.0
2,7801,18763.994417,LoR,64,0.0,0,0.0,2,165.466,2.58540625,386786.4092925435,
2,7802,18764.199161,LoR,8,0.0,0,0.0,19,146.294,18.28675,54684.402641256645,
2,7803,18764.405314,RF,16,0.01,1,0.0625,11,3132.961,195.8100625,5106.989841239645,
2,7804,18767.59772,AB,100,0.0,0,0.0,17,8557.985,85.57985000000001,11684.993605387248,
2,7805,18776.210679,RF,64,0.01,0,0.0,21,3277.264,51.20725,19528.484736048118,
2,7806,18779.540171,NB,64,1.0,64,1.0,11,146.283,2.285671875,437508.11782640504,
2,7807,18779.728376,SGD,8,1.0,8,1.0,25,158.024,19.753,50625.221485343995,
2,7808,18779.95608,GB,64,0.1,4,0.0625,13,259.242,4.05065625,246873.57758387915,
2,7809,18780.256297,NB,1,0.1,0,0.0,6,105.458,105.458,9482.447988772781,
2,7810,18780.427,DT,100,0.0,0,0.0,11,99.05,0.9904999999999999,1009591.1155981828,
2,7811,18780.592828,LoR,64,0.5,29,0.453125,3,162.718,2.54246875,393318.50194815575,
2,7812,18780.803619,GB,64,1.0,64,1.0,5,246.813,3.856453125,259305.62814762595,
2,7813,18781.093902,SGD,16,0.01,0,0.0,20,156.449,9.7780625,102269.74924735856,
2,7814,18781.312179,AB,32,0.1,5,0.15625,2,8129.961,254.06128125,3936.0582418538047,
2,7815,18789.493918,MLP,64,1.0,64,1.0,10,224.21,3.50328125,285446.6794522992,
2,7816,18789.7892,MLP,100,1.0,100,1.0,2,225.308,2.2530799999999997,443836.8810694694,
2,7817,18790.078662,LoR,32,0.1,5,0.15625,0,150.36,4.69875,212822.55919127425,
2,7818,18790.267976,GB,1,0.01,0,0.0,8,195.999,195.999,5102.066847279833,4.0
2,7819,18802.798515,MLP,100,0.01,0,0.0,24,237.482,2.37482,421084.54535501637,
2,7820,18803.089938,LoR,64,0.01,0,0.0,22,159.035,2.484921875,402427.13868016476,
2,7821,18803.317274,MLP,64,0.5,35,0.546875,3,203.043,3.172546875,315204.1685751294,
2,7822,18803.57905,AB,16,0.01,1,0.0625,22,7852.48,490.78,2037.5728432291455,
2,7823,18811.482971,AB,64,1.0,64,1.0,21,8304.045,129.750703125,7707.08732912695,
2,7824,18819.832257,LoR,32,0.0,0,0.0,19,153.154,4.7860625,208940.02115517715,
2,7825,18820.050088,MLP,32,0.05,1,0.03125,26,245.84,7.6825,130165.96160104133,
2,7826,18820.365371,AB,32,0.0,0,0.0,26,8118.661,253.70815625,3941.536664728334,
2,7827,18828.532024,DT,32,0.01,0,0.0,2,96.027,3.00084375,333239.60969310714,
2,7828,18828.709833,GB,64,0.1,9,0.140625,3,253.277,3.957453125,252687.7687275197,
2,7829,18829.032822,GB,64,0.5,29,0.453125,25,258.407,4.037609375,247671.3092137597,
2,7830,18829.360262,NB,64,0.05,4,0.0625,12,138.132,2.1583125,463324.93556887616,
2,7831,18829.554394,AB,16,0.1,4,0.25,28,7934.906,495.931625,2016.4069996544383,
2,7832,18837.554509,MLP,32,0.5,16,0.5,27,192.214,6.0066875,166481.10959659546,
2,7833,18837.806748,GB,16,0.5,8,0.5,18,215.284,13.45525,74320.43254491742,
2,7834,18838.086632,AB,32,0.05,1,0.03125,20,7993.646,249.8014375,4003.1795253379996,
2,7835,18846.123318,NB,8,0.01,0,0.0,22,106.993,13.374125,74771.24671707496,
2,7836,18846.28599,SGD,100,0.0,0,0.0,2,167.577,1.67577,596740.602827357,
2,7837,18846.514631,AB,100,0.0,0,0.0,2,8512.56,85.12559999999999,11747.34744894603,
2,7838,18855.072218,GB,16,0.01,0,0.0,25,209.181,13.0738125,76488.78244199998,
2,7839,18855.345825,RF,32,0.1,2,0.0625,2,3101.387,96.91834375,10317.964188280921,
2,7840,18858.510813,RF,16,0.5,6,0.375,13,3007.322,187.957625,5320.348136980343,
2,7841,18861.589773,SGD,64,0.01,2,0.03125,15,174.83,2.73171875,366069.8964708574,
2,7842,18861.813729,GB,64,0.0,0,0.0,21,248.023,3.875359375,258040.584945751,
2,7843,18862.140243,MLP,100,0.1,12,0.12,18,242.051,2.4205099999999997,413136.07462890056,
2,7844,18862.422803,SGD,1,0.5,0,0.0,25,169.952,169.952,5884.014309922802,
2,7845,18862.7682,AB,32,1.0,32,1.0,29,7977.679,249.30246875,4011.1917263153855,
2,7846,18870.8095,NB,16,0.1,1,0.0625,18,113.302,7.081375,141215.51252405075,
2,7847,18871.033343,NB,100,0.1,9,0.09,19,141.569,1.41569,706369.3322690703,
2,7848,18871.247907,MLP,100,0.1,10,0.1,19,236.707,2.36707,422463.2140156396,
2,7849,18871.559111,DT,100,0.5,45,0.45,27,98.95,0.9895,1010611.419909045,
2,7850,18871.713416,SGD,16,0.05,2,0.125,10,155.014,9.688375,103216.48367244248,
2,7851,18871.923839,DT,100,0.0,0,0.0,29,95.389,0.9538899999999999,1048338.9070018556,
2,7852,18872.060825,GB,32,1.0,32,1.0,20,227.404,7.106375,140718.72086682732,
2,7853,18872.344898,SGD,100,0.0,0,0.0,3,173.539,1.7353899999999998,576239.3467750766,
2,7854,18872.580923,RF,32,0.1,5,0.15625,0,3077.999,96.18746875,10396.364651190595,
2,7855,18875.726689,RF,32,0.05,1,0.03125,14,3094.773,96.71165625,10340.015245059976,
2,7856,18878.864236,DT,1,0.5,1,1.0,18,90.956,90.956,10994.32692730551,4.0
2,7857,18879.207286,RF,32,0.0,0,0.0,10,3037.487,94.92146875,10535.024512039063,
2,7858,18882.31244,AB,32,0.5,14,0.4375,19,8044.665,251.39578125,3977.7914928713626,
2,7859,18890.399637,MLP,16,0.0,0,0.0,17,185.799,11.6124375,86114.56466396482,
2,7860,18890.626695,MLP,1,0.1,0,0.0,7,157.809,157.809,6336.77420172487,
2,7861,18890.962528,DT,64,0.01,1,0.015625,16,91.179,1.424671875,701916.0113622654,
2,7862,18891.094828,SGD,16,0.01,0,0.0,24,149.77,9.360625,106830.47339253522,
2,7863,18891.282983,DT,8,1.0,8,1.0,7,83.762,10.47025,95508.70323058189,
2,7864,18891.405678,AB,8,0.05,0,0.0,6,7824.504,978.063,1022.42902553312,
2,7865,18899.292438,DT,16,0.1,2,0.125,28,80.892,5.05575,197794.5903179548,
2,7866,18899.439847,DT,64,0.1,7,0.109375,20,88.287,1.379484375,724908.5369306919,
2,7867,18899.570959,MLP,32,0.01,0,0.0,6,188.337,5.88553125,169908.1964775907,
2,7868,18899.801226,RF,16,0.1,0,0.0,27,2961.691,185.1056875,5402.319148081282,
2,7869,18902.806243,GB,16,0.0,0,0.0,4,235.608,14.7255,67909.40884859597,
2,7870,18903.086003,NB,16,0.1,0,0.0,16,117.143,7.3214375,136585.19928634234,
2,7871,18903.257644,SGD,100,0.0,0,0.0,23,170.881,1.70881,585202.5678688678,
2,7872,18903.468542,GB,1,0.1,1,1.0,12,199.434,199.434,5014.190158147558,4.0
2,7873,18916.039523,RF,64,0.01,1,0.015625,16,3243.749,50.683578125,19730.256564240946,
2,7874,18919.324567,LoR,8,0.0,0,0.0,22,163.422,20.42775,48953.01734160639,
2,7875,18919.558577,NB,64,0.1,5,0.078125,11,135.494,2.11709375,472345.6389212806,
2,7876,18919.73135,GB,1,0.5,0,0.0,4,209.726,209.726,4768.126031107255,4.0
2,7877,18932.481304,RF,8,0.0,0,0.0,20,2965.138,370.64225,2698.019451371235,
2,7878,18935.509557,MLP,16,0.5,8,0.5,16,195.241,12.2025625,81950.00025609374,
2,7879,18935.746403,NB,16,0.0,0,0.0,27,114.621,7.1638125,139590.4764397449,
2,7880,18935.918921,AB,16,0.5,10,0.625,18,7894.177,493.3860625,2026.8103945477787,
2,7881,18943.854847,DT,1,0.05,0,0.0,15,78.459,78.459,12745.510393963727,16.0
2,7882,18944.1148,AB,8,0.01,0,0.0,4,7768.429,971.053625,1029.8092445718432,
2,7883,18951.924998,SGD,16,1.0,16,1.0,25,152.146,9.509125,105162.14688522868,
2,7884,18952.115878,AB,8,0.0,0,0.0,17,7784.606,973.07575,1027.6692230794981,
2,7885,18959.961584,AB,100,0.01,0,0.0,21,8481.217,84.81217000000001,11790.760689179395,
2,7886,18968.490288,GB,32,0.01,0,0.0,3,225.27,7.0396875,142051.7601100901,
2,7887,18968.775505,NB,8,0.1,1,0.125,21,113.078,14.13475,70747.62553281806,
2,7888,18968.937988,GB,64,0.01,0,0.0,20,247.447,3.866359375,258641.24438768707,
2,7889,18969.23553,NB,64,1.0,64,1.0,22,133.064,2.079125,480971.5625563639,
2,7890,18969.426756,DT,16,0.05,1,0.0625,17,90.767,5.6729375,176275.5186356275,
2,7891,18969.560222,DT,32,0.01,0,0.0,20,86.976,2.718,367917.5864606328,
2,7892,18969.692998,DT,64,1.0,64,1.0,26,88.634,1.38490625,722070.5372656091,
2,7893,18969.817697,AB,1,0.05,0,0.0,0,7676.191,7676.191,130.27294396400507,2.0
2,7894,18990.058248,SGD,1,0.01,0,0.0,15,152.551,152.551,6555.184823436098,
2,7895,18990.387266,NB,32,0.1,4,0.125,0,120.172,3.755375,266284.9915121659,
2,7896,18990.545053,AB,1,0.5,0,0.0,19,7608.939,7608.939,131.42436810178134,2.0
2,7897,19010.681667,SGD,8,0.05,1,0.125,20,157.899,19.737375,50665.29870360167,
2,7898,19010.899344,LoR,16,0.1,3,0.1875,17,150.497,9.4060625,106314.41158295513,
2,7899,19011.116443,GB,64,0.05,6,0.09375,18,253.576,3.962125,252389.81607092154,
2,7900,19011.407988,NB,1,1.0,1,1.0,14,106.07,106.07,9427.736400490243,
2,7901,19011.565651,SGD,32,1.0,32,1.0,22,158.8,4.9625,201511.33501259444,
2,7902,19011.76698,NB,16,0.05,0,0.0,12,109.868,6.86675,145629.3006152838,
2,7903,19011.935964,RF,32,0.5,16,0.5,4,3044.119,95.12871875,10512.072622653714,
2,7904,19015.025483,LoR,16,0.05,0,0.0,6,162.486,10.155375,98470.02203266743,
2,7905,19015.258264,RF,64,0.05,2,0.03125,25,3222.64,50.35375,19859.49407938833,
2,7906,19018.524141,NB,16,1.0,16,1.0,29,147.451,9.2156875,108510.62386826811,
2,7907,19018.728671,SGD,1,0.1,1,1.0,18,196.155,196.155,5098.009227396701,
2,7908,19019.076931,AB,8,0.1,0,0.0,12,8017.983,1002.247875,997.7571666091085,
2,7909,19027.136555,AB,1,0.01,0,0.0,6,7572.702,7572.702,132.05326183441525,2.0
2,7910,19047.296952,GB,8,1.0,8,1.0,14,223.666,27.95825,35767.617787236326,
2,7911,19047.561,SGD,8,0.0,0,0.0,15,158.059,19.757375,50614.01122365699,
2,7912,19047.763133,MLP,32,0.0,0,0.0,10,196.464,6.1395,162879.71333170455,
2,7913,19048.00141,SGD,8,0.05,0,0.0,19,144.486,18.06075,55368.686239497256,
2,7914,19048.186226,NB,16,1.0,16,1.0,19,110.678,6.917375,144563.50855635267,
2,7915,19048.356945,MLP,32,0.5,15,0.46875,0,185.896,5.80925,172139.26066187548,
2,7916,19048.619522,MLP,100,0.5,50,0.5,5,221.889,2.21889,450675.78834462276,
2,7917,19048.908574,RF,32,0.5,15,0.46875,1,3097.588,96.799625,10330.618532871382,
2,7918,19052.051836,NB,16,0.01,0,0.0,16,150.931,9.4331875,106008.70596497737,
2,7919,19052.241965,LoR,1,0.01,0,0.0,22,155.628,155.628,6425.578944662915,
2,7920,19052.543935,LoR,8,0.0,0,0.0,6,143.365,17.920625,55801.625222334595,
2,7921,19052.730266,DT,32,0.0,0,0.0,27,88.497,2.76553125,361594.1783337288,
2,7922,19052.892155,DT,100,0.1,12,0.12,14,92.011,0.92011,1086826.575083414,
2,7923,19053.069757,RF,100,0.05,4,0.04,21,3367.668,33.676680000000005,29694.138495837473,
2,7924,19056.546305,GB,100,0.05,7,0.07,5,296.033,2.9603300000000004,337800.17768289347,
2,7925,19056.973344,DT,100,0.5,50,0.5,19,113.142,1.1314199999999999,883845.0796344418,
2,7926,19057.134685,AB,64,0.0,0,0.0,16,8166.88,127.6075,7836.529984522853,
2,7927,19065.381557,GB,100,0.1,12,0.12,16,270.027,2.7002699999999997,370333.3370366667,
2,7928,19065.693628,DT,16,1.0,16,1.0,28,88.608,5.538,180570.60310581437,
2,7929,19065.826958,NB,32,0.01,0,0.0,2,120.502,3.7656875,265555.7584106488,
2,7930,19065.986044,MLP,16,0.0,0,0.0,3,182.859,11.4286875,87499.11133715048,
2,7931,19066.226671,LoR,8,0.5,2,0.25,2,147.538,18.44225,54223.31873822337,
2,7932,19066.432269,SGD,16,0.1,1,0.0625,26,152.31,9.519375,105048.91340030202,
2,7933,19066.632776,RF,64,0.0,0,0.0,7,3136.84,49.013125,20402.698256844466,
2,7934,19069.832855,LoR,16,0.5,8,0.5,15,162.987,10.1866875,98167.33849938953,
2,7935,19070.055659,SGD,16,0.01,1,0.0625,14,152.259,9.5161875,105084.10011887639,
2,7936,19070.276391,MLP,64,0.01,1,0.015625,2,207.585,3.243515625,308307.44032564975,
2,7937,19070.526486,GB,8,1.0,8,1.0,0,216.722,27.09025,36913.649744834394,
2,7938,19070.821765,SGD,100,0.05,5,0.05,28,172.757,1.72757,578847.7456774544,
2,7939,19071.034302,AB,16,0.0,0,0.0,22,7867.871,491.7419375,2033.5869767056424,
2,7940,19078.968044,SGD,32,0.05,1,0.03125,3,154.872,4.83975,206622.2428844465,
2,7941,19079.199115,MLP,100,0.01,1,0.01,23,227.169,2.27169,440200.90769427165,
2,7942,19079.495326,SGD,64,0.5,32,0.5,25,157.365,2.458828125,406697.8044673212,
2,7943,19079.72733,RF,100,0.1,9,0.09,1,3354.617,33.546170000000004,29809.662325088077,
2,7944,19083.146171,SGD,16,0.05,1,0.0625,13,164.285,10.2678125,97391.72779012083,
2,7945,19083.354424,SGD,32,1.0,32,1.0,5,153.48,4.79625,208496.22100599427,
2,7946,19083.544899,GB,1,0.0,0,0.0,19,208.027,208.027,4807.0683132478,4.0
2,7947,19096.061042,GB,1,0.5,1,1.0,9,198.923,198.923,5027.070776129457,4.0
2,7948,19108.444326,SGD,64,1.0,64,1.0,19,166.918,2.60809375,383421.799925712,
2,7949,19108.687575,MLP,100,0.5,49,0.49,10,231.805,2.31805,431397.0794417722,
2,7950,19108.988818,NB,64,0.05,4,0.0625,9,133.46,2.0853125,479544.43278885056,
2,7951,19109.194826,AB,100,0.05,5,0.05,17,8453.103,84.53102999999999,11829.975335684423,
2,7952,19117.711601,AB,16,0.1,1,0.0625,1,8030.607,501.9129375,1992.3774130647907,
2,7953,19125.807539,MLP,32,0.5,20,0.625,1,191.819,5.99434375,166823.93297848493,
2,7954,19126.039863,MLP,16,0.0,0,0.0,24,170.559,10.6599375,93809.18040091699,
2,7955,19126.249467,RF,1,0.01,0,0.0,27,2844.228,2844.228,351.5892537447771,9.99
2,7956,19141.907878,LoR,8,0.01,0,0.0,17,152.587,19.073375,52429.10601820601,
2,7957,19142.122318,GB,16,0.5,9,0.5625,27,220.989,13.8118125,72401.79375444027,
2,7958,19142.389641,MLP,32,0.1,0,0.0,0,247.949,7.74840625,129058.79838192531,
2,7959,19142.72538,AB,100,0.5,54,0.54,6,8486.767,84.86767,11783.05001185964,
2,7960,19151.253637,DT,16,0.0,0,0.0,3,79.281,4.9550625,201813.8015413529,
2,7961,19151.390406,AB,16,0.1,4,0.25,13,7776.701,486.0438125,2057.427693311084,
2,7962,19159.211271,RF,16,0.01,0,0.0,7,2961.341,185.0838125,5402.957646552693,
2,7963,19162.232765,GB,100,0.01,0,0.0,4,276.31,2.7631,361912.34483008215,
2,7964,19162.549229,MLP,8,0.0,0,0.0,15,234.171,29.271375,34163.068868476454,
2,7965,19162.847112,AB,32,0.1,1,0.03125,20,8113.925,253.56015625,3943.8372920627194,
2,7966,19171.039918,AB,100,0.01,1,0.01,3,8460.25,84.6025,11819.981679028397,
2,7967,19179.540967,MLP,1,0.01,0,0.0,5,161.137,161.137,6205.899327901103,
2,7968,19179.850072,NB,1,0.01,0,0.0,3,128.091,128.091,7806.94974666448,
2,7969,19180.026093,SGD,8,0.05,0,0.0,21,160.467,20.058375,49854.48721543993,
2,7970,19180.255351,LoR,100,1.0,100,1.0,8,158.07,1.5807,632631.1127981275,
2,7971,19180.483886,SGD,100,0.0,0,0.0,19,222.018,2.22018,450413.9304020395,
2,7972,19180.756131,RF,64,0.01,0,0.0,0,3703.027,57.859796875,17283.15780576269,
2,7973,19184.565623,SGD,8,0.05,1,0.125,29,226.445,28.305625,35328.66700523306,
2,7974,19184.842961,MLP,32,0.01,0,0.0,13,221.724,6.928875,144323.57345167868,
2,7975,19185.155082,DT,100,0.5,47,0.47,6,114.54,1.1454,873057.4471800243,
2,7976,19185.310568,RF,1,0.05,0,0.0,27,3103.994,3103.994,322.1655711963361,11.18
2,7977,19201.560282,DT,64,0.1,6,0.09375,10,93.959,1.468109375,681148.16036782,
2,7978,19201.70193,NB,64,0.0,0,0.0,7,137.51,2.14859375,465420.6966766054,
2,7979,19201.87424,NB,1,0.0,0,0.0,1,97.435,97.435,10263.252424693384,
2,7980,19202.016542,SGD,8,0.0,0,0.0,16,153.349,19.168625,52168.58277523819,
2,7981,19202.219912,SGD,64,0.01,0,0.0,3,154.317,2.411203125,414730.716641718,
2,7982,19202.424701,GB,64,0.01,0,0.0,25,345.964,5.4056875,184990.34581632772,
2,7983,19202.841135,RF,64,0.5,30,0.46875,17,3313.078,51.76684375,19317.384015709864,
2,7984,19206.226747,MLP,64,0.05,1,0.015625,23,225.059,3.516546875,284369.8763435366,
2,7985,19206.492896,LoR,1,0.01,0,0.0,26,213.54,213.54,4682.963379226375,
2,7986,19206.875509,LoR,64,1.0,64,1.0,6,156.138,2.43965625,409893.8118843587,
2,7987,19207.070992,AB,1,0.05,0,0.0,1,7724.845,7724.845,129.45243561521298,2.0
2,7988,19227.880062,RF,100,0.01,2,0.02,1,3303.404,33.03404,30271.804478047492,
2,7989,19231.273624,LoR,100,0.05,5,0.05,0,181.292,1.81292,551596.3197493546,
2,7990,19231.519455,MLP,32,0.05,1,0.03125,18,195.023,6.09446875,164083.21069822533,
2,7991,19231.771996,RF,8,0.5,6,0.75,9,2915.223,364.402875,2744.2154510992814,
2,7992,19234.754342,RF,32,0.05,1,0.03125,27,2970.996,92.843625,10770.798748971725,
2,7993,19237.791387,RF,32,0.5,10,0.3125,22,2965.562,92.6738125,10790.534812625736,
2,7994,19240.816005,SGD,100,1.0,100,1.0,6,179.942,1.79942,555734.6256015827,
2,7995,19241.040411,LoR,32,0.0,0,0.0,9,152.66,4.770625,209616.1404428141,
2,7996,19241.261649,LoR,8,0.1,0,0.0,15,171.358,21.41975,46685.88568960889,
2,7997,19241.497745,AB,32,0.5,20,0.625,16,8007.832,250.24475,3996.087830014416,
2,7998,19249.568396,DT,16,0.5,7,0.4375,15,82.701,5.1688125,193468.0354530175,
2,7999,19249.707722,RF,16,0.5,8,0.5,22,3020.374,188.773375,5297.357214702551,
2,8000,19252.786931,RF,100,1.0,100,1.0,20,3783.071,37.830709999999996,26433.55094313588,
2,8001,19256.68466,NB,64,0.01,2,0.03125,8,194.446,3.03821875,329140.224021065,
2,8002,19256.947811,SGD,32,0.01,3,0.09375,23,207.022,6.4694375,154572.9439383254,
2,8003,19257.242819,MLP,100,0.05,3,0.03,27,279.737,2.7973700000000004,357478.6317147892,
2,8004,19257.610065,LoR,100,0.0,0,0.0,8,191.277,1.9127699999999999,522802.0096509251,
2,8005,19257.849802,AB,16,0.01,0,0.0,12,8444.622,527.788875,1894.69700360774,
2,8006,19266.367721,MLP,32,0.0,0,0.0,5,249.213,7.78790625,128404.21647345845,
2,8007,19266.697747,SGD,100,0.01,0,0.0,23,185.06,1.8506,540365.2869339674,
2,8008,19266.964338,RF,100,0.05,3,0.03,15,3583.862,35.83862,27902.860098965863,
2,8009,19270.641205,DT,8,0.05,0,0.0,7,94.864,11.858,84331.25316242198,
2,8010,19270.77562,GB,1,0.1,0,0.0,29,246.284,246.284,4060.353088304559,4.0
2,8011,19283.634534,MLP,8,0.0,0,0.0,13,187.813,23.476625,42595.560477709216,
2,8012,19283.901277,AB,100,0.5,50,0.5,0,8781.737,87.81737,11387.268828478922,
2,8013,19292.76313,SGD,100,0.5,45,0.45,23,170.066,1.70066,588007.0090435478,
2,8014,19292.972419,GB,8,0.0,0,0.0,8,228.095,28.511875,35073.10550428549,
2,8015,19293.284056,LoR,100,0.5,53,0.53,22,180.759,1.8075899999999998,553222.7994180097,
2,8016,19293.531209,RF,32,0.05,1,0.03125,10,3661.943,114.43571875,8738.53033758308,
2,8017,19297.302679,RF,100,0.5,42,0.42,14,3797.422,37.97422,26333.65477947934,
2,8018,19301.187549,MLP,16,0.5,6,0.375,27,255.463,15.9664375,62631.37910382326,
2,8019,19301.506963,LoR,100,1.0,100,1.0,18,179.625,1.79625,556715.3792623521,
2,8020,19301.727652,DT,1,0.01,0,0.0,11,96.395,96.395,10373.982053011048,16.0
2,8021,19302.052185,AB,100,1.0,100,1.0,6,9132.283,91.32283,10950.164378392567,
2,8022,19311.287135,LoR,16,0.05,2,0.125,14,177.065,11.0665625,90362.29633185554,
2,8023,19311.525923,RF,16,0.5,8,0.5,26,3218.434,201.152125,4971.361848650617,
2,8024,19314.788203,DT,1,0.05,0,0.0,19,93.056,93.056,10746.217331499312,16.0
2,8025,19315.102076,DT,64,0.0,0,0.0,2,93.666,1.46353125,683278.884547221,
2,8026,19315.252059,NB,8,0.5,5,0.625,1,117.123,14.640375,68304.26133210385,
2,8027,19315.426822,NB,100,0.0,0,0.0,14,144.347,1.44347,692775.0490138347,
2,8028,19315.609476,LoR,8,0.1,0,0.0,8,154.392,19.299,51816.156277527334,
2,8029,19315.82067,GB,8,0.05,1,0.125,14,251.781,31.472625,31773.64455618176,
2,8030,19316.110079,LoR,1,0.0,0,0.0,14,149.261,149.261,6699.673725889549,
2,8031,19316.433491,RF,16,0.05,2,0.125,22,3064.837,191.5523125,5220.506017122607,
2,8032,19319.544427,LoR,16,0.01,0,0.0,3,163.483,10.2176875,97869.50325110256,
2,8033,19319.751175,MLP,8,0.0,0,0.0,28,190.941,23.867625,41897.758993615826,
2,8034,19320.000849,LoR,8,0.1,3,0.375,11,147.559,18.444875,54215.60189483529,
2,8035,19320.187579,RF,1,0.1,0,0.0,21,3143.013,3143.013,318.1660400386508,9.99
2,8036,19336.305699,AB,1,0.0,0,0.0,7,7868.497,7868.497,127.08907431749671,2.0
2,8037,19357.159677,DT,64,0.0,0,0.0,11,132.753,2.074265625,482098.332994358,
2,8038,19357.373878,SGD,32,0.01,0,0.0,27,215.397,6.73115625,148562.88620547176,
2,8039,19357.636316,LoR,32,1.0,32,1.0,16,217.448,6.79525,147161.62024943894,
2,8040,19357.915287,AB,8,0.1,1,0.125,11,8318.955,1039.869375,961.6592468645401,
2,8041,19366.321641,LoR,8,0.01,1,0.125,29,174.592,21.824,45821.11436950146,
2,8042,19366.56567,GB,16,0.05,1,0.0625,24,300.006,18.750375,53332.26668799958,
2,8043,19366.90798,AB,1,0.01,0,0.0,24,7813.351,7813.351,127.98605873459417,2.0
2,8044,19387.624849,SGD,100,0.01,3,0.03,4,186.917,1.86917,534996.8167689402,
2,8045,19387.876312,GB,32,0.5,16,0.5,10,264.377,8.26178125,121039.27346176104,
2,8046,19388.220461,GB,100,0.05,7,0.07,16,285.807,2.85807,349886.46184313187,
2,8047,19388.549752,SGD,8,0.01,0,0.0,28,164.031,20.503875,48771.268845523104,
2,8048,19388.760842,MLP,32,0.05,0,0.0,19,211.008,6.594,151653.0178950561,
2,8049,19389.030664,LoR,100,0.0,0,0.0,14,166.608,1.66608,600211.2743685778,
2,8050,19389.236433,MLP,8,1.0,8,1.0,3,172.261,21.532625,46441.15615258242,
2,8051,19389.448944,RF,1,0.5,0,0.0,19,3038.405,3038.405,329.120048183175,9.99
2,8052,19405.432197,SGD,8,0.05,0,0.0,5,160.64,20.08,49800.79681274901,
2,8053,19405.634364,AB,1,0.01,0,0.0,20,7816.789,7816.789,127.92976758103616,2.0
2,8054,19426.363815,MLP,64,0.0,0,0.0,9,262.182,4.09659375,244105.2398715396,
2,8055,19426.691587,SGD,32,0.1,4,0.125,22,159.907,4.99709375,200116.31760961056,
2,8056,19426.891806,LoR,1,0.1,0,0.0,14,145.469,145.469,6874.316864761565,
2,8057,19427.220901,SGD,64,0.1,6,0.09375,25,159.746,2.49603125,400636.00966534374,
2,8058,19427.418034,NB,1,0.0,0,0.0,24,107.348,107.348,9315.497261243805,
2,8059,19427.608402,RF,100,0.05,5,0.05,7,3515.42,35.1542,28446.103168326972,
2,8060,19431.168765,RF,8,0.01,0,0.0,21,2982.885,372.860625,2681.9672900564383,
2,8061,19434.21652,DT,16,0.5,11,0.6875,29,96.05,6.003125,166579.9062988027,
2,8062,19434.352237,NB,1,0.05,0,0.0,23,107.714,107.714,9283.84425422879,
2,8063,19434.523882,RF,100,0.0,0,0.0,18,3429.037,34.290369999999996,29162.706614131024,
2,8064,19438.020751,DT,32,0.1,2,0.0625,21,97.737,3.05428125,327409.2718213164,
2,8065,19438.157898,NB,16,0.0,0,0.0,7,117.675,7.3546875,135967.70766942852,
2,8066,19438.313368,LoR,1,0.1,0,0.0,7,152.849,152.849,6542.404595384988,
2,8067,19438.62508,GB,1,0.05,0,0.0,8,221.145,221.145,4521.920007235071,4.0
2,8068,19451.474718,RF,64,0.01,0,0.0,24,3259.326,50.92696875,19635.96154542381,
2,8069,19454.779793,RF,8,0.01,0,0.0,29,2994.549,374.318625,2671.5208199966005,
2,8070,19457.814867,LoR,1,1.0,1,1.0,11,161.51,161.51,6191.567085629373,
2,8071,19458.173391,NB,100,0.05,7,0.07,20,152.337,1.52337,656439.3417226282,
2,8072,19458.380044,LoR,100,0.0,0,0.0,2,171.592,1.7159200000000001,582777.7518765443,
2,8073,19458.619842,SGD,16,0.01,0,0.0,3,165.648,10.353,96590.36028204385,
2,8074,19458.842275,RF,100,0.0,0,0.0,15,3434.933,34.34933,29112.649358808456,
2,8075,19462.34101,SGD,8,0.05,1,0.125,1,166.255,20.781875,48118.85356831374,
2,8076,19462.547979,DT,1,0.05,0,0.0,27,136.014,136.014,7352.184333965621,16.0
2,8077,19462.887869,AB,64,0.01,0,0.0,12,8424.513,131.633015625,7596.8783002649525,
2,8078,19471.352416,DT,1,0.0,0,0.0,7,80.204,80.204,12468.20607451,16.0
2,8079,19471.61711,RF,8,0.05,0,0.0,4,3047.953,380.994125,2624.712388937756,
2,8080,19474.712079,GB,32,0.0,0,0.0,21,253.998,7.9374375,125985.24397829904,
2,8081,19475.010465,NB,8,0.05,0,0.0,12,115.192,14.399,69449.26731022989,
2,8082,19475.185611,DT,16,0.05,1,0.0625,21,92.585,5.7865625,172814.1707620025,
2,8083,19475.338102,RF,32,0.5,11,0.34375,8,3402.177,106.31803125,9405.742264438328,
2,8084,19478.834101,AB,8,0.5,2,0.25,26,8207.422,1025.92775,974.7275088328588,
2,8085,19487.121585,NB,100,1.0,100,1.0,18,176.421,1.7642099999999998,566825.9447571435,
2,8086,19487.341644,RF,1,0.01,0,0.0,2,3001.556,3001.556,333.1605340696625,11.81
2,8087,19503.382647,AB,8,0.05,0,0.0,14,8039.843,1004.980375,995.0443062134423,
2,8088,19511.486886,SGD,16,0.1,3,0.1875,15,172.984,10.8115,92494.10350090181,
2,8089,19511.700489,DT,1,0.5,1,1.0,11,83.981,83.981,11907.45525773687,4.0
2,8090,19511.966793,LoR,8,0.0,0,0.0,29,155.464,19.433,51458.85864251531,
2,8091,19512.182675,SGD,8,0.05,1,0.125,11,149.907,18.738375,53366.42051405204,
2,8092,19512.392051,AB,16,0.05,1,0.0625,29,8157.209,509.8255625,1961.4551987082837,
2,8093,19520.590685,SGD,8,1.0,8,1.0,18,151.94,18.9925,52652.36277477952,
2,8094,19520.785658,GB,8,0.1,0,0.0,10,264.1,33.0125,30291.556228701247,
2,8095,19521.09342,LoR,16,1.0,16,1.0,18,167.712,10.482,95401.64090822362,
2,8096,19521.301731,RF,1,0.5,0,0.0,12,3010.702,3010.702,332.1484490992466,10.11
2,8097,19537.615025,NB,1,0.0,0,0.0,7,120.847,120.847,8274.926146284144,
2,8098,19537.788948,LoR,1,0.05,0,0.0,28,166.873,166.873,5992.581184493597,
2,8099,19538.152933,DT,64,0.01,1,0.015625,20,100.32,1.5675,637958.5326953748,
2,8100,19538.292491,DT,1,0.5,0,0.0,26,84.31,84.31,11860.989206499822,16.0
2,8101,19538.575016,GB,1,0.05,0,0.0,19,257.317,257.317,3886.257029267402,4.0
2,8102,19551.461733,DT,16,0.1,1,0.0625,23,93.182,5.823875,171706.982035157,
2,8103,19551.623869,NB,64,0.05,5,0.078125,28,141.157,2.205578125,453395.8641796014,
2,8104,19551.819283,DT,8,0.5,6,0.75,1,89.517,11.189625,89368.4998380196,
2,8105,19551.964778,RF,100,0.01,0,0.0,19,3508.122,35.08122,28505.280033020517,
2,8106,19555.52287,AB,32,0.01,0,0.0,1,8267.616,258.363,3870.523256038984,
2,8107,19563.853116,LoR,8,0.5,6,0.75,28,159.513,19.939125,50152.652134935706,
2,8108,19564.083248,MLP,64,0.1,6,0.09375,11,228.369,3.568265625,280248.1948075264,
2,8109,19564.349771,RF,1,1.0,1,1.0,14,2962.951,2962.951,337.5013626617517,7.49
2,8110,19580.254552,DT,32,0.1,3,0.09375,20,94.771,2.96159375,337656.0340188454,
2,8111,19580.391657,SGD,16,0.05,0,0.0,14,190.93,11.933125,83800.34567642592,
2,8112,19580.645675,LoR,32,0.5,15,0.46875,1,156.294,4.8841875,204742.34455577307,
2,8113,19580.840071,DT,8,0.0,0,0.0,8,87.589,10.948625,91335.67000422427,
2,8114,19580.984348,NB,100,1.0,100,1.0,10,161.583,1.6158299999999999,618876.9858215282,
2,8115,19581.183531,GB,8,0.0,0,0.0,18,237.32,29.665,33709.758975223325,
2,8116,19581.474329,MLP,64,0.01,0,0.0,12,222.668,3.4791875,287423.4286022239,
2,8117,19581.771143,RF,64,0.1,3,0.046875,28,3320.558,51.88371875,19273.869030446087,
2,8118,19585.136243,LoR,16,1.0,16,1.0,2,165.94,10.37125,96420.39291310112,
2,8119,19585.354342,NB,64,0.0,0,0.0,9,137.171,2.143296875,466570.922425294,
2,8120,19585.579399,MLP,16,0.01,1,0.0625,2,295.593,18.4745625,54128.48071503723,
2,8121,19585.957418,LoR,8,0.01,0,0.0,9,232.142,29.01775,34461.665704611834,
2,8122,19586.282463,RF,100,0.5,48,0.48,23,3661.868,36.61868,27308.466607753202,
2,8123,19590.021133,LoR,64,0.0,0,0.0,17,215.185,3.362265625,297418.5003601552,
2,8124,19590.309123,AB,32,0.05,1,0.03125,13,8574.48,267.9525,3732.0047396460195,
2,8125,19598.989482,NB,100,0.1,12,0.12,23,192.7,1.9269999999999998,518941.3596263623,
2,8126,19599.224954,AB,1,0.5,1,1.0,29,7990.952,7990.952,125.14153507617115,2.0
2,8127,19620.163595,AB,32,0.0,0,0.0,3,8311.264,259.727,3850.1965525340074,
2,8128,19628.520787,DT,8,1.0,8,1.0,10,81.679,10.209875,97944.39207140145,
2,8129,19628.686661,NB,100,0.5,50,0.5,6,169.267,1.69267,590782.6097231002,
2,8130,19628.895454,LoR,1,0.01,0,0.0,8,169.97,169.97,5883.391186680003,
2,8131,19629.231211,DT,32,0.01,0,0.0,25,89.877,2.80865625,356042.1464890907,
2,8132,19629.378027,MLP,8,0.5,2,0.25,25,191.56,23.945,41762.37210273543,
2,8133,19629.647383,MLP,100,0.05,7,0.07,18,232.273,2.32273,430527.8702216788,
2,8134,19629.921553,GB,8,0.1,0,0.0,17,252.051,31.506375,31739.60825388513,
2,8135,19630.232367,NB,100,0.0,0,0.0,19,152.263,1.5226300000000001,656758.3720273474,
2,8136,19630.427301,DT,32,0.0,0,0.0,9,93.442,2.9200625,342458.42340703326,
2,8137,19630.563645,LoR,1,0.5,0,0.0,10,184.369,184.369,5423.905320308729,
2,8138,19630.904679,LoR,32,1.0,32,1.0,21,152.584,4.76825,209720.54737062863,
2,8139,19631.113967,LoR,100,0.0,0,0.0,17,162.448,1.6244800000000001,615581.6014970944,
2,8140,19631.31814,NB,8,0.1,0,0.0,5,108.325,13.540625,73851.83475651973,
2,8141,19631.464834,AB,1,0.05,0,0.0,5,7786.887,7786.887,128.4210237030536,2.0
2,8142,19652.124565,SGD,1,0.0,0,0.0,27,164.733,164.733,6070.429118634396,
2,8143,19652.470818,MLP,32,0.5,15,0.46875,19,202.407,6.32521875,158097.29900645727,
2,8144,19652.717603,GB,32,1.0,32,1.0,27,266.774,8.3366875,119951.71943292825,
2,8145,19653.02373,NB,1,0.0,0,0.0,2,108.613,108.613,9207.00100356311,
2,8146,19653.218084,SGD,100,0.5,58,0.58,24,179.42,1.7941999999999998,557351.4658343552,
2,8147,19653.440379,MLP,1,0.1,0,0.0,0,164.213,164.213,6089.651854603472,
2,8148,19653.755201,GB,32,0.0,0,0.0,1,233.224,7.28825,137207.14849243645,
2,8149,19654.041911,MLP,64,0.01,0,0.0,10,216.173,3.377703125,296059.17482756864,
2,8150,19654.302167,DT,16,0.01,0,0.0,14,92.01,5.750625,173894.14194109334,
2,8151,19654.430538,SGD,1,1.0,1,1.0,4,174.343,174.343,5735.819619944592,
2,8152,19654.783584,AB,8,0.1,3,0.375,23,8004.987,1000.623375,999.3770133543003,
2,8153,19662.85617,GB,32,0.5,14,0.4375,16,232.932,7.279125,137379.14927961808,
2,8154,19663.15014,SGD,8,0.5,1,0.125,7,158.734,19.84175,50398.78034951554,
2,8155,19663.352858,RF,32,1.0,32,1.0,21,3107.585,97.11203125,10297.385268624994,
2,8156,19666.516621,NB,64,0.01,0,0.0,29,179.957,2.811828125,355640.51412281825,
2,8157,19666.741277,DT,16,0.0,0,0.0,10,93.465,5.8415625,171187.07537580913,
2,8158,19666.90218,AB,64,0.05,7,0.109375,20,8468.12,132.314375,7557.757802204031,
2,8159,19675.416405,DT,32,1.0,32,1.0,12,83.098,2.5968125,385087.4870634672,
2,8160,19675.539305,DT,16,0.0,0,0.0,23,80.884,5.05525,197814.15360269026,
2,8161,19675.661355,GB,32,1.0,32,1.0,10,225.268,7.039625,142053.02129019657,
2,8162,19675.932284,GB,32,0.0,0,0.0,12,260.764,8.148875,122716.32587320336,
2,8163,19676.255321,AB,16,0.01,1,0.0625,5,8025.74,501.60875,1993.5856382090624,
2,8164,19684.323202,GB,1,0.1,1,1.0,22,194.66,194.66,5137.162231583274,4.0
2,8165,19697.085974,AB,100,0.0,0,0.0,5,8691.252,86.91252,11505.822176137568,
2,8166,19705.820042,SGD,1,0.01,0,0.0,6,148.852,148.852,6718.0823905624375,
2,8167,19706.147434,AB,32,0.1,3,0.09375,1,8136.477,254.26490625,3932.9060968279023,
2,8168,19714.346436,DT,100,0.01,0,0.0,17,88.658,0.88658,1127929.7976493943,
2,8169,19714.493845,RF,8,0.5,6,0.75,29,3280.807,410.100875,2438.424448618892,
2,8170,19717.854951,MLP,64,0.5,33,0.515625,1,344.418,5.38153125,185820.71784866063,
2,8171,19718.255214,NB,64,0.01,0,0.0,13,185.848,2.903875,344367.4400585424,
2,8172,19718.483098,NB,8,0.01,0,0.0,26,118.501,14.812625,67509.97881874414,
2,8173,19718.644312,LoR,32,0.0,0,0.0,16,169.591,5.29971875,188689.2582743188,
2,8174,19718.865278,SGD,64,0.0,0,0.0,15,167.575,2.618359375,381918.54393555125,
2,8175,19719.087984,NB,64,0.01,0,0.0,22,136.45,2.13203125,469036.2770245512,
2,8176,19719.306258,MLP,100,0.1,8,0.08,17,255.824,2.55824,390893.739445869,
2,8177,19719.604886,GB,8,0.05,0,0.0,8,264.759,33.094875,30216.158846347054,
2,8178,19719.911846,GB,8,1.0,8,1.0,22,222.952,27.869,35882.16297678424,
2,8179,19720.17713,MLP,1,0.5,0,0.0,8,175.5,175.5,5698.005698005698,
2,8180,19720.535825,LoR,16,0.5,9,0.5625,10,156.237,9.7648125,102408.52038889636,
2,8181,19720.753736,LoR,16,0.1,1,0.0625,23,151.356,9.45975,105711.03887523455,
2,8182,19720.94466,AB,1,0.01,0,0.0,23,7896.923,7896.923,126.63160068801481,2.0
2,8183,19741.600183,LoR,1,0.1,0,0.0,21,154.467,154.467,6473.874678733969,
2,8184,19741.921807,DT,100,1.0,100,1.0,19,97.731,0.9773099999999999,1023216.788941073,
2,8185,19742.082687,LoR,32,0.05,3,0.09375,10,157.096,4.90925,203697.10240871823,
2,8186,19742.2766,SGD,1,0.0,0,0.0,10,147.015,147.015,6802.027004047207,
2,8187,19742.593649,MLP,8,0.0,0,0.0,5,186.133,23.266625,42980.019663358995,
2,8188,19742.830913,GB,64,0.0,0,0.0,11,257.895,4.029609375,248163.0120785591,
2,8189,19743.142421,GB,64,0.05,0,0.0,25,247.09,3.86078125,259014.93382977863,
2,8190,19743.432833,AB,8,0.05,0,0.0,19,8057.375,1007.171875,992.8791945267534,
2,8191,19751.570766,LoR,100,0.05,4,0.04,28,170.533,1.7053299999999998,586396.7677810161,
2,8192,19751.806072,GB,32,0.05,3,0.09375,20,229.45,7.1703125,139463.93549792984,
2,8193,19752.096305,MLP,8,0.5,7,0.875,12,183.652,22.9565,43560.64731121905,
2,8194,19752.320032,DT,1,0.5,1,1.0,14,87.609,87.609,11414.352406716205,13.0
2,8195,19752.598953,MLP,32,1.0,32,1.0,12,195.848,6.12025,163392.01829990605,
2,8196,19752.834847,MLP,8,1.0,8,1.0,25,170.825,21.353125,46831.55275867116,
2,8197,19753.085873,SGD,100,0.5,51,0.51,9,167.514,1.67514,596965.029788555,
2,8198,19753.313608,AB,16,0.01,1,0.0625,7,8074.592,504.662,1981.524267727707,
2,8199,19761.430686,RF,1,0.1,0,0.0,20,3044.429,3044.429,328.4688196045958,10.49
2,8200,19777.399807,GB,100,0.01,0,0.0,22,279.308,2.79308,358027.69702264166,
2,8201,19777.752295,GB,64,0.1,14,0.21875,25,263.949,4.124203125,242471.08342899574,
2,8202,19778.080774,RF,32,0.5,15,0.46875,0,3175.681,99.24003125,10076.578850331629,
2,8203,19781.339308,AB,100,0.01,2,0.02,23,8747.831,87.47831000000001,11431.405110592557,
2,8204,19790.176227,SGD,100,0.05,3,0.03,5,171.736,1.71736,582289.0948898309,
2,8205,19790.389327,LoR,16,0.0,0,0.0,4,147.585,9.2240625,108412.10150083003,
2,8206,19790.644571,SGD,64,0.01,1,0.015625,7,157.319,2.458109375,406816.7227099079,
2,8207,19790.851084,DT,32,0.01,0,0.0,23,88.818,2.7755625,360287.32914499316,
2,8208,19790.981197,LoR,16,0.05,0,0.0,25,148.287,9.2679375,107898.87178242192,
2,8209,19791.171863,MLP,32,0.0,0,0.0,15,188.554,5.8923125,169712.65526056197,
2,8210,19791.420932,MLP,16,0.5,5,0.3125,0,172.783,10.7989375,92601.70271380866,
2,8211,19791.652072,NB,8,0.1,1,0.125,7,113.83,14.22875,70280.24246683651,
2,8212,19791.823145,DT,16,0.1,1,0.0625,11,90.493,5.6558125,176809.25596454975,
2,8213,19791.948353,DT,1,1.0,1,1.0,16,83.058,83.058,12039.779431240819,4.0
2,8214,19792.239245,RF,100,0.01,0,0.0,20,3427.617,34.27617,29174.788198331375,
2,8215,19795.741929,AB,64,0.05,1,0.015625,17,8360.62,130.6346875,7654.934681877659,
2,8216,19804.145904,NB,16,0.0,0,0.0,10,114.755,7.1721875,139427.47592697488,
2,8217,19804.324603,DT,32,0.05,3,0.09375,9,89.761,2.80503125,356502.26713160507,
2,8218,19804.489186,AB,100,0.5,48,0.48,3,8646.927,86.46927,11564.8021545689,
2,8219,19813.203891,LoR,32,0.05,2,0.0625,28,157.508,4.922125,203164.2837189222,
2,8220,19813.40137,SGD,8,0.0,0,0.0,7,147.311,18.413875,54306.87457148481,
2,8221,19813.609071,GB,16,0.5,7,0.4375,22,226.533,14.1583125,70629.88615345226,
2,8222,19813.906899,MLP,64,0.05,3,0.046875,22,217.842,3.40378125,293790.91267983214,
2,8223,19814.165893,AB,1,0.1,1,1.0,15,7891.036,7891.036,126.7260724700787,2.0
2,8224,19834.868539,LoR,16,0.5,5,0.3125,24,156.923,9.8076875,101960.83429452662,
2,8225,19835.062418,LoR,1,1.0,1,1.0,7,141.982,141.982,7043.146314321534,
2,8226,19835.420166,NB,64,0.1,6,0.09375,24,131.875,2.060546875,485308.05687203794,
2,8227,19835.590254,LoR,16,1.0,16,1.0,28,149.221,9.3263125,107223.51411664578,
2,8228,19835.79003,SGD,64,0.05,0,0.0,18,154.425,2.412890625,414440.66699044843,
2,8229,19835.986631,SGD,32,1.0,32,1.0,28,145.542,4.5481875,219867.80448255487,
2,8230,19836.192995,GB,32,0.5,17,0.53125,13,238.502,7.4531875,134170.78263494646,
2,8231,19836.491873,AB,16,0.5,9,0.5625,12,7928.94,495.55875,2017.924211811415,
2,8232,19844.459533,MLP,1,0.0,0,0.0,23,161.452,161.452,6193.791343557218,
2,8233,19844.767393,SGD,1,0.05,0,0.0,5,138.831,138.831,7203.002211321679,
2,8234,19845.082928,NB,100,0.05,3,0.03,13,162.831,1.62831,614133.6723351205,
2,8235,19845.312592,SGD,64,0.1,9,0.140625,3,159.626,2.49415625,400937.190683222,
2,8236,19845.511903,GB,8,0.01,0,0.0,14,212.626,26.57825,37624.74956026074,
2,8237,19845.781319,SGD,100,0.0,0,0.0,1,166.968,1.6696799999999998,598917.1577787361,
2,8238,19845.987442,LoR,1,0.05,0,0.0,4,140.159,140.159,7134.75410069992,
2,8239,19846.267825,NB,8,0.0,0,0.0,10,106.459,13.307375,75146.30045369579,
2,8240,19846.412241,SGD,1,0.05,0,0.0,9,141.48,141.48,7068.136839129206,
2,8241,19846.734382,RF,1,0.5,1,1.0,7,2949.235,2949.235,339.0709794234776,7.53
2,8242,19862.297887,AB,100,1.0,100,1.0,14,8493.737,84.93736999999999,11773.38078633704,
2,8243,19870.832755,LoR,1,0.5,0,0.0,8,143.862,143.862,6951.105920952024,
2,8244,19871.140147,GB,16,0.5,10,0.625,13,216.016,13.501,74068.58751203615,
2,8245,19871.397632,RF,16,0.0,0,0.0,5,3017.786,188.611625,5301.9001347345375,
2,8246,19874.467842,DT,64,0.0,0,0.0,29,103.966,1.62446875,615585.864609584,
2,8247,19874.615341,RF,32,1.0,32,1.0,3,2990.239,93.44496875,10701.485734083462,
2,8248,19877.647202,DT,8,1.0,8,1.0,19,91.708,11.4635,87233.39294281851,
2,8249,19877.778156,DT,1,0.01,0,0.0,10,84.733,84.733,11801.777347668558,16.0
2,8250,19878.063904,AB,100,1.0,100,1.0,25,8488.449,84.88449,11780.715181301082,
2,8251,19886.597937,MLP,1,0.1,0,0.0,9,163.05,163.05,6133.08800981294,
2,8252,19886.928774,SGD,8,0.05,1,0.125,26,146.221,18.277625,54711.70351727864,
2,8253,19887.131254,GB,100,1.0,100,1.0,28,275.996,2.75996,362324.09165350226,
2,8254,19887.472366,RF,32,0.1,2,0.0625,28,3049.641,95.30128125,10493.03836090871,
2,8255,19890.601013,SGD,64,0.1,6,0.09375,22,172.601,2.696890625,370797.38819589687,
2,8256,19890.811715,GB,1,0.0,0,0.0,4,203.846,203.846,4905.664079746475,4.0
2,8257,19903.377416,LoR,1,1.0,1,1.0,1,152.085,152.085,6575.270407995528,
2,8258,19903.680357,GB,8,0.1,0,0.0,1,207.911,25.988875,38478.00260688468,
2,8259,19903.929658,RF,16,1.0,16,1.0,16,2965.381,185.3363125,5395.596720960983,
2,8260,19906.939034,RF,8,0.05,0,0.0,5,2900.637,362.579625,2758.0148774217523,
2,8261,19909.879224,NB,1,0.0,0,0.0,25,111.486,111.486,8969.736110363632,
2,8262,19910.077713,MLP,100,0.01,3,0.03,12,243.925,2.43925,409962.078507738,
2,8263,19910.381816,GB,16,0.1,1,0.0625,2,249.926,15.620375,64018.949609084295,
2,8264,19910.682171,SGD,64,0.0,0,0.0,16,164.327,2.567609375,389467.3425547841,
2,8265,19910.922913,MLP,100,0.1,12,0.12,6,231.478,2.3147800000000003,432006.49737772055,
2,8266,19911.216398,SGD,32,0.05,2,0.0625,12,152.727,4.77271875,209524.18367413752,
2,8267,19911.413615,NB,16,0.01,0,0.0,2,109.962,6.872625,145504.8107528055,
2,8268,19911.57774,SGD,8,0.5,5,0.625,1,147.712,18.464,54159.44540727903,
2,8269,19911.779569,DT,100,1.0,100,1.0,2,95.073,0.95073,1051823.335752527,
2,8270,19911.909857,NB,1,0.0,0,0.0,0,127.584,127.584,7837.973413594181,
2,8271,19912.100505,NB,8,0.5,3,0.375,8,104.136,13.017,76822.61657832067,
2,8272,19912.240744,MLP,1,0.01,0,0.0,10,162.122,162.122,6168.194322793945,
2,8273,19912.559051,LoR,64,0.01,0,0.0,14,153.618,2.40028125,416617.8442630421,
2,8274,19912.753137,MLP,8,0.1,0,0.0,0,165.257,20.657125,48409.447103602266,
2,8275,19912.993904,GB,100,0.1,10,0.1,2,274.466,2.74466,364343.8531548534,
2,8276,19913.312415,MLP,32,1.0,32,1.0,11,192.608,6.019,166140.5549094534,
2,8277,19913.557162,MLP,32,0.01,0,0.0,0,182.4,5.7,175438.59649122806,
2,8278,19913.801667,RF,32,0.01,1,0.03125,22,3107.72,97.11625,10296.937948077692,
2,8279,19916.952238,RF,16,0.0,0,0.0,7,3060.501,191.2813125,5227.902229079487,
2,8280,19920.056255,DT,16,1.0,16,1.0,25,93.095,5.8184375,171867.44723132285,
2,8281,19920.212503,NB,32,0.5,17,0.53125,3,151.093,4.72165625,211790.08954749725,
2,8282,19920.400487,GB,8,0.0,0,0.0,2,211.138,26.39225,37889.91086398469,
2,8283,19920.661219,RF,64,1.0,64,1.0,24,3317.986,51.84353125,19288.809536869656,
2,8284,19924.046635,AB,32,0.05,1,0.03125,5,8009.38,250.293125,3995.315492584944,
2,8285,19932.115938,RF,100,0.0,0,0.0,24,3306.09,33.060900000000004,30247.210451016155,
2,8286,19935.48461,RF,16,0.5,7,0.4375,15,3042.408,190.1505,5258.992219321011,
2,8287,19938.632501,LoR,100,1.0,100,1.0,2,179.871,1.79871,555953.9892478498,
2,8288,19938.875726,AB,32,0.5,15,0.46875,20,8515.752,266.11725,3757.7421230679333,
2,8289,19947.447423,AB,1,1.0,1,1.0,25,7784.065,7784.065,128.46758088479478,2.0
2,8290,19968.021277,AB,32,0.05,2,0.0625,27,8045.833,251.43228125,3977.2140435925035,
2,8291,19976.134901,LoR,32,0.01,1,0.03125,8,169.653,5.30165625,188620.30143881924,
2,8292,19976.344642,LoR,1,0.05,0,0.0,29,141.38,141.38,7073.136228603763,
2,8293,19976.672881,MLP,64,0.5,22,0.34375,11,222.444,3.4756875,287712.862563162,
2,8294,19976.936771,DT,8,0.01,0,0.0,1,86.188,10.7735,92820.34621989139,
2,8295,19977.060982,GB,1,0.05,0,0.0,22,230.362,230.362,4340.993740287026,4.0
2,8296,19989.644706,LoR,100,0.5,54,0.54,18,171.109,1.71109,584422.7948266894,
2,8297,19989.893501,MLP,100,0.1,12,0.12,22,232.854,2.3285400000000003,429453.6490676561,
2,8298,19990.185193,GB,16,0.05,1,0.0625,16,219.859,13.7411875,72773.91419045842,
2,8299,19990.444842,RF,1,0.05,0,0.0,21,2966.723,2966.723,337.072251099951,9.99
2,8300,20006.12751,SGD,16,0.01,1,0.0625,21,161.502,10.093875,99069.9805575163,
2,8301,20006.36528,LoR,100,0.1,16,0.16,24,164.232,1.64232,608894.7342783379,
2,8302,20006.572518,SGD,1,0.1,0,0.0,0,189.118,189.118,5287.703973180765,
2,8303,20006.935394,LoR,64,0.05,3,0.046875,12,152.545,2.383515625,419548.3300009834,
2,8304,20007.129565,GB,16,0.01,0,0.0,12,214.857,13.4285625,74468.13461977035,
2,8305,20007.401653,MLP,100,0.0,0,0.0,15,237.665,2.3766499999999997,420760.31388719415,
2,8306,20007.723752,NB,100,0.5,52,0.52,7,152.37,1.5237,656297.1713591914,
2,8307,20007.91636,DT,1,0.5,0,0.0,29,88.361,88.361,11317.21008137074,16.0
2,8308,20008.212014,GB,32,0.05,4,0.125,1,230.375,7.19921875,138903.960933261,
2,8309,20008.511629,LoR,64,0.05,7,0.109375,26,166.577,2.602765625,384206.703206325,
2,8310,20008.737852,GB,100,0.0,0,0.0,1,267.88,2.6788,373301.47827385395,
2,8311,20009.045281,LoR,8,0.0,0,0.0,17,154.729,19.341125,51703.30060945265,
2,8312,20009.248142,RF,64,0.0,0,0.0,10,3244.529,50.695765625,19725.513317957706,
2,8313,20012.559667,NB,32,0.5,17,0.53125,4,128.022,4.0006875,249957.0386339848,
2,8314,20012.746875,SGD,32,0.05,3,0.09375,16,160.302,5.0094375,199623.211188881,
2,8315,20012.9807,SGD,100,0.5,58,0.58,11,166.033,1.6603299999999999,602289.9062234616,
2,8316,20013.209493,RF,100,0.01,0,0.0,14,3325.597,33.255970000000005,30069.788973227962,
2,8317,20016.578775,GB,8,0.05,0,0.0,13,223.361,27.920125,35816.458558118924,
2,8318,20016.852415,NB,64,0.0,0,0.0,11,135.38,2.1153125,472743.3889791698,
2,8319,20017.062081,DT,100,0.1,13,0.13,26,99.129,0.99129,1008786.5306822422,
2,8320,20017.198266,NB,16,1.0,16,1.0,5,127.849,7.9905625,125147.63510078295,
2,8321,20017.391107,LoR,100,0.0,0,0.0,28,167.393,1.67393,597396.5458531718,
2,8322,20017.596472,MLP,8,0.0,0,0.0,27,173.131,21.641375,46207.784856553706,
2,8323,20017.812082,AB,16,0.01,0,0.0,9,8217.361,513.5850625,1947.0971276544865,
2,8324,20026.102137,GB,64,0.05,3,0.046875,26,243.599,3.806234375,262726.8584846408,
2,8325,20026.410316,RF,32,0.05,1,0.03125,19,3066.514,95.8285625,10435.302105256978,
2,8326,20029.51692,AB,1,1.0,1,1.0,8,7693.178,7693.178,129.9852934638975,2.0
2,8327,20049.846804,SGD,100,0.0,0,0.0,10,175.852,1.75852,568660.0095534881,
2,8328,20050.06413,NB,16,0.0,0,0.0,12,112.471,7.0294375,142258.89340363294,
2,8329,20050.214825,SGD,1,0.01,0,0.0,1,146.383,146.383,6831.394355901983,
2,8330,20050.513767,GB,32,0.0,0,0.0,24,264.815,8.27546875,120839.07633631026,
2,8331,20050.836406,MLP,100,0.0,0,0.0,14,239.191,2.39191,418075.93095057923,
2,8332,20051.149104,DT,100,1.0,100,1.0,17,96.964,0.96964,1031310.5894971329,
2,8333,20051.287291,AB,16,0.1,0,0.0,0,8000.795,500.0496875,1999.8012697488186,
2,8334,20059.353132,GB,32,0.05,1,0.03125,8,222.18,6.943125,144027.3651993879,
2,8335,20059.652372,LoR,100,0.5,63,0.63,15,172.685,1.72685,579089.092856936,
2,8336,20059.883267,DT,16,0.01,2,0.125,2,88.48,5.53,180831.82640144665,
2,8337,20060.017595,AB,64,0.0,0,0.0,17,8161.086,127.51696875,7842.093564508449,
2,8338,20068.222546,SGD,16,0.1,0,0.0,23,149.572,9.34825,106971.89313507876,
2,8339,20068.434312,LoR,32,0.5,16,0.5,8,147.603,4.61259375,216797.76156311185,
2,8340,20068.617963,AB,1,1.0,1,1.0,21,7572.002,7572.002,132.0654696076414,2.0
2,8341,20088.618234,DT,8,0.01,0,0.0,14,86.151,10.768875,92860.21056052746,
2,8342,20088.76208,LoR,8,0.05,1,0.125,23,150.373,18.796625,53201.04008033357,
2,8343,20088.961505,LoR,64,0.0,0,0.0,23,154.035,2.406796875,415489.9860421333,
2,8344,20089.152192,LoR,1,0.0,0,0.0,12,137.195,137.195,7288.895367906994,
2,8345,20089.441201,MLP,8,0.05,0,0.0,20,167.737,20.967125,47693.71098803484,
2,8346,20089.67795,RF,64,0.01,3,0.046875,29,3197.56,49.961875,20015.26163699821,
2,8347,20092.954847,SGD,100,0.05,2,0.02,19,177.533,1.7753299999999999,563275.5600367256,
2,8348,20093.207818,DT,100,0.01,2,0.02,16,96.92,0.9692000000000001,1031778.7866281469,
2,8349,20093.359539,AB,16,0.1,3,0.1875,24,7843.583,490.2239375,2039.8840682886891,
2,8350,20101.274835,MLP,64,0.1,3,0.046875,29,209.443,3.272546875,305572.39917304466,
2,8351,20101.547786,AB,32,0.1,5,0.15625,7,7944.713,248.27228125,4027.835870219604,
2,8352,20109.563606,LoR,64,0.5,28,0.4375,5,157.553,2.461765625,406212.51261480263,
2,8353,20109.761845,DT,8,0.05,0,0.0,14,82.5,10.3125,96969.69696969698,
2,8354,20109.887453,SGD,32,0.01,0,0.0,2,149.593,4.67478125,213913.7526488539,
2,8355,20110.095503,GB,16,0.1,4,0.25,14,216.914,13.557125,73761.95174124307,
2,8356,20110.388166,RF,100,0.1,10,0.1,8,3356.103,33.56103,29796.46333858049,
2,8357,20113.817679,MLP,64,0.05,1,0.015625,29,220.902,3.45159375,289721.2338503047,
2,8358,20114.102117,NB,32,0.1,4,0.125,16,123.272,3.85225,259588.5521448504,
2,8359,20114.260438,GB,1,1.0,1,1.0,8,207.195,207.195,4826.371292743551,4.0
2,8360,20127.071051,DT,64,0.05,1,0.015625,3,94.671,1.479234375,676025.3932038322,
2,8361,20127.231137,AB,64,0.01,2,0.03125,2,8252.666,128.94790625,7755.069695053696,
2,8362,20135.540945,SGD,16,0.0,0,0.0,16,163.822,10.238875,97666.98001489422,
2,8363,20135.745708,LoR,16,1.0,16,1.0,16,142.018,8.876125,112661.77526792379,
2,8364,20135.94756,AB,16,0.05,1,0.0625,22,7897.392,493.587,2025.9852872948436,
2,8365,20143.923908,GB,100,0.01,2,0.02,13,272.749,2.7274900000000004,366637.45788252197,
2,8366,20144.257582,LoR,16,0.5,5,0.3125,19,156.354,9.772125,102331.8878954168,
2,8367,20144.485132,MLP,64,0.5,33,0.515625,28,210.025,3.281640625,304725.6279014403,
2,8368,20144.770291,GB,100,0.5,62,0.62,14,287.877,2.8787700000000003,347370.5784067501,
2,8369,20145.102811,NB,32,0.0,0,0.0,12,126.23,3.9446875,253505.50582270458,
2,8370,20145.302706,NB,100,0.1,8,0.08,29,149.887,1.49887,667169.2675148612,
2,8371,20145.49224,RF,16,0.01,0,0.0,24,2984.357,186.5223125,5361.288880653354,
2,8372,20148.535356,RF,100,0.0,0,0.0,28,3328.049,33.28049,30047.634514996626,
2,8373,20151.906561,AB,16,0.0,0,0.0,25,7896.729,493.5455625,2026.155386616408,
2,8374,20159.846708,GB,8,0.05,0,0.0,22,202.101,25.262625,39584.16831188366,
2,8375,20160.088764,RF,8,0.0,0,0.0,7,2916.663,364.582875,2742.860591024743,
2,8376,20163.045594,NB,1,0.0,0,0.0,22,108.687,108.687,9200.732378297313,
2,8377,20163.234095,NB,64,0.05,1,0.015625,3,130.836,2.0443125,489162.00434131274,
2,8378,20163.430166,MLP,64,0.05,6,0.09375,2,216.394,3.38115625,295756.8139597216,
2,8379,20163.685924,NB,1,0.5,1,1.0,1,99.771,99.771,10022.952561365528,
2,8380,20163.835093,GB,32,0.0,0,0.0,15,227.776,7.118,140488.90137679124,
2,8381,20164.133256,NB,64,0.1,4,0.0625,23,134.206,2.09696875,476878.8280702801,
2,8382,20164.321196,GB,8,0.5,2,0.25,5,207.359,25.919875,38580.432968908994,
2,8383,20164.565184,MLP,1,1.0,1,1.0,19,166.637,166.637,6001.068190137845,
2,8384,20164.927946,AB,100,0.05,4,0.04,28,8626.011,86.26011,11592.844015617415,
2,8385,20173.625671,LoR,100,0.0,0,0.0,7,165.499,1.65499,604233.2582069982,
2,8386,20173.86358,MLP,64,0.5,37,0.578125,27,205.447,3.210109375,311515.8654056764,
2,8387,20174.111338,SGD,8,1.0,8,1.0,9,144.616,18.077,55318.91353653814,
2,8388,20174.31807,RF,32,0.05,3,0.09375,2,3043.666,95.1145625,10513.637173066953,
2,8389,20177.424528,SGD,8,0.01,1,0.125,17,162.514,20.31425,49226.52817603406,
2,8390,20177.63105,SGD,32,0.0,0,0.0,1,153.921,4.81003125,207898.8572059693,
2,8391,20177.854577,NB,64,0.01,1,0.015625,21,132.178,2.06528125,484195.5544795655,
2,8392,20178.024203,NB,1,0.5,1,1.0,17,96.605,96.605,10351.431085347549,
2,8393,20178.194741,SGD,64,0.05,4,0.0625,12,160.658,2.51028125,398361.73735512706,
2,8394,20178.403399,RF,64,1.0,64,1.0,8,3095.624,48.369125,20674.345463144105,
2,8395,20181.633805,GB,64,0.05,6,0.09375,27,293.349,4.583578125,218170.16591159336,
2,8396,20181.987051,SGD,8,0.05,1,0.125,4,160.052,20.0065,49983.755279534154,
2,8397,20182.204499,LoR,64,0.0,0,0.0,6,158.139,2.470921875,404707.2512157026,
2,8398,20182.404812,GB,16,0.01,0,0.0,22,247.339,15.4586875,64688.544871613456,
2,8399,20182.690038,SGD,1,0.0,0,0.0,7,149.579,149.579,6685.430441438972,
2,8400,20182.983915,DT,1,0.01,0,0.0,13,83.439,83.439,11984.803269454333,17.0
2,8401,20183.262896,MLP,8,0.0,0,0.0,2,174.261,21.782625,45908.149270347356,
2,8402,20183.513699,MLP,100,0.5,47,0.47,4,251.081,2.5108099999999998,398277.84659133904,
2,8403,20183.805201,RF,1,0.1,0,0.0,24,3410.795,3410.795,293.18677903538617,10.27
2,8404,20200.329649,AB,16,0.1,3,0.1875,10,8071.899,504.4936875,1982.1853568782265,
2,8405,20208.471833,DT,100,0.01,0,0.0,21,89.433,0.8943300000000001,1118155.4907025371,
2,8406,20208.640206,RF,100,0.1,8,0.08,19,3463.278,34.63278,28874.378551187634,
2,8407,20212.16635,AB,8,0.1,1,0.125,24,8021.24,1002.655,997.3520303593958,
2,8408,20220.227045,RF,1,1.0,1,1.0,18,3049.14,3049.14,327.9613268003437,7.97
2,8409,20235.896388,AB,1,0.0,0,0.0,19,7627.176,7627.176,131.11012516296987,2.0
2,8410,20256.521446,SGD,100,1.0,100,1.0,2,208.66,2.0866,479248.5382919582,
2,8411,20256.774603,RF,1,0.1,0,0.0,4,3118.975,3118.975,320.618151796664,9.99
2,8412,20273.294116,SGD,100,1.0,100,1.0,0,212.031,2.12031,471629.1485678981,
2,8413,20273.56095,GB,64,0.0,0,0.0,24,296.756,4.6368125,215665.39513944119,
2,8414,20273.920639,AB,8,0.05,1,0.125,12,8054.051,1006.756375,993.28896725387,
2,8415,20282.016846,MLP,1,0.01,0,0.0,26,186.352,186.352,5366.1887181248385,
2,8416,20282.389545,NB,64,0.1,6,0.09375,4,135.296,2.114,473036.8968779565,
2,8417,20282.60704,DT,8,0.1,1,0.125,11,114.232,14.279,70032.91547027102,
2,8418,20282.758832,GB,16,0.0,0,0.0,21,234.976,14.686,68092.06046574969,
2,8419,20283.056664,DT,32,0.5,18,0.5625,2,89.944,2.81075,355776.92786622787,
2,8420,20283.201776,RF,100,0.0,0,0.0,16,3451.806,34.51806,28970.341902181062,
2,8421,20286.748766,RF,100,0.1,10,0.1,9,3428.601,34.286010000000005,29166.415106336375,
2,8422,20290.238389,GB,100,0.01,0,0.0,7,292.752,2.92752,341586.0523583101,
2,8423,20290.611828,NB,16,0.01,0,0.0,21,133.131,8.3206875,120182.37675672834,
2,8424,20290.80654,LoR,32,0.1,4,0.125,29,163.711,5.11596875,195466.4011581384,
2,8425,20291.02795,DT,16,0.5,11,0.6875,10,89.885,5.6178125,178005.22890359903,
2,8426,20291.15626,SGD,8,0.1,0,0.0,18,152.278,19.03475,52535.49429333193,
2,8427,20291.349675,RF,1,0.05,0,0.0,14,3072.546,3072.546,325.46298737268705,9.99
2,8428,20308.452889,AB,32,0.01,0,0.0,29,8445.379,263.91809375,3789.054345577623,
2,8429,20316.992834,SGD,32,0.1,2,0.0625,20,179.923,5.62259375,177853.8597066523,
2,8430,20317.255113,RF,100,0.5,56,0.56,21,3587.077,35.87077,27877.851520890126,
2,8431,20320.889908,RF,32,0.0,0,0.0,1,3284.365,102.63640625,9743.131472902678,
2,8432,20324.216276,NB,8,0.0,0,0.0,4,126.469,15.808625,63256.6083388024,
2,8433,20324.392493,MLP,64,1.0,64,1.0,24,240.637,3.759953125,265960.76247626095,
2,8434,20324.721562,GB,8,0.1,2,0.25,23,253.427,31.678375,31567.275783558973,
2,8435,20325.017333,SGD,8,0.01,0,0.0,25,157.169,19.646125,50900.62289637269,
2,8436,20325.231325,SGD,100,0.0,0,0.0,17,171.096,1.71096,584467.1997007527,
2,8437,20325.448949,LoR,8,0.01,0,0.0,7,144.733,18.091625,55274.19455134627,
2,8438,20325.661375,AB,64,0.1,7,0.109375,8,8428.231,131.691109375,7593.527040253169,
2,8439,20334.142819,LoR,64,0.0,0,0.0,4,162.507,2.539171875,393829.18889647827,
2,8440,20334.376415,NB,64,0.1,6,0.09375,13,131.07,2.04796875,488288.7006942855,
2,8441,20334.54611,DT,16,0.0,0,0.0,2,127.505,7.9690625,125485.27508725149,
2,8442,20334.718196,MLP,32,0.01,0,0.0,24,195.87,6.1209375,163373.66620717823,
2,8443,20334.961115,SGD,32,0.01,0,0.0,26,153.464,4.79575,208517.9586091852,
2,8444,20335.184133,SGD,64,0.5,27,0.421875,28,158.479,2.476234375,403838.9944409038,
2,8445,20335.385152,RF,8,1.0,8,1.0,26,3012.458,376.55725,2655.638684423152,
2,8446,20338.460731,NB,8,0.5,4,0.5,29,145.28,18.16,55066.07929515419,
2,8447,20338.661267,RF,1,0.1,1,1.0,23,2970.641,2970.641,336.6276840587604,7.92
2,8448,20354.684366,LoR,1,0.0,0,0.0,19,155.421,155.421,6434.136957039268,
2,8449,20354.99701,AB,1,0.5,0,0.0,16,8195.891,8195.891,122.01235960800358,2.0
2,8450,20376.317526,LoR,16,0.5,8,0.5,5,185.43,11.589375,86285.93000053929,
2,8451,20376.553027,NB,32,0.01,0,0.0,24,130.43,4.0759375,245342.329218738,
2,8452,20376.74301,NB,16,0.01,1,0.0625,22,111.374,6.960875,143660.1002029199,
2,8453,20376.913765,MLP,32,0.5,14,0.4375,18,216.977,6.78053125,147481.06942210466,
2,8454,20377.174553,RF,16,0.01,0,0.0,0,3107.216,194.201,5149.3040715547295,
2,8455,20380.367007,GB,100,0.5,47,0.47,27,345.473,3.45473,289458.22104766505,
2,8456,20380.774037,GB,8,0.5,2,0.25,20,222.001,27.750125,36035.873712280576,
2,8457,20381.060669,DT,32,0.01,2,0.0625,24,95.308,2.978375,335753.55688924325,
2,8458,20381.194518,SGD,1,0.05,0,0.0,3,157.208,157.208,6360.999440232049,
2,8459,20381.510358,LoR,8,0.1,0,0.0,2,148.949,18.618625,53709.65901080235,
2,8460,20381.724282,NB,32,0.05,1,0.03125,3,120.557,3.76740625,265434.60769594467,
2,8461,20381.905743,DT,32,0.05,2,0.0625,16,91.796,2.868625,348599.0674974944,
2,8462,20382.038367,SGD,32,1.0,32,1.0,6,160.397,5.01240625,199504.97827266098,
2,8463,20382.237882,GB,1,0.5,0,0.0,7,200.509,200.509,4987.307302914084,4.0
2,8464,20395.192623,LoR,100,1.0,100,1.0,3,189.204,1.8920400000000002,528530.0522187691,
2,8465,20395.463009,GB,100,0.01,1,0.01,14,277.119,2.7711900000000003,360855.8056286288,
2,8466,20395.798952,DT,100,0.0,0,0.0,20,104.785,1.04785,954335.0670420385,
2,8467,20395.96036,RF,8,0.5,3,0.375,17,3038.325,379.790625,2633.0297120946575,
2,8468,20399.041152,AB,8,0.0,0,0.0,27,8092.066,1011.50825,988.6226830082701,
2,8469,20407.194614,RF,8,0.5,3,0.375,0,3011.838,376.47975,2656.185359239109,
2,8470,20410.274423,NB,32,0.05,3,0.09375,4,130.858,4.0893125,244539.88292653105,
2,8471,20410.444619,AB,1,0.5,0,0.0,27,7865.361,7865.361,127.1397460332717,2.0
2,8472,20431.362096,MLP,64,1.0,64,1.0,22,233.637,3.650578125,273929.2149787919,
2,8473,20431.668135,MLP,64,0.05,3,0.046875,20,213.134,3.33021875,300280.57466194977,
2,8474,20431.922312,GB,1,0.01,0,0.0,2,213.366,213.366,4686.78233645473,4.0
2,8475,20444.735588,MLP,8,0.5,5,0.625,22,185.376,23.172,43155.53253927153,
2,8476,20444.985316,NB,32,0.05,1,0.03125,20,123.028,3.844625,260103.39109796143,
2,8477,20445.150657,NB,16,1.0,16,1.0,24,109.264,6.829,146434.3242055938,
2,8478,20445.300626,DT,32,1.0,32,1.0,13,92.524,2.891375,345856.21028057585,
2,8479,20445.431321,DT,1,0.1,0,0.0,12,84.293,84.293,11863.381300938392,16.0
2,8480,20445.704293,GB,16,0.05,0,0.0,14,222.295,13.8934375,71976.42771992173,
2,8481,20445.9672,SGD,8,1.0,8,1.0,5,161.119,20.139875,49652.741141640654,
2,8482,20446.192709,GB,32,0.05,1,0.03125,4,227.769,7.11778125,140493.21900697637,
2,8483,20446.464498,MLP,32,0.0,0,0.0,24,204.402,6.3875625,156554.24115223924,
2,8484,20446.710775,LoR,16,0.0,0,0.0,25,151.069,9.4418125,105911.8680867683,
2,8485,20446.939929,MLP,100,0.05,3,0.03,5,229.041,2.29041,436603.0536017569,
2,8486,20447.213287,MLP,32,0.0,0,0.0,1,184.135,5.75421875,173785.5377847775,
2,8487,20447.453198,LoR,64,0.01,0,0.0,15,157.544,2.461625,406235.71827552933,
2,8488,20447.650794,AB,16,1.0,16,1.0,17,8116.061,507.2538125,1971.3996728215818,
2,8489,20455.830057,GB,8,0.05,1,0.125,25,209.391,26.173875,38206.03559847367,
2,8490,20456.080276,LoR,1,0.01,0,0.0,1,150.274,150.274,6654.511093069992,
2,8491,20456.389968,NB,32,0.01,0,0.0,9,118.995,3.71859375,268918.86213706457,
2,8492,20456.571486,LoR,32,0.01,1,0.03125,24,154.254,4.8204375,207450.04991766828,
2,8493,20456.782455,DT,8,0.1,2,0.25,0,87.935,10.991875,90976.28930459998,
2,8494,20456.909144,LoR,8,0.1,0,0.0,25,147.078,18.38475,54392.90716490569,
2,8495,20457.112548,DT,8,0.1,2,0.25,19,85.91,10.73875,93120.70771737865,
2,8496,20457.24445,MLP,64,1.0,64,1.0,7,210.99,3.29671875,303331.9114649983,
2,8497,20457.514425,RF,8,0.5,4,0.5,3,3097.913,387.239125,2582.383688631669,
2,8498,20460.695569,LoR,100,0.05,5,0.05,16,181.625,1.81625,550584.9965588438,
2,8499,20460.941505,SGD,32,0.05,3,0.09375,15,158.722,4.9600625,201610.3627726465,
2,8500,20461.141536,RF,8,0.01,0,0.0,8,3063.216,382.902,2611.634308517584,
2,8501,20464.279669,MLP,64,0.05,2,0.03125,17,225.109,3.517328125,284306.71363650495,
2,8502,20464.550339,SGD,32,0.0,0,0.0,10,158.394,4.9498125,202027.85459045166,
2,8503,20464.749203,LoR,1,0.5,0,0.0,13,143.611,143.611,6963.254903872266,
2,8504,20465.04938,SGD,16,0.05,0,0.0,19,149.696,9.356,106883.28345446772,
2,8505,20465.243544,GB,32,1.0,32,1.0,13,236.444,7.388875,135338.60026052681,
2,8506,20465.519561,AB,1,0.0,0,0.0,21,7838.434,7838.434,127.5765031637697,2.0
2,8507,20486.669907,NB,8,0.05,0,0.0,2,131.733,16.466625,60728.898605512666,
2,8508,20486.841396,AB,8,0.0,0,0.0,0,8135.469,1016.933625,983.3483478334193,
2,8509,20495.041678,AB,16,0.1,2,0.125,20,8050.624,503.164,1987.423583563212,
2,8510,20503.159918,SGD,32,0.5,15,0.46875,5,175.28,5.4775,182565.03879507075,
2,8511,20503.396474,DT,16,0.05,2,0.125,0,87.487,5.4679375,182884.31424097295,
2,8512,20503.561947,LoR,100,0.5,47,0.47,9,172.675,1.72675,579122.6292167366,
2,8513,20503.793253,LoR,16,0.1,2,0.125,21,147.161,9.1975625,108724.45824641039,
2,8514,20503.998428,GB,16,0.5,9,0.5625,24,259.504,16.219,61656.08237252604,
2,8515,20504.309143,GB,64,1.0,64,1.0,14,263.653,4.119578125,242743.30275020574,
2,8516,20504.632648,GB,8,0.5,6,0.75,18,222.294,27.78675,35988.375754631255,
2,8517,20504.902157,RF,32,0.01,0,0.0,9,3213.339,100.41684375,9958.48866241626,
2,8518,20508.159044,SGD,1,0.05,0,0.0,2,165.587,165.587,6039.121428614566,
2,8519,20508.524069,NB,100,0.05,6,0.06,18,153.637,1.53637,650884.8779916296,
2,8520,20508.746061,DT,64,0.05,2,0.03125,26,97.147,1.517921875,658795.43372415,
2,8521,20508.893991,MLP,64,0.01,0,0.0,0,231.567,3.618234375,276377.89495048946,
2,8522,20509.190849,DT,32,0.05,1,0.03125,2,92.913,2.90353125,344408.2098307019,
2,8523,20509.319397,LoR,1,0.0,0,0.0,1,149.046,149.046,6709.338056707325,
2,8524,20509.61923,RF,1,0.5,1,1.0,24,3008.324,3008.324,332.4110036020056,7.92
2,8525,20525.715731,GB,1,0.0,0,0.0,16,217.332,217.332,4601.255222424677,4.0
2,8526,20538.887087,MLP,8,0.5,5,0.625,26,221.892,27.7365,36053.575613361456,
2,8527,20539.174574,MLP,64,0.0,0,0.0,18,222.562,3.47753125,287560.32027030666,
2,8528,20539.436554,RF,1,0.0,0,0.0,11,3091.087,3091.087,323.5107908641847,9.99
2,8529,20555.447075,RF,16,0.0,0,0.0,29,3090.019,193.1261875,5177.961688908709,
2,8530,20558.638914,DT,16,0.1,1,0.0625,16,107.136,6.696,149342.89127837514,
2,8531,20558.785249,NB,1,0.1,0,0.0,12,112.925,112.925,8855.435023245516,
2,8532,20558.984863,SGD,100,0.5,47,0.47,25,182.143,1.82143,549019.177239861,
2,8533,20559.206536,SGD,1,0.1,0,0.0,6,146.462,146.462,6827.709576545452,
2,8534,20559.524392,MLP,100,0.01,0,0.0,16,235.054,2.35054,425434.15555574466,
2,8535,20559.817838,AB,8,0.5,6,0.75,25,7982.034,997.75425,1002.2508047447556,
2,8536,20567.840602,DT,8,1.0,8,1.0,27,78.121,9.765125,102405.24314844921,
2,8537,20567.955105,GB,1,1.0,1,1.0,13,224.781,224.781,4448.774585040551,4.0
2,8538,20580.602592,SGD,1,0.1,0,0.0,2,151.662,151.662,6593.609473698091,
2,8539,20580.924611,MLP,100,1.0,100,1.0,3,230.954,2.30954,432986.65535128204,
2,8540,20581.237477,SGD,100,0.01,1,0.01,7,166.928,1.6692799999999999,599060.6728649478,
2,8541,20581.442594,DT,8,1.0,8,1.0,2,87.156,10.8945,91789.43503602735,
2,8542,20581.566155,GB,8,0.0,0,0.0,25,214.362,26.79525,37320.04739646019,
2,8543,20581.824377,SGD,32,0.0,0,0.0,22,157.121,4.91003125,203664.69154346013,
2,8544,20582.062897,RF,100,0.01,2,0.02,4,3566.228,35.66228,28040.831937834595,
2,8545,20585.696518,SGD,32,0.5,21,0.65625,27,167.884,5.246375,190607.80062424057,
2,8546,20585.941669,MLP,100,0.1,13,0.13,27,253.128,2.5312799999999998,395057.0462374767,
2,8547,20586.240995,GB,16,0.01,0,0.0,3,220.394,13.774625,72597.2576385927,
2,8548,20586.502923,AB,1,0.5,1,1.0,22,8826.672,8826.672,113.29298290454204,2.0
2,8549,20608.748806,AB,100,0.05,6,0.06,8,8751.78,87.51780000000001,11426.247003466722,
2,8550,20617.569506,MLP,32,0.05,3,0.09375,13,223.496,6.98425,143179.2962737588,
2,8551,20617.871155,MLP,100,0.5,56,0.56,19,257.128,2.57128,388911.35932298313,
2,8552,20618.197751,SGD,64,0.01,1,0.015625,29,162.927,2.545734375,392813.95962609025,
2,8553,20618.427883,SGD,64,0.05,7,0.109375,15,181.823,2.840984375,351990.67224718543,
2,8554,20618.691984,RF,8,0.5,5,0.625,5,3056.486,382.06075,2617.384800715593,
2,8555,20621.821953,MLP,64,0.05,2,0.03125,14,221.091,3.454546875,289473.56518356694,
2,8556,20622.081445,AB,1,1.0,1,1.0,29,7972.8,7972.8,125.42644992976119,2.0
2,8557,20643.067732,MLP,64,0.01,0,0.0,17,223.335,3.489609375,286565.02563413704,
2,8558,20643.353463,AB,16,0.05,2,0.125,0,8119.973,507.4983125,1970.449901742284,
2,8559,20651.515755,DT,1,0.1,0,0.0,9,80.309,80.309,12451.904518796151,17.0
2,8560,20651.781604,DT,16,0.05,0,0.0,24,86.332,5.39575,185331.0475837465,
2,8561,20651.908443,AB,8,0.1,0,0.0,5,7899.706,987.46325,1012.6959155188813,
2,8562,20659.871831,NB,16,0.5,7,0.4375,8,120.782,7.548875,132470.07004354955,
2,8563,20660.035861,NB,32,0.0,0,0.0,8,115.603,3.61259375,276809.4253609335,
2,8564,20660.218782,RF,64,0.1,4,0.0625,10,3337.506,52.14853125,19175.995488847064,
2,8565,20663.610075,MLP,64,0.0,0,0.0,10,229.582,3.58721875,278767.4991941877,
2,8566,20663.903305,LoR,16,0.05,1,0.0625,26,159.061,9.9413125,100590.33955526496,
2,8567,20664.125844,NB,16,0.5,6,0.375,3,113.422,7.088875,141066.10710444182,
2,8568,20664.293615,SGD,100,0.0,0,0.0,27,170.568,1.70568,586276.4410674921,
2,8569,20664.504509,DT,1,0.05,0,0.0,7,87.589,87.589,11416.958750528034,15.0
2,8570,20664.785407,SGD,16,0.05,0,0.0,2,157.32,9.8325,101703.53419781338,
2,8571,20665.01195,MLP,64,0.05,7,0.109375,7,211.958,3.31184375,301946.6120646543,
2,8572,20665.270689,LoR,32,0.01,0,0.0,7,151.401,4.73128125,211359.2380499468,
2,8573,20665.490747,AB,64,0.5,28,0.4375,17,8418.175,131.533984375,7602.5979502683185,
2,8574,20673.954976,AB,32,1.0,32,1.0,23,8062.828,251.963375,3968.830787411067,
2,8575,20682.066653,LoR,32,0.01,0,0.0,17,153.985,4.81203125,207812.44926453874,
2,8576,20682.267598,MLP,32,0.01,0,0.0,26,187.468,5.858375,170695.79874965327,
2,8577,20682.496389,AB,16,1.0,16,1.0,11,7996.181,499.7613125,2000.9552059914604,
2,8578,20690.536295,AB,8,0.05,0,0.0,22,7891.169,986.396125,1013.7914927433438,
2,8579,20698.508482,AB,100,0.05,7,0.07,1,8742.383,87.42383,11438.528831326654,
2,8580,20707.318625,NB,32,0.5,18,0.5625,18,120.96,3.78,264550.2645502646,
2,8581,20707.515787,SGD,100,0.05,4,0.04,9,172.151,1.72151,580885.385504586,
2,8582,20707.725738,SGD,1,1.0,1,1.0,9,145.072,145.072,6893.128929083489,
2,8583,20708.059137,DT,64,0.1,5,0.078125,16,93.626,1.46290625,683570.8029820776,
2,8584,20708.214193,AB,32,0.1,3,0.09375,9,8166.188,255.193375,3918.597024707244,
2,8585,20716.421634,RF,8,1.0,8,1.0,9,3191.045,398.880625,2507.0157268230314,
2,8586,20719.696074,GB,100,0.1,10,0.1,8,463.738,4.63738,215639.00305776106,
2,8587,20720.225595,RF,1,0.01,0,0.0,18,3126.455,3126.455,319.85107733839124,10.71
2,8588,20736.406133,DT,8,0.01,0,0.0,13,91.168,11.396,87750.08775008774,
2,8589,20736.535143,DT,1,1.0,1,1.0,11,82.967,82.967,12052.984921715863,11.0
2,8590,20736.805979,GB,32,0.01,0,0.0,6,264.988,8.280875,120760.18536688454,
2,8591,20737.156395,SGD,100,0.01,1,0.01,29,196.33,1.9633,509346.5084296847,
2,8592,20737.39273,LoR,1,0.1,0,0.0,12,150.015,150.015,6666.000066660002,
2,8593,20737.695888,GB,8,1.0,8,1.0,6,221.486,27.68575,36119.66444831728,
2,8594,20737.978364,AB,8,0.05,1,0.125,13,8053.061,1006.632625,993.4110768563656,
2,8595,20746.072387,RF,8,0.0,0,0.0,27,3038.683,379.835375,2632.719503811355,
2,8596,20749.174416,LoR,100,0.01,0,0.0,8,181.36,1.8136,551389.5015438906,
2,8597,20749.43888,RF,100,0.05,5,0.05,24,3435.635,34.35635,29106.700799124468,
2,8598,20752.973217,RF,100,0.5,49,0.49,1,3432.305,34.323049999999995,29134.9399310376,
2,8599,20756.466041,AB,100,1.0,100,1.0,18,8705.266,87.05266,11487.299756262475,
2,8600,20765.214946,LoR,16,0.0,0,0.0,8,153.875,9.6171875,103980.50365556458,
2,8601,20765.428228,AB,100,0.0,0,0.0,18,8716.111,87.16111000000001,11473.006711364735,
2,8602,20774.199232,GB,64,0.01,0,0.0,24,257.105,4.017265625,248925.53625950485,
2,8603,20774.519883,DT,16,0.5,7,0.4375,21,125.974,7.873375,127010.33546604855,
2,8604,20774.706204,LoR,32,0.05,2,0.0625,9,161.643,5.05134375,197967.1250842907,
2,8605,20774.924887,LoR,8,0.05,1,0.125,13,149.612,18.7015,53471.64665935888,
2,8606,20775.149084,GB,100,0.05,3,0.03,11,282.615,2.82615,353838.2605311112,
2,8607,20775.509704,NB,100,0.01,2,0.02,3,157.787,1.57787,633765.7728456716,
2,8608,20775.709259,AB,32,0.0,0,0.0,7,8198.832,256.2135,3902.994963185,
2,8609,20783.947881,LoR,1,1.0,1,1.0,21,148.197,148.197,6747.774921219728,
2,8610,20784.24879,GB,16,1.0,16,1.0,23,214.533,13.4083125,74580.60065351252,
2,8611,20784.506993,SGD,8,0.01,0,0.0,5,156.81,19.60125,51017.15451820675,
2,8612,20784.70407,SGD,1,0.1,0,0.0,11,144.171,144.171,6936.207697803304,
2,8613,20785.018557,DT,100,0.01,0,0.0,3,97.028,0.97028,1030630.3335119758,
2,8614,20785.155748,LoR,16,0.0,0,0.0,19,151.955,9.4971875,105294.33055838899,
2,8615,20785.350977,RF,32,1.0,32,1.0,29,3105.665,97.05203125,10303.751370479431,
2,8616,20788.497901,MLP,1,1.0,1,1.0,11,187.256,187.256,5340.28282137822,
2,8617,20788.846037,NB,64,1.0,64,1.0,16,133.642,2.08815625,478891.36648658355,
2,8618,20789.043241,NB,32,0.05,2,0.0625,2,117.333,3.66665625,272728.04752286227,
2,8619,20789.219085,DT,32,0.05,3,0.09375,10,93.117,2.90990625,343653.6830009558,
2,8620,20789.34892,GB,8,0.0,0,0.0,1,215.017,26.877125,37206.36042731505,
2,8621,20789.625004,GB,16,0.5,7,0.4375,3,220.006,13.750375,72725.28931029154,
2,8622,20789.918182,RF,64,0.05,5,0.078125,22,3322.173,51.908953125,19264.499470677776,
2,8623,20793.315685,RF,64,0.1,6,0.09375,21,3232.247,50.503859375,19800.46698163847,
2,8624,20796.608934,SGD,100,0.0,0,0.0,29,183.383,1.83383,545306.8168805178,
2,8625,20796.831614,RF,1,1.0,1,1.0,16,2952.615,2952.615,338.682828611248,6.89
2,8626,20812.661984,RF,64,0.01,0,0.0,19,3216.805,50.262578125,19895.517446659032,
2,8627,20815.960669,LoR,100,0.01,4,0.04,23,183.355,1.8335499999999998,545390.0902620599,
2,8628,20816.233267,RF,100,0.1,9,0.09,7,3444.538,34.44538,29031.469532343668,
2,8629,20819.723157,GB,8,0.01,0,0.0,18,230.085,28.760625,34769.759002107916,
2,8630,20820.025008,LoR,64,0.5,34,0.53125,14,170.507,2.664171875,375351.1586034591,
2,8631,20820.255524,NB,16,0.05,2,0.125,23,116.677,7.2923125,137130.71127985805,
2,8632,20820.426552,AB,8,0.5,4,0.5,22,8172.381,1021.547625,978.9068816052506,
2,8633,20828.658484,SGD,100,0.0,0,0.0,9,171.921,1.71921,581662.5077797361,
2,8634,20828.892595,NB,16,0.05,2,0.125,20,113.021,7.0638125,141566.61151467427,
2,8635,20829.041434,AB,1,1.0,1,1.0,10,7675.642,7675.642,130.2822617313314,2.0
2,8636,20849.506529,MLP,16,0.5,7,0.4375,12,198.705,12.4190625,80521.37590901084,
2,8637,20849.748603,DT,1,0.05,0,0.0,14,87.009,87.009,11493.063935914675,16.0
2,8638,20850.037262,RF,16,0.5,8,0.5,4,3049.119,190.5699375,5247.417368754712,
2,8639,20853.166615,AB,100,0.1,13,0.13,8,8647.321,86.47321,11564.275224662066,
