run_id,sequence,elapsed_since_start_ms,model,batch_size,requested_malicious_fraction,malicious_count,actual_malicious_fraction,repetition,elapsed_us_total,us_per_flow,throughput_flows_s,mean_tree_path_nodes
6,0,1.631297,RF,32,0.05,3,0.09375,12,3621.442,113.1700625,8836.259147599216,
6,1,5.364971,RF,64,0.01,0,0.0,11,3686.909,57.607953125,17358.714305126596,
6,2,9.177832,MLP,32,0.01,1,0.03125,10,303.394,9.4810625,105473.41081234302,
6,3,9.530198,LoR,16,0.0,0,0.0,7,197.682,12.355125,80938.07225746401,
6,4,9.772413,AB,8,0.05,0,0.0,0,8317.269,1039.658625,961.8541855505695,
6,5,18.194545,RF,64,0.1,4,0.0625,28,3447.838,53.87246875,18562.357048097965,
6,6,21.699148,MLP,1,0.0,0,0.0,17,210.975,210.975,4739.898092191018,
6,7,22.081426,SGD,8,0.0,0,0.0,0,159.49,19.93625,50159.88463226534,
6,8,22.292861,DT,64,1.0,64,1.0,0,94.906,1.48290625,674351.4635534107,
6,9,22.432669,MLP,16,0.01,0,0.0,3,190.735,11.9209375,83886.01987050095,
6,10,22.696787,MLP,64,0.01,1,0.015625,24,212.081,3.313765625,301771.49296730966,
6,11,22.960281,SGD,64,0.0,0,0.0,27,162.206,2.53446875,394560.00394560007,
6,12,23.201027,DT,100,0.05,4,0.04,21,99.182,0.99182,1008247.4642576274,
6,13,23.338544,DT,8,0.0,0,0.0,5,84.469,10.558625,94709.30163728706,
6,14,23.464351,NB,16,0.01,0,0.0,21,124.009,7.7505625,129022.89349966534,
6,15,23.645297,GB,8,0.1,1,0.125,14,257.12,32.14,31113.876789047914,
6,16,23.968512,MLP,32,0.1,3,0.09375,28,201.34,6.291875,158935.13459819212,
6,17,24.22097,NB,32,0.0,0,0.0,1,124.467,3.88959375,257096.25844601382,
6,18,24.405855,DT,16,0.05,1,0.0625,3,92.879,5.8049375,172267.1432724297,
6,19,24.537053,MLP,16,0.0,0,0.0,5,184.396,11.52475,86769.77808629256,
6,20,24.782618,SGD,16,0.5,11,0.6875,5,154.262,9.641375,103719.6457974096,
6,21,24.973465,MLP,1,1.0,1,1.0,11,160.313,160.313,6237.797309014241,
6,22,25.288276,LoR,1,0.1,0,0.0,16,143.981,143.981,6945.360846222766,
6,23,25.588889,MLP,64,0.01,0,0.0,22,234.252,3.6601875,273210.04729948944,
6,24,25.874508,DT,64,1.0,64,1.0,17,93.021,1.453453125,688016.6844045968,
6,25,26.029782,DT,32,0.5,17,0.53125,25,87.818,2.7443125,364389.9883850691,
6,26,26.15599,SGD,16,0.0,0,0.0,12,152.153,9.5095625,105157.30876157552,
6,27,26.353318,MLP,16,0.01,0,0.0,7,176.266,11.016625,90771.90155787277,
6,28,26.599098,SGD,64,0.01,2,0.03125,22,158.411,2.475171875,404012.34762737434,
6,29,26.816564,SGD,16,0.1,3,0.1875,7,147.075,9.1921875,108788.0333163352,
6,30,27.032875,DT,64,0.5,36,0.5625,18,93.728,1.4645,682826.9033799932,
6,31,27.200368,SGD,100,0.1,8,0.08,13,167.589,1.6758899999999999,596697.873965475,
6,32,27.425577,NB,16,0.5,7,0.4375,2,114.246,7.140375,140048.66691175185,
6,33,27.577757,LoR,16,0.0,0,0.0,1,149.54,9.34625,106994.78400427979,
6,34,27.778368,AB,64,0.01,0,0.0,0,8430.302,131.72346875,7591.661603581936,
6,35,36.27238,LoR,8,0.05,1,0.125,2,152.954,19.11925,52303.30687657727,
6,36,36.469302,LoR,16,0.01,0,0.0,25,148.17,9.260625,107984.07234932849,
6,37,36.660628,SGD,1,0.5,1,1.0,20,142.724,142.724,7006.53008604019,
6,38,36.95362,LoR,32,1.0,32,1.0,0,148.456,4.63925,215552.0827719998,
6,39,37.172063,GB,64,0.1,10,0.15625,7,266.106,4.15790625,240505.66315678714,
6,40,37.480382,RF,16,0.0,0,0.0,3,3176.856,198.5535,5036.425950688353,
6,41,40.740796,LoR,100,0.1,9,0.09,18,182.584,1.8258400000000001,547693.1165929106,
6,42,41.002455,MLP,100,0.05,6,0.06,11,242.143,2.42143,412979.1073869573,
6,43,41.288066,AB,16,0.01,0,0.0,11,8110.581,506.9113125,1972.7316699013302,
6,44,49.461074,GB,8,0.05,2,0.25,29,248.363,31.045375,32210.91708507306,
6,45,49.776284,NB,32,0.1,2,0.0625,26,126.32,3.9475,253324.889170361,
6,46,49.944645,RF,32,0.0,0,0.0,25,3201.828,100.057125,9994.290761402548,
6,47,53.229348,RF,100,0.01,2,0.02,0,3500.792,35.00792,28564.964727981554,
6,48,56.795164,LoR,16,0.5,9,0.5625,20,167.603,10.4751875,95463.68501757128,
6,49,57.023138,RF,16,0.5,5,0.3125,4,3148.493,196.7808125,5081.796275233898,
6,50,60.255301,DT,100,0.5,47,0.47,0,104.253,1.04253,959205.0108869768,
6,51,60.402801,AB,16,0.1,0,0.0,18,8075.183,504.6989375,1981.3792455229807,
6,52,68.541131,LoR,8,0.1,1,0.125,24,155.192,19.399,51549.048920047426,
6,53,68.733882,AB,1,0.0,0,0.0,22,7687.03,7687.03,130.08925423733223,2.0
6,54,89.487482,AB,8,0.5,6,0.75,7,8008.814,1001.10175,998.8994625171716,
6,55,97.538272,AB,8,0.0,0,0.0,13,7963.084,995.3855,1004.6358923251344,
6,56,105.554974,NB,64,1.0,64,1.0,16,180.082,2.81378125,355393.6540020657,
6,57,105.784496,GB,64,0.0,0,0.0,12,288.651,4.510171875,221721.0402874059,
6,58,106.139794,RF,32,0.05,1,0.03125,1,3270.819,102.21309375,9783.48236328577,
6,59,109.478871,MLP,32,0.05,1,0.03125,14,268.963,8.40509375,118975.47246275509,
6,60,109.826992,AB,100,0.1,1,0.01,27,8857.255,88.57254999999999,11290.179632403042,
6,61,118.75154,NB,32,0.1,4,0.125,14,123.413,3.85665625,259291.97086206477,
6,62,118.916245,LoR,16,0.05,0,0.0,23,154.396,9.64975,103629.62771056246,
6,63,119.119666,RF,64,0.0,0,0.0,5,3301.969,51.593265625,19382.374577108385,
6,64,122.462672,NB,1,0.0,0,0.0,19,108.651,108.651,9203.780913199142,
6,65,122.655137,AB,64,0.01,2,0.03125,7,8261.22,129.0815625,7747.039783470239,
6,66,130.962101,GB,32,0.0,0,0.0,21,239.986,7.4995625,133341.1115648413,
6,67,131.264539,DT,16,0.05,1,0.0625,16,90.492,5.65575,176811.20983070327,
6,68,131.393372,RF,16,0.0,0,0.0,28,3160.584,197.5365,5062.355564667796,
6,69,134.599011,GB,8,0.01,0,0.0,1,221.59,27.69875,36102.71221625525,
6,70,134.881824,AB,16,0.5,7,0.4375,3,8006.695,500.4184375,1998.3276495482844,
6,71,142.960643,LoR,64,0.1,10,0.15625,11,162.758,2.54309375,393221.8385578589,
6,72,143.163417,AB,1,0.01,0,0.0,18,7443.149,7443.149,134.3517374165155,2.0
6,73,162.996738,GB,8,0.1,0,0.0,1,213.791,26.723875,37419.72300050049,
6,74,163.255763,AB,32,0.0,0,0.0,15,8054.159,251.69246875,3973.102592089379,
6,75,171.352948,AB,8,0.01,0,0.0,6,7893.642,986.70525,1013.473881891274,
6,76,179.288441,GB,1,0.01,0,0.0,0,239.23,239.23,4180.07774944614,4.0
6,77,192.026287,DT,8,0.0,0,0.0,22,87.558,10.94475,91368.0074921766,
6,78,192.151009,MLP,1,0.0,0,0.0,9,175.48,175.48,5698.655117392295,
6,79,192.481781,RF,8,0.01,0,0.0,18,3117.702,389.71275,2565.9925162828263,
6,80,195.642891,LoR,1,0.1,0,0.0,23,159.729,159.729,6260.603897851986,
6,81,195.954259,NB,16,1.0,16,1.0,9,118.232,7.3895,135327.15339332836,
6,82,196.131979,LoR,16,0.1,1,0.0625,8,153.374,9.585875,104320.15856664102,
6,83,196.354806,GB,64,0.05,3,0.046875,29,255.005,3.984453125,250975.47106919473,
6,84,196.682012,GB,64,0.5,29,0.453125,16,262.001,4.093765625,244273.87681726407,
6,85,197.002834,GB,100,0.0,0,0.0,8,267.716,2.67716,373530.1588250235,
6,86,197.347784,DT,100,0.01,1,0.01,0,104.098,1.04098,960633.2494380296,
6,87,197.491925,RF,16,0.0,0,0.0,10,3085.89,192.868125,5184.889934508359,
6,88,200.619281,RF,8,0.0,0,0.0,21,3026.479,378.309875,2643.3357046257383,
6,89,203.68775,LoR,8,0.0,0,0.0,23,161.986,20.24825,49386.9840603509,
6,90,203.894196,AB,32,0.0,0,0.0,7,8077.95,252.4359375,3961.401098050867,
6,91,212.040884,AB,32,0.5,18,0.5625,18,7982.004,249.437625,4009.0182866357873,
6,92,220.090783,MLP,32,0.05,1,0.03125,8,200.439,6.26371875,159649.56919561562,
6,93,220.372585,MLP,100,0.5,53,0.53,12,229.917,2.29917,434939.5651474228,
6,94,220.666246,GB,32,0.5,18,0.5625,24,240.996,7.531125,132782.28684293514,
6,95,220.958259,GB,64,0.0,0,0.0,23,238.978,3.73403125,267807.07847584295,
6,96,221.258359,SGD,16,0.01,2,0.125,27,160.68,10.0425,99576.79860592482,
6,97,221.463359,AB,1,0.0,0,0.0,23,7556.634,7556.634,132.33405243657427,2.0
6,98,241.664582,MLP,8,0.05,1,0.125,20,181.555,22.694375,44063.782324915315,
6,99,241.886088,SGD,8,0.0,0,0.0,17,149.519,18.689875,53504.905731044215,
6,100,242.110308,NB,100,0.01,4,0.04,10,148.745,1.48745,672291.5055968268,
6,101,242.332697,RF,100,0.05,5,0.05,26,3464.854,34.64854,28861.244947117542,
6,102,245.867097,SGD,32,0.1,5,0.15625,7,168.694,5.2716875,189692.57946340714,
6,103,246.074666,LoR,8,1.0,8,1.0,24,150.439,18.804875,53177.699931533716,
6,104,246.265125,MLP,1,0.05,0,0.0,27,162.008,162.008,6172.5346896449555,
6,105,246.578745,RF,1,0.05,0,0.0,12,2966.277,2966.277,337.1229322143549,11.65
6,106,262.385511,AB,16,0.05,0,0.0,16,7875.251,492.2031875,2031.6812759364748,
6,107,270.313888,AB,64,1.0,64,1.0,23,8990.426,140.47540625,7118.68380875389,
6,108,279.347572,DT,16,1.0,16,1.0,3,79.79,4.986875,200526.38175209923,
6,109,279.477562,AB,64,1.0,64,1.0,11,8179.802,127.80940625,7824.1502667179475,
6,110,287.710242,DT,64,1.0,64,1.0,14,84.484,1.3200625,757539.8892097912,
6,111,287.855065,GB,16,0.05,1,0.0625,15,226.854,14.178375,70529.94436950637,
6,112,288.160118,RF,100,0.1,13,0.13,14,3437.42,34.3742,29091.58613145906,
6,113,291.658987,SGD,100,1.0,100,1.0,19,185.656,1.85656,538630.5855991726,
6,114,291.902757,GB,100,0.0,0,0.0,0,275.67,2.7567000000000004,362752.5664744078,
6,115,292.224128,DT,32,1.0,32,1.0,7,92.537,2.89178125,345807.6228967872,
6,116,292.374844,AB,8,0.1,1,0.125,26,7774.389,971.798625,1029.0197724863008,
6,117,300.190723,RF,1,0.1,0,0.0,16,2955.192,2955.192,338.3874888670516,9.64
6,118,315.711871,LoR,64,0.5,34,0.53125,19,170.057,2.657140625,376344.4021710368,
6,119,315.938095,SGD,100,0.0,0,0.0,25,165.467,1.65467,604350.1121069457,
6,120,316.142888,AB,1,0.1,0,0.0,18,7558.92,7558.92,132.29403142247835,2.0
6,121,336.383099,LoR,16,0.0,0,0.0,9,158.185,9.8865625,101147.39071340518,
6,122,336.579523,DT,1,0.0,0,0.0,26,83.685,83.685,11949.5728027723,16.0
6,123,336.864949,AB,100,0.0,0,0.0,9,8540.242,85.40242,11709.270065180823,
6,124,345.451632,DT,32,1.0,32,1.0,27,83.427,2.60709375,383568.8685917029,
6,125,345.571684,DT,1,1.0,1,1.0,16,117.297,117.297,8525.36723019344,4.0
6,126,345.888052,NB,16,0.05,0,0.0,14,121.693,7.6058125,131478.39234795756,
6,127,346.052605,MLP,16,1.0,16,1.0,23,196.991,12.3119375,81221.9847607251,
6,128,346.307045,DT,100,1.0,100,1.0,11,94.851,0.94851,1054285.1419594944,
6,129,346.470557,MLP,64,0.05,1,0.015625,6,239.71,3.74546875,266989.2787117767,
6,130,346.767634,LoR,100,1.0,100,1.0,22,190.985,1.90985,523601.329947378,
6,131,347.000762,AB,16,0.01,0,0.0,13,7975.058,498.441125,2006.2550015310233,
6,132,355.01996,RF,1,0.05,0,0.0,17,3009.801,3009.801,332.247879510971,9.99
6,133,370.643647,DT,1,0.05,0,0.0,7,85.112,85.112,11749.224551179623,16.0
6,134,370.924985,AB,8,0.05,1,0.125,29,8349.672,1043.709,958.1214687235617,
6,135,379.373752,GB,32,0.1,3,0.09375,7,288.327,9.01021875,110985.09678247268,
6,136,379.704646,SGD,1,1.0,1,1.0,19,186.156,186.156,5371.838672940974,
6,137,380.057945,DT,8,0.01,0,0.0,7,98.003,12.250375,81630.1541789537,
6,138,380.241829,SGD,100,0.05,4,0.04,11,189.815,1.89815,526828.7543134104,
6,139,380.47161,MLP,1,0.01,0,0.0,26,175.683,175.683,5692.070376758138,
6,140,380.826125,RF,64,0.1,8,0.125,1,3432.554,53.63365625,18645.008935037877,
6,141,384.304262,SGD,16,0.0,0,0.0,1,165.415,10.3384375,96726.41537950005,
6,142,384.540154,LoR,64,0.1,5,0.078125,28,165.62,2.5878125,386426.76005313365,
6,143,384.742601,RF,1,1.0,1,1.0,19,3028.374,3028.374,330.2102052124342,6.88
6,144,400.500732,DT,64,1.0,64,1.0,1,92.821,1.450328125,689499.1435127826,
6,145,400.646005,NB,64,0.01,0,0.0,9,137.894,2.15459375,464124.6174597879,
6,146,400.841156,DT,8,0.05,1,0.125,15,92.498,11.56225,86488.3565050055,
6,147,400.976492,DT,32,0.0,0,0.0,22,86.824,2.71325,368561.6880125311,
6,148,401.104523,SGD,32,1.0,32,1.0,1,177.036,5.532375,180754.19688650896,
6,149,401.352132,NB,100,1.0,100,1.0,23,144.634,1.44634,691400.3622937899,
6,150,401.558967,NB,32,0.05,1,0.03125,3,178.419,5.57559375,179353.09580257707,
6,151,401.802469,SGD,64,0.05,5,0.078125,1,164.262,2.56659375,389621.4584018215,
6,152,402.005241,MLP,1,0.01,0,0.0,10,167.958,167.958,5953.869419735886,
6,153,402.33763,DT,100,0.01,0,0.0,6,94.038,0.94038,1063399.902167209,
6,154,402.473796,RF,16,0.01,0,0.0,12,3051.947,190.7466875,5242.554998497681,
6,155,405.587797,GB,8,0.5,4,0.5,13,314.235,39.279375,25458.653555460085,
6,156,405.980172,MLP,100,0.05,4,0.04,28,271.328,2.7132799999999997,368557.61292605265,
6,157,406.326193,RF,100,0.0,0,0.0,23,3510.836,35.10836,28483.244446621833,
6,158,409.880567,NB,1,0.5,1,1.0,25,111.152,111.152,8996.689218367641,
6,159,410.037913,LoR,1,0.0,0,0.0,7,152.178,152.178,6571.252086372538,
6,160,410.341336,DT,32,1.0,32,1.0,4,88.94,2.779375,359793.11895659997,
6,161,410.469638,GB,1,0.01,0,0.0,16,216.075,216.075,4628.022677311119,4.0
6,162,423.217234,LoR,32,0.1,6,0.1875,2,161.824,5.057,197745.69903104607,
6,163,423.429116,NB,64,0.0,0,0.0,29,130.557,2.039953125,490207.3423868502,
6,164,423.607418,MLP,64,0.0,0,0.0,16,214.185,3.346640625,298807.1060064897,
6,165,423.861707,MLP,1,0.01,0,0.0,3,160.478,160.478,6231.383741073542,
6,166,424.171059,NB,8,1.0,8,1.0,12,108.092,13.5115,74011.02764311882,
6,167,424.320646,LoR,16,0.01,0,0.0,6,149.51,9.344375,107016.25309343857,
6,168,424.525249,SGD,100,1.0,100,1.0,27,163.846,1.63846,610329.2115767244,
6,169,424.729433,AB,8,0.01,0,0.0,9,7931.108,991.3885,1008.6863020904519,
6,170,432.704606,SGD,8,0.05,0,0.0,1,148.868,18.6085,53738.88276862724,
6,171,432.913399,DT,16,0.5,7,0.4375,21,84.361,5.2725625,189661.09932314695,
6,172,433.056174,MLP,16,0.1,1,0.0625,0,177.647,11.1029375,90066.25498882616,
6,173,433.290758,RF,100,1.0,100,1.0,3,3462.91,34.6291,28877.44700266539,
6,174,436.79735,MLP,1,0.1,0,0.0,2,175.957,175.957,5683.206692544201,
6,175,437.124927,LoR,1,0.05,0,0.0,5,144.435,144.435,6923.52961539793,
6,176,437.410179,AB,1,0.0,0,0.0,9,7653.988,7653.988,130.65084502353542,2.0
6,177,457.753858,MLP,32,0.01,0,0.0,2,200.31,6.2596875,159752.3838051021,
6,178,458.031969,GB,100,0.05,4,0.04,21,289.417,2.89417,345522.20498450333,
6,179,458.364433,SGD,8,0.05,0,0.0,23,159.492,19.9365,50159.255636646354,
6,180,458.562979,GB,8,1.0,8,1.0,26,211.63,26.45375,37801.82393800501,
6,181,458.831393,SGD,100,0.0,0,0.0,26,170.762,1.70762,585610.3817008468,
6,182,459.077769,RF,100,0.05,9,0.09,22,3417.977,34.17977,29257.07223892964,
6,183,462.561045,DT,16,0.01,1,0.0625,17,93.299,5.8311875,171491.65585911958,
6,184,462.712031,DT,8,0.5,5,0.625,27,86.936,10.867,92021.71712524154,
6,185,462.845558,LoR,64,1.0,64,1.0,25,164.618,2.57215625,388778.8698684227,
6,186,463.068672,RF,16,0.5,6,0.375,9,3090.737,193.1710625,5176.758811895027,
6,187,466.201403,NB,8,1.0,8,1.0,22,117.857,14.732125,67878.87015620625,
6,188,466.396308,NB,100,0.5,52,0.52,28,147.692,1.47692,677084.7439265498,
6,189,466.599295,DT,8,0.5,3,0.375,2,90.037,11.254625,88852.36069615824,
6,190,466.742549,SGD,100,1.0,100,1.0,0,173.916,1.73916,574990.2251661721,
6,191,466.958171,AB,16,0.01,0,0.0,20,8735.275,545.9546875,1831.6538403198526,
6,192,475.771567,AB,64,0.0,0,0.0,1,8595.935,134.311484375,7445.3797056399335,
6,193,484.425264,AB,64,0.0,0,0.0,25,8223.54,128.4928125,7782.536474559617,
6,194,492.713891,GB,8,0.05,1,0.125,22,252.265,31.533125,31712.683091193787,
6,195,493.028885,MLP,16,0.05,1,0.0625,3,218.047,13.6279375,73378.67523974189,
6,196,493.2904,MLP,16,0.05,0,0.0,27,177.711,11.1069375,90033.8189532443,
6,197,493.521317,MLP,32,1.0,32,1.0,20,239.118,7.4724375,133825.14072549954,
6,198,493.805674,SGD,32,0.0,0,0.0,6,153.742,4.8044375,208140.9113970158,
6,199,494.018983,AB,16,0.05,1,0.0625,17,8001.126,500.070375,1999.7185396155492,
6,200,502.063223,NB,16,0.0,0,0.0,1,120.022,7.501375,133308.8933695489,
6,201,502.262261,GB,100,0.05,7,0.07,8,292.962,2.92962,341341.1978345314,
6,202,502.61705,LoR,16,0.1,3,0.1875,27,163.471,10.2169375,97876.68760819962,
6,203,502.826876,RF,32,0.05,0,0.0,28,3325.032,103.90725,9623.967528733558,
6,204,506.236935,NB,100,0.5,50,0.5,18,159.876,1.59876,625484.7506817784,
6,205,506.462601,NB,32,0.05,4,0.125,4,125.584,3.9245,254809.52987641736,
6,206,506.66334,NB,100,0.5,50,0.5,27,145.375,1.45375,687876.1822871884,
6,207,506.852724,AB,16,0.05,0,0.0,3,8037.212,502.32575,1990.7400725525217,
6,208,514.937215,LoR,32,0.0,0,0.0,3,160.729,5.02278125,199092.88305159615,
6,209,515.139617,DT,1,0.01,0,0.0,17,83.643,83.643,11955.573090396088,16.0
6,210,515.429863,LoR,1,0.05,0,0.0,1,152.106,152.106,6574.3626155444235,
6,211,515.756593,RF,8,0.1,1,0.125,22,3137.849,392.231125,2549.5172011145214,
6,212,518.964062,MLP,32,0.5,14,0.4375,9,212.11,6.6284375,150865.11715619254,
6,213,519.256312,MLP,100,0.5,54,0.54,8,235.457,2.35457,424705.9972733875,
6,214,519.55205,AB,8,0.5,3,0.375,0,8371.483,1046.435375,955.6251861229366,
6,215,528.001934,SGD,100,1.0,100,1.0,4,187.549,1.87549,533193.9919700985,
6,216,528.229739,LoR,1,0.0,0,0.0,4,146.09,146.09,6845.095489082072,
6,217,528.532784,RF,1,0.1,0,0.0,9,3140.086,3140.086,318.4626153551209,9.99
6,218,544.622881,NB,100,0.1,10,0.1,5,162.257,1.62257,616306.2302396814,
6,219,544.825062,GB,1,0.05,0,0.0,5,243.718,243.718,4103.102766311885,4.0
6,220,557.746064,NB,64,0.01,0,0.0,19,138.736,2.16775,461307.80763464427,
6,221,557.959421,AB,64,0.5,35,0.546875,5,8429.893,131.717078125,7592.029934425028,
6,222,566.452977,MLP,8,0.1,1,0.125,27,198.912,24.864,40218.790218790215,
6,223,566.731481,SGD,100,0.01,2,0.02,12,170.562,1.7056200000000001,586297.0649968926,
6,224,566.970771,DT,64,0.1,9,0.140625,8,93.805,1.465703125,682266.4037098235,
6,225,567.131584,DT,64,0.1,10,0.15625,14,90.6,1.415625,706401.7660044151,
6,226,567.259322,LoR,1,0.5,1,1.0,12,149.639,149.639,6682.749817895067,
6,227,567.590247,AB,32,0.05,3,0.09375,18,8504.32,265.76,3762.7934978928356,
6,228,576.193082,MLP,32,0.5,13,0.40625,6,239.598,7.4874375,133557.04137764088,
6,229,576.480217,RF,16,0.01,0,0.0,17,3363.819,210.2386875,4756.498491744056,
6,230,579.929361,AB,16,0.05,0,0.0,4,8187.615,511.7259375,1954.171025384071,
6,231,588.16065,SGD,8,0.0,0,0.0,24,162.036,20.2545,49371.74455059369,
6,232,588.365184,SGD,16,1.0,16,1.0,22,149.82,9.36375,106794.82045120813,
6,233,588.590871,RF,64,0.1,11,0.171875,26,3446.768,53.85575,18568.119467280652,
6,234,592.081327,RF,8,0.0,0,0.0,8,3087.327,385.915875,2591.2383106810516,
6,235,595.231553,AB,100,0.0,0,0.0,10,8770.073,87.70073000000001,11402.413640114512,
6,236,604.054676,NB,64,0.0,0,0.0,5,139.979,2.187171875,457211.4388586859,
6,237,604.236761,DT,1,0.0,0,0.0,15,86.996,86.996,11494.781369258357,16.0
6,238,604.565596,NB,64,0.5,29,0.453125,11,136.676,2.1355625,468260.7041470339,
6,239,604.766633,GB,32,0.1,4,0.125,27,275.962,8.6238125,115957.99421659505,
6,240,605.083513,LoR,1,0.05,0,0.0,19,161.465,161.465,6193.2926640448395,
6,241,605.40156,AB,1,1.0,1,1.0,15,7742.32,7742.32,129.16025170749853,2.0
6,242,626.264097,LoR,64,0.0,0,0.0,26,190.184,2.971625,336516.2158751525,
6,243,626.527852,RF,32,0.1,2,0.0625,21,3321.909,103.80965625,9633.015233108432,
6,244,629.894533,SGD,8,0.0,0,0.0,25,170.823,21.352875,46832.10106367409,
6,245,630.145195,RF,100,0.1,8,0.08,28,3577.363,35.77363,27953.551261082535,
6,246,633.771703,SGD,32,0.0,0,0.0,16,171.487,5.35896875,186603.06612163023,
6,247,634.03082,GB,100,0.5,40,0.4,21,334.589,3.34589,298874.141110437,
6,248,634.418262,RF,64,0.0,0,0.0,24,3361.699,52.526546875,19037.99239610685,
6,249,637.86506,SGD,100,0.1,10,0.1,27,184.858,1.8485800000000001,540955.760637895,
6,250,638.092594,DT,16,0.0,0,0.0,24,91.05,5.690625,175727.6221856123,
6,251,638.220424,GB,1,1.0,1,1.0,26,220.431,220.431,4536.566998289714,4.0
6,252,651.117702,SGD,100,1.0,100,1.0,6,183.002,1.8300200000000002,546442.115386717,
6,253,651.340137,SGD,1,0.0,0,0.0,9,148.518,148.518,6733.190589692832,
6,254,651.665539,MLP,16,0.1,4,0.25,5,199.387,12.4616875,80245.95384854579,
6,255,651.921683,NB,100,0.0,0,0.0,27,152.889,1.52889,654069.2921008051,
6,256,652.151509,RF,100,0.5,50,0.5,16,3564.189,35.64189,28056.873527189495,
6,257,655.762143,RF,8,0.01,0,0.0,2,3108.504,388.563,2573.5852358562192,
6,258,658.914641,MLP,1,0.05,0,0.0,12,184.728,184.728,5413.364514312935,
6,259,659.252164,LoR,1,0.01,0,0.0,0,147.457,147.457,6781.638036851421,
6,260,659.545254,SGD,1,0.5,1,1.0,28,142.578,142.578,7013.704779138437,
6,261,659.836766,DT,32,0.0,0,0.0,5,91.265,2.85203125,350627.2941434285,
6,262,659.993011,AB,32,0.1,2,0.0625,18,8571.556,267.861125,3733.2778319362315,
6,263,668.652378,LoR,100,1.0,100,1.0,19,199.413,1.9941300000000002,501471.81979108683,
6,264,668.901958,LoR,16,0.1,0,0.0,11,151.343,9.4589375,105720.11919943441,
6,265,669.112275,MLP,100,0.0,0,0.0,15,260.356,2.60356,384089.47748467483,
6,266,669.454971,NB,100,0.01,2,0.02,12,177.843,1.77843,562293.7084956957,
6,267,669.682633,SGD,32,0.0,0,0.0,14,162.312,5.07225,197151.16565626694,
6,268,669.888795,GB,32,0.0,0,0.0,13,270.739,8.46059375,118195.01438654942,
6,269,670.202407,SGD,1,0.05,0,0.0,18,156.637,156.637,6384.187644043233,
6,270,670.516666,MLP,1,0.05,0,0.0,26,165.437,165.437,6044.597036938532,
6,271,670.832724,NB,32,0.0,0,0.0,28,121.342,3.7919375,263717.4267772082,
6,272,670.993924,MLP,16,1.0,16,1.0,13,182.34,11.39625,87748.16277284194,
6,273,671.214456,GB,1,1.0,1,1.0,0,217.991,217.991,4587.345349119918,4.0
6,274,684.585225,RF,16,1.0,16,1.0,15,3239.452,202.46575,4939.10698476162,
6,275,687.877774,NB,16,0.01,0,0.0,5,133.012,8.31325,120289.89865576038,
6,276,688.076439,MLP,100,0.01,0,0.0,2,277.692,2.77692,360111.2023392824,
6,277,688.426536,DT,32,0.5,18,0.5625,19,96.802,3.0250625,330571.6824032561,
6,278,688.559794,SGD,1,0.0,0,0.0,23,157.665,157.665,6342.5617606951455,
6,279,688.910978,AB,64,0.0,0,0.0,19,8457.747,132.152296875,7567.027010857621,
6,280,697.430616,GB,100,0.0,0,0.0,21,339.045,3.39045,294946.09860048076,
6,281,697.85069,NB,100,0.1,11,0.11,11,156.912,1.56912,637299.8878352197,
6,282,698.04707,RF,1,0.05,0,0.0,9,3472.755,3472.755,287.9558160595838,9.99
6,283,714.896793,NB,1,0.5,1,1.0,18,123.832,123.832,8075.457070870211,
6,284,715.077072,MLP,16,0.0,0,0.0,4,225.785,14.1115625,70863.87492526075,
6,285,715.368667,SGD,100,1.0,100,1.0,14,180.547,1.80547,553872.3988767468,
6,286,715.596582,DT,32,0.0,0,0.0,21,102.042,3.1888125,313596.3622821975,
6,287,715.756634,SGD,100,0.0,0,0.0,16,170.777,1.7077699999999998,585558.9452912278,
6,288,715.986529,NB,8,0.5,4,0.5,10,112.102,14.01275,71363.5795971526,
6,289,716.156225,LoR,16,0.1,2,0.125,14,156.171,9.7606875,102451.79962989288,
6,290,716.349229,GB,1,1.0,1,1.0,1,241.245,241.245,4145.1636303343075,4.0
6,291,729.353383,SGD,16,0.5,8,0.5,3,162.51,10.156875,98455.47966278999,
6,292,729.577732,MLP,16,0.1,4,0.25,17,229.423,14.3389375,69740.17426326044,
6,293,729.849558,LoR,8,0.1,0,0.0,4,151.321,18.915125,52867.74472809458,
6,294,730.044996,MLP,32,0.0,0,0.0,4,188.092,5.877875,170129.51109031748,
6,295,730.273944,GB,1,0.01,0,0.0,15,208.313,208.313,4800.468525728112,4.0
6,296,743.211049,GB,16,0.1,1,0.0625,7,226.336,14.146,70691.36151562279,
6,297,743.486621,AB,32,0.01,0,0.0,25,8274.262,258.5706875,3867.414399012262,
6,298,751.813938,LoR,64,1.0,64,1.0,4,165.004,2.5781875,387869.38498460647,
6,299,752.021208,RF,16,1.0,16,1.0,17,3186.915,199.1821875,5020.529257918708,
6,300,755.251173,AB,8,1.0,8,1.0,22,8050.489,1006.311125,993.7284555012745,
6,301,763.343627,DT,8,0.0,0,0.0,21,81.407,10.175875,98271.64740132913,
6,302,763.491716,LoR,32,0.05,2,0.0625,1,158.782,4.9619375,201534.1789371591,
6,303,763.69185,NB,16,1.0,16,1.0,25,115.904,7.244,138045.27885146328,
6,304,763.885161,SGD,100,0.1,10,0.1,22,175.932,1.7593199999999998,568401.4278243867,
6,305,764.123912,RF,32,0.5,21,0.65625,10,3243.952,101.3735,9864.510942208763,
6,306,767.442851,LoR,64,0.05,3,0.046875,14,179.042,2.79753125,357458.0266082818,
6,307,767.665357,GB,8,0.0,0,0.0,6,225.901,28.237625,35413.74318838783,
6,308,767.95229,LoR,8,0.5,5,0.625,27,159.486,19.93575,50161.14267083004,
6,309,768.182073,RF,64,0.1,9,0.140625,7,3390.976,52.984,18873.622225577532,
6,310,771.623387,NB,32,0.01,0,0.0,8,132.383,4.13696875,241722.8798259595,
6,311,771.817624,AB,16,0.01,1,0.0625,22,8126.894,507.930875,1968.7718333720115,
6,312,779.99867,DT,64,0.0,0,0.0,22,88.795,1.387421875,720761.3041274847,
6,313,780.190181,RF,100,0.01,1,0.01,13,3486.388,34.86388,28682.98078125556,
6,314,783.752545,LoR,64,0.05,2,0.03125,20,178.707,2.792296875,358128.1091395413,
6,315,784.013427,GB,100,0.01,1,0.01,19,290.54,2.9054,344186.6868589523,
6,316,784.383502,AB,100,0.5,44,0.44,13,8728.559,87.28559,11456.644790967215,
6,317,793.159345,LoR,32,0.0,0,0.0,28,157.744,4.9295,202860.330662339,
6,318,793.362252,AB,32,1.0,32,1.0,3,8157.901,254.93440625,3922.577633633946,
6,319,801.57802,GB,1,0.1,0,0.0,5,220.427,220.427,4536.649321544094,4.0
6,320,814.543516,GB,100,0.0,0,0.0,14,281.933,2.81933,354694.20039512933,
6,321,814.870992,RF,8,0.01,0,0.0,19,3117.187,389.648375,2566.4164517560225,
6,322,818.034175,NB,8,0.1,0,0.0,17,121.559,15.194875,65811.66347205883,
6,323,818.233741,NB,100,0.01,1,0.01,28,149.474,1.49474,669012.6710999907,
6,324,818.450287,AB,64,0.05,3,0.046875,21,8398.849,131.232015625,7620.091753048542,
6,325,826.896013,RF,32,1.0,32,1.0,21,3179.752,99.36725,10063.677922051782,
6,326,830.119665,AB,1,0.5,1,1.0,21,7698.664,7698.664,129.8926670913291,2.0
6,327,850.45792,SGD,64,0.1,4,0.0625,21,174.414,2.72521875,366943.020629078,
6,328,850.672958,AB,1,0.05,0,0.0,15,7645.112,7645.112,130.80253108129745,2.0
6,329,870.904796,LoR,100,0.01,1,0.01,18,177.204,1.77204,564321.3471479199,
6,330,871.14654,SGD,32,0.5,16,0.5,12,157.176,4.91175,203593.423932407,
6,331,871.381313,NB,100,0.5,47,0.47,6,149.142,1.49142,670501.9377506002,
6,332,871.570519,LoR,8,0.01,0,0.0,21,150.943,18.867875,53000.1391253652,
6,333,871.7646,MLP,32,1.0,32,1.0,23,206.68,6.45875,154828.72072769498,
6,334,872.049793,SGD,100,0.01,1,0.01,0,167.98,1.6798,595308.9653530183,
6,335,872.260203,AB,16,0.01,0,0.0,1,8200.188,512.51175,1951.1747779441155,
6,336,880.533826,NB,64,0.1,7,0.109375,9,135.308,2.1141875,472994.94486652676,
6,337,880.728661,LoR,16,0.05,2,0.125,13,156.612,9.78825,102163.3080479146,
6,338,880.923297,AB,8,0.0,0,0.0,3,8322.905,1040.363125,961.2028492455458,
6,339,889.309785,SGD,32,0.0,0,0.0,13,178.331,5.57284375,179441.60017046952,
6,340,889.531511,GB,16,1.0,16,1.0,17,277.921,17.3700625,57570.31674468644,
6,341,889.850154,GB,8,0.0,0,0.0,17,214.514,26.81425,37293.60321470859,
6,342,890.106947,RF,16,0.0,0,0.0,27,3232.793,202.0495625,4949.280699382855,
6,343,893.396845,AB,64,0.0,0,0.0,16,8455.112,132.111125,7569.385242915766,
6,344,901.892588,DT,1,0.0,0,0.0,11,79.893,79.893,12516.741141276458,16.0
6,345,902.219475,NB,100,0.01,2,0.02,8,159.394,1.5939400000000001,627376.1873094344,
6,346,902.437093,MLP,100,1.0,100,1.0,10,265.603,2.65603,376501.7714408346,
6,347,902.760243,DT,64,0.01,0,0.0,28,96.587,1.509171875,662615.0517150341,
6,348,902.917563,NB,16,0.5,9,0.5625,24,118.725,7.4203125,134765.21372920615,
6,349,903.074595,MLP,1,0.1,0,0.0,16,171.538,171.538,5829.612097611024,
6,350,903.422538,NB,8,0.1,1,0.125,8,111.288,13.911,71885.55819135936,
6,351,903.609344,LoR,100,0.05,3,0.03,14,172.714,1.72714,578991.8593744572,
6,352,903.82112,DT,1,0.01,0,0.0,7,86.282,86.282,11589.902876613894,16.0
6,353,904.100759,AB,32,1.0,32,1.0,15,8104.862,253.2769375,3948.2473606583308,
6,354,912.269596,MLP,8,0.5,2,0.25,24,180.825,22.603125,44241.670123047144,
6,355,912.501153,AB,64,1.0,64,1.0,27,8299.737,129.683390625,7711.087712779334,
6,356,920.847174,AB,1,0.1,0,0.0,24,7619.335,7619.335,131.24504960078536,2.0
6,357,941.113902,SGD,64,0.0,0,0.0,8,171.472,2.67925,373238.779509191,
6,358,941.335606,NB,64,1.0,64,1.0,11,133.046,2.07884375,481036.633946154,
6,359,941.532342,SGD,32,0.5,21,0.65625,20,165.018,5.1568125,193918.23922238787,
6,360,941.740389,SGD,32,0.0,0,0.0,9,151.897,4.74678125,210669.07180523645,
6,361,941.956982,SGD,32,0.1,3,0.09375,26,153.27,4.7896875,208781.88817120114,
6,362,942.152194,RF,16,0.05,0,0.0,1,3167.738,197.983625,5050.922772022182,
6,363,945.402618,MLP,100,0.5,56,0.56,10,260.183,2.60183,384344.8649604317,
6,364,945.711118,NB,32,0.01,0,0.0,15,125.451,3.92034375,255079.67254147038,
6,365,945.901468,LoR,32,0.1,2,0.0625,1,161.258,5.0393125,198439.7673293728,
6,366,946.102198,DT,1,0.01,0,0.0,19,89.915,89.915,11121.614858477451,16.0
6,367,946.443637,GB,64,0.0,0,0.0,20,319.638,4.99434375,200226.50623517856,
6,368,946.815442,AB,1,0.0,0,0.0,14,8021.233,8021.233,124.66911259154297,2.0
6,369,967.505049,NB,8,1.0,8,1.0,4,120.391,15.048875,66450.14992815077,
6,370,967.667749,SGD,16,0.0,0,0.0,24,171.442,10.715125,93326.02279488106,
6,371,967.908098,MLP,32,0.01,1,0.03125,11,213.013,6.65665625,150225.5730870886,
6,372,968.193762,NB,64,0.5,31,0.484375,2,134.464,2.101,475963.82674916706,
6,373,968.396563,GB,64,0.1,12,0.1875,3,293.991,4.593609375,217693.73892398068,
6,374,968.733438,MLP,8,0.05,0,0.0,21,188.686,23.58575,42398.48213433959,
6,375,968.983725,LoR,16,0.1,3,0.1875,10,156.268,9.76675,102388.20487879796,
6,376,969.200136,DT,16,0.05,1,0.0625,23,91.121,5.6950625,175590.6980827691,
6,377,969.347507,NB,8,0.5,3,0.375,17,112.122,14.01525,71350.84996700023,
6,378,969.50363,GB,32,0.01,0,0.0,3,254.066,7.9395625,125951.52440704383,
6,379,969.836459,LoR,100,0.05,3,0.03,4,178.039,1.78039,561674.6892534782,
6,380,970.055916,GB,8,0.01,0,0.0,27,214.603,26.825375,37278.1368387208,
6,381,970.33018,AB,8,0.5,4,0.5,9,7978.64,997.33,1002.6771479851202,
6,382,978.350925,SGD,8,1.0,8,1.0,10,152.517,19.064625,52453.16915491388,
6,383,978.583644,SGD,100,0.05,7,0.07,6,196.528,1.96528,508833.3469022226,
6,384,978.824142,MLP,32,1.0,32,1.0,5,189.945,5.93578125,168469.82021111375,
6,385,979.064372,GB,64,0.0,0,0.0,5,248.813,3.887703125,257221.2866691049,
6,386,979.354102,RF,8,1.0,8,1.0,10,3197.939,399.742375,2501.61119395961,
6,387,982.598321,RF,8,0.05,0,0.0,19,3134.381,391.797625,2552.3380852551113,
6,388,985.783493,RF,32,0.01,0,0.0,21,3150.061,98.43940625,10158.5334379239,
6,389,988.994536,NB,100,0.0,0,0.0,11,158.81,1.5881,629683.2693155343,
6,390,989.213074,SGD,100,0.01,0,0.0,2,180.165,1.80165,555046.7626897566,
6,391,989.43483,LoR,16,1.0,16,1.0,23,153.2,9.575,104438.64229765013,
6,392,989.653728,RF,16,0.5,9,0.5625,16,3118.016,194.876,5131.468215685872,
6,393,992.817299,AB,8,0.1,0,0.0,20,8398.405,1049.800625,952.5618257276232,
6,394,1001.270117,DT,1,0.05,0,0.0,25,85.583,85.583,11684.563523129595,16.0
6,395,1001.573683,SGD,1,0.0,0,0.0,20,191.274,191.274,5228.102094377699,
6,396,1001.933794,NB,16,0.0,0,0.0,9,121.774,7.610875,131390.93731009905,
6,397,1002.09355,RF,1,0.0,0,0.0,2,3244.38,3244.38,308.2253003655552,12.95
6,398,1018.653323,NB,100,0.5,45,0.45,26,178.18,1.7818,561230.2166348636,
6,399,1018.871216,DT,1,0.0,0,0.0,0,95.043,95.043,10521.553402144293,16.0
6,400,1019.196594,AB,100,0.05,2,0.02,13,8750.291,87.50290999999999,11428.191359578785,
6,401,1027.993565,SGD,8,0.01,0,0.0,11,172.656,21.582,46334.90872022982,
6,402,1028.229858,SGD,16,0.01,1,0.0625,21,152.26,9.51625,105083.4099566531,
6,403,1028.423602,RF,8,0.1,0,0.0,16,3204.534,400.56675,2496.462824235911,
6,404,1031.694673,AB,16,0.05,1,0.0625,8,8131.438,508.214875,1967.6716467616184,
6,405,1039.890195,AB,100,0.01,0,0.0,5,8631.952,86.31952,11584.865161437414,
6,406,1048.564227,SGD,8,0.0,0,0.0,27,156.288,19.536,51187.55118755119,
6,407,1048.767195,AB,8,0.01,0,0.0,20,7976.194,997.02425,1002.9846315172374,
6,408,1056.785032,SGD,8,1.0,8,1.0,4,152.233,19.029125,52551.023759631615,
6,409,1057.017245,AB,100,0.01,3,0.03,12,8878.081,88.78081,11263.69538642416,
6,410,1066.01044,LoR,64,0.1,9,0.140625,20,206.864,3.23225,309382.0094361513,
6,411,1066.26416,SGD,1,0.5,1,1.0,21,160.598,160.598,6226.727605574166,
6,412,1066.62244,MLP,100,1.0,100,1.0,19,273.976,2.73976,364995.4740561217,
6,413,1066.973202,DT,32,0.5,10,0.3125,12,107.126,3.3476875,298713.66428318055,
6,414,1067.149273,AB,32,0.5,22,0.6875,28,9071.589,283.48715625,3527.496671200602,
6,415,1076.313546,NB,64,0.0,0,0.0,3,167.302,2.61409375,382541.75084577594,
6,416,1076.557766,NB,32,0.05,2,0.0625,24,137.207,4.28771875,233224.25240694717,
6,417,1076.797124,MLP,8,0.5,5,0.625,5,302.961,37.870125,26406.03906113328,
6,418,1077.181149,GB,100,0.05,5,0.05,0,352.124,3.52124,283990.86685372196,
6,419,1077.576785,MLP,8,1.0,8,1.0,15,249.54,31.1925,32058.9885389116,
6,420,1077.875088,LoR,32,1.0,32,1.0,5,166.389,5.19965625,192320.4057960562,
6,421,1078.082714,GB,1,0.05,0,0.0,18,278.763,278.763,3587.276647187755,4.0
6,422,1091.711645,AB,16,0.1,3,0.1875,11,8661.915,541.3696875,1847.1665907596644,
6,423,1100.485373,SGD,32,0.01,1,0.03125,24,204.976,6.4055,156115.83795176022,
6,424,1100.739934,NB,32,1.0,32,1.0,12,133.257,4.16428125,240137.4787065595,
6,425,1100.916066,NB,16,1.0,16,1.0,3,112.747,7.0466875,141910.64950730396,
6,426,1101.08933,DT,16,0.05,1,0.0625,9,102.412,6.40075,156231.69159864078,
6,427,1101.23164,DT,1,0.5,0,0.0,29,85.098,85.098,11751.157489012669,17.0
6,428,1101.557735,RF,32,0.5,17,0.53125,5,3452.543,107.89196875,9268.530471597312,
6,429,1105.110876,LoR,16,0.5,10,0.625,6,226.713,14.1695625,70573.80917724171,
6,430,1105.383625,LoR,8,0.05,0,0.0,23,156.985,19.623125,50960.282829569696,
6,431,1105.622515,RF,32,0.1,2,0.0625,27,3404.052,106.376625,9400.561448532513,
6,432,1109.095758,NB,16,1.0,16,1.0,28,152.233,9.5145625,105102.04751926323,
6,433,1109.31704,SGD,100,0.0,0,0.0,11,207.86,2.0786000000000002,481093.0433945925,
6,434,1109.588241,AB,32,1.0,32,1.0,21,8605.909,268.93465625,3718.375362788521,
6,435,1118.246057,AB,8,0.01,0,0.0,25,7943.021,992.877625,1007.1734671228995,
6,436,1126.240583,LoR,32,0.01,0,0.0,28,170.871,5.33971875,187275.78114484024,
6,437,1126.460772,NB,8,0.01,0,0.0,23,113.61,14.20125,70416.3365900889,
6,438,1126.653545,RF,100,0.05,4,0.04,8,3612.413,36.12413,27682.327574394178,
6,439,1130.310687,RF,8,0.0,0,0.0,19,3083.549,385.443625,2594.413125914328,
6,440,1133.464523,NB,32,0.5,18,0.5625,21,138.042,4.3138125,231813.50603439534,
6,441,1133.694176,GB,16,0.05,2,0.125,12,267.796,16.73725,59746.97157537827,
6,442,1134.001605,SGD,1,1.0,1,1.0,17,160.923,160.923,6214.152110015349,
6,443,1134.322837,RF,8,0.05,0,0.0,21,3095.362,386.92025,2584.511924614956,
6,444,1137.488522,RF,32,0.5,10,0.3125,28,3590.057,112.18928125,8913.50750141293,
6,445,1141.206726,GB,32,0.1,3,0.09375,4,2482.69,77.5840625,12889.24513330299,
6,446,1143.848977,LoR,64,0.1,4,0.0625,6,281.519,4.398734375,227338.11927436513,
6,447,1144.195704,NB,64,0.0,0,0.0,13,157.529,2.461390625,406274.4002691568,
6,448,1144.425519,AB,32,0.1,6,0.1875,17,8476.825,264.90078125,3774.9983041999803,
6,449,1153.019508,LoR,64,0.1,5,0.078125,19,201.269,3.144828125,317982.401661458,
6,450,1153.266143,NB,1,0.01,0,0.0,24,113.185,113.185,8835.092989353712,
6,451,1153.445092,RF,64,0.0,0,0.0,3,3607.854,56.37271875,17739.07702473548,
6,452,1157.130345,SGD,1,0.0,0,0.0,26,225.849,225.849,4427.737116391926,
6,453,1157.57835,NB,100,0.05,5,0.05,1,209.225,2.09225,477954.35535906325,
6,454,1157.831242,LoR,16,1.0,16,1.0,13,161.945,10.1215625,98798.97496063479,
6,455,1158.0668,MLP,64,0.1,8,0.125,5,244.165,3.815078125,262117.83015583726,
6,456,1158.355631,MLP,16,0.0,0,0.0,13,182.9,11.43125,87479.4969928923,
6,457,1158.583795,DT,8,1.0,8,1.0,14,98.946,12.36825,80852.18199826167,
6,458,1158.752796,RF,32,0.1,3,0.09375,11,3425.849,107.05778125,9340.750278252193,
6,459,1162.286673,MLP,100,0.1,7,0.07,29,332.708,3.3270800000000005,300563.85779722757,
6,460,1162.672002,GB,32,0.01,0,0.0,16,289.358,9.0424375,110589.65019111274,
6,461,1163.026774,AB,16,0.05,1,0.0625,2,8725.418,545.338625,1833.723037681404,
6,462,1171.816052,LoR,1,0.0,0,0.0,2,176.129,176.129,5677.656717519546,
6,463,1172.162508,LoR,1,0.1,1,1.0,9,142.035,142.035,7040.518182138206,
6,464,1172.451005,MLP,1,0.01,0,0.0,13,176.128,176.128,5677.688953488372,
6,465,1172.779224,LoR,1,0.05,0,0.0,24,140.487,140.487,7118.096336315816,
6,466,1173.065461,GB,1,0.01,0,0.0,10,304.632,304.632,3282.649229233961,4.0
6,467,1186.762148,RF,8,1.0,8,1.0,26,3329.45,416.18125,2402.7992611392274,
6,468,1190.185181,MLP,64,0.01,2,0.03125,4,302.894,4.73271875,211295.04050922106,
6,469,1190.540904,MLP,32,0.0,0,0.0,26,200.942,6.2794375,159249.9328164346,
6,470,1190.786418,NB,16,0.01,0,0.0,28,124.712,7.7945,128295.59304637885,
6,471,1190.969501,MLP,8,0.1,1,0.125,18,178.817,22.352125,44738.47564828847,
6,472,1191.187418,NB,8,1.0,8,1.0,5,110.254,13.78175,72559.72572423676,
6,473,1191.362035,MLP,32,0.05,1,0.03125,12,193.215,6.03796875,165618.6113914551,
6,474,1191.595507,GB,1,0.5,0,0.0,3,245.84,245.84,4067.6863000325416,4.0
6,475,1204.518698,DT,8,0.05,2,0.25,3,93.141,11.642625,85891.28310840554,
6,476,1204.651198,MLP,1,0.5,0,0.0,2,174.561,174.561,5728.656458200858,
6,477,1205.014478,MLP,32,0.1,7,0.21875,10,191.365,5.98015625,167219.7110234369,
6,478,1205.277856,RF,64,0.05,4,0.0625,7,3430.631,53.603609375,18655.46017627661,
6,479,1208.793209,RF,100,0.05,4,0.04,21,3544.583,35.44583,28212.063308998546,
6,480,1212.382997,RF,16,1.0,16,1.0,27,3392.366,212.022875,4716.472220273402,
6,481,1215.853262,NB,32,0.01,0,0.0,28,162.04,5.06375,197482.10318439893,
6,482,1216.130585,DT,100,0.5,47,0.47,11,112.389,1.12389,889766.7921237844,
6,483,1216.30281,SGD,8,0.05,1,0.125,15,181.004,22.6255,44197.9182780491,
6,484,1216.533155,DT,64,0.0,0,0.0,5,94.829,1.481703125,674899.0287781165,
6,485,1216.666036,LoR,8,1.0,8,1.0,13,154.505,19.313125,51778.259603249084,
6,486,1216.859667,LoR,8,1.0,8,1.0,4,146.082,18.26025,54763.76281814324,
6,487,1217.060133,AB,64,1.0,64,1.0,2,8491.064,132.672875,7537.335721412534,
6,488,1225.654565,RF,64,0.5,37,0.578125,18,3424.924,53.5144375,18686.546037225937,
6,489,1229.126019,NB,16,0.0,0,0.0,7,127.069,7.9418125,125915.84099977177,
6,490,1229.294202,DT,16,1.0,16,1.0,5,94.268,5.89175,169728.8581491068,
6,491,1229.453202,DT,32,0.1,4,0.125,16,91.02,2.844375,351571.08327840036,
6,492,1229.606705,AB,16,0.01,1,0.0625,29,8501.882,531.367625,1881.9362583484458,
6,493,1238.230022,LoR,100,0.5,45,0.45,12,219.261,2.19261,456077.4601958397,
6,494,1238.537581,NB,64,0.5,26,0.40625,20,142.615,2.228359375,448760.64930056443,
6,495,1238.721798,DT,8,0.01,0,0.0,21,90.801,11.350125,88104.75655554455,
6,496,1238.851767,GB,1,0.01,0,0.0,19,251.034,251.034,3983.524144139838,4.0
6,497,1252.395169,DT,1,0.0,0,0.0,28,118.262,118.262,8455.801525426596,16.0
6,498,1252.73672,NB,32,0.1,4,0.125,5,145.705,4.55328125,219621.8386465804,
6,499,1252.939869,NB,16,0.01,0,0.0,7,115.965,7.2478125,137972.66416591214,
6,500,1253.131071,MLP,64,0.5,34,0.53125,24,275.396,4.3030625,232392.6273438975,
6,501,1253.449929,AB,8,0.05,0,0.0,19,8566.628,1070.8285,933.8563551493072,
6,502,1262.090905,RF,32,0.0,0,0.0,19,3344.295,104.50921875,9568.53387634763,
6,503,1265.53182,LoR,100,0.05,5,0.05,26,245.969,2.45969,406555.2976188056,
6,504,1265.823984,AB,32,1.0,32,1.0,7,8709.909,272.18465625,3673.9763871241366,
6,505,1274.599746,GB,16,0.5,9,0.5625,2,264.405,16.5253125,60513.22781339234,
6,506,1274.92399,LoR,100,0.0,0,0.0,13,186.496,1.8649600000000002,536204.5298558682,
6,507,1275.193755,MLP,100,0.1,10,0.1,19,256.834,2.56834,389356.5493665169,
6,508,1275.509984,AB,8,0.5,2,0.25,18,8074.815,1009.351875,990.7347722517483,
6,509,1283.625095,MLP,1,1.0,1,1.0,20,172.087,172.087,5811.014196307682,
6,510,1283.955199,AB,1,0.1,0,0.0,13,8142.113,8142.113,122.81824140735948,2.0
6,511,1305.371743,MLP,100,0.1,8,0.08,24,356.615,3.56615,280414.452560885,
6,512,1305.793508,AB,100,1.0,100,1.0,23,8792.023,87.92022999999999,11373.946587719347,
6,513,1314.642902,RF,64,0.01,0,0.0,25,3459.5,54.0546875,18499.783205665557,
6,514,1318.154991,RF,32,0.01,0,0.0,24,3184.246,99.5076875,10049.47482072679,
6,515,1321.387516,DT,32,0.0,0,0.0,20,95.783,2.99321875,334088.5125753004,
6,516,1321.521634,RF,1,0.0,0,0.0,19,3053.292,3053.292,327.5153506444847,9.99
6,517,1337.455051,GB,32,0.01,0,0.0,15,311.243,9.72634375,102813.55725269324,
6,518,1337.809666,LoR,1,0.05,0,0.0,0,172.0,172.0,5813.953488372093,
6,519,1338.147138,LoR,32,0.05,0,0.0,2,154.759,4.83621875,206773.11174148193,
6,520,1338.374474,MLP,64,0.1,3,0.046875,29,227.23,3.55046875,281652.9507547419,
6,521,1338.66272,MLP,100,0.0,0,0.0,19,229.244,2.29244,436216.43314546946,
6,522,1338.93445,LoR,8,0.05,0,0.0,17,146.787,18.348375,54500.73916627494,
6,523,1339.131781,MLP,64,1.0,64,1.0,27,204.035,3.188046875,313671.67397750384,
6,524,1339.377845,RF,16,0.0,0,0.0,29,3167.376,197.961,5051.50004293775,
6,525,1342.590165,DT,1,0.05,0,0.0,1,91.919,91.919,10879.143593816296,16.0
6,526,1342.881307,SGD,32,0.0,0,0.0,12,167.498,5.2343125,191047.05727829586,
6,527,1343.095538,NB,1,0.5,1,1.0,17,109.807,109.807,9106.88753904578,
6,528,1343.254663,NB,16,1.0,16,1.0,11,113.91,7.119375,140461.7680625055,
6,529,1343.436794,LoR,64,0.01,1,0.015625,2,164.166,2.56509375,389849.29888040153,
6,530,1343.670082,NB,64,0.01,1,0.015625,11,130.796,2.0436875,489311.59974311147,
6,531,1343.841622,AB,16,0.01,0,0.0,28,8516.87,532.304375,1878.6244242309674,
6,532,1352.460935,SGD,8,0.5,4,0.5,8,178.185,22.273125,44897.15744871903,
6,533,1352.702386,NB,16,0.05,1,0.0625,5,122.754,7.672125,130341.98478257327,
6,534,1352.862952,DT,8,1.0,8,1.0,21,89.004,11.1255,89883.60073704552,
6,535,1352.990904,SGD,1,0.01,0,0.0,19,149.989,149.989,6667.155591410036,
6,536,1353.307482,LoR,16,0.01,0,0.0,7,179.681,11.2300625,89046.69942843149,
6,537,1353.562529,SGD,64,0.1,10,0.15625,11,195.927,3.061359375,326652.2735508633,
6,538,1353.798049,GB,1,0.01,0,0.0,23,243.407,243.407,4108.345281770861,4.0
6,539,1367.039575,DT,64,0.0,0,0.0,21,105.304,1.645375,607764.1874952519,
6,540,1367.215876,NB,32,0.1,3,0.09375,22,136.494,4.2654375,234442.5395988102,
6,541,1367.396729,SGD,32,0.0,0,0.0,24,202.531,6.32909375,158000.5036266053,
6,542,1367.671458,RF,64,0.01,2,0.03125,17,3672.992,57.3905,17424.48663106263,
6,543,1371.397793,GB,16,0.1,0,0.0,13,281.512,17.5945,56835.94305038506,
6,544,1371.745003,GB,16,0.05,1,0.0625,1,259.601,16.2250625,61633.04455683915,
6,545,1372.050243,NB,16,0.01,0,0.0,2,131.547,8.2216875,121629.5316502847,
6,546,1372.222346,NB,1,0.1,0,0.0,29,105.489,105.489,9479.661386495274,
6,547,1372.396983,DT,64,1.0,64,1.0,19,99.645,1.556953125,642280.0943348889,
6,548,1372.555358,LoR,8,0.5,3,0.375,0,175.011,21.876375,45711.412425504685,
6,549,1372.780956,NB,64,1.0,64,1.0,22,136.177,2.127765625,469976.5746051096,
6,550,1372.957583,GB,8,0.1,0,0.0,13,226.675,28.334375,35292.82011690747,
6,551,1373.230548,DT,32,0.0,0,0.0,24,94.726,2.9601875,337816.43899246247,
6,552,1373.366131,AB,1,0.1,0,0.0,19,8312.456,8312.456,120.30138866298961,2.0
6,553,1394.595235,GB,32,0.05,2,0.0625,6,289.186,9.0370625,110655.42591965034,
6,554,1394.943714,NB,64,0.0,0,0.0,16,149.853,2.341453125,427085.21017263585,
6,555,1395.139369,SGD,32,0.0,0,0.0,3,182.893,5.71540625,174965.69032166348,
6,556,1395.363878,RF,1,0.05,0,0.0,8,3089.099,3089.099,323.71898731636634,9.99
6,557,1411.327466,SGD,100,0.1,16,0.16,4,188.669,1.8866900000000002,530028.7805627845,
6,558,1411.590808,GB,64,0.5,35,0.546875,14,281.68,4.40125,227208.1794944618,
6,559,1411.916092,RF,16,1.0,16,1.0,29,3152.587,197.0366875,5075.196973152525,
6,560,1415.11665,AB,16,0.01,0,0.0,9,8300.975,518.8109375,1927.4844220106672,
6,561,1423.478781,SGD,1,0.5,1,1.0,2,174.468,174.468,5731.710113029324,
6,562,1423.84828,GB,64,1.0,64,1.0,21,315.209,4.925140625,203039.88782046197,
6,563,1424.210264,NB,8,0.1,0,0.0,29,125.665,15.708125,63661.32176819321,
6,564,1424.439543,AB,100,0.01,2,0.02,21,9387.755,93.87754999999999,10652.17402882798,
6,565,1433.930346,RF,32,0.05,2,0.0625,2,3310.426,103.4508125,9666.429637756592,
6,566,1437.307232,AB,100,0.0,0,0.0,28,8875.275,88.75274999999999,11267.256507544836,
6,567,1446.277775,SGD,100,0.1,9,0.09,18,201.793,2.0179300000000002,495557.32854955323,
6,568,1446.525217,DT,16,1.0,16,1.0,10,91.614,5.725875,174645.79649398563,
6,569,1446.665179,RF,32,0.0,0,0.0,29,3622.039,113.18871875,8834.80271747488,
6,570,1450.360343,GB,1,0.5,1,1.0,20,292.748,292.748,3415.907196633282,4.0
6,571,1463.764343,GB,100,0.05,6,0.06,24,320.142,3.20142,312361.3896333502,
6,572,1464.161314,RF,64,0.05,2,0.03125,6,3822.661,59.729078125,16742.264092996997,
6,573,1468.060986,MLP,8,0.05,0,0.0,15,346.926,43.36575,23059.67266794648,
6,574,1468.521571,AB,100,0.05,4,0.04,1,9581.479,95.81478999999999,10436.802084521607,
6,575,1478.197665,NB,100,1.0,100,1.0,5,180.406,1.80406,554305.2891810694,
6,576,1478.424212,MLP,16,1.0,16,1.0,0,223.972,13.99825,71437.50111621096,
6,577,1478.691509,SGD,16,1.0,16,1.0,10,160.788,10.04925,99509.91367514987,
6,578,1478.899618,NB,32,1.0,32,1.0,17,120.917,3.77865625,264644.3428136656,
6,579,1479.099684,NB,100,0.05,4,0.04,29,143.092,1.4309200000000002,698851.0888099963,
6,580,1479.299699,SGD,8,0.5,4,0.5,28,154.669,19.333625,51723.35762176001,
6,581,1479.512633,MLP,100,0.01,0,0.0,9,236.795,2.36795,422306.2142359425,
6,582,1479.796273,GB,32,0.01,0,0.0,23,275.342,8.6044375,116219.1020621627,
6,583,1480.143698,MLP,64,0.1,9,0.140625,7,218.374,3.41209375,293075.1829430244,
6,584,1480.403193,LoR,8,0.0,0,0.0,22,151.578,18.94725,52778.10764095053,
6,585,1480.593776,RF,8,0.0,0,0.0,1,3260.477,407.559625,2453.6287175158727,
6,586,1483.931346,MLP,64,0.5,40,0.625,21,228.081,3.563765625,280602.06680959836,
6,587,1484.215045,LoR,64,0.0,0,0.0,17,164.062,2.56346875,390096.4269605393,
6,588,1484.419904,RF,1,0.05,0,0.0,25,3081.614,3081.614,324.5052754822635,10.01
6,589,1500.468053,SGD,32,0.01,0,0.0,12,164.58,5.143125,194434.31765706645,
6,590,1500.70451,NB,64,0.5,39,0.609375,7,135.983,2.124734375,470647.0661773898,
6,591,1500.916415,RF,100,0.1,6,0.06,18,3537.516,35.37516,28268.423379569165,
6,592,1504.495888,SGD,1,1.0,1,1.0,23,163.731,163.731,6107.578894650372,
6,593,1504.830508,NB,64,1.0,64,1.0,7,134.488,2.101375,475878.8888227946,
6,594,1505.022337,LoR,100,1.0,100,1.0,6,169.738,1.6973799999999999,589143.2678598781,
6,595,1505.262983,SGD,64,0.5,28,0.4375,7,161.377,2.521515625,396586.8742137975,
6,596,1505.464791,AB,1,0.5,0,0.0,9,7921.031,7921.031,126.24619194142782,2.0
6,597,1526.318871,GB,8,0.5,4,0.5,4,276.695,34.586875,28912.701711270533,
6,598,1526.664914,LoR,100,0.01,0,0.0,17,200.083,2.00083,499792.5860767781,
6,599,1526.90709,AB,8,1.0,8,1.0,25,8136.66,1017.0825,983.2044106549862,
6,600,1535.088147,SGD,1,0.01,0,0.0,8,158.35,158.35,6315.124723713294,
6,601,1535.427399,AB,8,0.05,2,0.25,4,8070.415,1008.801875,991.2749220455206,
6,602,1543.570854,GB,32,0.05,1,0.03125,0,253.936,7.9355,126016.00403251212,
6,603,1543.893821,MLP,32,0.5,12,0.375,7,226.339,7.07309375,141380.84908036175,
6,604,1544.194721,SGD,64,0.5,41,0.640625,15,170.577,2.665265625,375197.12505202927,
6,605,1544.435234,MLP,64,0.5,24,0.375,0,216.813,3.387703125,295185.2518068566,
6,606,1544.733594,RF,100,0.01,3,0.03,3,3684.295,36.84295,27142.234810187565,
6,607,1548.484592,GB,8,0.1,1,0.125,29,239.075,29.884375,33462.30262469936,
6,608,1548.787716,DT,16,0.1,4,0.25,24,95.242,5.952625,167993.1122823964,
6,609,1548.943429,RF,16,0.1,1,0.0625,22,3190.049,199.3780625,5015.596939106578,
6,610,1552.199722,AB,16,0.1,3,0.1875,13,8180.062,511.253875,1955.975394807521,
6,611,1560.423283,MLP,8,1.0,8,1.0,20,184.901,23.112625,43266.396612241144,
6,612,1560.678409,GB,32,0.1,2,0.0625,18,236.859,7.40184375,135101.47387264154,
6,613,1560.976087,MLP,100,1.0,100,1.0,12,249.687,2.49687,400501.42778759,
6,614,1561.26744,LoR,8,1.0,8,1.0,25,158.299,19.787375,50537.274398448506,
6,615,1561.471518,NB,32,0.0,0,0.0,24,134.026,4.1883125,238759.64365123183,
6,616,1561.647131,AB,1,0.1,0,0.0,12,7850.064,7850.064,127.3874964586276,2.0
6,617,1582.516998,RF,16,0.05,0,0.0,12,3318.7,207.41875,4821.164913972339,
6,618,1585.900285,MLP,64,1.0,64,1.0,0,274.541,4.289703125,233116.36513307667,
6,619,1586.241455,AB,100,1.0,100,1.0,15,8818.856,88.18856,11339.33925216604,
6,620,1595.123888,NB,100,1.0,100,1.0,21,159.329,1.59329,627632.1322546429,
6,621,1595.325391,MLP,1,0.01,0,0.0,25,184.394,184.394,5423.169951299934,
6,622,1595.67365,AB,16,0.0,0,0.0,19,8126.858,507.928625,1968.7805545513406,
6,623,1603.862089,MLP,100,0.0,0,0.0,2,245.13,2.4513,407946.8037367927,
6,624,1604.178159,NB,32,0.1,4,0.125,23,126.764,3.961375,252437.6005806065,
6,625,1604.3462,RF,8,0.01,0,0.0,8,3185.849,398.231125,2511.1045752639247,
6,626,1607.578278,NB,8,0.01,0,0.0,24,120.852,15.1065,66196.67030748354,
6,627,1607.755717,DT,64,0.01,0,0.0,29,100.417,1.569015625,637342.2826812193,
6,628,1607.913862,GB,100,1.0,100,1.0,2,320.29,3.2029,312217.053295451,
6,629,1608.28302,DT,32,0.01,0,0.0,20,96.023,3.00071875,333253.4913510305,
6,630,1608.423499,MLP,32,0.0,0,0.0,5,203.942,6.3731875,156907.3560129841,
6,631,1608.66688,AB,1,1.0,1,1.0,21,7775.987,7775.987,128.60103804185886,2.0
6,632,1629.371913,SGD,1,0.05,0,0.0,6,186.826,186.826,5352.574052862022,
6,633,1629.803183,SGD,100,0.05,5,0.05,1,175.537,1.75537,569680.4662264936,
6,634,1630.017633,DT,1,0.0,0,0.0,9,88.621,88.621,11284.007176628566,16.0
6,635,1630.300647,DT,32,0.01,0,0.0,13,91.879,2.87121875,348284.15633605066,
6,636,1630.455163,RF,16,0.5,9,0.5625,3,3239.494,202.468375,4939.042949300107,
6,637,1633.761941,SGD,16,0.05,1,0.0625,25,169.79,10.611875,94234.05383120326,
6,638,1633.997957,DT,32,0.1,1,0.03125,25,92.637,2.89490625,345434.329695478,
6,639,1634.153333,AB,32,0.1,3,0.09375,5,8183.129,255.72278125,3910.4846080270763,
6,640,1642.405235,RF,32,0.05,1,0.03125,8,3154.455,98.57671875,10144.383102627871,
6,641,1645.681634,MLP,100,0.1,8,0.08,0,266.129,2.66129,375757.62130395405,
6,642,1646.020716,SGD,64,0.5,35,0.546875,9,167.356,2.6149375,382418.3178374244,
6,643,1646.230886,RF,8,0.01,0,0.0,6,3084.617,385.577125,2593.5148512765118,
6,644,1649.369511,NB,64,0.0,0,0.0,19,146.097,2.282765625,438065.1211181612,
6,645,1649.567837,LoR,64,0.01,0,0.0,29,214.763,3.355671875,298002.91484101076,
6,646,1649.822255,NB,8,0.0,0,0.0,8,110.13,13.76625,72641.42377190593,
6,647,1649.984501,AB,64,1.0,64,1.0,9,8412.026,131.43790625,7608.155276743082,
6,648,1658.440465,NB,16,1.0,16,1.0,4,115.456,7.216,138580.9312638581,
6,649,1658.593585,DT,1,1.0,1,1.0,22,83.042,83.042,12042.099178728835,13.0
6,650,1658.890952,DT,16,0.1,1,0.0625,17,90.254,5.640875,177277.46138675293,
6,651,1659.0397,DT,16,0.1,1,0.0625,13,86.393,5.3995625,185200.18983019458,
6,652,1659.192155,DT,64,0.1,5,0.078125,24,91.031,1.422359375,703057.2002944051,
6,653,1659.319934,LoR,8,1.0,8,1.0,19,155.436,19.4295,51468.12836151213,
6,654,1659.515547,LoR,8,0.1,0,0.0,23,148.355,18.544375,53924.70762697584,
6,655,1659.707661,LoR,32,1.0,32,1.0,18,149.977,4.68678125,213366.04946091733,
6,656,1659.897417,RF,1,0.01,0,0.0,24,3023.161,3023.161,330.7796045265204,9.99
6,657,1676.086834,SGD,64,0.1,5,0.078125,26,202.536,3.164625,315993.2061460679,
6,658,1676.358222,GB,32,0.5,16,0.5,2,283.241,8.85128125,112977.9940051052,
6,659,1676.684898,GB,16,1.0,16,1.0,11,226.765,14.1728125,70557.62573589399,
6,660,1676.953505,NB,1,0.1,0,0.0,23,114.265,114.265,8751.586225003282,
6,661,1677.143329,SGD,32,0.5,15,0.46875,4,166.134,5.1916875,192615.59945586094,
6,662,1677.34739,RF,1,0.0,0,0.0,29,3212.924,3212.924,311.2429674651501,11.5
6,663,1693.921211,GB,64,0.1,6,0.09375,5,299.274,4.67615625,213850.85239613196,
6,664,1694.26459,SGD,1,0.05,0,0.0,9,185.241,185.241,5398.3729303987775,
6,665,1694.635881,GB,100,1.0,100,1.0,14,291.461,2.91461,343099.07672038453,
6,666,1694.991313,LoR,16,0.5,8,0.5,28,168.346,10.521625,95042.35324866643,
6,667,1695.209947,AB,64,1.0,64,1.0,5,8665.599,135.399984375,7385.5252245113115,
6,668,1703.942869,LoR,32,1.0,32,1.0,20,182.43,5.7009375,175409.74620402345,
6,669,1704.174685,DT,16,0.05,0,0.0,10,90.83,5.676875,176153.25333039745,
6,670,1704.329487,RF,100,1.0,100,1.0,14,3783.433,37.83433,26431.021773082804,
6,671,1708.233312,AB,64,0.5,35,0.546875,3,8645.439,135.084984375,7402.747275181746,
6,672,1716.955098,RF,16,0.05,2,0.125,11,3248.141,203.0088125,4925.894534750801,
6,673,1720.277249,LoR,32,0.05,1,0.03125,12,191.289,5.97778125,167286.14818416114,
6,674,1720.541968,MLP,64,0.01,1,0.015625,12,245.994,3.84365625,260168.94721009454,
6,675,1720.826488,SGD,1,1.0,1,1.0,8,154.568,154.568,6469.644428342218,
6,676,1721.141119,SGD,16,1.0,16,1.0,5,149.603,9.3501875,106949.72694397838,
6,677,1721.337951,NB,32,0.01,0,0.0,13,129.718,4.0536875,246688.97146116963,
6,678,1721.53908,LoR,64,0.5,34,0.53125,23,198.796,3.1061875,321938.0671643293,
6,679,1721.798089,SGD,16,0.5,7,0.4375,22,150.216,9.3885,106513.2875326197,
6,680,1721.999517,GB,64,0.01,0,0.0,7,292.162,4.56503125,219056.55081769705,
6,681,1722.354526,MLP,16,0.1,1,0.0625,2,194.0,12.125,82474.22680412371,
6,682,1722.614196,LoR,32,0.1,4,0.125,14,156.644,4.895125,204284.87525854804,
6,683,1722.813318,AB,16,0.01,0,0.0,21,8101.98,506.37375,1974.8259067536578,
6,684,1730.982453,RF,32,0.5,17,0.53125,0,3266.329,102.07278125,9796.931050117732,
6,685,1734.325526,DT,64,0.5,34,0.53125,13,100.28,1.566875,638213.0035899482,
6,686,1734.463475,LoR,1,1.0,1,1.0,3,157.053,157.053,6367.277288558639,
6,687,1734.776152,GB,1,0.01,0,0.0,9,222.871,222.871,4486.900494007744,4.0
6,688,1747.758516,AB,64,0.1,3,0.046875,9,8456.672,132.1355,7567.98892046422,
6,689,1756.290168,SGD,64,0.5,32,0.5,29,165.518,2.58621875,386664.8944525671,
6,690,1756.498261,GB,8,0.01,0,0.0,3,212.673,26.584125,37616.4346202856,
6,691,1756.782167,NB,64,0.1,4,0.0625,24,138.094,2.15771875,463452.43095282925,
6,692,1756.997068,SGD,100,0.05,8,0.08,2,175.622,1.7562200000000001,569404.7442803293,
6,693,1757.221068,RF,64,1.0,64,1.0,2,3308.415,51.693984375,19344.610636815516,
6,694,1760.571602,MLP,1,1.0,1,1.0,16,184.916,184.916,5407.860866555626,
6,695,1760.947693,DT,100,0.05,5,0.05,25,100.258,1.00258,997426.6392706817,
6,696,1761.117001,LoR,64,0.1,9,0.140625,16,165.672,2.588625,386305.47105123376,
6,697,1761.339122,NB,100,1.0,100,1.0,3,150.296,1.5029599999999999,665353.7020279982,
6,698,1761.538435,LoR,64,1.0,64,1.0,27,201.67,3.15109375,317350.12644419103,
6,699,1761.784245,NB,32,1.0,32,1.0,24,119.196,3.724875,268465.3847444545,
6,700,1761.945455,AB,16,0.05,0,0.0,9,8046.478,502.904875,1988.44761646027,
6,701,1770.039738,LoR,32,1.0,32,1.0,3,156.287,4.88396875,204751.51484128556,
6,702,1770.255226,AB,100,0.0,0,0.0,18,8650.293,86.50292999999999,11560.302061444625,
6,703,1778.987794,LoR,100,0.05,6,0.06,7,170.369,1.70369,586961.242949128,
6,704,1779.219285,SGD,16,0.5,8,0.5,9,151.475,9.4671875,105627.9914177257,
6,705,1779.47204,SGD,64,0.1,8,0.125,0,159.396,2.4905625,401515.72184998373,
6,706,1779.679873,SGD,64,1.0,64,1.0,22,155.336,2.427125,412010.094247309,
6,707,1779.87979,GB,8,0.1,0,0.0,11,223.037,27.879625,35868.48818805848,
6,708,1780.161569,RF,100,0.0,0,0.0,26,3585.346,35.85346,27891.310908347477,
6,709,1783.834215,NB,100,0.01,4,0.04,22,157.604,1.57604,634501.6623943554,
6,710,1784.055144,MLP,32,0.5,16,0.5,8,213.915,6.68484375,149592.12771427905,
6,711,1784.329309,MLP,100,0.01,0,0.0,18,233.772,2.33772,427767.22618619853,
6,712,1784.614824,LoR,64,1.0,64,1.0,12,162.62,2.5409375,393555.52822531055,
6,713,1784.821352,GB,16,0.01,0,0.0,11,227.144,14.1965,70439.89715775015,
6,714,1785.090959,DT,1,0.1,0,0.0,0,88.67,88.67,11277.77151234916,16.0
6,715,1785.376015,GB,1,0.0,0,0.0,22,206.817,206.817,4835.192464836063,4.0
6,716,1798.351063,GB,16,0.1,2,0.125,0,228.011,14.2506875,70172.05310270119,
6,717,1798.651699,SGD,64,0.05,3,0.046875,6,172.341,2.692828125,371356.7868354019,
6,718,1798.865132,GB,16,1.0,16,1.0,2,220.89,13.805625,72434.24328851466,
6,719,1799.137217,MLP,64,0.0,0,0.0,7,221.421,3.459703125,289042.1414409654,
6,720,1799.407913,NB,32,0.01,0,0.0,18,122.537,3.82928125,261145.6131617389,
6,721,1799.58789,NB,8,0.5,3,0.375,2,108.893,13.611625,73466.6140155933,
6,722,1799.757227,GB,32,0.1,2,0.0625,24,235.268,7.352125,136015.09767584203,
6,723,1800.037641,RF,32,0.0,0,0.0,3,3263.548,101.985875,9805.279407565018,
6,724,1803.355845,RF,64,1.0,64,1.0,16,3289.93,51.40515625,19453.30143802452,
6,725,1806.729139,DT,100,0.1,13,0.13,0,104.767,1.0476699999999999,954499.0311834834,
6,726,1806.903414,RF,64,0.1,10,0.15625,25,3343.6,52.24375,19141.045579614787,
6,727,1810.322231,NB,64,0.05,3,0.046875,24,142.778,2.23090625,448248.3295745843,
6,728,1810.502434,LoR,1,0.0,0,0.0,26,158.836,158.836,6295.801959253569,
6,729,1810.851833,SGD,64,0.1,11,0.171875,8,164.197,2.565578125,389775.6962672887,
6,730,1811.076862,NB,16,0.05,1,0.0625,20,117.412,7.33825,136272.2719994549,
6,731,1811.232667,AB,1,0.05,0,0.0,7,7802.86,7802.86,128.15813688826918,2.0
6,732,1831.836615,DT,8,0.05,2,0.25,18,89.917,11.239625,88970.93986676601,
6,733,1831.970074,NB,32,0.0,0,0.0,3,123.37,3.8553125,259382.3457890897,
6,734,1832.149141,AB,100,0.0,0,0.0,11,8721.797,87.21797000000001,11465.527115570334,
6,735,1840.914231,LoR,1,0.01,0,0.0,10,149.634,149.634,6682.973121082107,
6,736,1841.211713,GB,8,0.0,0,0.0,24,219.384,27.423,36465.740436859574,
6,737,1841.510801,MLP,100,0.05,5,0.05,22,254.279,2.54279,393268.8110304036,
6,738,1841.808773,NB,8,0.01,0,0.0,28,113.061,14.132625,70758.26323842882,
6,739,1841.979478,AB,8,0.1,1,0.125,8,7948.069,993.508625,1006.53378826983,
6,740,1850.00877,NB,100,0.1,12,0.12,20,151.268,1.51268,661078.3510061613,
6,741,1850.197476,GB,1,0.0,0,0.0,11,208.184,208.184,4803.443108019828,4.0
6,742,1863.096216,SGD,16,0.05,2,0.125,10,163.59,10.224375,97805.48933308882,
6,743,1863.300629,NB,1,0.1,0,0.0,25,103.173,103.173,9692.458298198171,
6,744,1863.48215,RF,64,0.01,1,0.015625,1,3392.788,53.0123125,18863.54231387284,
6,745,1866.929031,GB,64,1.0,64,1.0,14,270.262,4.22284375,236807.24630173683,
6,746,1867.26297,MLP,16,0.1,2,0.125,19,202.845,12.6778125,78877.96100470804,
6,747,1867.542975,RF,64,0.05,1,0.015625,8,3499.156,54.6743125,18290.12481867056,
6,748,1871.105312,RF,100,0.0,0,0.0,10,3548.895,35.48895,28177.784916149958,
6,749,1874.739543,LoR,100,0.5,47,0.47,27,188.724,1.8872399999999998,529874.3138127637,
6,750,1874.980558,DT,64,0.0,0,0.0,24,126.241,1.972515625,506966.8332792041,
6,751,1875.158432,GB,64,0.01,0,0.0,11,262.906,4.10790625,243433.0140810784,
6,752,1875.467835,DT,32,1.0,32,1.0,17,94.294,2.9466875,339364.116486733,
6,753,1875.640132,DT,100,0.01,1,0.01,17,96.935,0.96935,1031619.1262186001,
6,754,1875.775946,LoR,1,0.05,0,0.0,8,154.601,154.601,6468.263465307469,
6,755,1876.094453,SGD,1,0.1,0,0.0,3,146.179,146.179,6840.927903460825,
6,756,1876.414552,LoR,32,0.1,4,0.125,8,151.021,4.71940625,211891.06150800223,
6,757,1876.605418,DT,1,0.5,0,0.0,19,84.012,84.012,11903.061467409418,16.0
6,758,1876.882451,LoR,1,0.5,0,0.0,1,149.42,149.42,6692.544505420961,
6,759,1877.216548,LoR,100,0.5,50,0.5,23,165.492,1.65492,604258.8161361275,
6,760,1877.423225,SGD,16,1.0,16,1.0,13,149.54,9.34625,106994.78400427979,
6,761,1877.640268,GB,16,0.01,0,0.0,26,239.832,14.9895,66713.36602288269,
6,762,1877.961334,AB,100,0.5,55,0.55,14,8769.959,87.69959,11402.56185918315,
6,763,1886.779085,GB,32,1.0,32,1.0,10,229.578,7.1743125,139386.17811811235,
6,764,1887.051688,DT,1,0.01,0,0.0,3,87.535,87.535,11424.001827840293,16.0
6,765,1887.361475,SGD,64,0.05,4,0.0625,9,170.991,2.671734375,374288.70525349287,
6,766,1887.610653,GB,100,0.1,11,0.11,18,286.543,2.86543,348987.76099922176,
6,767,1887.969195,DT,64,0.1,4,0.0625,13,99.471,1.554234375,643403.6050708246,
6,768,1888.108507,DT,1,0.05,0,0.0,2,85.265,85.265,11728.141675951445,16.0
6,769,1888.37789,NB,1,0.0,0,0.0,28,111.41,111.41,8975.854950184006,
6,770,1888.538984,GB,8,0.01,0,0.0,19,214.513,26.814125,37293.77706712414,
6,771,1888.816138,MLP,100,0.01,0,0.0,5,374.968,3.74968,266689.4241641953,
6,772,1889.272429,NB,100,0.5,49,0.49,4,178.096,1.78096,561494.9240858862,
6,773,1889.500885,RF,1,0.0,0,0.0,1,3334.244,3334.244,299.91806238535634,9.99
6,774,1905.833613,MLP,64,0.0,0,0.0,5,256.977,4.015265625,249049.52583305124,
6,775,1906.178371,GB,100,0.01,1,0.01,20,314.885,3.14885,317576.257998952,
6,776,1906.537146,GB,16,1.0,16,1.0,28,232.847,14.5529375,68714.64953381405,
6,777,1906.831853,NB,8,0.05,1,0.125,24,122.374,15.29675,65373.36362299181,
6,778,1906.994878,DT,8,0.01,0,0.0,3,92.502,11.56275,86484.61654883139,
6,779,1907.158144,LoR,64,0.5,40,0.625,15,175.474,2.74178125,364726.39821284066,
6,780,1907.409933,RF,100,0.5,51,0.51,1,3592.009,35.92009,27839.57389861774,
6,781,1911.085914,RF,100,0.5,52,0.52,25,3491.471,34.91471,28641.223140618953,
6,782,1914.65478,GB,64,0.5,30,0.46875,29,283.378,4.42778125,225846.748865473,
6,783,1915.012682,SGD,64,0.5,31,0.484375,8,179.321,2.801890625,356901.8687158782,
6,784,1915.240201,RF,32,0.01,0,0.0,16,3172.842,99.1513125,10085.595185641138,
6,785,1918.457638,SGD,1,0.5,0,0.0,17,164.176,164.176,6091.024266640678,
6,786,1918.817637,NB,64,0.05,4,0.0625,21,135.729,2.120765625,471527.8238254168,
6,787,1919.023243,DT,64,0.5,24,0.375,23,97.815,1.528359375,654296.3758114809,
6,788,1919.188383,AB,64,0.1,6,0.09375,13,8412.004,131.4375625,7608.175174429303,
6,789,1927.663845,DT,8,0.5,2,0.25,3,82.808,10.351,96609.02328277461,
6,790,1927.786329,NB,1,0.05,0,0.0,6,102.626,102.626,9744.11942392766,
6,791,1927.936823,SGD,1,0.5,1,1.0,9,149.66,149.66,6681.8121074435385,
6,792,1928.24074,RF,32,0.0,0,0.0,23,3149.952,98.436,10158.884960786703,
6,793,1931.43405,DT,8,1.0,8,1.0,1,93.527,11.690875,85536.79686079956,
6,794,1931.581382,GB,64,0.01,0,0.0,9,265.202,4.14378125,241325.4801999985,
6,795,1931.899506,LoR,64,1.0,64,1.0,28,175.0,2.734375,365714.28571428574,
6,796,1932.134872,MLP,8,0.1,3,0.375,16,185.191,23.148875,43198.64356259214,
6,797,1932.367753,RF,1,0.01,0,0.0,6,3023.181,3023.181,330.77741623806185,9.99
6,798,1948.120271,LoR,1,0.1,0,0.0,11,155.476,155.476,6431.860865985747,
6,799,1948.457485,DT,64,0.01,1,0.015625,12,94.914,1.48303125,674294.6246075395,
6,800,1948.620627,LoR,64,0.1,4,0.0625,17,164.064,2.5635,390091.6715428126,
6,801,1948.842313,RF,100,1.0,100,1.0,10,3398.425,33.98425,29425.39558766193,
6,802,1952.289028,SGD,32,0.0,0,0.0,15,169.228,5.288375,189094.00335641854,
6,803,1952.531074,LoR,64,0.05,3,0.046875,22,163.342,2.55221875,391815.94446008984,
6,804,1952.752862,RF,8,0.1,1,0.125,4,3113.934,389.24175,2569.0974824771492,
6,805,1955.944934,SGD,64,0.5,29,0.453125,6,177.265,2.769765625,361041.37872676505,
6,806,1956.163574,AB,1,0.01,0,0.0,8,7777.204,7777.204,128.58091416915386,2.0
6,807,1976.594126,SGD,8,0.0,0,0.0,20,160.575,20.071875,49820.955939592095,
6,808,1976.797415,NB,16,0.0,0,0.0,15,118.771,7.4231875,134713.01917134653,
6,809,1976.994288,NB,100,0.1,11,0.11,27,147.195,1.4719499999999999,679370.9025442441,
6,810,1977.180883,AB,8,0.1,0,0.0,3,8036.135,1004.516875,995.5034354201366,
6,811,1985.264681,NB,32,0.0,0,0.0,26,121.9,3.809375,262510.25430680887,
6,812,1985.429139,NB,8,0.01,0,0.0,1,106.541,13.317625,75088.46359617425,
6,813,1985.608671,AB,64,0.05,3,0.046875,4,8339.035,130.297421875,7674.748936777457,
6,814,1994.015912,NB,32,0.5,16,0.5,5,123.738,3.8668125,258610.93600995652,
6,815,1994.20353,RF,32,0.05,1,0.03125,15,3207.954,100.2485625,9975.205380127021,
6,816,1997.483041,SGD,32,0.1,4,0.125,16,176.498,5.5155625,181305.17059683398,
6,817,1997.701412,DT,16,0.0,0,0.0,28,91.043,5.6901875,175741.13331063342,
6,818,1997.833936,MLP,8,0.05,0,0.0,16,189.495,23.686875,42217.472756537114,
6,819,1998.088059,DT,32,0.5,12,0.375,26,92.653,2.89540625,345374.6775603596,
6,820,1998.232115,RF,64,0.01,0,0.0,4,3366.254,52.59771875,19012.231400244902,
6,821,2001.657856,DT,1,0.5,0,0.0,22,128.559,128.559,7778.529702315668,9.0
6,822,2001.990186,GB,16,0.05,0,0.0,23,432.317,27.0198125,37009.87932466223,
6,823,2002.490391,AB,8,1.0,8,1.0,19,8682.703,1085.337875,921.3720658186743,
6,824,2011.248692,LoR,16,0.0,0,0.0,18,196.976,12.311,81228.16992933149,
6,825,2011.516512,SGD,64,0.01,0,0.0,26,172.481,2.695015625,371055.3626196509,
6,826,2011.76679,SGD,64,0.05,3,0.046875,17,166.891,2.607671875,383483.830763792,
6,827,2012.000778,GB,64,1.0,64,1.0,28,327.142,5.11159375,195633.7003503066,
6,828,2012.407399,DT,32,0.05,1,0.03125,27,113.648,3.5515,281571.1671124877,
6,829,2012.592425,GB,32,0.05,2,0.0625,20,281.084,8.783875,113844.97160991021,
6,830,2012.932684,AB,64,1.0,64,1.0,13,8726.666,136.35415625,7333.843188223315,
6,831,2021.730699,DT,1,0.01,0,0.0,0,84.764,84.764,11797.461186352697,16.0
6,832,2022.066759,MLP,64,0.5,32,0.5,7,274.125,4.283203125,233470.13223894208,
6,833,2022.384556,NB,1,0.01,0,0.0,18,110.776,110.776,9027.226113959703,
6,834,2022.585005,GB,100,0.5,46,0.46,19,336.048,3.36048,297576.53668523545,
6,835,2022.985534,DT,100,0.0,0,0.0,29,101.091,1.01091,989207.7435182163,
6,836,2023.135822,AB,64,0.0,0,0.0,28,8299.96,129.686875,7710.8805343640215,
6,837,2031.500562,AB,16,0.5,7,0.4375,27,7930.655,495.6659375,2017.4878367549718,
6,838,2039.472392,MLP,8,1.0,8,1.0,9,183.751,22.968875,43537.178028963106,
6,839,2039.702647,RF,32,0.0,0,0.0,18,3278.968,102.46775,9759.168128508727,
6,840,2043.032656,SGD,32,0.01,0,0.0,21,171.856,5.3705,186202.40201098594,
6,841,2043.283325,MLP,100,0.05,8,0.08,4,236.633,2.36633,422595.3269408747,
6,842,2043.580551,SGD,16,0.5,5,0.3125,28,181.608,11.3505,88101.84573366812,
6,843,2043.824804,DT,32,0.1,2,0.0625,2,90.515,2.82859375,353532.5636634812,
6,844,2043.975291,MLP,32,0.1,6,0.1875,21,188.896,5.903,169405.3870913095,
6,845,2044.219063,RF,100,1.0,100,1.0,25,3414.98,34.1498,29282.74836163023,
6,846,2047.694735,MLP,100,1.0,100,1.0,3,245.649,2.45649,407084.9056987816,
6,847,2047.988488,NB,16,0.05,0,0.0,27,120.178,7.511125,133135.8484914044,
6,848,2048.185693,DT,100,0.5,49,0.49,1,100.047,1.00047,999530.2207962258,
6,849,2048.353272,SGD,64,0.1,11,0.171875,15,164.921,2.576890625,388064.5884999485,
6,850,2048.558282,SGD,8,0.05,0,0.0,20,147.199,18.399875,54348.19530023981,
6,851,2048.772288,RF,64,0.05,2,0.03125,4,3400.402,53.13128125,18821.30406934239,
6,852,2052.255018,NB,100,0.1,7,0.07,22,155.052,1.55052,644944.9217036866,
6,853,2052.458958,NB,64,1.0,64,1.0,14,130.294,2.03584375,491196.831780435,
6,854,2052.655525,MLP,64,0.05,4,0.0625,17,218.607,3.415734375,292762.8118038306,
6,855,2052.944259,AB,64,0.05,5,0.078125,6,8308.07,129.81359375,7703.35348642946,
6,856,2061.296723,DT,8,0.01,0,0.0,10,140.004,17.5005,57141.22453644182,
6,857,2061.50245,GB,32,0.05,1,0.03125,26,320.219,10.00684375,99931.60930488197,
6,858,2061.884109,AB,16,0.5,7,0.4375,20,7984.583,499.0364375,2003.8616919631245,
6,859,2069.928192,SGD,100,1.0,100,1.0,26,168.304,1.68304,594162.9432455556,
6,860,2070.146044,SGD,64,1.0,64,1.0,21,154.329,2.411390625,414698.468855497,
6,861,2070.341092,SGD,1,0.5,0,0.0,24,140.257,140.257,7129.768924189167,
6,862,2070.644194,SGD,64,1.0,64,1.0,7,151.811,2.372046875,421576.82908353145,
6,863,2070.83313,DT,1,1.0,1,1.0,12,82.416,82.416,12133.566297806252,4.0
6,864,2071.112649,GB,1,0.5,0,0.0,1,210.011,210.011,4761.655341863046,4.0
6,865,2083.95548,SGD,1,1.0,1,1.0,22,151.874,151.874,6584.405494027945,
6,866,2084.283877,RF,32,0.5,19,0.59375,1,3272.643,102.27009375,9778.029562039,
6,867,2087.611742,SGD,8,0.0,0,0.0,19,162.564,20.3205,49211.38751507099,
6,868,2087.813824,SGD,8,0.0,0,0.0,12,150.008,18.751,53330.4890405845,
6,869,2088.00346,RF,1,0.05,0,0.0,10,3015.115,3015.115,331.6623080711681,9.99
6,870,2103.719016,AB,8,0.05,0,0.0,8,8040.329,1005.041125,994.9841604740304,
6,871,2111.842844,DT,100,0.1,10,0.1,27,93.997,0.93997,1063863.7403321383,
6,872,2112.001919,RF,32,0.1,3,0.09375,3,3277.549,102.42340625,9763.393316164,
6,873,2115.348312,AB,32,0.5,16,0.5,0,8205.104,256.4095,3900.01150503394,
6,874,2123.596339,LoR,1,0.01,0,0.0,25,152.929,152.929,6538.98214203977,
6,875,2123.925616,LoR,8,0.5,7,0.875,10,149.277,18.659625,53591.64506253476,
6,876,2124.116587,MLP,8,0.05,0,0.0,1,181.153,22.644125,44161.56508586665,
6,877,2124.345182,LoR,32,0.05,0,0.0,25,150.205,4.69390625,213042.17569321924,
6,878,2124.572421,RF,100,0.01,2,0.02,28,3494.368,34.94368,28617.478182034636,
6,879,2128.121619,GB,64,1.0,64,1.0,13,288.489,4.507640625,221845.54697059508,
6,880,2128.492269,SGD,100,0.1,12,0.12,16,183.288,1.83288,545589.4548470167,
6,881,2128.742055,GB,32,0.05,1,0.03125,22,242.461,7.57690625,131979.98853423848,
6,882,2129.050799,SGD,32,0.01,1,0.03125,22,164.836,5.151125,194132.349729428,
6,883,2129.292894,DT,100,0.1,2,0.02,16,99.939,0.9993899999999999,1000610.3723271196,
6,884,2129.45967,LoR,64,0.1,7,0.109375,23,204.196,3.1905625,313424.3569903426,
6,885,2129.724063,MLP,16,0.1,2,0.125,18,184.418,11.526125,86759.42695398496,
6,886,2129.989455,GB,100,0.5,51,0.51,13,299.346,2.9934600000000002,334061.58759428887,
6,887,2130.347913,NB,100,1.0,100,1.0,12,156.668,1.56668,638292.4400643399,
6,888,2130.546523,NB,8,0.01,0,0.0,2,110.059,13.757375,72688.28537420838,
6,889,2130.715588,RF,16,0.01,1,0.0625,1,3150.507,196.9066875,5078.547675025004,
6,890,2133.922655,LoR,64,0.01,0,0.0,23,176.056,2.750875,363520.69795974006,
6,891,2134.161319,DT,16,0.1,2,0.125,19,91.758,5.734875,174371.7169075176,
6,892,2134.293152,LoR,8,0.01,0,0.0,8,156.114,19.51425,51244.603302714684,
6,893,2134.487992,RF,8,1.0,8,1.0,29,3048.077,381.009625,2624.6056119973346,
6,894,2137.604606,DT,8,0.05,1,0.125,24,126.815,15.851875,63084.02002917636,
6,895,2137.775116,GB,16,0.05,0,0.0,11,227.805,14.2378125,70235.5084392353,
6,896,2138.063501,LoR,8,0.05,2,0.25,29,160.478,20.05975,49851.06992858834,
6,897,2138.268321,MLP,32,1.0,32,1.0,4,196.503,6.14071875,162847.38655389487,
6,898,2138.53817,MLP,64,0.5,34,0.53125,11,208.46,3.2571875,307013.33589177777,
6,899,2138.787874,LoR,1,0.01,1,1.0,29,145.045,145.045,6894.412079009963,
6,900,2139.090898,AB,32,0.0,0,0.0,0,8177.581,255.54940625,3913.137638135287,
6,901,2147.35095,AB,100,0.1,9,0.09,10,8594.494,85.94494,11635.356310679837,
6,902,2156.014813,LoR,32,0.05,2,0.0625,22,159.579,4.98684375,200527.63834840423,
6,903,2156.239478,AB,32,0.1,2,0.0625,21,8064.427,252.01334375,3968.0438548206835,
6,904,2164.347062,DT,1,0.05,1,1.0,3,79.442,79.442,12587.799904332722,4.0
6,905,2164.6373,GB,100,0.01,0,0.0,21,276.206,2.76206,362048.61588814144,
6,906,2164.955697,AB,8,1.0,8,1.0,18,7965.879,995.734875,1004.2833942117373,
6,907,2172.96851,LoR,16,1.0,16,1.0,22,154.316,9.64475,103683.3510459058,
6,908,2173.195879,AB,64,0.01,1,0.015625,28,8401.927,131.280109375,7617.300174114819,
6,909,2181.71404,LoR,100,0.5,48,0.48,7,170.66,1.7066,585960.3890776983,
6,910,2181.944181,NB,8,0.5,4,0.5,24,111.795,13.974375,71559.5509638177,
6,911,2182.098902,DT,32,0.0,0,0.0,1,90.054,2.8141875,355342.35014546826,
6,912,2182.257342,LoR,64,0.1,3,0.046875,7,162.412,2.5376875,394059.55224983377,
6,913,2182.468916,AB,64,1.0,64,1.0,19,8385.552,131.02425,7632.174959978783,
6,914,2190.923122,AB,32,0.5,13,0.40625,12,8105.811,253.30659375,3947.78511366722,
6,915,2199.073925,MLP,8,0.01,0,0.0,27,182.068,22.7585,43939.62695256717,
6,916,2199.315577,NB,100,0.0,0,0.0,25,146.517,1.4651699999999999,682514.6570022592,
6,917,2199.509444,AB,16,0.01,0,0.0,12,8007.912,500.4945,1998.0239543091882,
6,918,2207.585236,MLP,32,0.5,16,0.5,11,194.451,6.07659375,164565.8803503196,
6,919,2207.857709,GB,100,0.01,1,0.01,2,278.694,2.78694,358816.4797232807,
6,920,2208.214795,GB,100,0.1,7,0.07,17,282.439,2.82439,354058.7525093914,
6,921,2208.556363,LoR,100,0.0,0,0.0,14,176.151,1.7615100000000001,567694.7618804321,
6,922,2208.771554,LoR,8,1.0,8,1.0,14,147.889,18.486125,54094.625022821165,
6,923,2208.958814,MLP,1,0.01,0,0.0,17,161.545,161.545,6190.22563372435,
6,924,2209.301171,SGD,64,0.5,25,0.390625,27,158.453,2.475828125,403905.2589726922,
6,925,2209.498052,MLP,8,0.0,0,0.0,13,201.365,25.170625,39728.850594691234,
6,926,2209.743813,LoR,32,1.0,32,1.0,7,145.886,4.5589375,219349.35497580303,
6,927,2209.967203,AB,64,0.1,9,0.140625,4,8273.643,129.275671875,7735.407486158153,
6,928,2218.28255,RF,8,1.0,8,1.0,0,3103.076,387.8845,2578.0870336401686,
6,929,2221.456341,LoR,32,0.05,1,0.03125,26,190.787,5.96209375,167726.3125894322,
6,930,2221.70484,SGD,32,0.0,0,0.0,18,155.996,4.874875,205133.46496064,
6,931,2221.936547,GB,100,0.05,6,0.06,19,277.068,2.77068,360922.22847820754,
6,932,2222.264455,AB,64,1.0,64,1.0,12,8167.053,127.610203125,7836.36398588328,
6,933,2230.499012,DT,32,0.01,1,0.03125,25,85.227,2.66334375,375467.86816384475,
6,934,2230.641137,SGD,100,0.0,0,0.0,4,168.69,1.6869,592803.3671231252,
6,935,2230.849934,MLP,16,0.0,0,0.0,22,176.446,11.027875,90679.30131598336,
6,936,2231.066829,LoR,1,0.05,0,0.0,15,141.187,141.187,7082.805074121555,
6,937,2231.371825,SGD,8,0.5,3,0.375,5,145.027,18.128375,55162.14222179319,
6,938,2231.574606,AB,8,0.05,1,0.125,23,7720.284,965.0355,1036.2313096253972,
6,939,2239.338343,NB,8,0.05,0,0.0,29,110.16,13.77,72621.64124909224,
6,940,2239.505664,AB,8,0.5,6,0.75,22,7808.704,976.088,1024.4977911827623,
6,941,2247.378541,SGD,16,0.1,2,0.125,4,152.02,9.50125,105249.3093014077,
6,942,2247.586756,GB,100,1.0,100,1.0,7,304.339,3.04339,328580.95741919376,
6,943,2247.93367,AB,16,1.0,16,1.0,5,7905.826,494.114125,2023.82394957845,
6,944,2255.920582,LoR,100,0.1,7,0.07,6,169.046,1.6904599999999999,591554.961371461,
6,945,2256.153693,LoR,32,0.05,2,0.0625,17,147.891,4.62159375,216375.5739024011,
6,946,2256.369806,MLP,64,0.01,1,0.015625,7,206.691,3.229546875,309640.96162871143,
6,947,2256.617923,NB,1,0.0,0,0.0,13,100.29,100.29,9971.083856815236,
6,948,2256.772147,MLP,16,0.01,0,0.0,5,175.13,10.945625,91360.70347741678,
6,949,2257.004179,RF,100,1.0,100,1.0,24,3352.854,33.52854,29825.33686226719,
6,950,2260.404162,NB,32,0.0,0,0.0,23,128.564,4.017625,248903.2699667092,
6,951,2260.571415,GB,8,1.0,8,1.0,17,219.307,27.413375,36478.543776532446,
6,952,2260.850547,RF,16,0.05,2,0.125,15,3154.633,197.1645625,5071.905353174205,
6,953,2264.04884,LoR,16,0.0,0,0.0,28,163.029,10.1893125,98142.04834722656,
6,954,2264.272706,MLP,16,0.1,4,0.25,7,181.499,11.3436875,88154.75567358498,
6,955,2264.498212,RF,32,1.0,32,1.0,5,3118.635,97.45734375,10260.899399897711,
6,956,2267.669526,AB,64,0.0,0,0.0,21,9107.651,142.307046875,7027.058898062739,
6,957,2276.838387,RF,1,0.1,0,0.0,12,3173.766,3173.766,315.08309056181207,13.46
6,958,2292.746992,SGD,1,0.01,0,0.0,15,169.636,169.636,5894.97512320498,
6,959,2293.094222,AB,16,0.5,6,0.375,19,7900.199,493.7624375,2025.265439516144,
6,960,2301.042296,LoR,32,1.0,32,1.0,2,157.477,4.92115625,203204.27745004033,
6,961,2301.281672,RF,100,0.01,2,0.02,9,3447.767,34.477669999999996,29004.280161623454,
6,962,2304.806049,DT,64,0.5,27,0.421875,9,98.671,1.541734375,648620.1619523467,
6,963,2304.962679,LoR,100,1.0,100,1.0,15,173.759,1.73759,575509.757767943,
6,964,2305.176157,GB,1,0.05,0,0.0,7,233.873,233.873,4275.824913521441,4.0
6,965,2317.761055,AB,32,0.05,4,0.125,3,7929.505,247.79703125,4035.560857834127,
6,966,2325.734272,RF,16,0.0,0,0.0,4,3063.286,191.455375,5223.149258671897,
6,967,2328.840693,GB,1,0.01,0,0.0,22,218.888,218.888,4568.5464712547055,4.0
6,968,2341.652861,MLP,1,1.0,1,1.0,15,180.299,180.299,5546.342464461811,
6,969,2341.999461,AB,100,1.0,100,1.0,11,8535.042,85.35042,11716.403973173185,
6,970,2350.606986,AB,64,0.1,5,0.078125,25,8161.12,127.5175,7842.060893602839,
6,971,2358.822287,SGD,64,0.01,0,0.0,3,161.676,2.5261875,395853.43526559294,
6,972,2359.025919,LoR,16,0.0,0,0.0,14,145.144,9.0715,110235.35247753955,
6,973,2359.247539,RF,100,0.1,7,0.07,21,3434.991,34.34991,29112.157790224195,
6,974,2362.725284,RF,8,0.0,0,0.0,10,3033.396,379.1745,2637.308152315095,
6,975,2365.806481,SGD,32,0.0,0,0.0,28,167.933,5.24790625,190552.18450215264,
6,976,2366.024855,LoR,64,0.0,0,0.0,15,159.331,2.489546875,401679.5225034676,
6,977,2366.245774,DT,100,0.01,0,0.0,2,96.68,0.9668000000000001,1034340.0910219279,
6,978,2366.410729,SGD,64,0.05,1,0.015625,25,161.066,2.51665625,397352.63804899855,
6,979,2366.610283,AB,8,0.0,0,0.0,25,7888.457,986.057125,1014.1400276378511,
6,980,2374.542297,DT,1,0.1,0,0.0,29,79.421,79.421,12591.128291006156,14.0
6,981,2374.83376,DT,8,0.1,3,0.375,17,85.201,10.650125,93895.61155385501,
6,982,2374.980887,DT,32,0.05,4,0.125,12,85.168,2.6615,375727.9729475859,
6,983,2375.103416,AB,16,0.0,0,0.0,12,8292.557,518.2848125,1929.4410638359193,
6,984,2383.479224,RF,16,0.05,2,0.125,20,3327.872,207.992,4807.877226047156,
6,985,2386.922986,RF,100,0.01,1,0.01,29,3613.442,36.13442,27674.44447703879,
6,986,2390.583245,SGD,1,0.0,0,0.0,28,184.971,184.971,5406.252872071838,
6,987,2390.940731,LoR,32,0.0,0,0.0,5,156.244,4.882625,204807.86462200148,
6,988,2391.141344,GB,16,0.01,0,0.0,18,259.483,16.2176875,61661.07220896937,
6,989,2391.442022,RF,1,0.05,0,0.0,1,3002.565,3002.565,333.0485768001692,9.34
6,990,2407.079188,RF,1,0.05,0,0.0,13,2990.059,2990.059,334.44156118658526,9.99
6,991,2422.637415,GB,1,0.5,0,0.0,23,223.154,223.154,4481.210285273847,4.0
6,992,2435.172959,SGD,32,0.0,0,0.0,23,164.219,5.13184375,194861.73950639088,
6,993,2435.374892,GB,1,0.0,0,0.0,29,199.725,199.725,5006.884466140944,4.0
6,994,2448.067231,DT,8,0.5,6,0.75,18,87.733,10.966625,91185.75678479021,
6,995,2448.194597,SGD,16,1.0,16,1.0,4,155.253,9.7033125,103057.58986943892,
6,996,2448.429968,RF,100,0.5,48,0.48,2,3435.893,34.35893,29104.515187172594,
6,997,2451.963811,RF,32,0.01,0,0.0,12,3127.783,97.74321875,10230.888779688361,
6,998,2455.134958,LoR,16,0.0,0,0.0,6,163.177,10.1985625,98053.03443500004,
6,999,2455.368783,MLP,64,0.1,8,0.125,28,230.037,3.594328125,278216.11306007294,
6,1000,2455.637203,LoR,1,0.0,0,0.0,9,143.563,143.563,6965.583054129546,
6,1001,2455.948038,GB,100,0.0,0,0.0,5,272.176,2.7217599999999997,367409.32337899006,
6,1002,2456.282251,SGD,16,0.5,10,0.625,6,158.986,9.936625,100637.79200684337,
6,1003,2456.481077,MLP,1,0.05,0,0.0,9,165.872,165.872,6028.745056429053,
6,1004,2456.826375,AB,64,0.05,5,0.078125,10,8354.214,130.53459375,7660.804475441974,
6,1005,2465.23264,SGD,64,0.0,0,0.0,12,158.896,2.48275,402779.17631658446,
6,1006,2465.429678,LoR,1,0.0,0,0.0,27,139.624,139.624,7162.092476938063,
6,1007,2465.804838,NB,100,0.01,3,0.03,17,154.284,1.54284,648155.3498742579,
6,1008,2465.997547,AB,1,0.05,0,0.0,25,7523.133,7523.133,132.92334456934364,2.0
6,1009,2486.934828,LoR,1,0.5,1,1.0,5,179.311,179.311,5576.902699778597,
6,1010,2487.319117,NB,100,0.05,2,0.02,12,185.498,1.8549799999999999,539089.3702357977,
6,1011,2487.580631,NB,100,0.5,50,0.5,19,141.481,1.41481,706808.688092394,
6,1012,2487.783179,AB,32,0.1,5,0.15625,13,8021.085,250.65890625,3989.4852130353934,
6,1013,2495.84576,AB,8,0.0,0,0.0,22,7714.538,964.31725,1037.0031231941564,
6,1014,2503.622367,MLP,8,0.01,1,0.125,10,194.515,24.314375,41127.933578387274,
6,1015,2503.876432,AB,8,0.5,2,0.25,4,7733.885,966.735625,1034.4089678085463,
6,1016,2511.651353,GB,8,0.0,0,0.0,13,238.816,29.852,33498.593059091516,
6,1017,2511.930426,LoR,8,0.0,0,0.0,3,150.216,18.777,53256.64376630985,
6,1018,2512.121851,SGD,8,0.05,0,0.0,27,145.614,18.20175,54939.77227464392,
6,1019,2512.305374,LoR,8,1.0,8,1.0,2,139.055,17.381875,57531.19269353853,
6,1020,2512.484027,NB,16,0.0,0,0.0,22,108.766,6.797875,147104.79377746722,
6,1021,2512.669352,AB,100,0.5,47,0.47,0,8497.697,84.97697,11767.894289476313,
6,1022,2521.213169,NB,16,0.01,0,0.0,13,111.688,6.9805,143256.2137382709,
6,1023,2521.368399,SGD,32,0.0,0,0.0,26,154.136,4.81675,207608.86489853117,
6,1024,2521.57174,SGD,64,0.0,0,0.0,13,157.738,2.46465625,405736.0940293398,
6,1025,2521.768564,AB,16,0.0,0,0.0,13,8472.656,529.541,1888.4279026553183,
6,1026,2530.319134,MLP,100,0.0,0,0.0,16,272.528,2.72528,366934.77367463155,
6,1027,2530.665823,AB,16,0.05,1,0.0625,21,8082.526,505.157875,1979.5791563182104,
6,1028,2538.812459,GB,16,0.1,1,0.0625,8,250.436,15.65225,63888.578319410946,
6,1029,2539.113798,NB,64,0.0,0,0.0,14,138.817,2.169015625,461038.6335967496,
6,1030,2539.315259,GB,32,0.05,5,0.15625,14,244.27,7.6334375,131002.57911327628,
6,1031,2539.629634,SGD,64,0.05,6,0.09375,0,175.415,2.740859375,364849.07220021094,
6,1032,2539.841545,LoR,1,1.0,1,1.0,26,145.85,145.85,6856.359273225918,
6,1033,2540.145038,GB,32,0.0,0,0.0,7,224.118,7.0036875,142781.9273775422,
6,1034,2540.410578,MLP,16,1.0,16,1.0,3,189.813,11.8633125,84293.48885482027,
6,1035,2540.640744,GB,1,0.01,0,0.0,3,198.214,198.214,5045.05231719253,4.0
6,1036,2553.261701,LoR,16,0.1,0,0.0,3,156.049,9.7530625,102531.8970323424,
6,1037,2553.485413,AB,32,0.01,2,0.0625,14,7933.914,247.9348125,4033.3182335981965,
6,1038,2561.471858,NB,64,0.0,0,0.0,28,229.164,3.5806875,279275.9770295509,
6,1039,2561.749869,DT,64,0.0,0,0.0,11,91.151,1.424234375,702131.6277385877,
6,1040,2561.90349,NB,32,0.1,2,0.0625,19,116.999,3.65621875,273506.61116761685,
6,1041,2562.075073,NB,100,1.0,100,1.0,13,140.599,1.4059899999999999,711242.6119673683,
6,1042,2562.252952,GB,1,0.01,0,0.0,14,203.411,203.411,4916.15497686949,4.0
6,1043,2574.924337,RF,100,0.1,6,0.06,19,3995.156,39.95156,25030.311707477755,
6,1044,2579.054731,NB,100,0.1,12,0.12,8,239.778,2.39778,417052.44017382746,
6,1045,2579.348015,NB,32,1.0,32,1.0,29,130.947,4.09209375,244373.67790021916,
6,1046,2579.51956,LoR,1,0.01,0,0.0,22,180.796,180.796,5531.0958207039985,
6,1047,2579.893819,SGD,8,0.5,6,0.75,3,158.701,19.837625,50409.26018109527,
6,1048,2580.094702,RF,16,0.0,0,0.0,21,3294.79,205.924375,4856.151681897784,
6,1049,2583.432507,AB,1,0.1,0,0.0,9,7643.968,7643.968,130.8221070522535,2.0
6,1050,2603.636665,NB,100,0.05,3,0.03,4,151.051,1.5105099999999998,662028.056749045,
6,1051,2603.861778,GB,100,0.05,8,0.08,26,320.097,3.20097,312405.302142788,
6,1052,2604.222213,AB,8,1.0,8,1.0,29,8009.133,1001.141625,998.8596768214487,
6,1053,2612.273528,DT,8,1.0,8,1.0,0,80.745,10.093125,99077.34225029412,
6,1054,2612.421281,LoR,32,0.05,3,0.09375,14,162.963,5.09259375,196363.59173554735,
6,1055,2612.634264,NB,64,0.0,0,0.0,26,131.19,2.04984375,487842.0611327083,
6,1056,2612.824245,NB,16,0.1,2,0.125,14,109.788,6.86175,145735.41734980143,
6,1057,2612.973677,DT,16,0.05,0,0.0,18,89.328,5.583,179115.17105498834,
6,1058,2613.125941,DT,32,0.05,1,0.03125,22,87.63,2.7384375,365171.74483624334,
6,1059,2613.267393,MLP,100,1.0,100,1.0,18,258.678,2.58678,386581.0003169964,
6,1060,2613.577779,NB,64,0.01,0,0.0,20,169.99,2.65609375,376492.73486675683,
6,1061,2613.823131,GB,100,0.1,9,0.09,28,300.379,3.0037900000000004,332912.7535546759,
6,1062,2614.186059,DT,16,0.5,9,0.5625,14,93.876,5.86725,170437.59853423663,
6,1063,2614.346841,GB,64,0.05,2,0.03125,15,245.781,3.840328125,260394.41616723832,
6,1064,2614.657092,RF,32,0.05,1,0.03125,11,3226.282,100.8213125,9918.537809156174,
6,1065,2617.94439,LoR,100,0.0,0,0.0,18,183.355,1.8335499999999998,545390.0902620599,
6,1066,2618.169179,MLP,1,0.5,0,0.0,24,172.299,172.299,5803.864212792877,
6,1067,2618.506974,MLP,32,0.01,0,0.0,28,191.466,5.9833125,167131.50115425192,
6,1068,2618.766107,GB,32,0.1,2,0.0625,5,233.997,7.31240625,136753.89000713683,
6,1069,2619.062302,SGD,16,0.5,7,0.4375,4,161.176,10.0735,99270.36283317616,
6,1070,2619.283446,MLP,16,0.5,7,0.4375,13,181.246,11.327875,88277.81026891628,
6,1071,2619.534513,NB,64,0.05,5,0.078125,10,134.017,2.094015625,477551.35542505805,
6,1072,2619.704885,DT,1,0.0,0,0.0,10,88.21,88.21,11336.583153837435,7.0
6,1073,2620.007371,RF,32,0.5,17,0.53125,15,3231.245,100.97640625,9903.303525421315,
6,1074,2623.304541,DT,16,0.1,1,0.0625,29,94.771,5.9231875,168828.0170094227,
6,1075,2623.458594,SGD,100,0.01,0,0.0,10,177.073,1.7707300000000001,564738.836525049,
6,1076,2623.674797,GB,8,0.0,0,0.0,5,217.354,27.16925,36806.31596381939,
6,1077,2623.94616,AB,64,0.01,0,0.0,26,8754.463,136.788484375,7310.556912514223,
6,1078,2632.75704,MLP,1,0.5,1,1.0,1,185.225,185.225,5398.839249561344,
6,1079,2633.110574,DT,64,0.0,0,0.0,9,93.567,1.461984375,684001.8382549403,
6,1080,2633.263733,MLP,8,0.5,2,0.25,3,177.525,22.190625,45064.07548232643,
6,1081,2633.501721,LoR,16,0.1,5,0.3125,26,191.275,11.9546875,83649.19618350542,
6,1082,2633.734322,RF,8,0.05,0,0.0,18,3180.396,397.5495,2515.4100307005792,
6,1083,2636.964155,AB,32,1.0,32,1.0,12,8185.203,255.78759375,3909.493753545269,
6,1084,2645.233405,MLP,100,0.05,3,0.03,24,246.965,2.46965,404915.67631040834,
6,1085,2645.541297,MLP,8,0.05,1,0.125,22,214.516,26.8145,37293.25551474016,
6,1086,2645.83334,GB,100,0.05,5,0.05,18,317.457,3.17457,315003.29178439913,
6,1087,2646.214149,SGD,100,0.01,0,0.0,20,184.03,1.8403,543389.6647285769,
6,1088,2646.442908,MLP,16,0.01,0,0.0,22,180.821,11.3013125,88485.29761476819,
6,1089,2646.665059,DT,1,0.05,0,0.0,16,87.134,87.134,11476.57630775587,16.0
6,1090,2646.989037,GB,64,0.01,1,0.015625,5,267.559,4.180609375,239199.57841074304,
6,1091,2647.308205,SGD,64,0.0,0,0.0,1,171.772,2.6839375,372586.9175418578,
6,1092,2647.532901,DT,64,0.01,0,0.0,22,95.157,1.486828125,672572.6956503463,
6,1093,2647.685338,GB,100,1.0,100,1.0,5,280.33,2.8032999999999997,356722.4342738915,
6,1094,2648.037611,SGD,64,0.1,5,0.078125,16,173.638,2.71309375,368582.91387829854,
6,1095,2648.254466,GB,16,0.01,0,0.0,29,218.872,13.6795,73102.08706458569,
6,1096,2648.532268,LoR,100,1.0,100,1.0,11,180.69,1.8069,553434.0583319498,
6,1097,2648.783593,GB,64,0.1,12,0.1875,16,255.397,3.990578125,250590.25752064434,
6,1098,2649.104653,DT,32,0.5,20,0.625,20,95.34,2.979375,335640.8642752255,
6,1099,2649.242254,RF,32,1.0,32,1.0,16,3210.081,100.31503125,9968.595808018552,
6,1100,2652.50628,MLP,64,0.0,0,0.0,28,231.032,3.609875,277017.902281935,
6,1101,2652.781386,GB,1,0.05,0,0.0,13,210.221,210.221,4756.898692328549,4.0
6,1102,2665.931511,MLP,64,0.05,3,0.046875,27,226.491,3.538921875,282571.93442565046,
6,1103,2666.219291,AB,100,0.01,0,0.0,6,9189.424,91.89424000000001,10882.074872157384,
6,1104,2675.49915,RF,16,0.01,1,0.0625,16,3320.161,207.5100625,4819.043413858545,
6,1105,2678.865894,AB,16,0.0,0,0.0,10,8388.71,524.294375,1907.3254409796025,
6,1106,2687.307587,DT,1,0.01,0,0.0,8,121.975,121.975,8198.40131174421,16.0
6,1107,2687.719408,AB,64,0.01,1,0.015625,25,8416.215,131.503359375,7604.368472050678,
6,1108,2696.221046,RF,100,0.1,6,0.06,15,3610.528,36.10528,27696.780083134658,
6,1109,2699.904189,GB,32,0.01,1,0.03125,0,288.541,9.01690625,110902.78331328997,
6,1110,2700.234273,LoR,8,1.0,8,1.0,21,180.003,22.500375,44443.70371604918,
6,1111,2700.493725,GB,100,0.1,12,0.12,15,293.487,2.93487,340730.5945408144,
6,1112,2700.852978,LoR,32,0.5,17,0.53125,7,170.191,5.31846875,188024.0435745721,
6,1113,2701.063732,RF,1,0.05,0,0.0,6,3306.162,3306.162,302.4655174186867,10.12
6,1114,2717.686258,DT,8,0.05,0,0.0,19,99.147,12.393375,80688.27095121385,
6,1115,2717.86427,AB,64,0.5,36,0.5625,1,8482.099,132.532796875,7545.302171078173,
6,1116,2726.397305,LoR,32,0.01,0,0.0,27,178.201,5.56878125,179572.50520479685,
6,1117,2726.651938,NB,64,0.1,8,0.125,23,141.3,2.2078125,452937.0134465675,
6,1118,2726.833804,RF,8,0.01,0,0.0,21,3174.689,396.836125,2519.9318736417963,
6,1119,2730.079109,RF,32,0.1,4,0.125,8,3220.188,100.630875,9937.308008103875,
6,1120,2733.360735,AB,100,0.0,0,0.0,29,8747.163,87.47163,11432.27809976789,
6,1121,2742.174004,SGD,16,0.1,1,0.0625,6,165.447,10.3404375,96707.70699982472,
6,1122,2742.382894,AB,8,0.05,0,0.0,5,8009.38,1001.1725,998.828873146236,
6,1123,2750.434785,LoR,1,0.1,0,0.0,14,154.891,154.891,6456.153036651581,
6,1124,2750.747253,RF,16,1.0,16,1.0,28,3175.026,198.439125,5039.328811795557,
6,1125,2753.973538,MLP,32,0.05,0,0.0,19,224.134,7.0041875,142771.73476580976,
6,1126,2754.250059,GB,64,1.0,64,1.0,11,297.839,4.653734375,214881.19420223677,
6,1127,2754.600728,GB,64,0.0,0,0.0,26,262.195,4.096796875,244093.1367875055,
6,1128,2754.909096,SGD,32,1.0,32,1.0,5,165.474,5.1710625,193383.85486541694,
6,1129,2755.152755,AB,100,0.5,49,0.49,22,8719.928,87.19928,11467.984598037965,
6,1130,2763.919996,DT,32,0.0,0,0.0,13,84.891,2.65284375,376953.9762754591,
6,1131,2764.052721,LoR,32,0.01,0,0.0,6,156.981,4.90565625,203846.32535147565,
6,1132,2764.251321,LoR,16,0.0,0,0.0,4,146.212,9.13825,109430.14253276066,
6,1133,2764.456347,GB,8,0.5,3,0.375,19,211.929,26.491125,37748.49123999075,
6,1134,2764.710131,GB,1,0.1,0,0.0,25,201.276,201.276,4968.302231761362,4.0
6,1135,2777.653461,NB,32,0.01,2,0.0625,0,131.389,4.10590625,243551.59107687857,
6,1136,2777.834866,DT,64,0.0,0,0.0,2,96.733,1.511453125,661614.9607683003,
6,1137,2778.008218,RF,100,0.1,13,0.13,25,3514.135,35.14135,28456.50494360632,
6,1138,2781.58774,LoR,100,0.01,0,0.0,16,222.498,2.22498,449442.2421774578,
6,1139,2781.853536,DT,8,0.1,0,0.0,26,89.834,11.22925,89053.14246276465,
6,1140,2781.982642,DT,8,0.0,0,0.0,26,85.035,10.629375,94078.90868465925,
6,1141,2782.12748,GB,16,0.5,6,0.375,6,228.852,14.30325,69914.18034362819,
6,1142,2782.398022,MLP,1,0.01,0,0.0,16,177.975,177.975,5618.766680713584,
6,1143,2782.754165,AB,16,0.05,1,0.0625,13,8160.331,510.0206875,1960.7047802350173,
6,1144,2790.977197,MLP,64,0.0,0,0.0,17,239.606,3.74384375,267105.16431141127,
6,1145,2791.280235,RF,100,1.0,100,1.0,0,3484.368,34.84368,28699.609226120778,
6,1146,2794.811184,DT,1,0.05,0,0.0,14,96.432,96.432,10370.001659200265,16.0
6,1147,2795.11822,GB,8,1.0,8,1.0,27,250.498,31.31225,31936.382725610583,
6,1148,2795.412609,LoR,8,0.01,0,0.0,3,163.547,20.443375,48915.60224278036,
6,1149,2795.6361,LoR,8,0.1,2,0.25,3,149.73,18.71625,53429.50644493422,
6,1150,2795.854621,RF,64,0.01,4,0.0625,7,3433.101,53.642203125,18642.03820394448,
6,1151,2799.334481,DT,8,0.1,0,0.0,10,93.423,11.677875,85632.01781145971,
6,1152,2799.5,DT,64,0.1,7,0.109375,2,94.481,1.476265625,677384.8710322711,
6,1153,2799.654144,SGD,16,0.1,1,0.0625,8,162.798,10.174875,98281.30566714579,
6,1154,2799.877468,NB,16,0.05,1,0.0625,21,122.295,7.6434375,130831.18688417351,
6,1155,2800.073854,NB,100,0.5,51,0.51,23,146.677,1.46677,681770.1480122992,
6,1156,2800.259482,DT,8,0.01,0,0.0,18,93.773,11.721625,85312.40335704308,
6,1157,2800.408814,MLP,8,0.1,2,0.25,25,193.456,24.182,41353.072533289225,
6,1158,2800.642456,GB,1,0.01,0,0.0,6,223.02,223.02,4483.902788987534,4.0
6,1159,2813.716195,LoR,8,0.5,5,0.625,19,159.493,19.936625,50158.94114475243,
6,1160,2813.935525,SGD,100,0.01,0,0.0,3,168.783,1.68783,592476.7304764106,
6,1161,2814.161578,AB,100,1.0,100,1.0,24,8720.654,87.20654,11467.029881015804,
6,1162,2822.935825,LoR,64,1.0,64,1.0,1,162.156,2.5336875,394681.66456992034,
6,1163,2823.139229,AB,1,0.1,0,0.0,21,7728.951,7728.951,129.38366409620141,2.0
6,1164,2843.541504,AB,8,0.05,0,0.0,22,7935.04,991.88,1008.1864741702625,
6,1165,2851.542322,DT,16,0.5,8,0.5,10,83.811,5.2381875,190905.72836501175,
6,1166,2851.66706,MLP,16,1.0,16,1.0,26,188.876,11.80475,84711.66267815922,
6,1167,2851.927295,RF,32,0.1,1,0.03125,14,3235.103,101.09696875,9891.493408401526,
6,1168,2855.214455,MLP,32,0.01,0,0.0,18,212.543,6.64196875,150557.76948664506,
6,1169,2855.506909,DT,100,0.1,11,0.11,9,101.238,1.01238,987771.3901894545,
6,1170,2855.657296,DT,64,1.0,64,1.0,7,91.775,1.433984375,697357.6682102969,
6,1171,2855.824874,AB,100,0.05,4,0.04,8,8642.006,86.42005999999999,11571.387476472477,
6,1172,2864.511629,RF,8,0.01,0,0.0,10,3085.709,385.713625,2592.597033615289,
6,1173,2867.651624,NB,64,1.0,64,1.0,26,144.595,2.259296875,442615.5814516408,
6,1174,2867.867919,SGD,64,0.5,35,0.546875,18,173.704,2.714125,368442.8683277299,
6,1175,2868.099602,MLP,100,1.0,100,1.0,29,238.812,2.3881200000000002,418739.42682947253,
6,1176,2868.383939,MLP,32,0.0,0,0.0,22,188.612,5.894125,169660.4669904354,
6,1177,2868.651274,MLP,100,0.01,1,0.01,23,229.805,2.29805,435151.54152433586,
6,1178,2868.922524,GB,16,0.0,0,0.0,28,239.084,14.94275,66922.08596141942,
6,1179,2869.212743,MLP,64,1.0,64,1.0,13,216.628,3.3848125,295437.33958675707,
6,1180,2869.501746,NB,64,0.05,2,0.03125,28,172.686,2.69821875,370614.87323813164,
6,1181,2869.714287,SGD,1,0.05,0,0.0,24,155.814,155.814,6417.908531967602,
6,1182,2870.023803,LoR,1,0.0,0,0.0,23,145.096,145.096,6891.988752274357,
6,1183,2870.339082,MLP,8,0.1,1,0.125,3,174.19,21.77375,45926.86147310408,
6,1184,2870.588546,GB,64,0.5,33,0.515625,28,274.073,4.282390625,233514.42863762577,
6,1185,2870.914942,MLP,64,0.0,0,0.0,0,219.211,3.425171875,291956.1518354462,
6,1186,2871.178972,RF,16,0.05,0,0.0,29,3203.834,200.239625,4994.016543928306,
6,1187,2874.426371,GB,8,0.0,0,0.0,3,229.366,28.67075,34878.75273580217,
6,1188,2874.701707,RF,16,0.01,0,0.0,3,3143.773,196.4858125,5089.425985909288,
6,1189,2877.888996,GB,1,0.5,1,1.0,7,216.571,216.571,4617.423385402478,4.0
6,1190,2890.921636,DT,100,0.05,4,0.04,29,101.341,1.01341,986767.4485154084,
6,1191,2891.072638,SGD,64,1.0,64,1.0,8,172.727,2.698859375,370526.9008319487,
6,1192,2891.283104,DT,1,1.0,1,1.0,15,101.17,101.17,9884.353069091629,4.0
6,1193,2891.635066,RF,100,0.0,0,0.0,4,3868.504,38.68504,25849.785860373933,
6,1194,2895.597417,SGD,32,0.01,1,0.03125,16,208.777,6.52428125,153273.5885657903,
6,1195,2895.880848,SGD,64,0.1,6,0.09375,9,171.422,2.67846875,373347.64499305806,
6,1196,2896.103967,SGD,64,0.0,0,0.0,17,162.495,2.538984375,393858.2725622327,
6,1197,2896.353908,LoR,100,0.5,53,0.53,19,171.898,1.71898,581740.3343843442,
6,1198,2896.566062,RF,8,1.0,8,1.0,4,3175.717,396.964625,2519.1161555012613,
6,1199,2899.793245,GB,32,0.01,0,0.0,1,280.28,8.75875,114171.54274297133,
6,1200,2900.125646,LoR,64,1.0,64,1.0,26,173.582,2.71221875,368701.8239218352,
6,1201,2900.358517,MLP,8,0.5,4,0.5,26,192.806,24.10075,41492.48467371347,
6,1202,2900.604486,DT,64,0.01,0,0.0,5,95.945,1.499140625,667048.830058888,
6,1203,2900.746582,AB,32,0.01,0,0.0,0,8181.043,255.65759375,3911.4817022719476,
6,1204,2908.970841,SGD,16,1.0,16,1.0,27,150.492,9.40575,106317.94381096671,
6,1205,2909.191669,LoR,64,0.05,6,0.09375,26,156.226,2.44103125,409662.92422516097,
6,1206,2909.423886,GB,100,0.1,7,0.07,23,358.482,3.58482,278954.03395428497,
6,1207,2909.824898,SGD,16,1.0,16,1.0,25,159.352,9.9595,100406.6469200261,
6,1208,2910.04531,DT,16,0.5,7,0.4375,1,89.01,5.563125,179755.08369846083,
6,1209,2910.200608,AB,64,0.1,3,0.046875,21,8283.519,129.429984375,7726.184970421387,
6,1210,2918.557449,SGD,64,0.01,1,0.015625,0,161.613,2.525203125,396007.74690154876,
6,1211,2918.781051,GB,32,0.5,14,0.4375,21,230.69,7.2090625,138714.29190688804,
6,1212,2919.072164,SGD,16,0.1,2,0.125,12,156.618,9.788625,102159.39419479243,
6,1213,2919.26873,RF,1,0.1,0,0.0,22,3041.086,3041.086,328.8298982666061,9.8
6,1214,2934.937611,MLP,64,0.05,2,0.03125,16,226.743,3.542859375,282257.88668227906,
6,1215,2935.217355,RF,64,0.01,0,0.0,22,3351.737,52.370890625,19094.576931304575,
6,1216,2938.633185,LoR,8,0.5,7,0.875,11,161.939,20.242375,49401.31778015179,
6,1217,2938.833055,AB,1,1.0,1,1.0,26,7579.361,7579.361,131.93724378611864,2.0
6,1218,2958.970385,NB,64,0.01,0,0.0,17,141.015,2.203359375,453852.42704676813,
6,1219,2959.154206,RF,16,0.01,0,0.0,15,3083.104,192.694,5189.575181375653,
6,1220,2962.280646,DT,1,0.1,0,0.0,22,90.073,90.073,11102.10606952139,16.0
6,1221,2962.55713,AB,1,0.1,0,0.0,11,7501.253,7501.253,133.31106149865897,2.0
6,1222,2982.631862,MLP,8,0.05,2,0.25,24,212.684,26.5855,37614.48910120178,
6,1223,2982.901845,AB,100,1.0,100,1.0,0,8545.357,85.45357,11702.261239641597,
6,1224,2991.515816,DT,32,0.05,3,0.09375,8,84.044,2.626375,380752.93893674744,
6,1225,2991.642049,RF,16,0.01,0,0.0,9,3115.179,194.6986875,5136.141454471797,
6,1226,2994.799514,GB,8,0.0,0,0.0,22,240.079,30.009875,33322.36472161247,
6,1227,2995.113945,GB,64,0.5,33,0.515625,19,263.985,4.124765625,242438.01731158965,
6,1228,2995.448737,SGD,64,0.5,30,0.46875,2,172.919,2.701859375,370115.4875982396,
6,1229,2995.68124,LoR,100,0.01,0,0.0,8,168.218,1.6821799999999998,594466.7039199135,
6,1230,2995.893335,LoR,32,1.0,32,1.0,16,149.865,4.68328125,213525.5062889934,
6,1231,2996.079585,NB,1,1.0,1,1.0,10,101.811,101.811,9822.121381776034,
6,1232,2996.258399,MLP,64,0.05,3,0.046875,1,215.994,3.37490625,296304.5269776012,
6,1233,2996.518546,MLP,32,1.0,32,1.0,9,184.167,5.75521875,173755.3416192912,
6,1234,2996.780069,SGD,100,0.5,54,0.54,23,164.057,1.6405699999999999,609544.243768934,
6,1235,2996.98754,GB,32,1.0,32,1.0,18,226.14,7.066875,141505.26222693908,
6,1236,2997.254746,MLP,1,0.1,0,0.0,9,169.201,169.201,5910.130554783956,
6,1237,2997.579436,NB,1,0.1,0,0.0,4,106.611,106.611,9379.895132772415,
6,1238,2997.737465,SGD,32,0.0,0,0.0,10,153.164,4.786375,208926.37956700008,
6,1239,2997.927383,MLP,1,1.0,1,1.0,3,157.096,157.096,6365.534450272445,
6,1240,2998.252799,SGD,32,0.05,1,0.03125,25,150.255,4.69546875,212971.2821536721,
6,1241,2998.476896,DT,100,0.05,4,0.04,16,95.657,0.9565699999999999,1045401.8001818999,
6,1242,2998.614756,MLP,32,1.0,32,1.0,2,188.314,5.8848125,169928.94845842582,
6,1243,2998.842543,RF,1,0.5,0,0.0,23,2971.223,2971.223,336.5617457861628,11.57
6,1244,3015.797345,AB,8,0.1,1,0.125,25,8316.862,1039.60775,961.9012555456615,
6,1245,3024.198413,SGD,32,0.01,0,0.0,1,192.216,6.00675,166479.37736712865,
6,1246,3024.457938,DT,8,0.05,1,0.125,25,97.181,12.147625,82320.61822784289,
6,1247,3024.596953,NB,8,0.1,0,0.0,10,122.424,15.303,65346.6640528001,
6,1248,3024.757837,LoR,8,1.0,8,1.0,18,159.065,19.883125,50293.905007386915,
6,1249,3024.956637,RF,8,0.0,0,0.0,13,3281.445,410.180625,2437.9503541884746,
6,1250,3028.302427,RF,8,0.01,1,0.125,29,3140.243,392.530375,2547.573547652204,
6,1251,3031.502009,GB,16,0.01,0,0.0,27,268.131,16.7581875,59672.324348919006,
6,1252,3031.811034,NB,8,0.0,0,0.0,2,114.649,14.331125,69778.19257036694,
6,1253,3031.964953,GB,1,0.05,0,0.0,15,210.019,210.019,4761.473961879639,4.0
6,1254,3044.89778,MLP,100,0.5,55,0.55,15,266.654,2.66654,375017.813346134,
6,1255,3045.235299,LoR,64,0.05,5,0.078125,2,162.969,2.546390625,392712.72450588766,
6,1256,3045.466072,MLP,64,0.05,1,0.015625,0,258.876,4.0449375,247222.60850754805,
6,1257,3045.768226,DT,16,0.05,0,0.0,24,89.222,5.576375,179327.96843827757,
6,1258,3045.925539,SGD,64,0.1,6,0.09375,12,162.541,2.539703125,393746.80849754834,
6,1259,3046.149116,SGD,32,0.5,13,0.40625,22,151.225,4.72578125,211605.2240039676,
6,1260,3046.363494,DT,32,0.01,1,0.03125,5,88.541,2.76690625,361414.48594436474,
6,1261,3046.507468,GB,16,0.5,9,0.5625,3,247.824,15.489,64561.9471883272,
6,1262,3046.81204,GB,8,0.1,3,0.375,9,207.943,25.992875,38472.08129150777,
6,1263,3047.089284,RF,64,0.5,25,0.390625,22,3332.922,52.07690625,19202.369572405234,
6,1264,3050.496097,AB,64,0.05,4,0.0625,3,8502.299,132.848421875,7527.37583093702,
6,1265,3059.061259,NB,16,0.5,10,0.625,26,116.869,7.3043125,136905.42402176798,
6,1266,3059.239597,GB,32,0.1,5,0.15625,23,238.353,7.44853125,134254.65590951237,
6,1267,3059.51746,LoR,8,1.0,8,1.0,17,155.326,19.41575,51504.57746932259,
6,1268,3059.710192,MLP,1,0.0,0,0.0,26,165.39,165.39,6046.3147711469865,
6,1269,3060.028165,NB,1,0.5,0,0.0,1,100.797,100.797,9920.930186414278,
6,1270,3060.177053,AB,16,1.0,16,1.0,19,8085.452,505.34075,1978.862777244859,
6,1271,3068.304379,RF,1,0.01,0,0.0,25,3075.807,3075.807,325.1179284005791,9.99
6,1272,3084.325473,DT,16,0.1,0,0.0,7,87.818,5.488625,182194.99419253456,
6,1273,3084.453109,SGD,1,0.05,0,0.0,13,151.272,151.272,6610.608704849543,
6,1274,3084.759264,GB,16,0.01,0,0.0,4,220.538,13.783625,72549.85535372588,
6,1275,3085.044671,GB,32,0.05,3,0.09375,21,225.873,7.05853125,141672.5327949777,
6,1276,3085.315455,SGD,32,1.0,32,1.0,21,160.841,5.02628125,198954.24674056986,
6,1277,3085.559041,SGD,100,0.5,54,0.54,17,207.154,2.07154,482732.6530021144,
6,1278,3085.805526,NB,1,0.05,0,0.0,27,102.161,102.161,9788.471138692847,
6,1279,3085.972424,NB,8,0.5,4,0.5,27,106.671,13.333875,74996.95324877427,
6,1280,3086.122085,GB,32,0.01,0,0.0,7,224.734,7.0229375,142390.55950590476,
6,1281,3086.387074,AB,1,0.05,0,0.0,29,7564.253,7564.253,132.20076060385605,2.0
6,1282,3106.682036,SGD,1,0.0,0,0.0,14,157.27,157.27,6358.491765753163,
6,1283,3106.991416,SGD,8,0.05,0,0.0,18,150.182,18.77275,53268.70064321956,
6,1284,3107.183651,SGD,8,0.1,0,0.0,0,145.692,18.2115,54910.35883919501,
6,1285,3107.381566,LoR,64,0.01,0,0.0,15,155.864,2.435375,410614.38176872145,
6,1286,3107.583853,NB,32,0.01,0,0.0,14,119.317,3.72865625,268193.1325795989,
6,1287,3107.749458,LoR,32,1.0,32,1.0,25,151.821,4.74440625,210774.53053266677,
6,1288,3107.938709,NB,1,1.0,1,1.0,27,99.735,99.735,10026.570411590716,
6,1289,3108.085969,RF,16,0.0,0,0.0,11,3183.592,198.9745,5025.769633797296,
6,1290,3111.320685,NB,32,0.05,0,0.0,9,129.958,4.0611875,246233.3984825867,
6,1291,3111.50819,GB,100,1.0,100,1.0,27,292.147,2.92147,342293.43446963344,
6,1292,3111.842805,SGD,1,0.05,0,0.0,3,160.158,160.158,6243.834213713958,
6,1293,3112.192436,LoR,100,0.1,9,0.09,5,169.912,1.69912,588539.9500918122,
6,1294,3112.421959,RF,8,0.1,1,0.125,1,3245.888,405.736,2464.656821184218,
6,1295,3115.719778,AB,32,0.05,0,0.0,28,8176.766,255.5239375,3913.527670964291,
6,1296,3123.942846,RF,16,0.1,0,0.0,15,3173.298,198.331125,5042.072947450886,
6,1297,3127.159115,GB,8,1.0,8,1.0,24,231.907,28.988375,34496.586993924284,
6,1298,3127.438011,MLP,16,0.01,0,0.0,9,205.21,12.825625,77968.9098971785,
6,1299,3127.706385,AB,16,0.05,1,0.0625,22,8064.828,504.05175,1983.9232777190039,
6,1300,3135.846243,NB,64,0.05,1,0.015625,0,136.315,2.129921875,469500.7886146059,
6,1301,3136.040923,DT,8,0.05,1,0.125,2,88.855,11.106875,90034.3255866299,
6,1302,3136.191431,MLP,100,0.01,0,0.0,25,244.942,2.44942,408259.91459202586,
6,1303,3136.481494,LoR,32,1.0,32,1.0,10,158.303,4.94696875,202143.98969065654,
6,1304,3136.705177,SGD,32,0.05,2,0.0625,4,154.948,4.842125,206520.8973332989,
6,1305,3136.899516,SGD,1,0.05,0,0.0,22,145.104,145.104,6891.608777152938,
6,1306,3137.213922,RF,100,1.0,100,1.0,22,3345.062,33.45062,29894.812114095344,
6,1307,3140.604511,GB,16,0.0,0,0.0,25,240.153,15.0095625,66624.19374315541,
6,1308,3140.888632,LoR,8,0.05,0,0.0,14,161.42,20.1775,49560.15363647628,
6,1309,3141.110994,GB,8,0.05,1,0.125,10,215.941,26.992625,37047.15639920163,
6,1310,3141.405461,SGD,100,0.1,12,0.12,23,177.624,1.77624,562986.9837409359,
6,1311,3141.684618,RF,32,0.5,15,0.46875,16,3191.625,99.73828125,10026.24055144323,
6,1312,3144.945566,MLP,32,0.05,3,0.09375,25,209.46,6.545625,152773.79929342118,
6,1313,3145.23011,NB,64,0.5,33,0.515625,8,137.156,2.1430625,466621.9487299134,
6,1314,3145.406996,NB,1,0.05,0,0.0,7,102.329,102.329,9772.400785701024,
6,1315,3145.597027,RF,100,0.05,4,0.04,10,3503.166,35.03166,28545.607030897194,
6,1316,3149.170597,LoR,32,0.05,1,0.03125,19,169.293,5.29040625,189021.40076671806,
6,1317,3149.391075,MLP,32,0.01,0,0.0,24,196.721,6.14753125,162666.92422263,
6,1318,3149.667798,NB,16,1.0,16,1.0,18,116.102,7.256375,137809.8568500112,
6,1319,3149.860805,MLP,100,0.1,7,0.07,28,236.101,2.36101,423547.549565652,
6,1320,3150.146916,GB,64,0.0,0,0.0,24,257.471,4.022984375,248571.68380128246,
6,1321,3150.483878,GB,100,0.01,3,0.03,26,277.929,2.7792899999999996,359804.1226356372,
6,1322,3150.803828,LoR,1,0.1,1,1.0,7,156.88,156.88,6374.298827129016,
6,1323,3151.115637,DT,1,0.05,0,0.0,15,85.853,85.853,11647.816616775186,16.0
6,1324,3151.401786,AB,1,0.01,0,0.0,24,8063.028,8063.028,124.02288569505153,2.0
6,1325,3172.247714,GB,1,0.0,0,0.0,25,247.219,247.219,4044.996541527957,4.0
6,1326,3185.176579,DT,64,0.5,31,0.484375,16,103.785,1.621640625,616659.440188852,
6,1327,3185.323402,MLP,8,0.01,0,0.0,20,215.108,26.8885,37190.620525503466,
6,1328,3185.578659,MLP,8,1.0,8,1.0,24,212.095,26.511875,37718.94669841345,
6,1329,3185.871092,LoR,100,0.1,12,0.12,2,175.253,1.75253,570603.6415924407,
6,1330,3186.086109,GB,1,0.05,0,0.0,8,210.857,210.857,4742.550638584444,4.0
6,1331,3198.908423,NB,1,1.0,1,1.0,22,111.945,111.945,8932.958149091071,
6,1332,3199.069764,NB,1,0.01,0,0.0,26,101.509,101.509,9851.3432306495,
6,1333,3199.230605,AB,64,0.01,0,0.0,9,8426.258,131.66028125,7595.305057120255,
6,1334,3207.700048,RF,1,0.5,0,0.0,27,3089.935,3089.935,323.63140324958295,9.99
6,1335,3223.651389,SGD,1,0.0,0,0.0,1,161.146,161.146,6205.552728581535,
6,1336,3223.969124,AB,1,0.5,1,1.0,15,7676.044,7676.044,130.2754387546502,2.0
6,1337,3244.250587,SGD,100,0.5,49,0.49,9,178.979,1.7897900000000002,558724.7665927287,
6,1338,3244.4759,MLP,32,1.0,32,1.0,7,198.968,6.21775,160829.8821921113,
6,1339,3244.715967,MLP,8,0.0,0,0.0,28,170.813,21.351625,46834.842781287145,
6,1340,3244.948571,RF,16,0.5,12,0.75,25,3141.179,196.3236875,5093.628857190246,
6,1341,3248.133593,NB,1,0.1,0,0.0,13,112.68,112.68,8874.689385871494,
6,1342,3248.29339,NB,1,0.0,0,0.0,23,101.457,101.457,9856.392363267198,
6,1343,3248.451914,AB,64,1.0,64,1.0,18,8334.246,130.22259375,7679.158978508674,
6,1344,3256.829355,GB,1,0.05,0,0.0,22,209.474,209.474,4773.862149956558,4.0
6,1345,3270.178368,GB,8,0.0,0,0.0,26,254.538,31.81725,31429.49186369029,
6,1346,3270.513262,SGD,64,0.01,1,0.015625,7,196.125,3.064453125,326322.49840662844,
6,1347,3270.753761,MLP,1,0.01,0,0.0,21,201.07,201.07,4973.392350922564,
6,1348,3271.133352,SGD,64,1.0,64,1.0,6,171.102,2.67346875,374045.890755222,
6,1349,3271.377814,NB,64,0.1,5,0.078125,16,147.99,2.31234375,432461.6528143793,
6,1350,3271.589317,DT,16,0.01,1,0.0625,0,98.987,6.1866875,161637.3867275501,
6,1351,3271.766785,AB,100,0.1,2,0.02,12,8990.806,89.90806,11122.473335538549,
6,1352,3280.820697,SGD,8,0.1,2,0.25,27,153.527,19.190875,52108.09824981925,
6,1353,3281.021461,DT,32,0.0,0,0.0,26,123.89,3.8715625,258293.64759060458,
6,1354,3281.185741,DT,16,0.0,0,0.0,18,82.821,5.1763125,193187.71809082237,
6,1355,3281.31959,LoR,64,0.01,0,0.0,13,160.449,2.507015625,398880.6412006307,
6,1356,3281.559811,AB,100,0.5,47,0.47,28,8678.473,86.78473,11522.764431023752,
6,1357,3290.315375,RF,64,0.5,31,0.484375,21,3413.464,53.335375,18749.282254038713,
6,1358,3293.77358,RF,1,0.1,0,0.0,14,3048.487,3048.487,328.03157763178916,9.99
6,1359,3309.563447,DT,1,0.0,0,0.0,14,89.137,89.137,11218.685843140334,16.0
6,1360,3309.860239,AB,64,0.1,4,0.0625,3,8228.638,128.57246875,7777.714853904133,
6,1361,3318.152827,NB,16,0.5,9,0.5625,25,115.599,7.2249375,138409.50181229942,
6,1362,3318.304597,RF,1,1.0,1,1.0,13,2944.256,2944.256,339.64437874967393,6.88
6,1363,3333.754838,MLP,8,1.0,8,1.0,27,194.117,24.264625,41212.2585863165,
6,1364,3334.027243,SGD,100,0.05,6,0.06,3,170.402,1.7040199999999999,586847.5722115939,
6,1365,3334.241641,NB,32,0.0,0,0.0,25,120.366,3.7614375,265855.8064569729,
6,1366,3334.429086,LoR,64,0.05,3,0.046875,24,162.212,2.5345625,394545.40971074894,
6,1367,3334.636833,DT,32,0.0,0,0.0,0,89.428,2.794625,357829.76249049517,
6,1368,3334.768142,AB,32,1.0,32,1.0,5,8061.973,251.93665625,3969.251695583699,
6,1369,3342.869647,DT,1,0.0,0,0.0,5,77.308,77.308,12935.271899415324,16.0
6,1370,3343.15559,AB,64,0.05,3,0.046875,13,8249.453,128.897703125,7758.090142461568,
6,1371,3351.486707,GB,100,0.5,50,0.5,20,316.187,3.16187,316268.53728964186,
6,1372,3351.86352,SGD,100,1.0,100,1.0,2,177.87,1.7787,562208.3544161466,
6,1373,3352.083455,SGD,8,0.05,0,0.0,26,149.75,18.71875,53422.37061769616,
6,1374,3352.30259,MLP,64,0.1,1,0.015625,22,212.547,3.321046875,301109.8721694496,
6,1375,3352.558275,RF,16,0.01,0,0.0,27,3117.258,194.828625,5132.715995916925,
6,1376,3355.757747,RF,100,0.5,48,0.48,0,3509.711,35.09711,28492.37444336585,
6,1377,3359.337054,GB,32,0.05,1,0.03125,8,253.944,7.93575,126012.03414926126,
6,1378,3359.634379,LoR,8,0.01,0,0.0,0,161.012,20.1265,49685.73770899064,
6,1379,3359.875302,NB,100,0.05,2,0.02,13,150.349,1.50349,665119.1560968148,
6,1380,3360.086999,AB,32,0.05,1,0.03125,29,8115.334,253.6041875,3943.1525553969805,
6,1381,3368.265984,SGD,16,0.1,2,0.125,17,153.133,9.5708125,104484.33714483488,
6,1382,3368.463424,SGD,32,0.0,0,0.0,21,149.981,4.68690625,213360.358978804,
6,1383,3368.668848,RF,100,1.0,100,1.0,28,3316.44,33.1644,30152.81446370204,
6,1384,3372.045454,MLP,100,0.0,0,0.0,1,248.923,2.48923,401730.6556646031,
6,1385,3372.359716,RF,32,0.5,18,0.5625,7,3164.712,98.89725,10111.504617165796,
6,1386,3375.577189,MLP,64,0.0,0,0.0,25,252.725,3.948828125,253239.68740726085,
6,1387,3375.872907,NB,1,0.0,0,0.0,12,104.33,104.33,9584.970765839164,
6,1388,3376.025281,GB,1,0.05,0,0.0,4,210.331,210.331,4754.410904716851,4.0
6,1389,3389.416263,NB,8,0.01,0,0.0,4,136.206,17.02575,58734.563822445416,
6,1390,3389.628567,DT,16,0.01,1,0.0625,4,101.444,6.34025,157722.48728362445,
6,1391,3389.769638,DT,1,0.5,0,0.0,0,87.086,87.086,11482.901958983075,7.0
6,1392,3390.066759,DT,16,0.05,1,0.0625,15,91.242,5.702625,175357.83959141624,
6,1393,3390.24095,GB,100,0.05,5,0.05,1,319.897,3.19897,312600.61832402303,
6,1394,3390.61427,DT,64,1.0,64,1.0,10,100.148,1.5648125,639054.1997843193,
6,1395,3390.774399,DT,8,0.05,1,0.125,6,89.44,11.18,89445.43828264759,
6,1396,3390.926108,GB,32,0.5,15,0.46875,16,252.587,7.89334375,126689.02200034048,
6,1397,3391.258918,MLP,100,0.1,6,0.06,14,291.718,2.91718,342796.810618474,
6,1398,3391.592371,GB,8,1.0,8,1.0,12,220.873,27.609125,36219.909178577735,
6,1399,3391.856236,DT,16,1.0,16,1.0,16,92.454,5.778375,173059.03476323362,
6,1400,3391.994031,SGD,32,0.0,0,0.0,2,171.02,5.344375,187112.61840720382,
6,1401,3392.230478,SGD,32,0.05,3,0.09375,6,158.818,4.9630625,201488.4962661663,
6,1402,3392.431671,MLP,8,0.05,0,0.0,9,178.547,22.318375,44806.12947851266,
6,1403,3392.675736,RF,32,0.1,3,0.09375,16,3290.061,102.81440625,9726.263434021435,
6,1404,3396.034661,SGD,32,0.5,12,0.375,29,167.67,5.2396875,190851.07651935352,
6,1405,3396.27321,NB,64,0.05,3,0.046875,3,135.791,2.121734375,471312.53175836394,
6,1406,3396.469074,LoR,32,0.5,19,0.59375,4,160.163,5.00509375,199796.45735906545,
6,1407,3396.675188,MLP,16,0.01,0,0.0,29,177.952,11.122,89911.88635137565,
6,1408,3396.916911,MLP,32,0.05,2,0.0625,13,185.817,5.80678125,172212.44557817638,
6,1409,3397.143283,NB,8,0.05,0,0.0,28,107.466,13.43325,74442.14914484581,
6,1410,3397.324651,MLP,100,0.1,7,0.07,23,229.35,2.2935,436014.82450403314,
6,1411,3397.640322,LoR,100,0.0,0,0.0,1,189.886,1.89886,526631.7685348052,
6,1412,3397.873912,LoR,32,0.0,0,0.0,1,146.878,4.5899375,217867.8903579842,
6,1413,3398.077702,AB,8,0.1,1,0.125,16,7905.753,988.219125,1011.9213185638357,
6,1414,3406.05847,SGD,64,0.5,33,0.515625,28,162.408,2.537625,394069.2576720359,
6,1415,3406.261386,GB,1,0.1,0,0.0,6,203.073,203.073,4924.337553490616,4.0
6,1416,3418.939263,LoR,16,0.5,7,0.4375,23,155.991,9.7494375,102570.02006526016,
6,1417,3419.134626,DT,1,0.5,0,0.0,25,83.54,83.54,11970.313622216901,16.0
6,1418,3419.406723,DT,64,0.0,0,0.0,23,90.773,1.418328125,705055.4680356494,
6,1419,3419.540323,MLP,32,1.0,32,1.0,17,195.769,6.11778125,163457.95299562239,
6,1420,3419.799129,MLP,32,0.01,2,0.0625,19,184.467,5.76459375,173472.76206584374,
6,1421,3420.022666,DT,16,1.0,16,1.0,2,86.324,5.39525,185348.22297391226,
6,1422,3420.146084,MLP,8,1.0,8,1.0,6,169.374,21.17175,47232.75118967492,
6,1423,3420.356603,SGD,8,0.05,0,0.0,24,145.548,18.1935,54964.68518976557,
6,1424,3420.54712,NB,32,0.01,0,0.0,20,117.313,3.66603125,272774.5433157451,
6,1425,3420.703098,SGD,16,1.0,16,1.0,6,147.392,9.212,108554.05992184108,
6,1426,3420.932965,SGD,100,0.0,0,0.0,24,159.953,1.5995300000000001,625183.6476965109,
6,1427,3421.15102,RF,100,1.0,100,1.0,27,3421.266,34.21266,29228.946243875806,
6,1428,3424.615816,AB,1,0.5,1,1.0,16,7713.018,7713.018,129.65093560004658,2.0
6,1429,3444.803792,AB,64,0.0,0,0.0,24,8210.597,128.290578125,7794.804689598089,
6,1430,3453.0883,NB,64,0.01,2,0.03125,2,130.267,2.035421875,491298.6404845433,
6,1431,3453.273854,LoR,100,0.0,0,0.0,9,170.257,1.7025700000000001,587347.3631040134,
6,1432,3453.50362,LoR,16,0.05,3,0.1875,12,183.778,11.486125,87061.5634080249,
6,1433,3453.743209,AB,100,1.0,100,1.0,9,8664.843,86.64843,11540.890008047461,
6,1434,3462.457885,AB,32,0.01,0,0.0,10,8014.7,250.459375,3992.663480853931,
6,1435,3470.545817,DT,64,0.5,35,0.546875,27,86.537,1.352140625,739568.0460381109,
6,1436,3470.701051,RF,64,0.5,33,0.515625,1,3339.414,52.17834375,19165.039135608822,
6,1437,3474.122204,SGD,100,0.5,49,0.49,14,181.149,1.81149,552031.7528664249,
6,1438,3474.367158,AB,32,0.5,18,0.5625,20,8567.99,267.7496875,3734.8316232862085,
6,1439,3482.999563,AB,1,0.1,0,0.0,29,7786.858,7786.858,128.42150197165532,2.0
6,1440,3503.32619,NB,16,0.05,0,0.0,17,126.198,7.887375,126784.89357992997,
6,1441,3503.510578,SGD,8,0.1,1,0.125,28,175.987,21.998375,45457.90314057288,
6,1442,3503.750145,MLP,32,0.05,2,0.0625,24,211.461,6.60815625,151328.14088649917,
6,1443,3504.003026,DT,8,0.05,0,0.0,7,88.208,11.026,90694.72156720479,
6,1444,3504.128495,SGD,8,1.0,8,1.0,5,149.467,18.683375,53523.52024192631,
6,1445,3504.315805,GB,8,1.0,8,1.0,11,246.897,30.862125,32402.17580610538,
6,1446,3504.620816,SGD,8,0.5,6,0.75,19,151.298,18.91225,52875.78157014633,
6,1447,3504.814935,GB,1,0.5,0,0.0,27,200.245,200.245,4993.882493944918,4.0
6,1448,3517.53557,MLP,64,0.05,4,0.0625,23,273.369,4.271390625,234115.79220760215,
6,1449,3517.869338,MLP,16,0.05,2,0.125,12,175.55,10.971875,91142.12475078324,
6,1450,3518.088285,SGD,32,1.0,32,1.0,7,151.092,4.721625,211791.49127683794,
6,1451,3518.279221,NB,16,0.0,0,0.0,8,111.852,6.99075,143046.16815077065,
6,1452,3518.42946,GB,1,0.1,0,0.0,13,203.054,203.054,4924.798329508407,4.0
6,1453,3531.618826,NB,16,0.0,0,0.0,6,134.103,8.3814375,119311.27566124545,
6,1454,3531.839662,DT,100,0.05,10,0.1,3,108.071,1.08071,925317.615271442,
6,1455,3531.986873,SGD,8,0.0,0,0.0,13,175.312,21.914,45632.92872136534,
6,1456,3532.209493,GB,32,0.0,0,0.0,22,266.05,8.3140625,120278.14320616426,
6,1457,3532.519754,RF,16,1.0,16,1.0,18,3220.796,201.29975,4967.716055285712,
6,1458,3535.807991,SGD,16,0.01,1,0.0625,18,173.04,10.815,92464.17013407305,
6,1459,3536.034663,MLP,64,0.01,0,0.0,16,232.61,3.63453125,275138.64408236963,
6,1460,3536.350185,LoR,100,0.5,46,0.46,16,174.24,1.7424000000000002,573921.028466483,
6,1461,3536.593468,DT,64,0.01,2,0.03125,27,109.825,1.716015625,582745.2765763715,
6,1462,3536.776378,RF,100,0.05,6,0.06,9,3602.989,36.02989,27754.733639209,
6,1463,3540.432081,RF,64,0.0,0,0.0,13,3256.452,50.8820625,19653.29137355625,
6,1464,3543.751149,NB,100,0.01,0,0.0,16,158.525,1.58525,630815.3288124901,
6,1465,3543.949397,SGD,1,0.01,0,0.0,28,157.198,157.198,6361.404089110548,
6,1466,3544.298192,NB,64,0.5,33,0.515625,12,131.53,2.05515625,486581.0081350262,
6,1467,3544.49111,NB,32,0.1,4,0.125,9,118.24,3.695,270635.99458728015,
6,1468,3544.647152,NB,8,0.1,0,0.0,21,104.063,13.007875,76876.50750026426,
6,1469,3544.815502,GB,64,0.05,3,0.046875,4,278.582,4.35284375,229734.87159974442,
6,1470,3545.154393,DT,100,0.01,0,0.0,20,100.164,1.00164,998362.685196278,
6,1471,3545.329836,SGD,100,0.5,41,0.41,29,174.24,1.7424000000000002,573921.028466483,
6,1472,3545.540906,GB,1,0.0,0,0.0,24,281.844,281.844,3548.0620485091044,4.0
6,1473,3558.347748,NB,100,0.05,5,0.05,22,151.003,1.5100299999999998,662238.4985728761,
6,1474,3558.535505,DT,1,1.0,1,1.0,25,86.471,86.471,11564.570780955464,4.0
6,1475,3558.840314,AB,100,0.01,2,0.02,20,8613.914,86.13914000000001,11609.124493232692,
6,1476,3567.501293,GB,32,0.0,0,0.0,24,224.77,7.0240625,142367.7537037861,
6,1477,3567.776869,AB,64,1.0,64,1.0,15,8274.858,129.29465625,7734.271693846589,
6,1478,3576.093803,DT,1,0.05,0,0.0,5,77.876,77.876,12840.926601263547,16.0
6,1479,3576.370968,NB,16,0.1,3,0.1875,22,115.149,7.1968125,138950.40339038984,
6,1480,3576.552937,SGD,64,0.05,3,0.046875,11,164.447,2.569484375,389183.14107280766,
6,1481,3576.766028,MLP,64,1.0,64,1.0,9,218.854,3.41959375,292432.3978542773,
6,1482,3577.055178,NB,64,0.5,32,0.5,3,128.979,2.015296875,496204.80853472266,
6,1483,3577.250938,DT,64,0.05,4,0.0625,28,94.391,1.474859375,678030.744456569,
6,1484,3577.381022,GB,1,1.0,1,1.0,28,201.373,201.373,4965.909034478306,4.0
6,1485,3590.8973,MLP,100,1.0,100,1.0,21,292.317,2.9231700000000003,342094.3701529504,
6,1486,3591.269913,AB,64,0.5,29,0.453125,22,8273.727,129.276984375,7735.328951511211,
6,1487,3599.617647,RF,64,0.05,3,0.046875,10,3432.788,53.6373125,18643.737976245546,
6,1488,3603.132922,SGD,100,0.1,11,0.11,24,189.547,1.89547,527573.6360902573,
6,1489,3603.367169,MLP,32,0.0,0,0.0,2,196.225,6.13203125,163078.09912090714,
6,1490,3603.633984,LoR,64,0.1,5,0.078125,14,161.353,2.521140625,396645.86341747595,
6,1491,3603.83284,NB,1,0.0,0,0.0,7,106.709,106.709,9371.280772943237,
6,1492,3603.987446,MLP,1,0.5,0,0.0,7,162.178,162.178,6166.064447705608,
6,1493,3604.330517,AB,64,0.01,1,0.015625,3,8477.714,132.46428125,7549.204891790405,
6,1494,3612.892804,RF,100,0.1,9,0.09,26,3766.891,37.668910000000004,26547.091487383095,
6,1495,3616.730378,DT,1,0.05,1,1.0,11,117.807,117.807,8488.459938713318,4.0
6,1496,3617.092464,AB,16,0.1,3,0.1875,22,8109.976,506.8735,1972.8788346599301,
6,1497,3625.268853,SGD,16,0.5,11,0.6875,13,174.584,10.9115,91646.42808046556,
6,1498,3625.485807,RF,8,0.05,0,0.0,5,3454.218,431.77725,2316.0090069590283,
6,1499,3628.995622,RF,1,0.01,0,0.0,20,3145.063,3145.063,317.9586545643124,9.99
6,1500,3645.059364,RF,64,0.01,1,0.015625,2,3402.771,53.168296875,18808.200728171247,
6,1501,3648.507022,MLP,1,0.05,0,0.0,20,205.335,205.335,4870.0903401758105,
6,1502,3648.875905,MLP,16,0.05,0,0.0,23,188.302,11.768875,84969.88879565804,
6,1503,3649.107039,DT,16,1.0,16,1.0,18,90.936,5.6835,175947.9194158529,
6,1504,3649.269343,NB,64,0.5,37,0.578125,26,142.16,2.22125,450196.96117051214,
6,1505,3649.468234,AB,8,0.05,1,0.125,25,7979.754,997.46925,1002.53717094537,
6,1506,3657.490558,DT,1,0.05,0,0.0,19,83.245,83.245,12012.733497507357,16.0
6,1507,3657.762895,DT,16,0.0,0,0.0,1,86.825,5.4265625,184278.72156636912,
6,1508,3657.921762,RF,64,0.5,31,0.484375,7,3371.345,52.677265625,18983.521413560466,
6,1509,3661.350265,RF,64,0.01,0,0.0,8,3345.722,52.27690625,19128.90550978234,
6,1510,3664.747657,LoR,32,0.01,0,0.0,9,176.013,5.50040625,181804.75305801275,
6,1511,3664.964865,NB,8,1.0,8,1.0,25,114.916,14.3645,69616.06738835323,
6,1512,3665.119352,NB,1,0.1,0,0.0,20,102.048,102.048,9799.310128566949,
6,1513,3665.29941,DT,64,0.01,1,0.015625,2,97.525,1.523828125,656241.9892335298,
6,1514,3665.448475,SGD,64,0.01,0,0.0,1,208.724,3.2613125,306625.0167685556,
6,1515,3665.715828,MLP,8,0.5,7,0.875,21,182.512,22.814,43832.73428596476,
6,1516,3665.967877,GB,64,0.1,10,0.15625,24,299.819,4.684671875,213462.12214702868,
6,1517,3666.346936,NB,100,0.1,14,0.14,1,155.529,1.55529,642966.9064933228,
6,1518,3666.543162,AB,8,0.01,0,0.0,26,8314.793,1039.349125,962.1406089123326,
6,1519,3674.931657,MLP,1,0.01,0,0.0,6,206.47,206.47,4843.318641933452,
6,1520,3675.363481,MLP,100,0.0,0,0.0,4,256.671,2.56671,389603.8118836955,
6,1521,3675.696908,AB,64,0.1,4,0.0625,19,8471.107,132.361046875,7555.09285858389,
6,1522,3684.237929,AB,32,0.5,15,0.46875,19,8520.643,266.27009375,3755.585112532,
6,1523,3692.817671,LoR,32,1.0,32,1.0,26,176.746,5.5233125,181050.77342627273,
6,1524,3693.039957,DT,8,0.05,0,0.0,20,87.18,10.8975,91764.16609314062,
6,1525,3693.16456,LoR,1,1.0,1,1.0,0,146.111,146.111,6844.111668525984,
6,1526,3693.510036,GB,64,0.05,2,0.03125,11,334.671,5.229234375,191232.58364184527,
6,1527,3693.918235,AB,64,0.1,4,0.0625,27,8399.011,131.234546875,7619.944776831462,
6,1528,3702.38072,MLP,100,0.0,0,0.0,24,254.024,2.54024,393663.5908418102,
6,1529,3702.687455,GB,64,0.0,0,0.0,27,268.324,4.1925625,238517.61303498753,
6,1530,3703.02937,NB,64,0.01,1,0.015625,12,143.54,2.2428125,445868.74738748785,
6,1531,3703.230418,SGD,100,1.0,100,1.0,22,282.803,2.82803,353603.0381573039,
6,1532,3703.60153,RF,16,0.5,10,0.625,10,3514.834,219.677125,4552.1353213266975,
6,1533,3707.218498,SGD,64,0.01,1,0.015625,24,216.209,3.378265625,296009.8793297226,
6,1534,3707.497755,AB,8,0.1,1,0.125,13,8270.806,1033.85075,967.2576046397412,
6,1535,3715.879905,AB,100,0.1,12,0.12,2,8673.895,86.73895,11528.84603744915,
6,1536,3724.596309,SGD,1,1.0,1,1.0,1,168.262,168.262,5943.112526892584,
6,1537,3724.934814,GB,16,0.05,0,0.0,28,260.614,16.288375,61393.47847774871,
6,1538,3725.236711,MLP,8,0.0,0,0.0,18,199.427,24.928375,40114.92927236533,
6,1539,3725.522646,RF,100,0.5,55,0.55,15,3608.384,36.08384,27713.236728685195,
6,1540,3729.18197,GB,32,0.0,0,0.0,4,264.423,8.26321875,121018.21702348131,
6,1541,3729.495656,SGD,32,0.05,0,0.0,15,207.779,6.49309375,154009.78924722903,
6,1542,3729.776312,AB,64,0.05,1,0.015625,27,8441.732,131.9020625,7581.3825883124455,
6,1543,3738.287536,RF,32,0.05,2,0.0625,19,3187.982,99.6244375,10037.697828908695,
6,1544,3741.520424,MLP,16,1.0,16,1.0,18,234.934,14.683375,68104.23352941677,
6,1545,3741.815049,LoR,100,0.0,0,0.0,8,173.836,1.7383600000000001,575254.8378931866,
6,1546,3742.040176,DT,64,0.0,0,0.0,7,99.367,1.552609375,644077.007457204,
6,1547,3742.180119,AB,1,0.1,0,0.0,3,7764.58,7764.58,128.7899667464306,2.0
6,1548,3762.740441,MLP,16,1.0,16,1.0,14,191.352,11.9595,83615.53576654542,
6,1549,3762.974938,RF,16,0.0,0,0.0,16,3170.713,198.1695625,5046.183618637196,
6,1550,3766.193322,RF,16,0.05,0,0.0,3,3147.689,196.7305625,5083.094295529197,
6,1551,3769.411248,DT,32,0.1,2,0.0625,21,95.593,2.98728125,334752.5446423901,
6,1552,3769.571783,AB,32,0.05,1,0.03125,0,8251.975,257.87421875,3877.8595427155315,
6,1553,3777.868538,GB,8,0.05,0,0.0,5,225.413,28.176625,35490.41093459561,
6,1554,3778.167381,NB,64,0.5,34,0.53125,10,141.17,2.20578125,453354.1120634696,
6,1555,3778.365729,GB,8,0.5,7,0.875,15,221.651,27.706375,36092.77648194684,
6,1556,3778.631513,RF,16,0.01,0,0.0,11,3191.318,199.457375,5013.602530365197,
6,1557,3781.867116,NB,1,0.05,0,0.0,11,113.19,113.19,8834.702712253733,
6,1558,3782.051033,AB,100,0.01,0,0.0,7,8770.802,87.70801999999999,11401.465909274888,
6,1559,3790.875677,GB,64,1.0,64,1.0,18,255.999,3.999984375,250000.97656631473,
6,1560,3791.175286,DT,1,0.5,0,0.0,16,89.619,89.619,11158.34811814459,16.0
6,1561,3791.45625,LoR,1,0.0,0,0.0,3,162.173,162.173,6166.254555320553,
6,1562,3791.798122,SGD,8,0.05,1,0.125,8,154.492,19.3115,51782.61657561557,
6,1563,3791.996576,NB,32,1.0,32,1.0,2,121.617,3.80053125,263121.1097132802,
6,1564,3792.157953,AB,16,0.0,0,0.0,29,8034.227,502.1391875,1991.479703025568,
6,1565,3800.236195,NB,16,0.0,0,0.0,13,114.221,7.1388125,140079.3199149018,
6,1566,3800.429409,RF,100,0.5,55,0.55,6,3517.916,35.17916,28425.920346023042,
6,1567,3804.02506,SGD,64,0.01,1,0.015625,15,178.439,2.788109375,358665.98669573356,
6,1568,3804.251512,DT,32,0.01,0,0.0,6,91.909,2.87215625,348170.4729678269,
6,1569,3804.419641,GB,100,0.1,11,0.11,26,294.078,2.9407799999999997,340045.83817898657,
6,1570,3804.766071,MLP,64,1.0,64,1.0,7,235.123,3.673796875,272197.95596347447,
6,1571,3805.046979,MLP,32,0.0,0,0.0,12,190.507,5.95334375,167972.83039468367,
6,1572,3805.297537,SGD,8,0.5,4,0.5,11,151.993,18.999125,52634.00288171166,
6,1573,3805.488952,NB,1,0.5,0,0.0,16,122.435,122.435,8167.599134234491,
6,1574,3805.699983,AB,100,0.5,53,0.53,8,8782.942,87.82941999999998,11385.70652066244,
6,1575,3814.536902,RF,64,1.0,64,1.0,28,3303.356,51.6149375,19374.236382636325,
6,1576,3817.89181,RF,32,0.1,0,0.0,1,3202.048,100.064,9993.604093380238,
6,1577,3821.177138,RF,100,0.05,5,0.05,3,3517.214,35.17214,28431.593869466004,
6,1578,3824.748472,SGD,32,0.05,0,0.0,17,172.002,5.3750625,186044.34832153114,
6,1579,3824.983987,NB,16,0.1,1,0.0625,29,119.258,7.453625,134162.9073102014,
6,1580,3825.151741,NB,64,0.0,0,0.0,0,129.808,2.02825,493035.8683594232,
6,1581,3825.318879,GB,8,0.0,0,0.0,28,225.538,28.19225,35470.74107245785,
6,1582,3825.58632,DT,16,0.0,0,0.0,5,146.419,9.1511875,109275.43556505644,
6,1583,3825.809863,SGD,32,0.01,1,0.03125,3,160.748,5.023375,199069.35078507976,
6,1584,3826.028861,SGD,8,0.1,1,0.125,4,150.902,18.86275,53014.539237385856,
6,1585,3826.219245,LoR,8,0.0,0,0.0,1,145.162,18.14525,55110.84168032956,
6,1586,3826.403956,MLP,16,0.0,0,0.0,23,178.385,11.1490625,89693.64016032738,
6,1587,3826.645707,MLP,16,0.1,3,0.1875,16,174.693,10.9183125,91589.24513289027,
6,1588,3826.869658,AB,64,1.0,64,1.0,8,8348.358,130.44309375,7666.17818737529,
6,1589,3835.265228,DT,32,1.0,32,1.0,22,83.88,2.62125,381497.37720553175,
6,1590,3835.389516,MLP,1,0.5,1,1.0,11,166.158,166.158,6018.368059317036,
6,1591,3835.726052,RF,100,0.0,0,0.0,15,3525.712,35.25712,28363.065389345473,
6,1592,3839.297347,GB,16,1.0,16,1.0,14,239.494,14.968375,66807.51918628442,
6,1593,3839.617657,RF,100,0.5,49,0.49,28,3487.737,34.87737,28671.88667035387,
6,1594,3843.171117,MLP,16,0.1,2,0.125,23,199.14,12.44625,80345.48558802853,
6,1595,3843.442721,NB,64,0.05,6,0.09375,16,136.74,2.1365625,468041.53868655843,
6,1596,3843.654185,SGD,100,0.1,9,0.09,8,174.74,1.7474,572278.8142382968,
6,1597,3843.873536,RF,8,0.05,0,0.0,14,3090.38,386.2975,2588.6784149522064,
6,1598,3847.010751,RF,1,0.1,0,0.0,27,3034.373,3034.373,329.55737478549935,9.99
6,1599,3862.849135,RF,16,0.5,8,0.5,18,3131.346,195.709125,5109.6237847877555,
6,1600,3866.047165,SGD,16,0.05,2,0.125,11,168.116,10.50725,95172.38097504103,
6,1601,3866.253357,AB,1,0.0,0,0.0,2,7711.404,7711.404,129.6780715937072,2.0
6,1602,3886.740779,DT,32,0.5,11,0.34375,2,92.094,2.8779375,347471.06217560323,
6,1603,3886.871621,MLP,8,0.0,0,0.0,7,187.002,23.37525,42780.29111988107,
6,1604,3887.139173,RF,100,0.5,61,0.61,18,3539.826,35.39826,28249.97612877017,
6,1605,3890.73308,AB,64,0.0,0,0.0,29,8909.006,139.20321875,7183.741934846604,
6,1606,3899.728309,RF,32,0.05,1,0.03125,14,3290.372,102.824125,9725.344125223532,
6,1607,3903.067949,LoR,16,0.01,0,0.0,11,183.179,11.4486875,87346.25693993307,
6,1608,3903.290112,SGD,1,0.0,0,0.0,29,153.847,153.847,6499.964250196624,
6,1609,3903.603364,DT,8,0.05,0,0.0,12,89.046,11.13075,89841.20566898007,
6,1610,3903.756298,DT,32,0.05,3,0.09375,16,88.234,2.7573125,362671.9858557926,
6,1611,3903.895528,SGD,64,1.0,64,1.0,28,163.378,2.55278125,391729.6086376379,
6,1612,3904.117617,NB,100,0.0,0,0.0,14,154.922,1.54922,645486.1155936536,
6,1613,3904.318606,MLP,32,0.01,0,0.0,5,212.565,6.64265625,150542.1870957119,
6,1614,3904.576804,GB,32,1.0,32,1.0,24,272.672,8.521,117357.11770918906,
6,1615,3904.890574,RF,8,0.0,0,0.0,29,3139.643,392.455375,2548.0604004977636,
6,1616,3908.074526,RF,1,0.05,0,0.0,5,3069.353,3069.353,325.80156143656336,12.04
6,1617,3924.054656,MLP,64,0.5,33,0.515625,12,229.571,3.587046875,278780.8564670625,
6,1618,3924.325857,DT,1,0.1,0,0.0,6,87.427,87.427,11438.11408374987,16.0
6,1619,3924.600507,RF,8,0.05,0,0.0,7,3084.092,385.5115,2593.9563411208223,
6,1620,3927.746158,RF,100,0.0,0,0.0,27,3496.616,34.96616,28599.079796008482,
6,1621,3931.288415,NB,16,0.0,0,0.0,14,127.623,7.9764375,125369.25162392358,
6,1622,3931.455563,GB,8,0.0,0,0.0,25,241.119,30.139875,33178.637933966216,
6,1623,3931.738772,DT,1,0.1,0,0.0,23,88.043,88.043,11358.086389605078,16.0
6,1624,3932.015308,AB,1,0.05,0,0.0,17,8024.911,8024.911,124.61197388980389,2.0
6,1625,3953.03603,RF,100,1.0,100,1.0,23,3470.657,34.70657,28812.98843417831,
6,1626,3956.559725,DT,32,1.0,32,1.0,20,104.946,3.2795625,304918.72010367236,
6,1627,3956.71632,LoR,32,0.01,0,0.0,26,182.072,5.68975,175754.6465134672,
6,1628,3956.937125,DT,1,0.0,0,0.0,4,86.563,86.563,11552.279842426902,16.0
6,1629,3957.235648,DT,32,0.5,16,0.5,11,91.565,2.86140625,349478.51253208105,
6,1630,3957.402665,RF,100,0.5,55,0.55,7,3543.327,35.43327,28222.06361422471,
6,1631,3961.00838,MLP,100,1.0,100,1.0,14,274.201,2.74201,364695.9712036061,
6,1632,3961.32717,SGD,8,0.01,0,0.0,3,160.785,20.098125,49755.88518829493,
6,1633,3961.558942,DT,64,0.05,5,0.078125,22,136.404,2.1313125,469194.45177560777,
6,1634,3961.771252,SGD,100,0.05,2,0.02,24,174.193,1.7419300000000002,574075.8813499968,
6,1635,3961.986993,GB,8,0.05,0,0.0,24,250.141,31.267625,31981.96217333424,
6,1636,3962.299478,LoR,16,0.5,9,0.5625,7,160.407,10.0254375,99746.2704246074,
6,1637,3962.504637,AB,16,1.0,16,1.0,3,8069.913,504.3695625,1982.6731713216736,
6,1638,3970.617824,AB,1,0.01,0,0.0,22,7606.451,7606.451,131.4673558010168,2.0
6,1639,3990.939638,AB,32,0.5,20,0.625,15,8126.235,253.94484375,3937.862983288079,
6,1640,3999.14002,RF,64,0.5,34,0.53125,27,3400.817,53.137765625,18819.00731500695,
6,1641,4002.624072,DT,100,0.1,9,0.09,4,104.204,1.0420399999999999,959656.0592683583,
6,1642,4002.787564,RF,8,0.1,1,0.125,26,3076.466,384.55825,2600.3862873829908,
6,1643,4005.928562,GB,16,0.1,1,0.0625,12,252.904,15.8065,63265.11245373739,
6,1644,4006.226367,AB,32,0.0,0,0.0,25,9058.566,283.0801875,3532.5679583280616,
6,1645,4015.373342,DT,8,0.5,3,0.375,24,90.01,11.25125,88879.01344295077,
6,1646,4015.53363,GB,32,0.1,5,0.15625,20,284.558,8.8924375,112455.10581322612,
6,1647,4015.896272,MLP,64,0.05,1,0.015625,22,269.06,4.2040625,237865.1601873188,
6,1648,4016.239295,SGD,64,0.1,3,0.046875,4,175.746,2.74603125,364161.9154916755,
6,1649,4016.487611,MLP,100,0.0,0,0.0,18,235.218,2.3521799999999997,425137.5319915993,
6,1650,4016.765103,RF,16,1.0,16,1.0,5,3515.339,219.7086875,4551.481379178509,
6,1651,4020.364988,DT,32,0.01,0,0.0,24,134.203,4.19384375,238444.74415624092,
6,1652,4020.548057,GB,8,0.05,0,0.0,8,287.473,35.934125,27828.700434475584,
6,1653,4020.910258,SGD,32,0.1,5,0.15625,21,231.156,7.223625,138434.65019294329,
6,1654,4021.25851,GB,100,0.05,6,0.06,6,348.265,3.48265,287137.66815499694,
6,1655,4021.680109,DT,8,0.5,3,0.375,17,106.665,13.333125,75001.17189331084,
6,1656,4021.845925,LoR,8,0.5,5,0.625,6,180.696,22.587,44273.254526940276,
6,1657,4022.070394,SGD,16,1.0,16,1.0,23,160.174,10.010875,99891.36813715084,
6,1658,4022.319185,DT,100,0.01,1,0.01,27,106.325,1.06325,940512.5793557488,
6,1659,4022.47882,LoR,64,1.0,64,1.0,6,170.728,2.667625,374865.2827889977,
6,1660,4022.710497,SGD,16,0.05,2,0.125,28,157.933,9.8708125,101308.78283829219,
6,1661,4022.933188,GB,100,1.0,100,1.0,4,347.025,3.4702499999999996,288163.6769685181,
6,1662,4023.329425,LoR,16,0.0,0,0.0,15,183.23,11.451875,87321.94509632702,
6,1663,4023.557285,NB,16,1.0,16,1.0,16,130.603,8.1626875,122508.67131689165,
6,1664,4023.756209,SGD,100,1.0,100,1.0,23,186.172,1.86172,537137.7006209312,
6,1665,4023.985672,SGD,1,0.1,0,0.0,25,152.985,152.985,6536.588554433441,
6,1666,4024.333644,LoR,8,0.5,6,0.75,26,156.42,19.5525,51144.3549418233,
6,1667,4024.530412,LoR,8,0.0,0,0.0,11,176.021,22.002625,45449.122547877814,
6,1668,4024.761131,SGD,32,0.01,0,0.0,26,156.876,4.902375,203982.7634564879,
6,1669,4024.986379,SGD,32,0.05,2,0.0625,0,156.047,4.87646875,205066.42229584677,
6,1670,4025.184797,SGD,8,0.05,0,0.0,16,148.457,18.557125,53887.657705598256,
6,1671,4025.396587,LoR,16,0.5,10,0.625,29,152.488,9.5305,104926.28928177955,
6,1672,4025.630407,RF,100,0.0,0,0.0,5,3805.573,38.05573,26277.251809385867,
6,1673,4029.524377,AB,16,0.1,0,0.0,16,8102.195,506.3871875,1974.773502735987,
6,1674,4037.748231,MLP,64,0.01,0,0.0,18,249.832,3.903625,256172.14768324315,
6,1675,4038.040358,GB,1,0.01,0,0.0,21,243.894,243.894,4100.141864908525,4.0
6,1676,4050.969473,GB,16,0.0,0,0.0,2,226.447,14.1529375,70656.70995862166,
6,1677,4051.276277,LoR,100,0.1,16,0.16,21,186.486,1.86486,536233.2829274047,
6,1678,4051.502607,NB,1,0.5,0,0.0,27,107.978,107.978,9261.14578895701,
6,1679,4051.678137,LoR,16,0.05,1,0.0625,25,152.733,9.5458125,104757.97633779209,
6,1680,4051.869873,RF,1,0.05,0,0.0,15,3089.04,3089.04,323.72517027943957,9.99
6,1681,4067.706131,LoR,100,0.05,4,0.04,3,175.18,1.7518,570841.4202534535,
6,1682,4067.922928,AB,8,0.01,0,0.0,11,7913.631,989.203875,1010.9139534052067,
6,1683,4075.884909,RF,32,1.0,32,1.0,26,3138.144,98.067,10197.110138986613,
6,1684,4079.066847,LoR,1,0.5,1,1.0,24,184.329,184.329,5425.082325624291,
6,1685,4079.416266,LoR,16,0.05,0,0.0,4,149.343,9.3339375,107135.9220050488,
6,1686,4079.643046,GB,100,0.5,48,0.48,5,381.497,3.81497,262125.25917635,
6,1687,4080.086062,SGD,16,0.05,1,0.0625,7,161.326,10.082875,99178.06181272703,
6,1688,4080.290766,AB,32,0.0,0,0.0,23,8251.35,257.8546875,3878.1532718888425,
6,1689,4088.614708,AB,64,0.1,5,0.078125,14,8155.207,127.425109375,7847.746844439387,
6,1690,4096.850487,GB,100,0.5,49,0.49,4,296.307,2.96307,337487.80825292686,
6,1691,4097.208451,NB,16,0.5,8,0.5,13,122.245,7.6403125,130884.69876068551,
6,1692,4097.386602,SGD,100,1.0,100,1.0,8,173.295,1.7329499999999998,577050.6939034595,
6,1693,4097.638091,AB,64,0.01,0,0.0,10,8332.779,130.199671875,7680.510907585573,
6,1694,4106.05186,NB,100,0.05,4,0.04,20,150.596,1.50596,664028.26104279,
6,1695,4106.279087,LoR,100,0.5,51,0.51,15,174.33,1.7433,573624.7346985602,
6,1696,4106.510024,MLP,100,0.0,0,0.0,7,247.825,2.47825,403510.54171290225,
6,1697,4106.809626,MLP,64,1.0,64,1.0,1,209.71,3.27671875,305183.3484335511,
6,1698,4107.062119,NB,8,0.1,0,0.0,3,111.513,13.939125,71740.51455884067,
6,1699,4107.214764,MLP,8,0.05,0,0.0,26,174.29,21.78625,45900.51064318091,
6,1700,4107.445731,SGD,100,0.0,0,0.0,9,166.301,1.6630099999999999,601319.2945322037,
6,1701,4107.668074,GB,100,1.0,100,1.0,25,285.66,2.8566000000000003,350066.51263740106,
6,1702,4108.026469,DT,64,0.05,4,0.0625,10,100.047,1.563234375,639699.3413095846,
6,1703,4108.184525,DT,16,0.5,9,0.5625,26,88.861,5.5538125,180056.49272459233,
6,1704,4108.312756,AB,8,0.05,0,0.0,24,8029.47,1003.68375,996.3297702089926,
6,1705,4116.42275,DT,100,0.05,4,0.04,4,91.87,0.9187000000000001,1088494.6119516708,
6,1706,4116.554618,SGD,16,1.0,16,1.0,2,156.308,9.76925,102362.0032244031,
6,1707,4116.774802,LoR,8,0.5,6,0.75,29,149.869,18.733625,53379.95182459348,
6,1708,4116.999815,RF,100,0.05,6,0.06,29,3572.515,35.72515,27991.484990265963,
6,1709,4120.616005,NB,8,0.0,0,0.0,5,123.005,15.375625,65038.00658509817,
6,1710,4120.778239,DT,8,0.0,0,0.0,7,91.214,11.40175,87705.83463064881,
6,1711,4120.946578,DT,100,0.01,1,0.01,11,96.104,0.96104,1040539.4156330642,
6,1712,4121.081338,LoR,1,0.5,1,1.0,28,154.023,154.023,6492.536828915162,
6,1713,4121.391776,SGD,1,0.05,0,0.0,16,159.816,159.816,6257.195775141413,
6,1714,4121.736855,MLP,16,0.5,9,0.5625,2,181.041,11.3150625,88377.77078120426,
6,1715,4121.962139,SGD,16,0.01,0,0.0,4,149.875,9.3671875,106755.62969140951,
6,1716,4122.150389,RF,1,1.0,1,1.0,28,3035.869,3035.869,329.39497718775084,6.87
6,1717,4138.169984,AB,100,1.0,100,1.0,18,8854.824,88.54824,11293.27923400849,
6,1718,4147.079182,LoR,1,0.05,0,0.0,9,164.004,164.004,6097.412258237604,
6,1719,4147.412497,SGD,64,0.0,0,0.0,23,159.835,2.497421875,400412.9258297619,
6,1720,4147.633608,RF,8,0.5,7,0.875,19,3171.699,396.462375,2522.3074446850096,
6,1721,4150.889509,LoR,100,0.01,1,0.01,26,183.973,1.83973,543558.0221010691,
6,1722,4151.144076,GB,64,0.05,6,0.09375,12,295.997,4.624953125,216218.40761899613,
6,1723,4151.502004,AB,100,0.01,0,0.0,1,8749.015,87.49015,11429.858104026569,
6,1724,4160.312246,LoR,100,0.0,0,0.0,4,171.797,1.71797,582082.3413680099,
6,1725,4160.5508,AB,32,0.1,4,0.125,10,8163.151,255.09846875,3920.054890568605,
6,1726,4168.76418,GB,32,0.01,0,0.0,24,251.206,7.8501875,127385.49238473603,
6,1727,4169.069931,NB,64,0.01,0,0.0,24,142.821,2.231578125,448113.3726832889,
6,1728,4169.256399,LoR,32,1.0,32,1.0,22,161.31,5.0409375,198375.7981526254,
6,1729,4169.455455,SGD,1,0.0,0,0.0,12,152.231,152.231,6568.964271403328,
6,1730,4169.814667,NB,16,0.1,4,0.25,19,115.839,7.2399375,138122.73931922755,
6,1731,4169.97122,MLP,8,0.05,0,0.0,7,190.188,23.7735,42063.64229078596,
6,1732,4170.222954,DT,16,0.5,9,0.5625,4,91.108,5.69425,175615.75273302014,
6,1733,4170.363585,NB,64,1.0,64,1.0,13,132.226,2.06603125,484019.7843086836,
6,1734,4170.537763,LoR,16,0.01,0,0.0,19,153.283,9.5801875,104382.09064279796,
6,1735,4170.764058,MLP,64,0.5,32,0.5,26,217.479,3.398109375,294281.2869288529,
6,1736,4171.039809,NB,100,1.0,100,1.0,24,146.424,1.46424,682948.1505764083,
6,1737,4171.224427,LoR,8,0.0,0,0.0,20,151.03,18.87875,52969.608687015825,
6,1738,4171.43338,SGD,8,0.5,5,0.625,26,148.828,18.6035,53753.32598704545,
6,1739,4171.644574,SGD,32,0.5,18,0.5625,2,152.066,4.7520625,210434.94272223904,
6,1740,4171.834282,MLP,8,1.0,8,1.0,7,169.049,21.131125,47323.557075167555,
6,1741,4172.043607,NB,1,0.01,0,0.0,12,100.936,100.936,9907.2679717841,
6,1742,4172.202596,LoR,64,0.0,0,0.0,3,156.914,2.45178125,407866.72954612086,
6,1743,4172.436239,GB,100,0.05,9,0.09,10,286.028,2.8602800000000004,349616.1214985945,
6,1744,4172.768136,GB,32,0.0,0,0.0,27,231.265,7.22703125,138369.4030657471,
6,1745,4173.057313,MLP,100,1.0,100,1.0,4,246.336,2.46336,405949.5972979995,
6,1746,4173.383364,NB,100,0.01,2,0.02,3,148.698,1.48698,672504.0013988083,
6,1747,4173.573427,NB,8,1.0,8,1.0,29,147.348,18.4185,54293.23777723484,
6,1748,4173.75781,SGD,8,1.0,8,1.0,18,155.924,19.4905,51307.04702290859,
6,1749,4173.954593,GB,8,0.01,0,0.0,11,210.766,26.34575,37956.78619891254,
6,1750,4174.230515,SGD,32,0.1,3,0.09375,4,161.843,5.05759375,197722.48413586008,
6,1751,4174.460815,NB,64,0.1,8,0.125,7,133.467,2.085421875,479519.2819198753,
6,1752,4174.660469,LoR,64,0.05,4,0.0625,13,163.075,2.548046875,392457.45822474326,
6,1753,4174.89863,LoR,100,0.5,51,0.51,8,166.159,1.66159,601833.1838780927,
6,1754,4175.105137,RF,8,0.05,0,0.0,24,3178.677,397.334625,2516.770341874937,
6,1755,4178.329483,DT,16,0.0,0,0.0,0,96.084,6.00525,166520.96082594397,
6,1756,4178.467426,MLP,1,1.0,1,1.0,4,176.83,176.83,5655.149013176497,
6,1757,4178.817691,DT,100,1.0,100,1.0,16,97.345,0.97345,1027274.1281010838,
6,1758,4178.98032,GB,32,0.1,1,0.03125,15,235.454,7.3579375,135907.65075131448,
6,1759,4179.269426,MLP,64,0.01,0,0.0,26,220.84,3.450625,289802.57199782645,
6,1760,4179.556466,MLP,32,0.5,16,0.5,10,190.934,5.9666875,167597.18017744352,
6,1761,4179.812213,SGD,32,0.5,17,0.53125,25,156.811,4.90034375,204067.3167060984,
6,1762,4180.018885,NB,64,1.0,64,1.0,3,133.87,2.09171875,478075.74512586836,
6,1763,4180.192295,MLP,1,0.5,0,0.0,10,165.164,165.164,6054.588166912887,
6,1764,4180.543571,NB,100,0.05,5,0.05,25,150.018,1.50018,666586.6762655148,
6,1765,4180.769983,LoR,100,0.01,1,0.01,9,173.92,1.7391999999999999,574977.0009199632,
6,1766,4180.987678,NB,32,0.0,0,0.0,7,120.198,3.7561875,266227.39147073997,
6,1767,4181.174274,MLP,32,0.05,4,0.125,3,196.573,6.14290625,162789.39630569814,
6,1768,4181.414223,MLP,16,0.05,0,0.0,11,181.755,11.3596875,88030.59063024401,
6,1769,4181.7087,LoR,100,0.5,53,0.53,6,167.309,1.67309,597696.4777746565,
6,1770,4181.951355,NB,100,0.1,13,0.13,24,145.436,1.45436,687587.667427597,
6,1771,4182.135981,GB,1,0.5,1,1.0,10,210.384,210.384,4753.213172104342,4.0
6,1772,4195.142747,DT,100,1.0,100,1.0,27,98.424,0.9842400000000001,1016012.3547102332,
6,1773,4195.298026,LoR,100,1.0,100,1.0,14,174.41,1.7441,573361.6191732126,
6,1774,4195.536794,NB,32,0.5,16,0.5,3,123.035,3.84484375,260088.59267688057,
6,1775,4195.721751,SGD,32,0.1,2,0.0625,19,160.137,5.00428125,199828.89650736557,
6,1776,4195.941338,NB,16,0.5,10,0.625,0,112.891,7.0556875,141729.63300883153,
6,1777,4196.092112,LoR,1,0.1,0,0.0,2,148.201,148.201,6747.592796269931,
6,1778,4196.387274,MLP,1,1.0,1,1.0,1,163.945,163.945,6099.6065753758885,
6,1779,4196.696256,AB,16,0.0,0,0.0,18,8101.556,506.34725,1974.9292605025505,
6,1780,4204.844501,DT,16,0.05,0,0.0,28,83.234,5.202125,192229.1371314607,
6,1781,4204.974121,DT,32,0.01,0,0.0,12,82.398,2.5749375,388358.94075098913,
6,1782,4205.112085,SGD,100,0.0,0,0.0,21,170.625,1.70625,586080.5860805861,
6,1783,4205.332605,MLP,64,1.0,64,1.0,5,210.945,3.296015625,303396.61997203063,
6,1784,4205.588677,RF,32,0.0,0,0.0,4,3229.908,100.934625,9907.402935315806,
6,1785,4208.859387,RF,1,1.0,1,1.0,25,3020.385,3020.385,331.08362013451926,6.87
6,1786,4224.513639,AB,16,0.01,1,0.0625,7,7992.824,499.5515,2001.7956106627646,
6,1787,4232.551632,MLP,16,0.01,0,0.0,24,182.621,11.4138125,87613.14416195289,
6,1788,4232.795992,AB,16,0.5,9,0.5625,6,7798.236,487.38975,2051.746061545201,
6,1789,4240.639661,DT,8,0.01,0,0.0,22,80.379,10.047375,99528.48380795978,
6,1790,4240.76104,NB,8,0.05,0,0.0,22,109.162,13.64525,73285.5755665891,
6,1791,4240.906254,MLP,1,0.0,0,0.0,25,165.585,165.585,6039.194371470846,
6,1792,4241.219148,NB,16,0.0,0,0.0,21,111.491,6.9681875,143509.34156120225,
6,1793,4241.37131,LoR,8,0.05,0,0.0,3,147.751,18.468875,54145.149609816515,
6,1794,4241.581261,AB,32,0.5,9,0.28125,23,7960.165,248.75515625,4020.017173010861,
6,1795,4249.583784,RF,1,0.1,0,0.0,17,3007.461,3007.461,332.5063899415487,11.57
6,1796,4265.342097,NB,16,0.1,3,0.1875,13,118.372,7.39825,135167.1003277802,
6,1797,4265.521251,MLP,16,0.5,6,0.375,3,238.626,14.914125,67050.53095639202,
6,1798,4265.800964,RF,16,0.0,0,0.0,14,3050.709,190.6693125,5244.682465617009,
6,1799,4268.933744,LoR,100,0.1,10,0.1,24,179.557,1.7955699999999999,556926.21284606,
6,1800,4269.163236,MLP,64,1.0,64,1.0,23,211.758,3.30871875,302231.7928956639,
6,1801,4269.433039,DT,100,1.0,100,1.0,29,96.279,0.9627899999999999,1038648.0956387167,
6,1802,4269.641753,NB,100,0.01,1,0.01,27,161.164,1.61164,620485.9646074807,
6,1803,4269.840847,MLP,16,0.0,0,0.0,12,182.101,11.3813125,87863.32859237456,
6,1804,4270.065777,NB,16,0.01,0,0.0,26,111.073,6.9420625,144049.4089472689,
6,1805,4270.224322,LoR,64,0.0,0,0.0,21,159.87,2.49796875,400325.26427722524,
6,1806,4270.447457,NB,32,0.01,1,0.03125,10,118.03,3.6884375,271117.51249682286,
6,1807,4270.609068,MLP,16,0.01,0,0.0,2,179.237,11.2023125,89267.28298286627,
6,1808,4270.864614,RF,8,0.05,0,0.0,29,3123.013,390.376625,2561.6287860473203,
6,1809,4274.034229,LoR,16,0.05,0,0.0,19,163.274,10.204625,97994.78177787033,
6,1810,4274.239377,RF,8,0.1,0,0.0,2,2997.879,374.734875,2668.5533338737155,
6,1811,4277.280773,LoR,16,1.0,16,1.0,18,161.866,10.116625,98847.19459305845,
6,1812,4277.504361,GB,16,0.05,1,0.0625,26,275.88,17.2425,57996.23024503407,
6,1813,4277.84099,MLP,16,0.01,1,0.0625,16,185.277,11.5798125,86357.1841081192,
6,1814,4278.086195,DT,16,0.1,1,0.0625,3,88.468,5.52925,180856.35484016818,
6,1815,4278.215772,GB,16,0.1,0,0.0,22,219.076,13.69225,73034.01559276233,
6,1816,4278.510437,GB,64,0.1,9,0.140625,21,252.629,3.947328125,253335.91947084462,
6,1817,4278.820483,GB,100,0.0,0,0.0,10,272.707,2.72707,366693.9242483691,
6,1818,4279.13584,DT,8,0.01,0,0.0,14,89.326,11.16575,89559.59071267046,
6,1819,4279.282687,AB,16,0.1,4,0.25,5,8003.313,500.2070625,1999.1720928570455,
6,1820,4287.331725,LoR,32,0.0,0,0.0,13,154.528,4.829,207082.2116380203,
6,1821,4287.526185,AB,8,1.0,8,1.0,17,7737.289,967.161125,1033.9538822964994,
6,1822,4295.336952,GB,64,0.05,2,0.03125,6,248.383,3.880984375,257666.58748787155,
6,1823,4295.644949,SGD,8,0.5,4,0.5,16,158.459,19.807375,50486.24565344979,
6,1824,4295.880303,DT,100,0.5,47,0.47,7,96.509,0.96509,1036172.7921748231,
6,1825,4296.024242,RF,64,1.0,64,1.0,15,3222.302,50.34846875,19861.577220260548,
6,1826,4299.296432,NB,32,0.01,0,0.0,11,129.954,4.0610625,246240.97757668098,
6,1827,4299.470774,AB,8,0.01,0,0.0,24,7772.688,971.586,1029.2449664774915,
6,1828,4307.31335,DT,32,0.05,2,0.0625,7,84.115,2.62859375,380431.5520418475,
6,1829,4307.446622,DT,64,0.0,0,0.0,12,84.279,1.316859375,759382.5270826659,
6,1830,4307.588079,LoR,16,0.5,8,0.5,25,155.514,9.719625,102884.62775055622,
6,1831,4307.800766,RF,100,0.01,0,0.0,4,3477.391,34.77391,28757.191814207836,
6,1832,4311.325769,DT,32,1.0,32,1.0,0,93.047,2.90771875,343912.2164067622,
6,1833,4311.460989,LoR,8,0.01,0,0.0,14,155.806,19.47575,51345.90452229053,
6,1834,4311.685926,SGD,64,0.05,5,0.078125,23,159.457,2.491515625,401362.12270392646,
6,1835,4311.904415,AB,16,0.1,1,0.0625,27,7837.403,489.8376875,2041.4925709447377,
6,1836,4319.808394,DT,16,0.1,2,0.125,15,84.101,5.2563125,190247.440577401,
6,1837,4319.966877,NB,100,0.5,51,0.51,14,149.597,1.49597,668462.602859683,
6,1838,4320.182759,RF,64,0.05,1,0.015625,24,3293.022,51.45346875,19435.035660253714,
6,1839,4323.535899,RF,100,1.0,100,1.0,26,3310.07,33.1007,30210.841462567256,
6,1840,4326.911812,DT,16,0.5,7,0.4375,8,93.13,5.820625,171802.8562224847,
6,1841,4327.041527,NB,1,1.0,1,1.0,15,105.621,105.621,9467.814165743555,
6,1842,4327.195682,LoR,1,0.1,0,0.0,27,150.49,150.49,6644.959797993221,
6,1843,4327.50342,AB,32,0.0,0,0.0,20,7948.85,248.4015625,4025.7395723909744,
6,1844,4335.532233,NB,100,0.1,12,0.12,2,149.106,1.49106,670663.823052057,
6,1845,4335.720509,GB,16,0.0,0,0.0,15,244.881,15.3050625,65337.85797999845,
6,1846,4336.026252,AB,16,0.5,7,0.4375,15,7968.146,498.009125,2007.995335426836,
6,1847,4344.05722,GB,16,0.5,10,0.625,14,221.454,13.840875,72249.76744606103,
6,1848,4344.342315,RF,32,0.1,4,0.125,18,3196.249,99.88278125,10011.735631360385,
6,1849,4347.57933,RF,1,1.0,1,1.0,10,3042.022,3042.022,328.7287205680958,6.84
6,1850,4363.156413,SGD,8,0.0,0,0.0,15,158.674,19.83425,50417.83783102461,
6,1851,4363.367177,AB,64,0.01,0,0.0,14,8218.414,128.41271875,7787.3906084555965,
6,1852,4371.629074,AB,16,0.0,0,0.0,17,7800.24,487.515,2051.218936853225,
6,1853,4379.504509,GB,64,0.5,34,0.53125,10,270.346,4.22415625,236733.66722644315,
6,1854,4379.816609,RF,1,0.1,0,0.0,18,3084.263,3084.263,324.2265656333458,9.99
6,1855,4396.118479,AB,32,0.1,2,0.0625,12,8170.788,255.337125,3916.3909282678737,
6,1856,4404.354929,AB,16,0.05,2,0.125,23,7969.724,498.10775,2007.5977536988732,
6,1857,4412.381029,LoR,64,1.0,64,1.0,15,178.374,2.78709375,358796.6856156166,
6,1858,4412.61855,DT,8,0.5,4,0.5,22,84.532,10.5665,94638.71669900157,
6,1859,4412.745742,GB,32,0.0,0,0.0,9,261.269,8.16465625,122479.13070436982,
6,1860,4413.048233,SGD,16,1.0,16,1.0,21,161.778,10.111125,98900.96304812768,
6,1861,4413.273766,MLP,32,0.05,1,0.03125,26,208.241,6.50753125,153668.10570444821,
6,1862,4413.525685,NB,32,0.0,0,0.0,17,173.404,5.418875,184540.14901617033,
6,1863,4413.757741,RF,16,0.1,1,0.0625,24,3089.613,193.1008125,5178.642114724401,
6,1864,4416.890414,DT,1,0.5,1,1.0,20,89.593,89.593,11161.586284642774,13.0
6,1865,4417.17742,NB,32,0.1,0,0.0,3,124.293,3.88415625,257456.17210945103,
6,1866,4417.37782,DT,100,0.05,5,0.05,9,101.429,1.01429,985911.3271352374,
6,1867,4417.533749,LoR,8,0.5,2,0.25,24,207.944,25.993,38471.89627976763,
6,1868,4417.785932,RF,32,0.01,0,0.0,2,3135.625,97.98828125,10205.30197329081,
6,1869,4420.967412,LoR,16,0.01,0,0.0,28,162.438,10.152375,98499.11966411801,
6,1870,4421.180386,GB,64,1.0,64,1.0,22,268.175,4.190234375,238650.1351729281,
6,1871,4421.528225,SGD,100,0.5,49,0.49,22,228.367,2.28367,437891.6393349302,
6,1872,4421.796309,AB,1,0.05,0,0.0,28,7623.576,7623.576,131.17203789927456,2.0
6,1873,4442.152886,DT,16,0.05,0,0.0,21,87.849,5.4905625,182130.701544696,
6,1874,4442.303285,GB,32,0.05,1,0.03125,18,234.905,7.34078125,136225.2825610353,
6,1875,4442.59854,LoR,16,0.1,4,0.25,20,159.272,9.9545,100457.07971269276,
6,1876,4442.83398,DT,100,0.01,1,0.01,18,99.931,0.9993099999999999,1000690.4764287359,
6,1877,4442.978371,DT,32,0.01,0,0.0,27,85.893,2.68415625,372556.5529204941,
6,1878,4443.110484,LoR,64,1.0,64,1.0,5,160.198,2.50309375,399505.6118053908,
6,1879,4443.318181,LoR,64,1.0,64,1.0,23,153.192,2.393625,417776.3851898271,
6,1880,4443.529684,MLP,16,0.1,4,0.25,29,184.886,11.555375,86539.81372305096,
6,1881,4443.754816,DT,8,0.01,0,0.0,24,84.951,10.618875,94171.9344092477,
6,1882,4443.894856,MLP,100,0.0,0,0.0,22,226.523,2.26523,441456.2759631472,
6,1883,4444.162439,NB,8,0.01,0,0.0,26,109.625,13.703125,72976.05473204106,
6,1884,4444.319135,GB,64,1.0,64,1.0,17,247.755,3.871171875,258319.71100482333,
6,1885,4444.6065,AB,8,0.0,0,0.0,20,7863.051,982.881375,1017.41677626153,
6,1886,4452.532019,DT,16,0.5,9,0.5625,28,83.872,5.242,190766.88286913393,
6,1887,4452.657346,DT,16,0.01,0,0.0,1,78.928,4.933,202716.3997567403,
6,1888,4452.773526,DT,1,0.05,0,0.0,22,76.161,76.161,13130.079699583775,16.0
6,1889,4453.059075,SGD,64,0.5,33,0.515625,19,163.327,2.551984375,391851.92895234714,
6,1890,4453.259418,DT,1,0.0,0,0.0,3,82.176,82.176,12169.003115264797,16.0
6,1891,4453.543865,GB,32,0.01,1,0.03125,17,264.119,8.25371875,121157.50854728359,
6,1892,4453.855458,DT,32,0.05,0,0.0,5,91.182,2.8494375,350946.45873088983,
6,1893,4454.004467,RF,16,0.1,2,0.125,29,3095.979,193.4986875,5167.993710551655,
6,1894,4457.162996,NB,8,0.01,1,0.125,5,118.163,14.770375,67703.08810710629,
6,1895,4457.31751,SGD,1,1.0,1,1.0,5,153.743,153.743,6504.361174167279,
6,1896,4457.689772,AB,16,0.5,9,0.5625,13,7913.524,494.59525,2021.8552442628593,
6,1897,4465.691943,AB,64,0.01,0,0.0,1,8144.938,127.26465625,7857.641150859589,
6,1898,4473.909596,DT,64,0.1,5,0.078125,18,85.563,1.336921875,747986.8634807101,
6,1899,4474.072052,AB,100,0.01,1,0.01,4,9010.995,90.10995000000001,11097.553599796693,
6,1900,4483.150478,LoR,1,0.5,1,1.0,27,176.738,176.738,5658.092770089059,
6,1901,4483.503086,AB,64,0.0,0,0.0,6,8416.186,131.50290625,7604.394674737465,
6,1902,4491.984306,NB,16,0.5,7,0.4375,19,120.322,7.520125,132976.51302338723,
6,1903,4492.151195,NB,32,0.01,0,0.0,5,112.96,3.53,283286.11898017,
6,1904,4492.301133,SGD,8,1.0,8,1.0,29,154.482,19.31025,51785.96859181005,
6,1905,4492.497782,AB,16,0.01,0,0.0,0,7884.43,492.776875,2029.3160063568323,
6,1906,4500.464777,AB,100,0.05,8,0.08,14,8493.013,84.93013,11774.3844263514,
6,1907,4509.01835,LoR,100,0.0,0,0.0,5,166.448,1.6644800000000002,600788.2341632221,
6,1908,4509.230987,DT,32,0.01,0,0.0,3,85.493,2.67165625,374299.6502637643,
6,1909,4509.364959,NB,64,0.0,0,0.0,17,128.312,2.004875,498784.21347964334,
6,1910,4509.554839,DT,32,0.1,6,0.1875,1,130.132,4.066625,245904.15885408662,
6,1911,4509.725681,LoR,16,0.05,0,0.0,22,149.735,9.3584375,106855.44461882659,
6,1912,4509.91656,MLP,16,0.1,0,0.0,24,190.982,11.936375,83777.52877234503,
6,1913,4510.177701,MLP,64,0.01,1,0.015625,20,202.194,3.15928125,316527.6912272372,
6,1914,4510.417488,NB,1,0.0,0,0.0,2,99.927,99.927,10007.305332893011,
6,1915,4510.565024,AB,8,0.0,0,0.0,24,7900.856,987.607,1012.5485137306641,
6,1916,4518.509297,MLP,1,1.0,1,1.0,26,224.289,224.289,4458.533410020108,
6,1917,4518.918743,NB,64,0.05,3,0.046875,5,131.211,2.050171875,487763.9832026278,
6,1918,4519.085942,GB,1,0.0,0,0.0,3,239.487,239.487,4175.591994555029,4.0
6,1919,4532.135046,RF,64,0.0,0,0.0,28,3544.194,55.37803125,18057.702258962123,
6,1920,4535.753837,GB,64,0.01,0,0.0,21,316.225,4.941015625,202387.54051703692,
6,1921,4536.137665,LoR,16,0.05,2,0.125,14,185.681,11.6050625,86169.29034203822,
6,1922,4536.388673,AB,32,0.05,2,0.0625,8,8166.619,255.20684375,3918.3902175429025,
6,1923,4544.638835,MLP,100,0.5,52,0.52,19,257.446,2.57446,388430.97193197795,
6,1924,4544.949375,LoR,64,0.01,0,0.0,27,158.414,2.47521875,404004.69655459747,
6,1925,4545.164242,AB,100,1.0,100,1.0,28,8617.908,86.17908,11603.744203349584,
6,1926,4553.824991,GB,16,1.0,16,1.0,19,227.783,14.2364375,70242.29200598816,
6,1927,4554.098045,GB,32,1.0,32,1.0,23,225.857,7.05803125,141682.56905918347,
6,1928,4554.384502,DT,100,0.01,0,0.0,9,97.304,0.97304,1027706.9801858094,
6,1929,4554.524547,DT,32,1.0,32,1.0,19,86.559,2.70496875,369690.03800875705,
6,1930,4554.666802,LoR,8,0.1,1,0.125,16,154.145,19.268125,51899.18583152226,
6,1931,4554.859,AB,1,0.05,0,0.0,16,7694.024,7694.024,129.97100087028582,2.0
6,1932,4575.534873,SGD,8,0.5,3,0.375,9,181.332,22.6665,44117.97145567247,
6,1933,4575.755673,DT,8,1.0,8,1.0,27,89.456,11.182,89429.44017170453,
6,1934,4575.897267,SGD,64,0.0,0,0.0,28,161.903,2.529734375,395298.4194239761,
6,1935,4576.10318,MLP,32,0.0,0,0.0,11,206.125,6.44140625,155245.60339599758,
6,1936,4576.367831,GB,8,0.5,4,0.5,23,251.372,31.4215,31825.342520248872,
6,1937,4576.681895,NB,32,0.5,16,0.5,26,128.064,4.002,249875.06246876562,
6,1938,4576.848138,AB,1,0.05,0,0.0,3,8139.294,8139.294,122.86077883413476,2.0
6,1939,4597.795043,DT,64,0.0,0,0.0,16,98.858,1.54465625,647393.2306945316,
6,1940,4597.939829,DT,32,1.0,32,1.0,8,86.994,2.7185625,367841.46033059753,
6,1941,4598.062956,SGD,1,1.0,1,1.0,20,171.644,171.644,5826.011978280627,
6,1942,4598.391475,NB,1,0.5,0,0.0,0,106.582,106.582,9382.447317558312,
6,1943,4598.544597,AB,8,0.0,0,0.0,26,7955.556,994.4445,1005.5865360007522,
6,1944,4606.575182,DT,64,0.1,4,0.0625,3,88.251,1.378921875,725204.2469773713,
6,1945,4606.700353,NB,1,1.0,1,1.0,26,102.567,102.567,9749.72457028089,
6,1946,4606.889355,AB,100,0.1,14,0.14,28,8716.247,87.16247,11472.827697517063,
6,1947,4615.653291,MLP,32,1.0,32,1.0,0,218.006,6.8126875,146784.95087291175,
6,1948,4615.929943,LoR,100,0.0,0,0.0,16,168.918,1.6891800000000001,592003.2204975195,
6,1949,4616.179844,GB,100,0.5,50,0.5,3,330.899,3.30899,302207.0178513685,
6,1950,4616.573003,RF,16,0.1,3,0.1875,17,3483.979,217.7486875,4592.450184114198,
6,1951,4620.144799,AB,16,0.5,7,0.4375,28,8138.964,508.68525,1965.8521649684162,
6,1952,4628.350325,GB,16,0.05,1,0.0625,5,253.839,15.8649375,63032.07938890399,
6,1953,4628.645516,MLP,8,1.0,8,1.0,17,206.914,25.86425,38663.40605275622,
6,1954,4628.89249,SGD,8,0.0,0,0.0,1,155.066,19.38325,51590.93547263746,
6,1955,4629.088466,RF,1,0.1,0,0.0,19,3378.04,3378.04,296.02965032977704,10.19
6,1956,4645.452984,MLP,100,0.5,61,0.61,18,322.408,3.2240800000000003,310166.00084365153,
6,1957,4645.840456,MLP,100,0.0,0,0.0,6,236.836,2.36836,422233.10645341076,
6,1958,4646.118925,RF,8,1.0,8,1.0,19,3092.614,386.57675,2586.808441014624,
6,1959,4649.256674,DT,16,0.0,0,0.0,3,94.716,5.91975,168926.0526204654,
6,1960,4649.404772,LoR,64,0.01,0,0.0,25,175.124,2.7363125,365455.3345058359,
6,1961,4649.693669,GB,64,0.01,1,0.015625,3,290.105,4.532890625,220609.7792178694,
6,1962,4650.025046,LoR,1,0.01,0,0.0,8,157.881,157.881,6333.884381274504,
6,1963,4650.357703,MLP,100,0.0,0,0.0,5,234.624,2.34624,426213.8570649209,
6,1964,4650.637531,NB,32,1.0,32,1.0,5,127.319,3.97871875,251337.19240647508,
6,1965,4650.806028,MLP,8,0.1,0,0.0,11,176.833,22.104125,45240.424581384694,
6,1966,4651.024504,LoR,8,0.01,0,0.0,25,146.617,18.327125,54563.931876931056,
6,1967,4651.242543,DT,64,0.05,2,0.03125,2,93.809,1.465765625,682237.3119849908,
6,1968,4651.410878,SGD,100,0.05,4,0.04,19,171.333,1.71333,583658.7230714457,
6,1969,4651.657917,RF,100,0.01,1,0.01,1,3504.598,35.04598,28533.943122720495,
6,1970,4655.231706,LoR,32,0.05,1,0.03125,4,168.046,5.2514375,190424.05055758543,
6,1971,4655.458376,AB,8,0.5,5,0.625,20,7954.523,994.315375,1005.7171247100549,
6,1972,4663.453343,AB,1,0.0,0,0.0,17,7709.922,7709.922,129.70299829233034,2.0
6,1973,4684.483825,SGD,100,0.01,0,0.0,28,210.181,2.10181,475780.3987991302,
6,1974,4684.779922,LoR,100,0.1,4,0.04,0,174.742,1.74742,572272.2642524408,
6,1975,4685.032169,GB,100,0.1,12,0.12,2,336.169,3.36169,297469.4275795805,
6,1976,4685.432386,DT,16,0.1,5,0.3125,23,122.274,7.642125,130853.65654186498,
6,1977,4685.597825,RF,1,0.0,0,0.0,25,3127.024,3127.024,319.7928765497163,11.16
6,1978,4701.959781,SGD,32,1.0,32,1.0,16,188.106,5.8783125,170116.8490106642,
6,1979,4702.214141,MLP,16,0.05,2,0.125,24,203.517,12.7198125,78617.51106787148,
6,1980,4702.499557,DT,100,0.1,12,0.12,6,103.531,1.03531,965894.273212854,
6,1981,4702.641681,AB,1,0.01,0,0.0,4,8116.21,8116.21,123.21021757692321,2.0
6,1982,4723.810378,NB,32,0.05,1,0.03125,2,143.163,4.47384375,223521.44059568463,
6,1983,4724.018515,DT,32,0.01,2,0.0625,17,98.813,3.08790625,323844.028619716,
6,1984,4724.179893,MLP,100,1.0,100,1.0,27,282.2,2.822,354358.61091424525,
6,1985,4724.526534,GB,32,0.05,3,0.09375,10,277.189,8.66215625,115444.69657886856,
6,1986,4724.846786,RF,16,1.0,16,1.0,7,3212.589,200.7868125,4980.406768497309,
6,1987,4728.107894,GB,32,0.0,0,0.0,2,260.112,8.1285,123023.92815402594,
6,1988,4728.435202,NB,32,0.05,1,0.03125,26,129.764,4.055125,246601.52276440305,
6,1989,4728.632894,DT,64,0.5,26,0.40625,29,98.473,1.538640625,649924.3447442446,
6,1990,4728.788465,AB,16,0.1,3,0.1875,24,8025.8,501.6125,1993.5707343816193,
6,1991,4736.854609,RF,1,0.0,0,0.0,6,3073.84,3073.84,325.3259766285818,9.39
6,1992,4752.761668,NB,32,0.5,16,0.5,6,127.353,3.97978125,251270.0917921054,
6,1993,4752.965937,RF,100,0.5,47,0.47,19,3554.617,35.546170000000004,28132.42608134716,
6,1994,4756.58939,LoR,32,0.5,19,0.59375,5,180.525,5.64140625,177260.76720675806,
6,1995,4756.834502,MLP,32,0.05,1,0.03125,23,204.433,6.38853125,156530.5014356782,
6,1996,4757.095776,MLP,100,0.0,0,0.0,20,229.774,2.29774,435210.2500718097,
6,1997,4757.406765,NB,100,0.1,17,0.17,12,147.536,1.47536,677800.672378267,
6,1998,4757.595658,DT,8,0.0,0,0.0,28,130.642,16.33025,61236.04966243628,
6,1999,4757.768285,RF,16,0.01,0,0.0,5,3112.457,194.5285625,5140.633268186517,
6,2000,4760.962555,GB,100,0.1,9,0.09,8,303.744,3.03744,329224.6101980615,
6,2001,4761.327018,AB,100,0.0,0,0.0,26,8744.308,87.44308000000001,11436.010716914361,
6,2002,4770.135577,LoR,16,0.5,8,0.5,10,157.54,9.84625,101561.5081883966,
6,2003,4770.363415,NB,64,0.01,1,0.015625,23,132.267,2.066671875,483869.74831212626,
6,2004,4770.534102,NB,8,0.0,0,0.0,1,106.206,13.27575,75325.31118769184,
6,2005,4770.678129,RF,16,1.0,16,1.0,23,3127.657,195.4785625,5115.650469344944,
6,2006,4773.874675,LoR,32,0.05,1,0.03125,23,169.521,5.29753125,188767.17338854776,
6,2007,4774.106438,AB,100,1.0,100,1.0,5,8663.467,86.63467,11542.723023011456,
6,2008,4782.819814,AB,32,0.01,0,0.0,12,8082.203,252.56884375,3959.3165378300937,
6,2009,4790.967819,LoR,16,0.1,1,0.0625,29,154.493,9.6558125,103564.56279572537,
6,2010,4791.169176,LoR,32,0.01,0,0.0,22,149.612,4.675375,213886.5866374355,
6,2011,4791.389911,RF,64,0.01,3,0.046875,13,3380.404,52.8188125,18932.64828700948,
6,2012,4794.816451,GB,8,0.01,0,0.0,25,244.922,30.61525,32663.460203656676,
6,2013,4795.124748,SGD,16,0.5,7,0.4375,19,163.607,10.2254375,97795.32660582982,
6,2014,4795.34789,LoR,8,0.5,7,0.875,1,151.037,18.879625,52967.153743784635,
6,2015,4795.536821,DT,8,0.0,0,0.0,1,87.031,10.878875,91921.26943273086,
6,2016,4795.664427,AB,1,0.0,0,0.0,20,7684.438,7684.438,130.1331340040742,2.0
6,2017,4816.018174,NB,32,0.0,0,0.0,16,127.302,3.9781875,251370.75615465586,
6,2018,4816.189544,AB,32,1.0,32,1.0,9,8098.688,253.084,3951.2572900697,
6,2019,4824.330263,RF,8,0.0,0,0.0,6,3060.653,382.581625,2613.821298918891,
6,2020,4827.452446,SGD,100,0.0,0,0.0,10,184.397,1.8439699999999999,542308.1720418446,
6,2021,4827.682723,LoR,32,1.0,32,1.0,28,192.606,6.0189375,166142.28009511647,
6,2022,4827.953878,RF,100,0.05,8,0.08,1,3512.998,35.12998,28465.715038835773,
6,2023,4831.510571,MLP,1,0.1,0,0.0,15,188.076,188.076,5316.999510836045,
6,2024,4831.863378,DT,32,0.05,0,0.0,21,92.719,2.89746875,345128.8301211187,
6,2025,4831.994405,GB,1,0.0,0,0.0,6,221.418,221.418,4516.3446512930295,4.0
6,2026,4844.854604,SGD,8,0.0,0,0.0,3,161.227,20.153375,49619.480608086735,
6,2027,4845.070552,SGD,64,0.0,0,0.0,29,161.349,2.521078125,396655.696657556,
6,2028,4845.275267,DT,16,0.01,0,0.0,5,88.529,5.5330625,180731.7376226999,
6,2029,4845.404068,MLP,8,0.05,0,0.0,0,183.233,22.904125,43660.2577046711,
6,2030,4845.638231,GB,32,0.01,0,0.0,14,234.801,7.33753125,136285.62058935015,
6,2031,4845.935081,NB,16,0.1,4,0.25,7,119.189,7.4493125,134240.5758920706,
6,2032,4846.110301,MLP,8,0.5,5,0.625,2,182.941,22.867625,43729.94572020487,
6,2033,4846.343008,NB,64,0.0,0,0.0,2,132.368,2.06825,483500.5439381119,
6,2034,4846.517856,AB,32,0.0,0,0.0,19,8087.431,252.73221875,3956.7570962892914,
6,2035,4854.686992,MLP,100,0.05,7,0.07,0,237.212,2.37212,421563.8331956225,
6,2036,4854.965981,GB,1,0.1,0,0.0,7,209.03,209.03,4784.002296321102,4.0
6,2037,4867.848298,RF,32,0.5,13,0.40625,2,3188.215,99.63171875,10036.964257429314,
6,2038,4871.12163,DT,100,0.01,1,0.01,7,102.511,1.02511,975505.067748827,
6,2039,4871.28823,LoR,32,0.1,1,0.03125,7,165.129,5.16028125,193787.88704588535,
6,2040,4871.491029,RF,1,0.0,0,0.0,8,3021.819,3021.819,330.9265048634614,9.99
6,2041,4887.330148,NB,1,1.0,1,1.0,7,108.44,108.44,9221.689413500553,
6,2042,4887.487343,DT,1,0.05,0,0.0,13,86.646,86.646,11541.213674029961,16.0
6,2043,4887.765475,SGD,64,1.0,64,1.0,9,169.354,2.64615625,377906.6334423751,
6,2044,4888.000185,AB,32,0.05,1,0.03125,24,8130.318,254.0724375,3935.8854106321546,
6,2045,4896.190335,GB,100,1.0,100,1.0,19,301.901,3.01901,331234.4112805191,
6,2046,4896.605404,AB,100,0.1,10,0.1,22,9071.584,90.71584000000001,11023.43317330248,
6,2047,4905.758525,GB,64,0.0,0,0.0,22,279.053,4.360203125,229347.1132723891,
6,2048,4906.104109,LoR,16,0.5,12,0.75,5,175.251,10.9531875,91297.62454993124,
6,2049,4906.348186,SGD,64,0.1,4,0.0625,20,161.58,2.5246875,396088.62482980563,
6,2050,4906.55177,GB,32,1.0,32,1.0,0,235.581,7.36190625,135834.38392739653,
6,2051,4906.866481,NB,100,0.01,2,0.02,19,153.635,1.5363499999999999,650893.3511244183,
6,2052,4907.076761,MLP,100,0.01,0,0.0,3,253.726,2.53726,394125.9468875874,
6,2053,4907.390138,NB,16,0.5,8,0.5,20,113.038,7.064875,141545.3210424813,
6,2054,4907.557137,LoR,100,0.0,0,0.0,24,165.977,1.65977,602493.1165161438,
6,2055,4907.784967,AB,32,0.05,1,0.03125,11,7951.346,248.4795625,4024.475856037456,
6,2056,4915.795125,MLP,100,1.0,100,1.0,7,236.91,2.3691,422101.2198725254,
6,2057,4916.098103,DT,32,0.05,1,0.03125,29,88.574,2.7679375,361279.8338112765,
6,2058,4916.253863,GB,64,0.5,25,0.390625,21,253.036,3.9536875,252928.43706033923,
6,2059,4916.55694,NB,64,1.0,64,1.0,25,141.067,2.204171875,453685.12834326946,
6,2060,4916.734407,DT,1,1.0,1,1.0,27,86.634,86.634,11542.812290786527,13.0
6,2061,4917.024779,RF,8,0.01,0,0.0,7,3138.474,392.30925,2549.009486776057,
6,2062,4920.211007,GB,32,1.0,32,1.0,1,241.571,7.54909375,132466.23145990205,
6,2063,4920.498206,LoR,32,1.0,32,1.0,29,162.491,5.07784375,196933.9840360389,
6,2064,4920.738096,RF,100,0.1,15,0.15,20,3513.385,35.13385,28462.579535120687,
6,2065,4924.332515,SGD,100,0.5,52,0.52,26,180.606,1.80606,553691.460970289,
6,2066,4924.562546,GB,64,0.0,0,0.0,3,253.038,3.95371875,252926.43792631937,
6,2067,4924.85407,GB,1,0.0,0,0.0,0,203.124,203.124,4923.1011598826335,4.0
6,2068,4937.547469,LoR,64,1.0,64,1.0,21,228.427,3.569171875,280177.0368651692,
6,2069,4937.836365,MLP,16,0.05,1,0.0625,1,184.115,11.5071875,86902.20785921843,
6,2070,4938.069938,DT,64,0.0,0,0.0,10,92.589,1.446703125,691226.8196006005,
6,2071,4938.220197,NB,100,0.01,0,0.0,4,146.96,1.4696,680457.2672836146,
6,2072,4938.421926,AB,100,0.0,0,0.0,12,8650.478,86.50478,11560.054831652078,
6,2073,4947.152084,RF,100,0.5,48,0.48,22,3623.554,36.23554,27597.21533058428,
6,2074,4950.82458,DT,16,0.0,0,0.0,9,97.313,6.0820625,164417.90922076188,
6,2075,4950.962898,SGD,1,0.1,0,0.0,9,166.931,166.931,5990.499068477395,
6,2076,4951.28926,AB,1,0.1,0,0.0,0,7663.799,7663.799,130.4835891442351,2.0
6,2077,4971.612472,MLP,32,0.01,0,0.0,12,221.495,6.92171875,144472.78719609923,
6,2078,4971.900094,GB,32,0.1,3,0.09375,17,266.664,8.33325,120001.20001200013,
6,2079,4972.209448,MLP,8,0.01,0,0.0,9,180.652,22.5815,44284.0378185683,
6,2080,4972.429598,MLP,8,0.0,0,0.0,26,167.762,20.97025,47686.603640872185,
6,2081,4972.667863,AB,64,0.5,29,0.453125,8,8225.73,128.52703125,7780.464469414873,
6,2082,4980.938365,DT,8,0.01,0,0.0,17,78.921,9.865125,101367.18997478491,
6,2083,4981.055978,AB,8,0.0,0,0.0,29,7819.678,977.45975,1023.0600288144857,
6,2084,4988.91516,RF,1,1.0,1,1.0,29,3063.639,3063.639,326.4092146626936,6.88
6,2085,5004.75277,DT,16,0.05,0,0.0,22,88.524,5.53275,180741.9456870453,
6,2086,5004.891718,DT,64,1.0,64,1.0,26,91.19,1.42484375,701831.3411558286,
6,2087,5005.021651,MLP,1,0.01,0,0.0,18,169.208,169.208,5909.886057396813,
6,2088,5005.342502,NB,1,0.05,0,0.0,18,106.763,106.763,9366.540842801345,
6,2089,5005.520026,DT,32,0.1,5,0.15625,11,138.578,4.3305625,230916.88435393784,
6,2090,5005.759995,NB,32,0.1,3,0.09375,4,118.989,3.71840625,268932.4223247527,
6,2091,5005.914479,DT,8,0.0,0,0.0,13,85.707,10.713375,93341.26734105733,
6,2092,5006.046137,SGD,64,0.0,0,0.0,0,163.142,2.54909375,392296.2817668044,
6,2093,5006.250891,NB,32,1.0,32,1.0,21,114.69,3.5840625,279012.9915424187,
6,2094,5006.420958,DT,16,0.01,0,0.0,2,99.407,6.2129375,160954.45994748862,
6,2095,5006.563253,MLP,32,0.01,0,0.0,1,191.641,5.98878125,166978.88238946782,
6,2096,5006.833707,GB,100,0.01,3,0.03,14,291.991,2.91991,342476.309201311,
6,2097,5007.169934,DT,32,1.0,32,1.0,29,92.16,2.88,347222.22222222225,
6,2098,5007.323554,SGD,32,0.05,4,0.125,21,163.544,5.11075,195665.998141173,
6,2099,5007.53536,SGD,64,1.0,64,1.0,10,172.07,2.68859375,371941.6516533969,
6,2100,5007.748774,SGD,8,0.01,0,0.0,25,157.422,19.67775,50818.81820838257,
6,2101,5007.944501,LoR,1,0.5,1,1.0,20,138.943,138.943,7197.1959724491335,
6,2102,5008.260446,MLP,64,0.5,27,0.421875,15,204.637,3.197453125,312748.9163738718,
6,2103,5008.523085,DT,100,0.0,0,0.0,15,94.748,0.9474800000000001,1055431.2492084266,
6,2104,5008.659616,RF,16,0.05,0,0.0,8,3520.086,220.005375,4545.343494448715,
6,2105,5012.27623,LoR,100,0.01,0,0.0,12,229.781,2.29781,435196.99191839184,
6,2106,5012.59451,DT,100,0.5,54,0.54,25,113.367,1.13367,882090.9082890082,
6,2107,5012.758156,AB,64,0.0,0,0.0,2,8769.259,137.019671875,7298.222118881425,
6,2108,5021.596145,GB,32,0.0,0,0.0,11,335.237,10.47615625,95454.85730990313,
6,2109,5021.993021,GB,8,0.05,0,0.0,27,226.663,28.332875,35294.68859055073,
6,2110,5022.27754,NB,1,0.01,0,0.0,2,131.707,131.707,7592.610871100245,
6,2111,5022.476107,RF,1,0.01,0,0.0,0,3257.734,3257.734,306.96183297961096,10.18
6,2112,5039.038951,AB,8,0.5,3,0.375,26,7914.462,989.30775,1010.8078098043808,
6,2113,5047.013257,SGD,64,0.0,0,0.0,5,180.925,2.826953125,353737.73663120077,
6,2114,5047.240951,MLP,32,1.0,32,1.0,25,209.925,6.56015625,152435.39359294984,
6,2115,5047.491386,AB,1,0.5,1,1.0,25,7615.016,7615.016,131.3194877069201,2.0
6,2116,5067.618692,AB,8,0.05,0,0.0,13,7925.058,990.63225,1009.4563345782453,
6,2117,5075.599017,MLP,64,0.01,0,0.0,9,213.238,3.33184375,300134.1224359636,
6,2118,5075.853792,AB,1,0.01,0,0.0,12,7619.88,7619.88,131.23566250387145,2.0
6,2119,5096.052696,AB,100,0.0,0,0.0,5,8512.278,85.12278,11747.73662232366,
6,2120,5104.637171,LoR,64,0.05,2,0.03125,27,169.039,2.641234375,378610.8531167364,
6,2121,5104.84617,MLP,1,0.05,0,0.0,25,162.197,162.197,6165.342145662374,
6,2122,5105.172185,GB,64,0.01,0,0.0,19,277.993,4.343640625,230221.62428550358,
6,2123,5105.514924,NB,32,0.5,16,0.5,17,180.765,5.64890625,177025.41974386637,
6,2124,5105.776432,SGD,64,0.05,3,0.046875,22,170.314,2.66115625,375776.50692250783,
6,2125,5106.004917,DT,8,0.05,1,0.125,5,90.256,11.282,88636.76653075696,
6,2126,5106.131005,NB,1,1.0,1,1.0,2,101.918,101.918,9811.809493906865,
6,2127,5106.307652,MLP,32,0.1,1,0.03125,22,197.953,6.18603125,161654.5341570979,
6,2128,5106.542905,DT,1,0.0,0,0.0,29,86.332,86.332,11583.190473984156,17.0
6,2129,5106.822518,AB,32,0.01,0,0.0,24,8113.887,253.55896875,3943.855762349168,
6,2130,5114.98214,LoR,32,1.0,32,1.0,17,155.297,4.85303125,206056.78152185812,
6,2131,5115.175899,LoR,1,1.0,1,1.0,1,140.512,140.512,7116.829879298565,
6,2132,5115.482699,DT,8,0.05,1,0.125,13,86.171,10.771375,92838.65801719835,
6,2133,5115.613699,AB,32,0.01,0,0.0,17,8115.779,253.61809375,3942.9363465910046,
6,2134,5123.77567,SGD,32,1.0,32,1.0,13,156.42,4.888125,204577.4197672932,
6,2135,5124.007217,LoR,64,0.05,3,0.046875,19,156.684,2.4481875,408465.44637614564,
6,2136,5124.201521,GB,1,0.0,0,0.0,12,217.808,217.808,4591.199588628517,4.0
6,2137,5137.0513,MLP,100,0.0,0,0.0,11,247.699,2.4769900000000002,403715.8002252734,
6,2138,5137.359631,DT,8,0.1,2,0.25,3,90.124,11.2655,88766.58825618037,
6,2139,5137.489306,MLP,16,1.0,16,1.0,11,220.54,13.78375,72549.1974245035,
6,2140,5137.74773,LoR,1,1.0,1,1.0,19,145.357,145.357,6879.613640897927,
6,2141,5138.042886,NB,8,1.0,8,1.0,16,111.642,13.95525,71657.61989215529,
6,2142,5138.192977,DT,8,1.0,8,1.0,9,87.447,10.930875,91483.9845849486,
6,2143,5138.323124,RF,32,1.0,32,1.0,8,3209.119,100.28496875,9971.584101430954,
6,2144,5141.633146,AB,64,0.5,33,0.515625,20,8380.341,130.942828125,7636.920741053377,
6,2145,5150.059914,GB,16,0.01,0,0.0,5,219.219,13.7011875,72986.37435623737,
6,2146,5150.332101,NB,64,1.0,64,1.0,21,135.066,2.11040625,473842.4177809367,
6,2147,5150.517247,NB,32,0.01,0,0.0,29,118.116,3.691125,270920.1124318467,
6,2148,5150.676592,RF,16,0.01,0,0.0,8,3186.009,199.1255625,5021.956937347007,
6,2149,5153.907911,LoR,8,0.05,0,0.0,7,164.377,20.547125,48668.60935532343,
6,2150,5154.151217,RF,100,0.05,4,0.04,16,3529.182,35.29182,28335.177953418104,
6,2151,5157.725907,AB,8,0.1,0,0.0,27,7933.148,991.6435,1008.4269195532466,
6,2152,5165.723986,GB,16,0.05,1,0.0625,0,220.238,13.764875,72648.68006429408,
6,2153,5165.996822,GB,64,1.0,64,1.0,0,250.721,3.917515625,255263.81914558413,
6,2154,5166.329721,NB,100,0.01,1,0.01,26,152.826,1.52826,654338.921387722,
6,2155,5166.536526,GB,64,0.01,0,0.0,29,255.443,3.991296875,250545.1313991771,
6,2156,5166.839584,SGD,32,0.01,0,0.0,13,167.654,5.2391875,190869.2903241199,
6,2157,5167.05233,SGD,8,0.01,0,0.0,28,151.132,18.8915,52933.85914300082,
6,2158,5167.242372,GB,8,1.0,8,1.0,28,211.233,26.404125,37872.87024281244,
6,2159,5167.514032,RF,100,0.01,0,0.0,19,3452.218,34.52218,28966.88447832669,
6,2160,5171.027681,RF,100,0.0,0,0.0,3,3475.235,34.75235,28775.03247981791,
6,2161,5174.58564,DT,100,0.1,13,0.13,14,103.412,1.0341200000000002,967005.7633543495,
6,2162,5174.729454,SGD,16,0.0,0,0.0,23,162.013,10.1258125,98757.50711362668,
6,2163,5174.935929,NB,32,0.0,0,0.0,12,121.381,3.79315625,263632.6937494336,
6,2164,5175.099433,DT,16,0.01,0,0.0,26,89.291,5.5806875,179189.3919879943,
6,2165,5175.244843,DT,8,0.05,2,0.25,22,85.486,10.68575,93582.57492454904,
6,2166,5175.395381,DT,64,0.05,3,0.046875,29,92.785,1.449765625,689766.6648703993,
6,2167,5175.561307,DT,100,0.05,6,0.06,10,93.531,0.9353100000000001,1069164.2343180336,
6,2168,5175.689358,MLP,1,0.0,0,0.0,20,174.316,174.316,5736.708047454049,
6,2169,5176.025237,DT,64,0.0,0,0.0,15,93.506,1.46103125,684448.0568091887,
6,2170,5176.193335,MLP,100,0.1,10,0.1,4,239.963,2.39963,416730.91268237185,
6,2171,5176.482617,DT,64,1.0,64,1.0,2,93.106,1.45478125,687388.5678688807,
6,2172,5176.634329,GB,16,0.5,6,0.375,23,222.713,13.9195625,71841.33840413447,
6,2173,5176.899193,NB,8,0.1,0,0.0,13,115.514,14.43925,69255.67463684056,
6,2174,5177.052736,LoR,8,0.0,0,0.0,29,156.277,19.534625,51191.154168559675,
6,2175,5177.284809,LoR,64,0.01,1,0.015625,8,159.792,2.49675,400520.67687994393,
6,2176,5177.485518,MLP,8,0.05,0,0.0,4,207.454,25.93175,38562.765721557545,
6,2177,5177.733136,NB,8,0.0,0,0.0,19,109.316,13.6645,73182.3337846244,
6,2178,5177.903541,NB,32,0.5,16,0.5,25,116.954,3.6548125,273611.8473929921,
6,2179,5178.086087,LoR,64,0.01,3,0.046875,24,161.466,2.52290625,396368.2756741357,
6,2180,5178.302348,AB,100,1.0,100,1.0,29,8676.187,86.76187,11525.80044667087,
6,2181,5187.022032,DT,16,0.0,0,0.0,20,82.061,5.1288125,194976.90742252712,
6,2182,5187.144576,DT,1,0.1,0,0.0,9,77.581,77.581,12889.753934597387,7.0
6,2183,5187.447602,RF,64,0.1,4,0.0625,9,3360.707,52.511046875,19043.611954270338,
6,2184,5190.877921,DT,32,0.01,1,0.03125,29,96.04,3.00125,333194.5022907122,
6,2185,5191.013118,AB,8,1.0,8,1.0,7,7959.61,994.95125,1005.0743692216076,
6,2186,5199.04032,SGD,32,0.5,17,0.53125,10,159.763,4.99259375,200296.68947127933,
6,2187,5199.282056,MLP,100,0.1,6,0.06,21,238.104,2.38104,419984.54456875985,
6,2188,5199.564387,MLP,16,0.05,0,0.0,17,175.111,10.9444375,91370.61635191394,
6,2189,5199.783758,DT,32,0.0,0,0.0,3,90.009,2.81278125,355520.00355520006,
6,2190,5199.950003,RF,100,0.1,8,0.08,10,3461.466,34.61466,28889.493642289133,
6,2191,5203.495918,NB,100,0.05,6,0.06,5,158.818,1.5881800000000001,629651.5508317696,
6,2192,5203.70031,DT,32,0.05,0,0.0,25,94.777,2.96178125,337634.658197664,
6,2193,5203.834812,GB,16,1.0,16,1.0,12,231.243,14.4526875,69191.28362804496,
6,2194,5204.109507,SGD,8,0.05,0,0.0,10,161.229,20.153625,49618.86509250817,
6,2195,5204.310903,AB,1,0.05,0,0.0,4,7657.9,7657.9,130.58410269133836,2.0
6,2196,5224.474572,DT,32,0.5,15,0.46875,15,97.947,3.06084375,326707.3008872145,
6,2197,5224.609977,RF,8,1.0,8,1.0,7,3002.569,375.321125,2664.385064922738,
6,2198,5227.68004,AB,32,0.5,19,0.59375,7,8139.969,254.37403125,3931.218902676411,
6,2199,5235.871352,SGD,64,0.0,0,0.0,3,160.776,2.512125,398069.36358660494,
6,2200,5236.072582,AB,1,0.01,0,0.0,1,7502.266,7502.266,133.29306105648615,2.0
6,2201,5255.926554,NB,100,0.1,16,0.16,16,152.535,1.52535,655587.2422722654,
6,2202,5256.127457,RF,64,1.0,64,1.0,1,3141.454,49.08521875,20372.73186237965,
6,2203,5259.337285,NB,32,0.01,1,0.03125,12,127.105,3.97203125,251760.35561150228,
6,2204,5259.502703,DT,1,0.5,1,1.0,24,87.19,87.19,11469.205184080743,13.0
6,2205,5259.793565,LoR,100,0.0,0,0.0,20,174.62,1.7462,572672.0879624326,
6,2206,5260.010498,RF,8,0.01,0,0.0,3,3052.506,381.56325,2620.7974693579636,
6,2207,5263.125209,LoR,100,0.01,0,0.0,21,176.934,1.76934,565182.4974284197,
6,2208,5263.359875,AB,100,1.0,100,1.0,3,8610.35,86.1035,11613.929747338958,
6,2209,5272.034294,MLP,16,0.1,1,0.0625,13,186.171,11.6356875,85942.49372888367,
6,2210,5272.25824,AB,1,0.0,0,0.0,27,7589.847,7589.847,131.75496159540504,2.0
6,2211,5292.399893,GB,8,0.0,0,0.0,0,229.887,28.735875,34799.70594248478,
6,2212,5292.693736,AB,32,0.1,5,0.15625,24,7884.786,246.3995625,4058.4487644940523,
6,2213,5300.641307,LoR,16,0.01,1,0.0625,15,152.816,9.551,104701.07842110774,
6,2214,5300.872094,SGD,100,0.01,1,0.01,16,165.968,1.6596799999999998,602525.7881037309,
6,2215,5301.074425,MLP,1,0.0,0,0.0,8,162.57,162.57,6151.196407701298,
6,2216,5301.412251,NB,16,0.05,2,0.125,9,113.48,7.0925,140994.00775467043,
6,2217,5301.586283,SGD,32,0.05,3,0.09375,10,156.717,4.89740625,204189.71777152445,
6,2218,5301.817512,MLP,100,0.5,50,0.5,27,230.778,2.3077799999999997,433316.86729237624,
6,2219,5302.104874,NB,100,0.0,0,0.0,28,143.741,1.43741,695695.7305153018,
6,2220,5302.284797,DT,1,0.0,0,0.0,7,85.65,85.65,11675.423234092235,16.0
6,2221,5302.576087,MLP,32,0.5,12,0.375,26,196.249,6.13278125,163058.15571034758,
6,2222,5302.830557,NB,8,0.5,4,0.5,0,109.58,13.6975,73006.02299689724,
6,2223,5302.980563,DT,16,0.05,0,0.0,20,88.122,5.507625,181566.46467397473,
6,2224,5303.109894,GB,32,0.0,0,0.0,28,236.433,7.38853125,135344.89686295905,
6,2225,5303.409695,RF,32,0.5,18,0.5625,25,3186.518,99.5786875,10042.30950523424,
6,2226,5306.661051,DT,16,0.5,6,0.375,20,95.593,5.9745625,167376.27232119505,
6,2227,5306.793136,MLP,1,0.0,0,0.0,19,171.748,171.748,5822.484104618395,
6,2228,5307.112455,RF,8,0.0,0,0.0,3,3015.382,376.92275,2653.063525616323,
6,2229,5310.188509,AB,100,1.0,100,1.0,4,8411.651,84.11651,11888.272587628755,
6,2230,5318.646451,LoR,32,1.0,32,1.0,24,154.891,4.84034375,206596.8971728506,
6,2231,5318.862332,SGD,16,0.05,2,0.125,3,147.843,9.2401875,108222.91214328715,
6,2232,5319.08466,LoR,100,0.1,6,0.06,7,159.816,1.59816,625719.5775141412,
6,2233,5319.283113,AB,16,1.0,16,1.0,22,7751.269,484.4543125,2064.1781365090023,
6,2234,5327.114831,SGD,100,0.5,40,0.4,16,166.634,1.66634,600117.6230541187,
6,2235,5327.325065,NB,1,0.05,0,0.0,25,101.09,101.09,9892.175289346127,
6,2236,5327.475357,AB,8,0.05,0,0.0,1,7705.126,963.14075,1038.2698478908717,
6,2237,5335.260536,AB,100,0.05,2,0.02,0,8351.034,83.51034,11974.565065834962,
6,2238,5343.651272,MLP,1,0.0,0,0.0,28,162.23,162.23,6164.088023176972,
6,2239,5343.975684,MLP,100,0.0,0,0.0,9,225.57,2.2557,443321.3636565146,
6,2240,5344.257879,GB,100,0.0,0,0.0,9,274.005,2.74005,364956.84385321435,
6,2241,5344.596407,NB,32,0.5,11,0.34375,2,123.53,3.8603125,259046.3854934024,
6,2242,5344.758247,SGD,1,0.01,0,0.0,26,153.015,153.015,6535.30699604614,
6,2243,5345.059667,MLP,1,0.1,1,1.0,28,158.727,158.727,6300.125372494913,
6,2244,5345.359268,SGD,8,0.0,0,0.0,11,143.507,17.938375,55746.409582807806,
6,2245,5345.551899,GB,64,0.0,0,0.0,6,284.287,4.441984375,225124.60998920107,
6,2246,5345.878921,GB,16,1.0,16,1.0,3,220.036,13.75225,72715.37384791579,
6,2247,5346.17096,RF,64,0.01,1,0.015625,19,3275.452,51.1789375,19539.288012768924,
6,2248,5349.519508,NB,64,0.5,35,0.546875,15,200.905,3.139140625,318558.522684851,
6,2249,5349.777287,NB,100,1.0,100,1.0,17,147.482,1.47482,678048.8466389119,
6,2250,5349.981433,NB,8,0.1,1,0.125,2,107.46,13.4325,74446.3056020845,
6,2251,5350.124569,MLP,8,1.0,8,1.0,0,179.994,22.49925,44445.92597531029,
6,2252,5350.350351,GB,32,0.01,0,0.0,11,227.475,7.10859375,140674.79942850862,
6,2253,5350.62149,MLP,32,0.0,0,0.0,27,192.952,6.02975,165844.3550727642,
6,2254,5350.858071,DT,16,0.01,0,0.0,21,88.927,5.5579375,179922.8580746005,
6,2255,5350.989919,GB,16,0.0,0,0.0,19,211.795,13.2371875,75544.74845959537,
6,2256,5351.246357,SGD,32,0.0,0,0.0,22,160.116,5.003625,199855.10504883958,
6,2257,5351.464561,SGD,8,0.05,1,0.125,5,148.126,18.51575,54008.07420709396,
6,2258,5351.651462,LoR,1,0.5,0,0.0,29,139.939,139.939,7145.970744395773,
6,2259,5351.952595,AB,8,0.5,4,0.5,2,7789.336,973.667,1027.045180744546,
6,2260,5359.822156,DT,100,0.1,8,0.08,1,91.202,0.9120199999999999,1096467.1827372208,
6,2261,5359.952459,MLP,1,0.5,0,0.0,4,162.495,162.495,6154.035508784886,
6,2262,5360.286442,LoR,32,0.05,2,0.0625,13,150.63,4.7071875,212441.08079399855,
6,2263,5360.505056,AB,64,0.05,3,0.046875,7,8290.739,129.542796875,7719.456612975032,
6,2264,5368.862514,DT,32,0.5,18,0.5625,0,83.465,2.60828125,383394.23710537347,
6,2265,5369.002211,GB,8,0.5,6,0.75,11,207.112,25.889,38626.44366333192,
6,2266,5369.252979,AB,32,1.0,32,1.0,10,7961.395,248.79359375,4019.3960982968433,
6,2267,5377.267062,NB,64,0.0,0,0.0,6,130.898,2.04528125,488930.3121514462,
6,2268,5377.457472,DT,16,0.1,1,0.0625,16,87.454,5.465875,182953.32403320604,
6,2269,5377.582906,MLP,1,0.05,1,1.0,7,200.801,200.801,4980.054880204781,
6,2270,5377.933343,NB,8,0.01,0,0.0,17,107.957,13.494625,74103.57827653603,
6,2271,5378.077621,LoR,1,0.0,0,0.0,29,143.129,143.129,6986.704301713839,
6,2272,5378.363881,RF,1,0.1,0,0.0,25,3050.51,3050.51,327.81403765272034,9.99
6,2273,5394.937929,MLP,64,0.05,4,0.0625,9,278.927,4.358234375,229450.71649571392,
6,2274,5395.270069,AB,32,0.01,0,0.0,26,8204.551,256.39221875,3900.2743721137213,
6,2275,5403.5601,AB,100,0.1,10,0.1,16,8567.699,85.67699,11671.74523754861,
6,2276,5412.191186,NB,16,0.1,2,0.125,9,120.068,7.50425,133257.8205683446,
6,2277,5412.357906,AB,16,0.01,0,0.0,5,7784.621,486.5388125,2055.3344857765073,
6,2278,5420.185966,SGD,16,0.0,0,0.0,15,160.127,10.0079375,99920.68795393656,
6,2279,5420.399617,DT,64,0.01,0,0.0,19,89.902,1.40471875,711886.2761673823,
6,2280,5420.551305,MLP,32,0.1,3,0.09375,23,194.864,6.0895,164217.09499958946,
6,2281,5420.786297,GB,1,0.5,0,0.0,26,237.557,237.557,4209.516031941808,4.0
6,2282,5433.703386,MLP,8,0.0,0,0.0,1,181.316,22.6645,44121.864589997575,
6,2283,5433.955829,MLP,64,0.1,11,0.171875,25,205.22,3.2065625,311860.4424520027,
6,2284,5434.198457,MLP,1,1.0,1,1.0,5,158.755,158.755,6299.014204277031,
6,2285,5434.516838,LoR,16,0.01,0,0.0,8,147.852,9.24075,108216.32443254064,
6,2286,5434.776493,GB,100,0.1,11,0.11,4,277.341,2.77341,360566.955480798,
6,2287,5435.094108,GB,8,0.0,0,0.0,2,209.869,26.233625,38119.01710114405,
6,2288,5435.36749,GB,32,0.05,1,0.03125,7,222.627,6.95709375,143738.1809034843,
6,2289,5435.6491,AB,16,0.5,8,0.5,26,7961.865,497.6165625,2009.5794138684844,
6,2290,5443.656097,SGD,16,0.1,0,0.0,10,152.021,9.5013125,105248.61696739268,
6,2291,5443.879233,DT,64,0.5,30,0.46875,11,89.204,1.3938125,717456.6162952335,
6,2292,5444.004303,LoR,1,0.0,0,0.0,24,141.961,141.961,7044.188192531751,
6,2293,5444.312094,RF,16,0.1,1,0.0625,3,3219.977,201.2485625,4968.979592090254,
6,2294,5447.612679,GB,100,0.01,5,0.05,23,283.947,2.83947,352178.3994900457,
6,2295,5447.956032,GB,100,0.0,0,0.0,12,296.368,2.96368,337418.34476056794,
6,2296,5448.2928,MLP,8,1.0,8,1.0,28,184.426,23.05325,43377.83175907953,
6,2297,5448.517317,DT,8,1.0,8,1.0,11,87.846,10.98075,91068.46071534275,
6,2298,5448.642963,DT,8,1.0,8,1.0,7,82.596,10.3245,96856.9906533004,
6,2299,5448.763968,GB,16,0.0,0,0.0,1,209.095,13.0684375,76520.24199526531,
6,2300,5449.014817,SGD,8,0.01,0,0.0,1,153.574,19.19675,52092.15101514579,
6,2301,5449.224839,DT,100,1.0,100,1.0,22,93.187,0.93187,1073111.0562632128,
6,2302,5449.357134,GB,16,1.0,16,1.0,8,210.88,13.18,75872.53414264036,
6,2303,5449.61408,AB,8,0.05,0,0.0,11,7722.153,965.269125,1035.980509580683,
6,2304,5457.381269,LoR,16,0.01,0,0.0,10,150.649,9.4155625,106207.14375800702,
6,2305,5457.572554,RF,16,1.0,16,1.0,25,3026.854,189.178375,5286.016438189619,
6,2306,5460.642145,NB,8,0.0,0,0.0,7,119.118,14.88975,67160.29483369432,
6,2307,5460.807526,GB,16,0.1,0,0.0,24,219.572,13.72325,72869.03612482466,
6,2308,5461.078009,NB,64,1.0,64,1.0,1,161.767,2.527609375,395630.75287295924,
6,2309,5461.27886,NB,1,0.01,0,0.0,1,99.797,99.797,10020.341292824434,
6,2310,5461.461116,DT,100,0.01,1,0.01,26,98.259,0.98259,1017718.478714418,
6,2311,5461.638917,AB,100,1.0,100,1.0,22,8479.927,84.79926999999999,11792.554346281519,
6,2312,5470.170577,MLP,64,1.0,64,1.0,22,213.989,3.343578125,299080.7938725822,
6,2313,5470.455427,NB,64,0.1,7,0.109375,4,129.828,2.0285625,492959.9161968142,
6,2314,5470.640006,GB,100,0.0,0,0.0,4,272.888,2.7288799999999998,366450.7050511566,
6,2315,5470.958269,NB,1,0.5,0,0.0,14,106.206,106.206,9415.66389846148,
6,2316,5471.1141,SGD,8,0.1,0,0.0,11,154.401,19.300125,51813.13592528545,
6,2317,5471.348796,SGD,100,0.01,1,0.01,1,166.446,1.66446,600795.4531800103,
6,2318,5471.55838,RF,32,1.0,32,1.0,22,3097.383,96.79321875,10331.302263878895,
6,2319,5474.72407,SGD,32,0.05,1,0.03125,11,167.202,5.2250625,191385.2705111183,
6,2320,5474.932691,NB,8,0.1,0,0.0,26,109.547,13.693375,73028.01537239723,
6,2321,5475.097428,NB,100,1.0,100,1.0,1,141.827,1.41827,705084.3633440741,
6,2322,5475.278611,GB,8,0.05,0,0.0,21,214.41,26.80125,37311.692551653374,
6,2323,5475.53935,LoR,32,0.05,0,0.0,28,160.035,5.00109375,199956.25956821945,
6,2324,5475.776416,MLP,100,0.5,54,0.54,16,233.046,2.33046,429099.83436746395,
6,2325,5476.086795,AB,100,0.01,1,0.01,13,8938.072,89.38072,11188.095150721543,
6,2326,5485.128634,NB,64,0.05,8,0.125,18,154.049,2.407015625,415452.22623970296,
6,2327,5485.331122,SGD,8,1.0,8,1.0,2,180.73,22.59125,44264.92557959387,
6,2328,5485.566447,SGD,64,0.01,0,0.0,5,183.454,2.86646875,348861.2949295191,
6,2329,5485.808133,SGD,100,1.0,100,1.0,20,165.045,1.65045,605895.3618710049,
6,2330,5486.013567,NB,1,0.05,0,0.0,21,102.337,102.337,9771.636846888221,
6,2331,5486.189929,AB,32,0.05,3,0.09375,4,8212.984,256.65575,3896.269614064754,
6,2332,5494.442374,LoR,1,1.0,1,1.0,8,146.779,146.779,6812.963707342331,
6,2333,5494.739471,DT,1,0.0,0,0.0,13,81.418,81.418,12282.296298115894,16.0
6,2334,5495.043509,LoR,8,0.1,2,0.25,0,150.16,18.77,53276.505061267984,
6,2335,5495.273443,LoR,100,0.1,9,0.09,26,162.458,1.62458,615543.70975883,
6,2336,5495.510078,LoR,100,0.05,7,0.07,18,160.331,1.6033099999999998,623709.7005569728,
6,2337,5495.708813,MLP,16,1.0,16,1.0,9,188.792,11.7995,84749.35378617738,
6,2338,5495.937507,GB,16,0.0,0,0.0,10,250.359,15.6474375,63908.22778490088,
6,2339,5496.231521,DT,16,0.01,0,0.0,3,89.386,5.586625,178998.94838117826,
6,2340,5496.360691,DT,8,0.01,0,0.0,12,83.05,10.38125,96327.5135460566,
6,2341,5496.517403,GB,100,0.1,10,0.1,22,282.0,2.82,354609.92907801416,
6,2342,5496.877515,SGD,100,0.1,11,0.11,11,174.857,1.74857,571895.8920718073,
6,2343,5497.126939,AB,100,0.1,13,0.13,21,8516.624,85.16624,11741.741798158519,
6,2344,5505.69815,SGD,8,1.0,8,1.0,15,149.218,18.65225,53612.834912678096,
6,2345,5505.910729,LoR,32,0.1,3,0.09375,21,147.794,4.6185625,216517.58528763006,
6,2346,5506.103355,AB,32,0.01,0,0.0,29,7858.281,245.57128125,4072.1374051144267,
6,2347,5514.022822,AB,8,0.5,3,0.375,29,7680.508,960.0635,1041.5977693142172,
6,2348,5521.775837,LoR,64,0.05,2,0.03125,8,158.883,2.482546875,402812.1321979066,
6,2349,5521.977392,MLP,16,0.01,0,0.0,8,176.813,11.0508125,90491.0838003993,
6,2350,5522.194108,RF,1,0.05,0,0.0,7,3023.323,3023.323,330.76188022252336,9.99
6,2351,5538.590489,DT,32,1.0,32,1.0,16,122.747,3.83584375,260698.8358167613,
6,2352,5538.775364,GB,100,0.0,0,0.0,28,306.683,3.06683,326069.5897718491,
6,2353,5539.158919,AB,8,0.5,4,0.5,3,7868.668,983.5835,1016.6904995864612,
6,2354,5547.089705,MLP,8,0.5,3,0.375,0,200.672,25.084,39866.05007175889,
6,2355,5547.330442,GB,1,0.1,0,0.0,15,217.06,217.06,4607.021100156639,4.0
6,2356,5559.98147,GB,1,0.5,1,1.0,9,206.95,206.95,4832.085044696787,4.0
6,2357,5572.547075,RF,8,0.05,0,0.0,15,3195.799,399.474875,2503.28634560559,
6,2358,5575.826211,GB,100,0.5,48,0.48,10,304.627,3.0462700000000003,328270.3109048114,
6,2359,5576.196303,AB,32,0.1,4,0.125,7,8107.83,253.3696875,3946.8020419767063,
6,2360,5584.358532,LoR,1,0.01,0,0.0,19,155.994,155.994,6410.502968062874,
6,2361,5584.713484,LoR,8,0.1,1,0.125,21,159.366,19.92075,50198.913193529355,
6,2362,5584.96609,AB,64,1.0,64,1.0,7,8531.658,133.30715625,7501.472750079763,
6,2363,5593.585416,SGD,100,1.0,100,1.0,24,238.78,2.3878,418795.5440154117,
6,2364,5593.908365,DT,100,0.5,51,0.51,14,95.94,0.9594,1042318.1154888473,
6,2365,5594.104302,NB,100,0.05,4,0.04,26,153.251,1.53251,652524.2902167033,
6,2366,5594.317138,AB,32,0.5,13,0.40625,5,8094.851,252.96409375,3953.13020585555,
6,2367,5602.495165,RF,32,0.05,2,0.0625,22,3312.681,103.52128125,9659.849529731357,
6,2368,5605.874179,MLP,16,0.01,1,0.0625,20,219.754,13.734625,72808.6860762489,
6,2369,5606.166906,AB,64,0.1,6,0.09375,17,8407.085,131.360703125,7612.626730906135,
6,2370,5614.636487,AB,8,0.1,2,0.25,23,7900.362,987.54525,1012.6118271542493,
6,2371,5622.577175,GB,1,1.0,1,1.0,23,237.242,237.242,4215.105251178122,4.0
6,2372,5635.765723,GB,100,0.1,11,0.11,24,309.637,3.09637,322958.8195209229,
6,2373,5636.156301,LoR,100,0.05,5,0.05,25,199.816,1.99816,500460.4235897025,
6,2374,5636.397397,NB,8,0.05,0,0.0,21,119.694,14.96175,66837.1012749177,
6,2375,5636.556258,AB,16,0.0,0,0.0,26,8064.807,504.0504375,1983.9284436688938,
6,2376,5644.664737,SGD,16,1.0,16,1.0,17,157.541,9.8463125,101560.86352124209,
6,2377,5644.861276,LoR,1,1.0,1,1.0,6,143.215,143.215,6982.508815417379,
6,2378,5645.164938,LoR,1,0.05,0,0.0,18,139.434,139.434,7171.851915601646,
6,2379,5645.447832,RF,16,0.0,0,0.0,15,3199.73,199.983125,5000.421910598707,
6,2380,5648.701988,NB,64,1.0,64,1.0,5,145.086,2.26696875,441117.6819265814,
6,2381,5648.906715,NB,8,0.5,5,0.625,3,111.157,13.894625,71970.27627589805,
6,2382,5649.073838,MLP,8,0.5,3,0.375,29,200.46,25.0575,39908.211114436795,
6,2383,5649.317127,DT,16,0.01,0,0.0,6,91.983,5.7489375,173945.18552341193,
6,2384,5649.454213,NB,32,0.01,0,0.0,1,121.491,3.79659375,263393.9962630977,
6,2385,5649.641006,GB,8,0.1,0,0.0,22,239.07,29.88375,33463.00246789643,
6,2386,5649.957976,AB,100,0.1,8,0.08,1,8595.701,85.95701,11633.722485228373,
6,2387,5658.62107,RF,8,0.0,0,0.0,4,3123.993,390.499125,2560.825200312549,
6,2388,5661.815009,AB,32,0.5,17,0.53125,24,8059.562,251.8613125,3970.4390883772594,
6,2389,5669.937454,SGD,8,0.5,4,0.5,6,155.95,19.49375,51298.493106764996,
6,2390,5670.132617,LoR,8,0.0,0,0.0,24,146.004,18.2505,54793.01936933235,
6,2391,5670.315785,NB,1,0.0,0,0.0,22,101.115,101.115,9889.729515897741,
6,2392,5670.468909,GB,16,0.01,0,0.0,17,222.434,13.902125,71931.44932878966,
6,2393,5670.73658,DT,32,1.0,32,1.0,10,91.9,2.871875,348204.57018498366,
6,2394,5670.869531,LoR,8,0.01,0,0.0,29,154.871,19.358875,51655.89426038445,
6,2395,5671.097915,LoR,64,0.5,31,0.484375,11,159.066,2.48540625,402348.7105981165,
6,2396,5671.316934,RF,16,0.1,1,0.0625,14,3154.991,197.1869375,5071.329838975769,
6,2397,5674.518789,GB,16,0.1,0,0.0,18,233.558,14.597375,68505.46759263224,
6,2398,5674.808028,LoR,64,0.05,0,0.0,0,171.174,2.67459375,373888.55784172827,
6,2399,5675.058473,DT,100,0.01,2,0.02,21,99.218,0.9921800000000001,1007881.6343808583,
6,2400,5675.206013,DT,64,0.0,0,0.0,1,90.661,1.416578125,705926.4733457606,
6,2401,5675.352011,LoR,100,0.0,0,0.0,26,170.663,1.70663,585950.0887714385,
6,2402,5675.563108,SGD,8,0.1,0,0.0,17,149.416,18.677,53541.789366600635,
6,2403,5675.75084,SGD,8,1.0,8,1.0,27,146.557,18.319625,54586.27018839087,
6,2404,5675.936039,NB,1,0.1,0,0.0,26,101.698,101.698,9833.03506460304,
6,2405,5676.101831,SGD,100,1.0,100,1.0,1,166.705,1.6670500000000001,599862.0317327015,
6,2406,5676.329097,AB,16,0.1,1,0.0625,3,8484.469,530.2793125,1885.7986280579257,
6,2407,5684.924338,AB,100,0.1,9,0.09,25,9075.448,90.75448,11018.739791137583,
6,2408,5694.062737,DT,8,0.01,0,0.0,8,83.145,10.393125,96217.45144025498,
6,2409,5694.18428,DT,1,0.0,0,0.0,17,78.359,78.359,12761.775928738243,16.0
6,2410,5694.487467,MLP,64,0.01,0,0.0,27,265.433,4.147390625,241115.46039866935,
6,2411,5694.79918,RF,32,1.0,32,1.0,12,3271.092,102.221625,9782.665849814068,
6,2412,5698.146803,LoR,64,0.1,6,0.09375,3,183.922,2.87378125,347973.59750328946,
6,2413,5698.377876,RF,32,0.01,0,0.0,22,3261.114,101.9098125,9812.59778100367,
6,2414,5701.695093,DT,8,0.0,0,0.0,10,93.061,11.632625,85965.11965270092,
6,2415,5701.836039,GB,32,1.0,32,1.0,9,275.995,8.62484375,115944.12942263446,
6,2416,5702.194199,MLP,100,0.05,4,0.04,15,253.796,2.53796,394017.24219451845,
6,2417,5702.502928,NB,64,0.01,0,0.0,14,142.734,2.23021875,448386.5091709053,
6,2418,5702.694889,LoR,64,1.0,64,1.0,3,164.287,2.566984375,389562.1686438976,
6,2419,5702.909159,AB,64,0.0,0,0.0,7,8726.071,136.344859375,7334.343257119957,
6,2420,5711.698486,NB,8,0.05,0,0.0,7,121.839,15.229875,65660.42071914575,
6,2421,5711.96002,DT,100,0.5,59,0.59,17,136.634,1.3663399999999999,731882.2547828506,
6,2422,5712.17017,AB,64,1.0,64,1.0,10,8619.667,134.682296875,7424.8807987593955,
6,2423,5720.885015,AB,64,0.5,29,0.453125,9,8331.493,130.179578125,7681.6964258386815,
6,2424,5729.265074,MLP,16,0.05,0,0.0,4,215.491,13.4681875,74249.04056317896,
6,2425,5729.544595,SGD,16,0.1,1,0.0625,15,192.935,12.0584375,82929.48402311659,
6,2426,5729.803387,GB,32,0.05,1,0.03125,23,276.586,8.6433125,115696.38376490494,
6,2427,5730.122683,MLP,16,0.0,0,0.0,1,189.95,11.871875,84232.6928138984,
6,2428,5730.392845,NB,100,0.5,51,0.51,16,159.876,1.59876,625484.7506817784,
6,2429,5730.626935,MLP,100,0.5,51,0.51,11,238.951,2.38951,418495.84224380733,
6,2430,5730.913076,MLP,32,0.01,0,0.0,13,186.948,5.842125,171170.5928921411,
6,2431,5731.160868,RF,16,0.5,6,0.375,23,3268.528,204.283,4895.169935824322,
6,2432,5734.513002,LoR,100,0.01,1,0.01,29,185.832,1.85832,538120.4528821731,
6,2433,5734.749695,NB,64,1.0,64,1.0,15,136.902,2.13909375,467487.69192561106,
6,2434,5734.925111,LoR,8,0.0,0,0.0,16,151.461,18.932625,52818.87746680663,
6,2435,5735.13639,AB,16,0.1,2,0.125,14,8045.844,502.86525,1988.6043030414212,
6,2436,5743.22934,LoR,32,0.0,0,0.0,17,156.311,4.88471875,204720.07728182917,
6,2437,5743.431845,AB,8,0.01,0,0.0,1,8007.467,1000.933375,999.067495376503,
6,2438,5751.485693,LoR,16,0.01,0,0.0,18,152.75,9.546875,104746.31751227495,
6,2439,5751.698025,GB,8,0.5,5,0.625,24,235.406,29.42575,33983.840683754875,
6,2440,5751.995282,RF,100,0.01,0,0.0,5,3544.927,35.44927,28209.325608115483,
6,2441,5755.584415,SGD,1,0.5,1,1.0,15,164.229,164.229,6089.058570654391,
6,2442,5755.915218,NB,8,0.01,0,0.0,19,114.128,14.266,70096.73349221927,
6,2443,5756.067745,MLP,8,0.0,0,0.0,19,181.583,22.697875,44056.98771360755,
6,2444,5756.311013,SGD,16,0.5,7,0.4375,7,153.063,9.5664375,104532.12076073252,
6,2445,5756.539032,SGD,100,0.5,45,0.45,24,165.154,1.65154,605495.4769487872,
6,2446,5756.743165,RF,1,0.5,0,0.0,15,3082.132,3082.132,324.4507373467457,9.99
6,2447,5772.673339,RF,100,0.05,4,0.04,11,3563.636,35.636359999999996,28061.227353186467,
6,2448,5776.327027,RF,100,1.0,100,1.0,7,3679.963,36.79963,27174.18626219883,
6,2449,5780.115699,MLP,1,0.5,0,0.0,6,302.199,302.199,3309.0777931098382,
6,2450,5780.666746,DT,64,0.05,3,0.046875,24,116.455,1.819609375,549568.5028551801,
6,2451,5780.825702,MLP,8,0.05,0,0.0,19,207.836,25.9795,38491.887834638845,
6,2452,5781.073426,AB,1,1.0,1,1.0,2,7973.115,7973.115,125.42149461032483,2.0
6,2453,5801.894497,DT,100,1.0,100,1.0,3,100.275,1.00275,997257.5417601595,
6,2454,5802.047407,AB,64,0.0,0,0.0,0,8403.198,131.29996875,7616.148042685653,
6,2455,5810.494793,SGD,1,0.01,0,0.0,22,167.654,167.654,5964.665322628747,
6,2456,5810.83834,DT,8,0.1,2,0.25,1,87.129,10.891125,91817.87923653433,
6,2457,5810.988239,MLP,32,0.5,17,0.53125,22,212.252,6.632875,150764.18596762337,
6,2458,5811.259469,MLP,8,0.1,1,0.125,28,171.829,21.478625,46557.91513656018,
6,2459,5811.471376,GB,1,0.01,0,0.0,18,243.047,243.047,4114.4305422408015,4.0
6,2460,5824.434949,RF,100,0.05,6,0.06,23,3587.466,35.87466,27874.82863949094,
6,2461,5828.06452,SGD,1,1.0,1,1.0,0,165.475,165.475,6043.208943949237,
6,2462,5828.424347,MLP,100,0.05,3,0.03,14,243.117,2.43117,411324.5885725803,
6,2463,5828.731949,LoR,32,0.1,7,0.21875,4,195.456,6.108,163719.71185330715,
6,2464,5828.969661,LoR,16,0.05,0,0.0,6,148.502,9.281375,107742.65666455669,
6,2465,5829.174867,GB,100,0.0,0,0.0,27,283.075,2.83075,353263.26945155876,
6,2466,5829.536848,MLP,100,0.1,9,0.09,20,283.081,2.83081,353255.78191401047,
6,2467,5829.864264,LoR,1,0.01,0,0.0,21,148.507,148.507,6733.689321042106,
6,2468,5830.157448,SGD,1,1.0,1,1.0,29,142.858,142.858,6999.958000251998,
6,2469,5830.475678,SGD,64,0.05,6,0.09375,29,156.872,2.451125,407975.92942016415,
6,2470,5830.67099,DT,8,0.0,0,0.0,6,86.384,10.798,92609.74254491573,
6,2471,5830.794008,AB,1,1.0,1,1.0,12,7741.704,7741.704,129.17052886547975,2.0
6,2472,5851.223866,LoR,16,0.1,1,0.0625,12,158.551,9.9094375,100913.90152064637,
6,2473,5851.440499,NB,8,0.05,1,0.125,10,117.042,14.63025,68351.53192870934,
6,2474,5851.631718,MLP,100,0.01,1,0.01,4,238.18,2.3818,419850.53321017715,
6,2475,5851.913874,RF,32,0.0,0,0.0,15,3248.61,101.5190625,9850.366772250285,
6,2476,5855.227046,DT,100,0.01,0,0.0,25,110.872,1.10872,901940.9769824663,
6,2477,5855.403251,AB,32,0.5,16,0.5,4,8051.699,251.61559375,3974.316476559792,
6,2478,5863.498161,SGD,16,1.0,16,1.0,15,154.84,9.6775,103332.47222939809,
6,2479,5863.69287,SGD,8,1.0,8,1.0,23,145.715,18.214375,54901.69165837422,
6,2480,5863.898957,NB,16,0.5,10,0.625,15,115.356,7.20975,138701.0645306703,
6,2481,5864.052705,AB,1,0.01,0,0.0,17,7628.443,7628.443,131.08834922145974,2.0
6,2482,5884.360987,AB,16,0.05,1,0.0625,15,8055.296,503.456,1986.2708955698213,
6,2483,5892.460791,GB,8,0.01,0,0.0,8,223.838,27.97975,35740.133489398584,
6,2484,5892.727138,LoR,16,0.0,0,0.0,13,159.462,9.966375,100337.38445523073,
6,2485,5892.965342,GB,100,0.5,40,0.4,1,289.437,2.8943700000000003,345498.32951557677,
6,2486,5893.333997,GB,100,0.01,2,0.02,0,314.685,3.14685,317778.09555587335,
6,2487,5893.692239,MLP,8,0.01,0,0.0,4,192.184,24.023,41626.7743412563,
6,2488,5893.955614,DT,64,0.1,4,0.0625,16,97.004,1.5156875,659766.6075625747,
6,2489,5894.089439,SGD,1,0.0,0,0.0,10,151.957,151.957,6580.809044663952,
6,2490,5894.410286,GB,100,1.0,100,1.0,16,282.541,2.8254099999999998,353930.9339175553,
6,2491,5894.735165,RF,1,0.01,0,0.0,29,3088.007,3088.007,323.83346281274623,10.12
6,2492,5911.037412,NB,100,0.1,12,0.12,10,171.764,1.71764,582194.1734007125,
6,2493,5911.253536,AB,32,1.0,32,1.0,19,8193.582,256.0494375,3905.495789265305,
6,2494,5919.490736,LoR,16,1.0,16,1.0,19,167.168,10.448,95712.09800918835,
6,2495,5919.701271,RF,8,0.01,0,0.0,4,3215.38,401.9225,2488.041848863898,
6,2496,5922.960088,LoR,8,1.0,8,1.0,12,166.875,20.859375,47940.074906367045,
6,2497,5923.168127,LoR,1,0.05,0,0.0,29,147.403,147.403,6784.122439841794,
6,2498,5923.475657,SGD,16,0.1,0,0.0,1,152.701,9.5438125,104779.92940452257,
6,2499,5923.687128,DT,8,0.5,3,0.375,12,89.189,11.148625,89697.15996367266,
6,2500,5923.815194,GB,1,0.5,1,1.0,18,235.553,235.553,4245.329076683379,4.0
6,2501,5936.728475,NB,32,0.1,3,0.09375,7,127.479,3.98371875,251021.73691353085,
6,2502,5936.908351,GB,64,0.01,0,0.0,4,254.824,3.981625,251153.73748155587,
6,2503,5937.211127,MLP,32,0.01,0,0.0,20,219.038,6.8449375,146093.37192633242,
6,2504,5937.490107,RF,8,0.5,3,0.375,0,3116.881,389.610125,2566.668409862295,
6,2505,5940.652107,GB,16,0.0,0,0.0,8,232.822,14.551375,68722.02798704589,
6,2506,5940.946041,DT,8,0.5,6,0.75,15,94.507,11.813375,84649.81429946987,
6,2507,5941.116221,RF,100,0.5,41,0.41,14,3530.187,35.30187,28327.11128333995,
6,2508,5944.721566,NB,64,0.05,5,0.078125,17,144.12,2.251875,444074.38245906186,
6,2509,5944.905587,GB,16,0.0,0,0.0,27,227.679,14.2299375,70274.37752274035,
6,2510,5945.178264,NB,32,0.0,0,0.0,22,124.255,3.88296875,257534.90805198986,
6,2511,5945.361557,NB,16,0.5,5,0.3125,8,112.464,7.029,142267.74790155073,
6,2512,5945.511644,GB,16,1.0,16,1.0,13,259.852,16.24075,61573.51107553531,
6,2513,5945.830424,GB,100,0.0,0,0.0,13,268.242,2.68242,372797.6976014196,
6,2514,5946.139422,DT,8,0.0,0,0.0,27,90.859,11.357375,88048.51473161712,
6,2515,5946.269943,GB,1,0.1,0,0.0,27,203.353,203.353,4917.557154308026,4.0
6,2516,5959.72748,RF,100,0.5,55,0.55,3,3580.836,35.80836,27926.439524178153,
6,2517,5963.375936,MLP,100,0.0,0,0.0,21,281.076,2.81076,355775.66209850716,
6,2518,5963.738241,GB,100,0.5,50,0.5,18,323.151,3.23151,309452.85640459106,
6,2519,5964.113152,AB,64,1.0,64,1.0,28,8438.769,131.855765625,7584.044544885634,
6,2520,5972.595555,GB,16,1.0,16,1.0,26,215.598,13.474875,74212.19120771064,
6,2521,5972.859431,GB,32,0.01,0,0.0,28,225.396,7.043625,141972.3508846652,
6,2522,5973.146797,DT,16,0.1,1,0.0625,12,91.673,5.7295625,174533.39587446686,
6,2523,5973.278183,NB,8,0.01,0,0.0,22,117.979,14.747375,67808.67781554344,
6,2524,5973.432425,AB,8,1.0,8,1.0,1,7943.173,992.896625,1007.1541939222525,
6,2525,5981.428807,LoR,64,0.0,0,0.0,6,173.832,2.716125,368171.567950665,
6,2526,5981.675657,LoR,1,0.1,1,1.0,26,143.896,143.896,6949.463501417691,
6,2527,5982.017156,AB,100,0.1,12,0.12,4,8610.237,86.10237,11614.082167540802,
6,2528,5990.708441,MLP,100,0.05,3,0.03,29,244.01,2.4400999999999997,409819.2697020614,
6,2529,5990.993628,GB,1,0.05,0,0.0,11,206.956,206.956,4831.944954483079,4.0
6,2530,6003.688436,AB,32,0.0,0,0.0,17,7950.03,248.4384375,4025.1420434891443,
6,2531,6011.72714,LoR,64,0.1,4,0.0625,10,267.204,4.1750625,239517.37249442373,
6,2532,6012.034389,NB,16,1.0,16,1.0,1,128.418,8.026125,124593.12557429643,
6,2533,6012.262233,LoR,8,0.5,5,0.625,5,231.947,28.993375,34490.637947462135,
6,2534,6012.556518,SGD,1,1.0,1,1.0,9,159.387,159.387,6274.037405811014,
6,2535,6012.887141,GB,8,0.0,0,0.0,11,243.349,30.418625,32874.59574520545,
6,2536,6013.212772,RF,32,0.01,1,0.03125,3,3482.53,108.8290625,9188.721992344645,
6,2537,6016.794965,SGD,100,0.05,11,0.11,8,212.38,2.1238,470854.12939071475,
6,2538,6017.089227,MLP,100,0.05,6,0.06,18,260.946,2.6094600000000003,383221.04956581054,
6,2539,6017.430622,LoR,100,0.05,2,0.02,23,181.616,1.8161600000000002,550612.2808563121,
6,2540,6017.690662,NB,100,0.5,48,0.48,13,156.283,1.56283,639864.8605414537,
6,2541,6017.889763,SGD,16,0.1,0,0.0,0,186.671,11.6669375,85712.29596455797,
6,2542,6018.155314,DT,100,0.05,5,0.05,23,105.225,1.05225,950344.499881207,
6,2543,6018.300946,SGD,16,0.0,0,0.0,4,213.563,13.3476875,74919.34464303275,
6,2544,6018.578648,GB,32,0.1,1,0.03125,0,311.893,9.74665625,102599.28885867911,
6,2545,6018.933271,NB,8,0.01,0,0.0,25,116.737,14.592125,68530.11470227949,
6,2546,6019.155109,AB,100,0.5,48,0.48,6,9195.115,91.95115,10875.339786397451,
6,2547,6028.418018,GB,32,0.01,0,0.0,29,265.551,8.29846875,120504.15927637253,
6,2548,6028.758658,DT,64,0.01,1,0.015625,10,96.99,1.51546875,659861.8414269512,
6,2549,6028.89506,MLP,8,0.01,0,0.0,7,238.652,29.8315,33521.61306002045,
6,2550,6029.173584,DT,1,0.5,0,0.0,8,85.363,85.363,11714.677319213242,16.0
6,2551,6029.488854,RF,16,0.5,8,0.5,19,3725.259,232.8286875,4295.003380972974,
6,2552,6033.300115,AB,8,0.0,0,0.0,2,8278.893,1034.861625,966.3127666947743,
6,2553,6041.710577,AB,64,0.1,6,0.09375,18,8236.838,128.70059375,7769.971923692077,
6,2554,6049.99576,SGD,1,0.05,0,0.0,17,169.129,169.129,5912.6465597266,
6,2555,6050.372621,AB,16,0.1,2,0.125,4,7941.798,496.362375,2014.6571343164358,
6,2556,6058.370168,DT,64,0.01,0,0.0,3,85.4,1.334375,749414.5199063232,
6,2557,6058.53508,GB,100,0.1,7,0.07,5,315.908,3.1590800000000003,316547.85570482543,
6,2558,6058.929335,LoR,100,0.5,50,0.5,4,180.208,1.80208,554914.3212288023,
6,2559,6059.149183,MLP,8,1.0,8,1.0,11,189.008,23.626,42326.25074070939,
6,2560,6059.388616,RF,64,1.0,64,1.0,26,3312.286,51.75446875,19322.002991287587,
6,2561,6062.76778,MLP,16,0.05,2,0.125,16,193.526,12.095375,82676.22955055135,
6,2562,6063.019406,LoR,8,0.1,3,0.375,7,150.304,18.788,53225.46306152864,
6,2563,6063.230621,MLP,32,0.1,7,0.21875,29,186.361,5.82378125,171709.7461378722,
6,2564,6063.474558,GB,8,0.1,1,0.125,16,231.075,28.884375,34620.794114465,
6,2565,6063.767759,MLP,32,0.5,17,0.53125,13,191.226,5.9758125,167341.26112557916,
6,2566,6063.997442,DT,8,1.0,8,1.0,12,91.184,11.398,87734.69029654325,
6,2567,6064.129986,MLP,16,0.1,0,0.0,25,176.208,11.013,90801.77971488242,
6,2568,6064.345469,RF,1,0.1,0,0.0,6,3055.059,3055.059,327.3259207105329,9.99
6,2569,6080.144655,AB,16,0.5,7,0.4375,23,8045.116,502.81975,1988.7842512152715,
6,2570,6088.25586,GB,32,0.5,17,0.53125,20,235.07,7.3459375,136129.66350448804,
6,2571,6088.552859,LoR,16,0.1,1,0.0625,7,157.209,9.8255625,101775.34365080879,
6,2572,6088.779144,MLP,64,0.05,4,0.0625,8,211.728,3.30825,302274.6164890803,
6,2573,6089.030659,AB,1,0.1,0,0.0,5,7557.119,7557.119,132.32555951547144,2.0
6,2574,6109.139538,SGD,64,0.5,32,0.5,14,171.937,2.686515625,372229.36308066326,
6,2575,6109.35318,SGD,8,0.05,0,0.0,6,150.397,18.799625,53192.55038331882,
6,2576,6109.580355,GB,100,0.5,44,0.44,15,335.453,3.3545299999999996,298104.3544103049,
6,2577,6109.957367,NB,8,0.0,0,0.0,9,121.789,15.223625,65687.3773493501,
6,2578,6110.141748,LoR,32,0.1,2,0.0625,23,163.239,5.10121875,196031.58558922805,
6,2579,6110.344857,LoR,1,0.1,0,0.0,28,146.365,146.365,6832.234482287432,
6,2580,6110.666885,NB,100,0.0,0,0.0,4,148.511,1.48511,673350.795563965,
6,2581,6110.884609,RF,64,0.1,7,0.109375,8,3395.42,53.0534375,18848.92001578597,
6,2582,6114.322995,LoR,8,1.0,8,1.0,5,164.572,20.5715,48610.942323116935,
6,2583,6114.532253,RF,16,0.1,0,0.0,11,3187.129,199.1955625,5020.19215412994,
6,2584,6117.794994,GB,64,0.1,5,0.078125,2,270.135,4.220859375,236918.57774816296,
6,2585,6118.105374,GB,1,0.0,0,0.0,23,208.566,208.566,4794.645340084194,4.0
6,2586,6131.020664,NB,8,0.0,0,0.0,29,115.513,14.439125,69256.2741855895,
6,2587,6131.203686,MLP,32,0.1,4,0.125,18,204.209,6.38153125,156702.20215563467,
6,2588,6131.486209,AB,100,0.05,5,0.05,18,8763.906,87.63906000000001,11410.437309574063,
6,2589,6140.315167,GB,16,0.1,2,0.125,21,216.59,13.536875,73872.2932730043,
6,2590,6140.575331,GB,8,0.1,0,0.0,12,211.054,26.38175,37904.99113970832,
6,2591,6140.857387,MLP,64,0.1,5,0.078125,4,221.567,3.461984375,288851.6791760506,
6,2592,6141.12199,AB,8,0.1,0,0.0,17,7980.843,997.605375,1002.4003729931788,
6,2593,6149.184259,RF,100,0.01,1,0.01,18,3548.459,35.48459,28181.247127274124,
6,2594,6152.77726,MLP,1,0.1,0,0.0,14,179.745,179.745,5563.437091435088,
6,2595,6153.158739,AB,100,0.01,1,0.01,8,8687.871,86.87871,11510.29981913866,
6,2596,6161.88918,RF,8,1.0,8,1.0,8,3061.329,382.666125,2613.2441171791725,
6,2597,6164.991889,GB,1,1.0,1,1.0,16,219.413,219.413,4557.615091175089,4.0
6,2598,6177.939776,AB,32,1.0,32,1.0,20,8148.062,254.6269375,3927.3142496952037,
6,2599,6186.131113,DT,1,0.05,0,0.0,9,80.163,80.163,12474.583037061986,16.0
6,2600,6186.399848,MLP,32,0.01,0,0.0,21,201.562,6.2988125,158760.08374594417,
6,2601,6186.649041,SGD,32,0.01,0,0.0,15,155.9,4.871875,205259.78191148172,
6,2602,6186.845569,SGD,1,0.5,0,0.0,16,143.349,143.349,6975.981695024033,
6,2603,6187.177225,GB,64,0.0,0,0.0,4,269.115,4.204921875,237816.54682942235,
6,2604,6187.485919,GB,1,0.0,0,0.0,9,205.125,205.125,4875.076173065204,4.0
6,2605,6200.305642,LoR,100,1.0,100,1.0,28,175.926,1.7592599999999998,568420.8132964997,
6,2606,6200.524498,MLP,8,0.1,0,0.0,9,176.914,22.11425,45219.71127214353,
6,2607,6200.784412,AB,100,0.01,1,0.01,26,8649.9,86.499,11560.827292801074,
6,2608,6209.475811,RF,8,0.0,0,0.0,26,3018.115,377.264375,2650.661091442838,
6,2609,6212.537035,MLP,1,0.5,1,1.0,25,175.817,175.817,5687.732130567579,
6,2610,6212.860875,NB,1,0.01,0,0.0,14,105.087,105.087,9515.924900320686,
6,2611,6213.016715,DT,16,0.05,0,0.0,8,89.032,5.5645,179710.6658280169,
6,2612,6213.144722,NB,16,1.0,16,1.0,20,110.283,6.8926875,145081.29086078543,
6,2613,6213.321741,MLP,64,0.05,2,0.03125,14,212.991,3.327984375,300482.17999821587,
6,2614,6213.596963,GB,8,0.5,5,0.625,5,251.264,31.408,31839.02190524707,
6,2615,6213.899333,AB,64,0.0,0,0.0,11,8215.413,128.365828125,7790.235256584178,
6,2616,6222.186652,MLP,64,0.05,5,0.078125,19,209.918,3.27996875,304880.95351518213,
6,2617,6222.438793,RF,8,0.01,0,0.0,20,3019.09,377.38625,2649.805073714265,
6,2618,6225.521519,DT,8,0.05,1,0.125,26,114.246,14.28075,70024.33345587592,
6,2619,6225.710918,NB,32,0.5,15,0.46875,15,123.884,3.871375,258306.1573730264,
6,2620,6225.872031,AB,8,0.0,0,0.0,11,7759.774,969.97175,1030.9578603706757,
6,2621,6233.693469,DT,100,0.01,0,0.0,10,89.7,0.897,1114827.2017837234,
6,2622,6233.826197,LoR,32,0.0,0,0.0,21,153.382,4.7931875,208629.43500541133,
6,2623,6234.018722,RF,8,0.0,0,0.0,7,3090.787,386.348375,2588.3375334502184,
6,2624,6237.191317,MLP,100,0.01,1,0.01,24,243.968,2.43968,409889.8216159496,
6,2625,6237.479206,SGD,16,0.01,0,0.0,3,190.928,11.933,83801.22349786307,
6,2626,6237.710076,MLP,1,0.5,0,0.0,12,158.368,158.368,6314.4069508991715,
6,2627,6238.048155,MLP,64,0.1,5,0.078125,6,200.826,3.13790625,318683.83575831814,
6,2628,6238.290817,SGD,8,0.01,0,0.0,4,145.649,18.206125,54926.570041675535,
6,2629,6238.493045,SGD,100,0.0,0,0.0,23,159.605,1.59605,626546.7873813477,
6,2630,6238.714302,LoR,32,0.5,16,0.5,10,146.373,4.57415625,218619.55415274677,
6,2631,6238.921657,NB,32,0.5,17,0.53125,0,117.335,3.66671875,272723.39881535777,
6,2632,6239.086899,GB,64,1.0,64,1.0,1,252.186,3.94040625,253780.93946531528,
6,2633,6239.38369,LoR,1,0.5,1,1.0,16,179.039,179.039,5585.375253436402,
6,2634,6239.767668,DT,32,0.1,4,0.125,15,90.018,2.8130625,355484.4586638228,
6,2635,6239.913216,LoR,100,1.0,100,1.0,29,164.813,1.6481299999999999,606748.254081899,
6,2636,6240.137973,RF,16,0.05,1,0.0625,25,3069.391,191.8369375,5212.760446616283,
6,2637,6243.248213,SGD,1,1.0,1,1.0,25,157.936,157.936,6331.678654644919,
6,2638,6243.578915,MLP,32,0.5,14,0.4375,28,191.9,5.996875,166753.51745700886,
6,2639,6243.848177,SGD,100,0.5,55,0.55,7,167.057,1.6705699999999999,598598.0832889373,
6,2640,6244.083148,AB,64,0.05,3,0.046875,5,8136.275,127.129296875,7866.007478852423,
6,2641,6252.261558,LoR,1,0.1,0,0.0,6,144.109,144.109,6939.191861715784,
6,2642,6252.578841,DT,64,0.5,30,0.46875,24,90.337,1.411515625,708458.3282597385,
6,2643,6252.70826,GB,16,1.0,16,1.0,21,216.518,13.532375,73896.85845980473,
6,2644,6252.985511,SGD,16,0.5,8,0.5,20,157.11,9.819375,101839.47552670103,
6,2645,6253.201781,RF,16,0.05,2,0.125,18,3085.412,192.83825,5185.693191055198,
6,2646,6256.330087,SGD,1,0.5,1,1.0,14,158.607,158.607,6304.891965676168,
6,2647,6256.660448,DT,16,0.1,4,0.25,11,88.213,5.5133125,181379.16180154853,
6,2648,6256.790374,NB,16,0.01,0,0.0,3,113.779,7.1111875,140623.48939611,
6,2649,6256.953787,SGD,64,0.01,0,0.0,19,161.325,2.520703125,396714.70633813733,
6,2650,6257.153086,RF,8,0.0,0,0.0,2,3025.484,378.1855,2644.2050263693345,
6,2651,6260.252439,LoR,64,0.05,2,0.03125,15,170.434,2.66303125,375511.9283710997,
6,2652,6260.468318,DT,1,0.1,0,0.0,20,86.527,86.527,11557.086227420343,16.0
6,2653,6260.748063,LoR,1,0.01,0,0.0,13,149.56,149.56,6686.279753944905,
6,2654,6261.048805,GB,16,0.01,0,0.0,15,215.296,13.456,74316.29013079667,
6,2655,6261.343025,DT,100,0.1,6,0.06,21,98.513,0.9851300000000001,1015094.4545389948,
6,2656,6261.48165,LoR,8,0.01,0,0.0,15,156.569,19.571125,51095.683053478024,
6,2657,6261.713816,SGD,100,0.1,16,0.16,3,165.435,1.65435,604467.011212863,
6,2658,6261.939613,DT,32,0.5,19,0.59375,21,88.643,2.77009375,360998.61241158354,
6,2659,6262.074257,LoR,64,1.0,64,1.0,0,157.485,2.460703125,406387.90995967865,
6,2660,6262.271336,DT,8,0.01,0,0.0,28,83.979,10.497375,95261.91071577418,
6,2661,6262.402548,AB,64,0.0,0,0.0,8,8295.284,129.6138125,7715.227109765018,
6,2662,6270.743317,LoR,16,0.01,0,0.0,14,150.486,9.405375,106322.18279441277,
6,2663,6270.933748,SGD,8,1.0,8,1.0,28,166.975,20.871875,47911.36397664321,
6,2664,6271.141162,SGD,8,0.0,0,0.0,4,154.522,19.31525,51772.56313016917,
6,2665,6271.37549,GB,100,0.05,3,0.03,9,280.84,2.8084,356074.6332431278,
6,2666,6271.698552,LoR,1,0.5,1,1.0,25,158.855,158.855,6295.04894400554,
6,2667,6272.021868,GB,64,0.0,0,0.0,11,242.185,3.784140625,264260.7923694696,
6,2668,6272.324268,LoR,8,0.1,2,0.25,25,156.227,19.528375,51207.53774955673,
6,2669,6272.521437,LoR,8,0.01,0,0.0,26,147.282,18.41025,54317.567659320215,
6,2670,6272.711263,LoR,32,1.0,32,1.0,6,146.932,4.591625,217787.82021615442,
6,2671,6272.896752,GB,16,0.0,0,0.0,23,208.027,13.0016875,76913.0930119648,
6,2672,6273.145455,GB,16,1.0,16,1.0,16,209.938,13.121125,76212.97716468672,
6,2673,6273.399699,NB,1,0.1,0,0.0,11,105.263,105.263,9500.014250021375,
6,2674,6273.588952,RF,100,0.01,3,0.03,24,3505.086,35.05086,28529.97044865661,
6,2675,6277.136578,SGD,8,1.0,8,1.0,9,163.828,20.4785,48831.701540640184,
6,2676,6277.342149,AB,16,1.0,16,1.0,7,7970.277,498.1423125,2007.4584609794615,
6,2677,6285.393963,AB,100,0.1,15,0.15,24,8513.909,85.13909,11745.486121592327,
6,2678,6293.971117,RF,16,0.5,8,0.5,17,3064.728,191.5455,5220.691689441934,
6,2679,6297.110628,SGD,64,0.1,7,0.109375,27,173.974,2.71834375,367871.06119305186,
6,2680,6297.344552,AB,8,0.05,1,0.125,9,7791.011,973.876375,1026.8243749110352,
6,2681,6305.18152,MLP,16,0.05,0,0.0,5,189.44,11.84,84459.45945945947,
6,2682,6305.430536,LoR,100,1.0,100,1.0,5,168.309,1.68309,594145.2922897765,
6,2683,6305.662202,LoR,32,0.1,2,0.0625,9,148.998,4.6561875,214767.9834628653,
6,2684,6305.879786,GB,64,0.5,31,0.484375,17,262.948,4.1085625,243394.13115901244,
6,2685,6306.184047,SGD,1,0.1,0,0.0,17,154.792,154.792,6460.282185125846,
6,2686,6306.490644,MLP,1,0.5,0,0.0,15,162.708,162.708,6145.979300341716,
6,2687,6306.7955,DT,8,0.0,0,0.0,4,85.583,10.697875,93476.50818503676,
6,2688,6306.938471,SGD,8,0.1,1,0.125,22,148.859,18.607375,53742.13181601381,
6,2689,6307.146353,MLP,16,0.1,1,0.0625,28,183.1,11.44375,87383.94320043692,
6,2690,6307.365999,DT,1,0.0,0,0.0,18,83.1,83.1,12033.69434416366,16.0
6,2691,6307.663044,DT,16,0.05,2,0.125,0,86.913,5.4320625,184092.13811512664,
6,2692,6307.810031,MLP,100,0.01,0,0.0,7,237.334,2.3733400000000002,421347.1310473847,
6,2693,6308.08861,SGD,8,0.01,0,0.0,0,147.286,18.41075,54316.09250030553,
6,2694,6308.303937,DT,64,0.5,34,0.53125,17,90.716,1.4174375,705498.4787689052,
6,2695,6308.433548,NB,8,0.05,0,0.0,15,110.224,13.778,72579.47452460443,
6,2696,6308.578945,MLP,1,0.0,0,0.0,24,163.125,163.125,6130.268199233717,
6,2697,6308.895135,DT,32,1.0,32,1.0,26,88.023,2.75071875,363541.34714790457,
6,2698,6309.050407,NB,64,0.5,29,0.453125,0,130.603,2.040671875,490034.6852675666,
6,2699,6309.235248,NB,100,0.0,0,0.0,0,139.066,1.39066,719083.0253261041,
6,2700,6309.447213,MLP,100,0.05,6,0.06,26,238.617,2.38617,419081.6245280093,
6,2701,6309.72677,MLP,8,0.01,0,0.0,18,224.667,28.083375,35608.25577410123,
6,2702,6309.990738,NB,1,0.5,1,1.0,9,100.942,100.942,9906.679083037785,
6,2703,6310.15748,NB,16,0.01,1,0.0625,10,108.918,6.807375,146899.50237793569,
6,2704,6310.324749,RF,32,0.1,4,0.125,28,3131.128,97.84775,10219.959069063927,
6,2705,6313.499803,SGD,16,1.0,16,1.0,18,199.363,12.4601875,80255.61413100726,
6,2706,6313.740412,GB,16,1.0,16,1.0,20,233.879,14.6174375,68411.44352421552,
6,2707,6314.033034,AB,100,1.0,100,1.0,13,8533.163,85.33163,11718.983921905628,
6,2708,6322.63352,AB,32,0.01,1,0.03125,20,7962.295,248.82171875,4018.9417749530758,
6,2709,6330.637872,LoR,1,0.05,0,0.0,21,146.663,146.663,6818.352276988742,
6,2710,6330.93589,LoR,32,0.05,0,0.0,3,146.901,4.59065625,217833.77921185014,
6,2711,6331.12543,GB,32,0.0,0,0.0,15,221.328,6.9165,144581.7971517386,
6,2712,6331.411799,RF,16,0.5,7,0.4375,15,3150.078,196.879875,5079.239307725079,
6,2713,6334.625226,DT,8,0.5,7,0.875,5,92.021,11.502625,86936.67749752774,
6,2714,6334.787205,LoR,64,0.01,1,0.015625,9,168.611,2.634546875,379571.9140506847,
6,2715,6334.995093,SGD,1,0.05,0,0.0,5,146.562,146.562,6823.05099548314,
6,2716,6335.318977,MLP,32,0.05,2,0.0625,28,191.235,5.97609375,167333.38562501632,
6,2717,6335.550229,AB,1,0.1,0,0.0,10,7546.337,7546.337,132.51462265732368,2.0
6,2718,6355.624311,DT,64,0.1,7,0.109375,6,93.602,1.46253125,683746.0738018418,
6,2719,6355.756025,NB,8,1.0,8,1.0,11,111.572,13.9465,71702.57770766859,
6,2720,6355.941101,DT,100,0.1,10,0.1,24,95.687,0.95687,1045074.0434959817,
6,2721,6356.083729,AB,64,1.0,64,1.0,24,8192.811,128.012671875,7811.726646690618,
6,2722,6364.339945,LoR,16,0.05,1,0.0625,5,151.792,9.487,105407.39959945188,
6,2723,6364.560692,DT,64,0.5,27,0.421875,0,89.145,1.392890625,717931.45998093,
6,2724,6364.723066,GB,100,0.1,6,0.06,6,276.313,2.76313,361908.4154563846,
6,2725,6365.076579,RF,100,0.5,52,0.52,8,3409.098,34.09098,29333.272320126907,
6,2726,6368.578595,NB,16,0.1,2,0.125,16,121.87,7.616875,131287.4374333306,
6,2727,6368.742085,GB,1,0.01,0,0.0,17,208.486,208.486,4796.485135692565,4.0
6,2728,6381.423507,MLP,1,0.01,0,0.0,23,177.368,177.368,5637.995579811465,
6,2729,6381.785629,MLP,16,0.01,0,0.0,1,175.57,10.973125,91131.74232499857,
6,2730,6382.001901,AB,1,0.05,0,0.0,8,7729.966,7729.966,129.36667509274943,2.0
6,2731,6402.844225,LoR,100,0.1,10,0.1,11,203.12,2.0312,492319.81094919256,
6,2732,6403.098914,DT,64,1.0,64,1.0,27,97.526,1.52384375,656235.2603408322,
6,2733,6403.238146,SGD,32,1.0,32,1.0,3,159.465,4.98328125,200670.99363496693,
6,2734,6403.465716,DT,64,0.05,2,0.03125,21,91.058,1.42278125,702848.733774078,
6,2735,6403.631342,LoR,100,0.1,9,0.09,19,166.044,1.6604400000000001,602250.0060225,
6,2736,6403.869643,AB,100,0.05,4,0.04,5,8667.87,86.6787,11536.859689866136,
6,2737,6412.600759,MLP,100,0.0,0,0.0,25,254.425,2.54425,393043.1364842291,
6,2738,6412.900438,RF,32,0.0,0,0.0,13,3291.257,102.85178125,9722.72903635298,
6,2739,6416.266587,AB,64,0.5,38,0.59375,29,8288.144,129.50225,7721.873558181422,
6,2740,6424.634961,GB,100,0.1,7,0.07,29,318.456,3.1845600000000003,314015.12296832213,
6,2741,6425.032513,AB,100,0.5,53,0.53,7,8560.145,85.60145,11682.045105544357,
6,2742,6433.703089,LoR,16,0.05,2,0.125,20,157.862,9.866375,101354.34746804171,
6,2743,6433.938338,NB,100,0.01,1,0.01,2,149.822,1.49822,667458.7176783116,
6,2744,6434.148669,NB,32,0.05,3,0.09375,14,116.306,3.6345625,275136.2784379138,
6,2745,6434.299993,AB,8,0.0,0,0.0,0,7942.123,992.765375,1007.2873462171261,
6,2746,6442.309045,GB,32,0.05,1,0.03125,16,243.266,7.6020625,131543.2489538201,
6,2747,6442.59332,LoR,1,0.1,0,0.0,18,155.869,155.869,6415.643906100636,
6,2748,6442.93353,DT,64,0.05,4,0.0625,11,92.937,1.452140625,688638.540086295,
6,2749,6443.107175,RF,64,0.5,36,0.5625,13,3343.577,52.243390625,19141.17724819856,
6,2750,6446.518015,RF,32,0.1,3,0.09375,13,3206.802,100.2125625,9978.788836978398,
6,2751,6449.77136,NB,16,0.05,0,0.0,7,121.167,7.5729375,132049.1552980597,
6,2752,6449.9614,RF,64,0.5,39,0.609375,16,3211.793,50.184265625,19926.56438319655,
6,2753,6453.21825,LoR,8,0.01,0,0.0,10,196.381,24.547625,40737.1385215474,
6,2754,6453.459123,NB,32,1.0,32,1.0,25,120.174,3.7554375,266280.55985487706,
6,2755,6453.644666,RF,32,1.0,32,1.0,7,3057.404,95.543875,10466.395674238667,
6,2756,6456.783588,DT,100,0.5,51,0.51,4,103.823,1.03823,963177.7159203645,
6,2757,6456.945535,LoR,8,0.1,1,0.125,11,155.715,19.464375,51375.911119673765,
6,2758,6457.15855,DT,8,0.5,4,0.5,26,86.495,10.811875,92490.89542748136,
6,2759,6457.318774,MLP,100,0.1,12,0.12,6,248.44,2.4844,402511.67283851234,
6,2760,6457.678875,GB,100,0.1,8,0.08,13,283.615,2.83615,352590.65987341997,
6,2761,6458.00396,RF,1,0.1,0,0.0,3,2955.874,2955.874,338.3094137300846,11.54
6,2762,6473.627076,GB,1,0.0,0,0.0,27,222.858,222.858,4487.1622288632225,4.0
6,2763,6486.65059,SGD,16,0.5,10,0.625,8,197.24,12.3275,81119.44838775096,
6,2764,6486.896334,MLP,8,0.01,0,0.0,21,211.612,26.4515,37805.03941175359,
6,2765,6487.177763,DT,100,1.0,100,1.0,25,114.417,1.14417,873995.9970983333,
6,2766,6487.364879,SGD,64,0.1,9,0.140625,10,178.348,2.7866875,358848.99185861344,
6,2767,6487.619627,DT,32,0.1,4,0.125,8,99.455,3.10796875,321753.55688502337,
6,2768,6487.761852,NB,32,0.0,0,0.0,29,132.002,4.1250625,242420.56938531232,
6,2769,6487.932904,NB,1,0.01,0,0.0,21,115.65,115.65,8646.779074794638,
6,2770,6488.096091,LoR,8,0.0,0,0.0,17,158.035,19.754375,50621.697725187456,
6,2771,6488.313735,LoR,16,0.01,1,0.0625,3,150.833,9.4270625,106077.58249189501,
6,2772,6488.540758,RF,100,0.1,8,0.08,17,3628.108,36.28108,27562.575314737045,
6,2773,6492.231637,GB,8,0.5,4,0.5,17,262.621,32.827625,30462.148876137097,
6,2774,6492.564727,NB,64,0.1,5,0.078125,27,137.28,2.145,466200.4662004662,
6,2775,6492.756344,DT,8,0.5,3,0.375,0,89.527,11.190875,89358.51754219398,
6,2776,6492.88554,NB,16,0.05,0,0.0,13,110.75,6.921875,144469.52595936795,
6,2777,6493.039356,GB,32,0.05,0,0.0,12,235.258,7.3518125,136020.87920495795,
6,2778,6493.331994,GB,8,0.5,2,0.25,18,208.291,26.036375,38407.80446586746,
6,2779,6493.580716,AB,16,1.0,16,1.0,20,8121.189,507.5743125,1970.154862791643,
6,2780,6501.741617,GB,1,1.0,1,1.0,8,193.98,193.98,5155.1706361480565,4.0
6,2781,6514.427427,GB,8,0.01,0,0.0,4,209.881,26.235125,38116.837636565484,
6,2782,6514.716209,NB,100,0.05,3,0.03,19,152.07,1.5207,657591.8984678109,
6,2783,6514.941658,LoR,100,0.5,49,0.49,5,175.757,1.75757,568967.3811000416,
6,2784,6515.157189,RF,16,1.0,16,1.0,21,3093.594,193.349625,5171.977964787881,
6,2785,6518.310835,GB,100,1.0,100,1.0,26,289.569,2.89569,345340.8341362508,
6,2786,6518.679357,AB,100,0.1,9,0.09,17,8517.911,85.17911,11739.967698652874,
6,2787,6527.23825,DT,8,0.0,0,0.0,24,79.915,9.989375,100106.36301069886,
6,2788,6527.373988,RF,100,1.0,100,1.0,5,3261.404,32.61404,30661.64142804755,
6,2789,6530.678925,RF,1,0.05,0,0.0,2,2999.849,2999.849,333.3501119556351,9.99
6,2790,6546.976961,AB,100,0.5,44,0.44,20,8603.243,86.03243,11623.523827003375,
6,2791,6555.628295,NB,32,0.0,0,0.0,18,125.495,3.92171875,254990.23865492648,
6,2792,6555.803214,DT,64,0.0,0,0.0,26,91.402,1.42815625,700203.4966412113,
6,2793,6555.955869,GB,32,0.1,2,0.0625,1,256.892,8.027875,124565.96546408608,
6,2794,6556.27103,SGD,8,0.5,3,0.375,22,173.987,21.748375,45980.44681499193,
6,2795,6556.486477,SGD,16,0.1,0,0.0,26,149.792,9.362,106814.78316599017,
6,2796,6556.677435,DT,16,0.1,0,0.0,0,91.223,5.7014375,175394.36326365062,
6,2797,6556.807118,AB,16,0.0,0,0.0,4,7933.116,495.81975,2016.861974538126,
6,2798,6564.779773,MLP,1,0.0,0,0.0,2,175.348,175.348,5702.9450007984115,
6,2799,6565.14604,LoR,100,0.1,10,0.1,12,165.121,1.65121,605616.4873032504,
6,2800,6565.350608,AB,1,0.5,1,1.0,13,7535.502,7535.502,132.7051601870718,2.0
6,2801,6585.380165,AB,1,0.01,0,0.0,14,8187.513,8187.513,122.13721065236783,2.0
6,2802,6606.25795,DT,100,0.0,0,0.0,9,99.585,0.9958499999999999,1004167.2942712257,
6,2803,6606.401712,DT,1,0.01,0,0.0,2,81.842,81.842,12218.665233009946,16.0
6,2804,6606.659362,GB,1,1.0,1,1.0,20,243.942,243.942,4099.335087848751,4.0
6,2805,6619.363126,GB,100,0.01,2,0.02,15,278.671,2.78671,358846.09449853055,
6,2806,6619.713085,DT,64,0.05,7,0.109375,14,101.596,1.5874375,629946.0608685381,
6,2807,6619.890398,DT,100,0.5,55,0.55,23,95.104,0.95104,1051480.4845222072,
6,2808,6620.023275,DT,1,0.5,0,0.0,10,81.857,81.857,12216.426206677499,17.0
6,2809,6620.308366,RF,32,0.05,2,0.0625,29,3274.46,102.326875,9772.603727026746,
6,2810,6623.664113,RF,100,0.1,9,0.09,6,3505.035,35.05035,28530.38557389584,
6,2811,6627.213121,GB,16,0.0,0,0.0,9,232.001,14.5000625,68965.21997750009,
6,2812,6627.496752,GB,64,1.0,64,1.0,3,252.74,3.9490625,253224.6577510485,
6,2813,6627.790763,SGD,1,0.01,0,0.0,25,173.938,173.938,5749.174993388449,
6,2814,6628.121779,GB,16,0.01,0,0.0,22,217.1,13.56875,73698.75633348688,
6,2815,6628.399113,LoR,8,0.05,1,0.125,25,154.717,19.339625,51707.31076740112,
6,2816,6628.598928,MLP,32,0.01,0,0.0,15,203.472,6.3585,157269.79633561373,
6,2817,6628.866254,AB,32,0.01,1,0.03125,15,8520.605,266.26890625,3755.6018616048977,
6,2818,6637.469394,NB,32,0.1,5,0.15625,27,149.416,4.66925,214167.15746640254,
6,2819,6637.713945,RF,64,0.01,5,0.078125,10,3467.73,54.18328125,18455.877476043406,
6,2820,6641.250498,AB,32,0.05,1,0.03125,1,8079.015,252.46921875,3960.8788942711453,
6,2821,6649.371374,MLP,1,0.5,1,1.0,3,185.42,185.42,5393.16147125445,
6,2822,6649.762779,DT,8,0.05,0,0.0,1,84.672,10.584,94482.2373393802,
6,2823,6649.909628,LoR,32,0.1,1,0.03125,27,154.707,4.83459375,206842.61216363838,
6,2824,6650.103395,NB,16,0.0,0,0.0,16,110.416,6.901,144906.53528474135,
6,2825,6650.280116,AB,64,0.05,2,0.03125,20,8248.96,128.89,7758.553805570643,
6,2826,6658.594863,MLP,32,0.1,2,0.0625,14,196.105,6.12828125,163177.88939598686,
6,2827,6658.836365,DT,8,0.1,0,0.0,18,84.445,10.555625,94736.21884066553,
6,2828,6658.983063,LoR,32,0.1,1,0.03125,29,151.021,4.71940625,211891.06150800223,
6,2829,6659.172628,AB,1,0.1,0,0.0,26,7676.915,7676.915,130.26065808987073,2.0
6,2830,6679.407681,DT,8,0.1,0,0.0,21,85.758,10.71975,93285.7575969589,
6,2831,6679.532959,SGD,1,0.5,1,1.0,1,149.964,149.964,6668.267050758849,
6,2832,6679.828235,SGD,1,0.05,0,0.0,28,139.116,139.116,7188.245780499726,
6,2833,6680.106456,SGD,1,0.05,0,0.0,29,138.264,138.264,7232.540646878435,
6,2834,6680.399126,RF,64,0.0,0,0.0,14,3782.141,59.095953125,16921.63248276571,
6,2835,6684.290762,NB,100,0.0,0,0.0,23,218.967,2.18967,456689.82084058324,
6,2836,6684.560963,GB,32,1.0,32,1.0,15,308.498,9.6405625,103728.38721806949,
6,2837,6684.928905,DT,64,0.01,0,0.0,21,104.612,1.6345625,611784.4989102589,
6,2838,6685.073707,RF,8,0.0,0,0.0,24,3293.879,411.734875,2428.7473826452033,
6,2839,6688.411585,DT,16,1.0,16,1.0,1,93.034,5.814625,171980.136294258,
6,2840,6688.543178,MLP,8,0.0,0,0.0,22,214.378,26.79725,37317.26203248468,
6,2841,6688.821658,NB,32,0.1,4,0.125,1,123.104,3.847,259942.81258123214,
6,2842,6688.999732,DT,8,0.1,1,0.125,23,89.099,11.137375,89787.7641724374,
6,2843,6689.145165,AB,16,0.1,2,0.125,9,8620.938,538.808625,1855.9465338922516,
6,2844,6697.817769,AB,8,1.0,8,1.0,11,7984.478,998.05975,1001.9440218884691,
6,2845,6705.851029,MLP,16,0.01,0,0.0,0,205.49,12.843125,77862.6697162879,
6,2846,6706.105746,AB,32,0.01,0,0.0,6,8629.96,269.68625,3708.0125516224875,
6,2847,6714.815638,DT,8,1.0,8,1.0,25,88.43,11.05375,90467.03607373063,
6,2848,6714.950617,AB,8,0.01,0,0.0,0,8088.662,1011.08275,989.0387310039657,
6,2849,6723.095923,GB,8,1.0,8,1.0,1,259.065,32.383125,30880.281010557195,
6,2850,6723.413323,AB,32,0.01,0,0.0,23,8184.711,255.77221875,3909.7287613453914,
6,2851,6731.642723,NB,8,0.05,0,0.0,12,120.435,15.054375,66425.87287748577,
6,2852,6731.815557,NB,64,1.0,64,1.0,23,132.392,2.068625,483412.89503897517,
6,2853,6731.987561,AB,1,0.01,0,0.0,21,7743.868,7743.868,129.13443256005914,2.0
6,2854,6752.570649,LoR,64,0.05,3,0.046875,9,189.311,2.957984375,338068.0467590367,
6,2855,6752.841258,RF,100,0.05,1,0.01,18,3631.928,36.31928,27533.585467553323,
6,2856,6756.515489,LoR,1,1.0,1,1.0,18,167.894,167.894,5956.138992459528,
6,2857,6756.865634,NB,16,0.05,2,0.125,24,118.643,7.4151875,134858.3565823521,
6,2858,6757.022007,SGD,8,1.0,8,1.0,21,155.605,19.450625,51412.22968413612,
6,2859,6757.215239,SGD,1,0.0,0,0.0,0,144.563,144.563,6917.399334546185,
6,2860,6757.513029,NB,64,1.0,64,1.0,12,176.073,2.751140625,363485.5997228422,
6,2861,6757.728956,RF,1,0.01,0,0.0,8,3057.631,3057.631,327.0505826242604,10.11
6,2862,6773.751156,NB,16,0.0,0,0.0,25,119.395,7.4621875,134008.96184932368,
6,2863,6773.908155,DT,1,0.0,0,0.0,6,87.954,87.954,11369.579552948133,13.0
6,2864,6774.200893,RF,16,0.01,1,0.0625,20,3125.755,195.3596875,5118.76330678508,
6,2865,6777.372784,LoR,8,0.01,0,0.0,4,164.949,20.618625,48499.83934428217,
6,2866,6777.580179,RF,16,0.0,0,0.0,24,3124.987,195.3116875,5120.0212992886045,
6,2867,6780.752778,MLP,16,0.05,0,0.0,29,211.487,13.2179375,75654.76837819819,
6,2868,6781.037538,SGD,64,0.5,32,0.5,12,165.894,2.59209375,385788.5155581275,
6,2869,6781.282364,RF,100,0.1,10,0.1,29,3653.297,36.53297,27372.53500057619,
6,2870,6784.979697,DT,1,0.05,0,0.0,24,91.45,91.45,10934.937124111537,16.0
6,2871,6785.293811,DT,64,0.1,9,0.140625,22,95.714,1.49553125,668658.7124140669,
6,2872,6785.431965,SGD,32,1.0,32,1.0,25,166.242,5.1950625,192490.46570662048,
6,2873,6785.675135,LoR,32,0.0,0,0.0,8,153.788,4.805875,208078.65373111033,
6,2874,6785.871724,NB,32,0.0,0,0.0,15,119.963,3.74884375,266748.91424856,
6,2875,6786.030937,SGD,1,0.1,0,0.0,19,148.937,148.937,6714.248306330865,
6,2876,6786.354932,GB,16,0.1,1,0.0625,27,252.449,15.7780625,63379.13796449976,
6,2877,6786.666407,AB,100,0.0,0,0.0,4,8727.016,87.27015999999999,11458.670409221206,
6,2878,6795.475913,AB,100,0.1,9,0.09,18,8598.595,85.98594999999999,11629.80696264913,
6,2879,6804.149462,LoR,64,0.1,5,0.078125,0,163.407,2.553234375,391660.088001126,
6,2880,6804.352404,AB,8,0.0,0,0.0,8,7893.76,986.72,1013.4587319604345,
6,2881,6812.28885,RF,1,0.01,0,0.0,13,3092.361,3092.361,323.3775099349656,9.99
6,2882,6828.323735,MLP,64,0.0,0,0.0,19,234.777,3.668390625,272599.10468231555,
6,2883,6828.601135,GB,1,0.01,0,0.0,28,229.702,229.702,4353.466665505743,4.0
6,2884,6841.502749,MLP,32,0.01,0,0.0,23,207.671,6.48971875,154089.88255461765,
6,2885,6841.755958,LoR,8,0.1,0,0.0,12,151.711,18.963875,52731.838825134626,
6,2886,6841.94616,GB,1,1.0,1,1.0,2,210.382,210.382,4753.258358604823,4.0
6,2887,6854.811349,NB,32,0.0,0,0.0,8,127.821,3.99440625,250350.0989665235,
6,2888,6854.979508,RF,1,0.5,0,0.0,7,3048.986,3048.986,327.9778916662786,10.03
6,2889,6870.737937,DT,64,0.05,9,0.140625,8,96.3,1.5046875,664589.8234683281,
6,2890,6870.910778,GB,100,0.1,7,0.07,27,282.36,2.8236000000000003,354157.8127213486,
6,2891,6871.232539,SGD,1,0.0,0,0.0,5,160.652,160.652,6224.634613948162,
6,2892,6871.587242,LoR,100,0.1,10,0.1,20,168.651,1.6865100000000002,592940.450990507,
6,2893,6871.805688,RF,64,0.0,0,0.0,17,3349.136,52.33025,19109.406127431073,
6,2894,6875.203498,NB,32,1.0,32,1.0,22,130.989,4.09340625,244295.32250799684,
6,2895,6875.378395,NB,16,0.1,0,0.0,25,115.047,7.1904375,139073.5960085878,
6,2896,6875.555636,MLP,32,0.1,3,0.09375,24,206.436,6.451125,155011.72276153383,
6,2897,6875.803106,GB,1,0.1,1,1.0,14,212.076,212.076,4715.290744827326,4.0
6,2898,6888.89313,LoR,64,0.1,3,0.046875,15,169.937,2.655265625,376610.1555282251,
6,2899,6889.105115,SGD,8,0.05,0,0.0,11,151.458,18.93225,52819.92367521029,
6,2900,6889.316311,DT,16,0.5,6,0.375,13,89.537,5.5960625,178697.07495225436,
6,2901,6889.442903,NB,8,0.0,0,0.0,27,111.0,13.875,72072.07207207207,
6,2902,6889.606336,NB,64,1.0,64,1.0,8,161.943,2.530359375,395200.7805215415,
6,2903,6889.805134,SGD,8,0.0,0,0.0,18,153.915,19.239375,51976.74040866712,
6,2904,6890.010217,RF,64,0.01,0,0.0,24,3345.081,52.266890625,19132.57107974366,
6,2905,6893.399019,GB,1,0.1,0,0.0,12,225.525,225.525,4434.098215275469,4.0
6,2906,6906.698559,LoR,100,1.0,100,1.0,16,201.95,2.0195,495172.0722951226,
6,2907,6906.967698,RF,100,0.0,0,0.0,24,3597.31,35.9731,27798.549471688566,
6,2908,6910.608419,GB,8,1.0,8,1.0,13,279.719,34.964875,28600.130845598618,
6,2909,6910.94644,NB,100,1.0,100,1.0,4,154.817,1.54817,645923.8972464264,
6,2910,6911.13989,NB,8,0.0,0,0.0,17,108.243,13.530375,73907.78156555159,
6,2911,6911.286954,RF,1,0.1,0,0.0,23,3025.44,3025.44,330.5304352424771,9.99
6,2912,6927.026609,MLP,8,0.01,0,0.0,28,204.193,25.524125,39178.620226942156,
6,2913,6927.276575,MLP,32,1.0,32,1.0,18,189.099,5.90934375,169223.5284163322,
6,2914,6927.538981,MLP,100,0.0,0,0.0,28,234.114,2.34114,427142.3323679917,
6,2915,6927.837496,SGD,32,0.05,1,0.03125,26,155.232,4.851,206143.06328592042,
6,2916,6928.067889,GB,100,0.5,43,0.43,14,316.901,3.16901,315555.96227212914,
6,2917,6928.44425,RF,8,0.5,4,0.5,9,3086.671,385.833875,2591.7890180067784,
6,2918,6931.57402,MLP,1,0.05,0,0.0,17,178.034,178.034,5616.904636193087,
6,2919,6931.907417,AB,8,1.0,8,1.0,9,7899.885,987.485625,1012.6729692900593,
6,2920,6939.84728,LoR,1,0.0,0,0.0,1,146.408,146.408,6830.22785640129,
6,2921,6940.16197,DT,32,0.01,1,0.03125,18,87.383,2.73071875,366203.9527139146,
6,2922,6940.310639,AB,32,0.01,2,0.0625,7,8117.412,253.669125,3942.14313626067,
6,2923,6948.509041,DT,100,0.5,49,0.49,16,90.505,0.9050499999999999,1104911.3308656982,
6,2924,6948.636382,LoR,1,1.0,1,1.0,7,147.154,147.154,6795.601886459084,
6,2925,6948.940265,RF,16,0.0,0,0.0,2,3189.65,199.353125,5016.224350634082,
6,2926,6952.170545,SGD,1,0.0,0,0.0,16,158.887,158.887,6293.781114880387,
6,2927,6952.494111,NB,100,0.0,0,0.0,16,152.654,1.52654,655076.1853603574,
6,2928,6952.705671,DT,16,0.5,8,0.5,29,89.66,5.60375,178451.92951148786,
6,2929,6952.833243,GB,1,0.01,0,0.0,26,214.599,214.599,4659.853960176888,4.0
6,2930,6965.639383,MLP,64,0.1,5,0.078125,2,235.708,3.6829375,271522.39211227454,
6,2931,6965.944616,NB,64,0.1,7,0.109375,8,133.44,2.085,479616.30695443647,
6,2932,6966.127415,MLP,64,0.01,0,0.0,25,208.501,3.257828125,306952.9642543681,
6,2933,6966.375087,SGD,1,0.05,0,0.0,11,144.477,144.477,6921.51691964811,
6,2934,6966.698853,NB,100,0.5,53,0.53,29,145.321,1.45321,688131.7910006124,
6,2935,6966.900085,RF,16,0.5,9,0.5625,1,3109.658,194.353625,5145.260346957769,
6,2936,6970.0625,SGD,64,1.0,64,1.0,1,174.026,2.71915625,367761.13914012845,
6,2937,6970.3078,NB,64,0.1,7,0.109375,22,134.225,2.097265625,476811.32426895143,
6,2938,6970.498756,DT,100,0.01,0,0.0,12,97.65,0.9765,1024065.5401945724,
6,2939,6970.656816,AB,32,0.05,3,0.09375,15,7985.913,249.55978125,4007.0559246012326,
6,2940,6978.703574,NB,8,0.5,5,0.625,14,108.173,13.521625,73955.60814621023,
6,2941,6978.856349,GB,32,0.01,0,0.0,25,231.943,7.24821875,137964.9310390915,
6,2942,6979.134503,DT,32,0.05,0,0.0,26,89.107,2.78459375,359118.8122145286,
6,2943,6979.284713,GB,32,0.01,1,0.03125,27,222.487,6.95271875,143828.6281895122,
6,2944,6979.582786,DT,100,0.1,9,0.09,12,95.971,0.9597100000000001,1041981.4318908837,
6,2945,6979.752656,NB,100,0.1,12,0.12,9,153.007,1.53007,653564.8695811302,
6,2946,6979.943385,AB,16,1.0,16,1.0,28,7976.386,498.524125,2005.9209772445815,
6,2947,6988.022731,NB,64,0.5,30,0.46875,6,146.788,2.2935625,436002.9430198654,
6,2948,6988.217899,SGD,64,1.0,64,1.0,29,167.608,2.618875,381843.3487661687,
6,2949,6988.425013,GB,1,0.1,0,0.0,21,201.168,201.168,4970.969537898672,4.0
6,2950,7001.16629,AB,16,1.0,16,1.0,4,7957.546,497.346625,2010.6701236788326,
6,2951,7009.204106,AB,100,0.5,50,0.5,16,8953.385,89.53385,11168.960119552548,
6,2952,7018.23528,NB,100,1.0,100,1.0,7,163.105,1.6310499999999999,613101.989515956,
6,2953,7018.437477,DT,1,0.0,0,0.0,27,86.063,86.063,11619.39509429139,16.0
6,2954,7018.729913,GB,1,0.1,0,0.0,23,238.686,238.686,4189.604752687631,4.0
6,2955,7032.118306,SGD,8,0.5,3,0.375,24,187.416,23.427,42685.78990054211,
6,2956,7032.344778,AB,1,1.0,1,1.0,28,8283.849,8283.849,120.71683102866795,2.0
6,2957,7053.515295,GB,16,0.0,0,0.0,22,316.391,19.7744375,50570.33860002339,
6,2958,7053.891557,AB,64,0.0,0,0.0,23,8422.801,131.606265625,7598.422425034143,
6,2959,7062.357376,GB,8,0.0,0,0.0,27,219.902,27.48775,36379.841929586815,
6,2960,7062.640931,MLP,16,0.1,2,0.125,3,216.679,13.5424375,73841.95053512338,
6,2961,7062.916726,AB,100,1.0,100,1.0,20,8621.472,86.21472,11598.947372328066,
6,2962,7071.58116,GB,16,0.0,0,0.0,3,211.649,13.2280625,75596.8608403536,
6,2963,7071.853951,NB,16,0.5,9,0.5625,10,121.32,7.5825,131882.62446422686,
6,2964,7072.023127,AB,64,0.0,0,0.0,9,8321.28,130.02,7691.124442393478,
6,2965,7080.418144,DT,64,0.05,7,0.109375,7,87.013,1.359578125,735522.2782802569,
6,2966,7080.572872,SGD,64,0.5,42,0.65625,20,170.462,2.66346875,375450.2469758656,
6,2967,7080.787481,MLP,8,0.0,0,0.0,21,172.983,21.622875,46247.31910072088,
6,2968,7081.003662,GB,32,1.0,32,1.0,13,226.473,7.07728125,141297.19657530918,
6,2969,7081.300923,MLP,64,0.1,9,0.140625,27,213.215,3.331484375,300166.4986046948,
6,2970,7081.564313,GB,64,0.0,0,0.0,29,283.543,4.430359375,225715.3236017112,
6,2971,7081.906835,LoR,100,1.0,100,1.0,17,188.421,1.88421,530726.4052308395,
6,2972,7082.154917,SGD,32,0.05,0,0.0,16,153.104,4.7845,209008.2558261051,
6,2973,7082.347531,MLP,16,1.0,16,1.0,1,174.672,10.917,91600.25648071815,
6,2974,7082.562246,AB,1,0.5,0,0.0,17,7774.417,7774.417,128.62700830171573,2.0
6,2975,7102.938304,SGD,100,0.05,5,0.05,26,173.73,1.7372999999999998,575605.8251309503,
6,2976,7103.152888,DT,16,1.0,16,1.0,23,86.39,5.399375,185206.62113670562,
6,2977,7103.29434,LoR,100,0.0,0,0.0,6,166.104,1.66104,602032.461590329,
6,2978,7103.50535,NB,32,0.01,0,0.0,23,118.703,3.70946875,269580.3812877518,
6,2979,7103.671675,GB,64,0.0,0,0.0,16,248.244,3.8788125,257810.86350526096,
6,2980,7103.984467,NB,32,0.5,18,0.5625,29,122.692,3.834125,260815.70110520654,
6,2981,7104.154174,GB,64,0.0,0,0.0,2,244.866,3.82603125,261367.4417844862,
6,2982,7104.443478,AB,32,1.0,32,1.0,18,8095.234,252.9760625,3952.943176194783,
6,2983,7112.585245,MLP,16,0.05,0,0.0,25,186.906,11.681625,85604.52847955657,
6,2984,7112.844048,NB,64,0.1,10,0.15625,20,134.471,2.101109375,475939.0500554023,
6,2985,7113.021979,MLP,32,1.0,32,1.0,22,193.466,6.0458125,165403.74019207509,
6,2986,7113.280048,SGD,32,0.5,16,0.5,18,159.75,4.9921875,200312.9890453834,
6,2987,7113.504559,AB,32,0.5,13,0.40625,6,8199.145,256.22328125,3902.845967475877,
6,2988,7121.769604,GB,16,0.05,1,0.0625,16,217.882,13.617625,73434.24422393773,
6,2989,7122.026853,MLP,1,0.0,0,0.0,3,177.176,177.176,5644.105296428411,
6,2990,7122.380469,GB,100,1.0,100,1.0,24,281.55,2.8155,355176.7004084532,
6,2991,7122.703787,RF,8,1.0,8,1.0,22,3179.116,397.3895,2516.4228043267376,
6,2992,7125.96787,LoR,100,0.5,54,0.54,26,184.258,1.84258,542717.2768617916,
6,2993,7126.195167,NB,8,0.05,0,0.0,19,113.353,14.169125,70575.98828438595,
6,2994,7126.348671,AB,8,0.01,0,0.0,18,8008.625,1001.078125,998.9230361017029,
6,2995,7134.4005,SGD,1,0.1,0,0.0,21,149.188,149.188,6702.951980052016,
6,2996,7134.710025,RF,32,0.01,0,0.0,11,3217.366,100.5426875,9946.024170081986,
6,2997,7137.971413,SGD,1,0.05,0,0.0,0,161.163,161.163,6204.898146596923,
6,2998,7138.314868,LoR,64,0.1,1,0.015625,27,162.548,2.5398125,393729.8521052243,
6,2999,7138.517991,AB,1,0.01,0,0.0,9,7739.739,7739.739,129.20332326451836,2.0
6,3000,7159.023131,GB,100,0.05,5,0.05,16,286.274,2.86274,349315.6905621887,
6,3001,7159.372999,NB,16,0.05,1,0.0625,23,122.464,7.654,130650.64018813692,
6,3002,7159.571119,AB,100,0.01,2,0.02,15,8685.199,86.85199,11513.840960926744,
6,3003,7168.317008,AB,100,1.0,100,1.0,17,8568.845,85.68844999999999,11670.184254704107,
6,3004,7176.93044,LoR,8,0.05,0,0.0,0,153.079,19.134875,52260.59746928057,
6,3005,7177.121724,SGD,1,1.0,1,1.0,21,143.819,143.819,6953.184210709295,
6,3006,7177.416556,GB,8,0.0,0,0.0,8,240.038,30.00475,33328.05639107141,
6,3007,7177.735358,MLP,32,0.5,16,0.5,3,203.793,6.36853125,157022.07632254297,
6,3008,7177.991901,AB,64,0.01,0,0.0,13,8388.258,131.06653125,7629.712867677651,
6,3009,7186.445052,AB,16,0.1,1,0.0625,7,8023.204,501.45025,1994.2157771384102,
6,3010,7194.512418,RF,8,0.1,0,0.0,29,3087.617,385.952125,2590.9949323377864,
6,3011,7197.650588,LoR,32,0.01,0,0.0,4,169.856,5.308,188394.87565938206,
6,3012,7197.868484,LoR,32,0.05,0,0.0,5,156.535,4.89171875,204427.12492413836,
6,3013,7198.103979,DT,100,0.5,62,0.62,3,98.151,0.98151,1018838.3205469125,
6,3014,7198.261046,AB,16,0.1,1,0.0625,0,8070.85,504.428125,1982.4429892762223,
6,3015,7206.405162,DT,64,0.05,5,0.078125,6,86.388,1.3498125,740843.635690142,
6,3016,7206.566327,MLP,100,0.05,8,0.08,5,239.811,2.39811,416995.0502687533,
6,3017,7206.850062,GB,32,0.0,0,0.0,1,233.318,7.2911875,137151.86998002726,
6,3018,7207.127864,GB,32,0.0,0,0.0,25,223.955,6.99859375,142885.84760331316,
6,3019,7207.422408,GB,64,0.5,29,0.453125,1,256.253,4.003953125,249753.173621382,
6,3020,7207.719525,GB,1,0.05,0,0.0,17,199.287,199.287,5017.888773477447,4.0
6,3021,7220.486145,LoR,16,0.5,4,0.25,4,157.388,9.83675,101659.59285333061,
6,3022,7220.683144,DT,1,0.01,0,0.0,14,84.754,84.754,11798.853151473677,16.0
6,3023,7220.966759,SGD,100,0.01,0,0.0,11,170.415,1.7041499999999998,586802.8049174076,
6,3024,7221.188875,GB,64,0.01,0,0.0,26,244.627,3.822296875,261622.7971564872,
6,3025,7221.490373,RF,100,0.0,0,0.0,17,3640.522,36.40522,27468.588295854275,
6,3026,7225.177398,NB,8,0.0,0,0.0,21,127.838,15.97975,62579.201802281015,
6,3027,7225.389422,DT,100,0.1,9,0.09,18,102.152,1.02152,978933.3542172449,
6,3028,7225.531692,LoR,8,0.05,0,0.0,24,207.12,25.89,38624.95171881035,
6,3029,7225.797229,RF,16,0.5,7,0.4375,5,3323.941,207.7463125,4813.563176963731,
6,3030,7229.166687,LoR,1,0.01,0,0.0,2,166.865,166.865,5992.868486501064,
6,3031,7229.524148,AB,8,1.0,8,1.0,4,7905.117,988.139625,1012.0027319013748,
6,3032,7237.473369,MLP,8,0.1,0,0.0,24,240.791,30.098875,33223.833116686255,
6,3033,7237.767097,GB,64,0.0,0,0.0,28,271.725,4.245703125,235532.24767687917,
6,3034,7238.119948,NB,100,0.05,5,0.05,14,157.141,1.57141,636371.157113675,
6,3035,7238.319283,RF,32,0.0,0,0.0,7,3180.28,99.38375,10062.007118870037,
6,3036,7241.562519,NB,8,0.5,4,0.5,12,170.346,21.29325,46963.23952426238,
6,3037,7241.804221,SGD,64,0.1,5,0.078125,7,171.36,2.6775,373482.72642390284,
6,3038,7242.031089,LoR,100,0.0,0,0.0,25,165.998,1.65998,602416.8965891156,
6,3039,7242.236227,LoR,1,0.05,1,1.0,20,140.394,140.394,7122.811516161659,
6,3040,7242.542357,NB,8,0.1,3,0.375,23,108.886,13.61075,73471.33699465496,
6,3041,7242.692115,NB,32,1.0,32,1.0,15,113.479,3.54621875,281990.50044501625,
6,3042,7242.839779,GB,1,0.0,0,0.0,4,253.74,253.74,3941.0420115078427,4.0
6,3043,7255.672102,MLP,16,0.01,0,0.0,4,193.001,12.0625625,82901.12486463801,
6,3044,7255.943423,AB,100,0.05,6,0.06,2,8536.59,85.3659,11714.279355105493,
6,3045,7264.525741,RF,32,1.0,32,1.0,6,3119.612,97.487875,10257.685891707046,
6,3046,7267.710662,LoR,16,0.1,1,0.0625,21,191.392,11.962,83598.06052499582,
6,3047,7267.947377,NB,8,0.01,0,0.0,0,110.857,13.857125,72165.04144979568,
6,3048,7268.115233,MLP,100,0.01,0,0.0,20,236.216,2.3621600000000003,423341.34859620006,
6,3049,7268.410575,MLP,8,0.5,3,0.375,15,171.63,21.45375,46611.89768688458,
6,3050,7268.658315,NB,100,0.1,9,0.09,21,147.795,1.4779499999999999,676612.8759430293,
6,3051,7268.860807,LoR,8,0.5,4,0.5,25,152.827,19.103375,52346.7711857198,
6,3052,7269.070313,MLP,16,0.5,6,0.375,16,175.949,10.9968125,90935.44151998589,
6,3053,7269.31437,GB,64,0.1,3,0.046875,20,262.736,4.10525,243590.5243286036,
6,3054,7269.64088,MLP,1,0.1,0,0.0,3,183.963,183.963,5435.875692394667,
6,3055,7270.006648,NB,64,0.05,2,0.03125,9,133.58,2.0871875,479113.63976643205,
6,3056,7270.195868,NB,100,1.0,100,1.0,25,143.947,1.43947,694700.1326877254,
6,3057,7270.37818,GB,1,0.05,0,0.0,16,207.347,207.347,4822.833221604364,4.0
6,3058,7284.021082,MLP,1,1.0,1,1.0,18,196.333,196.333,5093.38725532641,
6,3059,7284.409274,LoR,64,0.05,2,0.03125,16,167.494,2.61709375,382103.2395190275,
6,3060,7284.635017,RF,100,1.0,100,1.0,4,3493.76,34.9376,28622.458325700674,
6,3061,7288.17995,RF,32,0.01,0,0.0,19,3251.701,101.61565625,9841.003216470395,
6,3062,7291.47649,RF,1,0.5,0,0.0,28,3023.52,3023.52,330.7403291527756,9.99
6,3063,7307.20883,RF,64,0.1,7,0.109375,4,3373.144,52.705375,18973.396925835365,
6,3064,7310.648745,AB,16,0.05,1,0.0625,11,8079.297,504.9560625,1980.3703218237924,
6,3065,7318.793467,SGD,16,0.1,2,0.125,3,165.06,10.31625,96934.44807948625,
6,3066,7318.999793,DT,1,0.5,1,1.0,23,90.563,90.563,11042.037034992216,11.0
6,3067,7319.300542,DT,32,0.1,6,0.1875,26,91.919,2.87246875,348132.59500212147,
6,3068,7319.434839,GB,32,0.0,0,0.0,20,257.345,8.04203125,124346.6941265616,
6,3069,7319.737111,LoR,32,0.0,0,0.0,6,165.197,5.16240625,193708.1181861656,
6,3070,7319.943366,SGD,16,1.0,16,1.0,7,152.16,9.51,105152.47108307046,
6,3071,7320.167027,SGD,64,0.5,31,0.484375,5,159.128,2.486375,402191.94610627927,
6,3072,7320.388036,SGD,32,0.5,16,0.5,0,151.096,4.72175,211785.88447080003,
6,3073,7320.601092,SGD,32,0.1,4,0.125,13,150.833,4.71353125,212155.16498379002,
6,3074,7320.790613,RF,1,0.1,0,0.0,15,3051.201,3051.201,327.73979819749667,9.99
6,3075,7336.609483,RF,32,0.01,0,0.0,28,3196.811,99.90034375,10009.975566275265,
6,3076,7339.850297,DT,1,0.5,1,1.0,28,95.187,95.187,10505.636273860926,11.0
6,3077,7340.148502,RF,64,0.01,0,0.0,18,3356.903,52.451609375,19065.191934351395,
6,3078,7343.594608,GB,100,0.05,2,0.02,5,316.319,3.16319,316136.5583477439,
6,3079,7343.992783,AB,100,0.5,55,0.55,1,8680.701,86.80700999999999,11519.806983330034,
6,3080,7352.72987,DT,64,0.01,0,0.0,15,88.891,1.388921875,719982.9004061153,
6,3081,7352.879588,AB,16,0.05,2,0.125,24,7946.518,496.657375,2013.460486718837,
6,3082,7360.872299,RF,32,1.0,32,1.0,20,3184.156,99.504875,10049.758868598146,
6,3083,7364.122871,SGD,16,0.05,3,0.1875,21,172.2,10.7625,92915.21486643438,
6,3084,7364.340674,SGD,32,1.0,32,1.0,11,158.136,4.94175,202357.4644609703,
6,3085,7364.577002,AB,100,0.5,53,0.53,11,8665.868,86.65868,11539.524950068475,
6,3086,7373.289609,NB,16,0.05,0,0.0,12,121.272,7.5795,131934.82419684675,
6,3087,7373.475774,LoR,16,0.5,7,0.4375,19,163.886,10.242875,97628.8395592058,
6,3088,7373.703242,MLP,32,0.5,19,0.59375,0,211.576,6.61175,151245.88800241993,
6,3089,7373.976348,SGD,16,0.05,1,0.0625,13,152.539,9.5336875,104891.20815004688,
6,3090,7374.198192,DT,64,0.05,2,0.03125,4,94.866,1.48228125,674635.8020787216,
6,3091,7374.338168,NB,32,0.01,0,0.0,21,121.665,3.80203125,263017.3016068713,
6,3092,7374.526671,MLP,64,0.5,38,0.59375,20,220.871,3.451109375,289761.897216022,
6,3093,7374.787152,RF,8,0.0,0,0.0,0,3134.493,391.811625,2552.2468864980715,
6,3094,7377.965559,AB,1,0.1,1,1.0,8,7751.192,7751.192,129.01241512273208,2.0
6,3095,7398.832999,SGD,64,0.01,1,0.015625,8,215.0,3.359375,297674.4186046512,
6,3096,7399.112981,DT,100,1.0,100,1.0,7,108.891,1.08891,918349.5422027531,
6,3097,7399.265869,MLP,8,0.05,0,0.0,12,206.094,25.76175,38817.23873572254,
6,3098,7399.534345,RF,16,0.5,8,0.5,12,3292.979,205.8111875,4858.8223611508,
6,3099,7402.872936,DT,1,0.5,0,0.0,18,94.556,94.556,10575.743474766276,16.0
6,3100,7403.188624,DT,16,0.1,3,0.1875,25,94.098,5.881125,170035.49490956237,
6,3101,7403.32446,SGD,8,0.05,0,0.0,22,163.017,20.377125,49074.63638761602,
6,3102,7403.5301,RF,16,1.0,16,1.0,3,3167.049,197.9405625,5052.021613811469,
6,3103,7406.761183,DT,16,0.1,2,0.125,4,91.927,5.7454375,174051.14928149508,
6,3104,7406.923689,MLP,64,0.01,1,0.015625,0,233.06,3.6415625,274607.39723676303,
6,3105,7407.210298,NB,64,0.01,0,0.0,16,140.429,2.194203125,455746.3202045162,
6,3106,7407.389257,LoR,1,0.01,0,0.0,26,150.84,150.84,6629.541235746487,
6,3107,7407.707037,SGD,64,0.0,0,0.0,15,156.506,2.44540625,408930.00907313457,
6,3108,7407.903064,RF,1,0.1,0,0.0,8,3028.591,3028.591,330.18654549260697,9.99
6,3109,7423.60582,MLP,64,0.0,0,0.0,23,217.904,3.40475,293707.32065496733,
6,3110,7423.88588,DT,100,0.01,0,0.0,22,97.444,0.97444,1026230.4503099215,
6,3111,7424.040706,NB,8,0.05,1,0.125,2,112.609,14.076125,71042.27903631149,
6,3112,7424.208786,RF,16,0.1,2,0.125,18,3149.257,196.8285625,5080.563447187702,
6,3113,7427.401025,LoR,1,0.05,0,0.0,25,156.809,156.809,6377.184983004802,
6,3114,7427.746963,DT,100,0.01,1,0.01,8,96.624,0.96624,1034939.5595297235,
6,3115,7427.899067,SGD,100,1.0,100,1.0,17,168.359,1.6835900000000001,593968.8403946329,
6,3116,7428.110212,MLP,16,0.01,0,0.0,19,175.912,10.9945,90954.5681931875,
6,3117,7428.359062,DT,64,0.05,3,0.046875,1,92.831,1.450484375,689424.868847691,
6,3118,7428.525872,LoR,100,0.5,47,0.47,20,165.671,1.65671,603605.941896892,
6,3119,7428.74687,MLP,100,1.0,100,1.0,22,224.386,2.2438599999999997,445660.60271139914,
6,3120,7429.012275,GB,16,1.0,16,1.0,24,250.25,15.640625,63936.06393606393,
6,3121,7429.312736,DT,64,1.0,64,1.0,28,92.212,1.4408125,694052.834772047,
6,3122,7429.472263,GB,64,0.1,9,0.140625,8,310.861,4.857203125,205879.79836647247,
6,3123,7429.82441,GB,16,0.0,0,0.0,14,216.054,13.503375,74055.56018402807,
6,3124,7430.117288,GB,100,0.5,49,0.49,11,290.437,2.90437,344308.7485409917,
6,3125,7430.452393,RF,1,0.5,0,0.0,12,2968.566,2968.566,336.86298367629354,9.99
6,3126,7446.243661,NB,8,0.5,3,0.375,7,114.568,14.321,69827.52601075344,
6,3127,7446.41818,SGD,16,0.1,5,0.3125,27,159.295,9.9559375,100442.57509651904,
6,3128,7446.633778,LoR,8,0.5,3,0.375,9,147.503,18.437875,54236.185026745225,
6,3129,7446.831834,DT,64,0.01,0,0.0,17,91.239,1.425609375,701454.4219029143,
6,3130,7446.961776,NB,16,1.0,16,1.0,15,110.63,6.914375,144626.23158275333,
6,3131,7447.144567,MLP,100,0.05,8,0.08,16,234.106,2.34106,427156.9289125439,
6,3132,7447.430573,AB,64,0.01,0,0.0,29,8281.76,129.4025,7727.82596935917,
6,3133,7455.774594,GB,16,0.5,9,0.5625,29,217.132,13.57075,73687.89492106184,
6,3134,7456.062308,SGD,64,0.1,6,0.09375,5,166.612,2.6033125,384125.9933258109,
6,3135,7456.290029,MLP,32,0.1,3,0.09375,1,190.532,5.954125,167950.79041840739,
6,3136,7456.537629,GB,8,0.5,5,0.625,3,211.423,26.427875,37838.83494227213,
6,3137,7456.793326,AB,32,1.0,32,1.0,25,8034.847,251.08896875,3982.652065434476,
6,3138,7464.869742,DT,1,0.1,0,0.0,28,78.457,78.457,12745.835298316277,16.0
6,3139,7465.152342,SGD,32,0.1,2,0.0625,8,158.796,4.962375,201516.41099272022,
6,3140,7465.386468,LoR,100,0.05,4,0.04,22,164.015,1.6401499999999998,609700.3322866812,
6,3141,7465.598793,NB,32,0.01,0,0.0,16,118.618,3.7068125,269773.55881906627,
6,3142,7465.758545,LoR,16,0.01,0,0.0,0,147.974,9.248375,108127.10341005854,
6,3143,7465.946545,MLP,8,0.01,0,0.0,2,169.376,21.172,47232.193463064425,
6,3144,7466.165691,MLP,64,1.0,64,1.0,21,199.355,3.114921875,321035.3389681724,
6,3145,7466.429115,DT,32,0.05,1,0.03125,1,89.138,2.7855625,358993.91954048775,
6,3146,7466.577481,DT,100,0.0,0,0.0,12,93.795,0.9379500000000001,1066154.9123087584,
6,3147,7466.70642,MLP,1,0.0,0,0.0,10,161.742,161.742,6182.686006108494,
6,3148,7467.035875,NB,100,1.0,100,1.0,26,146.508,1.4650800000000002,682556.5839408087,
6,3149,7467.228118,LoR,32,0.01,0,0.0,3,152.778,4.7743125,209454.2407938316,
6,3150,7467.439616,AB,16,0.05,2,0.125,5,7902.16,493.885,2024.7628496512345,
6,3151,7475.383525,NB,1,0.1,0,0.0,1,100.717,100.717,9928.810429222474,
6,3152,7475.531689,GB,8,1.0,8,1.0,20,207.767,25.970875,38504.671097912564,
6,3153,7475.797489,RF,100,0.0,0,0.0,1,3494.475,34.94475,28616.60192160482,
6,3154,7479.3394,RF,32,0.0,0,0.0,27,3178.557,99.32990625,10067.461429824918,
6,3155,7482.586043,LoR,32,0.1,2,0.0625,11,166.309,5.19715625,192412.91812229043,
6,3156,7482.812389,SGD,8,0.01,1,0.125,9,152.265,19.033125,52539.97964075789,
6,3157,7483.043471,RF,100,0.05,12,0.12,24,3617.257,36.17257,27645.257165857995,
6,3158,7486.706227,SGD,8,0.01,0,0.0,12,162.71,20.33875,49167.23004117755,
6,3159,7486.933797,RF,32,0.05,4,0.125,6,3636.342,113.6356875,8800.052360311543,
6,3160,7490.662106,DT,64,0.0,0,0.0,18,140.616,2.197125,455140.2400864766,
6,3161,7490.892213,SGD,100,0.1,10,0.1,14,208.159,2.08159,480402.00039392966,
6,3162,7491.15444,NB,64,0.01,0,0.0,15,146.868,2.2948125,435765.4492469428,
6,3163,7491.340478,AB,8,1.0,8,1.0,8,8107.844,1013.4805,986.698806735798,
6,3164,7499.489632,AB,8,1.0,8,1.0,20,7795.927,974.490875,1026.1768741549274,
6,3165,7507.351219,DT,8,0.5,5,0.625,1,80.419,10.052375,99478.97884828213,
6,3166,7507.471346,AB,1,0.05,0,0.0,6,7585.556,7585.556,131.8294927886631,2.0
6,3167,7527.901445,NB,100,0.0,0,0.0,12,154.764,1.5476400000000001,646145.0983432839,
6,3168,7528.097038,DT,8,0.01,0,0.0,19,89.095,11.136875,89791.79527470678,
6,3169,7528.234699,MLP,64,0.0,0,0.0,4,236.381,3.693453125,270749.34110609564,
6,3170,7528.529844,SGD,8,0.1,1,0.125,9,153.099,19.137375,52253.770436123035,
6,3171,7528.733925,SGD,64,0.01,0,0.0,27,156.437,2.444328125,409110.376701164,
6,3172,7528.951914,NB,32,0.5,19,0.59375,10,117.243,3.66384375,272937.4035123632,
6,3173,7529.122986,NB,100,0.0,0,0.0,7,142.31,1.4231,702691.3077085236,
6,3174,7529.3029,RF,16,0.0,0,0.0,20,3198.972,199.93575,5001.606766173633,
6,3175,7532.54442,NB,8,0.0,0,0.0,18,117.549,14.693625,68056.7252805213,
6,3176,7532.710708,SGD,64,0.0,0,0.0,19,195.729,3.058265625,326982.7158980018,
6,3177,7532.956237,GB,64,0.0,0,0.0,14,288.989,4.515453125,221461.71653592354,
6,3178,7533.289509,GB,32,0.0,0,0.0,16,228.823,7.15071875,139846.0819061021,
6,3179,7533.571161,RF,64,0.01,0,0.0,20,3384.466,52.88228125,18909.925524440194,
6,3180,7536.998997,DT,1,0.05,0,0.0,18,90.222,90.222,11083.771142293455,16.0
6,3181,7537.281613,RF,16,1.0,16,1.0,13,3397.567,212.3479375,4709.252238440036,
6,3182,7540.763635,RF,16,0.05,1,0.0625,17,3273.044,204.56525,4888.41579887102,
6,3183,7544.086329,RF,8,0.05,0,0.0,25,3065.837,383.229625,2609.4016087613268,
6,3184,7547.207031,RF,32,0.01,0,0.0,8,3146.633,98.33228125,10169.60033152897,
6,3185,7550.396151,MLP,8,0.0,0,0.0,9,218.927,27.365875,36541.860985625346,
6,3186,7550.657017,MLP,16,0.0,0,0.0,21,175.574,10.973375,91129.66612368573,
6,3187,7550.879129,SGD,16,0.01,0,0.0,20,153.761,9.6100625,104057.59587931921,
6,3188,7551.079709,NB,32,0.05,0,0.0,16,122.989,3.84340625,260185.87028108203,
6,3189,7551.239295,AB,1,1.0,1,1.0,16,7660.947,7660.947,130.53216527930556,2.0
6,3190,7571.424511,LoR,8,0.1,2,0.25,1,159.093,19.886625,50285.05339644108,
6,3191,7571.642508,MLP,100,0.0,0,0.0,23,235.036,2.3503600000000002,425466.7370105005,
6,3192,7571.923846,NB,32,0.01,0,0.0,17,118.839,3.71371875,269271.8720285428,
6,3193,7572.081392,RF,16,1.0,16,1.0,1,3063.805,191.4878125,5222.264471792429,
6,3194,7575.18881,NB,1,0.05,0,0.0,24,109.62,109.62,9122.422915526364,
6,3195,7575.366221,RF,8,0.05,3,0.375,16,3015.429,376.928625,2653.0221736276994,
6,3196,7578.442997,LoR,8,0.5,3,0.375,22,159.846,19.98075,50048.17136493875,
6,3197,7578.668481,MLP,32,0.05,1,0.03125,29,192.472,6.01475,166257.9492081965,
6,3198,7578.900199,AB,1,0.05,0,0.0,27,7698.475,7698.475,129.89585599745405,2.0
6,3199,7599.8554,GB,8,0.0,0,0.0,7,263.507,32.938375,30359.724789094787,
6,3200,7600.208489,LoR,100,0.05,4,0.04,8,199.674,1.99674,500816.3306189088,
6,3201,7600.447806,SGD,1,0.5,0,0.0,11,147.068,147.068,6799.5757064759155,
6,3202,7600.752967,NB,1,0.5,1,1.0,23,108.71,108.71,9198.785760279643,
6,3203,7600.90842,MLP,1,0.1,0,0.0,23,172.788,172.788,5787.438942519156,
6,3204,7601.243665,MLP,100,1.0,100,1.0,6,232.007,2.32007,431021.47780023876,
6,3205,7601.513356,NB,1,1.0,1,1.0,0,140.515,140.515,7116.677934740064,
6,3206,7601.701953,DT,1,0.05,0,0.0,6,93.219,93.219,10727.426812130574,16.0
6,3207,7602.012485,LoR,100,1.0,100,1.0,2,168.369,1.68369,593933.5625916885,
6,3208,7602.241349,LoR,16,0.05,1,0.0625,8,147.27,9.204375,108643.9872343315,
6,3209,7602.444496,LoR,100,1.0,100,1.0,18,156.933,1.56933,637214.6075076625,
6,3210,7602.641978,RF,8,0.1,0,0.0,12,3147.39,393.42375,2541.7885930882417,
6,3211,7605.859059,SGD,32,0.05,1,0.03125,14,170.052,5.314125,188177.7338696399,
6,3212,7606.087098,SGD,8,0.5,4,0.5,0,153.413,19.176625,52146.81936993605,
6,3213,7606.296765,GB,8,0.5,3,0.375,22,233.243,29.155375,34298.992895821095,
6,3214,7606.571917,DT,16,0.0,0,0.0,13,90.798,5.674875,176215.33513954052,
6,3215,7606.719926,DT,8,0.1,2,0.25,6,85.656,10.707,93396.84318670028,
6,3216,7606.84279,AB,1,0.01,0,0.0,3,7737.037,7737.037,129.24844485039944,2.0
6,3217,7627.240404,NB,16,0.1,2,0.125,27,121.318,7.582375,131884.7986283981,
6,3218,7627.404269,LoR,32,1.0,32,1.0,12,161.19,5.0371875,198523.48160555866,
6,3219,7627.608841,SGD,16,0.05,0,0.0,0,150.413,9.4008125,106373.78418088862,
6,3220,7627.798523,AB,1,0.5,1,1.0,0,8011.177,8011.177,124.8256030293676,2.0
6,3221,7648.580855,RF,16,0.5,4,0.25,6,3253.142,203.321375,4918.322040660998,
6,3222,7651.884649,RF,32,1.0,32,1.0,4,3187.48,99.60875,10039.278677826998,
6,3223,7655.117313,DT,16,1.0,16,1.0,12,93.774,5.860875,170622.9871819481,
6,3224,7655.272283,SGD,16,0.5,8,0.5,17,175.554,10.972125,91140.04807637536,
6,3225,7655.48812,AB,1,0.05,0,0.0,24,7665.505,7665.505,130.4545493088844,2.0
6,3226,7675.875573,AB,16,0.05,2,0.125,1,8047.9,502.99375,1988.0962735620474,
6,3227,7683.971312,DT,32,0.0,0,0.0,18,84.354,2.6360625,379353.6761742182,
6,3228,7684.114799,LoR,16,0.0,0,0.0,23,199.874,12.492125,80050.43177201637,
6,3229,7684.35813,MLP,16,0.05,0,0.0,14,247.302,15.456375,64698.22322504468,
6,3230,7684.67308,AB,32,0.5,20,0.625,26,8434.534,263.5791875,3793.9262560326392,
6,3231,7693.198437,MLP,32,0.1,2,0.0625,13,232.856,7.27675,137423.98735699317,
6,3232,7693.485946,SGD,64,1.0,64,1.0,23,200.65,3.13515625,318963.3690505856,
6,3233,7693.731019,SGD,16,0.01,0,0.0,23,148.183,9.2614375,107974.598975591,
6,3234,7693.938001,DT,100,1.0,100,1.0,4,96.963,0.96963,1031321.2256221446,
6,3235,7694.082572,DT,32,0.01,0,0.0,26,114.089,3.56528125,280482.7809867735,
6,3236,7694.265506,AB,64,0.5,24,0.375,0,8796.882,137.45128125,7275.305045583197,
6,3237,7703.13951,DT,32,0.1,5,0.15625,17,86.218,2.6943125,371152.19559720706,
6,3238,7703.285018,RF,100,1.0,100,1.0,2,3510.396,35.10396,28486.814592997485,
6,3239,7706.837448,RF,1,1.0,1,1.0,20,3111.329,3111.329,321.40606152547673,7.49
6,3240,7723.322757,RF,1,0.5,0,0.0,9,3194.27,3194.27,313.06057409048077,9.99
6,3241,7739.350764,DT,32,0.1,5,0.15625,18,96.179,3.00559375,332712.9622890652,
6,3242,7739.51903,NB,64,0.5,33,0.515625,4,148.015,2.312734375,432388.60926257476,
6,3243,7739.733954,MLP,64,0.1,10,0.15625,18,258.007,4.031359375,248055.28532171607,
6,3244,7740.060896,GB,64,0.5,32,0.5,5,305.9,4.7796875,209218.6989212161,
6,3245,7740.428335,AB,8,0.1,1,0.125,12,8010.608,1001.326,998.6757559476134,
6,3246,7748.52114,AB,100,0.05,7,0.07,11,8661.545,86.61545,11545.284357467403,
6,3247,7757.224585,LoR,8,1.0,8,1.0,28,160.081,20.010125,49974.70030796909,
6,3248,7757.456011,LoR,64,0.1,5,0.078125,8,193.346,3.02103125,331012.7957133843,
6,3249,7757.729707,RF,100,0.1,9,0.09,13,3553.081,35.53081,28144.58775355811,
6,3250,7761.367679,MLP,100,0.5,52,0.52,2,290.44,2.9044,344305.1921222972,
6,3251,7761.730602,DT,64,0.5,37,0.578125,10,97.373,1.521453125,657266.3880131042,
6,3252,7761.889149,AB,32,0.5,18,0.5625,29,8127.056,253.9705,3937.465178042332,
6,3253,7770.071156,SGD,64,0.05,0,0.0,26,165.848,2.591375,385895.51878828806,
6,3254,7770.278637,LoR,16,1.0,16,1.0,29,147.665,9.2290625,108353.36741949683,
6,3255,7770.470179,NB,32,1.0,32,1.0,27,120.472,3.76475,265621.8872435089,
6,3256,7770.647329,GB,8,0.5,6,0.75,20,233.324,29.1655,34287.08576914505,
6,3257,7770.934007,AB,64,0.01,0,0.0,2,8392.234,131.12865625,7626.098128341035,
6,3258,7779.369016,NB,8,0.0,0,0.0,22,111.06,13.8825,72033.13524221141,
6,3259,7779.523526,RF,32,0.0,0,0.0,5,3453.315,107.91609375,9266.458460928123,
6,3260,7783.049572,GB,1,0.1,0,0.0,0,341.076,341.076,2931.897876133178,4.0
6,3261,7796.796083,RF,16,0.01,0,0.0,0,3274.798,204.674875,4885.797536214448,
6,3262,7800.153785,MLP,64,0.5,30,0.46875,17,268.508,4.1954375,238354.16449416778,
6,3263,7800.465783,SGD,16,0.0,0,0.0,17,163.922,10.245125,97607.39864081697,
6,3264,7800.700904,MLP,64,0.05,5,0.078125,18,210.539,3.289671875,303981.68510347256,
6,3265,7800.951154,DT,8,1.0,8,1.0,19,90.434,11.30425,88462.3040007077,
6,3266,7801.080011,AB,8,0.0,0,0.0,6,8168.348,1021.0435,979.3902022783554,
6,3267,7809.336063,NB,64,0.1,10,0.15625,3,151.294,2.36396875,423017.4362499504,
6,3268,7809.52663,RF,8,1.0,8,1.0,1,3369.962,421.24525,2373.9140085259123,
6,3269,7812.98372,DT,100,0.01,3,0.03,29,110.153,1.1015300000000001,907828.2025909417,
6,3270,7813.132086,SGD,1,0.0,0,0.0,6,170.979,170.979,5848.671474274618,
6,3271,7813.507002,DT,100,0.01,2,0.02,16,131.358,1.31358,761278.3385861538,
6,3272,7813.678311,SGD,1,0.1,1,1.0,28,151.366,151.366,6606.503441988292,
6,3273,7814.002047,MLP,32,0.1,6,0.1875,9,209.251,6.53909375,152926.3898380414,
6,3274,7814.282846,AB,64,0.01,2,0.03125,16,8967.83,140.12234375,7136.620564841216,
6,3275,7823.354358,MLP,64,0.5,35,0.546875,14,256.782,4.01221875,249238.65379972119,
6,3276,7823.685577,LoR,64,0.05,4,0.0625,1,167.553,2.618015625,381968.6905039003,
6,3277,7823.898912,GB,16,0.0,0,0.0,11,283.154,17.697125,56506.353433114135,
6,3278,7824.240882,DT,16,0.01,0,0.0,9,92.0,5.75,173913.04347826086,
6,3279,7824.37273,RF,16,1.0,16,1.0,0,3187.485,199.2178125,5019.631464932384,
6,3280,7827.63645,DT,64,0.1,6,0.09375,1,100.317,1.567453125,637977.610973215,
6,3281,7827.796553,MLP,16,0.1,2,0.125,12,194.521,12.1575625,82253.3299746557,
6,3282,7828.032103,NB,1,0.05,0,0.0,9,111.334,111.334,8981.982143819498,
6,3283,7828.194746,MLP,1,1.0,1,1.0,25,168.013,168.013,5951.920387112902,
6,3284,7828.530312,LoR,64,1.0,64,1.0,18,160.329,2.505140625,399179.1877950963,
6,3285,7828.728945,RF,1,0.0,0,0.0,14,3068.672,3068.672,325.87386335196464,9.99
6,3286,7844.664404,AB,1,0.01,0,0.0,25,7758.519,7758.519,128.890578214734,2.0
6,3287,7865.048421,MLP,8,0.01,0,0.0,6,188.127,23.515875,42524.46485618757,
6,3288,7865.278717,RF,1,0.05,0,0.0,28,3077.755,3077.755,324.91215187693626,12.76
6,3289,7881.185759,NB,32,0.0,0,0.0,13,130.314,4.0723125,245560.72256242615,
6,3290,7881.357213,GB,16,0.0,0,0.0,24,277.083,17.3176875,57744.43036923953,
6,3291,7881.728002,DT,100,0.1,6,0.06,2,101.0,1.01,990099.0099009901,
6,3292,7881.868207,NB,1,0.05,0,0.0,19,105.622,105.622,9467.724527087159,
6,3293,7882.03833,RF,8,0.5,2,0.25,14,3099.756,387.4695,2580.8482990274074,
6,3294,7885.179437,DT,1,1.0,1,1.0,23,91.063,91.063,10981.40847545106,4.0
6,3295,7885.476176,NB,100,0.0,0,0.0,9,190.384,1.9038399999999998,525254.2230439533,
6,3296,7885.723753,GB,100,1.0,100,1.0,13,300.938,3.0093799999999997,332294.3596355396,
6,3297,7886.104375,AB,100,0.1,8,0.08,5,8681.228,86.81227999999999,11519.107665413236,
6,3298,7894.867309,GB,100,0.01,4,0.04,3,280.044,2.80044,357086.7435117339,
6,3299,7895.208175,SGD,100,0.0,0,0.0,3,187.042,1.87042,534639.2788785406,
6,3300,7895.435158,DT,8,0.0,0,0.0,0,87.924,10.9905,90987.67117055638,
6,3301,7895.589752,AB,32,0.5,13,0.40625,10,8139.741,254.36690625,3931.3290189454433,
6,3302,7903.812701,SGD,100,0.05,6,0.06,29,231.301,2.31301,432337.08457810385,
6,3303,7904.122324,NB,100,0.05,6,0.06,16,151.271,1.5127099999999998,661065.2405285878,
6,3304,7904.369688,GB,64,0.05,6,0.09375,7,403.785,6.309140625,158500.19193382617,
6,3305,7904.826977,SGD,8,0.0,0,0.0,5,238.592,29.824,33530.042918454936,
6,3306,7905.127033,SGD,100,0.0,0,0.0,2,174.193,1.7419300000000002,574075.8813499968,
6,3307,7905.355959,MLP,64,0.0,0,0.0,12,239.627,3.744171875,267081.7562294733,
6,3308,7905.651816,SGD,1,0.1,0,0.0,15,177.624,177.624,5629.869837409359,
6,3309,7906.003589,DT,1,0.05,0,0.0,10,94.33,94.33,10601.08131029365,17.0
6,3310,7906.367993,NB,32,0.05,3,0.09375,13,133.036,4.157375,240536.39616344447,
6,3311,7906.544445,DT,16,0.01,0,0.0,16,93.188,5.82425,171695.92651414344,
6,3312,7906.697161,SGD,100,0.01,0,0.0,24,180.308,1.80308,554606.5621048429,
6,3313,7906.917683,GB,1,0.05,0,0.0,6,236.566,236.566,4227.15013991867,4.0
6,3314,7919.853407,NB,64,0.05,1,0.015625,22,138.907,2.170421875,460739.9195144953,
6,3315,7920.068905,LoR,100,0.5,44,0.44,10,177.493,1.77493,563402.5003802967,
6,3316,7920.283263,DT,1,0.0,0,0.0,1,89.439,89.439,11180.804794329097,16.0
6,3317,7920.554067,NB,1,0.0,0,0.0,1,104.473,104.473,9571.851100284284,
6,3318,7920.726975,NB,16,0.05,2,0.125,8,111.863,6.9914375,143032.1017673404,
6,3319,7920.876241,SGD,1,0.01,0,0.0,2,151.527,151.527,6599.483920357428,
6,3320,7921.197709,AB,8,0.1,2,0.25,21,7986.961,998.370125,1001.6325358293348,
6,3321,7929.248483,NB,16,0.5,7,0.4375,9,114.531,7.1581875,139700.16851332827,
6,3322,7929.438057,NB,100,0.1,10,0.1,0,146.632,1.46632,681979.3769436412,
6,3323,7929.677996,RF,8,0.5,4,0.5,4,3167.483,395.935375,2525.6646997000457,
6,3324,7932.899604,RF,64,0.0,0,0.0,11,3403.738,53.18340625,18802.85732920689,
6,3325,7936.378211,DT,64,0.1,4,0.0625,28,99.285,1.551328125,644608.954021252,
6,3326,7936.51859,RF,8,0.01,0,0.0,15,3112.086,389.01075,2570.6230483347827,
6,3327,7939.706335,NB,64,0.01,2,0.03125,13,142.723,2.230046875,448421.0673822719,
6,3328,7939.905975,NB,8,0.5,7,0.875,6,111.573,13.946625,71701.93505597232,
6,3329,7940.056211,GB,8,0.1,0,0.0,2,232.401,29.050125,34423.25979664459,
6,3330,7940.341464,NB,64,0.01,0,0.0,27,135.738,2.12090625,471496.559548542,
6,3331,7940.538633,MLP,32,0.5,14,0.4375,17,216.828,6.775875,147582.4155551866,
6,3332,7940.82513,RF,64,0.1,7,0.109375,18,3365.552,52.58675,19016.19704583379,
6,3333,7944.274706,SGD,100,0.05,2,0.02,21,185.009,1.8500899999999998,540514.2452529337,
6,3334,7944.498129,RF,1,0.0,0,0.0,3,3059.265,3059.265,326.87589993021203,9.91
6,3335,7960.39343,SGD,32,0.05,0,0.0,8,165.574,5.1741875,193267.05883774022,
6,3336,7960.630222,DT,64,0.1,8,0.125,4,93.455,1.460234375,684821.5718795143,
6,3337,7960.761536,DT,8,0.0,0,0.0,9,83.194,10.39925,96160.7808255403,
6,3338,7960.899936,RF,100,1.0,100,1.0,13,3366.904,33.66904,29700.87653226822,
6,3339,7964.330471,LoR,8,0.5,3,0.375,28,164.403,20.550375,48660.91251376192,
6,3340,7964.53908,SGD,32,0.0,0,0.0,20,155.646,4.8639375,205594.74705421278,
6,3341,7964.737957,GB,32,0.0,0,0.0,19,240.948,7.529625,132808.73881501402,
6,3342,7965.019838,MLP,8,1.0,8,1.0,26,188.175,23.521875,42513.617643151316,
6,3343,7965.25025,LoR,8,0.05,0,0.0,27,149.353,18.669125,53564.37433463003,
6,3344,7965.462452,SGD,32,0.05,2,0.0625,9,187.177,5.84928125,170961.17578548647,
6,3345,7965.686378,AB,1,1.0,1,1.0,24,7638.026,7638.026,130.9238800705837,2.0
6,3346,7985.940925,GB,1,0.05,0,0.0,26,213.49,213.49,4684.06014333224,4.0
6,3347,7998.804475,SGD,100,0.1,11,0.11,5,179.218,1.7921799999999999,557979.6672209265,
6,3348,7999.023999,LoR,1,0.1,0,0.0,1,146.233,146.233,6838.401728747956,
6,3349,7999.319774,GB,1,1.0,1,1.0,17,200.596,200.596,4985.144270075176,4.0
6,3350,8012.060078,AB,16,0.1,0,0.0,10,8411.149,525.6968125,1902.2371378749801,
6,3351,8020.532754,NB,32,1.0,32,1.0,11,130.798,4.0874375,244652.05889998318,
6,3352,8020.725722,LoR,100,0.0,0,0.0,11,185.912,1.85912,537888.8936701235,
6,3353,8020.962457,DT,64,1.0,64,1.0,29,92.756,1.4493125,689982.3192030704,
6,3354,8021.115968,MLP,16,0.5,7,0.4375,6,201.353,12.5845625,79462.43661629078,
6,3355,8021.363155,MLP,32,0.01,0,0.0,17,195.756,6.117375,163468.80810805288,
6,3356,8021.656106,GB,16,0.1,1,0.0625,1,270.086,16.880375,59240.39009796879,
6,3357,8021.986398,GB,16,0.1,1,0.0625,17,219.81,13.738125,72790.13693644511,
6,3358,8022.282982,AB,32,0.05,3,0.09375,19,8878.605,277.45640625,3604.1697991970586,
6,3359,8031.256674,DT,32,0.0,0,0.0,29,84.831,2.65096875,377220.5915290401,
6,3360,8031.413515,RF,64,0.5,38,0.59375,12,3412.011,53.312671875,18757.26660904669,
6,3361,8034.895636,LoR,32,0.5,19,0.59375,25,188.23,5.8821875,170004.78138447646,
6,3362,8035.143565,GB,16,0.5,7,0.4375,19,262.501,16.4063125,60952.14875371904,
6,3363,8035.464893,MLP,8,0.5,4,0.5,20,200.761,25.095125,39848.37692579734,
6,3364,8035.712153,AB,32,0.01,0,0.0,27,8919.022,278.7194375,3587.8373211771423,
6,3365,8044.738771,NB,100,0.01,0,0.0,20,175.77,1.7577,568925.3001080957,
6,3366,8045.003985,NB,100,0.1,7,0.07,19,156.959,1.56959,637109.0539567658,
6,3367,8045.234457,SGD,100,0.01,0,0.0,17,210.15,2.1015,475850.5829169641,
6,3368,8045.508818,DT,16,0.1,3,0.1875,6,114.744,7.1715,139440.84222268703,
6,3369,8045.670366,GB,32,1.0,32,1.0,20,295.41,9.2315625,108324.02423750042,
6,3370,8046.015237,AB,32,0.0,0,0.0,22,8409.814,262.8066875,3805.078209815342,
6,3371,8054.497907,GB,16,0.01,0,0.0,10,260.469,16.2793125,61427.65549835105,
6,3372,8054.802714,RF,16,1.0,16,1.0,11,3177.476,198.59225,5035.443226007057,
6,3373,8058.025732,GB,16,1.0,16,1.0,1,256.535,16.0334375,62369.65716179078,
6,3374,8058.324565,MLP,16,0.0,0,0.0,20,219.434,13.714625,72914.8627833426,
6,3375,8058.609624,MLP,32,0.5,12,0.375,21,192.368,6.0115,166347.833319471,
6,3376,8058.859865,RF,8,0.5,4,0.5,29,3151.595,393.949375,2538.3972242626355,
6,3377,8062.093764,SGD,64,0.0,0,0.0,9,176.963,2.765046875,361657.5216288151,
6,3378,8062.312021,MLP,16,0.0,0,0.0,6,179.488,11.218,89142.44963451596,
6,3379,8062.531981,NB,1,0.05,0,0.0,5,107.75,107.75,9280.742459396752,
6,3380,8062.70582,MLP,8,0.5,4,0.5,16,173.584,21.698,46087.19697667988,
6,3381,8062.960112,SGD,100,0.5,57,0.57,27,167.086,1.6708600000000002,598494.1886214284,
6,3382,8063.166727,LoR,16,0.0,0,0.0,0,148.579,9.2861875,107686.81980629833,
6,3383,8063.390996,SGD,100,0.01,1,0.01,23,160.885,1.60885,621561.985268981,
6,3384,8063.610945,MLP,16,0.1,1,0.0625,20,173.783,10.8614375,92068.84447845878,
6,3385,8063.823364,LoR,1,0.05,0,0.0,28,141.341,141.341,7075.087907967256,
6,3386,8064.142582,GB,32,0.01,1,0.03125,8,231.475,7.23359375,138243.8708283832,
6,3387,8064.414355,LoR,8,0.0,0,0.0,14,153.026,19.12825,52278.697737639355,
6,3388,8064.606801,MLP,1,0.05,0,0.0,8,159.308,159.308,6277.148667989053,
6,3389,8064.932634,DT,16,0.05,1,0.0625,12,87.636,5.47725,182573.3716737414,
6,3390,8065.062411,MLP,32,0.0,0,0.0,18,184.383,5.76196875,173551.7916510741,
6,3391,8065.310893,GB,32,0.05,1,0.03125,25,227.543,7.11071875,140632.759522376,
6,3392,8065.624912,LoR,32,0.05,1,0.03125,15,185.128,5.78525,172853.37712285554,
6,3393,8065.884986,MLP,100,0.5,54,0.54,29,231.832,2.31832,431346.83736498846,
6,3394,8066.16589,DT,64,1.0,64,1.0,15,91.014,1.42209375,703188.5204474038,
6,3395,8066.298112,NB,16,0.1,0,0.0,23,114.896,7.181,139256.3709789723,
6,3396,8066.47268,LoR,32,0.5,15,0.46875,17,153.834,4.8073125,208016.43329823055,
6,3397,8066.668731,LoR,1,0.05,0,0.0,16,141.415,141.415,7071.3856380157695,
6,3398,8066.951824,DT,1,0.01,0,0.0,22,82.4,82.4,12135.922330097086,16.0
6,3399,8067.234842,LoR,1,0.0,0,0.0,5,145.082,145.082,6892.653809569761,
6,3400,8067.525154,NB,8,1.0,8,1.0,24,108.497,13.562125,73734.75764306847,
6,3401,8067.69742,SGD,100,1.0,100,1.0,21,165.077,1.65077,605777.9097027448,
6,3402,8067.90249,AB,16,1.0,16,1.0,15,8055.601,503.4750625,1986.195691668443,
6,3403,8075.997805,GB,1,0.0,0,0.0,5,197.207,197.207,5070.813916341712,4.0
6,3404,8088.954198,RF,64,0.1,5,0.078125,5,3482.973,54.421453125,18375.106554084687,
6,3405,8092.507159,NB,32,0.1,1,0.03125,12,129.767,4.05521875,246595.82174204537,
6,3406,8092.704538,LoR,64,0.5,39,0.609375,10,170.747,2.667921875,374823.5693745717,
6,3407,8092.937342,AB,16,0.05,1,0.0625,12,7956.437,497.2773125,2010.9503789196094,
6,3408,8100.974771,GB,100,0.5,54,0.54,23,298.165,2.98165,335384.77017758624,
6,3409,8101.316377,NB,8,0.05,0,0.0,4,115.829,14.478625,69067.33201529842,
6,3410,8101.49373,RF,32,0.5,21,0.65625,17,3305.9,103.309375,9679.663631688798,
6,3411,8104.843652,DT,16,0.0,0,0.0,16,93.577,5.8485625,170982.18579351765,
6,3412,8104.97717,LoR,1,0.01,0,0.0,14,154.307,154.307,6480.587400441977,
6,3413,8105.328685,RF,100,1.0,100,1.0,1,3484.957,34.84957,28694.758644080834,
6,3414,8108.85892,SGD,16,1.0,16,1.0,8,168.891,10.5556875,94735.6579095393,
6,3415,8109.069656,LoR,1,0.01,0,0.0,16,149.409,149.409,6693.03723336613,
6,3416,8109.370869,SGD,8,0.01,0,0.0,23,149.266,18.65825,53595.59444213686,
6,3417,8109.602782,MLP,100,0.05,3,0.03,13,277.291,2.77291,360631.9714667984,
6,3418,8109.958483,GB,100,0.1,8,0.08,9,294.365,2.94365,339714.30027347,
6,3419,8110.333794,MLP,100,0.01,2,0.02,0,245.717,2.45717,406972.2485623705,
6,3420,8110.66196,AB,100,0.05,7,0.07,25,8771.496,87.71495999999999,11400.563826284593,
6,3421,8119.476928,DT,1,0.5,1,1.0,26,79.489,79.489,12580.357030532527,11.0
6,3422,8119.786561,GB,100,0.5,47,0.47,24,298.496,2.9849599999999996,335012.8644939966,
6,3423,8120.147521,RF,8,0.05,1,0.125,0,3164.421,395.552625,2528.108617658649,
6,3424,8123.381534,GB,32,0.1,3,0.09375,19,242.849,7.58903125,131769.1240235702,
6,3425,8123.696609,MLP,64,0.1,5,0.078125,24,226.998,3.54684375,281940.8100511899,
6,3426,8123.983975,GB,8,0.1,2,0.25,27,221.006,27.62575,36198.1122684452,
6,3427,8124.24749,LoR,8,0.01,0,0.0,5,157.547,19.693375,50778.4978450875,
6,3428,8124.445183,GB,1,0.1,0,0.0,11,202.633,202.633,4935.030325761351,4.0
6,3429,8137.523929,MLP,100,0.01,1,0.01,15,294.731,2.94731,339292.4395465696,
6,3430,8137.88271,MLP,16,0.05,1,0.0625,9,183.187,11.4491875,87342.44242222428,
6,3431,8138.125535,RF,8,0.1,2,0.25,10,3133.761,391.720125,2552.843053442812,
6,3432,8141.302565,NB,8,0.0,0,0.0,24,124.43,15.55375,64293.17688660291,
6,3433,8141.46528,NB,1,1.0,1,1.0,12,104.048,104.048,9610.948792864832,
6,3434,8141.69418,RF,100,0.1,8,0.08,24,3481.666,34.81666,28721.88199557338,
6,3435,8145.241004,GB,100,0.01,0,0.0,22,305.984,3.05984,326814.4739594227,
6,3436,8145.594411,SGD,1,0.5,1,1.0,19,198.76,198.76,5031.193399074261,
6,3437,8145.95563,GB,8,0.05,0,0.0,12,221.664,27.708,36090.65973726,
6,3438,8146.217126,SGD,1,1.0,1,1.0,10,153.845,153.845,6500.048750365628,
6,3439,8146.550744,GB,64,0.05,5,0.078125,20,254.867,3.982296875,251111.363966304,
6,3440,8146.865089,NB,100,0.0,0,0.0,5,154.129,1.5412899999999998,648807.1680215923,
6,3441,8147.065058,LoR,32,0.01,0,0.0,11,161.787,5.05584375,197790.92263284442,
6,3442,8147.28348,DT,100,1.0,100,1.0,14,98.306,0.9830599999999999,1017231.9085305068,
6,3443,8147.439195,RF,8,0.5,6,0.75,21,3119.575,389.946875,2564.451888478399,
6,3444,8150.62358,DT,8,0.1,1,0.125,19,94.912,11.864,84288.60418071476,
6,3445,8150.758397,MLP,1,0.05,1,1.0,14,177.411,177.411,5636.6290703507675,
6,3446,8151.086852,MLP,1,0.0,0,0.0,12,162.061,162.061,6170.516040256446,
6,3447,8151.396181,MLP,8,0.0,0,0.0,27,169.986,21.24825,47062.69928111727,
6,3448,8151.60829,MLP,16,1.0,16,1.0,25,171.879,10.7424375,93088.74266198896,
6,3449,8151.844281,MLP,32,0.5,16,0.5,14,183.633,5.73853125,174260.61764497665,
6,3450,8152.065545,NB,1,0.0,0,0.0,25,102.123,102.123,9792.113431841994,
6,3451,8152.215132,GB,1,0.05,0,0.0,12,204.364,204.364,4893.2297273492395,4.0
6,3452,8165.130898,DT,8,0.01,0,0.0,29,90.304,11.288,88589.6527285613,
6,3453,8165.291554,MLP,64,0.1,4,0.0625,26,222.06,3.4696875,288210.3935873187,
6,3454,8165.557226,LoR,16,0.01,0,0.0,27,190.402,11.900125,84032.73074862659,
6,3455,8165.787924,DT,1,0.5,1,1.0,15,85.416,85.416,11707.408448065937,11.0
6,3456,8166.082938,RF,32,0.01,1,0.03125,7,3218.141,100.56690625,9943.628946028157,
6,3457,8169.346335,MLP,16,0.0,0,0.0,18,196.78,12.29875,81309.07612562252,
6,3458,8169.650117,NB,100,0.5,49,0.49,10,166.771,1.6677099999999998,599624.6349785035,
6,3459,8169.892973,AB,100,0.5,50,0.5,5,8777.993,87.77993000000001,11392.125739904326,
6,3460,8178.717893,SGD,32,1.0,32,1.0,2,158.416,4.9505,201999.798000202,
6,3461,8178.934315,NB,100,1.0,100,1.0,18,149.761,1.4976099999999999,667730.5840639418,
6,3462,8179.153935,AB,64,0.01,2,0.03125,20,8369.939,130.780296875,7646.4117599901265,
6,3463,8187.573457,MLP,8,0.0,0,0.0,2,196.877,24.609625,40634.507839920356,
6,3464,8187.817213,GB,16,0.05,0,0.0,7,288.839,18.0524375,55394.18153365716,
6,3465,8188.148472,AB,1,0.01,0,0.0,29,7861.866,7861.866,127.19626612816856,2.0
6,3466,8208.910078,NB,100,1.0,100,1.0,29,164.939,1.64939,606284.7476946022,
6,3467,8209.139576,AB,8,0.5,1,0.125,14,8034.476,1004.3095,995.7089920985513,
6,3468,8217.238628,MLP,100,0.01,0,0.0,8,264.178,2.64178,378532.65601223416,
6,3469,8217.542592,LoR,1,1.0,1,1.0,24,188.856,188.856,5295.03960689626,
6,3470,8217.890895,NB,16,0.05,0,0.0,15,114.716,7.16975,139474.8770877646,
6,3471,8218.049217,MLP,32,0.0,0,0.0,10,193.018,6.0318125,165787.64674797168,
6,3472,8218.30415,RF,16,0.1,2,0.125,2,3230.389,201.8993125,4952.963869057256,
6,3473,8221.576156,RF,1,1.0,1,1.0,16,3080.506,3080.506,324.62199391918085,7.88
6,3474,8237.607327,LoR,32,0.01,0,0.0,24,201.676,6.302375,158670.34252960194,
6,3475,8237.853785,AB,32,0.0,0,0.0,18,8136.87,254.2771875,3932.7161426936896,
6,3476,8246.059396,AB,32,0.05,1,0.03125,17,8146.941,254.59190625,3927.854638937486,
6,3477,8254.289278,GB,100,0.01,4,0.04,28,309.173,3.09173,323443.50897394016,
6,3478,8254.671358,SGD,64,0.05,3,0.046875,14,175.12,2.73625,365463.6820465966,
6,3479,8254.886807,RF,1,0.5,1,1.0,17,3073.654,3073.654,325.34566350018576,7.49
6,3480,8271.47889,DT,16,0.5,7,0.4375,22,103.94,6.49625,153934.96247835289,
6,3481,8271.644283,MLP,8,0.5,3,0.375,12,226.316,28.2895,35348.80432669365,
6,3482,8271.948531,RF,64,0.05,5,0.078125,20,3695.035,57.734921875,17320.539588934884,
6,3483,8275.690499,MLP,8,0.1,0,0.0,7,196.734,24.59175,40664.04383583926,
6,3484,8275.936534,DT,32,0.05,0,0.0,3,93.742,2.9294375,341362.46293017,
6,3485,8276.082762,DT,64,0.01,0,0.0,26,92.172,1.4401875,694354.0337629649,
6,3486,8276.233384,RF,16,0.5,10,0.625,13,3185.203,199.0751875,5023.227718924038,
6,3487,8279.463843,DT,8,0.05,0,0.0,11,92.727,11.590875,86274.76355322613,
6,3488,8279.617278,GB,16,0.1,1,0.0625,9,260.294,16.268375,61468.95433625055,
6,3489,8279.938617,GB,16,0.05,1,0.0625,6,225.898,14.118625,70828.4269891721,
6,3490,8280.243865,DT,100,0.5,46,0.46,26,98.912,0.9891200000000001,1010999.6764801035,
6,3491,8280.409727,RF,64,0.05,3,0.046875,13,3365.956,52.5930625,19013.914620393134,
6,3492,8283.849741,MLP,64,0.05,2,0.03125,4,230.884,3.6075625,277195.4747838742,
6,3493,8284.160382,AB,100,0.01,1,0.01,11,8727.611,87.27611,11457.889220773015,
6,3494,8292.929834,MLP,8,0.0,0,0.0,15,178.029,22.253625,44936.499109695615,
6,3495,8293.170501,LoR,16,0.1,2,0.125,15,155.328,9.708,103007.82859497321,
6,3496,8293.374955,DT,64,0.0,0,0.0,4,91.675,1.432421875,698118.3528770112,
6,3497,8293.523966,RF,8,0.5,2,0.25,12,3082.288,385.286,2595.474530608431,
6,3498,8296.653493,MLP,16,1.0,16,1.0,28,193.84,12.115,82542.30293025175,
6,3499,8296.900596,AB,64,0.0,0,0.0,26,8372.881,130.826265625,7643.725021291955,
6,3500,8305.313789,GB,1,0.0,0,0.0,21,212.92,212.92,4696.599661844824,4.0
6,3501,8318.215849,NB,100,0.05,5,0.05,3,159.583,1.59583,626633.1626802353,
6,3502,8318.430946,MLP,100,0.0,0,0.0,29,247.171,2.47171,404578.20699030225,
6,3503,8318.719416,RF,1,0.01,0,0.0,18,3042.215,3042.215,328.707865814875,9.99
6,3504,8334.507675,SGD,16,0.01,0,0.0,26,163.231,10.2019375,98020.59657785592,
6,3505,8334.735315,SGD,32,0.1,2,0.0625,9,155.877,4.87115625,205290.0684514072,
6,3506,8334.949622,SGD,16,0.5,7,0.4375,25,149.723,9.3576875,106864.00886971272,
6,3507,8335.141875,SGD,1,0.01,0,0.0,23,142.169,142.169,7033.882210608501,
6,3508,8335.465871,GB,64,0.1,7,0.109375,11,254.587,3.977921875,251387.5413905659,
6,3509,8335.767931,DT,32,0.01,0,0.0,1,93.222,2.9131875,343266.6108858424,
6,3510,8335.918076,GB,100,1.0,100,1.0,3,284.102,2.84102,351986.25845646986,
6,3511,8336.274291,AB,64,0.1,6,0.09375,15,8394.278,131.16059375,7624.241179527292,
6,3512,8344.732792,GB,16,0.1,4,0.25,11,218.248,13.6405,73311.09563432426,
6,3513,8345.00342,SGD,64,1.0,64,1.0,2,167.723,2.620671875,381581.536223416,
6,3514,8345.214673,DT,16,0.01,0,0.0,15,87.815,5.4884375,182201.2184706485,
6,3515,8345.340071,LoR,8,0.0,0,0.0,2,150.145,18.768125,53281.82756668553,
6,3516,8345.552677,SGD,32,0.5,15,0.46875,15,157.599,4.92496875,203046.97364830997,
6,3517,8345.762798,NB,64,1.0,64,1.0,18,132.15,2.06484375,484298.1460461597,
6,3518,8345.952017,SGD,100,0.01,0,0.0,22,167.433,1.6743299999999999,597253.8269038959,
6,3519,8346.160051,SGD,16,0.0,0,0.0,0,147.739,9.2336875,108299.09502568719,
6,3520,8346.37685,AB,64,0.05,2,0.03125,22,8279.657,129.369640625,7729.788806468675,
6,3521,8354.724363,SGD,32,0.05,3,0.09375,24,158.367,4.94896875,202062.2983323546,
6,3522,8354.942853,RF,16,0.1,3,0.1875,1,3168.891,198.0556875,5049.084995350108,
6,3523,8358.155382,AB,1,0.05,0,0.0,9,7720.809,7720.809,129.52010598889314,2.0
6,3524,8378.56149,GB,64,0.01,1,0.015625,24,261.911,4.092359375,244357.8162047413,
6,3525,8378.869285,AB,32,0.0,0,0.0,13,8212.915,256.65359375,3896.3023481918412,
6,3526,8387.129322,SGD,32,1.0,32,1.0,12,161.408,5.044,198255.35289452816,
6,3527,8387.333058,NB,1,0.0,0,0.0,14,104.16,104.16,9600.614439324117,
6,3528,8387.516571,AB,64,0.05,4,0.0625,15,8373.903,130.842234375,7642.7921364744725,
6,3529,8395.954284,SGD,100,0.01,0,0.0,4,173.678,1.73678,575778.1641889013,
6,3530,8396.168138,DT,8,0.0,0,0.0,3,85.472,10.684,93597.90340696368,
6,3531,8396.322586,SGD,64,0.05,9,0.140625,5,162.374,2.53709375,394151.7730671167,
6,3532,8396.52426,SGD,1,0.5,1,1.0,10,143.816,143.816,6953.329254046837,
6,3533,8396.818816,MLP,1,0.1,0,0.0,8,166.324,166.324,6012.361415069382,
6,3534,8397.158568,NB,32,0.1,5,0.15625,2,121.222,3.7881875,263978.48575341114,
6,3535,8397.337989,LoR,16,0.05,2,0.125,10,152.567,9.5354375,104871.9578939089,
6,3536,8397.54904,SGD,16,0.5,6,0.375,15,186.119,11.6324375,85966.50530037234,
6,3537,8397.802753,DT,64,0.05,5,0.078125,12,92.761,1.449390625,689945.1278015545,
6,3538,8397.946432,LoR,64,0.0,0,0.0,11,157.229,2.456703125,407049.59008834243,
6,3539,8398.160019,AB,100,0.0,0,0.0,16,9161.647,91.61647,10915.068000327889,
6,3540,8407.388851,NB,8,0.1,0,0.0,19,118.226,14.77825,67667.01064063743,
6,3541,8407.544398,MLP,1,0.0,0,0.0,11,191.707,191.707,5216.2936147349865,
6,3542,8407.912487,SGD,16,0.1,4,0.25,20,169.034,10.564625,94655.51309204067,
6,3543,8408.165577,SGD,100,0.5,51,0.51,25,166.367,1.66367,601080.7431762309,
6,3544,8408.38221,SGD,64,1.0,64,1.0,25,170.304,2.661,375798.57196542656,
6,3545,8408.613635,GB,32,0.1,5,0.15625,28,269.995,8.43734375,118520.71334654345,
6,3546,8408.953466,RF,64,0.1,7,0.109375,19,3420.02,53.4378125,18713.340857655803,
6,3547,8412.455861,AB,100,0.5,45,0.45,4,8542.762,85.42762,11705.8159878503,
6,3548,8421.0444,DT,32,0.0,0,0.0,10,83.14,2.598125,384892.9516478229,
6,3549,8421.170285,GB,32,0.0,0,0.0,0,237.349,7.41715625,134822.56087027965,
6,3550,8421.461059,RF,64,0.01,0,0.0,14,3338.388,52.1623125,19170.92920295664,
6,3551,8424.846015,SGD,16,0.01,0,0.0,7,165.196,10.32475,96854.64539092957,
6,3552,8425.058347,RF,32,0.01,0,0.0,15,3202.128,100.0665,9993.354419311157,
6,3553,8428.328582,DT,16,0.1,2,0.125,22,96.401,6.0250625,165973.38201885874,
6,3554,8428.461499,DT,1,1.0,1,1.0,14,84.071,84.071,11894.70804439105,11.0
6,3555,8428.750979,AB,8,0.0,0,0.0,4,7793.166,974.14575,1026.5404329896219,
6,3556,8436.587916,LoR,8,0.01,0,0.0,22,154.87,19.35875,51656.22780396461,
6,3557,8436.842485,MLP,8,0.5,5,0.625,22,188.107,23.513375,42528.98616213113,
6,3558,8437.073231,NB,1,0.1,0,0.0,9,105.338,105.338,9493.250299037385,
6,3559,8437.223176,SGD,1,0.0,0,0.0,8,144.693,144.693,6911.184369665429,
6,3560,8437.553915,LoR,100,0.5,34,0.34,18,201.293,2.01293,496788.26387405425,
6,3561,8437.831818,MLP,100,0.1,6,0.06,5,231.16,2.3116,432600.79598546465,
6,3562,8438.12158,LoR,100,0.01,0,0.0,5,158.84,1.5884,629564.3414756987,
6,3563,8438.348382,MLP,64,0.5,34,0.53125,25,198.612,3.1033125,322236.3200612249,
6,3564,8438.609391,NB,32,0.05,1,0.03125,6,118.194,3.6935625,270741.32358664565,
6,3565,8438.776482,LoR,64,0.01,0,0.0,17,156.203,2.440671875,409723.2447520214,
6,3566,8438.983496,LoR,64,0.01,0,0.0,1,151.745,2.371015625,421760.1897920854,
6,3567,8439.206906,LoR,64,0.5,29,0.453125,5,150.613,2.353328125,424930.11891403794,
6,3568,8439.405699,LoR,64,0.0,0,0.0,5,147.346,2.30228125,434351.79780923814,
6,3569,8439.627105,LoR,100,0.5,48,0.48,3,155.141,1.55141,644574.9350590754,
6,3570,8439.841589,RF,32,0.05,3,0.09375,7,3252.959,101.65496875,9837.197456223703,
6,3571,8443.158719,LoR,16,0.5,11,0.6875,15,161.031,10.0644375,99359.75060702597,
6,3572,8443.396684,LoR,100,0.05,5,0.05,6,183.171,1.83171,545937.9486927516,
6,3573,8443.629384,NB,1,0.0,0,0.0,3,100.932,100.932,9907.660603178378,
6,3574,8443.774259,AB,1,1.0,1,1.0,25,7715.895,7715.895,129.6025930886825,2.0
6,3575,8463.95115,RF,8,1.0,8,1.0,18,3271.199,408.899875,2445.5864653908247,
6,3576,8467.298222,AB,64,0.01,1,0.015625,18,8287.553,129.493015625,7722.424218584183,
6,3577,8475.628832,NB,16,0.0,0,0.0,3,114.889,7.1805625,139264.85564327307,
6,3578,8475.783435,NB,16,1.0,16,1.0,14,107.405,6.7128125,148968.856198501,
6,3579,8475.937769,RF,64,1.0,64,1.0,19,3224.212,50.3783125,19849.811364761375,
6,3580,8479.223868,SGD,100,1.0,100,1.0,9,183.328,1.83328,545470.4136847617,
6,3581,8479.470722,RF,32,0.5,16,0.5,14,3211.982,100.3744375,9962.695930425512,
6,3582,8482.729636,RF,32,0.0,0,0.0,24,3321.554,103.7985625,9634.04478746996,
6,3583,8486.125005,SGD,64,0.1,8,0.125,23,211.964,3.3119375,301938.0649544262,
6,3584,8486.395481,AB,100,0.0,0,0.0,14,9079.392,90.79392,11013.953357229208,
6,3585,8495.54923,NB,64,1.0,64,1.0,29,148.598,2.32184375,430692.20312521025,
6,3586,8495.765123,GB,32,0.1,4,0.125,26,289.041,9.03253125,110710.9372026806,
6,3587,8496.096309,MLP,1,0.01,0,0.0,7,200.931,200.931,4976.832843115298,
6,3588,8496.454727,RF,1,0.0,0,0.0,15,3156.218,3156.218,316.8348954349795,9.08
6,3589,8512.344292,LoR,8,0.05,0,0.0,8,161.384,20.173,49571.209041788534,
6,3590,8512.556374,NB,64,0.0,0,0.0,23,133.627,2.087921875,478945.1233657868,
6,3591,8512.728637,GB,1,0.01,0,0.0,8,222.383,222.383,4496.746603832127,4.0
6,3592,8525.433959,AB,64,0.05,4,0.0625,8,8310.238,129.84746875,7701.3438122951475,
6,3593,8533.796471,RF,64,0.0,0,0.0,25,3326.011,51.968921875,19242.269493396143,
6,3594,8537.163043,SGD,1,0.0,0,0.0,11,160.08,160.08,6246.87656171914,
6,3595,8537.47938,NB,1,0.05,0,0.0,14,101.418,101.418,9860.182610581947,
6,3596,8537.678564,RF,1,0.01,1,1.0,1,2959.309,2959.309,337.9167231269191,6.82
6,3597,8554.136761,NB,32,0.5,19,0.59375,27,134.463,4.20196875,237983.68324371762,
6,3598,8554.314198,NB,32,1.0,32,1.0,7,115.636,3.613625,276730.4299699056,
6,3599,8554.464967,LoR,1,1.0,1,1.0,22,164.37,164.37,6083.835249741437,
6,3600,8554.80534,MLP,16,0.5,6,0.375,7,193.446,12.090375,82710.42047910011,
6,3601,8555.058656,DT,100,0.0,0,0.0,20,98.625,0.98625,1013941.6983523447,
6,3602,8555.233481,RF,100,0.05,6,0.06,7,3550.242,35.50242,28167.09396148206,
6,3603,8558.857724,GB,64,0.5,32,0.5,7,303.0,4.734375,211221.12211221122,
6,3604,8559.199738,DT,1,1.0,1,1.0,9,89.255,89.255,11203.854125819282,11.0
6,3605,8559.475557,MLP,1,0.5,1,1.0,5,176.308,176.308,5671.892370170384,
6,3606,8559.834426,MLP,64,0.01,1,0.015625,23,210.507,3.289171875,304027.8945593258,
6,3607,8560.082696,AB,1,1.0,1,1.0,19,7607.437,7607.437,131.45031631546865,2.0
6,3608,8580.300927,AB,100,0.5,46,0.46,10,8701.147,87.01147,11492.73768159531,
6,3609,8589.075768,GB,64,0.01,2,0.03125,15,259.104,4.0485,247005.0636038039,
6,3610,8589.376021,MLP,1,0.5,1,1.0,28,171.627,171.627,5826.589056500434,
6,3611,8589.767738,DT,32,0.05,1,0.03125,0,90.149,2.81715625,354967.8864990183,
6,3612,8589.940885,RF,32,0.05,1,0.03125,16,3275.517,102.35990625,9769.450135657975,
6,3613,8593.258921,SGD,1,0.05,0,0.0,14,162.689,162.689,6146.697072328185,
6,3614,8593.606655,SGD,8,1.0,8,1.0,22,173.242,21.65525,46178.178501749004,
6,3615,8593.859299,SGD,100,0.5,52,0.52,28,310.992,3.1099200000000002,321551.6797859752,
6,3616,8594.234894,AB,8,1.0,8,1.0,12,8309.154,1038.64425,962.7935647840923,
6,3617,8602.611068,AB,1,0.5,1,1.0,8,7731.562,7731.562,129.3399703707996,2.0
6,3618,8623.681445,SGD,32,0.5,12,0.375,7,192.651,6.02034375,166103.47208163983,
6,3619,8623.920723,SGD,32,1.0,32,1.0,20,156.497,4.89053125,204476.76313283958,
6,3620,8624.141748,SGD,32,0.5,17,0.53125,28,153.674,4.8023125,208233.01274125747,
6,3621,8624.354547,GB,100,1.0,100,1.0,8,324.247,3.24247,308406.8626695081,
6,3622,8624.720147,SGD,8,0.0,0,0.0,2,161.209,20.151125,49625.02093555571,
6,3623,8624.919447,GB,1,1.0,1,1.0,4,210.859,210.859,4742.5056554379935,4.0
6,3624,8638.277044,GB,1,0.1,0,0.0,3,231.248,231.248,4324.361724209507,4.0
6,3625,8651.084875,RF,100,0.0,0,0.0,16,3594.881,35.94881,27817.33247915578,
6,3626,8654.725017,LoR,1,0.01,0,0.0,7,178.541,178.541,5600.954402630208,
6,3627,8655.081199,NB,64,1.0,64,1.0,19,142.555,2.227421875,448949.5282522535,
6,3628,8655.282318,GB,100,0.0,0,0.0,3,289.006,2.8900599999999996,346013.577572784,
6,3629,8655.632833,DT,8,0.1,1,0.125,8,94.268,11.7835,84864.4290745534,
6,3630,8655.765076,AB,8,0.0,0,0.0,10,8015.968,1001.996,998.0079760797448,
6,3631,8663.845183,NB,16,0.5,8,0.5,5,116.505,7.2815625,137333.16166688126,
6,3632,8664.021059,NB,16,0.1,3,0.1875,11,109.49,6.843125,146132.0668554206,
6,3633,8664.203964,NB,100,0.1,11,0.11,6,146.127,1.46127,684336.228075578,
6,3634,8664.423468,DT,100,0.5,48,0.48,2,100.001,1.00001,999990.0000999989,
6,3635,8664.573143,AB,64,0.01,0,0.0,21,8330.0,130.15625,7683.073229291716,
6,3636,8672.98523,AB,100,0.5,47,0.47,27,8565.472,85.65472,11674.779860350953,
6,3637,8681.601623,SGD,32,0.0,0,0.0,8,160.045,5.00140625,199943.76581586432,
6,3638,8681.805581,GB,16,0.05,0,0.0,13,222.799,13.9249375,71813.60778100441,
6,3639,8682.076167,RF,32,0.05,0,0.0,25,3212.128,100.379,9962.243098656092,
6,3640,8685.333426,GB,16,1.0,16,1.0,6,233.489,14.5930625,68525.71213204904,
6,3641,8685.631279,LoR,100,1.0,100,1.0,23,180.527,1.80527,553933.7606009074,
6,3642,8685.862758,MLP,64,1.0,64,1.0,16,232.591,3.634234375,275161.1197337816,
6,3643,8686.140069,RF,16,0.1,0,0.0,9,3573.935,223.3709375,4476.858140956677,
6,3644,8689.795248,GB,8,0.1,0,0.0,10,332.744,41.593,24042.507152645874,
6,3645,8690.175592,NB,1,0.01,0,0.0,7,118.841,118.841,8414.604387374728,
6,3646,8690.365547,LoR,8,0.05,1,0.125,22,177.606,22.20075,45043.52330439287,
6,3647,8690.588377,MLP,1,0.1,0,0.0,5,180.831,180.831,5530.025272215495,
6,3648,8690.960315,DT,64,0.1,6,0.09375,9,96.965,1.515078125,660031.9702985613,
6,3649,8691.115517,DT,16,0.5,8,0.5,24,86.828,5.42675,184272.35454001013,
6,3650,8691.239821,RF,1,0.5,1,1.0,6,3157.45,3157.45,316.711270170549,7.9
6,3651,8707.799155,AB,32,0.05,3,0.09375,16,8647.121,270.22253125,3700.6536626467932,
6,3652,8716.514787,AB,1,0.5,0,0.0,29,8002.607,8002.607,124.95927889499009,2.0
6,3653,8737.519347,LoR,32,0.1,5,0.15625,0,225.059,7.03309375,142184.9381717683,
6,3654,8737.790845,GB,16,0.01,0,0.0,19,267.857,16.7410625,59733.3651911281,
6,3655,8738.124496,GB,100,0.01,0,0.0,17,289.331,2.89331,345624.90711330617,
6,3656,8738.46059,NB,32,1.0,32,1.0,18,134.503,4.20321875,237912.90900574712,
6,3657,8738.658626,LoR,32,0.1,1,0.03125,28,164.689,5.14653125,194305.6306128521,
6,3658,8738.882689,LoR,16,0.05,2,0.125,17,151.206,9.450375,105815.90677618614,
6,3659,8739.094809,LoR,32,0.05,2,0.0625,20,151.416,4.73175,211338.29978337826,
6,3660,8739.282548,LoR,1,1.0,1,1.0,14,140.733,140.733,7105.653968863024,
6,3661,8739.606967,AB,100,0.0,0,0.0,15,8671.682,86.71682000000001,11531.788181347056,
6,3662,8748.379788,GB,100,0.05,4,0.04,11,274.617,2.74617,364143.5162426215,
6,3663,8748.715209,SGD,8,0.5,4,0.5,4,163.9,20.4875,48810.25015253203,
6,3664,8748.928736,DT,64,0.0,0,0.0,29,94.281,1.473140625,678821.8198788727,
6,3665,8749.065704,SGD,16,0.01,0,0.0,14,153.31,9.581875,104363.70752070968,
6,3666,8749.276425,LoR,100,1.0,100,1.0,24,166.513,1.66513,600553.7105211004,
6,3667,8749.516,NB,64,0.05,8,0.125,8,183.561,2.868140625,348657.93932262296,
6,3668,8749.754735,RF,32,1.0,32,1.0,29,3235.704,101.11575,9889.65616137941,
6,3669,8753.056646,NB,16,0.5,11,0.6875,27,123.27,7.704375,129796.38192585383,
6,3670,8753.25005,MLP,64,0.05,1,0.015625,29,241.292,3.7701875,265238.79780514893,
6,3671,8753.536408,AB,32,1.0,32,1.0,24,8178.168,255.56775,3912.8567669434037,
6,3672,8761.755289,AB,1,1.0,1,1.0,23,7633.08,7633.08,131.0087146997018,2.0
6,3673,8782.155912,DT,64,0.1,9,0.140625,12,95.723,1.495671875,668595.8442589556,
6,3674,8782.310446,RF,100,1.0,100,1.0,16,3420.881,34.20881,29232.23578955246,
6,3675,8785.861048,AB,100,0.01,1,0.01,18,8730.244,87.30244,11454.43357596878,
6,3676,8794.652591,NB,100,1.0,100,1.0,15,154.285,1.54285,648151.1488479114,
6,3677,8794.8708,GB,100,0.0,0,0.0,1,294.851,2.94851,339154.35253738327,
6,3678,8795.211736,RF,16,0.01,0,0.0,19,3196.307,199.7691875,5005.776979495399,
6,3679,8798.455764,GB,32,0.0,0,0.0,10,251.924,7.872625,127022.43533764151,
6,3680,8798.781555,RF,64,0.1,7,0.109375,3,3362.168,52.533875,19035.336723209548,
6,3681,8802.22735,LoR,100,0.5,44,0.44,24,190.149,1.90149,525903.3705147016,
6,3682,8802.4773,GB,8,0.5,5,0.625,7,222.147,27.768375,36012.190126357775,
6,3683,8802.757862,NB,100,1.0,100,1.0,8,152.946,1.52946,653825.5331947224,
6,3684,8802.95477,LoR,32,0.0,0,0.0,14,162.653,5.08290625,196737.84067923742,
6,3685,8803.158336,DT,16,1.0,16,1.0,7,89.409,5.5880625,178952.9018331488,
6,3686,8803.289916,RF,32,1.0,32,1.0,10,3195.066,99.8458125,10015.442560497968,
6,3687,8806.532444,MLP,32,1.0,32,1.0,10,221.858,6.9330625,144236.40346527958,
6,3688,8806.794344,SGD,1,0.0,0,0.0,19,152.436,152.436,6560.130152982235,
6,3689,8807.143706,AB,100,0.5,54,0.54,26,8690.736,86.90736000000001,11506.505317846497,
6,3690,8815.89967,NB,16,0.1,1,0.0625,5,115.552,7.222,138465.79894765993,
6,3691,8816.054173,GB,8,1.0,8,1.0,29,216.16,27.02,37009.622501850485,
6,3692,8816.332846,NB,16,0.1,1,0.0625,15,117.278,7.329875,136427.97455618274,
6,3693,8816.50704,MLP,16,0.5,8,0.5,17,191.871,11.9919375,83389.36055995955,
6,3694,8816.738327,AB,8,1.0,8,1.0,23,8042.0,1005.25,994.7774185525989,
6,3695,8824.843216,LoR,100,0.01,0,0.0,14,171.753,1.7175299999999998,582231.4602947256,
6,3696,8825.058924,GB,16,0.05,0,0.0,24,218.623,13.6639375,73185.34646400425,
6,3697,8825.317024,NB,1,1.0,1,1.0,9,108.974,108.974,9176.500816708573,
6,3698,8825.499424,MLP,32,0.1,4,0.125,8,239.296,7.478,133725.5950788981,
6,3699,8825.808746,NB,64,0.5,29,0.453125,9,134.717,2.104953125,475069.96147479524,
6,3700,8825.979028,AB,1,1.0,1,1.0,4,7727.831,7727.831,129.4024157619389,2.0
6,3701,8846.387848,DT,100,1.0,100,1.0,5,96.998,0.9699800000000001,1030949.0917338502,
6,3702,8846.525659,DT,16,1.0,16,1.0,24,85.907,5.3691875,186247.91926152701,
6,3703,8846.668006,DT,100,0.0,0,0.0,2,93.525,0.93525,1069232.8254477412,
6,3704,8846.800002,LoR,16,1.0,16,1.0,12,156.078,9.754875,102512.84614103205,
6,3705,8847.033935,NB,100,0.01,1,0.01,29,149.768,1.49768,667699.375033385,
6,3706,8847.23845,SGD,8,0.5,4,0.5,12,154.909,19.363625,51643.22279531854,
6,3707,8847.463864,LoR,64,0.05,3,0.046875,4,157.997,2.468703125,405070.98236042453,
6,3708,8847.670612,AB,64,0.0,0,0.0,15,8316.948,129.9523125,7695.130473341904,
6,3709,8856.030405,AB,1,0.1,0,0.0,16,7591.302,7591.302,131.72970855328902,2.0
6,3710,8876.129633,NB,32,0.01,0,0.0,4,125.922,3.9350625,254125.56979717602,
6,3711,8876.299442,MLP,32,0.0,0,0.0,1,201.297,6.29053125,158969.08548065793,
6,3712,8876.571518,SGD,64,0.5,39,0.609375,3,162.312,2.536125,394302.3313125339,
6,3713,8876.791432,NB,100,0.0,0,0.0,6,149.635,1.4963499999999998,668292.8459250844,
6,3714,8876.983198,DT,16,0.01,0,0.0,8,90.615,5.6634375,176571.20785741875,
6,3715,8877.115561,GB,32,1.0,32,1.0,5,242.049,7.56403125,132204.63625133754,
6,3716,8877.428681,MLP,64,0.01,1,0.015625,5,261.775,4.090234375,244484.76745296535,
6,3717,8877.747858,MLP,64,0.01,0,0.0,6,208.89,3.26390625,306381.3490353775,
6,3718,8878.033823,SGD,100,0.1,9,0.09,10,170.562,1.7056200000000001,586297.0649968926,
6,3719,8878.262658,AB,16,0.1,2,0.125,29,8052.184,503.2615,1987.0385475543032,
6,3720,8886.358163,LoR,16,0.0,0,0.0,5,152.009,9.5005625,105256.92557677507,
6,3721,8886.589776,MLP,100,0.1,11,0.11,27,232.987,2.32987,429208.49661139894,
6,3722,8886.89317,AB,64,0.05,1,0.015625,9,8365.131,130.705171875,7650.806663996057,
6,3723,8895.30077,LoR,1,0.01,0,0.0,4,147.097,147.097,6798.235178147753,
6,3724,8895.605229,LoR,16,0.01,0,0.0,16,145.908,9.11925,109658.14074622365,
6,3725,8895.797629,LoR,32,0.01,0,0.0,13,146.305,4.57203125,218721.16469020196,
6,3726,8896.013905,GB,64,0.5,36,0.5625,9,272.172,4.2526875,235145.4227473803,
6,3727,8896.358847,RF,64,0.05,4,0.0625,9,3381.571,52.837046875,18926.11451896175,
6,3728,8899.791266,AB,32,0.01,0,0.0,16,8637.64,269.92625,3704.7156399201635,
6,3729,8908.487811,DT,32,0.01,0,0.0,16,87.329,2.72903125,366430.3954012986,
6,3730,8908.637226,NB,8,0.1,1,0.125,1,121.429,15.178625,65882.1204160456,
6,3731,8908.844446,MLP,8,0.1,1,0.125,17,238.45,29.80625,33550.010484378276,
6,3732,8909.125995,MLP,1,0.05,1,1.0,10,170.767,170.767,5855.932352269467,
6,3733,8909.45644,SGD,8,0.0,0,0.0,22,175.174,21.89675,45668.877801500224,
6,3734,8909.70755,LoR,32,0.5,16,0.5,28,152.684,4.771375,209583.1914280475,
6,3735,8909.935708,AB,64,0.1,7,0.109375,16,8264.663,129.135359375,7743.81242163171,
6,3736,8918.255958,GB,64,0.01,0,0.0,12,272.765,4.261953125,234634.20893443076,
6,3737,8918.567735,NB,1,1.0,1,1.0,19,106.138,106.138,9421.696282198647,
6,3738,8918.75977,NB,100,0.1,11,0.11,28,150.423,1.50423,664791.9533581965,
6,3739,8918.969052,SGD,32,0.5,19,0.59375,23,161.935,5.06046875,197610.15222157037,
6,3740,8919.186349,RF,8,0.5,4,0.5,5,3190.827,398.853375,2507.1870082583605,
6,3741,8922.459508,MLP,100,0.5,54,0.54,5,253.244,2.53244,394876.0878836221,
6,3742,8922.776929,GB,32,0.5,22,0.6875,9,253.083,7.90884375,126440.73288209797,
6,3743,8923.071047,LoR,1,0.1,0,0.0,17,153.955,153.955,6495.404501315319,
6,3744,8923.394906,GB,100,0.01,0,0.0,10,263.061,2.63061,380139.9675360468,
6,3745,8923.718391,GB,8,0.05,1,0.125,11,211.507,26.438375,37823.80724987826,
6,3746,8923.999296,RF,64,0.1,10,0.15625,16,3328.261,52.004078125,19229.261166717395,
6,3747,8927.402473,SGD,64,0.1,5,0.078125,6,174.418,2.72528125,366934.60537329863,
6,3748,8927.614694,MLP,1,0.0,0,0.0,0,166.133,166.133,6019.273714433616,
6,3749,8927.94337,AB,100,1.0,100,1.0,2,8467.561,84.67560999999999,11809.776156321755,
6,3750,8936.470081,LoR,100,1.0,100,1.0,21,165.887,1.65887,602819.9919222121,
6,3751,8936.676074,SGD,1,0.5,0,0.0,7,139.814,139.814,7152.359563419973,
6,3752,8936.959754,LoR,8,0.01,0,0.0,18,141.05,17.63125,56717.47607231478,
6,3753,8937.171062,RF,64,0.05,1,0.015625,25,3777.002,59.01565625,16944.656105556736,
6,3754,8941.034083,LoR,16,0.05,2,0.125,29,190.567,11.9104375,83959.97208330927,
6,3755,8941.288033,GB,16,0.05,3,0.1875,29,261.552,16.347,61173.303970147426,
6,3756,8941.600036,MLP,8,0.01,0,0.0,16,198.98,24.8725,40205.04573323952,
6,3757,8941.851422,GB,32,0.01,0,0.0,6,245.916,7.684875,130125.73399046829,
6,3758,8942.140223,DT,16,1.0,16,1.0,14,95.311,5.9569375,167871.49437105894,
6,3759,8942.296482,GB,16,0.1,4,0.25,16,226.271,14.1419375,70711.66875118774,
6,3760,8942.56462,SGD,16,0.0,0,0.0,18,165.132,10.32075,96892.18322311847,
6,3761,8942.790842,DT,100,1.0,100,1.0,8,99.305,0.9930500000000001,1006998.6405518352,
6,3762,8942.941345,AB,64,0.0,0,0.0,22,8396.864,131.201,7621.89312581459,
6,3763,8951.405459,GB,32,0.5,16,0.5,8,230.115,7.19109375,139060.90433044347,
6,3764,8951.699208,LoR,32,0.05,2,0.0625,16,160.493,5.01540625,199385.64298754465,
6,3765,8951.927809,GB,64,0.1,9,0.140625,9,252.836,3.9505625,253128.51018051227,
6,3766,8952.227583,RF,32,0.01,0,0.0,5,3329.248,104.039,9611.780197810436,
6,3767,8955.631861,DT,64,0.5,32,0.5,20,97.106,1.51728125,659073.5896854984,
6,3768,8955.796764,DT,64,0.05,4,0.0625,13,91.969,1.437015625,695886.6574606661,
6,3769,8955.954565,SGD,64,0.05,1,0.015625,28,167.945,2.624140625,381077.1383488642,
6,3770,8956.159521,NB,1,0.0,0,0.0,15,107.903,107.903,9267.582921698191,
6,3771,8956.332648,GB,100,0.0,0,0.0,20,273.336,2.7333600000000002,365850.08926742175,
6,3772,8956.6645,NB,100,0.0,0,0.0,15,150.994,1.50994,662277.9713101183,
6,3773,8956.855824,SGD,8,0.01,0,0.0,20,155.903,19.487875,51313.95803801082,
6,3774,8957.08256,GB,32,0.0,0,0.0,8,225.488,7.0465,141914.42560136237,
6,3775,8957.369101,SGD,16,0.05,3,0.1875,29,158.846,9.927875,100726.48980773831,
6,3776,8957.630208,LoR,100,0.01,1,0.01,19,191.869,1.91869,521188.93620126235,
6,3777,8957.865406,NB,16,1.0,16,1.0,2,110.15,6.884375,145256.46845211074,
6,3778,8958.030462,NB,8,0.1,3,0.375,18,104.123,13.015375,76832.20806161943,
6,3779,8958.176896,SGD,32,0.01,0,0.0,11,154.535,4.82921875,207072.83139741808,
6,3780,8958.39173,SGD,32,0.05,5,0.15625,29,150.181,4.69315625,213076.22135955945,
6,3781,8958.596234,RF,100,0.0,0,0.0,19,3462.581,34.62581,28880.190817196766,
6,3782,8962.105738,AB,32,0.0,0,0.0,4,8036.855,251.15171875,3981.6570038902037,
6,3783,8970.206503,SGD,16,0.05,1,0.0625,12,152.88,9.555,104657.24751439037,
6,3784,8970.399276,RF,1,0.1,0,0.0,1,2975.252,2975.252,336.1059836276053,9.99
6,3785,8986.037467,AB,1,0.05,0,0.0,0,7694.463,7694.463,129.96358550297793,2.0
6,3786,9006.151159,DT,1,0.01,0,0.0,18,89.261,89.261,11203.101018361884,16.0
6,3787,9006.420915,LoR,8,0.01,0,0.0,20,158.727,19.840875,50401.0029799593,
6,3788,9006.640214,MLP,16,0.1,2,0.125,8,196.586,12.286625,81389.31561759229,
6,3789,9006.894836,GB,100,0.0,0,0.0,17,280.482,2.8048200000000003,356529.11773304525,
6,3790,9007.235687,NB,8,0.5,5,0.625,28,118.137,14.767125,67717.98843715347,
6,3791,9007.412226,RF,16,0.1,2,0.125,12,3181.681,198.8550625,5028.788241184456,
6,3792,9010.648164,RF,64,0.0,0,0.0,23,3297.292,51.5201875,19409.867248639188,
6,3793,9013.986508,SGD,1,0.0,0,0.0,15,164.317,164.317,6085.797574201087,
6,3794,9014.32979,RF,16,0.1,3,0.1875,13,3103.856,193.991,5154.878319097277,
6,3795,9017.477025,SGD,1,0.5,1,1.0,4,166.085,166.085,6021.01333654454,
6,3796,9017.818163,NB,8,0.5,5,0.625,4,114.438,14.30475,69906.84912354288,
6,3797,9017.971858,MLP,16,0.0,0,0.0,29,189.126,11.820375,84599.68486617388,
6,3798,9018.204268,NB,16,0.01,0,0.0,18,113.457,7.0910625,141022.59005614463,
6,3799,9018.386107,GB,64,0.5,34,0.53125,27,276.435,4.319296875,231519.16363702135,
6,3800,9018.704213,SGD,1,0.1,0,0.0,23,158.362,158.362,6314.646190373954,
6,3801,9019.013556,NB,8,0.1,0,0.0,25,112.914,14.11425,70850.38170643144,
6,3802,9019.1657,MLP,1,0.5,0,0.0,14,166.017,166.017,6023.479523181361,
6,3803,9019.510768,MLP,64,0.1,7,0.109375,0,266.694,4.16709375,239975.40252124154,
6,3804,9019.84845,GB,64,0.1,5,0.078125,26,404.412,6.3189375,158254.45337922714,
6,3805,9020.299075,NB,32,1.0,32,1.0,26,140.19,4.3809375,228261.64491047864,
6,3806,9020.47874,MLP,1,0.1,0,0.0,20,221.111,221.111,4522.615337997658,
6,3807,9020.879369,LoR,8,0.5,5,0.625,16,157.404,19.6755,50824.62961551168,
6,3808,9021.078669,MLP,8,0.01,0,0.0,5,228.93,28.61625,34945.17974926833,
6,3809,9021.370236,RF,16,0.1,2,0.125,6,3274.661,204.6663125,4886.001940353521,
6,3810,9024.692282,DT,1,1.0,1,1.0,3,100.964,100.964,9904.520423121112,4.0
6,3811,9025.04058,GB,32,0.5,14,0.4375,23,341.798,10.6811875,93622.54899092446,
6,3812,9025.449979,NB,100,1.0,100,1.0,22,184.068,1.84068,543277.4844079361,
6,3813,9025.710904,MLP,64,0.01,1,0.015625,15,256.691,4.010796875,249327.0118547203,
6,3814,9026.042773,DT,64,0.5,36,0.5625,14,104.013,1.625203125,615307.7019218751,
6,3815,9026.187612,DT,1,0.1,0,0.0,2,87.819,87.819,11387.057470479052,16.0
6,3816,9026.522685,GB,64,0.01,0,0.0,0,298.995,4.671796875,214050.40218063846,
6,3817,9026.887564,LoR,16,0.05,1,0.0625,18,179.854,11.240875,88961.04618190309,
6,3818,9027.127622,DT,8,0.1,1,0.125,27,92.41,11.55125,86570.71745482092,
6,3819,9027.259824,SGD,8,0.01,0,0.0,27,159.896,19.987,50032.52113874019,
6,3820,9027.459416,DT,1,0.05,0,0.0,28,86.808,86.808,11519.675605934935,16.0
6,3821,9027.745121,GB,32,1.0,32,1.0,29,251.36,7.855,127307.44748567791,
6,3822,9028.060274,NB,16,0.1,2,0.125,20,125.628,7.85175,127360.14264335977,
6,3823,9028.249172,LoR,32,0.05,1,0.03125,24,165.971,5.18659375,192804.76709786648,
6,3824,9028.454789,LoR,1,0.05,0,0.0,14,147.45,147.45,6781.959986436081,
6,3825,9028.776589,NB,32,0.01,0,0.0,6,122.254,3.8204375,261750.12678521764,
6,3826,9028.957567,NB,8,0.05,1,0.125,27,109.456,13.682,73088.7297178775,
6,3827,9029.127622,RF,32,0.1,6,0.1875,20,3458.541,108.07940625,9252.45645490396,
6,3828,9032.686283,RF,64,0.5,31,0.484375,9,3493.42,54.5846875,18320.15617933143,
6,3829,9036.247267,NB,8,0.01,1,0.125,20,132.467,16.558375,60392.39961650826,
6,3830,9036.440098,GB,16,0.05,3,0.1875,3,268.847,16.8029375,59513.403534352256,
6,3831,9036.750795,NB,1,0.5,0,0.0,3,106.977,106.977,9347.80373351281,
6,3832,9036.918088,SGD,64,0.0,0,0.0,11,230.289,3.598265625,277911.6675134288,
6,3833,9037.190963,MLP,1,1.0,1,1.0,8,180.624,180.624,5536.362831074497,
6,3834,9037.530489,GB,32,1.0,32,1.0,16,287.417,8.98178125,111336.49018673218,
6,3835,9037.880221,MLP,100,1.0,100,1.0,28,249.753,2.49753,400395.59084375366,
6,3836,9038.192017,NB,1,0.01,0,0.0,6,146.76,146.76,6813.8457345325705,
6,3837,9038.387246,NB,1,1.0,1,1.0,11,99.101,99.101,10090.71553263842,
6,3838,9038.556332,RF,1,1.0,1,1.0,27,3384.526,3384.526,295.46234834656315,6.85
6,3839,9055.617072,MLP,64,0.0,0,0.0,29,289.224,4.519125,221281.77467983295,
6,3840,9055.978618,LoR,32,0.5,18,0.5625,11,171.607,5.36271875,186472.5797898687,
6,3841,9056.201785,MLP,64,1.0,64,1.0,12,213.203,3.331296875,300183.3932918392,
6,3842,9056.477322,MLP,100,1.0,100,1.0,20,231.816,2.31816,431376.6090347517,
6,3843,9056.768566,NB,100,0.0,0,0.0,20,160.077,1.60077,624699.3634313487,
6,3844,9056.970279,DT,1,0.5,1,1.0,14,97.142,97.142,10294.208478310104,11.0
6,3845,9057.267968,SGD,32,1.0,32,1.0,17,173.483,5.42134375,184456.11385553627,
6,3846,9057.503376,DT,16,0.01,2,0.125,11,105.883,6.6176875,151110.18765996431,
6,3847,9057.692613,MLP,100,1.0,100,1.0,0,243.754,2.43754,410249.6779540028,
6,3848,9058.001357,RF,32,0.1,4,0.125,26,3335.95,104.2484375,9592.469911119771,
6,3849,9061.392385,SGD,64,1.0,64,1.0,13,177.393,2.771765625,360780.86508486804,
6,3850,9061.668327,LoR,16,0.5,7,0.4375,11,155.088,9.693,103167.23408645415,
6,3851,9061.899337,SGD,100,0.05,4,0.04,0,168.037,1.6803700000000001,595107.0299993453,
6,3852,9062.125415,MLP,100,0.0,0,0.0,13,233.073,2.33073,429050.12592621194,
6,3853,9062.400171,MLP,1,0.01,0,0.0,22,163.341,163.341,6122.161612822255,
6,3854,9062.748297,LoR,64,0.5,30,0.46875,21,159.363,2.490046875,401598.865483205,
6,3855,9062.94511,GB,1,1.0,1,1.0,18,240.64,240.64,4155.585106382979,4.0
6,3856,9076.028094,DT,16,0.01,0,0.0,22,91.582,5.723875,174706.82011749034,
6,3857,9076.159422,AB,8,1.0,8,1.0,6,8041.983,1005.247875,994.779521419033,
6,3858,9084.251594,GB,32,0.01,0,0.0,22,236.339,7.38559375,135398.72809819793,
6,3859,9084.533354,GB,16,0.01,0,0.0,6,214.519,13.4074375,74585.46795388754,
6,3860,9084.795418,DT,32,0.01,0,0.0,21,91.135,2.84796875,351127.44829099684,
6,3861,9084.928676,NB,16,0.01,0,0.0,9,119.367,7.4604375,134040.39642447242,
6,3862,9085.115426,RF,64,0.5,35,0.546875,17,3438.834,53.73178125,18610.959412405486,
6,3863,9088.599063,DT,1,0.1,1,1.0,7,93.033,93.033,10748.874055442693,4.0
6,3864,9088.916833,NB,64,0.01,1,0.015625,5,144.174,2.25271875,443908.0555439954,
6,3865,9089.099463,DT,8,0.0,0,0.0,19,91.69,11.46125,87250.51804995093,
6,3866,9089.230792,RF,1,0.01,0,0.0,27,3133.314,3133.314,319.15090539920357,9.99
6,3867,9105.442656,AB,100,0.01,0,0.0,2,8777.44,87.7744,11392.843471444976,
6,3868,9114.263987,NB,1,0.05,0,0.0,15,105.275,105.275,9498.93137022085,
6,3869,9114.418337,GB,8,1.0,8,1.0,5,227.81,28.47625,35116.983451121545,
6,3870,9114.688092,AB,1,0.05,1,1.0,26,7766.615,7766.615,128.75622133966985,2.0
6,3871,9135.198029,MLP,8,1.0,8,1.0,25,205.447,25.680875,38939.48317570955,
6,3872,9135.4449,RF,8,1.0,8,1.0,27,3132.06,391.5075,2554.229484748057,
6,3873,9138.620355,NB,8,1.0,8,1.0,1,120.889,15.111125,66176.40976432926,
6,3874,9138.781902,MLP,1,0.1,0,0.0,7,176.297,176.297,5672.246266243896,
6,3875,9139.121731,AB,16,0.01,0,0.0,24,8157.735,509.8584375,1961.3287266624866,
6,3876,9147.3366,LoR,16,0.1,0,0.0,28,168.702,10.543875,94841.79203566052,
6,3877,9147.587859,MLP,100,0.5,45,0.45,14,250.93,2.5093,398517.5148447774,
6,3878,9147.88115,RF,8,0.1,0,0.0,7,3196.971,399.621375,2502.368648323679,
6,3879,9151.148024,MLP,32,0.5,17,0.53125,20,209.447,6.54521875,152783.28168940113,
6,3880,9151.399112,AB,1,0.05,1,1.0,2,7760.024,7760.024,128.86558082810052,2.0
6,3881,9171.920845,GB,16,0.1,2,0.125,19,261.515,16.3446875,61181.95896984877,
6,3882,9172.224077,NB,8,0.0,0,0.0,11,120.486,15.06075,66397.75575585545,
6,3883,9172.38149,GB,1,1.0,1,1.0,7,212.121,212.121,4714.290428576142,4.0
6,3884,9185.251378,GB,1,0.0,0,0.0,18,207.077,207.077,4829.121534501659,4.0
6,3885,9198.120139,MLP,8,0.5,3,0.375,18,193.65,24.20625,41311.64471985541,
6,3886,9198.358248,DT,16,0.05,0,0.0,1,94.241,5.8900625,169777.4853832196,
6,3887,9198.493774,GB,8,0.05,0,0.0,4,211.719,26.464875,37785.93324170245,
6,3888,9198.746736,LoR,1,0.01,0,0.0,12,155.841,155.841,6416.796606797954,
6,3889,9199.098996,MLP,100,0.05,3,0.03,10,238.218,2.38218,419783.55959667196,
6,3890,9199.40117,RF,32,0.05,1,0.03125,5,3312.395,103.51234375,9660.683583932472,
6,3891,9202.782788,LoR,32,0.05,1,0.03125,21,168.901,5.27815625,189460.0979271881,
6,3892,9202.99049,MLP,1,1.0,1,1.0,14,167.898,167.898,5955.997093473418,
6,3893,9203.3163,NB,64,0.0,0,0.0,8,134.466,2.10103125,475956.74743057723,
6,3894,9203.490682,GB,1,0.01,0,0.0,4,208.554,208.554,4794.921219444364,4.0
6,3895,9216.301717,DT,8,0.5,6,0.75,20,90.268,11.2835,88624.98338281561,
6,3896,9216.433433,AB,8,0.01,0,0.0,2,7940.878,992.60975,1007.4452724245355,
6,3897,9224.417432,NB,1,0.1,0,0.0,12,103.71,103.71,9642.271719217048,
6,3898,9224.601626,LoR,64,0.5,22,0.34375,6,165.204,2.5813125,387399.82082758285,
6,3899,9224.826444,SGD,8,0.1,1,0.125,26,150.98,18.8725,52987.15061597563,
6,3900,9225.01456,RF,1,0.0,0,0.0,5,3078.491,3078.491,324.83447247368923,9.99
6,3901,9240.931902,GB,64,0.05,3,0.046875,28,265.301,4.145328125,241235.4269301661,
6,3902,9241.260483,LoR,16,0.5,5,0.3125,21,164.522,10.282625,97251.43141950622,
6,3903,9241.484206,DT,16,0.5,13,0.8125,18,91.381,5.7113125,175091.1020890557,
6,3904,9241.641271,RF,32,0.1,2,0.0625,22,3205.035,100.15734375,9984.29034316318,
6,3905,9244.911321,RF,100,0.0,0,0.0,11,3483.755,34.83755,28704.659196757522,
6,3906,9248.507012,RF,100,0.1,13,0.13,9,3489.027,34.89027,28661.28579687116,
6,3907,9252.071227,NB,64,0.05,3,0.046875,6,142.645,2.228828125,448666.26941007393,
6,3908,9252.253606,MLP,1,0.05,0,0.0,16,178.805,178.805,5592.6847683230335,
6,3909,9252.609298,RF,32,0.05,2,0.0625,10,3213.547,100.42334375,9957.844089412727,
6,3910,9255.867881,RF,16,1.0,16,1.0,16,3069.736,191.8585,5212.174597424665,
6,3911,9258.982589,NB,16,0.0,0,0.0,5,123.55,7.721875,129502.22581950628,
6,3912,9259.153893,LoR,32,0.01,0,0.0,5,164.647,5.14521875,194355.19626838024,
6,3913,9259.378514,SGD,8,0.05,1,0.125,7,153.246,19.15575,52203.64642470276,
6,3914,9259.590066,GB,100,1.0,100,1.0,28,291.625,2.91625,342906.12944706384,
6,3915,9259.955292,LoR,64,0.01,1,0.015625,11,171.313,2.676765625,373585.19201695145,
6,3916,9260.170859,SGD,32,0.0,0,0.0,17,156.049,4.87653125,205063.7940646848,
6,3917,9260.372524,LoR,8,0.01,0,0.0,27,146.363,18.295375,54658.62273935352,
6,3918,9260.556434,MLP,1,1.0,1,1.0,23,162.183,162.183,6165.874351812459,
6,3919,9260.865046,AB,8,1.0,8,1.0,2,7902.673,987.834125,1012.3157063439169,
6,3920,9268.851453,GB,100,0.01,1,0.01,8,276.039,2.7603899999999997,362267.65058560565,
6,3921,9269.194696,AB,32,0.1,2,0.0625,19,8535.886,266.7464375,3748.878558125073,
6,3922,9277.787604,LoR,64,0.01,0,0.0,16,164.029,2.562953125,390174.9080955197,
6,3923,9277.993275,LoR,1,0.05,0,0.0,10,142.923,142.923,6996.774486961511,
6,3924,9278.310961,SGD,32,0.1,2,0.0625,2,152.612,4.769125,209682.0695620266,
6,3925,9278.505343,RF,8,0.01,0,0.0,1,3090.55,386.31875,2588.536021096568,
6,3926,9281.701873,GB,16,0.1,1,0.0625,28,238.593,14.9120625,67059.80477214335,
6,3927,9282.014034,AB,64,0.01,1,0.015625,19,8413.346,131.45853125,7606.961606000752,
6,3928,9290.471415,LoR,16,1.0,16,1.0,17,171.682,10.730125,93195.55923160262,
6,3929,9290.710336,NB,64,0.05,0,0.0,26,135.7,2.1203125,471628.59248341934,
6,3930,9290.904369,NB,8,0.5,5,0.625,13,108.3,13.5375,73868.88273314867,
6,3931,9291.053596,LoR,16,0.01,0,0.0,24,154.543,9.6589375,103531.05608147894,
6,3932,9291.248279,AB,8,0.01,0,0.0,22,7906.525,988.315625,1011.8225136833186,
6,3933,9299.19849,NB,16,1.0,16,1.0,26,114.26,7.14125,140031.50708909504,
6,3934,9299.391506,AB,100,0.05,6,0.06,22,8655.121,86.55121,11553.853493209397,
6,3935,9308.094589,RF,32,1.0,32,1.0,13,3210.472,100.32725,9967.381743245229,
6,3936,9311.346981,NB,1,0.0,0,0.0,0,112.371,112.371,8899.093182404713,
6,3937,9311.519708,MLP,64,0.0,0,0.0,14,235.167,3.674484375,272147.0274315699,
6,3938,9311.799766,SGD,16,0.05,0,0.0,1,154.117,9.6323125,103817.22976699521,
6,3939,9311.996987,MLP,32,1.0,32,1.0,27,184.366,5.7614375,173567.7944957313,
6,3940,9312.222844,RF,8,0.1,0,0.0,28,3129.542,391.19275,2556.2845937201037,
6,3941,9315.421059,AB,32,0.1,7,0.21875,22,8051.542,251.6106875,3974.3939732289787,
6,3942,9323.535646,NB,8,0.1,1,0.125,27,111.23,13.90375,71923.04234469117,
6,3943,9323.689185,SGD,32,0.0,0,0.0,0,157.474,4.9210625,203208.14864676076,
6,3944,9323.889672,MLP,32,0.0,0,0.0,9,187.756,5.867375,170433.9674897207,
6,3945,9324.136214,GB,100,0.0,0,0.0,7,291.151,2.9115100000000003,343464.3878949411,
6,3946,9324.475251,NB,32,0.05,0,0.0,29,123.474,3.8585625,259163.87255616568,
6,3947,9324.658803,RF,100,0.0,0,0.0,21,3428.53,34.2853,29167.019101480808,
6,3948,9328.129918,GB,8,0.0,0,0.0,1,230.875,28.859375,34650.785056848945,
6,3949,9328.424388,MLP,8,0.05,2,0.25,5,183.993,22.999125,43479.91499676618,
6,3950,9328.65517,LoR,32,0.01,0,0.0,25,155.231,4.85096875,206144.39126205462,
6,3951,9328.873189,DT,32,0.5,17,0.53125,29,89.88,2.80875,356030.26257231866,
6,3952,9329.019022,LoR,16,0.1,4,0.25,22,151.358,9.459875,105709.64204072463,
6,3953,9329.207753,RF,1,0.5,1,1.0,20,2982.174,2982.174,335.3258394714728,7.88
6,3954,9344.677398,RF,16,0.01,0,0.0,21,3144.982,196.561375,5087.469499030519,
6,3955,9347.88601,DT,8,0.05,1,0.125,10,92.99,11.62375,86030.75599526831,
6,3956,9348.054998,MLP,100,0.01,1,0.01,26,242.092,2.42092,413066.10709978023,
6,3957,9348.361111,DT,16,0.05,1,0.0625,27,90.353,5.6470625,177083.21804477993,
6,3958,9348.490086,SGD,16,0.0,0,0.0,9,153.87,9.616875,103983.88249821277,
6,3959,9348.699972,SGD,100,1.0,100,1.0,13,164.019,1.64019,609685.4632694992,
6,3960,9348.906273,RF,16,0.01,0,0.0,24,3101.415,193.8384375,5158.935518142525,
6,3961,9352.082194,RF,64,0.05,2,0.03125,26,3470.936,54.233375,18438.83033279784,
6,3962,9355.66131,DT,64,0.1,5,0.078125,23,99.069,1.547953125,646014.3940082164,
6,3963,9355.816834,AB,100,0.0,0,0.0,3,9151.678,91.51678,10926.957875921771,
6,3964,9365.055874,LoR,64,0.1,6,0.09375,25,190.753,2.980515625,335512.4165806043,
6,3965,9365.319245,NB,64,0.5,36,0.5625,28,144.607,2.259484375,442578.85164618585,
6,3966,9365.543672,MLP,100,0.5,62,0.62,1,288.862,2.8886200000000004,346186.06808787584,
6,3967,9365.913751,DT,100,0.01,1,0.01,23,97.907,0.97907,1021377.4296015607,
6,3968,9366.068351,AB,16,0.5,10,0.625,12,8066.703,504.1689375,1983.462140604408,
6,3969,9374.176551,NB,8,1.0,8,1.0,17,110.864,13.858,72160.48491845865,
6,3970,9374.326119,DT,8,1.0,8,1.0,18,83.174,10.39675,96183.90362372856,
6,3971,9374.451038,DT,16,0.05,0,0.0,13,134.652,8.41575,118824.8225054214,
6,3972,9374.637249,NB,8,0.01,0,0.0,13,106.785,13.348125,74916.88907618112,
6,3973,9374.810643,AB,64,0.5,30,0.46875,23,8238.911,128.732984375,7768.016913885828,
6,3974,9383.092288,SGD,16,1.0,16,1.0,24,156.706,9.794125,102102.02544892985,
6,3975,9383.286804,DT,1,1.0,1,1.0,2,80.798,80.798,12376.543973860738,11.0
6,3976,9383.591646,SGD,16,0.01,1,0.0625,6,156.149,9.7593125,102466.23417376992,
6,3977,9383.825706,DT,32,0.1,8,0.25,12,100.591,3.14346875,318119.9113240747,
6,3978,9384.000103,LoR,100,0.1,17,0.17,22,166.081,1.66081,602115.8350443458,
6,3979,9384.208182,RF,16,0.05,0,0.0,13,3281.975,205.1234375,4875.113308297596,
6,3980,9387.543154,RF,64,1.0,64,1.0,17,3318.464,51.851,19286.03112765424,
6,3981,9390.94716,SGD,100,0.5,61,0.61,20,181.987,1.8198699999999999,549489.7987218867,
6,3982,9391.188408,AB,8,0.5,4,0.5,5,7897.703,987.212875,1012.9527534778149,
6,3983,9399.134877,MLP,32,0.01,0,0.0,4,202.78,6.336875,157806.4897918927,
6,3984,9399.398933,SGD,16,0.1,3,0.1875,5,149.131,9.3206875,107288.22310585994,
6,3985,9399.622781,SGD,100,0.5,43,0.43,12,162.175,1.62175,616617.8510867889,
6,3986,9399.824423,NB,1,0.5,0,0.0,12,100.437,100.437,9956.490138096518,
6,3987,9400.005607,NB,64,0.1,3,0.046875,19,128.822,2.01284375,496809.55116362113,
6,3988,9400.183612,NB,64,0.01,0,0.0,7,126.08,1.97,507614.21319796954,
6,3989,9400.357996,GB,32,0.01,0,0.0,5,269.401,8.41878125,118782.03867097746,
6,3990,9400.70406,NB,100,0.5,46,0.46,11,155.736,1.5573599999999999,642112.2925977295,
6,3991,9400.917188,SGD,16,0.5,10,0.625,29,158.255,9.8909375,101102.65078512527,
6,3992,9401.117381,AB,16,0.01,0,0.0,14,8623.383,538.9614375,1855.420314741906,
6,3993,9409.829592,GB,16,0.05,1,0.0625,17,264.968,16.5605,60384.65022191359,
6,3994,9410.139278,MLP,8,0.05,0,0.0,13,215.321,26.915125,37153.83079216612,
6,3995,9410.420539,DT,100,0.01,0,0.0,3,99.385,0.99385,1006188.0565477688,
6,3996,9410.598438,GB,100,0.1,13,0.13,12,333.677,3.33677,299691.0185598648,
6,3997,9410.973981,RF,1,0.01,0,0.0,3,3132.688,3132.688,319.21468081085635,11.33
6,3998,9426.991955,NB,1,0.01,0,0.0,9,113.686,113.686,8796.15783825625,
6,3999,9427.154247,DT,8,1.0,8,1.0,5,89.622,11.20275,89263.7968355984,
6,4000,9427.313494,MLP,64,0.1,5,0.078125,9,229.018,3.57840625,279454.0167148434,
6,4001,9427.622745,NB,100,0.1,12,0.12,26,165.929,1.65929,602667.4059386846,
6,4002,9427.829431,SGD,8,0.01,0,0.0,29,165.191,20.648875,48428.78849331985,
6,4003,9428.033474,MLP,8,0.0,0,0.0,24,179.123,22.390375,44662.0478665498,
6,4004,9428.251166,MLP,1,0.0,0,0.0,15,160.175,160.175,6243.1715311378175,
6,4005,9428.610328,AB,100,0.1,8,0.08,15,8704.118,87.04118,11488.814834541536,
6,4006,9437.382813,MLP,32,0.05,3,0.09375,15,194.787,6.08709375,164282.0106064573,
6,4007,9437.624608,MLP,16,1.0,16,1.0,27,175.666,10.979125,91081.93958990357,
6,4008,9437.842323,GB,8,0.01,0,0.0,26,219.176,27.397,36500.34675329416,
6,4009,9438.103472,DT,1,0.1,0,0.0,4,86.592,86.592,11548.41093865484,15.0
6,4010,9438.408245,MLP,64,0.1,3,0.046875,20,220.065,3.438515625,290823.16588280734,
6,4011,9438.688939,GB,16,0.5,8,0.5,16,227.361,14.2100625,70372.66725603776,
6,4012,9438.975088,GB,100,1.0,100,1.0,22,279.755,2.7975499999999998,357455.63081982447,
6,4013,9439.320168,AB,32,0.05,2,0.0625,22,8146.226,254.5695625,3928.1993895087126,
6,4014,9447.50932,SGD,1,0.1,0,0.0,26,150.306,150.306,6653.094354184131,
6,4015,9447.810021,SGD,1,1.0,1,1.0,2,144.078,144.078,6940.6849067866015,
6,4016,9448.112241,LoR,64,0.0,0,0.0,4,156.703,2.448484375,408415.92056310346,
6,4017,9448.311307,NB,8,0.01,0,0.0,15,109.147,13.643375,73295.6471547546,
6,4018,9448.460112,GB,16,0.0,0,0.0,4,216.853,13.5533125,73782.70072353161,
6,4019,9448.717283,AB,8,1.0,8,1.0,24,7981.365,997.670625,1002.3348136565613,
6,4020,9456.744972,RF,16,0.05,0,0.0,4,3202.256,200.141,4996.477483374221,
6,4021,9459.995137,LoR,16,0.01,0,0.0,23,168.088,10.5055,95188.23473418686,
6,4022,9460.242701,MLP,100,0.05,2,0.02,9,241.836,2.4183600000000003,413503.36591739854,
6,4023,9460.523452,DT,1,1.0,1,1.0,19,88.148,88.148,11344.556881608205,13.0
6,4024,9460.803733,AB,16,0.0,0,0.0,22,7990.767,499.4229375,2002.3109170871833,
6,4025,9468.847693,MLP,64,0.0,0,0.0,3,215.281,3.363765625,297285.8728824188,
6,4026,9469.108457,GB,16,0.01,0,0.0,0,220.634,13.789625,72518.28820580691,
6,4027,9469.383539,AB,64,0.01,0,0.0,24,8448.006,132.00009375,7575.752195251755,
6,4028,9477.875106,LoR,16,0.0,0,0.0,19,152.171,9.5106875,105144.86991608125,
6,4029,9478.090229,RF,100,0.0,0,0.0,0,3510.298,35.102979999999995,28487.609883833225,
6,4030,9481.666041,AB,100,0.01,0,0.0,17,8752.317,87.52317,11425.545944005456,
6,4031,9490.482592,SGD,8,0.5,3,0.375,14,157.382,19.67275,50831.73425169333,
6,4032,9490.681063,AB,1,0.1,0,0.0,23,8176.386,8176.386,122.30342354189246,2.0
6,4033,9511.615906,NB,100,0.0,0,0.0,8,164.78,1.6478,606869.7657482704,
6,4034,9511.843427,MLP,16,0.1,1,0.0625,27,216.272,13.517,73980.91292446549,
6,4035,9512.098099,AB,1,0.0,0,0.0,1,7675.313,7675.313,130.28784624157998,2.0
6,4036,9532.282926,AB,16,0.5,10,0.625,25,7955.961,497.2475625,2011.0706927799167,
6,4037,9540.300394,MLP,8,0.5,3,0.375,28,184.482,23.06025,43364.66430329246,
6,4038,9540.529671,GB,32,1.0,32,1.0,7,262.373,8.19915625,121963.7691378305,
6,4039,9540.856467,DT,32,0.5,12,0.375,6,93.244,2.913875,343185.62052250013,
6,4040,9541.009703,AB,32,0.1,4,0.125,25,8609.439,269.04496875,3716.850772739083,
6,4041,9549.72148,MLP,100,0.01,2,0.02,28,281.966,2.8196600000000003,354652.6886220324,
6,4042,9550.046311,DT,8,1.0,8,1.0,10,90.209,11.276125,88682.94737775609,
6,4043,9550.175316,DT,8,0.0,0,0.0,8,83.407,10.425875,95915.21095351709,
6,4044,9550.320495,DT,32,0.5,23,0.71875,14,86.077,2.68990625,371760.16822147614,
6,4045,9550.445565,RF,1,0.01,0,0.0,23,3090.371,3090.371,323.58574423588624,9.99
6,4046,9566.248387,SGD,8,0.1,1,0.125,23,170.247,21.280875,46990.549025827175,
6,4047,9566.484172,SGD,32,0.5,17,0.53125,9,153.811,4.80659375,208047.5388626301,
6,4048,9566.677505,GB,16,0.0,0,0.0,6,246.6,15.4125,64882.400648824005,
6,4049,9566.964997,DT,1,0.1,0,0.0,19,85.907,85.907,11640.494953845438,16.0
6,4050,9567.237205,NB,32,0.0,0,0.0,2,126.908,3.965875,252151.1646231916,
6,4051,9567.441051,DT,100,0.05,1,0.01,24,96.114,0.96114,1040431.1546704954,
6,4052,9567.574515,GB,1,0.01,0,0.0,25,208.035,208.035,4806.883457110583,4.0
6,4053,9580.255666,DT,1,0.5,1,1.0,2,84.985,84.985,11766.782373360005,11.0
6,4054,9580.516108,DT,1,0.5,1,1.0,6,83.056,83.056,12040.06935079946,4.0
6,4055,9580.770358,MLP,1,0.0,0,0.0,5,174.198,174.198,5740.594036670915,
6,4056,9581.114879,MLP,100,0.0,0,0.0,3,228.221,2.28221,438171.7720980979,
6,4057,9581.384776,GB,16,1.0,16,1.0,18,240.271,15.0169375,66591.47379417408,
6,4058,9581.69628,LoR,1,0.05,0,0.0,12,151.718,151.718,6591.175733927418,
6,4059,9582.00088,DT,32,0.1,0,0.0,14,88.342,2.7606875,362228.61153245345,
6,4060,9582.138293,SGD,64,1.0,64,1.0,0,157.979,2.468421875,405117.1358218497,
6,4061,9582.335624,GB,1,0.1,1,1.0,17,195.499,195.499,5115.115678341066,4.0
6,4062,9595.348815,AB,16,0.1,2,0.125,23,8569.528,535.5955,1867.0806606851625,
6,4063,9604.02207,LoR,8,0.1,2,0.25,5,193.046,24.13075,41440.900096350095,
6,4064,9604.261946,NB,32,1.0,32,1.0,19,142.071,4.43971875,225239.49292959154,
6,4065,9604.447292,SGD,16,0.01,0,0.0,15,151.376,9.461,105697.0721911003,
6,4066,9604.638481,MLP,16,0.0,0,0.0,25,204.903,12.8064375,78085.72836903315,
6,4067,9604.906338,MLP,32,0.0,0,0.0,17,182.436,5.701125,175403.97728518493,
6,4068,9605.131449,SGD,16,0.05,0,0.0,8,145.746,9.109125,109780.02826835727,
6,4069,9605.31654,SGD,16,1.0,16,1.0,14,141.701,8.8563125,112913.81147627752,
6,4070,9605.537304,MLP,100,0.1,9,0.09,2,286.695,2.86695,348802.73461343936,
6,4071,9605.894122,MLP,64,0.1,5,0.078125,15,202.687,3.166984375,315757.7940371114,
6,4072,9606.13614,NB,8,0.0,0,0.0,23,109.457,13.682125,73088.06197867656,
6,4073,9606.322731,AB,100,0.05,6,0.06,28,8739.812,87.39812,11441.893715791599,
6,4074,9615.136844,MLP,64,0.1,5,0.078125,8,216.477,3.382453125,295643.4170835701,
6,4075,9615.392553,GB,1,0.0,0,0.0,14,245.465,245.465,4073.9005560874257,4.0
6,4076,9628.404098,SGD,100,0.5,44,0.44,6,179.987,1.7998699999999999,555595.6819103602,
6,4077,9628.648141,GB,16,0.05,1,0.0625,14,227.172,14.19825,70431.21511453876,
6,4078,9628.920071,LoR,16,0.05,0,0.0,21,157.526,9.845375,101570.53438797404,
6,4079,9629.119475,MLP,8,0.05,0,0.0,29,175.923,21.990375,45474.44052227395,
6,4080,9629.373883,DT,100,0.05,6,0.06,18,99.088,0.99088,1009203.9399321815,
6,4081,9629.51533,NB,32,0.0,0,0.0,5,164.731,5.14784375,194256.09023195392,
6,4082,9629.721751,SGD,16,0.1,0,0.0,14,157.084,9.81775,101856.33164421582,
6,4083,9629.937048,AB,8,0.05,1,0.125,26,8237.261,1029.657625,971.196614991318,
6,4084,9638.257299,LoR,32,0.5,18,0.5625,20,183.908,5.747125,174000.04350001088,
6,4085,9638.522489,GB,100,0.5,51,0.51,25,317.244,3.1724400000000004,315214.7873561044,
6,4086,9638.883208,RF,16,0.0,0,0.0,12,3229.915,201.8696875,4953.690731799444,
6,4087,9642.177815,SGD,8,0.5,6,0.75,13,170.409,21.301125,46945.87727174035,
6,4088,9642.398643,LoR,64,1.0,64,1.0,20,163.685,2.557578125,390994.8987384305,
6,4089,9642.603081,DT,1,0.1,1,1.0,14,87.382,87.382,11444.004486049758,11.0
6,4090,9642.941812,MLP,100,1.0,100,1.0,13,261.214,2.61214,382827.87293177244,
6,4091,9643.247378,SGD,8,0.01,0,0.0,18,151.993,18.999125,52634.00288171166,
6,4092,9643.464106,LoR,32,0.05,1,0.03125,9,152.244,4.757625,210188.90728041827,
6,4093,9643.675624,MLP,16,0.5,5,0.3125,5,177.783,11.1114375,89997.35632765788,
6,4094,9643.910856,SGD,8,0.05,2,0.25,4,148.145,18.518125,54001.14752438489,
6,4095,9644.095006,SGD,1,1.0,1,1.0,12,143.183,143.183,6984.069337840387,
6,4096,9644.392477,NB,1,1.0,1,1.0,8,106.127,106.127,9422.672835376483,
6,4097,9644.546424,LoR,1,0.1,0,0.0,12,171.238,171.238,5839.825272427849,
6,4098,9644.881571,RF,8,0.5,3,0.375,8,3226.936,403.367,2479.1319071713847,
6,4099,9648.150907,GB,1,0.0,0,0.0,28,235.229,235.229,4251.1765131,4.0
6,4100,9661.15549,GB,100,0.5,56,0.56,2,305.717,3.0571699999999997,327099.8995803308,
6,4101,9661.52419,LoR,16,0.5,6,0.375,12,207.933,12.9958125,76947.86301356688,
6,4102,9661.802516,SGD,64,0.05,3,0.046875,4,164.802,2.57503125,388344.8016407568,
6,4103,9662.016313,RF,64,0.0,0,0.0,26,3347.427,52.303546875,19119.162270006185,
6,4104,9665.425685,DT,100,1.0,100,1.0,28,101.86,1.0186,981739.6426467701,
6,4105,9665.593337,MLP,16,0.1,1,0.0625,21,232.816,14.551,68723.79905161157,
6,4106,9665.868162,MLP,16,0.0,0,0.0,2,178.352,11.147,89710.23593792052,
6,4107,9666.114644,LoR,32,0.5,10,0.3125,26,156.227,4.88209375,204830.15099822692,
6,4108,9666.308833,LoR,8,1.0,8,1.0,29,145.594,18.19925,54947.31925766172,
6,4109,9666.493751,SGD,1,0.05,0,0.0,26,144.108,144.108,6939.240014433619,
6,4110,9666.805341,MLP,16,0.5,5,0.3125,8,175.835,10.9896875,90994.39815736344,
6,4111,9667.041078,SGD,8,0.1,1,0.125,1,148.518,18.56475,53865.524717542656,
6,4112,9667.252435,RF,32,0.01,1,0.03125,0,3254.451,101.70159375,9832.687602302201,
6,4113,9670.558292,GB,32,0.05,0,0.0,5,251.88,7.87125,127044.62442432904,
6,4114,9670.853112,LoR,1,0.01,0,0.0,27,159.348,159.348,6275.57295981123,
6,4115,9671.168628,AB,8,0.01,0,0.0,21,8013.202,1001.65025,998.3524688382996,
6,4116,9679.224165,LoR,8,0.0,0,0.0,19,152.82,19.1025,52349.16895694281,
6,4117,9679.421707,GB,16,0.01,0,0.0,24,218.966,13.685375,73070.70504096526,
6,4118,9679.682716,MLP,1,0.5,1,1.0,26,173.362,173.362,5768.276784993252,
6,4119,9680.029823,AB,32,0.5,16,0.5,14,8201.298,256.2905625,3901.8213946133887,
6,4120,9688.277708,DT,32,0.0,0,0.0,12,83.846,2.6201875,381652.0764258283,
6,4121,9688.440535,NB,100,0.5,63,0.63,2,162.29,1.6229,616180.910715386,
6,4122,9688.641733,RF,8,0.0,0,0.0,17,3387.862,423.48275,2361.3712719113114,
6,4123,9692.167312,RF,100,0.05,4,0.04,2,3666.107,36.66107,27276.890718137794,
6,4124,9695.88303,AB,1,0.05,0,0.0,13,8237.926,8237.926,121.38977698998511,2.0
6,4125,9717.548149,SGD,100,0.1,7,0.07,15,242.417,2.42417,412512.3238056737,
6,4126,9717.835527,AB,8,1.0,8,1.0,3,8214.426,1026.80325,973.8964110212936,
6,4127,9726.135861,MLP,16,0.05,1,0.0625,13,220.694,13.793375,72498.57268435028,
6,4128,9726.441528,RF,100,0.01,4,0.04,14,3625.107,36.25107,27585.392651858278,
6,4129,9730.111479,DT,1,0.05,0,0.0,29,94.229,94.229,10612.44415201265,16.0
6,4130,9730.417627,RF,16,1.0,16,1.0,10,3099.929,193.7455625,5161.4085354858125,
6,4131,9733.583095,AB,16,0.5,8,0.5,24,8175.721,510.9825625,1957.013944091292,
6,4132,9741.827876,GB,32,0.5,14,0.4375,26,271.889,8.49653125,117695.08880462247,
6,4133,9742.141648,LoR,8,1.0,8,1.0,23,169.729,21.216125,47133.96060779242,
6,4134,9742.391763,NB,100,0.1,13,0.13,23,188.802,1.88802,529655.406192731,
6,4135,9742.639348,MLP,100,0.0,0,0.0,10,251.23,2.5122999999999998,398041.6351550372,
6,4136,9742.962039,LoR,64,0.5,32,0.5,1,164.18,2.5653125,389816.0555487879,
6,4137,9743.166663,AB,16,0.0,0,0.0,24,8137.761,508.6100625,1966.1427756357061,
6,4138,9751.366984,DT,8,0.5,6,0.75,13,83.395,10.424375,95929.01253072727,
6,4139,9751.493495,AB,32,1.0,32,1.0,1,8146.771,254.58659375,3927.9366021212577,
6,4140,9759.721633,AB,100,0.05,5,0.05,19,8667.039,86.67039000000001,11537.965849697917,
6,4141,9768.448442,GB,100,1.0,100,1.0,10,294.976,2.94976,339010.63137339987,
6,4142,9768.786497,AB,1,0.5,1,1.0,24,7800.635,7800.635,128.1946918423949,2.0
6,4143,9789.466629,AB,64,0.5,33,0.515625,7,8526.553,133.227390625,7505.964016173945,
6,4144,9798.035709,SGD,8,1.0,8,1.0,20,157.994,19.74925,50634.83423421143,
6,4145,9798.235033,AB,1,0.01,0,0.0,16,7704.421,7704.421,129.7956069638458,2.0
6,4146,9818.776646,MLP,100,0.5,47,0.47,7,255.135,2.55135,391949.3601426696,
6,4147,9819.114434,RF,100,0.5,54,0.54,13,3590.484,35.90484,27851.398307303418,
6,4148,9822.76662,RF,100,0.0,0,0.0,28,3489.818,34.89818,28654.789447472616,
6,4149,9826.332174,GB,64,0.1,3,0.046875,0,288.869,4.513578125,221553.71465958617,
6,4150,9826.663349,RF,1,0.01,0,0.0,10,3040.29,3040.29,328.91599156659396,10.01
6,4151,9842.648942,RF,8,0.5,6,0.75,22,3121.851,390.231375,2562.5822628946735,
6,4152,9845.81489,LoR,1,0.5,0,0.0,14,165.597,165.597,6038.756740762212,
6,4153,9846.141214,NB,8,0.0,0,0.0,25,116.879,14.609875,68446.85529479204,
6,4154,9846.321518,GB,32,0.5,17,0.53125,12,250.565,7.83015625,127711.37229860516,
6,4155,9846.614729,LoR,16,0.0,0,0.0,3,161.961,10.1225625,98789.21468748648,
6,4156,9846.819427,NB,16,0.05,0,0.0,25,115.363,7.2101875,138692.64842280454,
6,4157,9846.995423,AB,8,0.5,5,0.625,12,7982.447,997.805875,1002.1989497706655,
6,4158,9855.051907,DT,64,0.5,36,0.5625,28,89.134,1.39271875,718020.0596854175,
6,4159,9855.209431,SGD,64,0.1,8,0.125,25,165.714,2.58928125,386207.56242683175,
6,4160,9855.413398,SGD,8,0.0,0,0.0,8,147.166,18.39575,54360.38215348654,
6,4161,9855.62327,DT,32,0.05,1,0.03125,11,88.416,2.763,361925.4433586681,
6,4162,9855.771599,GB,32,0.5,20,0.625,17,232.267,7.25834375,137772.4773644125,
6,4163,9856.044716,SGD,1,0.1,1,1.0,13,152.616,152.616,6552.392933899459,
6,4164,9856.351772,GB,32,0.01,0,0.0,9,225.842,7.0575625,141691.979348394,
6,4165,9856.622314,DT,16,0.01,0,0.0,10,89.105,5.5690625,179563.436395264,
6,4166,9856.752198,RF,8,0.05,0,0.0,3,3061.142,382.64275,2613.4037558532077,
6,4167,9859.874802,LoR,100,0.0,0,0.0,27,181.263,1.81263,551684.5688309252,
6,4168,9860.107812,LoR,64,0.0,0,0.0,10,161.449,2.522640625,396410.01183036127,
6,4169,9860.346552,GB,100,0.5,61,0.61,6,300.112,3.0011200000000002,333208.9353308098,
6,4170,9860.710412,SGD,100,1.0,100,1.0,28,179.598,1.7959800000000001,556799.0734863416,
6,4171,9860.941586,AB,64,1.0,64,1.0,17,8312.751,129.886734375,7699.015644760681,
6,4172,9869.336948,LoR,100,0.01,1,0.01,13,170.838,1.70838,585349.8636134817,
6,4173,9869.586183,GB,100,0.01,1,0.01,16,276.338,2.76338,361875.6739934428,
6,4174,9869.906502,GB,8,0.01,0,0.0,9,214.549,26.818625,37287.51940116244,
6,4175,9870.182286,LoR,8,0.05,1,0.125,20,158.109,19.763625,50598.00517364602,
6,4176,9870.402866,DT,32,0.5,13,0.40625,16,94.812,2.962875,337510.0198287137,
6,4177,9870.53665,AB,16,0.0,0,0.0,15,7959.714,497.482125,2010.122474249703,
6,4178,9878.540875,MLP,8,0.01,0,0.0,26,187.53,23.44125,42659.841092091934,
6,4179,9878.771795,AB,8,0.1,0,0.0,1,7976.168,997.021,1002.9879009569509,
6,4180,9886.794749,LoR,32,0.0,0,0.0,18,156.542,4.8919375,204417.98367211357,
6,4181,9887.031067,LoR,100,0.1,10,0.1,8,164.963,1.64963,606196.5410425368,
6,4182,9887.264974,GB,64,0.1,8,0.125,13,255.34,3.9896875,250646.19722722645,
6,4183,9887.581853,LoR,8,0.1,1,0.125,28,158.39,19.79875,50508.23915651241,
6,4184,9887.789711,NB,64,0.0,0,0.0,22,134.82,2.1065625,474707.01676309155,
6,4185,9887.962781,DT,8,0.0,0,0.0,12,89.311,11.163875,89574.63246408616,
6,4186,9888.119167,LoR,64,0.1,6,0.09375,18,163.995,2.562421875,390255.800481722,
6,4187,9888.324864,DT,1,0.05,0,0.0,0,84.304,84.304,11861.833364964888,17.0
6,4188,9888.60621,GB,16,0.01,0,0.0,7,222.789,13.9243125,71816.83117209557,
6,4189,9888.908216,MLP,100,0.05,1,0.01,23,247.782,2.47782,403580.56678854796,
6,4190,9889.197342,SGD,1,0.01,0,0.0,20,149.728,149.728,6678.7775165633675,
6,4191,9889.519324,LoR,100,0.0,0,0.0,29,202.464,2.0246399999999998,493914.96759917814,
6,4192,9889.760013,RF,1,0.0,0,0.0,16,3097.0,3097.0,322.8931223764934,9.21
6,4193,9905.753671,AB,100,0.01,0,0.0,16,9194.063,91.94063,10876.584160887303,
6,4194,9915.031856,MLP,32,0.1,4,0.125,20,221.839,6.93246875,144248.75698141445,
6,4195,9915.294944,RF,1,0.5,1,1.0,3,3114.233,3114.233,321.10635267174933,8.62
6,4196,9931.129606,SGD,64,0.5,40,0.625,0,173.899,2.717171875,368029.7183997608,
6,4197,9931.353124,LoR,32,0.01,0,0.0,15,152.957,4.77990625,209209.12413292626,
6,4198,9931.548424,NB,16,0.01,0,0.0,0,116.65,7.290625,137162.45177882555,
6,4199,9931.704642,GB,8,0.1,0,0.0,21,264.901,33.112625,30199.961495049094,
6,4200,9932.060426,MLP,100,0.1,12,0.12,9,245.145,2.45145,407921.84217503923,
6,4201,9932.383124,DT,100,0.5,39,0.39,5,98.132,0.9813200000000001,1019035.5847226185,
6,4202,9932.547617,GB,64,0.05,3,0.046875,3,258.99,4.04671875,247113.7881771497,
6,4203,9932.846057,MLP,8,0.0,0,0.0,10,182.265,22.783125,43892.13507804571,
6,4204,9933.070002,LoR,8,0.1,0,0.0,2,147.717,18.464625,54157.6121908785,
6,4205,9933.266855,LoR,64,1.0,64,1.0,10,153.389,2.396703125,417239.82814934576,
6,4206,9933.4878,LoR,64,0.1,9,0.140625,4,188.159,2.939984375,340137.8621272435,
6,4207,9933.719734,SGD,1,0.01,0,0.0,6,140.698,140.698,7107.421569602979,
6,4208,9934.009835,LoR,1,0.5,0,0.0,3,137.334,137.334,7281.518050883248,
6,4209,9934.310558,MLP,32,0.5,18,0.5625,29,183.06,5.720625,174806.07451108925,
6,4210,9934.569882,AB,100,0.05,7,0.07,21,8585.244,85.85244,11647.892593384648,
6,4211,9943.243266,RF,64,0.05,1,0.015625,12,3389.354,52.95865625,18882.65433471983,
6,4212,9946.69692,RF,100,0.0,0,0.0,20,3492.297,34.92297,28634.44890282814,
6,4213,9950.25728,DT,32,0.05,3,0.09375,23,95.84,2.995,333889.816360601,
6,4214,9950.404755,SGD,64,0.01,0,0.0,21,170.338,2.66153125,375723.56138970755,
6,4215,9950.615987,SGD,16,0.0,0,0.0,2,150.271,9.3919375,106474.30309241304,
6,4216,9950.825083,LoR,16,0.5,5,0.3125,26,146.747,9.1716875,109031.18973471348,
6,4217,9951.039979,SGD,64,0.5,30,0.46875,10,156.201,2.440640625,409728.49085473205,
6,4218,9951.243897,LoR,64,0.0,0,0.0,14,151.495,2.367109375,422456.18667282746,
6,4219,9951.469027,DT,100,0.1,7,0.07,13,94.821,0.94821,1054618.702608072,
6,4220,9951.620912,NB,16,0.5,6,0.375,14,115.135,7.1959375,138967.2992573935,
6,4221,9951.794714,SGD,32,0.01,1,0.03125,9,156.093,4.87790625,205005.99001877088,
6,4222,9952.006065,AB,100,1.0,100,1.0,25,8503.155,85.03155000000001,11760.340720591355,
6,4223,9960.58903,NB,100,0.5,51,0.51,24,147.394,1.47394,678453.668398985,
6,4224,9960.775672,NB,1,0.1,0,0.0,5,99.641,99.641,10036.029345349805,
6,4225,9960.922098,SGD,8,0.0,0,0.0,9,151.675,18.959375,52744.354705785394,
6,4226,9961.135358,LoR,32,0.1,2,0.0625,25,152.584,4.76825,209720.54737062863,
6,4227,9961.329868,DT,1,0.1,0,0.0,12,83.25,83.25,12012.012012012012,16.0
6,4228,9961.625765,RF,1,0.01,0,0.0,14,2983.1,2983.1,335.22174918708725,12.41
6,4229,9977.22479,NB,1,0.0,0,0.0,4,105.148,105.148,9510.40438239434,
6,4230,9977.408622,LoR,64,0.05,7,0.109375,12,166.368,2.5995,384689.3633391037,
6,4231,9977.640076,GB,16,0.01,0,0.0,12,252.504,15.7815,63365.332826410675,
6,4232,9977.970167,AB,100,0.5,52,0.52,3,8533.514,85.33514,11718.501897342643,
6,4233,9986.584379,GB,100,0.05,7,0.07,4,278.079,2.78079,359610.0388738452,
6,4234,9986.913406,LoR,64,0.0,0,0.0,2,167.261,2.613453125,382635.52172951255,
6,4235,9987.15641,AB,100,0.05,5,0.05,24,8541.702,85.41702,11707.26864505458,
6,4236,9995.787761,DT,100,0.01,2,0.02,19,92.428,0.92428,1081923.2267278314,
6,4237,9995.947858,LoR,64,0.01,1,0.015625,21,161.616,2.52525,396000.396000396,
6,4238,9996.148007,NB,1,0.01,0,0.0,5,99.748,99.748,10025.263664434375,
6,4239,9996.293639,RF,8,0.0,0,0.0,23,3075.655,384.456875,2601.071966784311,
6,4240,9999.434491,MLP,16,0.05,1,0.0625,8,202.839,12.6774375,78880.29422349745,
6,4241,9999.708038,LoR,64,0.01,1,0.015625,22,160.017,2.500265625,399957.50451514527,
6,4242,9999.905461,NB,8,1.0,8,1.0,9,108.365,13.545625,73824.57435518848,
6,4243,10000.055314,NB,32,1.0,32,1.0,16,113.53,3.5478125,281863.8245397692,
6,4244,10000.233688,DT,64,0.1,7,0.109375,21,94.643,1.478796875,676225.3943767631,
6,4245,10000.381431,MLP,100,0.0,0,0.0,0,236.615,2.36615,422627.47501215053,
6,4246,10000.680519,RF,32,0.1,5,0.15625,25,3197.705,99.92828125,10007.17702227066,
6,4247,10003.922168,LoR,16,1.0,16,1.0,0,162.402,10.150125,98520.95417544119,
6,4248,10004.136197,LoR,64,0.0,0,0.0,7,159.781,2.496578125,400548.2504177593,
6,4249,10004.348318,MLP,64,0.05,0,0.0,28,236.146,3.68978125,271018.7765196108,
6,4250,10004.641033,RF,100,1.0,100,1.0,15,3327.18,33.2718,30055.482420548335,
6,4251,10008.01545,DT,32,0.0,0,0.0,7,93.478,2.9211875,342326.5367252188,
6,4252,10008.149333,LoR,16,0.0,0,0.0,20,156.708,9.79425,102100.72236261072,
6,4253,10008.364025,RF,8,0.1,1,0.125,9,3071.183,383.897875,2604.8594303888763,
6,4254,10011.514725,NB,32,0.05,2,0.0625,11,127.266,3.9770625,251441.86192698756,
6,4255,10011.681449,AB,16,1.0,16,1.0,26,7954.515,497.1571875,2011.4362723560141,
6,4256,10019.68192,MLP,32,0.0,0,0.0,7,190.385,5.94953125,168080.46852430602,
6,4257,10019.917357,GB,32,1.0,32,1.0,8,236.15,7.3796875,135507.09294939655,
6,4258,10020.232094,MLP,100,0.01,1,0.01,17,235.272,2.3527199999999997,425039.95375565306,
6,4259,10020.528418,RF,16,0.05,1,0.0625,6,3497.347,218.5841875,4574.896342856457,
6,4260,10024.109155,AB,16,0.01,1,0.0625,3,8718.617,544.9135625,1835.1534423406831,
6,4261,10032.90365,MLP,1,1.0,1,1.0,2,210.607,210.607,4748.180259915387,
6,4262,10033.287439,NB,16,0.0,0,0.0,0,126.596,7.91225,126386.2997251098,
6,4263,10033.475941,AB,8,0.5,4,0.5,25,8206.357,1025.794625,974.8540064732744,
6,4264,10041.775401,DT,16,0.1,1,0.0625,26,87.695,5.4809375,182450.5387992474,
6,4265,10041.933198,NB,16,0.05,0,0.0,22,122.904,7.6815,130182.90698431297,
6,4266,10042.096853,GB,8,0.1,0,0.0,4,275.668,34.4585,29020.415862559308,
6,4267,10042.416851,LoR,1,0.0,0,0.0,18,177.542,177.542,5632.470063421613,
6,4268,10042.765438,DT,32,0.0,0,0.0,9,94.807,2.96271875,337527.8196757623,
6,4269,10042.922374,MLP,16,0.5,6,0.375,28,203.419,12.7136875,78655.38617336629,
6,4270,10043.166892,MLP,1,0.01,0,0.0,24,165.904,165.904,6027.582216221429,
6,4271,10043.503301,NB,100,1.0,100,1.0,20,155.528,1.55528,642971.0405843321,
6,4272,10043.699367,LoR,1,0.01,0,0.0,3,148.673,148.673,6726.170858192139,
6,4273,10043.996249,MLP,8,0.0,0,0.0,12,172.902,21.61275,46268.984742802284,
6,4274,10044.234952,LoR,32,0.5,17,0.53125,24,153.147,4.78584375,208949.5713268951,
6,4275,10044.427334,NB,8,1.0,8,1.0,26,109.738,13.71725,72900.90943884525,
6,4276,10044.599163,MLP,32,0.5,17,0.53125,18,193.334,6.0416875,165516.67063217022,
6,4277,10044.874533,NB,100,0.05,7,0.07,0,159.123,1.59123,628444.6623052608,
6,4278,10045.101997,NB,64,0.05,9,0.140625,27,134.023,2.094109375,477529.97619811527,
6,4279,10045.272527,AB,8,0.0,0,0.0,7,8246.373,1030.796625,970.1234712521493,
6,4280,10053.598924,SGD,8,0.0,0,0.0,29,187.619,23.452375,42639.60473086414,
6,4281,10053.855816,LoR,8,0.1,2,0.25,19,156.939,19.617375,50975.219671337276,
6,4282,10054.05137,LoR,1,1.0,1,1.0,28,145.15,145.15,6889.424733034792,
6,4283,10054.376018,RF,1,0.05,0,0.0,24,3278.729,3278.729,304.99623482148115,8.35
6,4284,10070.613841,LoR,16,1.0,16,1.0,20,181.54,11.34625,88134.84631486174,
6,4285,10070.865661,NB,32,0.1,3,0.09375,16,127.899,3.99684375,250197.42140282565,
6,4286,10071.035044,AB,16,0.01,0,0.0,4,7955.021,497.1888125,2011.3083296700286,
6,4287,10079.056813,AB,32,0.5,17,0.53125,21,8029.646,250.9264375,3985.231727525722,
6,4288,10087.173801,SGD,100,0.05,9,0.09,23,173.833,1.73833,575264.7656083712,
6,4289,10087.3877,NB,1,0.01,1,1.0,22,99.374,99.374,10062.994344597178,
6,4290,10087.537546,RF,8,0.05,0,0.0,1,3174.739,396.842375,2519.892186412804,
6,4291,10090.756724,DT,16,1.0,16,1.0,11,91.744,5.734,174398.32577607254,
6,4292,10090.888548,GB,1,0.05,0,0.0,27,241.201,241.201,4145.919793035684,4.0
6,4293,10103.788753,AB,32,0.1,3,0.09375,2,8129.038,254.0324375,3936.505155960644,
6,4294,10111.96095,NB,1,0.01,0,0.0,4,104.309,104.309,9586.900459212533,
6,4295,10112.116882,RF,8,0.1,0,0.0,5,3090.768,386.346,2588.3534448396,
6,4296,10115.253167,RF,8,0.1,0,0.0,27,3122.747,390.343375,2561.8469892053376,
6,4297,10118.423383,GB,16,0.01,0,0.0,20,239.485,14.9678125,66810.0298557321,
6,4298,10118.736942,AB,64,0.05,5,0.078125,19,8369.136,130.76775,7647.145416205448,
6,4299,10127.180114,LoR,64,0.05,2,0.03125,11,171.251,2.675796875,373720.4454280559,
6,4300,10127.401191,SGD,64,1.0,64,1.0,18,160.668,2.5104375,398336.94326188165,
6,4301,10127.622113,DT,16,0.5,10,0.625,6,88.087,5.5054375,181638.60728597862,
6,4302,10127.748662,RF,1,0.5,1,1.0,10,3058.108,3058.108,326.9995696685663,6.86
6,4303,10143.635435,NB,32,0.0,0,0.0,11,127.244,3.976375,251485.33526138758,
6,4304,10143.804266,AB,8,0.01,0,0.0,28,7958.278,994.78475,1005.2425914249288,
6,4305,10151.809732,AB,32,1.0,32,1.0,13,8026.256,250.8205,3986.9149451500175,
6,4306,10159.878636,LoR,1,0.1,0,0.0,29,149.205,149.205,6702.188264468348,
6,4307,10160.211288,DT,32,0.1,1,0.03125,28,89.219,2.78809375,358667.99672715453,
6,4308,10160.363124,RF,32,0.1,2,0.0625,6,3230.731,100.96034375,9904.879112498069,
6,4309,10163.656448,GB,100,0.0,0,0.0,15,294.644,2.94644,339392.6229619473,
6,4310,10163.993888,RF,1,0.5,0,0.0,26,3025.487,3025.487,330.52530055491894,11.18
6,4311,10179.863651,GB,16,0.01,1,0.0625,25,229.011,14.3131875,69865.63964176393,
6,4312,10180.171193,RF,100,0.05,3,0.03,0,3506.335,35.06335,28519.807719456356,
6,4313,10183.763831,SGD,100,0.05,4,0.04,10,188.116,1.8811600000000002,531586.8931935614,
6,4314,10183.994809,SGD,8,0.01,0,0.0,7,154.146,19.26825,51898.849143020256,
6,4315,10184.189367,LoR,16,1.0,16,1.0,15,148.632,9.2895,107648.42025943269,
6,4316,10184.37941,LoR,8,0.01,0,0.0,17,143.655,17.956875,55688.977063102575,
6,4317,10184.570252,MLP,32,0.0,0,0.0,24,202.763,6.33634375,157819.72056045727,
6,4318,10184.844138,MLP,64,0.5,26,0.40625,4,204.493,3.195203125,312969.1480881986,
6,4319,10185.118306,MLP,64,0.05,7,0.109375,5,202.36,3.161875,316268.0371614944,
6,4320,10185.37923,SGD,8,0.05,2,0.25,9,148.317,18.539625,53938.52356776364,
6,4321,10185.567154,DT,1,0.5,1,1.0,7,109.414,109.414,9139.598223262105,4.0
6,4322,10185.913075,MLP,100,0.1,13,0.13,17,239.618,2.3961799999999998,417330.918378419,
6,4323,10186.200014,MLP,32,0.01,0,0.0,27,186.495,5.82796875,171586.36960776427,
6,4324,10186.439802,GB,64,0.05,0,0.0,1,256.603,4.009421875,249412.5166112633,
6,4325,10186.740794,LoR,16,0.01,0,0.0,13,158.792,9.9245,100760.74361428787,
6,4326,10186.970983,SGD,64,0.5,37,0.578125,4,163.202,2.55003125,392152.0569600863,
6,4327,10187.199384,NB,16,0.5,8,0.5,11,116.57,7.285625,137256.58402676505,
6,4328,10187.354807,LoR,8,0.1,0,0.0,15,150.326,18.79075,53217.67358939904,
6,4329,10187.553881,RF,64,1.0,64,1.0,3,3269.901,51.092203125,19572.458004080247,
6,4330,10190.865624,NB,1,1.0,1,1.0,29,112.194,112.194,8913.132609586964,
6,4331,10191.065213,AB,100,0.05,4,0.04,12,8621.09,86.2109,11599.461321016252,
6,4332,10199.760875,RF,64,0.5,34,0.53125,14,3335.581,52.118453125,19187.062163982824,
6,4333,10203.141849,MLP,16,1.0,16,1.0,8,198.001,12.3750625,80807.67268852178,
6,4334,10203.383904,NB,8,0.01,0,0.0,12,113.12,14.14,70721.35785007072,
6,4335,10203.54703,GB,64,1.0,64,1.0,12,265.456,4.14775,241094.5693448255,
6,4336,10203.858445,RF,32,0.0,0,0.0,12,3174.145,99.19203125,10081.455005993741,
6,4337,10207.082238,GB,32,0.01,0,0.0,19,237.266,7.4145625,134869.72427570744,
6,4338,10207.400032,AB,100,0.01,1,0.01,0,8548.123,85.48123,11698.474624195278,
6,4339,10216.021114,DT,64,0.1,3,0.046875,19,87.848,1.372625,728531.0991712959,
6,4340,10216.153746,GB,32,0.05,0,0.0,11,221.089,6.90903125,144738.09189964223,
6,4341,10216.416941,LoR,8,0.05,0,0.0,15,156.283,19.535375,51189.1888433163,
6,4342,10216.612798,SGD,1,0.5,0,0.0,22,144.923,144.923,6900.215976760072,
6,4343,10216.937129,GB,64,0.5,38,0.59375,8,257.084,4.0169375,248945.86983242832,
6,4344,10217.238528,MLP,16,0.01,0,0.0,28,187.16,11.6975,85488.35221201112,
6,4345,10217.470187,NB,16,0.0,0,0.0,4,114.252,7.14075,140041.3121870952,
6,4346,10217.637449,RF,64,1.0,64,1.0,9,3166.844,49.4819375,20209.39458969245,
6,4347,10220.857809,RF,64,0.0,0,0.0,8,3284.57,51.32140625,19485.046748889505,
6,4348,10224.183181,DT,1,1.0,1,1.0,5,90.093,90.093,11099.641481580145,11.0
6,4349,10224.486873,GB,16,0.5,8,0.5,28,228.083,14.2551875,70149.90157091936,
6,4350,10224.772738,LoR,100,0.0,0,0.0,15,173.578,1.73578,576109.8756754888,
6,4351,10225.006816,RF,16,0.1,1,0.0625,25,3107.34,194.20875,5149.0985859288,
6,4352,10228.157768,LoR,16,1.0,16,1.0,7,161.915,10.1196875,98817.28067195752,
6,4353,10228.372084,SGD,64,0.01,0,0.0,12,161.036,2.5161875,397426.66236121114,
6,4354,10228.572553,RF,1,0.01,0,0.0,5,2959.938,2959.938,337.84491431915126,9.99
6,4355,10244.181845,LoR,8,0.0,0,0.0,27,155.679,19.459875,51387.79154542359,
6,4356,10244.375299,RF,1,0.0,0,0.0,20,2996.627,2996.627,333.70853296055867,11.67
6,4357,10260.282374,RF,1,0.05,0,0.0,20,2958.026,2958.026,338.06328950455475,10.1
6,4358,10275.837542,LoR,32,0.5,13,0.40625,23,161.116,5.034875,198614.66272747584,
6,4359,10276.035843,GB,1,0.0,0,0.0,16,208.141,208.141,4804.435454811883,4.0
6,4360,10288.696618,GB,1,0.5,0,0.0,0,204.652,204.652,4886.343646775991,4.0
6,4361,10301.425596,DT,100,0.01,2,0.02,5,98.363,0.98363,1016642.4366885923,
6,4362,10301.562861,MLP,1,0.05,0,0.0,4,225.867,225.867,4427.384257107059,
6,4363,10301.941802,MLP,8,0.01,0,0.0,24,173.917,21.739625,45998.95352380733,
6,4364,10302.175229,SGD,16,0.5,10,0.625,23,150.204,9.38775,106521.79702271576,
6,4365,10302.369426,LoR,32,0.01,0,0.0,8,146.437,4.57615625,218524.0069108217,
6,4366,10302.56651,LoR,64,0.01,0,0.0,10,150.119,2.345609375,426328.44609942776,
6,4367,10302.764796,MLP,32,1.0,32,1.0,19,181.715,5.67859375,176099.93671408523,
6,4368,10303.013484,LoR,100,0.01,0,0.0,22,158.597,1.58597,630528.9507367731,
6,4369,10303.220342,LoR,64,0.0,0,0.0,9,148.521,2.320640625,430915.4934319053,
6,4370,10303.407779,SGD,1,0.01,0,0.0,0,137.749,137.749,7259.580831802772,
6,4371,10303.722258,DT,100,0.05,5,0.05,22,93.785,0.93785,1066268.5930585915,
6,4372,10303.857461,NB,16,0.01,0,0.0,16,116.082,7.255125,137833.60038593409,
6,4373,10304.03262,LoR,32,0.5,13,0.40625,0,152.478,4.7649375,209866.34137383752,
6,4374,10304.243391,SGD,16,0.05,1,0.0625,9,146.068,9.12925,109538.02338636799,
6,4375,10304.455631,MLP,64,0.5,32,0.5,22,204.319,3.192484375,313235.6755857263,
6,4376,10304.808184,LoR,100,0.05,4,0.04,13,160.029,1.60029,624886.7392785058,
6,4377,10305.007144,LoR,8,0.1,0,0.0,9,140.578,17.57225,56907.90877662223,
6,4378,10305.222215,SGD,100,0.01,1,0.01,27,159.229,1.5922900000000002,628026.3017415169,
6,4379,10305.436388,GB,100,1.0,100,1.0,15,327.378,3.27378,305457.30012401566,
6,4380,10305.808605,SGD,32,0.0,0,0.0,27,159.801,4.99378125,200249.05976808656,
6,4381,10306.005727,MLP,1,1.0,1,1.0,6,161.028,161.028,6210.100106813722,
6,4382,10306.34743,NB,8,0.05,0,0.0,5,109.448,13.681,73094.07207075506,
6,4383,10306.515006,NB,16,0.5,7,0.4375,22,108.432,6.777,147557.91648221927,
6,4384,10306.663597,SGD,1,0.05,0,0.0,12,145.662,145.662,6865.208496382035,
6,4385,10306.959112,LoR,32,1.0,32,1.0,8,147.336,4.60425,217190.6390834555,
6,4386,10307.14601,SGD,1,0.01,0,0.0,4,138.178,138.178,7237.042076162631,
6,4387,10307.423185,AB,1,0.01,0,0.0,11,7506.503,7506.503,133.21782459821839,2.0
6,4388,10327.301866,AB,32,0.05,0,0.0,9,7993.953,249.81103125,4003.025787116837,
6,4389,10335.34182,GB,16,0.05,0,0.0,27,213.985,13.3740625,74771.59613991635,
6,4390,10335.613711,AB,100,0.0,0,0.0,19,8465.054,84.65054,11813.27372512922,
6,4391,10344.119886,SGD,8,1.0,8,1.0,1,150.258,18.78225,53241.75751041542,
6,4392,10344.333194,MLP,32,0.05,5,0.15625,22,187.976,5.87425,170234.49802102396,
6,4393,10344.577902,DT,100,0.0,0,0.0,19,93.796,0.93796,1066143.5455669751,
6,4394,10344.721218,GB,64,0.0,0,0.0,15,238.218,3.72215625,268661.47814187006,
6,4395,10345.000677,RF,16,1.0,16,1.0,9,3155.758,197.234875,5070.097263478378,
6,4396,10348.220878,MLP,16,0.5,8,0.5,18,194.227,12.1391875,82377.83624315877,
6,4397,10348.488937,RF,64,0.1,11,0.171875,29,3306.786,51.66853125,19354.140243729107,
6,4398,10351.864233,DT,100,1.0,100,1.0,19,99.966,0.99966,1000340.1156393174,
6,4399,10352.025628,NB,16,0.1,2,0.125,8,119.546,7.471625,133839.69350710185,
6,4400,10352.184569,GB,8,0.05,0,0.0,2,216.53,27.06625,36946.381563755596,
6,4401,10352.441988,AB,16,0.0,0,0.0,20,7890.267,493.1416875,2027.8147748358833,
6,4402,10360.412463,MLP,100,0.05,7,0.07,17,237.783,2.37783,420551.5112518557,
6,4403,10360.690394,GB,8,0.0,0,0.0,19,212.004,26.5005,37735.137072885416,
6,4404,10360.94446,GB,16,0.0,0,0.0,5,213.358,13.334875,74991.32912756962,
6,4405,10361.208382,GB,64,0.0,0,0.0,0,240.465,3.757265625,266150.999105899,
6,4406,10361.502704,AB,64,0.01,0,0.0,6,8280.569,129.383890625,7728.937467944535,
6,4407,10369.829074,NB,32,1.0,32,1.0,8,120.023,3.75071875,266615.5653499746,
6,4408,10369.988314,MLP,1,0.05,0,0.0,22,165.693,165.693,6035.257977102231,
6,4409,10370.305594,GB,8,1.0,8,1.0,10,208.456,26.057,38377.40338488698,
6,4410,10370.567454,MLP,64,0.01,0,0.0,3,208.434,3.25678125,307051.63265110296,
6,4411,10370.845525,GB,64,0.1,7,0.109375,22,250.942,3.92096875,255039.01299901967,
6,4412,10371.138645,RF,8,0.01,0,0.0,14,3063.076,382.8845,2611.75367506389,
6,4413,10374.248272,SGD,16,0.05,0,0.0,6,166.079,10.3799375,96339.69376019845,
6,4414,10374.45536,DT,1,0.01,0,0.0,28,86.227,86.227,11597.295510686907,16.0
6,4415,10374.764132,GB,8,0.01,0,0.0,16,211.168,26.396,37884.52795878163,
6,4416,10375.032783,AB,100,1.0,100,1.0,1,8480.348,84.80348,11791.968914483226,
6,4417,10383.557343,NB,8,0.05,0,0.0,11,109.981,13.747625,72739.8368809158,
6,4418,10383.715205,LoR,64,1.0,64,1.0,8,160.785,2.512265625,398047.08150635945,
6,4419,10383.913295,MLP,1,0.0,0,0.0,23,160.174,160.174,6243.210508571928,
6,4420,10384.220642,MLP,16,0.05,0,0.0,0,170.212,10.63825,94000.42300190352,
6,4421,10384.451432,RF,16,0.5,9,0.5625,26,3130.397,195.6498125,5111.172800127269,
6,4422,10387.625975,SGD,16,0.0,0,0.0,8,163.745,10.2340625,97712.90726434394,
6,4423,10387.835361,GB,8,0.01,0,0.0,2,244.416,30.552,32731.08143493061,
6,4424,10388.121549,AB,16,0.0,0,0.0,11,8044.125,502.7578125,1989.0292604851368,
6,4425,10396.211399,MLP,32,1.0,32,1.0,12,192.597,6.01865625,166150.04387399595,
6,4426,10396.445542,SGD,1,0.01,0,0.0,18,145.336,145.336,6880.607695271646,
6,4427,10396.780331,DT,100,0.05,1,0.01,0,94.018,0.94018,1063626.1141483546,
6,4428,10396.912589,SGD,1,0.05,0,0.0,4,144.999,144.999,6896.599286891634,
6,4429,10397.198108,LoR,8,0.0,0,0.0,12,141.982,17.74775,56345.17051457227,
6,4430,10397.396397,MLP,100,0.0,0,0.0,8,228.295,2.28295,438029.74221949675,
6,4431,10397.702742,LoR,100,0.1,12,0.12,27,159.821,1.59821,625700.0018771,
6,4432,10397.902722,DT,8,0.01,0,0.0,13,84.386,10.54825,94802.45538359444,
6,4433,10398.047634,LoR,32,0.1,2,0.0625,26,148.972,4.655375,214805.46679913002,
6,4434,10398.232093,DT,1,0.0,0,0.0,16,81.097,81.097,12330.91236420583,16.0
6,4435,10398.518294,LoR,16,0.5,9,0.5625,16,152.921,9.5575625,104629.18761975138,
6,4436,10398.712958,NB,16,0.01,0,0.0,20,111.644,6.97775,143312.672423059,
6,4437,10398.88364,AB,8,0.1,1,0.125,15,8207.18,1025.8975,974.7562500152305,
6,4438,10407.189055,SGD,32,0.5,9,0.28125,8,190.203,5.94384375,168241.3000846464,
6,4439,10407.424853,RF,16,0.0,0,0.0,0,3370.849,210.6780625,4746.578680919851,
6,4440,10410.878688,SGD,64,0.5,39,0.609375,24,188.059,2.938421875,340318.7297603412,
6,4441,10411.130269,NB,16,0.05,1,0.0625,19,126.759,7.9224375,126223.778982163,
6,4442,10411.327634,AB,64,0.05,6,0.09375,11,8378.615,130.915859375,7638.493951565981,
6,4443,10419.748602,AB,1,0.05,0,0.0,20,7597.322,7597.322,131.625327977411,2.0
6,4444,10439.913799,RF,32,0.0,0,0.0,14,3238.479,101.20246875,9881.181875812688,
6,4445,10443.219824,RF,32,0.1,3,0.09375,4,3186.864,99.5895,10041.21920483585,
6,4446,10446.469066,MLP,100,1.0,100,1.0,11,288.856,2.88856,346193.2589248622,
6,4447,10446.826817,LoR,32,0.01,2,0.0625,14,165.425,5.16953125,193441.13646667672,
6,4448,10447.061942,MLP,64,0.01,1,0.015625,14,267.895,4.185859375,238899.56886093435,
6,4449,10447.373556,SGD,32,0.0,0,0.0,11,208.594,6.5185625,153408.05584053232,
6,4450,10447.658428,DT,100,0.1,14,0.14,23,100.152,1.00152,998482.3068935218,
6,4451,10447.798129,RF,8,0.01,0,0.0,11,3091.756,386.4695,2587.526311908184,
6,4452,10450.952093,RF,8,0.5,2,0.25,1,3148.309,393.538625,2541.046638052364,
6,4453,10454.182282,SGD,100,0.05,4,0.04,12,182.045,1.82045,549314.7298744817,
6,4454,10454.425089,DT,16,0.1,1,0.0625,21,89.56,5.5975,178651.1835640911,
6,4455,10454.572002,NB,16,0.5,7,0.4375,7,119.934,7.495875,133406.70702219554,
6,4456,10454.751306,AB,32,0.01,2,0.0625,4,8158.401,254.95003125,3922.3372325042615,
6,4457,10462.951937,NB,1,0.05,0,0.0,4,102.306,102.306,9774.597775301547,
6,4458,10463.113252,AB,64,1.0,64,1.0,14,8210.176,128.284,7795.204390259113,
6,4459,10471.365106,NB,1,0.05,0,0.0,16,101.773,101.773,9825.788765193127,
6,4460,10471.519007,GB,32,1.0,32,1.0,11,260.559,8.14246875,122812.8753948242,
6,4461,10471.844677,SGD,32,0.5,17,0.53125,1,162.695,5.08421875,196687.05246012477,
6,4462,10472.044889,MLP,8,1.0,8,1.0,3,179.175,22.396875,44649.08608901911,
6,4463,10472.305732,GB,100,0.01,1,0.01,1,282.379,2.8237900000000002,354133.98305114754,
6,4464,10472.629131,SGD,1,0.01,0,0.0,21,156.234,156.234,6400.6554271157365,
6,4465,10472.968338,DT,32,0.01,2,0.0625,28,89.524,2.797625,357446.0479871319,
6,4466,10473.113657,DT,100,1.0,100,1.0,20,91.015,0.91015,1098719.9912102402,
6,4467,10473.26491,MLP,32,0.05,2,0.0625,5,194.579,6.08059375,164457.62389569276,
6,4468,10473.501728,GB,32,0.0,0,0.0,26,276.103,8.62821875,115898.77690571996,
6,4469,10473.842416,DT,32,0.05,1,0.03125,15,90.756,2.836125,352593.7679051523,
6,4470,10473.988512,RF,8,0.5,3,0.375,23,3017.553,377.194125,2651.1547601649418,
6,4471,10477.052117,NB,16,0.1,0,0.0,26,122.274,7.642125,130853.65654186498,
6,4472,10477.217888,AB,32,1.0,32,1.0,28,7984.486,249.5151875,4007.772071990608,
6,4473,10485.245521,NB,16,1.0,16,1.0,23,111.869,6.9918125,143024.43036051095,
6,4474,10485.396924,AB,1,0.5,1,1.0,18,7805.343,7805.343,128.1173678081796,2.0
6,4475,10506.463609,DT,8,0.01,0,0.0,11,95.604,11.9505,83678.507175432,
6,4476,10506.626192,AB,32,0.05,1,0.03125,20,8166.42,255.200625,3918.485701200771,
6,4477,10514.832653,MLP,1,0.0,0,0.0,13,192.86,192.86,5185.108368764907,
6,4478,10515.179918,DT,8,1.0,8,1.0,16,85.05,10.63125,94062.31628453851,
6,4479,10515.301729,MLP,1,1.0,1,1.0,28,159.38,159.38,6274.312962730582,
6,4480,10515.648116,NB,100,0.5,53,0.53,15,154.82,1.5482,645911.3809585326,
6,4481,10515.842819,LoR,8,0.01,0,0.0,7,152.973,19.121625,52296.81054826668,
6,4482,10516.053532,RF,16,0.05,2,0.125,2,3186.371,199.1481875,5021.386398507895,
6,4483,10519.294746,NB,64,0.01,0,0.0,28,142.062,2.21971875,450507.5248835015,
6,4484,10519.475874,SGD,8,1.0,8,1.0,11,158.005,19.750625,50631.30913578685,
6,4485,10519.677446,AB,32,1.0,32,1.0,16,8028.346,250.8858125,3985.877041173861,
6,4486,10527.766793,RF,8,0.5,2,0.25,16,3063.481,382.935125,2611.4083945681396,
6,4487,10530.873476,MLP,1,0.05,0,0.0,1,175.48,175.48,5698.655117392295,
6,4488,10531.214473,SGD,100,0.0,0,0.0,17,165.574,1.6557400000000002,603959.5588679381,
6,4489,10531.424136,SGD,32,1.0,32,1.0,14,150.026,4.6883125,213296.36196392623,
6,4490,10531.636947,NB,32,0.05,2,0.0625,23,119.483,3.73384375,267820.5267694986,
6,4491,10531.815795,MLP,32,0.01,3,0.09375,0,221.313,6.91603125,144591.59651714994,
6,4492,10532.105091,MLP,64,0.1,4,0.0625,17,202.11,3.15796875,316659.2449656128,
6,4493,10532.347081,GB,16,0.0,0,0.0,18,254.696,15.9185,62819.98932060182,
6,4494,10532.644313,GB,8,0.1,0,0.0,20,212.006,26.50075,37734.7810911012,
6,4495,10532.896768,NB,16,0.0,0,0.0,28,114.518,7.157375,139716.02717476728,
6,4496,10533.067817,LoR,8,0.05,1,0.125,1,152.467,19.058375,52470.370637580585,
6,4497,10533.277565,AB,16,0.5,7,0.4375,9,7933.101,495.8188125,2016.865788044297,
6,4498,10541.253231,MLP,16,0.0,0,0.0,27,176.875,11.0546875,90459.36395759718,
6,4499,10541.480729,SGD,64,1.0,64,1.0,24,207.319,3.239359375,308703.0132308182,
6,4500,10541.773868,SGD,100,0.05,12,0.12,16,161.454,1.61454,619371.4618405242,
6,4501,10542.010823,GB,100,0.1,6,0.06,20,271.515,2.71515,368303.7769552327,
6,4502,10542.324885,RF,8,0.01,0,0.0,27,3070.024,383.753,2605.8428207727366,
6,4503,10545.472197,LoR,64,0.1,7,0.109375,12,207.948,3.2491875,307769.2500048089,
6,4504,10545.757507,GB,100,0.1,12,0.12,10,284.233,2.84233,351824.0316923088,
6,4505,10546.113037,GB,64,0.5,36,0.5625,13,263.135,4.111484375,243221.16024094098,
6,4506,10546.43598,DT,16,0.01,0,0.0,14,165.188,10.32425,96859.33602925153,
6,4507,10546.687093,NB,16,0.1,2,0.125,4,116.403,7.2751875,137453.5020575071,
6,4508,10546.856069,MLP,1,0.1,0,0.0,11,317.235,317.235,3152.2373004239757,
6,4509,10547.462657,SGD,64,0.01,0,0.0,28,194.306,3.03603125,329377.3738330262,
6,4510,10547.768609,SGD,100,0.5,45,0.45,15,172.547,1.72547,579552.2379409669,
6,4511,10547.981686,RF,1,0.5,0,0.0,11,3191.161,3191.161,313.3655744727389,8.19
6,4512,10564.156013,GB,8,0.01,0,0.0,28,245.106,30.63825,32638.939887232464,
6,4513,10564.455911,SGD,64,0.0,0,0.0,25,177.827,2.778546875,359900.3525898767,
6,4514,10564.694981,DT,16,0.5,13,0.8125,23,89.429,5.5893125,178912.88060919836,
6,4515,10564.841757,DT,16,0.1,1,0.0625,18,84.264,5.2665,189879.42656413178,
6,4516,10564.966419,NB,32,1.0,32,1.0,6,123.517,3.85990625,259073.64978100182,
6,4517,10565.130606,AB,1,0.1,0,0.0,28,7658.163,7658.163,130.57961811468365,2.0
6,4518,10585.299998,DT,8,0.05,1,0.125,0,87.522,10.94025,91405.58945179498,
6,4519,10585.426348,SGD,1,0.5,0,0.0,18,153.172,153.172,6528.60836184159,
6,4520,10585.790453,MLP,16,0.05,2,0.125,28,192.659,12.0411875,83048.28738859852,
6,4521,10586.023771,LoR,16,0.0,0,0.0,25,148.531,9.2831875,107721.6204024749,
6,4522,10586.211633,LoR,1,0.01,0,0.0,28,139.052,139.052,7191.554238702069,
6,4523,10586.49304,SGD,1,0.05,0,0.0,1,138.603,138.603,7214.851049400085,
6,4524,10586.827426,SGD,1,0.5,1,1.0,13,137.667,137.667,7263.904930012276,
6,4525,10587.186662,DT,64,0.1,6,0.09375,25,91.012,1.4220625,703203.973102448,
6,4526,10587.338803,RF,32,0.1,3,0.09375,2,3376.958,105.5299375,9475.984006907993,
6,4527,10590.756748,AB,1,0.0,0,0.0,8,7775.938,7775.938,128.60184842008772,2.0
6,4528,10611.945364,LoR,100,1.0,100,1.0,4,210.642,2.10642,474739.13084759924,
6,4529,10612.233302,AB,64,0.5,32,0.5,15,8454.408,132.100125,7570.01554691943,
6,4530,10620.757101,MLP,32,0.5,22,0.6875,1,220.792,6.89975,144932.78741983406,
6,4531,10621.040262,RF,16,0.5,6,0.375,27,3232.973,202.0608125,4949.00514170703,
6,4532,10624.357375,MLP,100,0.5,45,0.45,28,266.857,2.6685700000000003,374732.5346533911,
6,4533,10624.667796,GB,8,0.5,8,1.0,6,260.452,32.5565,30715.83247584968,
6,4534,10625.000871,MLP,64,0.5,30,0.46875,16,218.936,3.420875,292322.8706105894,
6,4535,10625.298995,SGD,100,0.05,6,0.06,22,174.69,1.7469,572442.612628084,
6,4536,10625.537589,LoR,32,0.01,1,0.03125,19,195.406,6.1064375,163761.60404491163,
6,4537,10625.803304,DT,64,0.01,1,0.015625,16,96.721,1.511265625,661697.0461430299,
6,4538,10625.95789,NB,16,0.5,8,0.5,12,121.921,7.6200625,131232.51941831186,
6,4539,10626.127448,LoR,64,0.0,0,0.0,22,168.677,2.635578125,379423.39500939666,
6,4540,10626.364557,DT,64,0.1,9,0.140625,29,94.235,1.472421875,679153.1808775932,
6,4541,10626.533238,RF,100,0.1,11,0.11,8,3638.49,36.384899999999995,27483.928772650193,
6,4542,10630.241754,GB,32,0.05,1,0.03125,13,259.705,8.11578125,123216.72667064554,
6,4543,10630.574419,NB,64,0.1,4,0.0625,0,140.113,2.189265625,456774.17513007356,
6,4544,10630.756764,LoR,16,0.05,0,0.0,7,161.062,10.066375,99340.62659100222,
6,4545,10630.986736,DT,64,0.5,34,0.53125,2,95.031,1.484859375,673464.4484431396,
6,4546,10631.126799,DT,32,0.05,0,0.0,14,91.308,2.853375,350462.1719893109,
6,4547,10631.285815,RF,64,0.05,1,0.015625,11,3368.208,52.62825,19001.201826015495,
6,4548,10634.718233,GB,8,0.05,1,0.125,7,231.147,28.893375,34610.01008016544,
6,4549,10634.989128,LoR,1,1.0,1,1.0,4,157.828,157.828,6336.011354132346,
6,4550,10635.314692,LoR,64,1.0,64,1.0,22,159.372,2.4901875,401576.1865321386,
6,4551,10635.518549,DT,16,0.01,0,0.0,27,89.606,5.600375,178559.47146396447,
6,4552,10635.667367,MLP,16,0.5,6,0.375,29,185.457,11.5910625,86273.36795052222,
6,4553,10635.892958,SGD,1,0.5,1,1.0,26,146.842,146.842,6810.040724043529,
6,4554,10636.206687,MLP,16,0.1,1,0.0625,15,174.763,10.9226875,91552.55975235032,
6,4555,10636.424698,DT,16,0.1,0,0.0,2,88.214,5.513375,181377.1056748362,
6,4556,10636.561798,DT,64,1.0,64,1.0,8,91.953,1.436765625,696007.7430861418,
6,4557,10636.693013,RF,16,1.0,16,1.0,4,3560.735,222.5459375,4493.454300867657,
6,4558,10640.319768,DT,32,1.0,32,1.0,12,115.923,3.62259375,276045.3059358367,
6,4559,10640.502893,MLP,16,0.05,1,0.0625,15,214.799,13.4249375,74488.24249647344,
6,4560,10640.761074,MLP,16,1.0,16,1.0,2,184.35,11.521875,86791.42934635204,
6,4561,10641.019972,LoR,64,0.1,3,0.046875,2,169.245,2.644453125,378150.0192029307,
6,4562,10641.254148,MLP,32,0.1,2,0.0625,3,196.414,6.1379375,162921.17669819872,
6,4563,10641.541558,RF,100,0.01,2,0.02,22,3578.706,35.787060000000004,27943.06098349515,
6,4564,10645.185707,MLP,8,0.05,1,0.125,10,192.28,24.035,41605.99126274184,
6,4565,10645.424281,AB,32,1.0,32,1.0,23,8269.593,258.42478125,3869.597935472761,
6,4566,10653.736051,AB,8,1.0,8,1.0,10,7965.838,995.72975,1004.2885632371635,
6,4567,10661.770065,GB,32,0.5,17,0.53125,25,265.803,8.30634375,120389.91283017874,
6,4568,10662.095687,RF,100,0.0,0,0.0,13,3502.514,35.02514,28550.920852850268,
6,4569,10665.682652,AB,32,0.0,0,0.0,29,8206.541,256.45440625,3899.328596542685,
6,4570,10673.942448,AB,64,0.0,0,0.0,20,8336.734,130.26146875,7676.86722402322,
6,4571,10682.343786,MLP,8,0.1,1,0.125,5,183.436,22.9295,43611.940949431955,
6,4572,10682.581788,RF,64,0.01,0,0.0,3,3338.878,52.16996875,19168.115756251053,
6,4573,10685.965167,LoR,1,0.1,0,0.0,20,168.84,168.84,5922.7671167969675,
6,4574,10686.30054,RF,16,0.01,0,0.0,13,3142.189,196.3868125,5091.991602032851,
6,4575,10689.48655,NB,1,0.05,0,0.0,23,143.081,143.081,6989.048161530882,
6,4576,10689.714623,AB,16,0.5,9,0.5625,0,8504.791,531.5494375,1881.2925561604043,
6,4577,10698.305937,LoR,8,0.1,2,0.25,22,178.164,22.2705,44902.44942861633,
6,4578,10698.533363,MLP,32,0.05,0,0.0,1,208.443,6.51384375,153519.18749970014,
6,4579,10698.784518,SGD,1,0.1,0,0.0,7,168.313,168.313,5941.311722802161,
6,4580,10699.204799,RF,100,0.05,4,0.04,14,3796.758,37.96758,26338.260168280412,
6,4581,10703.084504,MLP,8,0.05,1,0.125,2,219.663,27.457875,36419.42429995038,
6,4582,10703.34443,DT,1,1.0,1,1.0,10,93.456,93.456,10700.222564629345,13.0
6,4583,10703.677106,MLP,32,0.1,3,0.09375,11,202.309,6.32215625,158173.88252623464,
6,4584,10703.922175,AB,8,0.1,0,0.0,22,8054.013,1006.751625,993.2936537351007,
6,4585,10712.031362,GB,64,0.0,0,0.0,8,279.321,4.364390625,229127.06169604146,
6,4586,10712.355033,RF,8,0.05,0,0.0,2,3451.88,431.485,2317.577667821593,
6,4587,10715.876892,DT,64,1.0,64,1.0,16,169.381,2.646578125,377846.3936332883,
6,4588,10716.133688,LoR,100,0.01,0,0.0,2,237.877,2.3787700000000003,420385.3251890683,
6,4589,10716.490921,DT,100,0.5,43,0.43,9,110.51,1.1051,904895.484571532,
6,4590,10716.643656,GB,8,0.0,0,0.0,12,271.71,33.96375,29443.156306356042,
6,4591,10716.959117,DT,16,0.0,0,0.0,19,93.775,5.8609375,170621.16768861635,
6,4592,10717.096891,SGD,16,0.01,0,0.0,16,175.407,10.9629375,91216.42807869696,
6,4593,10717.317562,SGD,32,0.0,0,0.0,4,160.243,5.00759375,199696.71062074474,
6,4594,10717.52194,AB,16,0.05,0,0.0,18,8389.967,524.3729375,1907.0396820392737,
6,4595,10726.023089,MLP,100,0.1,10,0.1,11,279.172,2.79172,358202.1119596521,
6,4596,10726.349172,AB,16,0.01,0,0.0,8,8063.965,503.9978125,1984.1355958266188,
6,4597,10734.497563,SGD,100,0.01,1,0.01,15,179.152,1.7915199999999998,558185.2281861213,
6,4598,10734.716537,MLP,8,0.0,0,0.0,17,176.974,22.12175,45204.3803044515,
6,4599,10734.939142,NB,32,1.0,32,1.0,4,127.453,3.98290625,251072.94453641734,
6,4600,10735.104289,LoR,1,1.0,1,1.0,13,151.334,151.334,6607.900405725085,
6,4601,10735.428662,RF,64,0.0,0,0.0,0,3454.447,53.975734375,18526.843804522112,
6,4602,10738.929438,RF,8,0.1,0,0.0,8,3144.713,393.089125,2543.9523415968324,
6,4603,10742.138935,SGD,8,0.5,3,0.375,18,166.62,20.8275,48013.44376425399,
6,4604,10742.384727,GB,100,0.5,46,0.46,22,331.737,3.3173700000000004,301443.6134648833,
6,4605,10742.77769,MLP,8,0.05,1,0.125,23,191.938,23.99225,41680.12587398014,
6,4606,10743.011467,AB,16,1.0,16,1.0,25,8078.926,504.932875,1980.4612642819106,
6,4607,10751.143869,LoR,64,1.0,64,1.0,16,162.616,2.540875,393565.2088355389,
6,4608,10751.366478,DT,100,0.0,0,0.0,11,95.366,0.95366,1048591.7412914457,
6,4609,10751.502073,RF,16,0.0,0,0.0,9,3170.482,198.155125,5046.5512814770755,
6,4610,10754.716677,AB,1,0.01,0,0.0,20,7758.705,7758.705,128.8874883115159,2.0
6,4611,10775.301036,SGD,8,0.5,3,0.375,29,162.454,20.30675,49244.70927154764,
6,4612,10775.527323,NB,32,0.05,2,0.0625,28,124.069,3.87715625,257920.9955750429,
6,4613,10775.712141,AB,32,0.05,4,0.125,13,8157.589,254.92465625,3922.727658870777,
6,4614,10783.913027,GB,16,1.0,16,1.0,29,238.188,14.88675,67173.82907619192,
6,4615,10784.210219,AB,100,1.0,100,1.0,21,8637.94,86.3794,11576.834291509318,
6,4616,10792.923259,SGD,64,0.01,1,0.015625,10,165.99,2.59359375,385565.39550575335,
6,4617,10793.127452,MLP,1,0.0,0,0.0,21,168.038,168.038,5951.034884966495,
6,4618,10793.468834,AB,8,0.5,4,0.5,15,7926.356,990.7945,1009.2910285634408,
6,4619,10801.460052,RF,16,0.1,2,0.125,28,3153.267,197.0791875,5074.102510190225,
6,4620,10804.655203,RF,1,1.0,1,1.0,11,3064.266,3064.266,326.34242588600335,6.86
6,4621,10820.504637,DT,16,0.01,0,0.0,28,89.914,5.619625,177947.8168027226,
6,4622,10820.632489,LoR,1,0.0,0,0.0,12,153.598,153.598,6510.501438820817,
6,4623,10820.968035,NB,64,0.01,1,0.015625,26,137.688,2.151375,464819.01109755394,
6,4624,10821.157082,RF,64,0.01,0,0.0,26,3419.191,53.424859375,18717.878000965728,
6,4625,10824.645763,MLP,32,0.5,16,0.5,5,215.987,6.74959375,148157.06500854218,
6,4626,10824.941046,AB,100,0.1,11,0.11,8,8701.769,87.01769,11491.91618393915,
6,4627,10833.699899,SGD,16,1.0,16,1.0,19,156.853,9.8033125,102006.33714369504,
6,4628,10833.91521,RF,100,1.0,100,1.0,9,3391.107,33.91107,29488.895514060747,
6,4629,10837.372517,GB,16,0.5,8,0.5,4,297.217,18.5760625,53832.72154688326,
6,4630,10837.714172,GB,8,0.01,0,0.0,17,217.593,27.199125,36765.88860854899,
6,4631,10837.992579,MLP,8,0.1,1,0.125,8,189.072,23.634,42311.923500042314,
6,4632,10838.245428,DT,32,0.1,5,0.15625,19,93.028,2.907125,343982.4568946983,
6,4633,10838.376661,MLP,1,0.01,0,0.0,29,169.225,169.225,5909.292362239622,
6,4634,10838.696227,LoR,8,0.0,0,0.0,6,149.701,18.712625,53439.85678118383,
6,4635,10838.923377,AB,100,0.5,47,0.47,2,8742.088,87.42088,11438.914822179782,
6,4636,10847.731446,RF,16,0.01,1,0.0625,22,3183.712,198.982,5025.580203234464,
6,4637,10850.960199,RF,16,0.0,0,0.0,6,3086.83,192.926875,5183.311034297321,
6,4638,10854.122224,NB,64,0.05,5,0.078125,23,142.535,2.227109375,449012.523239906,
6,4639,10854.33456,RF,64,0.1,6,0.09375,12,3369.398,52.64684375,18994.491004030988,
6,4640,10857.772952,NB,32,0.5,17,0.53125,13,132.11,4.1284375,242222.39043221556,
6,4641,10857.974778,GB,64,0.5,39,0.609375,11,277.111,4.329859375,230954.38290071487,
6,4642,10858.332552,NB,100,0.05,6,0.06,9,153.31,1.5331000000000001,652273.1720044354,
6,4643,10858.525692,SGD,1,0.5,0,0.0,3,160.321,160.321,6237.486043624977,
6,4644,10858.868999,RF,64,0.5,34,0.53125,29,3343.306,52.23915625,19142.728784023955,
6,4645,10862.258308,LoR,1,1.0,1,1.0,15,162.502,162.502,6153.770415133352,
6,4646,10862.615594,DT,100,0.05,3,0.03,15,99.446,0.99446,1005570.862578686,
6,4647,10862.753535,LoR,8,0.0,0,0.0,15,152.9,19.1125,52321.77894048397,
6,4648,10862.943638,LoR,1,0.0,0,0.0,11,143.67,143.67,6960.395350455907,
6,4649,10863.256903,LoR,16,0.05,2,0.125,15,147.664,9.229,108354.10120273053,
6,4650,10863.467461,RF,32,0.5,13,0.40625,12,3210.497,100.32803125,9967.304127678675,
6,4651,10866.732535,RF,64,1.0,64,1.0,12,3224.219,50.378421875,19849.768269463086,
6,4652,10870.004585,AB,16,0.01,0,0.0,27,8057.421,503.5888125,1985.7470523136374,
6,4653,10878.145033,NB,100,0.01,1,0.01,21,169.928,1.69928,588484.53462643,
6,4654,10878.390943,LoR,100,0.05,5,0.05,5,175.848,1.75848,568672.9448159774,
6,4655,10878.61689,NB,64,0.0,0,0.0,9,130.53,2.03953125,490308.74128552823,
6,4656,10878.795988,SGD,64,0.0,0,0.0,7,164.705,2.573515625,388573.51021523325,
6,4657,10879.0316,RF,64,0.5,31,0.484375,3,3293.491,51.460796875,19432.26807056707,
6,4658,10882.378739,SGD,32,0.01,0,0.0,4,171.479,5.35871875,186611.7717038238,
6,4659,10882.613084,DT,16,0.05,2,0.125,11,91.745,5.7340625,174396.4248732901,
6,4660,10882.744652,AB,1,0.01,0,0.0,6,7791.901,7791.901,128.3383862294965,2.0
6,4661,10903.404787,AB,1,0.01,0,0.0,26,7644.971,7644.971,130.8049435373921,2.0
6,4662,10924.387426,AB,100,0.1,8,0.08,3,8551.914,85.51914000000001,11693.288777225776,
6,4663,10933.05798,DT,32,0.05,1,0.03125,19,99.776,3.118,320718.4092366902,
6,4664,10933.214515,SGD,100,0.0,0,0.0,28,184.854,1.84854,540967.4662165816,
6,4665,10933.448677,GB,64,1.0,64,1.0,9,326.348,5.0991875,196109.67433537205,
6,4666,10933.832728,SGD,100,1.0,100,1.0,7,179.81,1.7981,556142.5949613481,
6,4667,10934.080436,DT,32,0.1,3,0.09375,27,91.659,2.86434375,349120.1082272335,
6,4668,10934.213525,RF,32,1.0,32,1.0,17,3140.149,98.12965625,10190.599235896132,
6,4669,10937.418427,SGD,16,0.1,4,0.25,18,165.698,10.356125,96561.21377445714,
6,4670,10937.694099,LoR,8,0.1,3,0.375,10,152.672,19.084,52399.91616013415,
6,4671,10937.89209,DT,32,0.01,0,0.0,15,89.003,2.78134375,359538.44252440927,
6,4672,10938.036403,SGD,100,0.0,0,0.0,6,167.313,1.6731299999999998,597682.1884731014,
6,4673,10938.262145,AB,16,0.5,9,0.5625,16,7919.874,494.992125,2020.234160290934,
6,4674,10946.261899,RF,100,0.01,3,0.03,12,3597.621,35.97621,27796.146397855693,
6,4675,10949.903531,GB,1,0.01,0,0.0,29,374.119,374.119,2672.9463085275006,4.0
6,4676,10963.187654,AB,32,0.01,0,0.0,21,8116.554,253.6423125,3942.5598597631456,
6,4677,10971.37054,DT,16,0.1,1,0.0625,9,83.607,5.2254375,191371.5358761826,
6,4678,10971.51559,NB,32,0.05,2,0.0625,5,126.77,3.9615625,252425.65275696144,
6,4679,10971.680366,RF,16,0.0,0,0.0,26,3221.786,201.361625,4966.189560697079,
6,4680,10974.94489,RF,8,1.0,8,1.0,14,3092.332,386.5415,2587.0443406464765,
6,4681,10978.079562,MLP,8,1.0,8,1.0,5,212.725,26.590625,37607.239393583266,
6,4682,10978.335556,RF,8,0.05,0,0.0,17,3040.333,380.041625,2631.2907171681522,
6,4683,10981.418129,MLP,8,1.0,8,1.0,16,228.718,28.58975,34977.570632831696,
6,4684,10981.715016,AB,16,1.0,16,1.0,12,7982.706,498.919125,2004.332866574317,
6,4685,10989.737318,DT,1,1.0,1,1.0,24,78.386,78.386,12757.380144413544,4.0
6,4686,10990.03331,GB,64,0.01,1,0.015625,20,278.728,4.355125,229614.53460004018,
6,4687,10990.39135,MLP,100,0.05,7,0.07,27,248.109,2.48109,403048.6600647296,
6,4688,10990.680711,LoR,16,0.0,0,0.0,26,156.176,9.761,102448.51961889151,
6,4689,10990.897245,NB,1,1.0,1,1.0,13,115.613,115.613,8649.546331294923,
6,4690,10991.070142,RF,64,1.0,64,1.0,20,3305.792,51.653,19359.959731283758,
6,4691,10994.445179,SGD,32,0.05,3,0.09375,23,169.501,5.29690625,188789.44666993115,
6,4692,10994.664759,DT,64,1.0,64,1.0,13,92.809,1.450140625,689588.2942387053,
6,4693,10994.797492,DT,16,0.0,0,0.0,10,85.336,5.3335,187494.14080809976,
6,4694,10994.956748,SGD,100,0.5,45,0.45,13,170.449,1.70449,586685.7535098474,
6,4695,10995.18897,AB,32,0.1,1,0.03125,26,7963.032,248.84475,4018.5698110970793,
6,4696,11003.210673,AB,100,0.0,0,0.0,24,8558.402,85.58402,11684.424265184085,
6,4697,11011.819105,MLP,32,1.0,32,1.0,1,196.714,6.1473125,162672.7126691542,
6,4698,11012.077263,MLP,8,0.5,6,0.75,8,171.553,21.444125,46632.819012200314,
6,4699,11012.295872,SGD,32,0.01,0,0.0,7,152.318,4.7599375,210086.79210598877,
6,4700,11012.518428,AB,64,0.05,4,0.0625,28,8296.131,129.627046875,7714.439417603218,
6,4701,11020.858632,NB,16,1.0,16,1.0,13,115.911,7.2444375,138036.94213663932,
6,4702,11021.039329,GB,32,0.1,1,0.03125,8,247.593,7.73728125,129244.36474375286,
6,4703,11021.329141,MLP,1,0.1,0,0.0,19,173.825,173.825,5752.912411908529,
6,4704,11021.671446,SGD,32,0.05,0,0.0,2,156.615,4.89421875,204322.70216773616,
6,4705,11021.88717,AB,8,0.5,3,0.375,8,8430.105,1053.763125,948.979876288611,
6,4706,11030.422932,SGD,64,0.5,29,0.453125,22,197.163,3.080671875,324604.51504592644,
6,4707,11030.704021,AB,8,0.05,1,0.125,18,8277.248,1034.656,966.5048093279313,
6,4708,11039.050923,GB,64,1.0,64,1.0,26,297.748,4.6523125,214946.86782111047,
6,4709,11039.394701,DT,1,0.1,0,0.0,5,91.376,91.376,10943.792680791454,16.0
6,4710,11039.729663,NB,32,0.05,1,0.03125,15,134.814,4.2129375,237364.07198065484,
6,4711,11039.906991,MLP,16,0.01,0,0.0,17,219.099,13.6936875,73026.34881948344,
6,4712,11040.190789,NB,32,0.5,19,0.59375,4,121.606,3.8001875,263144.9106129632,
6,4713,11040.351708,LoR,1,0.1,0,0.0,13,155.94,155.94,6412.722842118764,
6,4714,11040.666158,RF,8,0.05,0,0.0,9,3567.33,445.91625,2242.573577437467,
6,4715,11044.342649,DT,32,0.5,15,0.46875,23,136.983,4.28071875,233605.62989568047,
6,4716,11044.542219,MLP,16,0.05,1,0.0625,22,268.726,16.795375,59540.2007993272,
6,4717,11044.862633,AB,1,0.01,0,0.0,27,8196.32,8196.32,122.00597341245827,2.0
6,4718,11066.290355,GB,100,0.0,0,0.0,19,336.292,3.36292,297360.6270740904,
6,4719,11066.677112,LoR,8,0.05,0,0.0,13,185.715,23.214375,43076.757397086934,
6,4720,11066.936618,MLP,64,0.5,26,0.40625,18,236.223,3.690984375,270930.4343776855,
6,4721,11067.213621,LoR,1,0.5,1,1.0,11,148.774,148.774,6721.604581445683,
6,4722,11067.526622,NB,8,0.1,0,0.0,5,119.391,14.923875,67006.72580010218,
6,4723,11067.704169,MLP,100,1.0,100,1.0,17,237.956,2.3795599999999997,420245.75972028443,
6,4724,11068.029394,MLP,100,0.01,1,0.01,13,228.349,2.28349,437926.15689142497,
6,4725,11068.321774,AB,32,0.1,1,0.03125,6,8168.548,255.267125,3917.464890945123,
6,4726,11076.555221,MLP,16,0.01,1,0.0625,23,185.02,11.56375,86477.13760674521,
6,4727,11076.79566,AB,64,1.0,64,1.0,26,8356.193,130.565515625,7658.990164540241,
6,4728,11085.193966,LoR,8,0.0,0,0.0,26,151.729,18.966125,52725.58311199572,
6,4729,11085.408678,LoR,16,0.1,1,0.0625,13,146.338,9.146125,109335.92095012916,
6,4730,11085.629827,DT,64,1.0,64,1.0,6,104.547,1.633546875,612164.8636498417,
6,4731,11085.820956,NB,100,0.05,7,0.07,11,146.884,1.46884,680809.3461507041,
6,4732,11086.024629,RF,16,0.05,2,0.125,27,3251.634,203.227125,4920.602995294058,
6,4733,11089.321668,AB,8,0.01,0,0.0,23,8055.198,1006.89975,993.147530327622,
6,4734,11097.433714,SGD,64,0.01,0,0.0,13,170.339,2.661546875,375721.35564961634,
6,4735,11097.717708,SGD,100,0.5,38,0.38,10,165.724,1.6572399999999998,603412.903381526,
6,4736,11097.960704,DT,100,0.1,7,0.07,8,96.139,0.96139,1040160.6007967631,
6,4737,11098.094213,AB,8,0.0,0,0.0,5,7897.138,987.14225,1013.0252250878737,
6,4738,11106.037124,SGD,1,0.05,0,0.0,27,148.374,148.374,6739.725288797229,
6,4739,11106.336615,MLP,1,0.5,0,0.0,22,161.422,161.422,6194.942448984649,
6,4740,11106.666146,SGD,32,0.5,15,0.46875,16,151.506,4.7345625,211212.75725053792,
6,4741,11106.881265,RF,32,0.01,1,0.03125,13,3235.031,101.09471875,9891.71355699528,
6,4742,11110.200724,RF,100,0.05,8,0.08,15,3538.496,35.38496,28260.59433160303,
6,4743,11113.808602,RF,32,0.05,2,0.0625,24,3187.601,99.61253125,10038.897591009665,
6,4744,11117.040705,RF,16,0.0,0,0.0,7,3075.908,192.24425,5201.716046123616,
6,4745,11120.161305,SGD,16,1.0,16,1.0,0,167.693,10.4808125,95412.4501320866,
6,4746,11120.395311,AB,32,0.05,1,0.03125,10,8129.39,254.0434375,3936.334706540097,
6,4747,11128.605466,SGD,100,0.05,4,0.04,4,171.909,1.71909,581703.1103665312,
6,4748,11128.818386,DT,1,0.1,0,0.0,26,84.465,84.465,11839.22334694844,16.0
6,4749,11129.116868,NB,64,0.0,0,0.0,4,140.376,2.193375,455918.3906080811,
6,4750,11129.33383,NB,100,0.5,53,0.53,12,163.485,1.6348500000000001,611676.9122549469,
6,4751,11129.537054,AB,8,0.01,0,0.0,27,7956.428,994.5535,1005.4763268139924,
6,4752,11137.538037,NB,8,0.05,0,0.0,23,115.048,14.381,69536.19358876295,
6,4753,11137.694098,AB,8,0.05,0,0.0,28,7831.159,978.894875,1021.5601547612557,
6,4754,11145.567843,DT,16,1.0,16,1.0,25,118.984,7.4365,134471.86176292613,
6,4755,11145.746752,DT,8,0.5,4,0.5,19,79.36,9.92,100806.45161290323,
6,4756,11145.865767,GB,8,0.01,0,0.0,21,241.935,30.241875,33066.73280013227,
6,4757,11146.152166,SGD,1,0.1,0,0.0,10,154.533,154.533,6471.109730607703,
6,4758,11146.454384,RF,8,1.0,8,1.0,12,3085.288,385.661,2592.9508039443967,
6,4759,11149.62824,DT,16,0.5,6,0.375,5,107.752,6.7345,148489.12317172767,
6,4760,11149.781916,MLP,32,0.01,0,0.0,3,210.564,6.580125,151972.79686936038,
6,4761,11150.055842,AB,16,0.1,1,0.0625,28,8139.929,508.7455625,1965.6191104369584,
6,4762,11158.255386,DT,100,1.0,100,1.0,15,89.354,0.89354,1119144.07860868,
6,4763,11158.383013,AB,1,0.0,0,0.0,18,7690.858,7690.858,130.02450441810262,2.0
6,4764,11178.805831,AB,8,0.01,0,0.0,13,7935.906,991.98825,1008.0764565507707,
6,4765,11186.785075,NB,16,1.0,16,1.0,22,115.548,7.22175,138470.5923079586,
6,4766,11186.944325,AB,16,0.1,0,0.0,15,8068.92,504.3075,1982.9171685925749,
6,4767,11195.057063,RF,16,1.0,16,1.0,24,3105.869,194.1168125,5151.537299222859,
6,4768,11198.24688,DT,100,0.05,3,0.03,11,102.438,1.02438,976200.238192858,
6,4769,11198.426333,GB,100,0.1,4,0.04,16,310.153,3.1015300000000003,322421.5145428224,
6,4770,11198.797111,NB,8,0.5,6,0.75,19,118.407,14.800875,67563.57309956338,
6,4771,11198.970808,LoR,100,0.0,0,0.0,23,181.812,1.8181200000000002,550018.7006358216,
6,4772,11199.193037,MLP,1,0.5,1,1.0,17,172.191,172.191,5807.504457259671,
6,4773,11199.517653,MLP,8,0.01,0,0.0,17,173.427,21.678375,46128.91879580458,
6,4774,11199.749709,AB,100,1.0,100,1.0,27,8639.21,86.39209999999999,11575.132448453043,
6,4775,11208.434974,AB,32,1.0,32,1.0,2,7968.461,249.01440625,4015.831915347267,
6,4776,11216.469621,AB,32,0.1,3,0.09375,14,7950.851,248.46409375,4024.726409789342,
6,4777,11224.486173,GB,32,0.1,2,0.0625,3,237.296,7.4155,134852.67345425123,
6,4778,11224.767115,DT,16,0.01,0,0.0,23,88.363,5.5226875,181071.2628588889,
6,4779,11224.892362,LoR,1,1.0,1,1.0,16,150.483,150.483,6645.268900806071,
6,4780,11225.203863,GB,100,1.0,100,1.0,9,273.116,2.73116,366144.78829508345,
6,4781,11225.541843,NB,32,0.05,3,0.09375,22,162.433,5.07603125,197004.3033127505,
6,4782,11225.745846,RF,32,0.0,0,0.0,0,3285.355,102.66734375,9740.195503986632,
6,4783,11229.072316,AB,1,1.0,1,1.0,5,7591.619,7591.619,131.7242079719754,2.0
6,4784,11249.145425,LoR,16,0.5,6,0.375,14,160.537,10.0335625,99665.49767343354,
6,4785,11249.34661,AB,16,0.0,0,0.0,27,7808.376,488.0235,2049.0816528302425,
6,4786,11257.194496,SGD,1,0.0,0,0.0,22,146.362,146.362,6832.3745234418775,
6,4787,11257.511608,NB,16,0.01,1,0.0625,15,135.227,8.4516875,118319.56635878929,
6,4788,11257.714257,MLP,8,0.5,4,0.5,17,177.587,22.198375,45048.34250254805,
6,4789,11257.954613,LoR,32,0.5,14,0.4375,9,166.128,5.1915,192622.55610131947,
6,4790,11258.18982,LoR,100,1.0,100,1.0,10,158.386,1.58386,631368.9341229654,
6,4791,11258.388219,AB,8,0.01,0,0.0,19,7836.266,979.53325,1020.8943902618927,
6,4792,11266.266442,GB,1,0.5,1,1.0,11,200.604,200.604,4984.945464696616,4.0
6,4793,11279.061361,LoR,64,0.5,30,0.46875,26,166.542,2.60221875,384287.44701036374,
6,4794,11279.290531,NB,32,0.1,2,0.0625,17,120.263,3.75821875,266083.5003284468,
6,4795,11279.469344,SGD,32,0.1,5,0.15625,25,156.93,4.9040625,203912.57248454724,
6,4796,11279.665593,DT,1,0.1,0,0.0,18,90.452,90.452,11055.587493919427,16.0
6,4797,11279.968563,LoR,64,0.01,1,0.015625,5,162.508,2.5391875,393826.765451547,
6,4798,11280.206429,SGD,100,0.05,5,0.05,28,164.382,1.64382,608339.1125549026,
6,4799,11280.410999,DT,8,0.05,0,0.0,27,85.472,10.684,93597.90340696368,
6,4800,11280.534592,GB,1,0.5,1,1.0,19,200.79,200.79,4980.327705563026,4.0
6,4801,11293.326557,RF,64,0.05,3,0.046875,22,3348.888,52.326375,19110.821263655278,
6,4802,11296.722556,MLP,16,0.01,0,0.0,18,200.025,12.5015625,79990.00124984377,
6,4803,11296.963746,GB,1,0.05,0,0.0,29,208.178,208.178,4803.581550403981,4.0
6,4804,11309.593259,RF,32,0.1,0,0.0,29,3164.734,98.8979375,10111.434325918071,
6,4805,11312.83349,AB,64,0.05,1,0.015625,23,8204.601,128.196890625,7800.501206579089,
6,4806,11321.086335,GB,32,0.01,0,0.0,20,230.982,7.2181875,138538.93376973097,
6,4807,11321.363144,AB,32,1.0,32,1.0,26,7887.041,246.47003125,4057.2884051192327,
6,4808,11329.331514,SGD,100,0.05,4,0.04,17,171.019,1.71019,584730.3515983603,
6,4809,11329.542496,LoR,8,0.0,0,0.0,13,178.595,22.324375,44794.08718049218,
6,4810,11329.790146,AB,64,0.5,27,0.421875,13,8130.123,127.033171875,7871.959624719085,
6,4811,11337.99265,RF,64,0.05,9,0.140625,14,3297.531,51.523921875,19408.46045116786,
6,4812,11341.357842,DT,32,0.5,17,0.53125,24,94.212,2.944125,339659.4913599117,
6,4813,11341.48906,LoR,1,0.0,0,0.0,14,157.753,157.753,6339.023663575336,
6,4814,11341.801824,AB,16,0.01,0,0.0,2,7832.7,489.54375,2042.7183474408569,
6,4815,11349.727447,SGD,100,0.1,9,0.09,17,167.469,1.67469,597125.4381407902,
6,4816,11349.975149,NB,100,0.01,1,0.01,14,147.528,1.47528,677837.4274713953,
6,4817,11350.161053,LoR,16,0.0,0,0.0,10,147.822,9.238875,108238.28658792331,
6,4818,11350.345668,AB,1,1.0,1,1.0,7,7492.398,7492.398,133.46861712364986,2.0
6,4819,11370.353447,DT,8,1.0,8,1.0,28,85.87,10.73375,93164.08524513799,
6,4820,11370.49568,DT,100,0.0,0,0.0,5,91.107,0.91107,1097610.5019372825,
6,4821,11370.660573,SGD,100,0.05,6,0.06,5,170.215,1.70215,587492.2891637047,
6,4822,11370.879799,AB,64,1.0,64,1.0,4,8220.705,128.448515625,7785.220367352922,
6,4823,11379.146357,RF,32,0.0,0,0.0,6,3276.019,102.37559375,9767.95311626703,
6,4824,11382.490323,RF,32,0.5,18,0.5625,11,3106.67,97.0834375,10300.41813259857,
6,4825,11385.640303,DT,1,0.01,0,0.0,5,89.618,89.618,11158.472628266643,16.0
6,4826,11385.947436,LoR,64,0.1,5,0.078125,26,168.518,2.63309375,379781.38833833777,
6,4827,11386.161927,SGD,16,0.1,0,0.0,29,149.964,9.37275,106692.27281214159,
6,4828,11386.380443,MLP,64,0.01,1,0.015625,29,215.651,3.369546875,296775.8090618638,
6,4829,11386.675731,RF,100,0.5,44,0.44,24,3535.503,35.35503,28284.518497085137,
6,4830,11390.274361,RF,8,0.5,3,0.375,10,3063.258,382.90725,2611.5985006813007,
6,4831,11393.405279,LoR,32,0.5,15,0.46875,15,165.669,5.17715625,193156.23321200706,
6,4832,11393.700249,LoR,100,0.01,1,0.01,3,166.465,1.66465,600726.8795242243,
6,4833,11393.90988,DT,32,0.0,0,0.0,27,88.86,2.776875,360117.03803736216,
6,4834,11394.066738,LoR,64,0.05,6,0.09375,25,160.296,2.504625,399261.36647202674,
6,4835,11394.269606,DT,8,0.05,0,0.0,16,86.182,10.77275,92826.80838226079,
6,4836,11394.411179,AB,8,0.1,1,0.125,2,7821.184,977.648,1022.8630345482218,
6,4837,11402.305971,NB,64,0.1,9,0.140625,14,134.364,2.0994375,476318.0613854901,
6,4838,11402.508091,MLP,64,0.1,5,0.078125,10,218.972,3.4214375,292274.81139141077,
6,4839,11402.803826,RF,100,0.05,3,0.03,13,3414.2,34.141999999999996,29289.438228574778,
6,4840,11406.271683,SGD,64,1.0,64,1.0,14,174.448,2.72575,366871.5032559846,
6,4841,11406.507077,DT,16,0.5,5,0.3125,15,88.755,5.5471875,180271.53399808463,
6,4842,11406.653045,AB,16,0.1,2,0.125,20,8524.233,532.7645625,1877.001719685513,
6,4843,11415.289491,LoR,100,0.05,3,0.03,0,217.616,2.1761600000000003,459525.0349239026,
6,4844,11415.562289,LoR,64,0.01,0,0.0,3,160.209,2.503265625,399478.181625252,
6,4845,11415.772209,LoR,64,1.0,64,1.0,17,153.988,2.4060625,415616.8013091929,
6,4846,11415.96512,RF,8,1.0,8,1.0,5,3135.96,391.995,2551.052947103917,
6,4847,11419.151528,AB,32,0.01,0,0.0,19,8076.654,252.3954375,3962.036754329206,
6,4848,11427.309293,GB,100,0.5,45,0.45,29,321.54,3.2154000000000003,311003.29663494433,
6,4849,11427.701449,MLP,100,1.0,100,1.0,26,259.21,2.5921,385787.5853555033,
6,4850,11428.002541,NB,1,0.5,1,1.0,7,109.109,109.109,9165.14677982568,
6,4851,11428.180264,SGD,100,0.01,0,0.0,26,170.753,1.7075299999999998,585641.2478843711,
6,4852,11428.39676,DT,32,0.05,0,0.0,13,89.582,2.7994375,357214.61900828296,
6,4853,11428.534803,MLP,64,0.0,0,0.0,24,213.046,3.32884375,300404.6074556669,
6,4854,11428.788904,SGD,16,1.0,16,1.0,11,148.085,9.2553125,108046.05463078637,
6,4855,11428.979475,MLP,32,0.0,0,0.0,3,180.053,5.62665625,177725.4475071229,
6,4856,11429.202797,RF,1,0.05,0,0.0,3,3082.271,3082.271,324.4361057155584,9.99
6,4857,11444.9416,GB,100,1.0,100,1.0,1,291.198,2.91198,343408.95198456035,
6,4858,11445.311988,SGD,100,0.1,14,0.14,19,178.265,1.7826499999999998,560962.6118419208,
6,4859,11445.56653,LoR,100,0.05,2,0.02,9,259.508,2.59508,385344.5751190715,
6,4860,11445.867399,AB,16,0.01,0,0.0,10,7996.278,499.767375,2000.9309331166326,
6,4861,11453.937163,GB,64,0.05,4,0.0625,22,246.225,3.847265625,259924.8654685755,
6,4862,11454.245102,AB,16,0.01,1,0.0625,17,7946.19,496.636875,2013.5435976235153,
6,4863,11462.263858,MLP,64,0.5,26,0.40625,28,251.079,3.923109375,254899.8522377419,
6,4864,11462.561591,MLP,32,0.01,0,0.0,29,182.617,5.70678125,175230.12643948811,
6,4865,11462.821705,NB,100,0.05,5,0.05,8,150.561,1.5056100000000001,664182.6236541999,
6,4866,11463.032553,AB,32,0.05,2,0.0625,26,8000.973,250.03040625,3999.5135591633666,
6,4867,11471.092,DT,100,0.0,0,0.0,4,88.254,0.8825400000000001,1133093.1175924037,
6,4868,11471.240023,SGD,100,0.0,0,0.0,14,167.268,1.67268,597842.9825190712,
6,4869,11471.467207,GB,16,0.5,9,0.5625,21,215.869,13.4918125,74119.02589070224,
6,4870,11471.724345,AB,16,1.0,16,1.0,11,7888.429,493.0268125,2028.287254661226,
6,4871,11479.670943,LoR,100,0.0,0,0.0,10,166.551,1.6655099999999998,600416.6891822926,
6,4872,11479.875916,MLP,1,1.0,1,1.0,10,161.387,161.387,6196.285946203845,
6,4873,11480.195446,DT,32,0.01,0,0.0,7,87.239,2.72621875,366808.42283840943,
6,4874,11480.344608,SGD,32,0.1,3,0.09375,24,150.748,4.710875,212274.78971528646,
6,4875,11480.540471,LoR,32,0.01,0,0.0,7,146.505,4.57828125,218422.57943414903,
6,4876,11480.743042,NB,100,1.0,100,1.0,10,141.488,1.41488,706773.7193260206,
6,4877,11480.94555,RF,8,0.1,1,0.125,13,3075.663,384.457875,2601.0652012265323,
6,4878,11484.064737,DT,1,0.01,0,0.0,20,90.393,90.393,11062.80353567201,16.0
6,4879,11484.376777,RF,64,0.1,7,0.109375,20,3381.721,52.839390625,18925.275030080837,
6,4880,11487.839592,NB,16,0.05,1,0.0625,18,134.965,8.4353125,118549.2535101693,
6,4881,11488.016399,DT,16,0.05,0,0.0,19,91.965,5.7478125,173979.231229272,
6,4882,11488.16517,LoR,8,0.1,3,0.375,6,155.935,19.491875,51303.42771026389,
6,4883,11488.396315,AB,100,0.01,1,0.01,23,8705.05,87.0505,11487.584792735252,
6,4884,11497.143334,GB,8,1.0,8,1.0,7,216.457,27.057125,36958.841709900815,
6,4885,11497.438488,RF,100,0.05,8,0.08,27,3943.558,39.43558,25357.811397727637,
6,4886,11501.465083,NB,32,1.0,32,1.0,10,181.713,5.67853125,176101.8749346497,
6,4887,11501.719488,SGD,8,0.5,3,0.375,10,188.291,23.536375,42487.42637725648,
6,4888,11501.990952,LoR,100,0.1,9,0.09,1,177.69,1.7769,562777.8715740897,
6,4889,11502.227381,DT,100,0.0,0,0.0,8,109.087,1.09087,916699.5150659565,
6,4890,11502.374375,MLP,1,1.0,1,1.0,7,186.172,186.172,5371.377006209312,
6,4891,11502.77283,GB,100,0.01,2,0.02,7,315.213,3.15213,317245.7988725084,
6,4892,11503.161098,AB,64,0.1,7,0.109375,6,8509.049,132.953890625,7521.404565892145,
6,4893,11511.712506,NB,8,1.0,8,1.0,21,111.595,13.949375,71687.79963260003,
6,4894,11511.887755,GB,32,0.5,13,0.40625,1,254.356,7.948625,125807.92275393543,
6,4895,11512.187612,GB,32,0.0,0,0.0,12,231.957,7.24865625,137956.60402574614,
6,4896,11512.495705,GB,64,0.01,1,0.015625,13,248.66,3.8853125,257379.55441164642,
6,4897,11512.786773,NB,16,1.0,16,1.0,0,122.04,7.6275,131104.55588331693,
6,4898,11512.971499,NB,32,0.1,3,0.09375,0,118.244,3.695125,270626.83941679914,
6,4899,11513.144183,DT,8,0.5,6,0.75,10,90.449,11.306125,88447.63347300689,
6,4900,11513.272335,RF,1,0.1,0,0.0,10,3144.294,3144.294,318.03641771411964,10.13
6,4901,11529.319011,NB,100,0.5,61,0.61,21,153.156,1.53156,652929.0396719684,
6,4902,11529.53172,LoR,16,0.1,1,0.0625,18,167.942,10.496375,95270.98641197557,
6,4903,11529.738464,RF,8,0.0,0,0.0,22,3083.999,385.499875,2594.0345635650337,
6,4904,11532.897948,LoR,64,0.5,30,0.46875,0,175.328,2.7395,365030.1149844862,
6,4905,11533.111974,SGD,1,1.0,1,1.0,3,150.307,150.307,6653.050090814134,
6,4906,11533.457344,LoR,100,0.01,1,0.01,11,169.954,1.69954,588394.5067488849,
6,4907,11533.716661,AB,100,0.05,3,0.03,27,8688.173,86.88173,11509.899722300648,
6,4908,11542.449299,DT,8,0.01,0,0.0,9,81.933,10.241625,97640.75525124186,
6,4909,11542.573836,SGD,16,0.01,0,0.0,29,152.618,9.538625,104836.91307709445,
6,4910,11542.796121,RF,64,0.5,30,0.46875,6,3364.224,52.566,19023.703534604116,
6,4911,11546.204447,NB,1,0.5,1,1.0,11,113.272,113.272,8828.307083833604,
6,4912,11546.369772,GB,8,0.05,0,0.0,0,227.182,28.39775,35214.057451734734,
6,4913,11546.668952,MLP,64,0.05,1,0.015625,10,237.083,3.704421875,269947.655462433,
6,4914,11546.944589,RF,1,1.0,1,1.0,23,3344.075,3344.075,299.0363553449011,7.88
6,4915,11563.325579,DT,1,0.0,0,0.0,8,90.634,90.634,11033.387029150208,16.0
6,4916,11563.598386,NB,8,1.0,8,1.0,6,123.69,15.46125,64677.823591236156,
6,4917,11563.764828,AB,8,0.0,0,0.0,18,7998.053,999.756625,1000.2434342458096,
6,4918,11571.803495,DT,1,0.0,0,0.0,21,79.575,79.575,12566.760917373547,13.0
6,4919,11572.073927,GB,32,0.01,0,0.0,13,257.455,8.04546875,124293.56586587949,
6,4920,11572.374232,GB,16,1.0,16,1.0,0,227.357,14.2098125,70373.90535589404,
6,4921,11572.640242,RF,1,1.0,1,1.0,1,3091.638,3091.638,323.4531339050691,7.88
6,4922,11588.52435,MLP,8,0.1,2,0.25,26,213.869,26.733625,37406.07568184262,
6,4923,11588.821908,MLP,100,0.01,1,0.01,21,240.1,2.401,416493.12786339025,
6,4924,11589.104227,SGD,8,0.01,0,0.0,13,154.968,19.371,51623.56099323732,
6,4925,11589.322906,GB,32,0.05,1,0.03125,15,261.511,8.17221875,122365.78958437694,
6,4926,11589.64515,AB,16,1.0,16,1.0,1,8077.32,504.8325,1980.8550360763224,
6,4927,11597.766734,GB,8,0.01,0,0.0,0,207.35,25.91875,38582.10754762479,
6,4928,11598.053096,GB,100,0.5,52,0.52,0,289.701,2.8970100000000003,345183.48228000593,
6,4929,11598.384423,MLP,1,0.5,1,1.0,20,178.441,178.441,5604.0932296949695,
6,4930,11598.736894,GB,64,0.01,0,0.0,27,246.663,3.854109375,259463.31634659434,
6,4931,11599.035431,LoR,64,0.0,0,0.0,28,171.362,2.67753125,373478.3674326864,
6,4932,11599.286426,AB,100,0.05,6,0.06,26,9131.217,91.31217000000001,10951.442726637642,
6,4933,11608.481446,AB,1,1.0,1,1.0,13,7768.194,7768.194,128.73004973871662,2.0
6,4934,11629.039303,AB,64,0.1,7,0.109375,24,8393.528,131.148875,7624.922440242053,
6,4935,11637.49586,SGD,8,0.1,2,0.25,6,216.03,27.00375,37031.89371846503,
6,4936,11637.792613,RF,100,0.05,8,0.08,4,3932.345,39.32345,25430.118669648775,
6,4937,11641.831647,MLP,100,0.1,11,0.11,18,307.052,3.07052,325677.73536729935,
6,4938,11642.221153,LoR,100,0.05,4,0.04,24,185.073,1.85073,540327.3302966937,
6,4939,11642.476954,GB,64,0.05,6,0.09375,10,312.3,4.8796875,204931.15593980148,
6,4940,11642.830933,AB,8,0.0,0,0.0,27,8045.756,1005.7195,994.313026644109,
6,4941,11650.918938,AB,8,0.0,0,0.0,12,7906.84,988.355,1011.782203762818,
6,4942,11658.865513,RF,1,0.0,0,0.0,27,3147.624,3147.624,317.6999539970467,11.61
6,4943,11674.804479,RF,1,0.0,0,0.0,7,3075.495,3075.495,325.15091066641304,9.99
6,4944,11690.673544,AB,64,0.5,37,0.578125,10,8878.359,138.724359375,7208.539325792074,
6,4945,11699.615172,NB,1,1.0,1,1.0,3,115.822,115.822,8633.938284609141,
6,4946,11699.856286,AB,100,0.01,2,0.02,19,9026.588,90.26588,11078.38310555439,
6,4947,11708.952179,GB,64,0.01,0,0.0,18,292.526,4.57071875,218783.97133929975,
6,4948,11709.318546,LoR,64,0.01,1,0.015625,12,194.808,3.043875,328528.602521457,
6,4949,11709.55493,DT,16,0.0,0,0.0,26,130.232,8.1395,122857.66939001167,
6,4950,11709.725155,RF,1,0.1,0,0.0,4,3082.618,3082.618,324.39958502805086,9.99
6,4951,11726.308134,RF,1,0.5,1,1.0,22,3104.337,3104.337,322.1299749350666,7.88
6,4952,11742.391265,DT,8,0.01,0,0.0,23,91.585,11.448125,87350.54867063384,
6,4953,11742.54623,GB,100,0.0,0,0.0,11,311.396,3.11396,321134.5039756451,
6,4954,11742.909932,SGD,64,0.0,0,0.0,10,193.14,3.0178125,331365.84860722796,
6,4955,11743.1456,AB,16,1.0,16,1.0,0,8155.642,509.727625,1961.832066684634,
6,4956,11751.363512,MLP,8,0.5,4,0.5,25,200.64,25.08,39872.408293460925,
6,4957,11751.628308,LoR,100,1.0,100,1.0,0,168.725,1.68725,592680.397095866,
6,4958,11751.848016,MLP,64,0.0,0,0.0,8,208.368,3.25575,307148.89042463334,
6,4959,11752.106623,DT,64,1.0,64,1.0,18,91.274,1.42615625,701185.441637268,
6,4960,11752.2375,LoR,1,0.1,0,0.0,24,146.585,146.585,6821.980420916191,
6,4961,11752.541218,NB,8,1.0,8,1.0,0,114.724,14.3405,69732.57557267878,
6,4962,11752.719773,RF,32,0.05,1,0.03125,20,3302.645,103.20765625,9689.203653435352,
6,4963,11756.067408,LoR,1,0.5,0,0.0,18,161.854,161.854,6178.407700767358,
6,4964,11756.380467,NB,8,1.0,8,1.0,13,112.354,14.04425,71203.51745376222,
6,4965,11756.550903,SGD,100,1.0,100,1.0,12,171.425,1.71425,583345.4863642992,
6,4966,11756.787964,RF,32,0.01,1,0.03125,4,3306.382,103.3244375,9678.252543112078,
6,4967,11760.163646,MLP,32,0.1,5,0.15625,0,207.434,6.4823125,154265.935189024,
6,4968,11760.416341,NB,32,1.0,32,1.0,9,123.516,3.859875,259075.74727160853,
6,4969,11760.583373,RF,32,0.0,0,0.0,22,3221.528,100.67275,9933.174568093154,
6,4970,11763.881021,DT,64,0.01,2,0.03125,23,99.752,1.558625,641591.1460421847,
6,4971,11764.031016,DT,64,1.0,64,1.0,11,91.878,1.43559375,696575.8941204641,
6,4972,11764.199465,SGD,100,0.1,13,0.13,2,177.865,1.77865,562224.1587721024,
6,4973,11764.420645,NB,1,0.05,0,0.0,29,103.905,103.905,9624.175929935998,
6,4974,11764.576244,GB,32,0.0,0,0.0,5,260.133,8.12915625,123013.99668631048,
6,4975,11764.902599,DT,32,0.05,3,0.09375,17,94.149,2.94215625,339886.7752180055,
6,4976,11765.035708,MLP,1,0.1,0,0.0,17,173.762,173.762,5754.9982159505535,
6,4977,11765.380233,MLP,16,0.5,6,0.375,26,179.968,11.248,88904.69416785207,
6,4978,11765.63424,LoR,64,1.0,64,1.0,29,172.422,2.69409375,371182.3317210101,
6,4979,11765.870655,NB,100,0.0,0,0.0,29,145.32,1.4531999999999998,688136.5262868153,
6,4980,11766.05702,RF,8,0.05,0,0.0,4,3075.669,384.458625,2601.0601270812954,
6,4981,11769.215679,DT,100,0.5,47,0.47,8,101.692,1.0169199999999998,983361.5230303269,
6,4982,11769.355702,LoR,8,1.0,8,1.0,16,158.731,19.841375,50399.73288141573,
6,4983,11769.571781,DT,100,0.0,0,0.0,28,134.5,1.345,743494.4237918216,
6,4984,11769.765938,LoR,16,0.5,11,0.6875,18,154.626,9.664125,103475.48277779933,
6,4985,11769.959525,NB,1,0.01,0,0.0,15,102.776,102.776,9729.898030668639,
6,4986,11770.145785,NB,100,0.1,7,0.07,18,146.127,1.46127,684336.228075578,
6,4987,11770.332666,NB,1,0.05,0,0.0,8,99.521,99.521,10048.130545312044,
6,4988,11770.5001,SGD,32,0.1,4,0.125,3,160.161,5.00503125,199798.95230424387,
6,4989,11770.728285,MLP,64,0.05,6,0.09375,15,212.645,3.322578125,300971.1020715276,
6,4990,11770.98141,DT,1,0.5,1,1.0,11,86.489,86.489,11562.163974609488,4.0
6,4991,11771.281873,GB,16,0.5,10,0.625,24,237.271,14.8294375,67433.44108635274,
6,4992,11771.561579,RF,8,0.05,0,0.0,10,3100.266,387.53325,2580.4237442851677,
6,4993,11774.719211,AB,64,1.0,64,1.0,21,8403.334,131.30209375,7616.024782544641,
6,4994,11783.191576,RF,32,0.5,14,0.4375,6,3223.472,100.7335,9927.18410459281,
6,4995,11786.490601,AB,64,0.05,6,0.09375,12,8409.429,131.397328125,7610.504827378886,
6,4996,11794.974936,NB,64,0.05,5,0.078125,7,136.913,2.139265625,467450.132565936,
6,4997,11795.155521,AB,1,0.01,0,0.0,7,7701.965,7701.965,129.83699614319204,2.0
6,4998,11815.526964,SGD,16,0.01,0,0.0,5,165.357,10.3348125,96760.34277351428,
6,4999,11815.756887,AB,32,0.5,16,0.5,27,8111.715,253.49109375,3944.911772664597,
6,5000,11823.921098,DT,64,0.0,0,0.0,0,86.727,1.355109375,737947.8132530815,
6,5001,11824.045884,AB,1,0.0,0,0.0,25,7669.249,7669.249,130.3908635643464,2.0
6,5002,11844.464926,GB,32,0.0,0,0.0,23,274.485,8.57765625,116581.96258447638,
6,5003,11844.793373,GB,64,1.0,64,1.0,7,266.488,4.163875,240160.9078082315,
6,5004,11845.124155,RF,16,0.05,2,0.125,28,3225.763,201.6101875,4960.066812099959,
6,5005,11848.394421,MLP,1,0.01,0,0.0,27,202.627,202.627,4935.176457234228,
6,5006,11848.793003,RF,64,0.05,2,0.03125,0,3412.784,53.32475,18753.01806384465,
6,5007,11852.251456,RF,8,0.05,0,0.0,8,3110.321,388.790125,2572.0817883427467,
6,5008,11855.407024,LoR,16,1.0,16,1.0,5,172.507,10.7816875,92749.8594259943,
6,5009,11855.621216,RF,1,0.1,0,0.0,28,3036.429,3036.429,329.334227805096,9.99
6,5010,11871.528791,SGD,64,1.0,64,1.0,17,173.971,2.718296875,367877.4048548321,
6,5011,11871.747821,SGD,32,1.0,32,1.0,19,155.405,4.85640625,205913.58064412343,
6,5012,11871.961666,LoR,8,0.5,4,0.5,12,147.675,18.459375,54173.01506686981,
6,5013,11872.148586,MLP,1,0.1,0,0.0,12,164.433,164.433,6081.50432090882,
6,5014,11872.462523,RF,16,0.0,0,0.0,1,3115.757,194.7348125,5135.188655597982,
6,5015,11875.619893,LoR,1,0.0,0,0.0,22,160.335,160.335,6236.94140393551,
6,5016,11875.963883,GB,64,0.05,1,0.015625,23,273.597,4.274953125,233920.69357485647,
6,5017,11876.286319,GB,32,0.01,0,0.0,2,239.543,7.48571875,133587.70659130093,
6,5018,11876.590706,LoR,32,0.5,18,0.5625,14,163.175,5.09921875,196108.47249885093,
6,5019,11876.83274,RF,100,0.05,6,0.06,5,3436.031,34.36031,29103.346273651197,
6,5020,11880.314569,DT,8,0.01,0,0.0,6,94.796,11.8495,84391.74648719355,
6,5021,11880.448778,RF,8,1.0,8,1.0,28,3034.62,379.3275,2636.2444062189006,
6,5022,11883.546224,GB,8,0.05,2,0.25,6,230.576,28.822,34695.71854833114,
6,5023,11883.85618,LoR,100,0.05,6,0.06,15,178.764,1.7876400000000001,559396.746548522,
6,5024,11884.098838,DT,32,0.5,16,0.5,10,93.205,2.91265625,343329.220535379,
6,5025,11884.230389,NB,1,0.5,1,1.0,20,110.407,110.407,9057.396723033866,
6,5026,11884.38917,DT,16,1.0,16,1.0,17,91.64,5.7275,174596.24618070712,
6,5027,11884.519425,RF,16,0.0,0,0.0,18,3073.93,192.120625,5205.063225252365,
6,5028,11887.662433,RF,32,0.1,5,0.15625,24,3261.945,101.93578125,9810.097963025128,
6,5029,11890.974888,NB,32,0.05,0,0.0,19,131.183,4.09946875,243934.04633222293,
6,5030,11891.144342,AB,1,0.0,0,0.0,7,7778.233,7778.233,128.56390390979544,2.0
6,5031,11911.677914,LoR,16,1.0,16,1.0,14,162.694,10.168375,98344.13069934971,
6,5032,11911.912415,SGD,64,0.5,28,0.4375,11,164.404,2.5688125,389284.9322400915,
6,5033,11912.11721,SGD,1,0.1,0,0.0,18,143.752,143.752,6956.424954087594,
6,5034,11912.446291,LoR,100,0.5,53,0.53,28,165.176,1.65176,605414.8302416817,
6,5035,11912.683144,AB,100,0.0,0,0.0,7,9026.972,90.26971999999999,11077.91184020511,
6,5036,11921.76667,AB,16,1.0,16,1.0,21,7978.104,498.6315,2005.4890234572024,
6,5037,11929.81078,DT,16,0.5,7,0.4375,16,83.719,5.2324375,191115.51738553974,
6,5038,11929.935063,NB,8,0.1,0,0.0,7,116.034,14.50425,68945.30913352982,
6,5039,11930.08985,SGD,1,0.5,1,1.0,27,163.198,163.198,6127.526072623439,
6,5040,11930.436068,GB,32,0.5,15,0.46875,29,276.849,8.65153125,115586.47493760136,
6,5041,11930.759277,DT,32,0.0,0,0.0,23,93.891,2.93409375,340820.7389419646,
6,5042,11930.891885,GB,8,0.0,0,0.0,29,218.302,27.28775,36646.48056362287,
6,5043,11931.15088,NB,1,0.05,0,0.0,22,106.322,106.322,9405.391170218769,
6,5044,11931.302933,LoR,1,1.0,1,1.0,10,152.97,152.97,6537.229522128522,
6,5045,11931.619865,SGD,64,0.01,0,0.0,20,161.933,2.530203125,395225.18572496035,
6,5046,11931.845871,LoR,32,0.05,2,0.0625,8,150.507,4.70334375,212614.6956619958,
6,5047,11932.064779,MLP,64,0.5,30,0.46875,9,226.147,3.533546875,283001.76433912455,
6,5048,11932.331641,LoR,1,0.05,0,0.0,23,143.407,143.407,6973.160305982274,
6,5049,11932.616124,MLP,1,1.0,1,1.0,27,157.352,157.352,6355.1781991967055,
6,5050,11932.923146,NB,16,0.05,0,0.0,4,114.273,7.1420625,140015.57673291155,
6,5051,11933.074511,DT,1,1.0,1,1.0,18,86.41,86.41,11572.73463719477,13.0
6,5052,11933.364666,GB,8,0.0,0,0.0,10,216.958,27.11975,36873.49625273095,
6,5053,11933.682309,RF,16,0.05,2,0.125,22,3207.478,200.467375,4988.342866264398,
6,5054,11936.931354,AB,1,0.0,0,0.0,0,7700.282,7700.282,129.86537376163625,2.0
6,5055,11957.282696,RF,32,0.5,13,0.40625,26,3224.621,100.76940625,9923.64684097759,
6,5056,11960.573212,AB,16,0.1,3,0.1875,25,8086.324,505.39525,1978.649383823849,
6,5057,11968.706069,AB,16,0.05,0,0.0,14,7995.779,499.7361875,2001.0558070702052,
6,5058,11976.76431,MLP,100,1.0,100,1.0,25,247.209,2.47209,404516.01681168564,
6,5059,11977.05646,MLP,16,0.01,0,0.0,14,178.331,11.1456875,89720.80008523476,
6,5060,11977.307415,SGD,64,0.05,1,0.015625,20,161.362,2.52128125,396623.7404097619,
6,5061,11977.538449,NB,64,0.1,6,0.09375,28,171.712,2.683,372717.1077152442,
6,5062,11977.752032,DT,16,0.01,0,0.0,18,90.546,5.659125,176705.76281668985,
6,5063,11977.880953,RF,1,0.1,0,0.0,29,3044.843,3044.843,328.4241584869893,9.99
6,5064,11993.828496,NB,64,0.5,33,0.515625,23,142.447,2.225734375,449289.9113354441,
6,5065,11994.059464,DT,100,0.5,52,0.52,24,101.181,1.0118099999999999,988327.8481137763,
6,5066,11994.200335,AB,1,0.1,0,0.0,17,7727.622,7727.622,129.40591555849912,2.0
6,5067,12014.607036,AB,32,1.0,32,1.0,14,7983.772,249.492875,4008.130492704451,
6,5068,12022.633619,NB,16,1.0,16,1.0,17,112.045,7.0028125,142799.76795037708,
6,5069,12022.815377,NB,64,0.01,1,0.015625,8,128.608,2.0095,497636.2279173924,
6,5070,12022.980673,GB,8,1.0,8,1.0,4,229.438,28.67975,34867.80742509959,
6,5071,12023.254321,SGD,32,1.0,32,1.0,23,163.929,5.12278125,195206.46133387016,
6,5072,12023.461943,LoR,32,0.0,0,0.0,11,152.529,4.76653125,209796.16990867312,
6,5073,12023.659893,DT,32,0.01,0,0.0,9,88.001,2.75003125,363632.2314519153,
6,5074,12023.804099,NB,8,0.5,5,0.625,1,109.224,13.653,73243.97568300007,
6,5075,12023.9714,NB,32,0.5,17,0.53125,12,115.296,3.603,277546.48903691367,
6,5076,12024.150885,LoR,64,0.5,27,0.421875,22,161.459,2.522796875,396385.46008584223,
6,5077,12024.351553,RF,1,0.0,0,0.0,12,3209.377,3209.377,311.58695285720563,9.99
6,5078,12041.355554,RF,16,0.1,1,0.0625,7,3322.217,207.6385625,4816.061082102704,
6,5079,12044.751558,GB,32,0.1,2,0.0625,9,282.066,8.8145625,113448.6254989967,
6,5080,12045.07984,GB,32,1.0,32,1.0,27,271.603,8.48759375,117819.02261757049,
6,5081,12045.398343,SGD,16,0.01,0,0.0,22,188.211,11.7631875,85010.97172853872,
6,5082,12045.716586,LoR,100,0.01,3,0.03,20,248.102,2.48102,403060.0317611305,
6,5083,12046.063591,AB,64,0.1,9,0.140625,20,9025.627,141.025421875,7090.920110037784,
6,5084,12055.199618,RF,16,0.5,8,0.5,29,3496.394,218.524625,4576.143306503786,
6,5085,12058.814292,DT,64,0.05,4,0.0625,3,139.042,2.17253125,460292.57346701,
6,5086,12059.021975,DT,32,0.1,4,0.125,23,101.951,3.18596875,313876.2738962835,
6,5087,12059.17575,GB,64,0.0,0,0.0,9,318.182,4.97159375,201142.7422041473,
6,5088,12059.542696,DT,16,0.1,0,0.0,5,97.864,6.1165,163492.1932477724,
6,5089,12059.682813,LoR,16,1.0,16,1.0,2,188.884,11.80525,84708.07479723005,
6,5090,12059.914244,GB,1,0.5,0,0.0,15,235.95,235.95,4238.186056367875,4.0
6,5091,12072.996211,MLP,64,0.01,0,0.0,11,267.289,4.176390625,239441.20408995508,
6,5092,12073.307067,MLP,1,0.05,0,0.0,6,167.606,167.606,5966.373518847774,
6,5093,12073.67423,RF,1,1.0,1,1.0,14,3053.333,3053.333,327.5109527850385,7.49
6,5094,12089.506337,LoR,1,0.05,0,0.0,13,204.672,204.672,4885.8661663539715,
6,5095,12089.898648,AB,100,0.1,10,0.1,7,8746.077,87.46077,11433.697645241404,
6,5096,12098.687274,RF,1,0.01,0,0.0,9,3020.669,3020.669,331.05249201418627,11.01
6,5097,12114.514268,AB,1,0.5,1,1.0,11,7764.078,7764.078,128.79829388627985,2.0
6,5098,12134.961769,LoR,1,0.0,0,0.0,20,158.372,158.372,6314.247467986765,
6,5099,12135.267244,RF,1,0.0,0,0.0,4,3072.591,3072.591,325.45822076547125,9.99
6,5100,12151.155277,LoR,100,0.0,0,0.0,28,179.382,1.79382,557469.5342899511,
6,5101,12151.376432,AB,16,0.0,0,0.0,5,8021.582,501.348875,1994.6190165481073,
6,5102,12159.484864,RF,100,0.01,1,0.01,26,3524.228,35.24228,28375.008654377638,
6,5103,12163.116966,DT,100,0.5,48,0.48,12,103.606,1.03606,965195.065922823,
6,5104,12163.305859,AB,100,0.0,0,0.0,21,8759.406,87.59406000000001,11416.29923307585,
6,5105,12172.125865,GB,100,0.0,0,0.0,24,295.997,2.95997,337841.26190468145,
6,5106,12172.468618,AB,32,0.0,0,0.0,16,8161.797,255.05615625,3920.7052074439002,
6,5107,12180.680093,RF,32,0.01,0,0.0,18,3214.273,100.44603125,9955.59493546441,
6,5108,12183.978196,SGD,100,0.1,9,0.09,28,188.504,1.8850399999999998,530492.7216398591,
6,5109,12184.208206,NB,1,0.01,0,0.0,3,111.258,111.258,8988.117708389509,
6,5110,12184.39271,NB,32,0.05,1,0.03125,21,119.84,3.745,267022.69692923897,
6,5111,12184.569021,MLP,16,0.5,10,0.625,20,196.881,12.3050625,81267.36455015973,
6,5112,12184.822881,DT,100,0.0,0,0.0,10,99.459,0.9945900000000001,1005439.4273017022,
6,5113,12184.999437,SGD,100,0.01,1,0.01,9,173.874,1.73874,575129.1164866512,
6,5114,12185.250538,LoR,100,0.01,1,0.01,4,168.142,1.68142,594735.4022195525,
6,5115,12185.460214,RF,8,0.01,0,0.0,24,3147.747,393.468375,2541.500317528696,
6,5116,12188.669589,MLP,100,1.0,100,1.0,23,251.868,2.51868,397033.36668413616,
6,5117,12188.991685,MLP,32,0.1,3,0.09375,6,192.267,6.00834375,166435.21769206366,
6,5118,12189.225305,DT,16,0.0,0,0.0,27,90.047,5.6279375,177684.98672915256,
6,5119,12189.364558,GB,64,0.0,0,0.0,1,299.223,4.675359375,213887.30144407347,
6,5120,12189.729692,DT,32,0.05,3,0.09375,2,109.695,3.42796875,291717.94521172345,
6,5121,12189.891716,AB,16,1.0,16,1.0,27,8067.215,504.2009375,1983.3362566883366,
6,5122,12198.00223,MLP,16,1.0,16,1.0,21,183.015,11.4384375,87424.5280441494,
6,5123,12198.228624,AB,8,0.1,0,0.0,18,7967.637,995.954625,1004.0618065305937,
6,5124,12206.241945,GB,32,1.0,32,1.0,12,225.235,7.03859375,142073.8339956046,
6,5125,12206.508709,RF,1,0.05,0,0.0,11,2963.655,2963.655,337.42119106306234,9.99
6,5126,12222.122896,GB,64,0.0,0,0.0,17,251.015,3.922109375,254964.8427384818,
6,5127,12222.425694,RF,64,1.0,64,1.0,7,3214.959,50.233734375,19906.941270479656,
6,5128,12225.695582,DT,8,1.0,8,1.0,26,92.175,11.521875,86791.42934635204,
6,5129,12225.864818,AB,100,0.05,4,0.04,10,8538.788,85.38788000000001,11711.263940503031,
6,5130,12234.449181,MLP,32,1.0,32,1.0,6,195.822,6.1194375,163413.71245314623,
6,5131,12234.686562,SGD,16,0.0,0,0.0,20,147.366,9.210375,108573.21227420164,
6,5132,12234.883144,AB,64,0.0,0,0.0,17,8214.251,128.347671875,7791.337274694917,
6,5133,12243.179029,LoR,100,0.05,6,0.06,16,166.923,1.66923,599078.6170869203,
6,5134,12243.403048,DT,100,1.0,100,1.0,13,91.283,0.91283,1095494.2322228674,
6,5135,12243.554827,DT,32,0.1,3,0.09375,24,83.577,2.61178125,382880.4575421468,
6,5136,12243.672955,AB,1,0.0,0,0.0,28,7488.637,7488.637,133.5356487435564,2.0
6,5137,12263.673175,SGD,8,0.5,4,0.5,17,155.93,19.49125,51305.072789072015,
6,5138,12263.897261,AB,64,0.05,3,0.046875,14,8319.085,129.985703125,7693.153754289085,
6,5139,12272.259422,SGD,16,0.0,0,0.0,22,160.401,10.0250625,99750.00155859377,
6,5140,12272.462706,RF,8,0.01,0,0.0,5,3207.964,400.9955,2493.7935712495528,
6,5141,12275.739314,AB,32,0.1,3,0.09375,15,8477.232,264.9135,3774.817062928088,
6,5142,12284.274573,AB,1,0.1,0,0.0,2,7548.425,7548.425,132.47796725807038,2.0
6,5143,12304.565475,AB,1,0.05,0,0.0,1,7559.703,7559.703,132.28032900234308,2.0
6,5144,12324.688492,LoR,32,0.1,1,0.03125,17,177.421,5.54440625,180361.96391633461,
6,5145,12324.927527,RF,100,1.0,100,1.0,11,3378.848,33.78848,29595.885935087936,
6,5146,12328.349812,DT,1,0.1,0,0.0,11,94.072,94.072,10630.155625478357,16.0
6,5147,12328.630464,NB,8,0.0,0,0.0,16,120.573,15.071625,66349.84615129424,
6,5148,12328.787518,AB,1,1.0,1,1.0,9,7483.066,7483.066,133.6350634886823,2.0
6,5149,12348.692083,MLP,8,0.0,0,0.0,25,201.078,25.13475,39785.555853947226,
6,5150,12348.936011,NB,8,0.05,0,0.0,18,109.879,13.734875,72807.36082417933,
6,5151,12349.084419,AB,1,0.1,0,0.0,15,7574.869,7574.869,132.01548436019158,2.0
6,5152,12369.054156,NB,64,0.0,0,0.0,27,135.751,2.121109375,471451.40735611523,
6,5153,12369.232879,RF,32,1.0,32,1.0,15,3128.592,97.7685,10228.243248080926,
6,5154,12372.414946,MLP,64,1.0,64,1.0,24,228.653,3.572703125,279900.1106480125,
6,5155,12372.682418,RF,1,0.0,0,0.0,13,2960.847,2960.847,337.7411936516814,9.99
6,5156,12388.299671,GB,100,0.05,4,0.04,2,338.384,3.38384,295522.24691474775,
6,5157,12388.722336,AB,64,0.1,4,0.0625,26,8390.284,131.0981875,7627.870522618782,
6,5158,12397.176266,RF,16,0.05,1,0.0625,5,3084.788,192.79925,5186.742168343497,
6,5159,12400.305964,LoR,8,0.05,0,0.0,5,165.935,20.741875,48211.649139723384,
6,5160,12400.515926,NB,16,0.01,0,0.0,4,115.742,7.233875,138238.4959651639,
6,5161,12400.667995,AB,1,1.0,1,1.0,20,7484.614,7484.614,133.6074245111371,2.0
6,5162,12421.332818,RF,100,0.01,0,0.0,7,3582.455,35.82455,27913.81887560346,
6,5163,12424.963062,SGD,8,0.0,0,0.0,16,183.974,22.99675,43484.405405111596,
6,5164,12425.207132,NB,100,0.0,0,0.0,17,158.541,1.58541,630751.6667612795,
6,5165,12425.40539,MLP,1,0.05,0,0.0,29,182.269,182.269,5486.396479928018,
6,5166,12425.778631,AB,1,0.5,0,0.0,14,7631.57,7631.57,131.03463638543576,2.0
6,5167,12445.937347,DT,1,0.5,1,1.0,4,84.337,84.337,11857.191979795345,4.0
6,5168,12446.200138,NB,8,0.01,0,0.0,14,113.134,14.14175,70712.60628988633,
6,5169,12446.36268,DT,64,1.0,64,1.0,22,90.29,1.41078125,708827.1126370584,
6,5170,12446.520676,DT,64,0.5,41,0.640625,19,88.472,1.382375,723392.7118184285,
6,5171,12446.67179,SGD,100,0.0,0,0.0,18,199.584,1.99584,501042.16770883434,
6,5172,12446.910464,GB,1,0.05,0,0.0,9,237.315,237.315,4213.80865094916,4.0
6,5173,12459.593621,SGD,1,0.0,0,0.0,27,152.018,152.018,6578.168374797721,
6,5174,12459.896971,SGD,16,0.01,0,0.0,9,145.603,9.1001875,109887.8457174646,
6,5175,12460.119986,MLP,100,0.1,10,0.1,8,239.848,2.39848,416930.722791101,
6,5176,12460.399515,LoR,1,0.01,0,0.0,9,143.664,143.664,6960.6860452166175,
6,5177,12460.68481,GB,1,0.5,0,0.0,22,206.324,206.324,4846.745894806227,4.0
6,5178,12473.463409,AB,32,0.1,2,0.0625,23,8065.048,252.03275,3967.7383197223376,
6,5179,12481.571385,RF,1,0.05,0,0.0,26,3084.362,3084.362,324.2161588036683,12.6
6,5180,12497.471018,MLP,64,0.0,0,0.0,20,306.121,4.783140625,209067.65625357296,
6,5181,12497.848456,LoR,64,0.5,32,0.5,18,165.313,2.583015625,387144.3867088493,
6,5182,12498.091937,SGD,100,0.5,46,0.46,0,166.619,1.66619,600171.6490916403,
6,5183,12498.296485,SGD,8,0.0,0,0.0,14,145.002,18.12525,55171.65280478889,
6,5184,12498.483616,LoR,16,0.1,0,0.0,19,142.38,8.89875,112375.33361427167,
6,5185,12498.700279,MLP,100,0.5,47,0.47,9,227.795,2.2779499999999997,438991.19822647556,
6,5186,12498.972078,LoR,32,0.0,0,0.0,25,146.346,4.5733125,218659.88821013214,
6,5187,12499.162536,AB,8,0.01,0,0.0,8,8471.493,1058.936625,944.3435767461532,
6,5188,12507.734258,SGD,64,0.5,37,0.578125,21,186.399,2.912484375,343349.4814886346,
6,5189,12507.98104,MLP,8,0.5,5,0.625,1,194.896,24.362,41047.533043264106,
6,5190,12508.214143,RF,1,0.0,0,0.0,9,3117.328,3117.328,320.78754625756414,6.51
6,5191,12524.140935,SGD,8,0.1,0,0.0,8,161.526,20.19075,49527.630226712725,
6,5192,12524.347726,RF,32,0.0,0,0.0,1,3237.49,101.1715625,9884.200414518655,
6,5193,12527.633288,LoR,32,0.0,0,0.0,26,171.334,5.3541875,186769.701285209,
6,5194,12527.846412,MLP,1,0.01,0,0.0,4,170.236,170.236,5874.198171949529,
6,5195,12528.180039,RF,1,0.01,0,0.0,2,3037.182,3037.182,329.2525768952931,9.99
6,5196,12544.052958,RF,32,0.05,0,0.0,4,3230.288,100.9465,9906.237462418212,
6,5197,12547.35245,AB,32,0.5,12,0.375,3,8606.182,268.9431875,3718.257410777508,
6,5198,12556.035079,NB,8,0.05,2,0.25,8,122.351,15.293875,65385.65275314464,
6,5199,12556.238782,NB,100,0.5,54,0.54,8,151.53,1.5153,659935.3263380189,
6,5200,12556.445157,MLP,8,0.5,2,0.25,10,210.891,26.361375,37934.28832904202,
6,5201,12556.700516,DT,32,1.0,32,1.0,14,92.469,2.88965625,346061.92345542833,
6,5202,12556.832833,GB,1,0.01,0,0.0,2,245.733,245.733,4069.4575006205923,4.0
6,5203,12569.853057,SGD,8,0.0,0,0.0,6,165.454,20.68175,48351.80775321237,
6,5204,12570.059594,NB,1,0.01,0,0.0,8,104.146,104.146,9601.905017955562,
6,5205,12570.214555,MLP,8,0.05,0,0.0,25,180.644,22.5805,44285.998981422024,
6,5206,12570.466099,GB,64,0.5,27,0.421875,0,276.062,4.31346875,231831.97977265975,
6,5207,12570.821776,AB,100,0.5,48,0.48,9,8768.507,87.68507,11404.450039214202,
6,5208,12579.630542,MLP,1,1.0,1,1.0,0,167.883,167.883,5956.529249536879,
6,5209,12579.991793,GB,100,0.5,42,0.42,8,295.202,2.95202,338751.0924722732,
6,5210,12580.329427,GB,1,0.1,1,1.0,26,206.933,206.933,4832.482011085714,4.0
6,5211,12593.17953,DT,100,0.05,4,0.04,1,99.885,0.99885,1001151.3240226259,
6,5212,12593.316137,LoR,1,0.0,0,0.0,0,153.701,153.701,6506.138541714107,
6,5213,12593.668697,GB,64,0.0,0,0.0,25,290.487,4.538859375,220319.67007129404,
6,5214,12594.021485,DT,32,0.01,0,0.0,8,93.112,2.90975,343672.13678151043,
6,5215,12594.173869,LoR,8,0.1,1,0.125,26,154.58,19.3225,51753.137533962996,
6,5216,12594.368623,LoR,16,1.0,16,1.0,27,147.136,9.196,108742.93170943888,
6,5217,12594.554775,LoR,1,0.01,0,0.0,15,140.767,140.767,7103.937712674136,
6,5218,12594.85001,RF,64,0.0,0,0.0,18,3428.094,53.56396875,18669.266362007576,
6,5219,12598.342931,MLP,8,0.1,1,0.125,13,195.953,24.494125,40826.11646670375,
6,5220,12598.599856,SGD,100,0.01,0,0.0,29,172.017,1.72017,581337.891022399,
6,5221,12598.810582,SGD,1,0.0,0,0.0,21,145.48,145.48,6873.797085510037,
6,5222,12599.14378,GB,100,0.5,50,0.5,7,293.67,2.9367,340518.26880512136,
6,5223,12599.479733,GB,16,0.0,0,0.0,26,220.603,13.7876875,72528.4787604883,
6,5224,12599.745137,MLP,32,0.0,0,0.0,15,203.822,6.3694375,156999.7350629471,
6,5225,12599.99569,RF,32,0.01,0,0.0,25,3279.736,102.49175,9756.882871060354,
6,5226,12603.359011,GB,100,0.05,2,0.02,15,294.011,2.9401100000000002,340123.32871899346,
6,5227,12603.695582,GB,1,0.05,0,0.0,28,207.475,207.475,4819.857814194482,4.0
6,5228,12617.000864,DT,1,0.1,0,0.0,25,96.284,96.284,10385.9415894645,16.0
6,5229,12617.300493,LoR,64,1.0,64,1.0,2,193.294,3.02021875,331101.8448580918,
6,5230,12617.536,LoR,16,0.0,0,0.0,11,184.936,11.5585,86516.41649002898,
6,5231,12617.771274,AB,64,0.0,0,0.0,14,8417.286,131.52009375,7603.400906182824,
6,5232,12626.256472,DT,32,0.1,2,0.0625,29,86.437,2.70115625,370211.830581811,
6,5233,12626.386141,RF,32,1.0,32,1.0,14,3264.723,102.02259375,9801.750408840198,
6,5234,12629.707965,LoR,1,0.5,0,0.0,22,161.53,161.53,6190.800470500836,
6,5235,12630.032279,DT,8,0.0,0,0.0,2,86.996,10.8745,91958.25095406685,
6,5236,12630.189687,DT,64,0.05,3,0.046875,25,90.784,1.4185,704970.038773352,
6,5237,12630.340823,RF,32,0.5,16,0.5,3,3232.172,101.005375,9900.463217922808,
6,5238,12633.644398,DT,16,0.05,0,0.0,25,106.813,6.6758125,149794.50066939418,
6,5239,12633.794361,DT,16,0.01,0,0.0,12,87.619,5.4761875,182608.79489608417,
6,5240,12633.91984,NB,8,0.0,0,0.0,15,119.462,14.93275,66966.90160887981,
6,5241,12634.087345,GB,64,0.0,0,0.0,21,283.731,4.433296875,225565.76475605415,
6,5242,12634.40974,SGD,1,0.0,0,0.0,7,160.093,160.093,6246.369297845627,
6,5243,12634.753701,LoR,64,0.1,7,0.109375,9,162.883,2.545046875,392920.071462338,
6,5244,12634.985581,SGD,100,0.0,0,0.0,5,166.549,1.6654900000000001,600423.8992728867,
6,5245,12635.192409,MLP,1,0.1,0,0.0,22,173.671,173.671,5758.0137155886705,
6,5246,12635.52518,MLP,64,1.0,64,1.0,29,214.525,3.351953125,298333.5275608903,
6,5247,12635.778651,SGD,1,1.0,1,1.0,16,144.313,144.313,6929.382661298706,
6,5248,12636.071262,LoR,16,0.1,0,0.0,16,145.541,9.0963125,109934.6575878962,
6,5249,12636.295018,DT,100,0.1,6,0.06,17,96.985,0.96985,1031087.2815383822,
6,5250,12636.432405,RF,8,0.1,0,0.0,21,3115.438,389.42975,2567.8572322736,
6,5251,12639.602212,RF,64,0.0,0,0.0,22,3532.908,55.2016875,18115.38822975294,
6,5252,12643.224256,RF,100,1.0,100,1.0,20,3517.069,35.17069,28432.76603330785,
6,5253,12646.829768,DT,100,0.0,0,0.0,24,107.07,1.0707,933968.431867003,
6,5254,12646.980535,AB,1,0.05,0,0.0,12,7797.978,7797.978,128.2383715368266,2.0
6,5255,12667.589278,SGD,32,0.5,21,0.65625,6,179.8,5.61875,177975.52836484983,
6,5256,12667.810969,MLP,8,0.01,0,0.0,13,189.712,23.714,42169.18276123809,
6,5257,12668.041197,MLP,1,0.5,1,1.0,8,161.703,161.703,6184.177164307403,
6,5258,12668.364888,SGD,64,0.0,0,0.0,6,158.568,2.477625,403612.3303566924,
6,5259,12668.583939,LoR,16,0.1,3,0.1875,25,147.744,9.234,108295.42993285683,
6,5260,12668.800377,NB,64,0.5,32,0.5,21,138.29,2.16078125,462795.5745173187,
6,5261,12668.976532,LoR,1,0.01,0,0.0,17,145.912,145.912,6853.445912604858,
6,5262,12669.275882,NB,16,0.1,0,0.0,2,113.342,7.083875,141165.67556598614,
6,5263,12669.448356,GB,16,0.1,2,0.125,15,289.624,18.1015,55244.040549125755,
6,5264,12669.79774,LoR,8,0.5,4,0.5,15,156.245,19.530625,51201.638452430474,
6,5265,12670.016314,MLP,32,0.1,6,0.1875,2,190.804,5.962625,167711.36873440808,
6,5266,12670.248572,MLP,8,0.01,0,0.0,23,167.811,20.976375,47672.67938335389,
6,5267,12670.470386,AB,64,1.0,64,1.0,22,8366.479,130.726234375,7649.573972515798,
6,5268,12678.886559,MLP,32,0.01,0,0.0,25,191.818,5.9943125,166824.80267753807,
6,5269,12679.121993,RF,8,0.1,0,0.0,3,3139.0,392.375,2548.582351067219,
6,5270,12682.337176,MLP,64,0.5,27,0.421875,13,225.009,3.515765625,284433.0671217596,
6,5271,12682.604003,RF,1,0.01,0,0.0,7,3056.569,3056.569,327.16421582499856,9.99
6,5272,12698.798082,AB,16,1.0,16,1.0,8,8450.346,528.146625,1893.4135951356313,
6,5273,12707.339077,AB,16,0.1,1,0.0625,1,8003.921,500.2450625,1999.0202302096684,
6,5274,12715.406526,AB,8,0.5,5,0.625,16,8267.711,1033.463875,967.6196954634723,
6,5275,12723.744143,DT,32,0.0,0,0.0,14,87.429,2.73215625,366011.2777224948,
6,5276,12723.903322,DT,32,0.05,2,0.0625,20,92.671,2.89596875,345307.59352979896,
6,5277,12724.035153,AB,16,0.0,0,0.0,2,8383.857,523.9910625,1908.42949730655,
6,5278,12732.475923,AB,1,0.05,0,0.0,10,7668.139,7668.139,130.4097382689594,2.0
6,5279,12752.893523,MLP,64,0.0,0,0.0,2,253.122,3.95503125,252842.50282472483,
6,5280,12753.186368,SGD,1,0.0,0,0.0,2,157.072,157.072,6366.507079555872,
6,5281,12753.499351,MLP,1,0.5,1,1.0,13,198.538,198.538,5036.8191479716725,
6,5282,12753.883867,GB,100,0.01,1,0.01,11,316.823,3.16823,315633.6503347295,
6,5283,12754.244454,NB,8,0.01,0,0.0,27,121.484,15.1855,65852.29330611438,
6,5284,12754.441962,SGD,100,0.1,16,0.16,1,176.412,1.7641200000000001,566854.8624810104,
6,5285,12754.679209,GB,100,0.01,0,0.0,29,290.978,2.90978,343668.59350191423,
6,5286,12755.031786,MLP,16,0.1,4,0.25,6,191.16,11.9475,83699.51872776731,
6,5287,12755.270018,SGD,8,1.0,8,1.0,17,152.043,19.005375,52616.69396157666,
6,5288,12755.472498,MLP,64,1.0,64,1.0,14,205.427,3.209796875,311546.19402512815,
6,5289,12755.718626,LoR,1,0.1,0,0.0,21,146.279,146.279,6836.2512732518,
6,5290,12756.00923,GB,8,1.0,8,1.0,8,209.582,26.19775,38171.21699382581,
6,5291,12756.297829,RF,100,0.1,11,0.11,22,3603.44,36.0344,27751.259907199787,
6,5292,12759.977031,RF,64,0.1,9,0.140625,13,3417.491,53.398296875,18727.189040146703,
6,5293,12763.463295,SGD,32,0.5,8,0.25,21,171.894,5.3716875,186161.2389030449,
6,5294,12763.699865,AB,32,0.05,1,0.03125,5,8153.045,254.78265625,3924.9139431954563,
6,5295,12771.920921,MLP,32,0.05,2,0.0625,7,197.328,6.1665,162166.54504175787,
6,5296,12772.157427,GB,1,0.0,0,0.0,10,208.29,208.29,4800.998607710404,4.0
6,5297,12785.108756,RF,8,0.1,2,0.25,18,3096.062,387.00775,2583.9275828455634,
6,5298,12788.25302,SGD,16,0.05,0,0.0,16,169.413,10.5883125,94443.75579205845,
6,5299,12788.467357,RF,32,1.0,32,1.0,23,3189.811,99.68159375,10031.942331379507,
6,5300,12791.741662,LoR,100,0.5,57,0.57,29,182.591,1.8259100000000001,547672.1196554047,
6,5301,12791.974547,DT,64,0.0,0,0.0,13,95.136,1.4865,672721.1570803903,
6,5302,12792.109571,AB,1,0.1,0,0.0,6,7774.146,7774.146,128.63149212788133,2.0
6,5303,12812.730267,RF,8,0.01,0,0.0,16,3166.163,395.770375,2526.717670568445,
6,5304,12815.943952,AB,16,0.0,0,0.0,21,8088.978,505.561125,1978.0001874155178,
6,5305,12824.080936,NB,32,0.0,0,0.0,0,129.394,4.0435625,247306.6757345781,
6,5306,12824.282783,DT,64,0.5,34,0.53125,22,98.024,1.531625,652901.3302864605,
6,5307,12824.439253,MLP,16,0.5,5,0.3125,9,211.85,13.240625,75525.13570922823,
6,5308,12824.7218,AB,64,0.01,2,0.03125,5,8339.579,130.305921875,7674.248304380833,
6,5309,12833.101724,DT,1,1.0,1,1.0,20,79.37,79.37,12599.218848431397,13.0
6,5310,12833.366898,DT,16,1.0,16,1.0,29,84.995,5.3121875,188246.36743337841,
6,5311,12833.514615,RF,32,0.05,2,0.0625,26,3269.324,102.166375,9787.956164638317,
6,5312,12836.860019,GB,64,0.1,7,0.109375,17,305.845,4.778828125,209256.32264709246,
6,5313,12837.209136,DT,1,0.1,1,1.0,8,90.366,90.366,11066.108934776354,11.0
6,5314,12837.498396,GB,64,1.0,64,1.0,29,273.66,4.2759375,233866.84206679818,
6,5315,12837.814638,RF,16,0.0,0,0.0,8,3113.995,194.6246875,5138.094312932423,
6,5316,12840.97,AB,1,0.0,0,0.0,29,7756.277,7756.277,128.9278348362236,2.0
6,5317,12861.492467,NB,100,0.1,12,0.12,4,164.771,1.6477099999999998,606902.9137408889,
6,5318,12861.726956,SGD,64,0.05,3,0.046875,18,180.559,2.821234375,354454.7765550319,
6,5319,12861.947807,DT,16,0.0,0,0.0,15,89.318,5.582375,179135.22470274748,
6,5320,12862.074379,AB,8,0.0,0,0.0,14,7924.712,990.589,1009.5004083429151,
6,5321,12870.043328,GB,8,0.05,0,0.0,28,218.532,27.3165,36607.91096956052,
6,5322,12870.302864,GB,8,0.0,0,0.0,21,209.066,26.13325,38265.42814230912,
6,5323,12870.551935,AB,8,0.0,0,0.0,16,7888.602,986.07525,1014.1213867805728,
6,5324,12878.500164,LoR,100,1.0,100,1.0,9,173.812,1.73812,575334.2692104112,
6,5325,12878.739097,GB,32,0.05,2,0.0625,9,230.631,7.20721875,138749.77778355902,
6,5326,12879.04796,MLP,100,0.5,54,0.54,22,255.096,2.55096,392009.28277981625,
6,5327,12879.360115,GB,64,1.0,64,1.0,15,258.545,4.039765625,247539.11311377128,
6,5328,12879.659709,NB,8,0.0,0,0.0,13,117.148,14.6435,68289.68484310445,
6,5329,12879.852116,SGD,100,0.5,51,0.51,1,187.703,1.87703,532756.5355908003,
6,5330,12880.083136,DT,32,1.0,32,1.0,6,90.603,2.83134375,353189.1879959825,
6,5331,12880.212839,RF,1,0.5,1,1.0,8,3049.273,3049.273,327.9470221262576,6.87
6,5332,12896.12018,NB,8,0.0,0,0.0,4,116.486,14.56075,68677.78102089521,
6,5333,12896.278306,SGD,8,0.1,0,0.0,10,159.908,19.9885,50028.76654076094,
6,5334,12896.478347,LoR,1,0.1,0,0.0,3,145.67,145.67,6864.831468387451,
6,5335,12896.778444,NB,1,0.1,0,0.0,7,100.532,100.532,9947.08152628019,
6,5336,12896.956032,RF,64,0.05,4,0.0625,1,3381.13,52.83015625,18928.583047679327,
6,5337,12900.382128,NB,16,0.0,0,0.0,18,123.307,7.7066875,129757.43469551607,
6,5338,12900.562955,RF,100,0.0,0,0.0,9,3464.636,34.64636,28863.060939157822,
6,5339,12904.09747,GB,32,0.1,5,0.15625,13,256.597,8.01865625,124709.17430835124,
6,5340,12904.396725,AB,1,0.5,1,1.0,28,7728.612,7728.612,129.38933925004903,2.0
6,5341,12925.037078,SGD,100,0.01,0,0.0,5,197.912,1.97912,505275.0717490602,
6,5342,12925.277985,NB,1,0.05,0,0.0,26,108.554,108.554,9212.005085026807,
6,5343,12925.432706,RF,1,1.0,1,1.0,3,3108.384,3108.384,321.71057372576877,7.53
6,5344,12941.241016,RF,64,0.05,2,0.03125,29,3357.323,52.458171875,19062.80688512842,
6,5345,12944.648542,AB,32,0.01,0,0.0,9,8073.871,252.30846875,3963.4024373191,
6,5346,12952.761974,SGD,1,1.0,1,1.0,15,183.099,183.099,5461.526278133688,
6,5347,12953.122788,DT,16,0.5,10,0.625,25,85.912,5.3695,186237.07980258868,
6,5348,12953.284062,AB,100,0.05,8,0.08,3,8532.656,85.32656000000001,11719.680249619812,
6,5349,12961.860148,GB,8,0.01,0,0.0,14,290.391,36.298875,27549.063159670925,
6,5350,12962.195714,SGD,32,1.0,32,1.0,29,156.112,4.8785,204981.03925386904,
6,5351,12962.414497,DT,32,0.1,4,0.125,5,88.257,2.75803125,362577.472608405,
6,5352,12962.540369,LoR,16,0.0,0,0.0,27,148.971,9.3106875,107403.45436360096,
6,5353,12962.745741,NB,16,0.5,13,0.8125,3,112.421,7.0263125,142322.16400850375,
6,5354,12962.898926,LoR,32,1.0,32,1.0,19,148.226,4.6320625,215886.5516171252,
6,5355,12963.10794,NB,32,0.1,2,0.0625,21,114.092,3.565375,280475.4058128528,
6,5356,12963.256676,LoR,1,1.0,1,1.0,29,141.497,141.497,7067.287645674466,
6,5357,12963.544287,LoR,8,0.0,0,0.0,28,139.479,17.434875,57356.30453329891,
6,5358,12963.739779,LoR,100,1.0,100,1.0,26,156.243,1.56243,640028.6732845631,
6,5359,12963.958559,MLP,100,0.0,0,0.0,17,236.937,2.36937,422053.11960563355,
6,5360,12964.274244,AB,100,0.01,1,0.01,22,8456.411,84.56411,11825.347656352085,
6,5361,12972.785444,DT,64,0.05,0,0.0,18,85.448,1.335125,748993.5399307181,
6,5362,12972.929436,NB,16,0.1,3,0.1875,28,111.609,6.9755625,143357.61452929425,
6,5363,12973.094188,LoR,100,1.0,100,1.0,12,165.687,1.65687,603547.6531049509,
6,5364,12973.352129,SGD,100,0.01,1,0.01,19,163.363,1.63363,612133.7144885929,
6,5365,12973.57642,GB,32,0.1,4,0.125,2,279.818,8.7443125,114360.04831712043,
6,5366,12973.966608,DT,100,0.1,14,0.14,20,100.094,1.00094,999060.8827701961,
6,5367,12974.101987,MLP,1,1.0,1,1.0,17,170.669,170.669,5859.294892452642,
6,5368,12974.473412,LoR,1,0.01,0,0.0,6,140.955,140.955,7094.462771806604,
6,5369,12974.757162,SGD,8,0.05,0,0.0,28,144.136,18.017,55503.13592717989,
6,5370,12974.943582,MLP,32,0.0,0,0.0,0,181.062,5.6581875,176735.04103566732,
6,5371,12975.165128,NB,16,1.0,16,1.0,19,110.779,6.9236875,144431.70637034095,
6,5372,12975.311601,LoR,1,0.0,0,0.0,21,140.702,140.702,7107.2195135818965,
6,5373,12975.592803,AB,8,1.0,8,1.0,27,7808.966,976.12075,1024.4634180760936,
6,5374,12983.467705,AB,32,0.1,2,0.0625,27,7965.589,248.92465625,4017.2798270159306,
6,5375,12991.474036,RF,8,1.0,8,1.0,23,3172.288,396.536,2521.8391268384207,
6,5376,12994.693286,RF,32,1.0,32,1.0,0,3086.37,96.4490625,10368.167134854215,
6,5377,12997.82244,SGD,1,0.5,1,1.0,12,159.399,159.399,6273.565078827345,
6,5378,12998.133473,DT,8,1.0,8,1.0,22,85.596,10.6995,93462.31132295901,
6,5379,12998.28713,GB,64,0.1,5,0.078125,6,264.409,4.131390625,242049.2494582257,
6,5380,12998.622419,SGD,64,0.5,34,0.53125,25,167.677,2.619953125,381686.2181456014,
6,5381,12998.832491,SGD,32,1.0,32,1.0,22,150.91,4.7159375,212046.91538002784,
6,5382,12999.051113,LoR,64,0.05,5,0.078125,28,154.487,2.413859375,414274.340235748,
6,5383,12999.266239,NB,32,0.01,1,0.03125,22,118.464,3.702,270124.2571582928,
6,5384,12999.448871,RF,64,0.5,30,0.46875,11,3261.801,50.965640625,19621.06210648657,
6,5385,13002.779589,RF,100,1.0,100,1.0,18,3334.339,33.34339,29990.9517298631,
6,5386,13006.157101,AB,1,0.5,1,1.0,22,7591.238,7591.238,131.7308191364834,2.0
6,5387,13026.347938,GB,16,0.1,2,0.125,5,228.582,14.286375,69996.76264972745,
6,5388,13026.623132,NB,32,0.01,0,0.0,24,123.986,3.8745625,258093.65573532495,
6,5389,13026.815106,RF,64,0.1,7,0.109375,11,3692.303,57.692234375,17333.355361139107,
6,5390,13030.679626,NB,100,0.1,12,0.12,13,180.371,1.8037100000000001,554412.8490721901,
6,5391,13030.920305,SGD,8,0.05,2,0.25,3,180.529,22.566125,44314.20990533377,
6,5392,13031.145501,RF,32,0.0,0,0.0,21,3349.236,104.663625,9554.41778363782,
6,5393,13034.584013,DT,64,0.0,0,0.0,6,136.535,2.133359375,468744.27802394994,
6,5394,13034.79175,NB,8,0.1,1,0.125,24,136.218,17.02725,58729.38965481802,
6,5395,13034.974357,SGD,32,0.01,0,0.0,14,189.367,5.91771875,168984.0362893218,
6,5396,13035.203413,AB,8,1.0,8,1.0,28,8340.954,1042.61925,959.122901289229,
6,5397,13043.623675,RF,16,0.1,2,0.125,0,3193.426,199.589125,5010.293020724451,
6,5398,13046.881525,NB,8,0.5,4,0.5,25,125.486,15.68575,63752.13171190411,
6,5399,13047.06457,AB,16,0.5,11,0.6875,4,8436.529,527.2830625,1896.5145500003614,
6,5400,13055.559676,NB,16,0.01,0,0.0,1,120.816,7.551,132432.79035889285,
6,5401,13055.728709,GB,32,0.01,0,0.0,18,287.527,8.98521875,111293.89587760455,
6,5402,13056.092978,LoR,64,0.5,36,0.5625,8,261.484,4.0856875,244756.84936745654,
6,5403,13056.395008,SGD,16,0.0,0,0.0,27,229.875,14.3671875,69603.04513322457,
6,5404,13056.688478,LoR,1,1.0,1,1.0,17,183.935,183.935,5436.703183189714,
6,5405,13057.054773,SGD,1,0.5,1,1.0,5,145.621,145.621,6867.141415043159,
6,5406,13057.380378,NB,16,0.05,1,0.0625,26,122.008,7.6255,131138.94170874043,
6,5407,13057.541771,SGD,8,1.0,8,1.0,26,161.876,20.2345,49420.54412019076,
6,5408,13057.776118,LoR,64,0.5,28,0.4375,24,162.01,2.53140625,395037.3433738658,
6,5409,13057.982509,SGD,32,1.0,32,1.0,18,152.911,4.77846875,209272.06021803533,
6,5410,13058.173966,DT,1,1.0,1,1.0,1,97.718,97.718,10233.529134857446,4.0
6,5411,13058.518672,AB,64,0.01,1,0.015625,4,9030.21,141.09703125,7087.321335827185,
6,5412,13067.634482,MLP,64,1.0,64,1.0,8,277.539,4.336546875,230598.2222318305,
6,5413,13067.965849,NB,8,0.01,0,0.0,18,125.609,15.701125,63689.703763265374,
6,5414,13068.156233,LoR,32,0.5,16,0.5,2,170.156,5.317375,188062.71891675872,
6,5415,13068.36874,MLP,8,0.05,0,0.0,8,178.928,22.366,44710.72163104713,
6,5416,13068.587641,AB,8,0.0,0,0.0,17,7992.033,999.004125,1000.9968677556761,
6,5417,13076.644794,DT,100,0.01,0,0.0,1,117.405,1.17405,851752.4807291001,
6,5418,13076.838465,AB,64,0.5,35,0.546875,2,8236.155,128.689921875,7770.616264506921,
6,5419,13085.12353,DT,32,0.05,0,0.0,9,82.137,2.56678125,389592.9970658777,
6,5420,13085.265213,SGD,16,0.1,2,0.125,9,154.001,9.6250625,103895.4292504594,
6,5421,13085.476409,DT,100,0.0,0,0.0,18,91.711,0.91711,1090381.7426481012,
6,5422,13085.694915,NB,100,0.1,8,0.08,7,148.332,1.48332,674163.3632661867,
6,5423,13085.909449,NB,64,0.1,4,0.0625,15,129.071,2.016734375,495851.1207010095,
6,5424,13086.086635,NB,64,0.01,0,0.0,6,126.874,1.98240625,504437.47339880513,
6,5425,13086.26844,LoR,16,0.5,2,0.125,3,154.013,9.6258125,103887.3341860752,
6,5426,13086.477057,AB,8,0.5,3,0.375,6,8099.045,1012.380625,987.7707803821314,
6,5427,13094.624441,RF,32,1.0,32,1.0,11,3316.639,103.64496875,9648.32168951761,
6,5428,13097.987829,AB,16,0.05,0,0.0,19,7941.826,496.364125,2014.6500313655827,
6,5429,13105.97955,DT,32,0.01,0,0.0,10,85.223,2.66321875,375485.4910059491,
6,5430,13106.144168,SGD,100,0.5,52,0.52,3,173.695,1.73695,575721.8112208181,
6,5431,13106.40304,LoR,100,0.5,53,0.53,22,165.919,1.6591900000000002,602703.7289279709,
6,5432,13106.628108,GB,16,0.5,8,0.5,9,259.657,16.2285625,61619.752211571424,
6,5433,13106.947077,MLP,8,0.1,4,0.5,14,190.884,23.8605,41910.27011169087,
6,5434,13107.176926,DT,1,1.0,1,1.0,26,87.007,87.007,11493.328123024583,13.0
6,5435,13107.473306,DT,16,0.0,0,0.0,7,88.886,5.555375,180005.8501901312,
6,5436,13107.638551,NB,100,0.5,53,0.53,0,152.771,1.52771,654574.4938502727,
6,5437,13107.834285,SGD,16,0.0,0,0.0,13,157.013,9.8133125,101902.39024794125,
6,5438,13108.033206,LoR,8,0.05,0,0.0,19,147.891,18.486375,54093.89347560028,
6,5439,13108.26031,AB,100,0.01,2,0.02,3,8742.552,87.42551999999999,11438.307716099373,
6,5440,13117.043388,NB,1,1.0,1,1.0,20,103.566,103.566,9655.678504528512,
6,5441,13117.225674,AB,64,0.5,32,0.5,16,8414.684,131.4794375,7605.752040124145,
6,5442,13125.720838,SGD,32,0.1,6,0.1875,29,158.926,4.9664375,201351.57242993597,
6,5443,13125.944087,NB,32,0.05,3,0.09375,7,119.392,3.731,268024.6582685607,
6,5444,13126.105909,AB,32,0.0,0,0.0,27,8159.607,254.98771875,3921.757506213228,
6,5445,13134.333195,NB,32,0.5,15,0.46875,18,121.167,3.78646875,264098.3105961194,
6,5446,13134.51176,MLP,8,0.5,2,0.25,11,184.352,23.044,43395.24388127061,
6,5447,13134.741001,SGD,16,1.0,16,1.0,26,150.7,9.41875,106171.20106171202,
6,5448,13134.9525,MLP,16,0.5,9,0.5625,1,175.884,10.99275,90969.04778149235,
6,5449,13135.188471,DT,16,0.1,1,0.0625,14,88.494,5.530875,180803.2182972857,
6,5450,13135.315745,RF,16,1.0,16,1.0,20,3163.555,197.7221875,5057.601337735554,
6,5451,13138.543067,NB,8,0.5,2,0.25,18,118.35,14.79375,67596.11322348965,
6,5452,13138.710093,GB,64,1.0,64,1.0,10,280.607,4.384484375,228076.99023901753,
6,5453,13139.051465,SGD,8,0.1,2,0.25,7,162.165,20.270625,49332.47001510807,
6,5454,13139.256277,MLP,8,0.01,0,0.0,8,177.397,22.174625,45096.59126140803,
6,5455,13139.494677,GB,16,0.05,3,0.1875,8,224.019,14.0011875,71422.5132689638,
6,5456,13139.76313,DT,32,1.0,32,1.0,3,91.687,2.86521875,349013.4915527828,
6,5457,13139.912819,GB,8,0.05,1,0.125,14,212.816,26.602,37591.1585595068,
6,5458,13140.184471,GB,100,0.0,0,0.0,22,269.419,2.69419,371169.0712236331,
6,5459,13140.498904,MLP,32,0.0,0,0.0,23,207.4,6.48125,154291.22468659593,
6,5460,13140.769908,AB,100,0.0,0,0.0,8,8690.16,86.9016,11507.267990462777,
6,5461,13149.503707,LoR,1,0.5,0,0.0,6,155.268,155.268,6440.477110544349,
6,5462,13149.81599,LoR,16,0.0,0,0.0,8,145.872,9.117,109685.20346605242,
6,5463,13150.003983,DT,8,0.01,0,0.0,2,84.981,10.622625,94138.68982478436,
6,5464,13150.128853,DT,1,0.01,0,0.0,21,80.423,80.423,12434.253882595774,16.0
6,5465,13150.409261,RF,32,1.0,32,1.0,18,3188.775,99.64921875,10035.201605632257,
6,5466,13153.675649,MLP,1,0.01,0,0.0,19,179.357,179.357,5575.472381897556,
6,5467,13154.057457,AB,100,0.05,6,0.06,9,8661.264,86.61264,11545.65892460962,
6,5468,13162.768303,AB,32,0.05,0,0.0,7,8119.131,253.72284375,3941.308497177838,
6,5469,13170.931575,LoR,16,1.0,16,1.0,28,151.484,9.46775,105621.71582477356,
6,5470,13171.163073,GB,100,0.5,52,0.52,17,297.268,2.9726799999999995,336396.7867378931,
6,5471,13171.540654,NB,100,0.5,48,0.48,17,156.109,1.56109,640578.0576392136,
6,5472,13171.734192,GB,1,1.0,1,1.0,12,207.925,207.925,4809.426475892749,4.0
6,5473,13184.710255,MLP,16,0.5,5,0.3125,25,192.461,12.0288125,83133.72579379717,
6,5474,13184.941413,NB,1,1.0,1,1.0,1,103.249,103.249,9685.323828802217,
6,5475,13185.092744,DT,1,0.01,0,0.0,12,86.834,86.834,11516.22636294539,16.0
6,5476,13185.363444,NB,1,0.5,0,0.0,8,104.36,104.36,9582.215408202377,
6,5477,13185.518515,SGD,8,0.0,0,0.0,21,194.743,24.342875,41079.78207175611,
6,5478,13185.770999,SGD,100,0.0,0,0.0,15,165.637,1.65637,603729.8429698679,
6,5479,13185.976041,SGD,1,0.5,1,1.0,8,143.489,143.489,6969.175337482316,
6,5480,13186.289708,AB,32,0.01,2,0.0625,8,8161.309,255.04090625,3920.9396433831876,
6,5481,13194.525057,GB,64,0.05,3,0.046875,0,285.164,4.4556875,224432.25652606922,
6,5482,13194.889688,RF,100,0.05,7,0.07,17,3575.622,35.75622,27967.1620769757,
6,5483,13198.508657,DT,8,1.0,8,1.0,23,93.782,11.72275,85304.21616088375,
6,5484,13198.653176,GB,64,1.0,64,1.0,20,260.894,4.07646875,245310.35592999455,
6,5485,13198.986829,AB,64,0.5,27,0.421875,18,8330.201,130.159390625,7682.88784388276,
6,5486,13207.390636,RF,64,0.05,4,0.0625,3,3323.74,51.9334375,19255.417090386134,
6,5487,13210.757851,SGD,1,0.5,0,0.0,6,160.354,160.354,6236.202402185165,
6,5488,13211.091415,GB,100,0.01,0,0.0,18,270.639,2.7063900000000003,369495.8967480666,
6,5489,13211.407902,MLP,16,0.05,0,0.0,6,192.22,12.01375,83237.95650816773,
6,5490,13211.651052,AB,64,0.0,0,0.0,13,8274.698,129.29215625,7734.421244134831,
6,5491,13219.971927,SGD,32,0.0,0,0.0,5,154.571,4.83034375,207024.60358023175,
6,5492,13220.204106,SGD,100,0.05,5,0.05,20,164.075,1.64075,609477.3731525218,
6,5493,13220.426694,AB,16,0.05,2,0.125,25,7805.928,487.8705,2049.72426084381,
6,5494,13228.292584,RF,100,0.0,0,0.0,12,3441.315,34.41315,29058.659262520287,
6,5495,13231.801958,NB,32,0.5,16,0.5,7,129.542,4.0481875,247024.13116981366,
6,5496,13231.970188,MLP,1,0.5,0,0.0,18,171.692,171.692,5824.38319781935,
6,5497,13232.32084,AB,64,0.05,2,0.03125,0,8321.861,130.029078125,7690.58747796917,
6,5498,13240.713763,GB,32,0.1,4,0.125,16,228.182,7.1306875,140238.93208053222,
6,5499,13240.98509,GB,8,0.05,0,0.0,1,209.408,26.176,38202.93398533008,
6,5500,13241.232417,GB,1,0.0,0,0.0,2,197.091,197.091,5073.798397694466,4.0
6,5501,13253.896075,SGD,64,1.0,64,1.0,4,167.832,2.622375,381333.714667048,
6,5502,13254.10556,SGD,16,1.0,16,1.0,9,146.947,9.1841875,108882.79447692024,
6,5503,13254.294927,NB,32,1.0,32,1.0,20,117.27,3.6646875,272874.5629743328,
6,5504,13254.4706,MLP,16,0.1,1,0.0625,14,181.088,11.318,88354.83300936561,
6,5505,13254.714396,MLP,32,0.5,14,0.4375,27,182.06,5.689375,175766.23091288586,
6,5506,13254.953076,GB,8,0.5,4,0.5,26,214.955,26.869375,37217.0919494778,
6,5507,13255.211386,NB,16,0.05,0,0.0,10,114.334,7.145875,139940.8749803208,
6,5508,13255.364796,SGD,8,0.1,0,0.0,19,152.136,19.017,52584.52963138245,
6,5509,13255.574855,LoR,16,0.5,8,0.5,24,147.684,9.23025,108339.42742612606,
6,5510,13255.760911,MLP,16,1.0,16,1.0,5,170.745,10.6715625,93706.98995578202,
6,5511,13256.000787,DT,64,0.05,2,0.03125,26,92.6,1.446875,691144.7084233261,
6,5512,13256.129608,RF,8,0.0,0,0.0,14,3123.532,390.4415,2561.203150792116,
6,5513,13259.296436,GB,16,1.0,16,1.0,27,254.69,15.918125,62821.469237111785,
6,5514,13259.629606,DT,100,0.5,55,0.55,20,99.616,0.99616,1003854.8024413749,
6,5515,13259.796012,RF,100,0.01,0,0.0,17,3416.624,34.166239999999995,29268.65818421928,
6,5516,13263.285851,RF,64,0.05,4,0.0625,23,3874.29,60.53578125,16519.155767895536,
6,5517,13267.272017,SGD,100,1.0,100,1.0,25,247.644,2.47644,403805.4626802991,
6,5518,13267.620514,MLP,100,0.5,48,0.48,20,262.792,2.6279199999999996,380529.0876434595,
6,5519,13267.944327,AB,8,0.05,2,0.25,17,8169.075,1021.134375,979.3030422661072,
6,5520,13276.159829,RF,32,0.0,0,0.0,17,3244.443,101.38884375,9863.018089699834,
6,5521,13279.447995,GB,1,0.5,0,0.0,4,250.234,250.234,3996.259501106964,4.0
6,5522,13292.898923,RF,64,0.0,0,0.0,12,3450.185,53.909140625,18549.729942017602,
6,5523,13296.421844,GB,16,0.5,11,0.6875,25,267.1,16.69375,59902.658180456754,
6,5524,13296.771151,RF,100,0.01,1,0.01,16,3451.307,34.51307,28974.53051843838,
6,5525,13300.295883,NB,64,0.5,33,0.515625,1,150.291,2.348296875,425840.53602677473,
6,5526,13300.514307,SGD,64,0.05,3,0.046875,15,187.329,2.927015625,341644.91349444026,
6,5527,13300.764064,RF,16,0.5,7,0.4375,8,3094.516,193.40725,5170.436992408506,
6,5528,13303.899011,GB,1,1.0,1,1.0,9,220.76,220.76,4529.80612429788,4.0
6,5529,13316.606636,RF,16,0.1,1,0.0625,10,3086.467,192.9041875,5183.9206445427735,
6,5530,13319.775209,NB,100,0.1,5,0.05,3,157.879,1.57879,633396.4618473642,
6,5531,13319.989237,NB,8,0.5,3,0.375,21,108.993,13.624125,73399.2091235217,
6,5532,13320.157239,DT,32,0.1,3,0.09375,20,93.735,2.92921875,341387.95540619834,
6,5533,13320.321998,DT,100,0.1,12,0.12,3,95.22,0.9521999999999999,1050199.5379122032,
6,5534,13320.481213,NB,64,0.05,3,0.046875,1,132.423,2.069109375,483299.7288990583,
6,5535,13320.677687,LoR,64,0.1,9,0.140625,24,172.578,2.69653125,370846.80550243944,
6,5536,13320.889371,AB,8,0.05,0,0.0,16,7789.1,973.6375,1027.0762989305567,
6,5537,13328.720378,GB,1,0.05,0,0.0,23,197.31,197.31,5068.166844052506,4.0
6,5538,13341.322914,MLP,32,0.05,2,0.0625,4,215.318,6.7286875,148617.39380822782,
6,5539,13341.599153,NB,100,1.0,100,1.0,9,167.768,1.67768,596061.2274092794,
6,5540,13341.823741,RF,8,0.05,1,0.125,27,3052.677,381.584625,2620.6506616979127,
6,5541,13344.950213,AB,64,0.5,35,0.546875,14,8215.17,128.36203125,7790.4656872590585,
6,5542,13353.20456,SGD,1,1.0,1,1.0,18,149.818,149.818,6674.765381996823,
6,5543,13353.503895,GB,1,1.0,1,1.0,10,238.918,238.918,4185.5364602081045,4.0
6,5544,13366.045364,GB,8,1.0,8,1.0,6,209.153,26.144125,38249.51112343596,
6,5545,13366.351323,DT,64,0.5,38,0.59375,6,93.084,1.4544375,687551.0291779467,
6,5546,13366.499296,LoR,8,0.5,6,0.75,14,154.871,19.358875,51655.89426038445,
6,5547,13366.726311,LoR,64,0.5,25,0.390625,20,157.126,2.45509375,407316.42121609405,
6,5548,13366.920105,DT,1,0.0,0,0.0,23,83.404,83.404,11989.832621936599,16.0
6,5549,13367.2086,RF,32,0.01,1,0.03125,1,3283.073,102.59603125,9746.965723881254,
6,5550,13370.556523,MLP,16,0.05,2,0.125,2,199.566,12.472875,80173.9775312428,
6,5551,13370.827475,LoR,64,0.01,1,0.015625,4,161.808,2.52825,395530.50529022055,
6,5552,13371.026012,RF,1,1.0,1,1.0,26,2975.898,2975.898,336.0330226372006,7.49
6,5553,13386.648093,GB,1,1.0,1,1.0,21,207.114,207.114,4828.258833299536,4.0
6,5554,13399.479396,DT,8,0.1,0,0.0,20,87.29,10.91125,91648.52789552067,
6,5555,13399.605785,MLP,8,0.0,0,0.0,29,181.918,22.73975,43975.85725436735,
6,5556,13399.825505,MLP,1,1.0,1,1.0,9,159.273,159.273,6278.528061881173,
6,5557,13400.138079,NB,8,0.01,0,0.0,9,111.146,13.89325,71977.39909668364,
6,5558,13400.287801,DT,1,0.01,0,0.0,4,84.08,84.08,11893.434823977164,16.0
6,5559,13400.549922,MLP,1,0.01,0,0.0,12,165.208,165.208,6052.975642826013,
6,5560,13400.868259,MLP,64,1.0,64,1.0,2,200.927,3.139484375,318523.64291508857,
6,5561,13401.10911,GB,1,0.1,0,0.0,1,203.137,203.137,4922.786100021168,4.0
6,5562,13413.784413,DT,32,0.01,0,0.0,0,120.596,3.768625,265348.7677866596,
6,5563,13413.992437,AB,64,0.05,7,0.109375,1,8530.68,133.291875,7502.332756591502,
6,5564,13422.618121,NB,64,0.1,7,0.109375,18,143.226,2.23790625,446846.24300057255,
6,5565,13422.838078,DT,100,0.5,58,0.58,13,97.529,0.97529,1025336.053891663,
6,5566,13422.972096,SGD,8,0.0,0,0.0,7,169.833,21.229125,47105.09736034811,
6,5567,13423.18569,GB,1,0.5,1,1.0,24,238.244,238.244,4197.3774785514015,4.0
6,5568,13435.924595,DT,32,0.05,2,0.0625,10,90.106,2.8158125,355137.2827558653,
6,5569,13436.053954,LoR,16,0.0,0,0.0,22,158.865,9.9290625,100714.44308060303,
6,5570,13436.26867,RF,100,1.0,100,1.0,21,3404.787,34.047869999999996,29370.412892201482,
6,5571,13439.720527,DT,32,0.0,0,0.0,6,93.172,2.911625,343450.8221354055,
6,5572,13439.862643,MLP,64,1.0,64,1.0,25,233.784,3.652875,273756.97224788694,
6,5573,13440.139983,MLP,16,0.01,0,0.0,10,177.641,11.1025625,90069.29706542972,
6,5574,13440.367704,LoR,64,1.0,64,1.0,24,155.522,2.43003125,411517.3415979733,
6,5575,13440.600485,LoR,100,0.01,1,0.01,23,159.635,1.59635,626429.0412503524,
6,5576,13440.796361,GB,1,0.0,0,0.0,7,209.909,209.909,4763.969148535794,4.0
6,5577,13453.54992,SGD,8,0.05,0,0.0,25,197.202,24.65025,40567.53988296265,
6,5578,13453.797837,LoR,64,0.0,0,0.0,23,154.988,2.4216875,412935.19498283736,
6,5579,13453.990155,LoR,1,0.0,0,0.0,15,139.083,139.083,7189.951324029536,
6,5580,13454.290573,GB,64,0.01,0,0.0,14,269.246,4.20696875,237700.83863827135,
6,5581,13454.623952,NB,32,0.05,2,0.0625,8,124.267,3.88334375,257510.0388679215,
6,5582,13454.822393,SGD,100,0.01,2,0.02,21,170.868,1.70868,585247.0913219561,
6,5583,13455.053089,DT,32,0.5,17,0.53125,1,89.999,2.81246875,355559.50621673575,
6,5584,13455.207688,RF,64,0.5,32,0.5,2,3385.023,52.890984375,18906.813927113642,
6,5585,13458.672161,LoR,16,1.0,16,1.0,9,161.614,10.100875,99001.32414271041,
6,5586,13458.88469,LoR,64,1.0,64,1.0,9,156.867,2.451046875,407988.93330018426,
6,5587,13459.102894,NB,8,0.05,1,0.125,1,109.018,13.62725,73382.37722211011,
6,5588,13459.27148,AB,32,0.1,4,0.125,28,8071.67,252.2396875,3964.483186255137,
6,5589,13467.403544,LoR,100,0.0,0,0.0,21,164.894,1.64894,606450.2043737188,
6,5590,13467.663429,RF,100,0.01,2,0.02,20,3499.77,34.9977,28573.306245839012,
6,5591,13471.205041,MLP,8,1.0,8,1.0,8,192.042,24.00525,41657.55407671238,
6,5592,13471.462284,RF,32,0.5,17,0.53125,23,3207.858,100.2455625,9975.503903227636,
6,5593,13474.712625,MLP,8,1.0,8,1.0,1,186.347,23.293375,42930.66161515882,
6,5594,13474.964235,NB,32,0.1,3,0.09375,25,121.897,3.80928125,262516.7149314585,
6,5595,13475.12444,LoR,1,0.1,0,0.0,4,147.436,147.436,6782.603977318972,
6,5596,13475.432646,DT,32,1.0,32,1.0,13,88.72,2.7725,360685.3020739405,
6,5597,13475.562431,AB,8,0.05,0,0.0,6,7914.733,989.341625,1010.7731998034551,
6,5598,13483.519572,DT,1,0.1,0,0.0,1,77.78,77.78,12856.775520699408,16.0
6,5599,13483.783711,GB,32,1.0,32,1.0,17,235.608,7.36275,135818.81769719193,
6,5600,13484.079464,LoR,8,0.05,1,0.125,21,154.84,19.355,51666.236114699044,
6,5601,13484.28069,NB,32,0.01,0,0.0,9,118.68,3.70875,269632.62554769125,
6,5602,13484.456569,GB,16,0.5,5,0.3125,17,216.038,13.502375,74061.04481618974,
6,5603,13484.718888,SGD,32,0.01,0,0.0,5,158.979,4.96809375,201284.44637342036,
6,5604,13484.920498,AB,32,0.0,0,0.0,21,8027.3,250.853125,3986.396422209211,
6,5605,13493.021143,SGD,64,0.05,3,0.046875,24,160.416,2.5065,398962.6969878317,
6,5606,13493.227208,AB,32,0.01,0,0.0,5,8079.807,252.49396875,3960.490640432377,
6,5607,13501.378471,AB,64,0.05,4,0.0625,18,8736.392,136.506125,7325.678609659457,
6,5608,13510.173911,NB,1,0.0,0,0.0,20,114.206,114.206,8756.107384900968,
6,5609,13510.342648,MLP,1,0.1,0,0.0,6,195.763,195.763,5108.217589636448,
6,5610,13510.698747,MLP,1,0.0,0,0.0,6,156.434,156.434,6392.472224708184,
6,5611,13510.996789,GB,1,1.0,1,1.0,29,243.081,243.081,4113.855052431083,4.0
6,5612,13524.012197,SGD,32,0.5,19,0.59375,19,170.174,5.3179375,188042.82675379317,
6,5613,13524.237898,NB,64,0.05,0,0.0,12,135.815,2.122109375,471229.2456650591,
6,5614,13524.430547,RF,8,0.5,6,0.75,15,3187.087,398.385875,2510.129155558038,
6,5615,13527.660915,MLP,8,1.0,8,1.0,13,197.447,24.680875,40517.20208461005,
6,5616,13527.901459,SGD,16,0.0,0,0.0,26,157.564,9.84775,101546.03843517555,
6,5617,13528.118741,MLP,8,0.1,2,0.25,1,173.659,21.707375,46067.292797954615,
6,5618,13528.335476,GB,16,0.01,0,0.0,16,228.867,14.3041875,69909.59815089114,
6,5619,13528.608662,LoR,16,0.05,0,0.0,27,157.94,9.87125,101304.2927694061,
6,5620,13528.818697,LoR,64,0.01,0,0.0,20,158.539,2.477171875,403686.15924157464,
6,5621,13529.017802,RF,16,0.0,0,0.0,13,3180.201,198.7625625,5031.128535586273,
6,5622,13532.244994,NB,16,0.01,0,0.0,8,123.186,7.699125,129884.88951666585,
6,5623,13532.406137,LoR,1,0.0,0,0.0,17,154.184,154.184,6485.757277019665,
6,5624,13532.713903,RF,16,0.01,0,0.0,25,3123.769,195.2355625,5122.017665198676,
6,5625,13535.914109,RF,64,0.1,10,0.15625,10,3307.099,51.673421875,19352.308473378027,
6,5626,13539.285812,AB,8,0.1,1,0.125,24,8032.409,1004.051125,995.9652203965212,
6,5627,13547.362559,DT,16,0.0,0,0.0,11,83.058,5.191125,192636.4708998531,
6,5628,13547.506639,MLP,16,0.5,9,0.5625,27,187.585,11.7240625,85294.66641789055,
6,5629,13547.736667,RF,8,0.01,0,0.0,12,3095.614,386.95175,2584.3015311340496,
6,5630,13550.908048,AB,64,0.5,31,0.484375,11,8738.038,136.53184375,7324.2986583487045,
6,5631,13559.729372,SGD,32,0.5,19,0.59375,26,180.158,5.6299375,177621.8652516125,
6,5632,13559.948896,GB,1,0.0,0,0.0,15,243.26,243.26,4110.827920743238,4.0
6,5633,13572.94041,RF,16,0.0,0,0.0,19,3229.965,201.8728125,4953.614048449441,
6,5634,13576.237085,GB,16,0.05,2,0.125,19,242.074,15.129625,66095.4914612887,
6,5635,13576.536647,DT,64,0.01,0,0.0,1,97.71,1.52671875,654999.4882816498,
6,5636,13576.680196,MLP,32,0.01,0,0.0,6,219.531,6.86034375,145765.29055122056,
6,5637,13576.964,NB,16,0.5,8,0.5,16,122.552,7.6595,130556.82485801945,
6,5638,13577.123422,GB,8,0.0,0,0.0,16,216.776,27.097,36904.454367642174,
6,5639,13577.410597,LoR,64,0.5,37,0.578125,3,170.785,2.668515625,374740.1703896712,
6,5640,13577.677947,RF,8,0.5,5,0.625,11,3121.984,390.248,2562.4730940325126,
6,5641,13580.843132,LoR,8,1.0,8,1.0,15,163.184,20.398,49024.41415825081,
6,5642,13581.047999,GB,16,0.0,0,0.0,13,218.013,13.6258125,73390.11893786151,
6,5643,13581.331478,DT,32,0.5,15,0.46875,27,91.99,2.8746875,347863.8982498098,
6,5644,13581.479859,GB,8,0.05,1,0.125,26,255.8,31.975,31274.433150899138,
6,5645,13581.814436,AB,100,0.05,5,0.05,7,8697.623,86.97623,11497.394173097638,
6,5646,13590.554647,LoR,1,0.5,1,1.0,9,147.912,147.912,6760.776678024771,
6,5647,13590.884716,LoR,32,0.01,1,0.03125,17,152.045,4.75140625,210464.0073662403,
6,5648,13591.094424,GB,8,0.1,1,0.125,28,213.682,26.71025,37438.81094336444,
6,5649,13591.386016,AB,100,0.01,3,0.03,28,8687.112,86.87111999999999,11511.3054833413,
6,5650,13600.113905,NB,1,1.0,1,1.0,25,104.983,104.983,9525.351723612393,
6,5651,13600.267724,RF,1,0.1,0,0.0,2,3039.902,3039.902,328.95797298728706,9.99
6,5652,13617.111331,RF,1,0.5,1,1.0,2,3276.178,3276.178,305.23372051213335,6.9
6,5653,13633.259232,NB,64,1.0,64,1.0,2,150.186,2.34665625,426138.2552301812,
6,5654,13633.475682,GB,32,0.5,14,0.4375,10,316.279,9.88371875,101176.49290657933,
6,5655,13633.833393,DT,1,0.01,0,0.0,11,88.95,88.95,11242.270938729624,14.0
6,5656,13634.125101,DT,100,0.0,0,0.0,6,96.741,0.96741,1033687.888279013,
6,5657,13634.261346,MLP,16,0.0,0,0.0,10,216.979,13.5611875,73739.85500901009,
6,5658,13634.516537,LoR,1,1.0,1,1.0,11,150.737,150.737,6634.071263193509,
6,5659,13634.82238,AB,16,0.01,0,0.0,23,7883.036,492.68975,2029.6748613097795,
6,5660,13642.748982,LoR,8,0.05,0,0.0,12,146.836,18.3545,54482.55196273393,
6,5661,13642.969852,RF,100,1.0,100,1.0,12,3761.362,37.61362,26586.114285197757,
6,5662,13646.802112,MLP,64,1.0,64,1.0,15,263.686,4.12009375,242712.92370470942,
6,5663,13647.121339,AB,64,0.0,0,0.0,4,8311.842,129.87253125,7699.857624820105,
6,5664,13655.502708,SGD,32,0.05,2,0.0625,18,160.131,5.00409375,199836.38396063223,
6,5665,13655.71328,RF,64,0.0,0,0.0,7,3453.24,53.956875,18533.31943334376,
6,5666,13659.241254,GB,64,0.1,4,0.0625,27,299.374,4.67771875,213779.41972248757,
6,5667,13659.581504,DT,8,0.0,0,0.0,14,91.266,11.40825,87655.86308154186,
6,5668,13659.718149,LoR,32,0.01,0,0.0,12,162.058,5.0643125,197460.16858161893,
6,5669,13659.920305,RF,1,0.05,0,0.0,19,3043.621,3043.621,328.55601929412364,9.99
6,5670,13675.714891,AB,100,0.1,15,0.15,0,8558.124,85.58124,11684.803819154758,
6,5671,13684.317373,GB,8,0.05,0,0.0,25,218.751,27.343875,36571.261388519364,
6,5672,13684.59529,AB,8,0.5,5,0.625,21,7862.22,982.7775,1017.5243124715411,
6,5673,13692.51834,DT,8,0.5,6,0.75,16,81.097,10.137125,98647.29891364663,
6,5674,13692.635564,NB,1,1.0,1,1.0,17,106.155,106.155,9420.187461730487,
6,5675,13692.813011,SGD,32,0.5,15,0.46875,5,158.867,4.96459375,201426.350343369,
6,5676,13693.030293,NB,16,0.01,1,0.0625,29,109.89,6.868125,145600.1456001456,
6,5677,13693.19411,DT,64,1.0,64,1.0,4,91.562,1.43065625,698979.9261702453,
6,5678,13693.33237,MLP,64,1.0,64,1.0,4,221.135,3.455234375,289415.9676215886,
6,5679,13693.641922,AB,32,0.1,3,0.09375,4,8438.588,263.705875,3792.103607854774,
6,5680,13702.185722,DT,32,0.05,2,0.0625,18,114.418,3.5755625,279676.2747120208,
6,5681,13702.388907,SGD,16,0.5,7,0.4375,11,178.947,11.1841875,89411.94878930633,
6,5682,13702.652287,RF,100,0.5,47,0.47,23,3760.881,37.60881,26589.51453130264,
6,5683,13706.517954,LoR,32,0.1,4,0.125,20,227.091,7.09659375,140912.67377394965,
6,5684,13706.815639,DT,100,0.0,0,0.0,16,112.464,1.12464,889173.424384692,
6,5685,13706.994216,DT,32,0.5,15,0.46875,28,91.021,2.84440625,351567.2207512552,
6,5686,13707.142239,DT,100,0.0,0,0.0,21,98.112,0.98112,1019243.3137638618,
6,5687,13707.316452,DT,100,0.0,0,0.0,26,94.877,0.94877,1053996.2266935084,
6,5688,13707.461502,NB,64,0.0,0,0.0,15,155.893,2.435828125,410537.9972160392,
6,5689,13707.667111,NB,64,0.01,0,0.0,10,131.913,2.061140625,485168.2548346258,
6,5690,13707.854683,SGD,8,0.1,2,0.25,20,163.469,20.433625,48938.94255179881,
6,5691,13708.111711,NB,100,0.01,0,0.0,7,147.682,1.4768199999999998,677130.5914058586,
6,5692,13708.327321,SGD,64,0.01,1,0.015625,25,165.747,2.589796875,386130.669031717,
6,5693,13708.551801,NB,16,0.1,2,0.125,18,112.965,7.0603125,141636.79015624308,
6,5694,13708.733945,GB,64,0.5,36,0.5625,15,310.756,4.8555625,205949.36220056895,
6,5695,13709.083954,RF,1,0.0,0,0.0,26,3124.324,3124.324,320.0692373774295,10.11
6,5696,13725.429583,MLP,8,0.1,0,0.0,21,251.945,31.493125,31752.961955982457,
6,5697,13725.75469,NB,32,0.05,2,0.0625,17,138.738,4.3355625,230650.57878879615,
6,5698,13725.948113,RF,64,0.0,0,0.0,27,3728.864,58.2635,17163.404189586963,
6,5699,13729.767247,DT,16,0.5,10,0.625,9,118.687,7.4179375,134808.36148862133,
6,5700,13729.927543,LoR,8,0.01,0,0.0,24,180.881,22.610125,44227.97308727838,
6,5701,13730.169045,DT,100,0.0,0,0.0,27,97.602,0.97602,1024569.1686645765,
6,5702,13730.325189,GB,16,0.5,10,0.625,26,264.447,16.5279375,60503.6169818527,
6,5703,13730.640823,GB,64,1.0,64,1.0,5,278.855,4.357109375,229509.96037367088,
6,5704,13730.973141,RF,8,1.0,8,1.0,9,3162.001,395.250125,2530.0434756345744,
6,5705,13734.179301,DT,1,0.05,0,0.0,17,92.391,92.391,10823.565065861392,16.0
6,5706,13734.520234,DT,100,0.05,1,0.01,8,103.298,1.03298,968072.9539778117,
6,5707,13734.708624,RF,100,0.5,50,0.5,11,3528.074,35.28074,28344.076683198822,
6,5708,13738.284482,RF,32,1.0,32,1.0,28,3124.571,97.64284375,10241.405940207473,
6,5709,13741.483829,GB,64,0.1,3,0.046875,18,305.319,4.770609375,209616.82699078668,
6,5710,13741.851166,AB,8,0.05,1,0.125,3,8117.677,1014.709625,985.5036114395781,
6,5711,13750.012308,MLP,16,0.0,0,0.0,3,209.256,13.0785,76461.36789387162,
6,5712,13750.264535,SGD,16,0.0,0,0.0,6,154.877,9.6798125,103307.78617870955,
6,5713,13750.459881,MLP,16,0.0,0,0.0,16,182.654,11.415875,87597.31514229088,
6,5714,13750.704213,DT,100,1.0,100,1.0,23,94.724,0.9472400000000001,1055698.6613740972,
6,5715,13750.837092,GB,8,0.0,0,0.0,20,214.885,26.860625,37229.21562696326,
6,5716,13751.114077,AB,16,0.01,1,0.0625,15,7993.595,499.5996875,2001.6025330280054,
6,5717,13759.150503,DT,1,0.1,0,0.0,13,80.445,80.445,12430.853378084406,16.0
6,5718,13759.435864,LoR,64,0.0,0,0.0,0,167.343,2.614734375,382448.02591085376,
6,5719,13759.675161,DT,64,0.01,1,0.015625,24,91.946,1.43665625,696060.7312988058,
6,5720,13759.805696,GB,1,0.1,0,0.0,18,200.922,200.922,4977.055772886991,4.0
6,5721,13772.626188,GB,8,0.1,0,0.0,3,214.836,26.8545,37237.70690200897,
6,5722,13772.882115,SGD,8,0.0,0,0.0,10,158.838,19.85475,50365.781488057015,
6,5723,13773.098113,DT,100,0.0,0,0.0,3,95.931,0.95931,1042415.9030970177,
6,5724,13773.243,LoR,64,0.0,0,0.0,20,162.226,2.53478125,394511.36069434,
6,5725,13773.46515,NB,100,0.01,0,0.0,15,179.416,1.79416,557363.8917376377,
6,5726,13773.694388,DT,1,1.0,1,1.0,8,90.222,90.222,11083.771142293455,4.0
6,5727,13774.00682,MLP,100,0.5,56,0.56,23,245.68,2.4568,407033.53956366004,
6,5728,13774.293159,NB,8,0.0,0,0.0,26,110.738,13.84225,72242.5906192996,
6,5729,13774.465837,DT,32,0.05,1,0.03125,28,92.835,2.90109375,344697.5817310282,
6,5730,13774.618691,DT,32,0.5,19,0.59375,5,87.771,2.74284375,364585.113534083,
6,5731,13774.760873,DT,100,1.0,100,1.0,12,91.187,0.91187,1096647.5484444054,
6,5732,13774.905891,DT,100,1.0,100,1.0,2,90.078,0.90078,1110148.9819933835,
6,5733,13775.036213,RF,32,0.0,0,0.0,26,3260.886,101.9026875,9813.283874382607,
6,5734,13778.37999,LoR,100,0.1,13,0.13,3,182.874,1.82874,546824.5896081455,
6,5735,13778.603546,NB,8,1.0,8,1.0,3,113.304,14.163,70606.50992021464,
6,5736,13778.792417,GB,100,0.1,8,0.08,1,292.929,2.92929,341379.65172447934,
6,5737,13779.164977,GB,100,0.01,1,0.01,12,286.271,2.8627100000000003,349319.35124410084,
6,5738,13779.496364,RF,16,0.01,0,0.0,23,3194.313,199.6445625,5008.901757592321,
6,5739,13782.752158,SGD,100,1.0,100,1.0,5,183.512,1.83512,544923.4927416191,
6,5740,13782.981847,MLP,32,0.0,0,0.0,29,197.128,6.16025,162331.0742258837,
6,5741,13783.220323,AB,1,0.1,0,0.0,22,7738.176,7738.176,129.22942047324847,2.0
6,5742,13803.745804,LoR,16,0.1,0,0.0,9,160.755,10.0471875,99530.34120245093,
6,5743,13803.948719,DT,8,0.01,0,0.0,25,87.192,10.899,91751.53683824204,
6,5744,13804.104521,DT,64,0.05,4,0.0625,23,91.062,1.42284375,702817.8603588764,
6,5745,13804.249893,GB,100,1.0,100,1.0,29,282.445,2.82445,354051.23121315654,
6,5746,13804.573492,LoR,1,0.05,0,0.0,17,157.54,157.54,6347.594261774788,
6,5747,13804.930179,MLP,100,0.1,9,0.09,12,241.006,2.41006,414927.4291926342,
6,5748,13805.21524,NB,32,0.0,0,0.0,4,122.85,3.8390625,260480.2604802605,
6,5749,13805.378461,GB,8,0.05,0,0.0,3,225.876,28.2345,35417.66278843259,
6,5750,13805.718089,AB,100,0.5,52,0.52,15,8680.435,86.80435,11520.15999198197,
6,5751,13814.445639,RF,32,1.0,32,1.0,3,3154.287,98.57146875,10144.92340107289,
6,5752,13817.681803,SGD,32,1.0,32,1.0,27,172.109,5.37840625,185928.68472886368,
6,5753,13817.898607,DT,16,0.05,0,0.0,7,90.21,5.638125,177363.92861101875,
6,5754,13818.038438,MLP,64,0.0,0,0.0,22,216.163,3.377546875,296072.8709353589,
6,5755,13818.319523,DT,32,0.01,2,0.0625,23,90.856,2.83925,352205.6881218632,
6,5756,13818.446807,LoR,1,0.0,0,0.0,10,149.249,149.249,6700.212396732976,
6,5757,13818.773054,SGD,16,0.1,4,0.25,25,152.082,9.505125,105206.40180955011,
6,5758,13818.965638,SGD,16,0.0,0,0.0,10,147.153,9.1970625,108730.36907164652,
6,5759,13819.188343,MLP,100,0.05,4,0.04,8,228.903,2.28903,436866.2708658253,
6,5760,13819.494783,AB,100,0.1,7,0.07,20,8642.467,86.42467,11570.770244190691,
6,5761,13828.181026,DT,16,1.0,16,1.0,21,81.567,5.0979375,196157.7598783822,
6,5762,13828.300445,NB,1,0.0,0,0.0,10,103.985,103.985,9616.771649757176,
6,5763,13828.472058,AB,100,0.01,0,0.0,9,8619.409,86.19409,11601.723505637105,
6,5764,13837.159052,RF,32,0.1,2,0.0625,17,3276.843,102.40134375,9765.496851695367,
6,5765,13840.48046,MLP,16,0.0,0,0.0,0,196.523,12.2826875,81415.4068480534,
6,5766,13840.738484,GB,100,0.01,0,0.0,25,290.827,2.90827,343847.02933359006,
6,5767,13841.06927,RF,1,0.0,0,0.0,17,3070.67,3070.67,325.66182624638924,9.99
6,5768,13856.887056,MLP,1,1.0,1,1.0,24,175.89,175.89,5685.371539030076,
6,5769,13857.235966,MLP,16,0.05,1,0.0625,7,177.273,11.0795625,90256.27140060811,
6,5770,13857.474436,AB,16,0.05,1,0.0625,0,8004.379,500.2736875,1998.9058489109525,
6,5771,13865.519405,GB,1,0.0,0,0.0,17,208.268,208.268,4801.5057522038915,4.0
6,5772,13878.288921,NB,16,1.0,16,1.0,5,119.128,7.4455,134309.31435095024,
6,5773,13878.485432,SGD,100,0.1,10,0.1,21,175.93,1.7593,568407.8895015062,
6,5774,13878.699063,NB,1,1.0,1,1.0,5,101.538,101.538,9848.529614528552,
6,5775,13878.8716,RF,32,0.1,4,0.125,0,3205.891,100.18409375,9981.624453233126,
6,5776,13882.153019,NB,64,0.5,36,0.5625,27,141.226,2.20665625,453174.3446674125,
6,5777,13882.354612,SGD,100,1.0,100,1.0,18,178.521,1.78521,560158.1886724811,
6,5778,13882.603399,RF,64,0.5,33,0.515625,10,3349.978,52.34340625,19104.603075005267,
6,5779,13886.021917,LoR,32,0.1,3,0.09375,15,169.698,5.3030625,188570.2836804205,
6,5780,13886.230218,DT,1,1.0,1,1.0,29,87.394,87.394,11442.433118978419,16.0
6,5781,13886.509048,SGD,32,0.0,0,0.0,29,162.664,5.08325,196724.53646781098,
6,5782,13886.716143,GB,32,0.0,0,0.0,18,232.923,7.27884375,137384.45752458967,
6,5783,13887.006765,LoR,100,0.0,0,0.0,12,172.22,1.7222,580652.6535826268,
6,5784,13887.219651,MLP,16,0.0,0,0.0,14,182.184,11.3865,87823.29952136302,
6,5785,13887.480107,RF,100,0.05,3,0.03,25,3476.949,34.76949,28760.847513150176,
6,5786,13891.023028,NB,16,0.1,3,0.1875,0,124.309,7.7693125,128711.51726745449,
6,5787,13891.219581,NB,64,0.5,34,0.53125,19,135.732,2.1208125,471517.4019391153,
6,5788,13891.396649,AB,16,0.01,0,0.0,6,8100.332,506.27075,1975.2276820258724,
6,5789,13899.541671,AB,8,0.1,0,0.0,7,7866.692,983.3365,1016.9458776319195,
6,5790,13907.471897,GB,16,0.1,2,0.125,29,220.775,13.7984375,72471.97372890952,
6,5791,13907.762413,LoR,64,0.05,3,0.046875,6,168.762,2.63690625,379232.29162963224,
6,5792,13907.979797,RF,64,1.0,64,1.0,13,3206.308,50.0985625,19960.652563633936,
6,5793,13911.229807,SGD,1,0.0,0,0.0,4,160.444,160.444,6232.704245718132,
6,5794,13911.543774,NB,16,1.0,16,1.0,12,114.048,7.128,140291.80695847364,
6,5795,13911.719707,LoR,32,0.1,2,0.0625,16,155.281,4.85253125,206078.01340795073,
6,5796,13911.916488,SGD,16,0.05,0,0.0,22,148.691,9.2931875,107605.70579254965,
6,5797,13912.107199,AB,1,0.1,0,0.0,20,7551.157,7551.157,132.43003688044098,2.0
6,5798,13932.830916,LoR,1,0.1,0,0.0,10,172.357,172.357,5801.911149532656,
6,5799,13933.181806,RF,100,0.0,0,0.0,2,3586.036,35.86036,27885.944257112867,
6,5800,13936.833239,RF,8,0.5,3,0.375,2,3229.485,403.685625,2477.1751533139186,
6,5801,13940.180171,NB,100,0.01,1,0.01,5,229.766,2.29766,435225.40323633613,
6,5802,13940.543976,GB,100,0.05,6,0.06,27,400.177,4.0017700000000005,249889.423929911,
6,5803,13941.02819,SGD,100,0.1,8,0.08,25,206.823,2.0682300000000002,483505.21943884384,
6,5804,13941.290904,DT,64,0.01,0,0.0,9,101.655,1.588359375,629580.4436574689,
6,5805,13941.471338,SGD,100,0.05,4,0.04,13,212.25,2.1225,471142.5206124853,
6,5806,13941.784169,GB,100,0.1,9,0.09,7,302.316,3.02316,330779.71394170343,
6,5807,13942.150512,LoR,32,0.5,12,0.375,12,164.922,5.1538125,194031.11774050765,
6,5808,13942.354819,AB,16,0.0,0,0.0,7,8030.411,501.9006875,1992.4260414566577,
6,5809,13950.451425,MLP,32,0.1,6,0.1875,7,210.07,6.5646875,152330.1756557338,
6,5810,13950.731992,DT,64,0.5,29,0.453125,1,92.671,1.447984375,690615.1870595979,
6,5811,13950.880849,LoR,8,0.05,1,0.125,28,150.497,18.812125,53157.205791477565,
6,5812,13951.069804,MLP,1,0.1,0,0.0,0,161.396,161.396,6195.940419836923,
6,5813,13951.403256,SGD,8,0.5,4,0.5,1,147.046,18.38075,54404.744093684974,
6,5814,13951.58717,AB,1,0.0,0,0.0,19,7714.788,7714.788,129.62118984993495,2.0
6,5815,13971.825414,RF,8,0.0,0,0.0,27,3101.239,387.654875,2579.6141477648125,
6,5816,13974.973284,MLP,16,0.05,0,0.0,19,193.997,12.1248125,82475.5021984876,
6,5817,13975.211737,AB,16,0.01,0,0.0,16,7928.767,495.5479375,2017.968241468062,
6,5818,13983.179721,LoR,1,0.0,0,0.0,19,146.04,146.04,6847.439057792386,
6,5819,13983.481452,SGD,64,1.0,64,1.0,19,154.435,2.413046875,414413.83106161165,
6,5820,13983.70593,MLP,64,0.5,36,0.5625,19,208.009,3.250140625,307678.994658885,
6,5821,13983.984386,AB,64,0.05,3,0.046875,26,8262.8,129.10625,7745.558406351359,
6,5822,13992.289309,NB,1,0.1,0,0.0,8,105.035,105.035,9520.635978483362,
6,5823,13992.444465,DT,8,0.05,0,0.0,8,83.421,10.427625,95899.1141319332,
6,5824,13992.586524,NB,16,0.1,1,0.0625,21,110.834,6.927125,144360.03392460797,
6,5825,13992.734928,RF,16,1.0,16,1.0,14,3217.552,201.097,4972.72460553862,
6,5826,13995.997087,RF,8,0.05,0,0.0,12,3093.481,386.685125,2586.0834445079827,
6,5827,13999.13355,LoR,1,0.5,1,1.0,19,159.446,159.446,6271.715816012945,
6,5828,13999.444301,GB,8,0.01,0,0.0,23,239.602,29.95025,33388.70293236284,
6,5829,13999.728655,MLP,32,1.0,32,1.0,16,198.346,6.1983125,161334.2341161405,
6,5830,13999.99754,MLP,64,0.05,2,0.03125,2,204.144,3.18975,313504.19311858295,
6,5831,14000.270509,AB,64,0.1,8,0.125,23,8242.84,128.794375,7764.314241208127,
6,5832,14008.572261,NB,64,0.01,0,0.0,29,134.585,2.102890625,475535.9066760783,
6,5833,14008.785688,DT,100,0.05,4,0.04,13,97.452,0.9745199999999999,1026146.2053113328,
6,5834,14008.967532,MLP,100,0.5,47,0.47,25,239.801,2.3980099999999998,417012.43948106974,
6,5835,14009.247929,LoR,8,0.0,0,0.0,21,150.084,18.7605,53303.48338263905,
6,5836,14009.447416,AB,64,0.0,0,0.0,10,8399.657,131.244640625,7619.3587428629535,
6,5837,14017.915523,NB,32,0.5,17,0.53125,23,123.295,3.85296875,259540.12733687498,
6,5838,14018.082226,SGD,32,0.0,0,0.0,7,159.965,4.99890625,200043.75957240647,
6,5839,14018.313765,GB,64,0.05,2,0.03125,17,266.377,4.162140625,240260.9834933196,
6,5840,14018.639488,NB,100,0.0,0,0.0,18,153.646,1.53646,650846.7516238627,
6,5841,14018.869093,GB,100,0.05,4,0.04,17,282.043,2.82043,354555.86559496244,
6,5842,14019.193209,MLP,1,0.05,0,0.0,18,177.777,177.777,5625.024609482667,
6,5843,14019.560058,DT,100,0.5,50,0.5,28,99.22,0.9922,1007861.3182826043,
6,5844,14019.702619,AB,32,1.0,32,1.0,0,8119.399,253.73121875,3941.1784049533712,
6,5845,14027.865292,GB,1,0.1,0,0.0,4,200.697,200.697,4982.635515229425,4.0
6,5846,14041.480797,RF,100,0.0,0,0.0,8,3749.578,37.495779999999996,26669.667893293594,
6,5847,14045.314965,GB,100,1.0,100,1.0,21,386.891,3.86891,258470.73206665443,
6,5848,14045.789435,MLP,100,0.5,50,0.5,0,288.16,2.8816,347029.4280955025,
6,5849,14046.139444,MLP,100,0.01,0,0.0,12,237.524,2.37524,421010.08740169415,
6,5850,14046.417932,RF,8,0.0,0,0.0,11,3140.525,392.565625,2547.3447910779246,
6,5851,14049.622288,NB,1,0.01,0,0.0,29,134.622,134.622,7428.206385286208,
6,5852,14049.807895,AB,1,0.1,0,0.0,25,8126.384,8126.384,123.05596191368757,2.0
6,5853,14071.806699,RF,100,1.0,100,1.0,29,3539.709,35.39709,28250.909891180323,
6,5854,14075.425575,GB,32,0.5,10,0.3125,18,323.718,10.1161875,98851.46948887612,
6,5855,14075.816737,LoR,32,0.05,2,0.0625,11,188.076,5.877375,170143.98434675345,
6,5856,14076.070234,AB,32,0.5,19,0.59375,9,8250.696,257.83425,3878.460677741611,
6,5857,14084.36734,LoR,32,0.0,0,0.0,27,162.244,5.070125,197233.79601094648,
6,5858,14084.584448,DT,64,0.01,0,0.0,13,92.144,1.43975,694565.0286508073,
6,5859,14084.719732,MLP,32,0.0,0,0.0,6,210.595,6.58109375,151950.4261734609,
6,5860,14085.000341,NB,64,0.01,2,0.03125,18,139.948,2.1866875,457312.71615171345,
6,5861,14085.176281,AB,1,1.0,1,1.0,22,7759.308,7759.308,128.87747206323039,2.0
6,5862,14105.803304,AB,64,0.1,6,0.09375,12,8407.26,131.3634375,7612.468271470134,
6,5863,14114.257761,AB,32,0.0,0,0.0,8,8105.935,253.31046875,3947.724722687759,
6,5864,14122.432762,SGD,32,0.01,2,0.0625,25,163.533,5.11040625,195679.1595580097,
6,5865,14122.634669,MLP,1,0.0,0,0.0,16,167.89,167.89,5956.28089820716,
6,5866,14122.983669,AB,16,0.5,8,0.5,29,8038.967,502.4354375,1990.3054708397237,
6,5867,14131.096559,GB,64,0.05,2,0.03125,26,280.732,4.3864375,227975.43564680903,
6,5868,14131.420843,LoR,16,1.0,16,1.0,16,164.145,10.2590625,97474.79362758536,
6,5869,14131.656598,NB,64,0.1,8,0.125,11,138.312,2.161125,462721.9619411186,
6,5870,14131.835306,MLP,8,0.05,0,0.0,6,181.302,22.66275,44125.271646203575,
6,5871,14132.094542,DT,100,0.1,9,0.09,26,99.741,0.99741,1002596.7255190945,
6,5872,14132.236227,LoR,32,0.0,0,0.0,16,157.036,4.907375,203774.93058916426,
6,5873,14132.46229,LoR,64,0.01,1,0.015625,19,158.632,2.478625,403449.4931665742,
6,5874,14132.679527,SGD,16,0.1,3,0.1875,24,149.88,9.3675,106752.06832132374,
6,5875,14132.873611,SGD,32,0.05,0,0.0,7,149.646,4.6764375,213837.99099207466,
6,5876,14133.08499,DT,32,0.1,3,0.09375,3,92.817,2.90053125,344764.42893004516,
6,5877,14133.238078,DT,32,0.5,14,0.4375,9,87.254,2.7266875,366745.3641093818,
6,5878,14133.398438,LoR,100,0.05,3,0.03,12,168.105,1.68105,594866.3037982214,
6,5879,14133.64939,AB,8,0.5,4,0.5,23,7996.029,999.503625,1000.4966215105022,
6,5880,14141.723136,RF,100,0.0,0,0.0,25,3615.758,36.157579999999996,27656.718176382383,
6,5881,14145.391171,MLP,1,0.5,1,1.0,16,206.771,206.771,4836.268142050868,
6,5882,14145.797874,SGD,32,0.0,0,0.0,25,162.878,5.0899375,196466.06662655485,
6,5883,14146.006519,AB,32,0.0,0,0.0,24,8179.494,255.6091875,3912.2224430997812,
6,5884,14154.226842,SGD,1,0.0,0,0.0,24,151.92,151.92,6582.411795681938,
6,5885,14154.533577,SGD,16,0.0,0,0.0,16,147.782,9.236375,108267.58333220554,
6,5886,14154.7427,AB,8,0.5,2,0.25,27,7985.262,998.15775,1001.845650148987,
6,5887,14162.771798,NB,16,0.0,0,0.0,17,119.316,7.45725,134097.69016728687,
6,5888,14162.932234,GB,1,0.05,0,0.0,2,237.217,237.217,4215.5494757964225,4.0
6,5889,14175.967868,AB,32,0.01,1,0.03125,1,8176.878,255.5274375,3913.4740667526166,
6,5890,14184.208221,NB,8,0.5,3,0.375,16,114.124,14.2655,70099.1903543514,
6,5891,14184.361957,RF,1,0.5,1,1.0,16,3101.722,3101.722,322.40155629679253,8.27
6,5892,14200.42341,SGD,16,0.01,0,0.0,1,166.345,10.3965625,96185.63828188404,
6,5893,14200.654916,LoR,32,0.5,18,0.5625,8,159.128,4.97275,201095.97305313963,
6,5894,14200.854846,DT,16,1.0,16,1.0,28,88.187,5.5116875,181432.63746357174,
6,5895,14201.006141,MLP,32,0.1,1,0.03125,16,207.001,6.46878125,154588.62517572378,
6,5896,14201.285148,DT,64,0.1,6,0.09375,20,94.17,1.47140625,679621.9602845917,
6,5897,14201.446749,GB,64,0.5,28,0.4375,18,287.228,4.4879375,222819.50227693678,
6,5898,14201.799271,LoR,32,0.5,16,0.5,13,165.676,5.177375,193148.07214080496,
6,5899,14202.004629,SGD,1,0.5,1,1.0,0,148.235,148.235,6746.045131041926,
6,5900,14202.306394,MLP,8,0.05,0,0.0,28,176.57,22.07125,45307.80993373733,
6,5901,14202.543402,MLP,8,0.1,1,0.125,12,169.823,21.227875,47107.87113641851,
6,5902,14202.763815,RF,64,1.0,64,1.0,10,3286.385,51.349765625,19474.285575183672,
6,5903,14206.114043,RF,8,0.05,1,0.125,20,3045.825,380.728125,2626.546173860941,
6,5904,14209.209174,GB,32,0.01,0,0.0,10,240.372,7.511625,133126.98650425175,
6,5905,14209.509609,LoR,8,0.5,5,0.625,7,195.474,24.43425,40926.15897766455,
6,5906,14209.782856,AB,100,0.5,50,0.5,12,8562.1,85.62100000000001,11679.37772275493,
6,5907,14218.45514,AB,100,0.1,11,0.11,23,8400.255,84.00254999999999,11904.400521174655,
6,5908,14226.914536,SGD,100,0.0,0,0.0,27,168.357,1.68357,593975.8964581217,
6,5909,14227.122611,SGD,8,1.0,8,1.0,13,143.932,17.9915,55581.802517855656,
6,5910,14227.303817,DT,1,1.0,1,1.0,7,81.81,81.81,12223.44456667889,13.0
6,5911,14227.568684,GB,8,1.0,8,1.0,23,211.548,26.4435,37816.47663887156,
6,5912,14227.824713,LoR,16,0.0,0,0.0,29,152.303,9.5189375,105053.74155466406,
6,5913,14228.039727,MLP,32,0.5,17,0.53125,16,190.776,5.96175,167735.9835618736,
6,5914,14228.288398,NB,8,0.05,1,0.125,17,110.812,13.8515,72194.3471826156,
6,5915,14228.453281,LoR,100,1.0,100,1.0,20,163.783,1.63783,610563.9779464292,
6,5916,14228.656503,LoR,16,1.0,16,1.0,26,143.801,8.9875625,111264.87298419344,
6,5917,14228.858217,DT,100,1.0,100,1.0,24,92.178,0.9217799999999999,1084857.558202608,
6,5918,14229.005618,NB,100,1.0,100,1.0,2,144.455,1.4445500000000002,692257.1042885327,
6,5919,14229.197674,MLP,64,0.0,0,0.0,15,209.519,3.273734375,305461.55718574446,
6,5920,14229.470265,AB,32,0.5,15,0.46875,2,7971.789,249.11840625,4014.1554173097156,
6,5921,14237.507638,MLP,32,0.05,3,0.09375,2,222.227,6.94459375,143996.90406656257,
6,5922,14237.793896,GB,32,0.5,14,0.4375,0,233.059,7.28309375,137304.28775546106,
6,5923,14238.067523,NB,1,0.05,0,0.0,20,105.126,105.126,9512.394650229247,
6,5924,14238.219853,NB,8,1.0,8,1.0,20,106.695,13.336875,74980.0834153428,
6,5925,14238.381927,SGD,8,0.05,2,0.25,2,153.97,19.24625,51958.173670195494,
6,5926,14238.575966,LoR,8,0.01,0,0.0,13,145.671,18.208875,54918.27474239897,
6,5927,14238.794032,MLP,64,0.05,3,0.046875,25,207.212,3.2376875,308862.4210953034,
6,5928,14239.058863,MLP,8,0.5,3,0.375,23,167.867,20.983375,47656.77589996843,
6,5929,14239.301653,SGD,100,0.5,44,0.44,11,163.501,1.63501,611617.0543299429,
6,5930,14239.521815,RF,8,0.5,4,0.5,26,3067.647,383.455875,2607.8619867279385,
6,5931,14242.643203,RF,64,0.0,0,0.0,4,3339.851,52.185171875,19162.531502153837,
6,5932,14246.038358,RF,64,0.0,0,0.0,21,3224.981,50.390328125,19845.078157049607,
6,5933,14249.346022,DT,100,0.1,5,0.05,15,101.166,1.01166,988474.3886285906,
6,5934,14249.509879,AB,32,0.5,15,0.46875,22,8152.516,254.766125,3925.168622790805,
6,5935,14257.717132,GB,64,0.01,0,0.0,10,245.828,3.8410625,260344.63120555834,
6,5936,14258.004791,AB,1,0.05,0,0.0,11,7553.119,7553.119,132.39563682235115,2.0
6,5937,14278.355099,SGD,1,1.0,1,1.0,6,155.275,155.275,6440.186765416197,
6,5938,14278.693003,GB,64,0.05,2,0.03125,8,250.64,3.91625,255346.31343759975,
6,5939,14278.997776,MLP,64,0.01,0,0.0,19,220.918,3.45184375,289700.25077177957,
6,5940,14279.260555,DT,16,0.0,0,0.0,4,89.206,5.575375,179360.1327264982,
6,5941,14279.395308,AB,32,0.01,0,0.0,3,8066.819,252.08809375,3966.867237259197,
6,5942,14287.542208,GB,100,0.1,6,0.06,11,274.984,2.74984,363657.5218921828,
6,5943,14287.878082,SGD,16,0.5,9,0.5625,1,161.814,10.113375,98878.95979334298,
6,5944,14288.098804,AB,16,0.5,7,0.4375,1,8060.265,503.7665625,1985.046397357903,
6,5945,14296.211159,RF,64,0.0,0,0.0,15,3370.959,52.671234375,18985.69516864489,
6,5946,14299.66615,RF,100,0.01,1,0.01,10,3523.093,35.23093,28384.14995005809,
6,5947,14303.236913,SGD,16,0.0,0,0.0,11,178.175,11.1359375,89799.35456713905,
6,5948,14303.480142,RF,32,0.05,2,0.0625,0,3198.525,99.95390625,10004.611500613564,
6,5949,14306.73218,NB,64,1.0,64,1.0,9,147.476,2.3043125,433968.91697632155,
6,5950,14306.921622,DT,8,0.05,0,0.0,4,90.893,11.361625,88015.57875744006,
6,5951,14307.069849,GB,8,0.05,1,0.125,23,237.512,29.689,33682.50867324598,
6,5952,14307.366366,NB,8,0.1,1,0.125,20,113.111,14.138875,70726.98499703831,
6,5953,14307.536907,NB,100,0.01,0,0.0,6,144.291,1.44291,693043.918193096,
6,5954,14307.721743,RF,16,0.01,0,0.0,2,3080.411,192.5256875,5194.112084393933,
6,5955,14310.866944,NB,16,0.1,3,0.1875,10,121.152,7.572,132065.50449022715,
6,5956,14311.048979,RF,32,0.5,20,0.625,21,3212.34,100.385625,9961.585635393514,
6,5957,14314.303533,MLP,8,0.0,0,0.0,5,202.878,25.35975,39432.56538412248,
6,5958,14314.571271,MLP,32,0.1,5,0.15625,26,190.195,5.94359375,168248.37666605326,
6,5959,14314.838196,LoR,100,0.05,4,0.04,21,169.103,1.69103,591355.5643601828,
6,5960,14315.082509,RF,100,0.01,2,0.02,11,3505.72,35.057199999999995,28524.810880503865,
6,5961,14318.681496,DT,100,0.1,9,0.09,11,102.117,1.0211700000000001,979268.8778557929,
6,5962,14318.859368,DT,100,0.1,14,0.14,28,95.142,0.9514199999999999,1051060.5200647453,
6,5963,14319.014728,LoR,32,0.1,1,0.03125,3,196.085,6.12765625,163194.53298314507,
6,5964,14319.271732,RF,32,0.5,16,0.5,27,3182.342,99.4481875,10055.487436611149,
6,5965,14322.517337,SGD,8,0.1,2,0.25,24,163.624,20.453,48892.58299515964,
6,5966,14322.757119,RF,100,0.5,47,0.47,21,3399.525,33.99525,29415.874276553342,
6,5967,14326.201367,DT,8,0.05,0,0.0,17,93.097,11.637125,85931.87750410862,
6,5968,14326.371347,GB,100,0.1,11,0.11,14,297.185,2.97185,336490.738092434,
6,5969,14326.70909,DT,8,1.0,8,1.0,17,90.513,11.314125,88385.09385392153,
6,5970,14326.83927,DT,1,0.5,1,1.0,27,83.73,83.73,11943.150603129105,13.0
6,5971,14327.145677,AB,8,0.1,1,0.125,10,7783.003,972.875375,1027.8808835098741,
6,5972,14334.968303,MLP,1,0.0,0,0.0,18,168.592,168.592,5931.479548258517,
6,5973,14335.312125,MLP,32,0.5,16,0.5,4,184.686,5.7714375,173267.05868338695,
6,5974,14335.537633,AB,1,0.05,0,0.0,21,7646.723,7646.723,130.77497380250338,2.0
6,5975,14355.688325,NB,16,0.0,0,0.0,27,118.162,7.385125,135407.3221509453,
6,5976,14355.88235,MLP,100,0.05,2,0.02,25,238.414,2.38414,419438.45579538116,
6,5977,14356.163639,NB,16,0.01,0,0.0,6,111.269,6.9543125,143795.66635810514,
6,5978,14356.324394,DT,64,0.01,0,0.0,20,94.215,1.472109375,679297.3518017301,
6,5979,14356.485349,GB,64,0.5,31,0.484375,6,267.895,4.185859375,238899.56886093435,
6,5980,14356.797479,DT,16,0.01,0,0.0,24,90.514,5.657125,176768.23474821576,
6,5981,14356.932441,NB,32,0.01,0,0.0,19,121.591,3.79971875,263177.37332532834,
6,5982,14357.097847,MLP,32,0.05,0,0.0,6,193.969,6.06153125,164974.81556331165,
6,5983,14357.330618,NB,8,0.0,0,0.0,20,107.165,13.395625,74651.2387439929,
6,5984,14357.497637,MLP,32,0.5,16,0.5,23,195.075,6.09609375,164039.47199794953,
6,5985,14357.761347,RF,64,0.5,30,0.46875,15,3265.602,51.02503125,19598.224155913675,
6,5986,14361.091936,SGD,16,0.01,1,0.0625,11,165.835,10.3646875,96481.44239756383,
6,5987,14361.324568,LoR,32,0.1,5,0.15625,19,157.223,4.91321875,203532.56202972846,
6,5988,14361.542951,SGD,32,0.5,13,0.40625,24,193.556,6.048625,165326.83047800118,
6,5989,14361.804521,MLP,64,0.05,4,0.0625,11,208.496,3.25775,306960.3253779449,
6,5990,14362.075536,DT,32,0.1,3,0.09375,0,90.716,2.834875,352749.2393844526,
6,5991,14362.207639,MLP,1,0.1,0,0.0,18,162.099,162.099,6169.069519244413,
6,5992,14362.526404,RF,16,0.01,0,0.0,7,3062.358,191.397375,5224.732052882126,
6,5993,14365.687862,LoR,16,0.1,2,0.125,17,161.711,10.1069375,98941.93963304907,
6,5994,14365.908446,NB,8,0.5,5,0.625,5,112.049,14.006125,71397.33509446759,
6,5995,14366.058457,DT,16,1.0,16,1.0,19,89.746,5.609125,178280.92616941145,
6,5996,14366.202407,RF,100,0.0,0,0.0,6,3363.369,33.63369,29732.09302934052,
6,5997,14369.685107,LoR,32,0.5,19,0.59375,3,166.465,5.20203125,192232.60144775177,
6,5998,14369.921341,AB,64,0.1,7,0.109375,7,8192.679,128.010609375,7811.852508806948,
6,5999,14378.166316,GB,64,1.0,64,1.0,24,254.023,3.969109375,251945.6899572086,
6,6000,14378.462713,DT,1,0.01,0,0.0,16,87.623,87.623,11412.528673978293,16.0
6,6001,14378.737091,RF,8,0.0,0,0.0,5,3062.767,382.845875,2612.0171727069023,
6,6002,14381.874796,AB,64,0.5,26,0.40625,25,8288.022,129.50034375,7721.9872244547605,
6,6003,14390.23031,MLP,32,0.5,15,0.46875,24,195.839,6.11996875,163399.52716261827,
6,6004,14390.504562,RF,100,0.5,38,0.38,4,3578.276,35.782759999999996,27946.4188899906,
6,6005,14394.126933,MLP,16,0.0,0,0.0,11,197.273,12.3295625,81105.8786554673,
6,6006,14394.365609,SGD,1,0.1,0,0.0,20,186.261,186.261,5368.810432672433,
6,6007,14394.702588,NB,1,0.5,0,0.0,21,102.063,102.063,9797.869943074375,
6,6008,14394.851396,LoR,8,0.0,0,0.0,5,149.081,18.635125,53662.10315197779,
6,6009,14395.04201,GB,8,0.01,0,0.0,10,215.58,26.9475,37109.19380276463,
6,6010,14395.339808,DT,100,0.05,5,0.05,14,97.911,0.97911,1021335.7028321639,
6,6011,14395.476064,SGD,1,0.01,0,0.0,24,149.13,149.13,6705.55890833501,
6,6012,14395.791624,SGD,16,0.5,5,0.3125,26,149.19,9.324375,107245.79395401837,
6,6013,14395.989504,GB,64,1.0,64,1.0,19,304.917,4.764328125,209893.1840468062,
6,6014,14396.334634,MLP,8,0.0,0,0.0,20,180.427,22.553375,44339.261862138155,
6,6015,14396.584789,LoR,64,0.5,26,0.40625,28,158.381,2.474703125,404088.87429679063,
6,6016,14396.799913,GB,100,1.0,100,1.0,23,277.082,2.77082,360903.99231996306,
6,6017,14397.119251,NB,16,1.0,16,1.0,7,119.682,7.480125,133687.6054878762,
6,6018,14397.31549,NB,100,0.01,1,0.01,0,145.914,1.4591399999999999,685335.1974450705,
6,6019,14397.533012,AB,100,0.5,58,0.58,19,8691.027,86.91027,11506.120047722783,
6,6020,14406.275754,SGD,64,1.0,64,1.0,11,160.756,2.5118125,398118.8882530046,
6,6021,14406.476925,GB,1,0.5,1,1.0,12,196.674,196.674,5084.556169091999,4.0
6,6022,14419.640402,LoR,16,0.01,0,0.0,5,189.752,11.8595,84320.58687128461,
6,6023,14419.878377,NB,32,1.0,32,1.0,14,131.779,4.11809375,242830.80005160155,
6,6024,14420.068675,LoR,8,0.01,1,0.125,9,155.856,19.482,51329.4322964788,
6,6025,14420.264379,MLP,16,0.0,0,0.0,24,198.454,12.403375,80623.21747105122,
6,6026,14420.502492,SGD,8,1.0,8,1.0,3,149.184,18.648,53625.053625053624,
6,6027,14420.707408,RF,64,0.0,0,0.0,29,3470.551,54.227359375,18440.87581482018,
6,6028,14424.22384,AB,16,1.0,16,1.0,16,8056.719,503.5449375,1985.9200749089052,
6,6029,14432.355592,SGD,64,0.05,3,0.046875,21,162.423,2.537859375,394032.86480363004,
6,6030,14432.558785,GB,16,1.0,16,1.0,23,244.885,15.3053125,65336.79073850992,
6,6031,14432.864281,GB,16,0.5,4,0.25,15,220.397,13.7748125,72596.26945920316,
6,6032,14433.172298,NB,100,0.01,0,0.0,1,171.519,1.71519,583025.7872305692,
6,6033,14433.402651,DT,16,0.1,1,0.0625,10,90.467,5.6541875,176860.07052295312,
6,6034,14433.547993,LoR,100,1.0,100,1.0,8,218.238,2.18238,458215.34288254107,
6,6035,14433.841934,DT,100,0.5,53,0.53,15,94.834,0.9483400000000001,1054474.133749499,
6,6036,14433.975262,NB,8,0.05,0,0.0,13,109.783,13.722875,72871.02739039742,
6,6037,14434.149988,MLP,32,0.05,1,0.03125,0,200.15,6.2546875,159880.0899325506,
6,6038,14434.389166,SGD,1,0.05,0,0.0,19,144.181,144.181,6935.726621399491,
6,6039,14434.6852,RF,1,0.5,0,0.0,25,3053.954,3053.954,327.44435574340673,9.99
6,6040,14450.328548,GB,1,0.01,0,0.0,7,205.79,205.79,4859.322610428107,4.0
6,6041,14463.098147,NB,1,0.0,0,0.0,11,105.432,105.432,9484.786402610212,
6,6042,14463.271415,AB,16,0.1,3,0.1875,19,7976.575,498.5359375,2005.8734481904828,
6,6043,14471.294166,AB,32,0.0,0,0.0,14,7986.865,249.58953125,4006.57830074754,
6,6044,14479.342383,RF,8,0.5,3,0.375,25,3093.76,386.72,2585.85022755482,
6,6045,14482.48273,GB,16,0.01,0,0.0,28,270.444,16.90275,59161.97068524352,
6,6046,14482.798562,NB,32,0.0,0,0.0,27,124.971,3.90534375,256059.40578214146,
6,6047,14482.969013,NB,16,0.01,0,0.0,14,111.015,6.9384375,144124.6678376796,
6,6048,14483.140674,GB,32,0.05,1,0.03125,1,230.664,7.20825,138729.92751361287,
6,6049,14483.441378,SGD,64,0.1,5,0.078125,22,171.263,2.675984375,373694.2597058325,
6,6050,14483.655086,DT,16,0.1,0,0.0,28,87.597,5.4748125,182654.65712296084,
6,6051,14483.790801,RF,64,1.0,64,1.0,14,3254.517,50.851828125,19664.976400491993,
6,6052,14487.090129,MLP,16,0.0,0,0.0,7,210.284,13.14275,76087.57680089783,
6,6053,14487.366636,SGD,32,0.1,2,0.0625,0,158.983,4.96821875,201279.38207229704,
6,6054,14487.565088,NB,1,0.01,0,0.0,28,102.951,102.951,9713.358782333344,
6,6055,14487.738667,SGD,32,0.1,4,0.125,15,155.178,4.8493125,206214.7984894766,
6,6056,14487.93183,NB,1,0.05,0,0.0,2,99.302,99.302,10070.29062858754,
6,6057,14488.097318,NB,16,0.05,1,0.0625,11,109.535,6.8459375,146072.03177066692,
6,6058,14488.243633,AB,1,0.01,0,0.0,19,7763.934,7763.934,128.8006827466591,2.0
6,6059,14509.266224,MLP,32,1.0,32,1.0,13,266.759,8.33621875,119958.46438170783,
6,6060,14509.582503,GB,8,1.0,8,1.0,16,290.513,36.314125,27537.49401920052,
6,6061,14509.943802,RF,16,0.1,2,0.125,27,3304.058,206.503625,4842.530004013247,
6,6062,14513.316008,RF,16,0.05,3,0.1875,21,3247.064,202.9415,4927.528376404038,
6,6063,14516.64294,LoR,64,0.5,29,0.453125,13,199.848,3.122625,320243.38497257914,
6,6064,14516.907521,AB,100,0.01,0,0.0,25,8809.73,88.09729999999999,11351.085674589347,
6,6065,14525.769981,GB,64,1.0,64,1.0,23,276.29,4.31703125,231640.66741467296,
6,6066,14526.109058,RF,16,0.5,8,0.5,0,3094.474,193.404625,5170.507168585033,
6,6067,14529.246502,AB,1,0.05,0,0.0,18,7697.676,7697.676,129.90933887058898,2.0
6,6068,14549.750797,SGD,8,0.5,6,0.75,21,166.407,20.800875,48074.90069528325,
6,6069,14549.967455,LoR,64,1.0,64,1.0,11,159.573,2.493328125,401070.35651394655,
6,6070,14550.168517,LoR,8,0.01,0,0.0,19,142.866,17.85825,55996.52821525065,
6,6071,14550.37316,GB,32,0.1,3,0.09375,12,236.388,7.387125,135370.66179332283,
6,6072,14550.668453,NB,8,0.5,5,0.625,23,118.278,14.78475,67637.26136728724,
6,6073,14550.828051,DT,32,0.0,0,0.0,19,91.508,2.859625,349696.201425012,
6,6074,14550.980361,RF,32,0.1,2,0.0625,23,3141.943,98.18571875,10184.780564128629,
6,6075,14554.187328,RF,16,0.05,1,0.0625,24,3354.365,209.6478125,4769.904288889254,
6,6076,14557.595069,GB,16,0.01,0,0.0,13,288.766,18.047875,55408.185174154845,
6,6077,14557.961077,RF,64,0.05,2,0.03125,27,3555.171,55.549546875,18001.947023082717,
6,6078,14561.736675,NB,100,0.5,40,0.4,3,174.206,1.74206,574033.0413418597,
6,6079,14561.951564,DT,8,0.0,0,0.0,25,96.301,12.037625,83072.86528696482,
6,6080,14562.089997,NB,16,0.05,0,0.0,1,113.994,7.124625,140358.26447005983,
6,6081,14562.277387,AB,100,0.5,51,0.51,29,8686.289,86.86289000000001,11512.396145235323,
6,6082,14571.016809,RF,64,1.0,64,1.0,27,3265.775,51.027734375,19597.18596657761,
6,6083,14574.327265,LoR,16,1.0,16,1.0,8,179.792,11.237,88991.72376968942,
6,6084,14574.55216,AB,32,0.0,0,0.0,11,8036.706,251.1470625,3981.7308235488517,
6,6085,14582.64404,GB,64,0.01,0,0.0,16,307.213,4.800203125,208324.51751716234,
6,6086,14582.992271,DT,8,1.0,8,1.0,8,92.935,11.616875,86081.6699843977,
6,6087,14583.122399,NB,1,1.0,1,1.0,4,103.476,103.476,9664.076694112644,
6,6088,14583.293123,MLP,8,0.1,3,0.375,19,196.727,24.590875,40665.490756225634,
6,6089,14583.55721,AB,32,0.01,1,0.03125,28,8061.251,251.91409375,3969.6071986841744,
6,6090,14591.67025,MLP,64,0.0,0,0.0,18,214.133,3.345828125,298879.6682435682,
6,6091,14591.956234,NB,64,0.05,2,0.03125,13,166.658,2.60403125,384019.96903839003,
6,6092,14592.161872,DT,16,1.0,16,1.0,22,87.887,5.4929375,182051.9530761091,
6,6093,14592.316496,MLP,64,0.1,9,0.140625,21,208.68,3.260625,306689.66839179606,
6,6094,14592.570614,RF,32,0.01,0,0.0,23,3249.948,101.560875,9846.31138713604,
6,6095,14595.86396,AB,1,0.1,0,0.0,27,7714.525,7714.525,129.6256088352815,2.0
6,6096,14616.766888,RF,100,0.1,10,0.1,7,3688.541,36.88541,27110.99049732672,
6,6097,14620.569153,NB,100,0.05,5,0.05,27,174.395,1.7439500000000001,573410.9349465295,
6,6098,14620.813974,RF,64,0.1,15,0.234375,17,3432.069,53.626078125,18647.64373909732,
6,6099,14624.310496,GB,8,0.05,2,0.25,17,269.086,33.63575,29730.272106315453,
6,6100,14624.650875,RF,64,0.05,5,0.078125,5,3373.495,52.710859375,18971.42281224665,
6,6101,14628.069002,DT,16,0.0,0,0.0,21,95.543,5.9714375,167463.86443800174,
6,6102,14628.202867,DT,1,0.0,0,0.0,22,85.19,85.19,11738.466956215518,14.0
6,6103,14628.508383,LoR,8,0.5,5,0.625,17,177.497,22.187125,45071.184301706504,
6,6104,14628.744116,SGD,8,0.1,2,0.25,5,154.033,19.254125,51936.9226074932,
6,6105,14628.936301,LoR,8,1.0,8,1.0,26,146.124,18.2655,54748.02222769702,
6,6106,14629.14465,SGD,32,0.1,3,0.09375,6,151.846,4.7451875,210739.82851046455,
6,6107,14629.338001,RF,8,1.0,8,1.0,13,3091.73,386.46625,2587.548071791521,
6,6108,14632.50458,AB,64,0.5,29,0.453125,27,8420.325,131.567578125,7600.656744246807,
6,6109,14640.98788,AB,8,0.5,3,0.375,28,8285.739,1035.717375,965.5143614830253,
6,6110,14649.328537,LoR,1,0.5,1,1.0,7,164.222,164.222,6089.318118157128,
6,6111,14649.709581,GB,16,0.01,1,0.0625,14,257.433,16.0895625,62152.093942889995,
6,6112,14650.034479,SGD,32,0.01,1,0.03125,2,191.826,5.9945625,166817.84533900514,
6,6113,14650.263318,MLP,1,1.0,1,1.0,19,176.549,176.549,5664.14989606285,
6,6114,14650.59853,AB,32,0.0,0,0.0,10,8143.824,254.4945,3929.3580018428693,
6,6115,14658.828648,MLP,100,0.01,1,0.01,1,244.39,2.4438999999999997,409182.0450918614,
6,6116,14659.114163,NB,8,1.0,8,1.0,8,114.395,14.299375,69933.12644783426,
6,6117,14659.28129,AB,64,1.0,64,1.0,20,8342.921,130.358140625,7671.174160704626,
6,6118,14667.686297,NB,8,0.5,6,0.75,11,111.497,13.937125,71750.80943881898,
6,6119,14667.837143,GB,1,0.05,0,0.0,10,223.421,223.421,4475.8550002014135,4.0
6,6120,14680.732114,GB,32,0.0,0,0.0,3,233.56,7.29875,137009.76194553863,
6,6121,14681.009624,AB,8,0.05,0,0.0,15,8015.657,1001.957125,998.0466978564576,
6,6122,14689.092908,LoR,32,0.5,20,0.625,27,160.034,5.0010625,199957.50902933127,
6,6123,14689.31361,SGD,16,0.05,2,0.125,26,150.827,9.4266875,106081.80232982158,
6,6124,14689.52663,NB,32,0.5,15,0.46875,22,160.988,5.030875,198772.57932268243,
6,6125,14689.763963,SGD,100,0.05,3,0.03,18,169.101,1.69101,591362.5584709729,
6,6126,14690.021428,DT,100,0.01,2,0.02,28,98.431,0.98431,1015940.100171694,
6,6127,14690.155817,GB,1,1.0,1,1.0,3,203.14,203.14,4922.713399625874,4.0
6,6128,14703.303459,MLP,16,0.5,10,0.625,15,230.414,14.400875,69440.22498632896,
6,6129,14703.598663,SGD,16,0.05,1,0.0625,2,164.744,10.2965,97120.38071189239,
6,6130,14703.84435,RF,100,0.1,7,0.07,23,4055.754,40.557539999999996,24656.327775303926,
6,6131,14707.995177,LoR,64,0.0,0,0.0,24,234.559,3.664984375,272852.45929595537,
6,6132,14708.300147,SGD,8,0.5,4,0.5,27,160.894,20.11175,49722.17733414546,
6,6133,14708.50119,GB,8,1.0,8,1.0,9,271.762,33.97025,29437.522538103192,
6,6134,14708.819237,GB,16,0.05,0,0.0,10,231.178,14.448625,69210.73804600784,
6,6135,14709.1168,GB,100,0.01,0,0.0,13,278.684,2.78684,358829.35511188296,
6,6136,14709.44846,GB,64,1.0,64,1.0,8,267.09,4.17328125,239619.60387884235,
6,6137,14709.768158,GB,1,1.0,1,1.0,11,204.839,204.839,4881.882844575496,4.0
6,6138,14722.769279,AB,32,0.5,14,0.4375,25,8841.088,276.284,3619.4640297664723,
6,6139,14731.725803,LoR,100,0.05,3,0.03,19,196.89,1.9688999999999999,507897.8109604348,
6,6140,14731.965784,MLP,1,0.5,0,0.0,9,179.198,179.198,5580.419424323932,
6,6141,14732.303698,NB,1,0.5,0,0.0,13,110.455,110.455,9053.460685346974,
6,6142,14732.481324,DT,8,0.5,6,0.75,8,90.479,11.309875,88418.30701046652,
6,6143,14732.648261,GB,100,0.01,2,0.02,5,314.215,3.1421499999999996,318253.4252024888,
6,6144,14733.027524,RF,32,0.5,12,0.375,19,3332.77,104.1490625,9601.622674231945,
6,6145,14736.436561,AB,64,0.1,7,0.109375,5,8634.506,134.91415625,7412.120623924519,
6,6146,14745.129701,RF,8,1.0,8,1.0,17,3196.329,399.541125,2502.871262626594,
6,6147,14748.416761,GB,100,0.05,5,0.05,22,334.117,3.34117,299296.35427110863,
6,6148,14748.793511,LoR,1,0.5,1,1.0,23,178.881,178.881,5590.308640940067,
6,6149,14749.15502,GB,32,0.05,2,0.0625,17,246.697,7.70928125,129713.77844075931,
6,6150,14749.450022,AB,32,0.01,0,0.0,11,8342.191,260.69346875,3835.9227210213717,
6,6151,14757.836934,RF,8,0.1,0,0.0,17,3073.446,384.18075,2602.9414539900818,
6,6152,14760.972374,GB,100,0.0,0,0.0,2,291.068,2.9106799999999997,343562.3290777413,
6,6153,14761.310022,RF,32,0.0,0,0.0,16,3188.923,99.65384375,10034.735865368966,
6,6154,14764.543485,RF,16,1.0,16,1.0,12,3142.207,196.3879375,5091.962432774162,
6,6155,14767.752343,DT,16,0.5,5,0.3125,2,94.168,5.8855,169909.09863223173,
6,6156,14767.90508,MLP,8,0.5,4,0.5,9,206.887,25.860875,38668.45186019421,
6,6157,14768.1557,LoR,8,1.0,8,1.0,20,152.745,19.093125,52374.87315460408,
6,6158,14768.353155,GB,32,0.0,0,0.0,29,229.582,7.1744375,139383.74959709385,
6,6159,14768.624069,NB,1,0.01,0,0.0,11,112.573,112.573,8883.124727954306,
6,6160,14768.782502,MLP,1,0.0,0,0.0,14,169.881,169.881,5886.473472607296,
6,6161,14769.124164,LoR,16,0.05,1,0.0625,2,150.248,9.3905,106490.60220435547,
6,6162,14769.311877,LoR,1,0.0,0,0.0,8,142.13,142.13,7035.812284528249,
6,6163,14769.603878,LoR,8,0.1,0,0.0,18,176.927,22.115875,45216.38868007709,
6,6164,14769.822178,DT,8,0.01,0,0.0,15,86.73,10.84125,92240.28594488642,
6,6165,14769.947693,SGD,1,0.1,1,1.0,12,146.616,146.616,6820.538004037758,
6,6166,14770.241577,AB,1,0.0,0,0.0,12,7705.87,7705.87,129.77120039658078,2.0
6,6167,14790.676127,DT,8,1.0,8,1.0,2,87.923,10.990375,90988.70602686441,
6,6168,14790.806761,LoR,16,0.05,0,0.0,3,156.12,9.7575,102485.26774276198,
6,6169,14791.015586,AB,64,0.01,0,0.0,12,8447.225,131.987890625,7576.452622014922,
6,6170,14799.509963,LoR,32,1.0,32,1.0,13,154.107,4.81584375,207647.93292971767,
6,6171,14799.702628,NB,1,1.0,1,1.0,23,103.161,103.161,9693.585754306376,
6,6172,14799.85323,GB,8,1.0,8,1.0,22,220.906,27.61325,36214.49847446425,
6,6173,14800.153325,DT,100,0.5,56,0.56,18,99.17,0.9917,1008369.4665725522,
6,6174,14800.308718,LoR,8,0.5,3,0.375,2,155.479,19.434875,51453.89409502247,
6,6175,14800.502855,RF,1,0.01,0,0.0,26,3077.394,3077.394,324.9502663617334,9.99
6,6176,14816.455433,MLP,8,0.01,0,0.0,15,193.129,24.141125,41423.09026609158,
6,6177,14816.714872,NB,32,0.05,1,0.03125,27,124.72,3.8975,256574.72738935216,
6,6178,14816.875719,DT,1,0.0,0,0.0,20,88.056,88.056,11356.409557554283,16.0
6,6179,14817.167412,MLP,8,0.5,7,0.875,19,185.493,23.186625,43128.31211959481,
6,6180,14817.423141,LoR,64,0.05,4,0.0625,7,162.699,2.542171875,393364.4337088734,
6,6181,14817.658293,SGD,8,0.0,0,0.0,23,149.516,18.6895,53505.979293186014,
6,6182,14817.859242,DT,64,0.01,0,0.0,0,92.418,1.44403125,692505.7889155792,
6,6183,14818.010178,LoR,16,0.5,7,0.4375,22,151.313,9.4570625,105741.07974860059,
6,6184,14818.229573,RF,64,0.1,9,0.140625,15,3324.309,51.942328125,19252.12126790861,
6,6185,14821.599447,AB,1,1.0,1,1.0,11,7820.001,7820.001,127.87722149907653,2.0
6,6186,14842.250505,AB,1,0.01,0,0.0,0,7773.789,7773.789,128.637399342843,2.0
6,6187,14862.655593,SGD,64,0.05,5,0.078125,12,173.986,2.71853125,367845.6887335763,
6,6188,14862.871446,LoR,16,1.0,16,1.0,10,151.027,9.4391875,105941.3217504155,
6,6189,14863.065945,NB,16,0.01,0,0.0,24,115.015,7.1884375,139112.2897013433,
6,6190,14863.219918,AB,1,0.5,0,0.0,26,7716.188,7716.188,129.59767180374558,2.0
6,6191,14883.673016,DT,16,0.5,6,0.375,12,91.097,5.6935625,175636.9584069728,
6,6192,14883.833457,LoR,64,0.1,2,0.03125,29,168.559,2.633734375,379689.01096945285,
6,6193,14884.080164,RF,100,0.5,54,0.54,17,3539.337,35.39337,28253.879186977672,
6,6194,14887.683765,MLP,8,0.5,6,0.75,7,198.693,24.836625,40263.11948583996,
6,6195,14887.922498,SGD,8,1.0,8,1.0,16,156.036,19.5045,51270.21969289138,
6,6196,14888.128879,AB,64,1.0,64,1.0,25,8400.451,131.257046875,7618.638570714835,
6,6197,14896.574739,NB,8,0.01,0,0.0,10,112.143,14.017875,71337.48874205256,
6,6198,14896.796406,RF,100,0.5,58,0.58,26,3510.572,35.10572,28485.38642705519,
6,6199,14900.388839,RF,100,0.05,7,0.07,12,3534.223,35.34223,28294.762384829708,
6,6200,14903.971232,RF,32,1.0,32,1.0,2,3137.167,98.03646875,10200.285799257737,
6,6201,14907.170514,RF,8,0.5,3,0.375,18,3043.884,380.4855,2628.2210491595606,
6,6202,14910.269698,GB,64,0.01,0,0.0,8,282.172,4.4089375,226812.015366514,
6,6203,14910.606442,GB,64,0.05,0,0.0,13,253.275,3.957421875,252689.76409041556,
6,6204,14910.930454,RF,64,0.5,39,0.609375,23,3274.814,51.16896875,19543.094661254043,
6,6205,14914.289254,LoR,100,0.0,0,0.0,22,183.748,1.83748,544223.6105971222,
6,6206,14914.514457,DT,1,0.01,0,0.0,29,89.36,89.36,11190.689346463741,16.0
6,6207,14914.792256,AB,1,0.0,0,0.0,11,7625.091,7625.091,131.14597583163268,2.0
6,6208,14935.492023,DT,32,0.1,4,0.125,7,97.888,3.059,326904.2170644001,
6,6209,14935.65204,GB,100,0.01,0,0.0,4,310.875,3.10875,321672.69802975474,
6,6210,14936.001689,RF,1,0.0,0,0.0,28,3134.861,3134.861,318.9934099151446,10.01
6,6211,14951.693835,LoR,32,0.01,0,0.0,23,179.667,5.61459375,178107.27623881958,
6,6212,14951.91305,DT,8,1.0,8,1.0,15,86.262,10.78275,92740.72013169182,
6,6213,14952.03838,NB,1,0.05,0,0.0,10,105.607,105.607,9469.06928517996,
6,6214,14952.188021,SGD,1,1.0,1,1.0,28,149.261,149.261,6699.673725889549,
6,6215,14952.492695,MLP,16,1.0,16,1.0,24,191.991,11.9994375,83337.23976644738,
6,6216,14952.735857,DT,64,0.0,0,0.0,19,91.709,1.432953125,697859.5339606799,
6,6217,14952.902743,RF,100,0.05,11,0.11,28,3505.846,35.05846,28523.785699657088,
6,6218,14956.455427,AB,32,1.0,32,1.0,29,8056.547,251.76709375,3971.924945016767,
6,6219,14964.565002,RF,64,1.0,64,1.0,24,3196.381,49.943453125,20022.64435935516,
6,6220,14967.825545,LoR,8,0.1,1,0.125,17,163.102,20.38775,49049.06132358892,
6,6221,14968.026487,AB,1,0.0,0,0.0,5,7571.309,7571.309,132.07755752671036,2.0
6,6222,14988.223964,LoR,1,0.01,0,0.0,23,150.503,150.503,6644.385826196156,
6,6223,14988.527446,AB,32,0.01,0,0.0,18,8059.063,251.84571875,3970.6849295011093,
6,6224,14996.659928,SGD,64,0.01,1,0.015625,16,185.079,2.891859375,345798.28073417296,
6,6225,14996.896361,DT,1,1.0,1,1.0,11,93.616,93.616,10681.93471201504,11.0
6,6226,14997.198729,NB,64,0.5,31,0.484375,5,136.527,2.133234375,468771.74478308327,
6,6227,14997.376978,AB,1,0.5,1,1.0,4,7554.241,7554.241,132.37597264900603,2.0
6,6228,15017.371408,GB,16,0.05,2,0.125,20,292.649,18.2905625,54673.00417906776,
6,6229,15017.729257,SGD,32,0.1,1,0.03125,20,162.331,5.07284375,197128.09013681923,
6,6230,15017.948697,NB,100,0.0,0,0.0,10,149.092,1.49092,670726.7995600032,
6,6231,15018.138037,LoR,8,0.1,0,0.0,13,149.121,18.640125,53647.708907531465,
6,6232,15018.355677,MLP,64,0.05,2,0.03125,24,217.487,3.398234375,294270.4621425648,
6,6233,15018.613094,AB,1,0.05,0,0.0,14,7625.998,7625.998,131.13037795184317,2.0
6,6234,15039.238197,GB,32,0.5,17,0.53125,15,298.004,9.312625,107381.10897840296,
6,6235,15039.625286,DT,100,0.05,7,0.07,7,109.354,1.09354,914461.2908535582,
6,6236,15039.80395,NB,100,1.0,100,1.0,6,162.786,1.62786,614303.4413278783,
6,6237,15040.037633,GB,64,0.05,6,0.09375,5,273.051,4.266421875,234388.44757938993,
6,6238,15040.371711,GB,16,0.1,2,0.125,6,225.101,14.0688125,71079.20444600424,
6,6239,15040.655277,SGD,8,0.5,4,0.5,25,179.751,22.468875,44506.01109312326,
6,6240,15040.875081,DT,16,1.0,16,1.0,6,89.14,5.57125,179492.93246578416,
6,6241,15041.032122,RF,64,0.5,31,0.484375,25,3784.237,59.128703125,16912.25998794473,
6,6242,15044.909411,MLP,32,0.1,3,0.09375,25,265.222,8.2881875,120653.64110066285,
6,6243,15045.23918,MLP,16,0.01,2,0.125,11,187.227,11.7016875,85457.75983164822,
6,6244,15045.507778,LoR,100,0.1,14,0.14,15,198.638,1.98638,503428.3470433653,
6,6245,15045.747061,MLP,1,0.01,1,1.0,8,164.795,164.795,6068.145271397798,
6,6246,15046.074865,AB,1,0.5,1,1.0,27,8234.286,8234.286,121.44343784026933,2.0
6,6247,15067.589956,GB,16,0.0,0,0.0,20,286.211,17.8881875,55902.81295966961,
6,6248,15067.953453,NB,32,0.1,3,0.09375,6,143.804,4.493875,222525.10361325135,
6,6249,15068.140304,LoR,8,0.05,0,0.0,26,184.305,23.038125,43406.31019234421,
6,6250,15068.363578,MLP,1,0.0,0,0.0,1,186.74,186.74,5355.03909178537,
6,6251,15068.710573,LoR,1,0.0,0,0.0,16,148.954,148.954,6713.482014581683,
6,6252,15069.032154,RF,16,0.5,10,0.625,21,3602.106,225.131625,4441.845964555179,
6,6253,15072.741515,RF,64,0.5,34,0.53125,8,3663.648,57.2445,17468.927145839338,
6,6254,15076.524617,AB,64,0.05,4,0.0625,2,8445.739,131.964671875,7577.785673935698,
6,6255,15085.015186,NB,1,0.5,1,1.0,4,111.903,111.903,8936.310912129255,
6,6256,15085.182034,MLP,32,1.0,32,1.0,8,225.417,7.04428125,141959.12464454767,
6,6257,15085.449011,GB,16,1.0,16,1.0,25,307.826,19.239125,51977.41581282932,
6,6258,15085.816821,GB,8,0.05,1,0.125,15,211.739,26.467375,37782.36413697996,
6,6259,15086.065658,NB,1,0.0,0,0.0,17,103.708,103.708,9642.45766961083,
6,6260,15086.215914,MLP,1,0.05,0,0.0,2,172.853,172.853,5785.262621996725,
6,6261,15086.561398,AB,100,1.0,100,1.0,26,8640.276,86.40276,11573.704358518176,
6,6262,15095.26902,DT,8,0.01,0,0.0,5,94.112,11.764,85005.10030601837,
6,6263,15095.420081,DT,100,1.0,100,1.0,6,85.594,0.8559399999999999,1168306.1896861931,
6,6264,15095.571544,AB,100,0.0,0,0.0,23,8738.14,87.3814,11444.083065732526,
6,6265,15104.350681,DT,8,0.0,0,0.0,16,78.741,9.842625,101598.91289163206,
6,6266,15104.478998,MLP,64,1.0,64,1.0,20,211.275,3.301171875,302922.731037747,
6,6267,15104.731574,GB,1,1.0,1,1.0,25,205.217,205.217,4872.89064746098,4.0
6,6268,15117.690725,GB,1,0.1,0,0.0,2,204.97,204.97,4878.762745767674,4.0
6,6269,15130.484545,NB,8,0.5,3,0.375,9,118.4,14.8,67567.56756756756,
6,6270,15130.643165,DT,8,0.05,0,0.0,21,89.664,11.208,89221.98429693076,
6,6271,15130.790279,MLP,16,0.5,8,0.5,23,190.722,11.920125,83891.73771248203,
6,6272,15131.019848,MLP,8,1.0,8,1.0,23,172.443,21.555375,46392.141171285584,
6,6273,15131.25612,NB,32,0.5,13,0.40625,8,120.583,3.76821875,265377.3749201795,
6,6274,15131.418132,AB,32,1.0,32,1.0,27,8185.219,255.78809375,3909.4861114895034,
6,6275,15139.646101,DT,1,0.5,0,0.0,3,79.775,79.775,12535.255405828893,16.0
6,6276,15139.914555,GB,32,0.01,0,0.0,12,232.869,7.27715625,137416.31561092287,
6,6277,15140.209825,AB,16,0.5,6,0.375,8,8046.507,502.9066875,1988.4404499989873,
6,6278,15148.301111,GB,8,0.01,0,0.0,24,206.209,25.776125,38795.59088109636,
6,6279,15148.569036,SGD,16,0.1,4,0.25,11,161.366,10.085375,99153.47718850315,
6,6280,15148.789298,LoR,8,0.05,1,0.125,16,150.276,18.7845,53235.38023370331,
6,6281,15148.977554,NB,8,0.0,0,0.0,3,108.259,13.532375,73896.85845980473,
6,6282,15149.127473,RF,16,0.01,0,0.0,18,3237.144,202.3215,4942.628440378309,
6,6283,15152.411953,SGD,16,0.01,0,0.0,10,167.247,10.4529375,95666.88789634492,
6,6284,15152.652618,MLP,64,0.1,3,0.046875,13,219.031,3.422359375,292196.08183316514,
6,6285,15152.912145,GB,8,1.0,8,1.0,18,219.579,27.447375,36433.35655959814,
6,6286,15153.174085,GB,1,0.1,0,0.0,9,208.19,208.19,4803.304673615447,4.0
6,6287,15166.297033,GB,8,0.05,1,0.125,9,215.945,26.993125,37046.47016601449,
6,6288,15166.59246,DT,100,0.5,52,0.52,22,99.74,0.9974,1002606.7776218167,
6,6289,15166.759833,RF,64,0.5,30,0.46875,5,3381.737,52.839640625,18925.185488995743,
6,6290,15170.217414,SGD,64,0.1,5,0.078125,17,178.421,2.787828125,358702.170708605,
6,6291,15170.43472,MLP,1,1.0,1,1.0,13,169.365,169.365,5904.407640303486,
6,6292,15170.757681,NB,8,1.0,8,1.0,18,112.344,14.043,71209.85544399345,
6,6293,15170.933212,GB,32,0.5,16,0.5,13,242.325,7.57265625,132054.0596306613,
6,6294,15171.220898,DT,32,1.0,32,1.0,2,93.592,2.92475,341909.5649200787,
6,6295,15171.35737,GB,32,1.0,32,1.0,2,229.542,7.1731875,139408.0386160267,
6,6296,15171.649065,AB,16,0.1,4,0.25,2,8145.757,509.1098125,1964.2127797330563,
6,6297,15179.840805,LoR,16,0.01,0,0.0,21,154.365,9.6478125,103650.4388948272,
6,6298,15180.065552,LoR,64,0.1,12,0.1875,5,156.471,2.444859375,409021.4800186616,
6,6299,15180.261736,DT,16,1.0,16,1.0,27,85.86,5.36625,186349.8718844631,
6,6300,15180.383889,NB,1,1.0,1,1.0,6,102.39,102.39,9766.578767457759,
6,6301,15180.536828,AB,32,0.0,0,0.0,2,8118.517,253.70365625,3941.6065766691136,
6,6302,15188.701633,GB,32,1.0,32,1.0,25,226.569,7.08028125,141237.32726012828,
6,6303,15188.970622,RF,1,0.5,1,1.0,13,3060.689,3060.689,326.7238193753106,7.49
6,6304,15204.919218,NB,100,1.0,100,1.0,19,155.449,1.5544900000000001,643297.801851411,
6,6305,15205.131645,SGD,100,0.0,0,0.0,22,177.352,1.77352,563850.4217601154,
6,6306,15205.37254,SGD,32,0.1,3,0.09375,18,155.948,4.873375,205196.60399620386,
6,6307,15205.569296,RF,1,0.0,0,0.0,11,3045.811,3045.811,328.3197808399799,9.99
6,6308,15221.302617,SGD,100,0.01,0,0.0,7,177.768,1.77768,562530.9392016561,
6,6309,15221.521893,DT,1,0.5,1,1.0,13,110.537,110.537,9046.744528981246,4.0
6,6310,15221.829506,GB,1,0.5,0,0.0,6,211.547,211.547,4727.081925056843,4.0
6,6311,15234.624853,RF,8,0.5,5,0.625,3,3117.791,389.723875,2565.919267840596,
6,6312,15237.784288,DT,1,0.0,0,0.0,24,92.269,92.269,10837.87620977793,16.0
6,6313,15238.067611,DT,8,0.05,0,0.0,23,89.542,11.19275,89343.5482790199,
6,6314,15238.198144,SGD,8,0.01,0,0.0,26,158.418,19.80225,50499.311946874725,
6,6315,15238.427333,GB,64,0.05,4,0.0625,2,251.652,3.9320625,254319.45702795926,
6,6316,15238.741742,SGD,16,0.1,3,0.1875,21,162.657,10.1660625,98366.50128798636,
6,6317,15238.966681,DT,8,0.5,5,0.625,29,89.157,11.144625,89729.35383649069,
6,6318,15239.104519,DT,64,0.0,0,0.0,28,90.201,1.409390625,709526.501923482,
6,6319,15239.268895,DT,100,0.5,48,0.48,29,92.915,0.92915,1076252.4888338803,
6,6320,15239.426886,AB,64,0.5,27,0.421875,28,8355.656,130.557125,7659.482391328699,
6,6321,15247.846837,DT,16,0.5,11,0.6875,3,83.194,5.199625,192321.5616510806,
6,6322,15247.967969,NB,8,1.0,8,1.0,2,110.989,13.873625,72079.21505734802,
6,6323,15248.13368,DT,100,1.0,100,1.0,17,93.295,0.9329500000000001,1071868.8032584812,
6,6324,15248.265831,SGD,1,0.01,0,0.0,13,151.27,151.27,6610.696106299993,
6,6325,15248.579682,SGD,32,1.0,32,1.0,6,153.678,4.8024375,208227.59275888547,
6,6326,15248.771373,DT,1,1.0,1,1.0,4,84.856,84.856,11784.670500612803,11.0
6,6327,15249.041419,SGD,1,0.01,0,0.0,7,153.142,153.142,6529.887294145303,
6,6328,15249.345854,LoR,16,0.01,0,0.0,1,148.853,9.3033125,107488.59613175414,
6,6329,15249.532913,MLP,1,0.0,0,0.0,4,199.011,199.011,5024.847872730653,
6,6330,15249.884485,RF,32,1.0,32,1.0,1,3140.77,98.1490625,10188.584328046943,
6,6331,15253.094654,GB,32,0.05,2,0.0625,28,250.714,7.8348125,127635.47308885823,
6,6332,15253.387908,LoR,1,0.05,0,0.0,27,161.251,161.251,6201.5119286081945,
6,6333,15253.743778,SGD,16,0.0,0,0.0,21,152.831,9.5519375,104690.80225870406,
6,6334,15253.934993,SGD,1,0.0,0,0.0,25,144.264,144.264,6931.73626129873,
6,6335,15254.231773,RF,16,1.0,16,1.0,22,3134.66,195.91625,5104.22182948071,
6,6336,15257.423541,NB,64,0.01,0,0.0,21,144.129,2.252015625,444046.6526514442,
6,6337,15257.615265,LoR,8,0.1,0,0.0,8,159.564,19.9455,50136.62229575594,
6,6338,15257.813411,DT,1,0.0,0,0.0,19,86.552,86.552,11553.748035862833,16.0
6,6339,15258.108678,NB,8,0.1,1,0.125,15,115.324,14.4155,69369.77558877597,
6,6340,15258.283199,MLP,16,0.5,8,0.5,22,194.866,12.179125,82107.70478174745,
6,6341,15258.537442,DT,8,0.05,2,0.25,29,90.908,11.3635,88001.05601267215,
6,6342,15258.685309,DT,16,0.1,2,0.125,8,87.159,5.4474375,183572.5513142647,
6,6343,15258.83083,AB,100,1.0,100,1.0,16,8620.139,86.20138999999999,11600.741008932688,
6,6344,15267.5286,AB,100,0.01,0,0.0,14,9070.728,90.70728,11024.473449099125,
6,6345,15276.667206,LoR,32,0.05,2,0.0625,6,158.84,4.96375,201460.58927222362,
6,6346,15276.88647,GB,16,0.5,10,0.625,7,231.512,14.4695,69110.88842047064,
6,6347,15277.184015,MLP,32,0.05,1,0.03125,20,201.583,6.29946875,158743.54484257105,
6,6348,15277.424277,RF,1,1.0,1,1.0,8,3042.42,3042.42,328.68571729084084,7.58
6,6349,15293.442446,DT,64,0.5,28,0.4375,5,96.761,1.511890625,661423.5074048429,
6,6350,15293.605315,AB,32,0.1,4,0.125,9,8244.488,257.64025,3881.3811118410267,
6,6351,15301.893253,MLP,1,0.01,0,0.0,15,171.915,171.915,5816.828083645988,
6,6352,15302.25443,RF,100,0.01,2,0.02,23,3501.535,35.01535,28558.903452343046,
6,6353,15305.829933,DT,64,0.01,2,0.03125,6,96.825,1.512890625,660986.3155176865,
6,6354,15305.967262,DT,16,0.0,0,0.0,2,85.823,5.3639375,186430.2110156951,
6,6355,15306.093827,AB,16,0.01,0,0.0,19,7881.36,492.585,2030.1064790848282,
6,6356,15314.048225,SGD,64,0.05,3,0.046875,19,163.464,2.554125,391523.5158811726,
6,6357,15314.274,MLP,8,0.1,1,0.125,22,173.444,21.6805,46124.39750005766,
6,6358,15314.50973,MLP,32,0.05,4,0.125,11,183.546,5.7358125,174343.21641441382,
6,6359,15314.749636,LoR,100,0.0,0,0.0,7,161.541,1.61541,619037.8913093271,
6,6360,15314.979686,SGD,64,0.5,31,0.484375,26,155.227,2.425421875,412299.4066753851,
6,6361,15315.192371,SGD,16,0.5,7,0.4375,24,144.445,9.0278125,110768.8047353664,
6,6362,15315.397441,GB,32,0.05,1,0.03125,3,235.315,7.35359375,135987.93107111743,
6,6363,15315.691815,SGD,8,0.5,4,0.5,2,154.814,19.35175,51674.913121552316,
6,6364,15315.921009,LoR,100,0.1,5,0.05,28,164.452,1.64452,608080.1692895191,
6,6365,15316.146266,LoR,32,0.5,18,0.5625,16,149.534,4.6729375,213998.15426591947,
6,6366,15316.335033,SGD,8,0.01,0,0.0,16,143.532,17.9415,55736.69983000306,
6,6367,15316.557161,LoR,100,0.5,49,0.49,9,195.652,1.9565199999999998,511111.56543250266,
6,6368,15316.791622,GB,1,0.5,0,0.0,17,232.973,232.973,4292.3428895193865,4.0
6,6369,15329.626462,DT,8,0.0,0,0.0,23,88.959,11.119875,89929.06844726222,
6,6370,15329.755104,AB,1,0.05,0,0.0,22,7518.256,7518.256,133.00957030460256,2.0
6,6371,15350.07089,LoR,1,1.0,1,1.0,20,168.168,168.168,5946.434517863089,
6,6372,15350.399509,AB,16,1.0,16,1.0,18,7883.299,492.7061875,2029.6071479719342,
6,6373,15358.326286,RF,16,1.0,16,1.0,8,3094.593,193.4120625,5170.308341032246,
6,6374,15361.488022,GB,16,0.5,7,0.4375,20,274.365,17.1478125,58316.47622692399,
6,6375,15361.845841,LoR,100,0.05,4,0.04,27,188.471,1.88471,530585.6073348154,
6,6376,15362.075222,RF,16,0.0,0,0.0,23,3087.746,192.984125,5181.773371255278,
6,6377,15365.22395,RF,100,0.0,0,0.0,7,3495.095,34.95095,28611.525580849735,
6,6378,15368.762438,LoR,1,0.01,0,0.0,5,162.254,162.254,6163.176254514527,
6,6379,15369.094893,AB,8,0.05,2,0.25,2,7873.163,984.145375,1016.1100437016229,
6,6380,15377.010176,DT,1,0.1,0,0.0,16,78.559,78.559,12729.286268918902,16.0
6,6381,15377.273545,AB,8,0.01,0,0.0,4,7834.547,979.318375,1021.1183875723766,
6,6382,15385.174934,GB,32,0.5,16,0.5,28,239.579,7.48684375,133567.63322327918,
6,6383,15385.453086,AB,1,0.0,0,0.0,26,7653.586,7653.586,130.65770738056645,2.0
6,6384,15405.849859,SGD,1,0.5,1,1.0,23,155.764,155.764,6419.9686705528875,
6,6385,15406.18338,NB,32,0.1,4,0.125,15,124.439,3.88871875,257154.1076350662,
6,6386,15406.347015,GB,16,0.0,0,0.0,7,227.476,14.21725,70337.0905062512,
6,6387,15406.632591,DT,8,0.5,4,0.5,21,88.459,11.057375,90437.37776823161,
6,6388,15406.761981,NB,16,0.01,0,0.0,23,113.412,7.08825,141078.5454801961,
6,6389,15406.91285,NB,1,0.05,0,0.0,12,98.519,98.519,10150.326332991604,
6,6390,15407.067222,SGD,64,0.0,0,0.0,16,162.719,2.542484375,393316.08478419855,
6,6391,15407.286123,GB,8,0.5,5,0.625,10,208.572,26.0715,38356.05929846768,
6,6392,15407.535035,NB,16,1.0,16,1.0,29,112.623,7.0389375,142066.89574953605,
6,6393,15407.685417,AB,16,0.0,0,0.0,8,7896.846,493.552875,2026.1253670136155,
6,6394,15415.643646,RF,8,0.1,3,0.375,24,3086.65,385.83125,2591.806651223819,
6,6395,15418.780289,SGD,32,0.05,0,0.0,13,242.608,7.5815,131900.01978500298,
6,6396,15419.105272,NB,32,1.0,32,1.0,23,132.194,4.1310625,242068.47511989955,
6,6397,15419.299097,LoR,16,0.5,7,0.4375,0,228.819,14.3011875,69924.26328233232,
6,6398,15419.583037,DT,1,0.01,0,0.0,13,126.485,126.485,7906.075819267106,16.0
6,6399,15419.987355,MLP,64,1.0,64,1.0,11,253.057,3.954015625,252907.44772916776,
6,6400,15420.285619,DT,8,0.01,0,0.0,26,93.592,11.699,85477.39123001967,
6,6401,15420.440989,NB,16,0.05,1,0.0625,28,122.464,7.654,130650.64018813692,
6,6402,15420.607053,AB,1,0.01,0,0.0,5,7894.304,7894.304,126.67361175855402,2.0
6,6403,15441.411645,SGD,8,0.5,5,0.625,23,172.476,21.5595,46383.26491801758,
6,6404,15441.693383,DT,8,0.5,3,0.375,25,88.205,11.025625,90697.80624681141,
6,6405,15441.81921,DT,1,0.01,0,0.0,10,81.485,81.485,12272.197336933177,16.0
6,6406,15442.105109,DT,32,0.05,1,0.03125,24,94.514,2.9535625,338574.1794866369,
6,6407,15442.261165,AB,32,0.05,1,0.03125,14,8032.738,251.0230625,3983.6977130338373,
6,6408,15450.335635,MLP,8,1.0,8,1.0,12,192.083,24.010375,41648.66229702785,
6,6409,15450.592487,AB,32,0.1,5,0.15625,16,8113.148,253.535875,3944.214995215174,
6,6410,15458.76077,MLP,64,0.0,0,0.0,6,213.821,3.340953125,299315.78282769234,
6,6411,15459.015003,LoR,8,1.0,8,1.0,3,147.613,18.451625,54195.76866536145,
6,6412,15459.239679,NB,100,0.01,3,0.03,13,183.92,1.8392,543714.6585471944,
6,6413,15459.472569,NB,64,0.0,0,0.0,7,127.417,1.990890625,502287.76379917905,
6,6414,15459.674959,LoR,100,0.05,4,0.04,29,168.105,1.68105,594866.3037982214,
6,6415,15459.879265,SGD,1,1.0,1,1.0,14,144.068,144.068,6941.1666712941105,
6,6416,15460.195769,MLP,8,0.05,1,0.125,11,169.339,21.167375,47242.513537932784,
6,6417,15460.40882,GB,32,1.0,32,1.0,19,267.537,8.36053125,119609.6240893783,
6,6418,15460.75362,GB,100,0.05,5,0.05,12,279.621,2.79621,357626.93073839234,
6,6419,15461.07736,SGD,16,0.01,0,0.0,2,160.165,10.0103125,99896.98123809822,
6,6420,15461.300258,GB,32,0.5,16,0.5,27,231.941,7.24815625,137966.12069448695,
6,6421,15461.606071,GB,64,0.1,8,0.125,19,254.711,3.979859375,251265.15933744516,
6,6422,15461.90423,RF,16,0.01,0,0.0,29,3110.298,194.393625,5144.201616693964,
6,6423,15465.05584,DT,1,1.0,1,1.0,0,90.359,90.359,11066.966212552154,4.0
6,6424,15465.337038,AB,16,1.0,16,1.0,9,7939.101,496.1938125,2015.3415355214654,
6,6425,15473.356214,DT,100,0.1,9,0.09,25,90.208,0.90208,1108549.1308974815,
6,6426,15473.521711,GB,100,0.05,7,0.07,28,328.211,3.2821100000000003,304682.04904771625,
6,6427,15473.893347,SGD,8,0.1,0,0.0,25,160.302,20.03775,49905.80279722025,
6,6428,15474.091228,AB,1,1.0,1,1.0,27,7672.007,7672.007,130.3439895193005,2.0
6,6429,15494.475223,SGD,64,1.0,64,1.0,26,166.229,2.597328125,385011.0389883835,
6,6430,15494.685888,RF,32,1.0,32,1.0,24,3276.501,102.39065625,9766.516170756548,
6,6431,15498.005299,DT,8,0.0,0,0.0,20,91.188,11.3985,87730.84177742685,
6,6432,15498.137146,LoR,1,0.5,0,0.0,17,157.475,157.475,6350.214319733292,
6,6433,15498.452907,SGD,32,0.01,0,0.0,18,153.022,4.7819375,209120.2572179164,
6,6434,15498.645382,LoR,1,0.1,0,0.0,0,139.75,139.75,7155.6350626118065,
6,6435,15498.930298,SGD,8,1.0,8,1.0,7,143.137,17.892125,55890.51048995019,
6,6436,15499.116136,MLP,32,1.0,32,1.0,24,188.751,5.89846875,169535.52563959925,
6,6437,15499.367662,AB,32,0.1,2,0.0625,20,8101.151,253.16096875,3950.0559858716374,
6,6438,15507.532487,GB,16,0.1,1,0.0625,25,220.72,13.795,72490.03262051468,
6,6439,15507.812831,RF,8,0.05,1,0.125,26,3550.351,443.793875,2253.2983358546803,
6,6440,15511.437534,SGD,1,0.1,0,0.0,4,210.34,210.34,4754.2074736141485,
6,6441,15511.876909,LoR,32,0.0,0,0.0,10,164.776,5.14925,194203.03927756468,
6,6442,15512.111202,AB,100,1.0,100,1.0,14,8875.334,88.75334000000001,11267.18160691192,
6,6443,15521.039475,DT,16,0.01,0,0.0,29,82.734,5.170875,193390.86711630045,
6,6444,15521.186522,GB,32,0.1,5,0.15625,22,292.267,9.13334375,109488.92622157137,
6,6445,15521.539704,GB,16,0.5,6,0.375,18,276.539,17.2836875,57858.02364223491,
6,6446,15521.879125,RF,32,0.5,24,0.75,4,3319.117,103.72240625,9641.118405889276,
6,6447,15525.244718,GB,16,0.05,0,0.0,4,231.445,14.4653125,69130.89502905658,
6,6448,15525.537398,GB,16,0.5,10,0.625,1,272.167,17.0104375,58787.43565531458,
6,6449,15525.852404,RF,8,0.01,0,0.0,9,3052.065,381.508125,2621.176154505228,
6,6450,15528.958678,SGD,64,0.0,0,0.0,4,185.712,2.90175,344619.6260877057,
6,6451,15529.188406,AB,32,0.0,0,0.0,12,7986.401,249.57503125,4006.811077981183,
6,6452,15537.249486,NB,64,0.01,1,0.015625,0,138.033,2.156765625,463657.2413843067,
6,6453,15537.430113,DT,32,0.0,0,0.0,17,89.511,2.79721875,357497.96114444034,
6,6454,15537.58768,DT,64,0.01,1,0.015625,4,124.598,1.94684375,513651.90452495223,
6,6455,15537.785789,NB,100,0.5,45,0.45,1,145.059,1.45059,689374.6682384409,
6,6456,15537.984315,MLP,100,1.0,100,1.0,9,257.214,2.57214,388781.32605534693,
6,6457,15538.310053,NB,64,0.1,4,0.0625,6,130.076,2.0324375,492020.0498170301,
6,6458,15538.477293,NB,1,0.05,0,0.0,28,99.371,99.371,10063.298145334153,
6,6459,15538.62491,LoR,16,0.0,0,0.0,16,152.912,9.557,104635.34581981793,
6,6460,15538.836007,SGD,16,0.05,1,0.0625,15,148.867,9.3041875,107478.48750898453,
6,6461,15539.020521,RF,1,1.0,1,1.0,0,3091.631,3091.631,323.4538662602361,8.27
6,6462,15554.927155,GB,32,0.1,3,0.09375,11,235.058,7.3455625,136136.61309123706,
6,6463,15555.223832,NB,100,0.01,0,0.0,9,158.587,1.58587,630568.7099194764,
6,6464,15555.457478,LoR,100,0.5,50,0.5,0,174.216,1.7421600000000002,574000.0918400147,
6,6465,15555.705193,GB,100,0.05,6,0.06,25,274.647,2.74647,364103.7404377255,
6,6466,15556.036871,NB,100,1.0,100,1.0,0,149.268,1.49268,669935.9541227858,
6,6467,15556.246578,LoR,8,0.1,1,0.125,20,156.524,19.5655,51110.372850169944,
6,6468,15556.469779,LoR,64,0.5,36,0.5625,9,158.835,2.481796875,402933.86218402744,
6,6469,15556.695198,RF,64,0.1,4,0.0625,6,3813.318,59.58309375,16783.28426845073,
6,6470,15560.590871,LoR,8,0.5,3,0.375,20,175.892,21.9865,45482.455142928615,
6,6471,15560.823028,GB,8,1.0,8,1.0,25,272.322,34.04025,29376.987536813038,
6,6472,15561.139143,NB,1,0.5,1,1.0,10,112.886,112.886,8858.494410290028,
6,6473,15561.327443,RF,100,0.01,0,0.0,6,3672.921,36.729209999999995,27226.28665304808,
6,6474,15565.072525,LoR,16,0.5,7,0.4375,8,186.388,11.64925,85842.4362083396,
6,6475,15565.333568,SGD,64,0.1,7,0.109375,28,174.308,2.7235625,367166.1656378365,
6,6476,15565.572376,MLP,32,0.5,19,0.59375,2,223.556,6.986125,143140.86850721965,
6,6477,15565.842358,MLP,8,0.1,0,0.0,23,176.36,22.045,45361.7600362894,
6,6478,15566.0993,DT,100,0.01,2,0.02,15,106.487,1.06487,939081.7658493526,
6,6479,15566.24609,DT,1,0.1,0,0.0,27,85.912,85.912,11639.817487661792,16.0
6,6480,15566.566576,LoR,32,0.05,1,0.03125,27,165.432,5.16975,193432.95130325452,
6,6481,15566.79382,AB,8,0.1,2,0.25,5,8001.451,1000.181375,999.818657890925,
6,6482,15574.868876,GB,64,0.1,5,0.078125,10,270.546,4.22728125,236558.66285215825,
6,6483,15575.181441,NB,1,0.5,1,1.0,24,110.339,110.339,9062.978638559349,
6,6484,15575.339065,GB,1,0.1,0,0.0,22,206.033,206.033,4853.591414967505,4.0
6,6485,15588.155314,NB,100,0.0,0,0.0,24,152.374,1.5237399999999999,656279.942772389,
6,6486,15588.357608,GB,64,1.0,64,1.0,4,262.523,4.101921875,243788.16332283264,
6,6487,15588.685048,MLP,32,0.5,16,0.5,25,205.285,6.41515625,155880.84857636943,
6,6488,15588.960583,AB,64,0.5,38,0.59375,19,8382.466,130.97603125,7634.984740767215,
6,6489,15597.38291,GB,1,0.0,0,0.0,13,243.458,243.458,4107.4846585448,4.0
6,6490,15610.285512,SGD,100,1.0,100,1.0,3,180.36,1.8036,554446.6622310933,
6,6491,15610.545455,AB,100,0.05,5,0.05,6,9079.295,90.79295,11014.071026439828,
6,6492,15619.740261,NB,64,0.1,3,0.046875,26,160.981,2.515328125,397562.4452575149,
6,6493,15619.945779,MLP,1,0.01,0,0.0,0,212.729,212.729,4700.816531831579,
6,6494,15620.338911,MLP,64,0.01,0,0.0,28,222.9,3.4828125,287124.2709735307,
6,6495,15620.606155,NB,8,0.05,0,0.0,0,114.749,14.343625,69717.38315802316,
6,6496,15620.781039,MLP,8,0.1,1,0.125,2,180.851,22.606375,44235.309730109315,
6,6497,15621.004404,AB,16,1.0,16,1.0,2,8128.867,508.0541875,1968.2939824209204,
6,6498,15629.178283,MLP,8,0.05,0,0.0,27,176.794,22.09925,45250.40442548955,
6,6499,15629.39672,NB,1,0.1,0,0.0,28,101.697,101.697,9833.131754132373,
6,6500,15629.567503,RF,16,0.5,10,0.625,22,3245.947,202.8716875,4929.224044631659,
6,6501,15632.884056,DT,32,0.1,1,0.03125,9,97.061,3.03315625,329689.57665797794,
6,6502,15633.059695,SGD,100,0.05,5,0.05,25,185.069,1.85069,540339.0086940547,
6,6503,15633.282919,NB,1,1.0,1,1.0,14,104.949,104.949,9528.437622083107,
6,6504,15633.440398,AB,32,0.0,0,0.0,3,8208.409,256.51278125,3898.441220460628,
6,6505,15641.70816,MLP,16,0.01,0,0.0,25,185.186,11.574125,86399.6198416727,
6,6506,15641.938304,MLP,16,0.01,0,0.0,6,178.695,11.1684375,89538.03967654383,
6,6507,15642.158489,AB,1,0.0,0,0.0,16,8083.93,8083.93,123.70220919775406,2.0
6,6508,15663.088535,DT,64,0.1,6,0.09375,11,98.051,1.532046875,652721.5428705469,
6,6509,15663.227221,AB,16,0.0,0,0.0,25,8056.005,503.5003125,1986.096086087335,
6,6510,15671.325326,SGD,8,1.0,8,1.0,0,167.263,20.907875,47828.86830918972,
6,6511,15671.558357,SGD,32,0.05,2,0.0625,3,154.304,4.822,207382.8287017835,
6,6512,15671.763009,DT,64,0.0,0,0.0,27,91.31,1.42671875,700908.9913481546,
6,6513,15671.891123,AB,1,0.0,0,0.0,15,7795.575,7795.575,128.27790124525774,2.0
6,6514,15692.334282,DT,100,1.0,100,1.0,9,97.97,0.9797,1020720.6287639074,
6,6515,15692.470297,GB,1,1.0,1,1.0,14,244.407,244.407,4091.5358398081885,4.0
6,6516,15705.42887,AB,64,1.0,64,1.0,29,9071.237,141.738078125,7055.267104144672,
6,6517,15714.562464,RF,1,1.0,1,1.0,18,3178.979,3178.979,314.5664063839365,6.85
6,6518,15730.95584,GB,8,0.05,1,0.125,18,281.841,35.230125,28384.798521151995,
6,6519,15731.285805,GB,8,0.01,0,0.0,20,226.731,28.341375,35284.103188359775,
6,6520,15731.55576,AB,1,0.5,1,1.0,20,7837.683,7837.683,127.58872743386024,2.0
6,6521,15752.119476,RF,64,0.0,0,0.0,16,3454.303,53.973484375,18527.616135585096,
6,6522,15755.620445,RF,8,0.1,0,0.0,23,3204.605,400.575625,2496.407513562514,
6,6523,15758.870958,RF,8,0.01,0,0.0,23,3133.796,391.7245,2552.8145418527565,
6,6524,15762.046523,GB,1,0.0,0,0.0,8,228.332,228.332,4379.5876180298865,4.0
6,6525,15774.985752,GB,8,0.5,6,0.75,2,221.616,27.702,36098.476644285605,
6,6526,15775.271671,GB,100,0.01,0,0.0,24,280.465,2.8046499999999996,356550.7282548625,
6,6527,15775.597986,NB,16,0.01,0,0.0,25,129.232,8.077,123808.34468243159,
6,6528,15775.771111,MLP,32,1.0,32,1.0,29,231.033,7.21978125,138508.35162076415,
6,6529,15776.044786,DT,8,0.1,0,0.0,9,91.302,11.41275,87621.30073820945,
6,6530,15776.175789,AB,1,0.5,0,0.0,23,7773.692,7773.692,128.63900447818102,2.0
6,6531,15796.660788,GB,100,1.0,100,1.0,12,287.609,2.8760899999999996,347694.2654784795,
6,6532,15796.995352,DT,32,0.0,0,0.0,28,96.435,3.01359375,331829.7298698605,
6,6533,15797.136021,GB,32,1.0,32,1.0,6,232.746,7.2733125,137488.93643714607,
6,6534,15797.440539,DT,64,0.01,1,0.015625,14,97.155,1.518046875,658741.1867634193,
6,6535,15797.631353,LoR,64,0.05,2,0.03125,10,193.979,3.030921875,329932.6215724382,
6,6536,15797.871371,RF,32,0.01,0,0.0,26,3153.318,98.5411875,10148.040888993752,
6,6537,15801.07243,NB,16,0.01,0,0.0,19,125.205,7.8253125,127790.4237051236,
6,6538,15801.274817,SGD,100,0.5,57,0.57,19,181.841,1.81841,549930.9836615504,
6,6539,15801.539174,SGD,100,0.01,1,0.01,14,204.844,2.04844,488176.36835836055,
6,6540,15801.821705,RF,100,0.01,2,0.02,21,3482.055,34.82055,28718.673312167673,
6,6541,15805.368672,DT,8,0.1,1,0.125,15,93.836,11.7295,85255.12596444861,
6,6542,15805.522886,SGD,16,0.5,9,0.5625,18,199.991,12.4994375,80003.60016200728,
6,6543,15805.764199,NB,8,0.01,0,0.0,11,112.033,14.004125,71407.53170940705,
6,6544,15805.916595,MLP,8,0.01,0,0.0,11,187.112,23.389,42755.141305742014,
6,6545,15806.164507,GB,16,0.5,7,0.4375,10,227.896,14.2435,70207.46305332257,
6,6546,15806.45664,MLP,32,0.5,14,0.4375,15,198.514,6.2035625,161197.69890284815,
6,6547,15806.722173,GB,32,0.5,16,0.5,4,239.453,7.48290625,133637.91641783566,
6,6548,15807.025011,DT,32,0.5,15,0.46875,17,94.37,2.9490625,339090.81275829184,
6,6549,15807.186911,NB,64,0.1,5,0.078125,29,142.629,2.228578125,448716.6004108562,
6,6550,15807.384378,AB,8,0.5,3,0.375,10,8025.786,1003.22325,996.7871059607121,
6,6551,15815.48469,NB,64,0.5,39,0.609375,22,134.709,2.104828125,475098.1745837323,
6,6552,15815.689185,RF,64,0.05,5,0.078125,28,3405.379,53.209046875,18793.796520152384,
6,6553,15819.14263,NB,16,0.1,0,0.0,3,124.208,7.763,128816.1793121216,
6,6554,15819.308838,SGD,8,0.01,0,0.0,2,160.801,20.100125,49750.934384736414,
6,6555,15819.547275,AB,100,0.05,3,0.03,4,8692.771,86.92771,11503.811615421595,
6,6556,15828.285188,AB,8,0.01,0,0.0,16,7935.055,991.881875,1008.1845683489277,
6,6557,15836.26637,NB,32,0.0,0,0.0,21,121.594,3.7998125,263170.88014211226,
6,6558,15836.430308,LoR,8,0.05,0,0.0,10,152.837,19.104625,52343.34617926288,
6,6559,15836.644027,RF,16,0.5,9,0.5625,28,3172.07,198.254375,5044.0248796527185,
6,6560,15839.88579,GB,32,0.1,3,0.09375,25,246.836,7.713625,129640.73311834577,
6,6561,15840.178223,DT,1,0.01,0,0.0,1,90.672,90.672,11028.763013940357,16.0
6,6562,15840.491686,GB,32,0.05,1,0.03125,29,235.572,7.361625,135839.57346373933,
6,6563,15840.769718,GB,16,0.0,0,0.0,0,215.738,13.483625,74164.03229843607,
6,6564,15841.025888,GB,1,0.01,0,0.0,12,200.496,200.496,4987.630675923709,4.0
6,6565,15853.870881,MLP,8,0.5,5,0.625,4,190.871,23.858875,41913.124571045366,
6,6566,15854.100478,RF,1,1.0,1,1.0,6,3019.887,3019.887,331.1382180856436,7.88
6,6567,15869.878715,NB,100,0.0,0,0.0,2,156.947,1.56947,637157.7666345964,
6,6568,15870.077931,GB,8,0.01,0,0.0,15,217.787,27.223375,36733.13834159064,
6,6569,15870.366542,RF,64,0.05,6,0.09375,19,3383.207,52.862609375,18916.962515152045,
6,6570,15873.826409,RF,64,0.1,8,0.125,14,3346.873,52.294890625,19122.327019877957,
6,6571,15877.249039,GB,64,0.01,1,0.015625,1,264.488,4.132625,241976.95169535102,
6,6572,15877.580301,AB,32,0.5,15,0.46875,1,8151.094,254.7216875,3925.8533885144743,
6,6573,15885.773379,RF,8,0.0,0,0.0,20,3095.052,386.8815,2584.7707889883595,
6,6574,15888.91245,DT,1,0.5,0,0.0,9,91.433,91.433,10936.970240503975,16.0
6,6575,15889.206978,AB,64,1.0,64,1.0,3,8393.788,131.1529375,7624.686256074135,
6,6576,15897.711652,RF,100,0.5,44,0.44,12,3537.003,35.37003,28272.52337642914,
6,6577,15901.29289,SGD,1,0.01,0,0.0,27,171.27,171.27,5838.734162433584,
6,6578,15901.675672,LoR,100,1.0,100,1.0,25,172.894,1.7289400000000001,578389.0707601189,
6,6579,15901.899953,AB,64,0.0,0,0.0,5,8338.743,130.292859375,7675.017685519268,
6,6580,15910.280877,AB,1,0.5,0,0.0,5,7561.095,7561.095,132.25597615160237,2.0
6,6581,15930.772201,RF,32,0.05,1,0.03125,17,3311.607,103.48771875,9662.98235267651,
6,6582,15934.153331,LoR,100,0.01,0,0.0,25,199.599,1.99599,501004.5140506716,
6,6583,15934.4238,MLP,64,0.1,9,0.140625,3,235.055,3.672734375,272276.701197592,
6,6584,15934.736768,MLP,100,0.5,44,0.44,21,226.143,2.26143,442198.07820715214,
6,6585,15935.006403,AB,16,0.05,0,0.0,29,7936.774,496.048375,2015.9324178816228,
6,6586,15942.997599,GB,64,0.01,0,0.0,22,287.941,4.499078125,222267.7562417301,
6,6587,15943.330934,RF,16,0.01,0,0.0,28,3129.465,195.5915625,5112.69498141056,
6,6588,15946.53446,NB,64,0.05,3,0.046875,25,144.532,2.2583125,442808.51299366227,
6,6589,15946.746748,MLP,64,0.1,8,0.125,16,222.461,3.475953125,287690.876153573,
6,6590,15947.026398,DT,100,1.0,100,1.0,1,96.934,0.96934,1031629.7687086059,
6,6591,15947.165307,LoR,32,1.0,32,1.0,27,158.096,4.9405,202408.6630907803,
6,6592,15947.36339,GB,8,0.01,0,0.0,29,224.249,28.031125,35674.629541268856,
6,6593,15947.628524,NB,1,0.1,0,0.0,24,103.728,103.728,9640.598488354157,
6,6594,15947.796769,NB,100,1.0,100,1.0,16,145.609,1.45609,686770.7353254263,
6,6595,15948.003088,DT,32,0.01,1,0.03125,11,91.954,2.8735625,348000.08700002177,
6,6596,15948.12966,RF,1,1.0,1,1.0,5,3077.845,3077.845,324.9026510431812,7.97
6,6597,15964.319781,RF,1,0.1,1,1.0,0,3066.955,3066.955,326.0563001413454,7.88
6,6598,15980.010019,MLP,1,0.1,0,0.0,29,193.472,193.472,5168.706582864704,
6,6599,15980.391782,RF,64,0.5,19,0.296875,24,3418.856,53.419625,18719.71209082804,
6,6600,15983.862188,AB,32,0.01,0,0.0,13,8179.722,255.6163125,3912.113394562798,
6,6601,15992.095095,LoR,64,0.0,0,0.0,13,165.509,2.586078125,386685.9204031201,
6,6602,15992.302044,MLP,16,1.0,16,1.0,17,179.162,11.197625,89304.65165604313,
6,6603,15992.519426,AB,1,1.0,1,1.0,29,7706.643,7706.643,129.7581839459801,2.0
6,6604,16012.804915,LoR,100,0.5,52,0.52,25,174.363,1.74363,573516.1702884213,
6,6605,16013.041856,GB,32,0.05,2,0.0625,27,264.048,8.2515,121190.08665091195,
6,6606,16013.346834,DT,1,0.01,0,0.0,26,91.561,91.561,10921.680628215068,16.0
6,6607,16013.648974,DT,16,0.0,0,0.0,17,113.943,7.1214375,140421.0877368509,
6,6608,16013.801904,NB,1,0.1,0,0.0,10,108.069,108.069,9253.347398421378,
6,6609,16013.992821,NB,100,0.01,2,0.02,11,157.061,1.57061,636695.296731843,
6,6610,16014.184985,LoR,1,1.0,1,1.0,2,150.558,150.558,6641.958580746291,
6,6611,16014.50698,DT,32,0.1,2,0.0625,10,88.876,2.777375,360052.20757009764,
6,6612,16014.635396,AB,8,0.01,0,0.0,10,7929.466,991.18325,1008.895176547828,
6,6613,16022.631606,NB,32,0.5,16,0.5,24,118.688,3.709,269614.45133459155,
6,6614,16022.792632,RF,16,0.1,0,0.0,21,3153.823,197.1139375,5073.207976478071,
6,6615,16026.02102,MLP,64,0.5,31,0.484375,2,227.615,3.556484375,281176.54811853345,
6,6616,16026.293484,RF,16,0.05,0,0.0,9,3149.943,196.8714375,5079.456993348768,
6,6617,16029.496494,RF,64,0.0,0,0.0,19,3253.985,50.843515625,19668.19146369759,
6,6618,16032.815033,DT,16,0.5,8,0.5,27,93.615,5.8509375,170912.7810714095,
6,6619,16032.970983,NB,32,0.05,1,0.03125,20,125.397,3.91865625,255189.5180905444,
6,6620,16033.154162,GB,16,0.01,1,0.0625,23,246.336,15.396,64951.93556767992,
6,6621,16033.463196,RF,32,0.5,18,0.5625,20,3150.726,98.4601875,10156.389352803131,
6,6622,16036.655768,LoR,8,1.0,8,1.0,11,162.647,20.330875,49186.27457008122,
6,6623,16036.896443,RF,100,0.05,4,0.04,19,3943.635,39.436350000000004,25357.316283073862,
6,6624,16040.938318,RF,8,0.5,3,0.375,24,3237.183,404.647875,2471.2844470022237,
6,6625,16044.232345,SGD,64,0.0,0,0.0,22,200.349,3.130453125,319442.57271062,
6,6626,16044.474793,DT,1,0.1,0,0.0,21,91.991,91.991,10870.62864845474,16.0
6,6627,16044.926463,GB,100,0.1,8,0.08,25,441.99,4.4199,226249.4626575262,
6,6628,16045.416128,DT,16,0.01,0,0.0,7,97.363,6.0851875,164333.47370150877,
6,6629,16045.584036,RF,32,0.1,6,0.1875,10,3337.89,104.3090625,9586.894714924698,
6,6630,16048.979934,RF,8,0.05,0,0.0,11,3125.093,390.636625,2559.923816667216,
6,6631,16052.150185,NB,1,0.1,0,0.0,27,121.13,121.13,8255.59316436886,
6,6632,16052.318635,LoR,1,1.0,1,1.0,21,168.013,168.013,5951.920387112902,
6,6633,16052.641528,SGD,8,1.0,8,1.0,12,148.096,18.512,54019.014693171994,
6,6634,16052.831236,NB,8,0.01,0,0.0,7,107.375,13.421875,74505.23864959255,
6,6635,16053.009458,SGD,64,0.05,1,0.015625,2,158.952,2.483625,402637.27414565405,
6,6636,16053.238249,LoR,64,0.5,29,0.453125,2,170.835,2.669296875,374630.4914098399,
6,6637,16053.456853,MLP,32,1.0,32,1.0,14,254.605,7.95640625,125684.88442882113,
6,6638,16053.753401,RF,8,0.05,0,0.0,22,3531.146,441.39325,2265.553449220168,
6,6639,16057.351214,MLP,1,0.05,0,0.0,19,219.226,219.226,4561.502741463148,
6,6640,16057.76076,NB,1,0.01,0,0.0,25,110.808,110.808,9024.619161071401,
6,6641,16057.971008,LoR,100,0.5,54,0.54,14,207.431,2.07431,482088.01963062416,
6,6642,16058.219469,AB,1,0.1,0,0.0,14,8091.994,8091.994,123.57893493247771,2.0
6,6643,16079.810244,GB,32,0.5,14,0.4375,3,303.639,9.48871875,105388.30650871593,
6,6644,16080.161852,DT,16,0.0,0,0.0,8,103.529,6.4705625,154546.06921732076,
6,6645,16080.310143,AB,16,0.01,0,0.0,25,8091.793,505.7370625,1977.3120740977927,
6,6646,16088.443972,NB,1,0.5,0,0.0,26,109.558,109.558,9127.585388561309,
6,6647,16088.610438,AB,16,1.0,16,1.0,13,7974.232,498.3895,2006.462816732696,
6,6648,16096.64067,NB,64,1.0,64,1.0,20,135.04,2.11,473933.64928909956,
6,6649,16096.817254,RF,8,0.01,0,0.0,17,3285.347,410.668375,2435.054805474125,
6,6650,16100.172592,AB,32,0.5,15,0.46875,17,8162.133,255.06665625,3920.5438088303636,
6,6651,16108.396985,NB,100,0.0,0,0.0,3,170.267,1.70267,587312.8674376127,
6,6652,16108.609923,AB,8,0.01,0,0.0,5,7970.989,996.373625,1003.6395734581995,
6,6653,16116.642081,GB,100,0.0,0,0.0,25,300.991,3.0099099999999996,332235.84758348257,
6,6654,16117.023821,NB,100,0.05,7,0.07,24,154.671,1.54671,646533.6100497184,
6,6655,16117.237055,LoR,16,0.1,2,0.125,1,177.309,11.0818125,90237.94618434485,
6,6656,16117.476038,SGD,32,0.5,16,0.5,17,162.806,5.0876875,196552.95259388472,
6,6657,16117.677761,MLP,8,0.0,0,0.0,0,188.336,23.542,42477.27465805793,
6,6658,16117.905622,NB,8,1.0,8,1.0,15,108.749,13.593625,73563.89484041232,
6,6659,16118.053604,MLP,1,0.05,1,1.0,15,166.616,166.616,6001.824554664618,
6,6660,16118.379052,SGD,1,0.01,0,0.0,5,143.167,143.167,6984.849860652245,
6,6661,16118.698841,AB,64,0.5,34,0.53125,21,8338.318,130.28621875,7675.40887742588,
6,6662,16127.100198,LoR,8,0.1,2,0.25,14,151.215,18.901875,52904.80441755117,
6,6663,16127.322166,MLP,64,0.05,3,0.046875,3,211.402,3.30315625,302740.7498509948,
6,6664,16127.574696,RF,1,0.01,0,0.0,11,3049.115,3049.115,327.96401578818774,10.98
6,6665,16143.485094,NB,100,0.05,5,0.05,21,172.209,1.7220900000000001,580689.7432770645,
6,6666,16143.695022,LoR,1,1.0,1,1.0,12,154.78,154.78,6460.783046905285,
6,6667,16144.027606,DT,32,0.1,4,0.125,4,91.818,2.8693125,348515.54161493387,
6,6668,16144.157603,RF,8,1.0,8,1.0,21,3097.527,387.190875,2582.705493769707,
6,6669,16147.302018,MLP,16,0.1,0,0.0,10,196.207,12.2629375,81546.52994031814,
6,6670,16147.544792,GB,32,1.0,32,1.0,4,251.622,7.8631875,127174.88931810413,
6,6671,16147.841771,SGD,32,1.0,32,1.0,10,163.502,5.1094375,195716.26035155533,
6,6672,16148.084642,MLP,100,0.5,47,0.47,24,237.131,2.37131,421707.8323795708,
6,6673,16148.367001,AB,32,0.0,0,0.0,26,8190.235,255.94484375,3907.091798953266,
6,6674,16156.625216,NB,32,0.5,16,0.5,11,122.483,3.82759375,261260.74638929483,
6,6675,16156.818047,SGD,8,0.01,0,0.0,5,155.354,19.41925,51495.294617454325,
6,6676,16157.043651,NB,64,0.5,29,0.453125,24,133.493,2.085828125,479425.8874997191,
6,6677,16157.219291,GB,1,0.05,0,0.0,21,211.604,211.604,4725.8085858490385,4.0
6,6678,16170.209593,DT,64,0.5,27,0.421875,25,96.861,1.513453125,660740.6489712062,
6,6679,16170.346581,RF,1,0.05,1,1.0,14,3029.192,3029.192,330.12103557648373,6.87
6,6680,16186.356586,AB,64,0.05,2,0.03125,24,8395.452,131.1789375,7623.175023810511,
6,6681,16194.797506,NB,8,0.01,0,0.0,21,111.645,13.955625,71655.69438846344,
6,6682,16194.967788,NB,8,0.5,4,0.5,15,106.836,13.3545,74881.12621213823,
6,6683,16195.122155,RF,64,1.0,64,1.0,11,3308.482,51.69503125,19344.218889508844,
6,6684,16198.500779,NB,32,0.1,2,0.0625,18,130.891,4.09034375,244478.22997761497,
6,6685,16198.669866,MLP,8,0.0,0,0.0,23,190.299,23.787375,42039.10687917435,
6,6686,16198.925667,RF,32,0.01,1,0.03125,27,3277.336,102.41675,9764.027856771476,
6,6687,16202.247433,DT,1,0.5,0,0.0,17,92.04,92.04,10864.841373315949,16.0
6,6688,16202.532412,DT,8,1.0,8,1.0,6,89.497,11.187125,89388.47112193705,
6,6689,16202.662024,LoR,1,0.05,0,0.0,22,156.666,156.666,6383.005885131426,
6,6690,16203.002181,SGD,64,0.5,35,0.546875,16,163.873,2.560515625,390546.337712741,
6,6691,16203.228763,DT,32,0.5,17,0.53125,3,91.286,2.8526875,350546.63365685864,
6,6692,16203.375898,AB,100,0.0,0,0.0,20,8575.035,85.75035,11661.759981154597,
6,6693,16212.023395,DT,64,0.5,37,0.578125,7,85.409,1.334515625,749335.550117669,
6,6694,16212.1491,MLP,8,0.01,0,0.0,0,174.716,21.8395,45788.59406121935,
6,6695,16212.367221,NB,1,0.1,0,0.0,18,101.099,101.099,9891.29467155956,
6,6696,16212.545222,NB,64,0.05,2,0.03125,15,129.028,2.0160625,496016.3685401619,
6,6697,16212.721224,GB,64,1.0,64,1.0,27,265.434,4.14740625,241114.55201669715,
6,6698,16213.037491,SGD,64,0.0,0,0.0,26,167.671,2.619859375,381699.8765439462,
6,6699,16213.24472,AB,1,0.5,1,1.0,2,7521.842,7521.842,132.9461586669861,2.0
6,6700,16233.169467,NB,1,0.5,1,1.0,6,105.016,105.016,9522.358497752723,
6,6701,16233.351996,GB,64,0.1,4,0.0625,14,287.81,4.49703125,222368.923942879,
6,6702,16233.684779,LoR,32,0.0,0,0.0,24,162.046,5.0639375,197474.79110869754,
6,6703,16233.886184,MLP,8,0.0,0,0.0,14,173.077,21.634625,46222.20167902148,
6,6704,16234.102772,SGD,32,0.0,0,0.0,1,152.382,4.7619375,209998.5562599257,
6,6705,16234.294969,SGD,16,1.0,16,1.0,20,143.106,8.944125,111805.23528014199,
6,6706,16234.495258,DT,8,0.1,2,0.25,7,88.522,11.06525,90373.01461783511,
6,6707,16234.658628,GB,100,0.01,1,0.01,9,268.207,2.68207,372846.34629222954,
6,6708,16235.003745,RF,100,0.1,10,0.1,11,3510.803,35.10803,28483.512176559037,
6,6709,16238.575542,LoR,100,1.0,100,1.0,3,179.113,1.7911299999999999,558306.7672363257,
6,6710,16238.795081,LoR,8,0.0,0,0.0,9,148.955,18.619375,53707.49555234802,
6,6711,16238.985126,DT,8,0.01,0,0.0,16,86.79,10.84875,92176.51803203134,
6,6712,16239.110377,SGD,1,0.05,0,0.0,21,146.6,146.6,6821.2824010914055,
6,6713,16239.420263,SGD,100,0.0,0,0.0,0,161.843,1.6184299999999998,617882.7629245628,
6,6714,16239.631842,SGD,64,0.0,0,0.0,20,152.4,2.38125,419947.50656167977,
6,6715,16239.859925,SGD,64,0.1,6,0.09375,24,153.457,2.397765625,417054.94047192374,
6,6716,16240.052148,SGD,16,0.0,0,0.0,25,142.127,8.8829375,112575.37273002314,
6,6717,16240.255294,DT,8,0.5,3,0.375,11,84.197,10.524625,95015.26182643087,
6,6718,16240.396945,DT,16,0.1,1,0.0625,1,82.361,5.1475625,194266.70390111825,
6,6719,16240.525981,NB,64,0.0,0,0.0,24,131.744,2.0585,485790.62424095214,
6,6720,16240.694003,DT,8,0.0,0,0.0,29,83.871,10.483875,95384.57869823897,
6,6721,16240.824954,RF,64,1.0,64,1.0,22,3231.855,50.497734375,19802.868631173118,
6,6722,16244.124889,GB,32,0.5,13,0.40625,19,244.758,7.6486875,130741.3853684047,
6,6723,16244.447889,RF,100,0.1,17,0.17,4,3455.858,34.55858,28936.374121853383,
6,6724,16247.968723,AB,16,0.5,8,0.5,18,7902.864,493.929,2024.5824804779636,
6,6725,16255.913102,AB,8,1.0,8,1.0,15,7789.307,973.663375,1027.049004487819,
6,6726,16263.754435,RF,64,0.0,0,0.0,20,3385.541,52.899078125,18903.92111630017,
6,6727,16267.222191,MLP,100,0.05,8,0.08,6,253.755,2.53755,394080.9048097574,
6,6728,16267.515478,GB,1,1.0,1,1.0,24,209.946,209.946,4763.129566650472,4.0
6,6729,16280.623457,RF,1,0.5,1,1.0,29,2990.794,2990.794,334.3593707891617,8.27
6,6730,16296.34612,LoR,32,1.0,32,1.0,1,202.126,6.3164375,158317.08934031246,
6,6731,16296.588851,GB,1,0.5,0,0.0,8,209.549,209.549,4772.153529723358,4.0
6,6732,16309.409452,AB,100,0.1,11,0.11,9,8585.007,85.85007,11648.214148223758,
6,6733,16318.041197,NB,32,0.0,0,0.0,20,122.574,3.8304375,261066.78414671952,
6,6734,16318.240506,MLP,100,0.05,10,0.1,19,247.075,2.47075,404735.40422948496,
6,6735,16318.528917,MLP,16,0.0,0,0.0,19,175.214,10.950875,91316.90390037326,
6,6736,16318.744527,SGD,1,0.01,0,0.0,11,144.458,144.458,6922.427279901424,
6,6737,16319.037473,NB,8,1.0,8,1.0,14,108.143,13.517875,73976.12420591254,
6,6738,16319.214094,RF,64,0.01,1,0.015625,21,3333.001,52.078140625,19201.914430868757,
6,6739,16322.594324,LoR,32,1.0,32,1.0,9,167.229,5.22590625,191354.37035442414,
6,6740,16322.814121,DT,64,0.01,0,0.0,11,94.392,1.474875,678023.5613187558,
6,6741,16322.965654,DT,100,0.0,0,0.0,25,93.338,0.93338,1071375.0026784376,
6,6742,16323.125842,GB,64,0.1,9,0.140625,23,259.245,4.050703125,246870.72074678392,
6,6743,16323.426145,RF,1,0.01,0,0.0,19,3011.535,3011.535,332.0565757993847,9.99
6,6744,16339.173428,DT,64,0.1,6,0.09375,27,93.496,1.460875,684521.2629417302,
6,6745,16339.334861,DT,64,0.5,31,0.484375,15,89.463,1.397859375,715379.542380649,
6,6746,16339.490298,DT,64,0.05,5,0.078125,5,92.17,1.44015625,694369.1005750244,
6,6747,16339.636044,NB,100,0.0,0,0.0,19,150.116,1.50116,666151.5094993204,
6,6748,16339.823621,MLP,1,0.05,0,0.0,24,172.607,172.607,5793.507795164738,
6,6749,16340.145296,NB,1,0.1,0,0.0,19,99.943,99.943,10005.703250852986,
6,6750,16340.315081,DT,32,0.5,15,0.46875,18,90.086,2.8151875,355216.1268121573,
6,6751,16340.472132,AB,64,0.05,1,0.015625,25,8141.956,127.2180625,7860.519020245258,
6,6752,16348.694225,GB,100,0.05,4,0.04,14,276.715,2.7671499999999996,361382.65001897264,
6,6753,16349.029553,GB,100,0.0,0,0.0,26,272.72,2.7272000000000003,366676.4447051921,
6,6754,16349.344407,GB,1,0.05,0,0.0,19,202.038,202.038,4949.563943416585,4.0
6,6755,16362.06353,LoR,100,0.05,8,0.08,10,175.031,1.75031,571327.364866795,
6,6756,16362.308968,LoR,64,0.01,1,0.015625,14,157.987,2.468546875,405096.6218739517,
6,6757,16362.512536,RF,16,0.01,0,0.0,4,3051.247,190.7029375,5243.757716107546,
6,6758,16365.613042,RF,8,0.05,0,0.0,23,3030.148,378.7685,2640.135069310146,
6,6759,16368.69627,SGD,64,1.0,64,1.0,5,173.357,2.708703125,369180.3619121235,
6,6760,16368.91046,SGD,1,0.1,0,0.0,27,146.082,146.082,6845.470352267905,
6,6761,16369.222486,AB,8,0.5,3,0.375,17,7846.726,980.84075,1019.5334971553741,
6,6762,16377.130192,DT,8,0.5,5,0.625,23,80.433,10.054125,99461.66374498028,
6,6763,16377.285593,RF,100,0.05,4,0.04,20,3384.585,33.84585,29545.71978543898,
6,6764,16380.745366,SGD,64,0.05,1,0.015625,27,173.474,2.71053125,368931.3672365888,
6,6765,16380.959732,GB,1,0.1,0,0.0,8,208.434,208.434,4797.681760173484,4.0
6,6766,16393.755838,LoR,8,0.5,5,0.625,8,157.315,19.664375,50853.38333916028,
6,6767,16393.966105,DT,64,1.0,64,1.0,24,127.554,1.99303125,501748.2791601988,
6,6768,16394.133747,DT,8,0.1,0,0.0,11,82.384,10.298,97106.23422023693,
6,6769,16394.253555,DT,1,0.1,0,0.0,24,79.168,79.168,12631.366208569118,16.0
6,6770,16394.512781,SGD,16,1.0,16,1.0,12,155.911,9.7444375,102622.65010166056,
6,6771,16394.712226,RF,32,1.0,32,1.0,9,3137.889,98.05903125,10197.938805356085,
6,6772,16397.90402,MLP,64,1.0,64,1.0,10,232.356,3.6305625,275439.4119368555,
6,6773,16398.198177,GB,16,0.5,10,0.625,27,268.354,16.772125,59622.73713080484,
6,6774,16398.519329,DT,8,0.0,0,0.0,11,87.541,10.942625,91385.75067682572,
6,6775,16398.648813,GB,16,0.01,0,0.0,9,210.619,13.1636875,75966.55572384258,
6,6776,16398.900222,LoR,16,1.0,16,1.0,25,154.983,9.6864375,103237.12923352883,
6,6777,16399.127979,LoR,8,0.05,1,0.125,18,159.459,19.932375,50169.63608200227,
6,6778,16399.327476,AB,8,0.05,0,0.0,10,7824.194,978.02425,1022.4695348811647,
6,6779,16407.211789,AB,100,1.0,100,1.0,10,8452.679,84.52679,11830.56874631108,
6,6780,16415.710433,AB,32,1.0,32,1.0,22,8317.271,259.91471875,3847.415817039026,
6,6781,16424.137945,AB,64,0.1,10,0.15625,10,8335.806,130.24696875,7677.72186636781,
6,6782,16432.522224,SGD,8,0.01,0,0.0,21,169.117,21.139625,47304.52881732765,
6,6783,16432.754789,LoR,100,0.01,0,0.0,10,164.204,1.6420400000000002,608998.5627633919,
6,6784,16432.95803,LoR,8,1.0,8,1.0,22,139.398,17.42475,57389.632562877516,
6,6785,16433.159649,AB,32,0.5,18,0.5625,8,7994.313,249.82228125,4002.8455228110283,
6,6786,16441.217371,GB,16,0.05,2,0.125,22,258.214,16.138375,61964.107290851774,
6,6787,16441.534311,DT,100,1.0,100,1.0,21,149.478,1.49478,668994.7684609107,
6,6788,16441.723065,SGD,8,1.0,8,1.0,8,155.388,19.4235,51484.02708059824,
6,6789,16441.936697,GB,16,0.5,7,0.4375,12,230.198,14.387375,69505.38232304364,
6,6790,16442.244213,DT,100,0.5,43,0.43,27,97.083,0.97083,1030046.4550951248,
6,6791,16442.402629,MLP,32,0.1,2,0.0625,17,211.902,6.6219375,151013.20421704373,
6,6792,16442.691912,MLP,100,0.05,3,0.03,3,284.123,2.84123,351960.2425709992,
6,6793,16443.016529,SGD,16,0.0,0,0.0,29,148.082,9.255125,108048.24354074095,
6,6794,16443.203994,MLP,1,0.01,0,0.0,11,157.191,157.191,6361.687373959069,
6,6795,16443.543833,RF,8,0.5,2,0.25,28,3114.527,389.315875,2568.608331216907,
6,6796,16446.702598,NB,16,0.0,0,0.0,19,127.422,7.963875,125567.01354554159,
6,6797,16446.88841,DT,8,0.1,2,0.25,25,90.291,11.286375,88602.40777043116,
6,6798,16447.045446,DT,64,0.5,28,0.4375,8,90.721,1.417515625,705459.5959039252,
6,6799,16447.202089,SGD,64,0.05,3,0.046875,13,165.372,2.5839375,387006.2646639092,
6,6800,16447.425932,SGD,16,0.5,9,0.5625,16,149.669,9.3543125,106902.5649934188,
6,6801,16447.614545,DT,16,1.0,16,1.0,15,84.543,5.2839375,189252.80626426789,
6,6802,16447.772512,RF,100,0.01,2,0.02,27,3446.797,34.46797,29012.442566243386,
6,6803,16451.288246,DT,100,1.0,100,1.0,0,99.822,0.99822,1001783.1740498086,
6,6804,16451.441127,DT,64,0.01,0,0.0,7,91.525,1.430078125,699262.4965856323,
6,6805,16451.594717,NB,32,0.5,13,0.40625,9,124.198,3.8811875,257653.10230438496,
6,6806,16451.784866,NB,64,0.5,39,0.609375,14,130.676,2.0418125,489760.9354433867,
6,6807,16451.957387,RF,1,0.5,1,1.0,21,3069.527,3069.527,325.7830929651376,7.88
6,6808,16467.67488,SGD,8,0.05,0,0.0,17,157.652,19.7065,50744.67815187883,
6,6809,16467.874126,SGD,16,0.0,0,0.0,3,148.626,9.289125,107652.76600325649,
6,6810,16468.064057,GB,8,0.01,0,0.0,18,217.62,27.2025,36761.32708390773,
6,6811,16468.32274,NB,1,0.1,0,0.0,22,102.408,102.408,9764.862120146863,
6,6812,16468.474239,GB,16,1.0,16,1.0,10,216.992,13.562,73735.4372511429,
6,6813,16468.751332,LoR,100,0.01,0,0.0,28,172.869,1.72869,578472.7163343341,
6,6814,16468.964293,GB,1,0.01,0,0.0,5,199.435,199.435,5014.165016170682,4.0
6,6815,16481.687853,LoR,32,0.0,0,0.0,23,160.015,5.00046875,199981.25175764773,
6,6816,16481.888501,RF,1,0.5,1,1.0,18,2963.692,2963.692,337.41697855242717,6.85
6,6817,16497.548375,NB,16,0.0,0,0.0,20,170.153,10.6345625,94033.01734321464,
6,6818,16497.779036,MLP,16,0.1,1,0.0625,11,212.851,13.3031875,75169.95456915871,
6,6819,16498.065613,RF,16,0.1,3,0.1875,16,3166.465,197.9040625,5052.953372293709,
6,6820,16501.275854,GB,1,0.01,0,0.0,11,224.39,224.39,4456.526583181069,4.0
6,6821,16514.217595,AB,8,0.5,4,0.5,1,8151.067,1018.883375,981.4665981766559,
6,6822,16522.460222,RF,64,0.5,32,0.5,0,3537.617,55.275265625,18091.274437000953,
6,6823,16526.064537,NB,8,0.1,1,0.125,22,127.389,15.923625,62799.770780836654,
6,6824,16526.248506,GB,8,0.5,5,0.625,12,260.453,32.556625,30715.714543506892,
6,6825,16526.560349,NB,64,0.0,0,0.0,20,137.474,2.14803125,465542.5753233339,
6,6826,16526.735468,LoR,8,0.0,0,0.0,18,173.603,21.700375,46082.152958186205,
6,6827,16526.952632,LoR,1,0.1,0,0.0,25,144.506,144.506,6920.127883963296,
6,6828,16527.292252,NB,100,0.01,4,0.04,24,172.249,1.7224899999999999,580554.894368037,
6,6829,16527.503104,MLP,1,0.05,0,0.0,13,179.597,179.597,5568.021737556863,
6,6830,16527.840907,RF,64,0.01,0,0.0,15,3367.933,52.623953125,19002.753320805372,
6,6831,16531.284419,MLP,64,0.05,2,0.03125,13,228.269,3.566703125,280370.96583416936,
6,6832,16531.590613,DT,100,0.1,13,0.13,7,100.012,1.00012,999880.0143982721,
6,6833,16531.729961,LoR,1,0.05,0,0.0,7,150.598,150.598,6640.19442489276,
6,6834,16532.048557,DT,16,0.05,1,0.0625,2,91.789,5.7368125,174312.82615563957,
6,6835,16532.215175,GB,100,0.1,7,0.07,21,291.983,2.91983,342485.6926601891,
6,6836,16532.547149,RF,8,1.0,8,1.0,15,3079.405,384.925625,2597.9044653106685,
6,6837,16535.676828,SGD,32,0.01,0,0.0,17,171.686,5.3651875,186386.77585825286,
6,6838,16535.889817,RF,1,0.5,1,1.0,24,3030.543,3030.543,329.9738693692846,6.88
6,6839,16551.757432,LoR,64,0.5,27,0.421875,16,167.868,2.6229375,381251.93604498776,
6,6840,16551.989203,DT,32,0.05,3,0.09375,6,90.42,2.825625,353904.00353904004,
6,6841,16552.124743,SGD,32,0.01,0,0.0,10,155.76,4.8675,205444.27324088343,
6,6842,16552.330019,NB,64,1.0,64,1.0,27,131.351,2.052359375,487244.10168175347,
6,6843,16552.500792,MLP,8,0.01,0,0.0,3,176.073,22.009125,45435.69996535528,
6,6844,16552.720316,LoR,32,0.0,0,0.0,20,148.977,4.65553125,214798.25744913644,
6,6845,16552.945894,AB,100,0.01,1,0.01,29,8560.957,85.60957,11680.93707280623,
6,6846,16561.568345,LoR,8,0.05,1,0.125,4,191.534,23.94175,41768.04118328861,
6,6847,16561.81335,NB,64,1.0,64,1.0,0,202.686,3.16696875,315759.3519039302,
6,6848,16562.133451,NB,64,0.1,7,0.109375,12,127.894,1.99834375,500414.40567970346,
6,6849,16562.297203,MLP,8,1.0,8,1.0,10,295.763,36.970375,27048.68425056549,
6,6850,16562.688611,DT,100,1.0,100,1.0,10,100.035,1.00035,999650.12245714,
6,6851,16562.862839,DT,100,0.01,0,0.0,4,110.121,1.10121,908092.0078822387,
6,6852,16563.106865,SGD,100,0.05,3,0.03,9,191.288,1.9128800000000001,522771.94596629165,
6,6853,16563.375339,RF,100,0.1,9,0.09,27,3788.63,37.8863,26394.765390127828,
6,6854,16567.263265,MLP,100,0.1,7,0.07,7,281.182,2.81182,355641.5417772119,
6,6855,16567.625954,NB,100,0.5,46,0.46,20,160.505,1.6050499999999999,623033.5503566867,
6,6856,16567.8462,SGD,16,0.5,10,0.625,0,163.37,10.210625,97937.19777192875,
6,6857,16568.066169,NB,100,1.0,100,1.0,14,152.754,1.52754,654647.3414771463,
6,6858,16568.294317,NB,100,0.05,8,0.08,10,145.1,1.4509999999999998,689179.8759476223,
6,6859,16568.512762,AB,100,0.05,5,0.05,20,8610.23,86.1023,11614.0916096318,
6,6860,16577.185138,LoR,16,0.5,10,0.625,17,153.375,9.5859375,104319.47840260799,
6,6861,16577.414891,NB,100,0.5,50,0.5,7,159.468,1.5946799999999999,627085.0578172423,
6,6862,16577.749397,DT,8,0.5,4,0.5,6,88.824,11.103,90065.74799603711,
6,6863,16577.87966,DT,32,1.0,32,1.0,1,85.347,2.66709375,374939.9510234689,
6,6864,16578.005489,DT,16,0.05,0,0.0,17,82.415,5.1509375,194139.41636837952,
6,6865,16578.126149,AB,8,0.1,0,0.0,4,7865.559,983.194875,1017.0923643189251,
6,6866,16586.064823,GB,64,0.1,6,0.09375,15,283.822,4.43471875,225493.44307347562,
6,6867,16586.390613,AB,16,0.0,0,0.0,9,7968.961,498.0600625,2007.7899741258616,
6,6868,16594.447833,LoR,64,0.1,7,0.109375,13,180.999,2.828109375,353593.1137741093,
6,6869,16594.689516,GB,16,0.5,10,0.625,8,234.331,14.6456875,68279.48500198437,
6,6870,16595.000617,NB,100,0.1,6,0.06,15,150.524,1.50524,664345.8850415881,
6,6871,16595.189086,SGD,1,0.01,0,0.0,10,152.404,152.404,6561.507571979738,
6,6872,16595.514954,NB,100,0.0,0,0.0,13,143.924,1.43924,694811.1503293405,
6,6873,16595.70715,MLP,64,0.0,0,0.0,21,218.322,3.41128125,293144.9876787497,
6,6874,16595.998957,GB,64,0.1,7,0.109375,4,256.11,4.00171875,249892.62426301197,
6,6875,16596.332511,GB,100,0.5,46,0.46,28,290.373,2.90373,344384.6363126048,
6,6876,16596.664647,DT,1,0.01,0,0.0,25,96.098,96.098,10406.043830256613,16.0
6,6877,16597.005616,LoR,8,0.01,0,0.0,11,156.432,19.554,51140.43162524292,
6,6878,16597.231512,GB,64,0.5,33,0.515625,2,259.318,4.05184375,246801.22475107785,
6,6879,16597.531264,RF,8,1.0,8,1.0,20,3203.248,400.406,2497.465072950955,
6,6880,16600.777081,MLP,8,1.0,8,1.0,29,189.797,23.724625,42150.297423036194,
6,6881,16601.039048,AB,64,0.5,37,0.578125,6,8309.333,129.833328125,7702.182593957902,
6,6882,16609.424851,MLP,64,0.01,1,0.015625,10,221.205,3.456328125,289324.38236025407,
6,6883,16609.69839,MLP,64,1.0,64,1.0,3,206.947,3.233546875,309257.92594239104,
6,6884,16609.951199,MLP,32,0.0,0,0.0,28,184.849,5.77653125,173114.27164875116,
6,6885,16610.214804,DT,100,0.1,12,0.12,5,98.017,0.98017,1020231.184386382,
6,6886,16610.358473,AB,32,0.05,0,0.0,2,8134.804,254.212625,3933.714936463128,
6,6887,16618.536287,SGD,1,0.01,0,0.0,29,150.753,150.753,6633.367163505868,
6,6888,16618.856042,AB,100,0.0,0,0.0,25,9026.561,90.26561,11078.416242908013,
6,6889,16627.972068,SGD,100,0.0,0,0.0,12,196.63,1.9663,508569.3942938514,
6,6890,16628.212785,NB,16,0.0,0,0.0,12,121.694,7.605875,131477.31194635725,
6,6891,16628.378781,GB,16,0.05,0,0.0,2,265.299,16.5811875,60309.311380743995,
6,6892,16628.685617,LoR,1,0.5,1,1.0,4,158.826,158.826,6296.19835543299,
6,6893,16629.003203,AB,16,0.0,0,0.0,0,8043.584,502.724,1989.1630397593908,
6,6894,16637.098955,GB,32,0.0,0,0.0,17,238.424,7.45075,134214.6763748616,
6,6895,16637.381686,MLP,8,0.01,0,0.0,29,196.005,24.500625,40815.28532435397,
6,6896,16637.644604,GB,1,1.0,1,1.0,5,217.96,217.96,4587.997797761057,4.0
6,6897,16650.937489,SGD,16,0.1,2,0.125,19,179.034,11.189625,89368.4998380196,
6,6898,16651.158326,NB,1,0.5,1,1.0,19,109.704,109.704,9115.437905636987,
6,6899,16651.338353,RF,100,0.0,0,0.0,14,3595.739,35.957390000000004,27810.69482518058,
6,6900,16655.026148,DT,100,0.05,5,0.05,6,106.771,1.06771,936583.9038690281,
6,6901,16655.17116,GB,1,1.0,1,1.0,27,236.161,236.161,4234.399413959121,4.0
6,6902,16668.07997,GB,8,1.0,8,1.0,14,219.085,27.385625,36515.50767966771,
6,6903,16668.344664,RF,32,0.0,0,0.0,9,3252.08,101.6275,9839.856338097465,
6,6904,16671.666918,AB,32,0.5,16,0.5,11,8244.817,257.65053125,3881.2262297634993,
6,6905,16679.9581,LoR,16,0.1,0,0.0,23,164.067,10.2541875,97521.13465840174,
6,6906,16680.167023,NB,16,0.05,0,0.0,2,115.913,7.2445625,138034.56040306092,
6,6907,16680.343639,AB,100,0.0,0,0.0,1,8679.844,86.79843999999999,11520.944385636425,
6,6908,16689.086977,SGD,8,0.1,1,0.125,2,156.961,19.620125,50968.074872101985,
6,6909,16689.286623,RF,8,0.1,0,0.0,25,3134.825,391.853125,2551.976585614827,
6,6910,16692.503445,AB,100,0.1,13,0.13,29,8748.98,87.4898,11429.903828789185,
6,6911,16701.295719,DT,1,0.05,0,0.0,20,81.044,81.044,12338.976358521297,16.0
6,6912,16701.567751,GB,8,0.1,0,0.0,25,265.423,33.177875,30140.568074356783,
6,6913,16701.896166,RF,16,0.5,8,0.5,24,3136.033,196.0020625,5101.987128324224,
6,6914,16705.107115,SGD,64,0.1,7,0.109375,2,179.026,2.79728125,357489.9735233988,
6,6915,16705.347478,GB,16,0.1,1,0.0625,10,229.038,14.314875,69857.40357495262,
6,6916,16705.675325,AB,100,0.01,0,0.0,27,9355.295,93.55295,10689.133800697893,
6,6917,16715.146778,AB,100,0.1,8,0.08,19,8693.961,86.93960999999999,11502.237012565389,
6,6918,16723.886215,NB,1,0.05,0,0.0,0,113.633,113.633,8800.260487710437,
6,6919,16724.073823,GB,16,0.05,1,0.0625,18,267.889,16.7430625,59726.22989372464,
6,6920,16724.384187,AB,16,0.0,0,0.0,23,8607.86,537.99125,1858.7662903439414,
6,6921,16733.076005,RF,64,1.0,64,1.0,29,3379.389,52.802953125,18938.33471080127,
6,6922,16736.50206,DT,1,1.0,1,1.0,17,93.641,93.641,10679.082880362233,13.0
6,6923,16736.829451,SGD,100,1.0,100,1.0,11,200.615,2.00615,498467.2133190439,
6,6924,16737.071475,SGD,8,0.0,0,0.0,26,151.977,18.997125,52639.54414154773,
6,6925,16737.290895,MLP,32,0.05,1,0.03125,17,212.191,6.63096875,150807.52718070042,
6,6926,16737.543962,MLP,16,0.0,0,0.0,17,211.319,13.2074375,75714.9144184858,
6,6927,16737.806111,SGD,1,0.05,0,0.0,8,145.535,145.535,6871.199367849658,
6,6928,16738.129055,AB,32,0.5,17,0.53125,16,8190.784,255.962,3906.82992006626,
6,6929,16746.395007,DT,64,0.1,9,0.140625,26,87.834,1.37240625,728647.220893959,
6,6930,16746.519571,NB,1,1.0,1,1.0,24,108.797,108.797,9191.429910751216,
6,6931,16746.675671,LoR,8,1.0,8,1.0,7,153.616,19.202,52077.90855119258,
6,6932,16746.907193,NB,100,0.1,13,0.13,29,163.274,1.63274,612467.3861116895,
6,6933,16747.115158,GB,32,1.0,32,1.0,21,271.709,8.49090625,117773.05867674608,
6,6934,16747.427937,GB,8,1.0,8,1.0,0,215.723,26.965375,37084.59459584745,
6,6935,16747.682645,RF,1,0.0,0,0.0,0,3107.32,3107.32,321.8207329789014,9.99
6,6936,16763.623323,SGD,32,1.0,32,1.0,15,166.445,5.20140625,192255.70008110788,
6,6937,16763.828325,AB,1,1.0,1,1.0,18,7707.973,7707.973,129.73579435215976,2.0
6,6938,16784.233094,LoR,32,0.5,15,0.46875,1,166.473,5.20228125,192223.36354844327,
6,6939,16784.461096,MLP,100,0.01,0,0.0,10,240.676,2.40676,415496.35194202996,
6,6940,16784.767545,SGD,32,0.5,15,0.46875,3,156.512,4.891,204457.16622367615,
6,6941,16784.964064,NB,1,0.01,0,0.0,27,103.65,103.65,9647.85335262904,
6,6942,16785.13505,DT,16,0.05,2,0.125,4,90.876,5.67975,176064.0873277873,
6,6943,16785.281083,MLP,100,1.0,100,1.0,8,239.668,2.39668,417243.8539980306,
6,6944,16785.56167,LoR,16,1.0,16,1.0,24,192.093,12.0058125,83292.98829212933,
6,6945,16785.792825,SGD,8,1.0,8,1.0,24,146.07,18.25875,54768.26179229137,
6,6946,16785.999019,RF,16,0.05,1,0.0625,19,3157.243,197.3276875,5067.712558076778,
6,6947,16789.20226,GB,8,0.1,0,0.0,26,237.07,29.63375,33745.30729320454,
6,6948,16789.485101,SGD,32,1.0,32,1.0,24,213.621,6.67565625,149798.00675027267,
6,6949,16789.778313,AB,100,0.5,50,0.5,24,8658.341,86.58341,11549.556664492655,
6,6950,16798.479964,DT,1,0.5,0,0.0,21,79.373,79.373,12598.74264548398,16.0
6,6951,16798.764319,DT,16,0.1,1,0.0625,27,87.986,5.499125,181847.1120405519,
6,6952,16798.909421,RF,8,1.0,8,1.0,11,3118.697,389.837125,2565.1738530546572,
6,6953,16802.082464,LoR,64,0.0,0,0.0,27,178.965,2.796328125,357611.8235409158,
6,6954,16802.33375,RF,64,0.1,6,0.09375,23,3372.435,52.694296875,18977.385776152838,
6,6955,16805.767846,GB,100,0.0,0,0.0,18,297.532,2.97532,336098.30203137815,
6,6956,16806.118809,MLP,64,0.0,0,0.0,13,229.921,3.592515625,278356.4789645139,
6,6957,16806.391686,MLP,1,0.0,0,0.0,22,167.253,167.253,5978.965997620372,
6,6958,16806.712886,SGD,1,0.5,0,0.0,25,146.15,146.15,6842.285323297981,
6,6959,16807.022703,RF,8,0.5,5,0.625,17,3043.405,380.425625,2628.6347035639355,
6,6960,16810.110359,RF,1,0.05,0,0.0,18,2988.704,2988.704,334.59318821803697,9.99
6,6961,16826.021511,AB,32,0.1,2,0.0625,29,8149.371,254.66784375,3926.68342133399,
6,6962,16834.244977,AB,64,0.1,7,0.109375,11,8301.501,129.710953125,7709.449170698166,
6,6963,16842.592361,NB,16,0.01,0,0.0,12,118.497,7.4060625,135024.51538857524,
6,6964,16842.75117,AB,16,0.0,0,0.0,1,7990.05,499.378125,2002.4905976808654,
6,6965,16850.78536,AB,8,0.1,0,0.0,29,7841.234,980.15425,1020.2475783786072,
6,6966,16858.672125,LoR,16,0.01,0,0.0,26,154.871,9.6794375,103311.7885207689,
6,6967,16858.909418,LoR,100,0.1,7,0.07,17,164.402,1.6440199999999998,608265.1062639141,
6,6968,16859.143352,RF,64,0.05,5,0.078125,2,3417.506,53.39853125,18727.10684341154,
6,6969,16862.605934,AB,16,0.0,0,0.0,3,8064.145,504.0090625,1984.0913078819885,
6,6970,16870.713442,GB,1,0.05,0,0.0,20,214.567,214.567,4660.548919451733,4.0
6,6971,16883.599495,AB,8,0.01,1,0.125,17,7947.512,993.439,1006.6043310157946,
6,6972,16891.589998,GB,1,0.5,0,0.0,21,202.618,202.618,4935.395670670918,4.0
6,6973,16904.553416,SGD,100,0.05,10,0.1,7,184.767,1.84767,541222.187944817,
6,6974,16904.782406,AB,16,0.05,0,0.0,6,7919.066,494.941625,2020.4402892967428,
6,6975,16912.744819,SGD,8,0.01,0,0.0,22,151.237,18.904625,52897.10851180598,
6,6976,16912.935367,NB,8,0.0,0,0.0,14,164.818,20.60225,48538.3877974493,
6,6977,16913.157557,MLP,16,0.5,7,0.4375,10,188.957,11.8098125,84675.34941812158,
6,6978,16913.406223,SGD,16,0.5,12,0.75,2,164.211,10.2631875,97435.61637161943,
6,6979,16913.628448,AB,16,1.0,16,1.0,23,7770.505,485.6565625,2059.0682330170303,
6,6980,16921.444817,NB,32,1.0,32,1.0,13,118.025,3.68828125,271128.9980936242,
6,6981,16921.627185,DT,16,0.5,7,0.4375,11,87.093,5.4433125,183711.66454250054,
6,6982,16921.77187,AB,16,0.05,1,0.0625,26,8329.833,520.6145625,1920.8068156948643,
6,6983,16930.187387,SGD,32,0.1,2,0.0625,23,179.144,5.59825,178627.24958692447,
6,6984,16930.412262,GB,32,1.0,32,1.0,28,270.909,8.46590625,118120.84500699498,
6,6985,16930.728579,MLP,8,0.05,0,0.0,3,204.625,25.578125,39095.907147220525,
6,6986,16930.996544,DT,16,0.5,8,0.5,17,98.763,6.1726875,162003.9893482377,
6,6987,16931.165264,LoR,64,0.05,5,0.078125,3,171.322,2.67690625,373565.5665938992,
6,6988,16931.387009,NB,64,0.0,0,0.0,18,140.004,2.1875625,457129.79629153456,
6,6989,16931.563894,NB,1,1.0,1,1.0,18,102.176,102.176,9787.034137175071,
6,6990,16931.719692,LoR,32,1.0,32,1.0,11,159.846,4.9951875,200192.685459755,
6,6991,16931.92041,AB,1,0.01,0,0.0,28,7698.751,7698.751,129.89119923478498,2.0
6,6992,16952.148526,SGD,32,0.01,0,0.0,19,164.233,5.13228125,194845.1285673403,
6,6993,16952.356304,MLP,16,0.05,0,0.0,21,183.118,11.444875,87375.35359713409,
6,6994,16952.584089,RF,32,1.0,32,1.0,25,3191.597,99.73740625,10026.32851202705,
6,6995,16955.818221,LoR,8,1.0,8,1.0,27,189.032,23.629,42320.87688856913,
6,6996,16956.072773,AB,32,0.05,1,0.03125,12,8056.179,251.75559375,3972.1063794635147,
6,6997,16964.197375,GB,32,0.01,1,0.03125,21,243.476,7.608625,131429.79184806717,
6,6998,16964.511909,DT,64,0.1,4,0.0625,17,94.962,1.48378125,673953.792043133,
6,6999,16964.674912,DT,100,0.01,0,0.0,13,94.082,0.94082,1062902.574350035,
6,7000,16964.804549,RF,1,1.0,1,1.0,7,3081.448,3081.448,324.5227568338002,7.88
6,7001,16980.423523,DT,1,0.05,1,1.0,8,86.819,86.819,11518.21605869683,11.0
6,7002,16980.711025,GB,32,0.5,15,0.46875,14,241.311,7.54096875,132608.95690623304,
6,7003,16981.003303,SGD,64,1.0,64,1.0,3,170.183,2.659109375,376065.76450056705,
6,7004,16981.237465,MLP,32,0.05,2,0.0625,18,196.918,6.1536875,162504.18956113711,
6,7005,16981.476191,RF,8,0.05,0,0.0,28,3145.681,393.210125,2543.16950765192,
6,7006,16984.689941,LoR,32,0.5,15,0.46875,22,166.613,5.20665625,192061.84391374022,
6,7007,16984.930523,LoR,64,0.1,5,0.078125,21,160.587,2.509171875,398537.8642106771,
6,7008,16985.152612,DT,32,0.5,13,0.40625,13,90.033,2.81353125,355425.2329701332,
6,7009,16985.29872,AB,16,0.1,2,0.125,21,7964.491,497.7806875,2008.916828457713,
6,7010,16993.342666,NB,100,0.5,49,0.49,25,150.073,1.5007300000000001,666342.380041713,
6,7011,16993.529591,NB,1,0.0,0,0.0,16,146.601,146.601,6821.235871515201,
6,7012,16993.732872,AB,1,0.0,0,0.0,21,7698.554,7698.554,129.89452304939343,2.0
6,7013,17013.943288,DT,100,0.5,48,0.48,6,96.781,0.9678100000000001,1033260.6606668663,
6,7014,17014.079047,AB,16,0.0,0,0.0,6,7874.247,492.1404375,2031.940323944626,
6,7015,17021.99504,GB,1,0.1,0,0.0,16,204.01,204.01,4901.720503896868,4.0
6,7016,17034.647013,DT,16,0.5,6,0.375,0,88.972,5.56075,179831.8572135054,
6,7017,17034.797548,SGD,32,0.05,5,0.15625,1,161.03,5.0321875,198720.7352667205,
6,7018,17035.004448,LoR,32,0.01,0,0.0,10,149.516,4.672375,214023.91717274406,
6,7019,17035.19185,AB,8,1.0,8,1.0,0,8233.71,1029.21375,971.615468604068,
6,7020,17043.51724,NB,16,0.5,10,0.625,28,130.687,8.1679375,122429.92799589859,
6,7021,17043.689985,NB,1,0.05,0,0.0,1,102.955,102.955,9712.98139964062,
6,7022,17043.862606,AB,8,0.5,6,0.75,13,8517.882,1064.73525,939.2006134858408,
6,7023,17052.434392,NB,8,1.0,8,1.0,19,115.879,14.484875,69037.53052753303,
6,7024,17052.592233,RF,8,0.01,0,0.0,25,3217.381,402.172625,2486.4944499889816,
6,7025,17055.853325,NB,1,0.1,0,0.0,15,110.764,110.764,9028.204109638511,
6,7026,17056.011433,MLP,1,1.0,1,1.0,21,195.704,195.704,5109.757593099783,
6,7027,17056.37075,SGD,32,1.0,32,1.0,0,157.371,4.91784375,203341.14925875794,
6,7028,17056.592828,AB,32,0.05,3,0.09375,6,8439.59,263.7371875,3791.6533860057184,
6,7029,17065.108153,MLP,32,0.0,0,0.0,20,308.434,9.6385625,103749.91083992037,
6,7030,17065.483489,SGD,32,0.01,0,0.0,28,197.566,6.1739375,161971.18937468997,
6,7031,17065.748437,DT,16,1.0,16,1.0,20,143.796,8.98725,111268.74182870178,
6,7032,17065.942837,LoR,32,0.0,0,0.0,22,161.362,5.0425625,198311.87020488095,
6,7033,17066.145739,LoR,16,0.0,0,0.0,24,147.956,9.24725,108140.25791451514,
6,7034,17066.335149,DT,1,0.01,0,0.0,27,138.63,138.63,7213.4458630887975,16.0
6,7035,17066.717678,AB,32,0.1,1,0.03125,3,8576.175,268.00546875,3731.2671441522593,
6,7036,17075.362563,NB,32,0.0,0,0.0,19,132.284,4.133875,241903.78277040308,
6,7037,17075.584209,RF,100,0.1,17,0.17,1,3738.383,37.383829999999996,26749.533153772634,
6,7038,17079.40041,MLP,32,0.01,1,0.03125,9,283.304,8.85325,112952.87041481942,
6,7039,17079.728282,NB,8,0.0,0,0.0,10,124.687,15.585875,64160.65828835404,
6,7040,17079.894968,RF,1,0.5,1,1.0,4,3318.541,3318.541,301.3372442889812,6.89
6,7041,17096.465817,MLP,32,0.01,0,0.0,8,241.91,7.5596875,132280.6002232235,
6,7042,17096.793551,MLP,100,0.01,4,0.04,19,233.188,2.33188,428838.53371528554,
6,7043,17097.065442,AB,8,0.0,0,0.0,23,8180.062,1022.50775,977.9876974037605,
6,7044,17105.28692,AB,8,0.0,0,0.0,15,7931.694,991.46175,1008.6117795265425,
6,7045,17113.279387,RF,100,1.0,100,1.0,17,3454.046,34.540459999999996,28951.554206284458,
6,7046,17116.837643,RF,100,0.5,51,0.51,27,3549.319,35.49319,28174.41881104516,
6,7047,17120.431135,SGD,1,0.1,0,0.0,5,169.074,169.074,5914.569951618817,
6,7048,17120.765204,NB,1,0.01,0,0.0,0,111.167,111.167,8995.475275936204,
6,7049,17120.929036,DT,32,0.0,0,0.0,11,92.728,2.89775,345095.3325856268,
6,7050,17121.084792,NB,32,0.1,5,0.15625,28,120.883,3.77759375,264718.77766104415,
6,7051,17121.241267,SGD,1,0.0,0,0.0,13,151.25,151.25,6611.570247933884,
6,7052,17121.539165,GB,1,0.1,0,0.0,10,276.036,276.036,3622.7158776391484,4.0
6,7053,17134.509635,MLP,8,1.0,8,1.0,14,189.874,23.73425,42133.20412484068,
6,7054,17134.772324,RF,64,0.05,3,0.046875,17,3326.556,51.9774375,19239.116972628748,
6,7055,17138.150316,LoR,32,0.05,0,0.0,0,171.833,5.36978125,186227.32536823544,
6,7056,17138.38365,AB,16,0.5,6,0.375,7,8088.401,505.5250625,1978.141291461687,
6,7057,17146.514952,DT,1,0.01,0,0.0,23,80.541,80.541,12416.036552811613,16.0
6,7058,17146.818123,GB,100,0.05,4,0.04,23,289.408,2.89408,345532.9500221141,
6,7059,17147.172868,GB,32,0.1,2,0.0625,6,234.537,7.32928125,136439.02667809342,
6,7060,17147.448473,DT,1,0.05,0,0.0,27,87.612,87.612,11413.961557777475,16.0
6,7061,17147.721854,NB,8,0.0,0,0.0,28,115.358,14.41975,69349.32991209973,
6,7062,17147.906047,AB,64,0.1,3,0.046875,8,8349.015,130.453359375,7665.574921113449,
6,7063,17156.297533,GB,1,0.5,0,0.0,16,196.593,196.593,5086.651101514296,4.0
6,7064,17169.16119,DT,64,0.05,4,0.0625,15,95.161,1.486890625,672544.4247118041,
6,7065,17169.315331,SGD,16,0.1,2,0.125,13,159.867,9.9916875,100083.19415514146,
6,7066,17169.551854,MLP,100,0.1,10,0.1,25,280.695,2.80695,356258.5724719001,
6,7067,17169.895267,GB,8,0.1,1,0.125,8,214.372,26.7965,37318.30649525124,
6,7068,17170.160744,NB,64,0.0,0,0.0,11,139.105,2.173515625,460084.1091261997,
6,7069,17170.339185,MLP,1,0.01,0,0.0,28,173.237,173.237,5772.4389131652015,
6,7070,17170.686738,AB,32,0.05,2,0.0625,27,8136.39,254.2621875,3932.9481502238705,
6,7071,17178.872355,NB,32,0.01,0,0.0,2,121.762,3.8050625,262807.77253987285,
6,7072,17179.05807,AB,32,0.1,2,0.0625,11,8158.181,254.94315625,3922.443005370928,
6,7073,17187.278841,LoR,100,0.01,0,0.0,7,170.139,1.7013900000000002,587754.7182010004,
6,7074,17187.494687,NB,32,0.0,0,0.0,6,118.572,3.705375,269878.2174543737,
6,7075,17187.652795,MLP,1,0.01,0,0.0,14,166.041,166.041,6022.608873711914,
6,7076,17187.971652,SGD,8,0.01,0,0.0,24,146.223,18.277875,54710.95518488883,
6,7077,17188.157217,LoR,8,1.0,8,1.0,1,141.937,17.742125,56363.03430395175,
6,7078,17188.357613,RF,8,0.5,4,0.5,27,3134.92,391.865,2551.89925101757,
6,7079,17191.561691,LoR,32,0.05,2,0.0625,18,168.981,5.28065625,189370.40258964026,
6,7080,17191.772633,RF,8,0.01,0,0.0,26,3165.483,395.685375,2527.2604528282095,
6,7081,17194.982715,LoR,16,1.0,16,1.0,3,165.947,10.3716875,96416.3256943482,
6,7082,17195.193963,LoR,16,0.05,0,0.0,0,153.487,9.5929375,104243.35611485012,
6,7083,17195.427155,NB,100,0.01,1,0.01,25,150.668,1.50668,663710.940611145,
6,7084,17195.635328,NB,8,0.1,1,0.125,0,108.398,13.54975,73802.0996697356,
6,7085,17195.781453,LoR,16,1.0,16,1.0,21,153.063,9.5664375,104532.12076073252,
6,7086,17195.975903,SGD,8,0.05,0,0.0,13,149.27,18.65875,53594.15823675219,
6,7087,17196.186078,GB,8,0.1,2,0.25,7,221.605,27.700625,36100.26849574694,
6,7088,17196.485823,SGD,100,0.5,50,0.5,21,173.18,1.7318,577433.8838203026,
6,7089,17196.69889,LoR,1,0.05,0,0.0,3,145.432,145.432,6876.065790197481,
6,7090,17197.014502,NB,8,0.5,3,0.375,22,110.152,13.769,72626.91553489723,
6,7091,17197.173416,GB,64,0.0,0,0.0,19,251.769,3.933890625,254201.27180073797,
6,7092,17197.496856,RF,64,0.1,8,0.125,24,3402.827,53.169171875,18807.891203402345,
6,7093,17200.945571,DT,8,0.1,0,0.0,24,94.279,11.784875,84854.52751938396,
6,7094,17201.105074,LoR,32,0.1,3,0.09375,10,165.987,5.18709375,192786.18205040155,
6,7095,17201.340509,SGD,64,0.5,31,0.484375,13,164.473,2.569890625,389121.6187459339,
6,7096,17201.545473,DT,16,0.0,0,0.0,29,123.349,7.7093125,129713.25264088075,
6,7097,17201.732037,NB,32,0.05,1,0.03125,0,122.817,3.83803125,260550.24955828593,
6,7098,17201.891868,LoR,8,1.0,8,1.0,6,153.659,19.207375,52063.33504708478,
6,7099,17202.107981,DT,32,0.5,16,0.5,7,90.796,2.837375,352438.43341116345,
6,7100,17202.237425,SGD,16,1.0,16,1.0,3,153.225,9.5765625,104421.60221895904,
6,7101,17202.43931,MLP,64,1.0,64,1.0,6,219.688,3.432625,291322.23881140526,
6,7102,17202.699566,NB,16,0.0,0,0.0,10,113.51,7.094375,140956.74389921592,
6,7103,17202.874872,DT,32,0.1,6,0.1875,22,91.872,2.871,348310.69313827937,
6,7104,17203.021708,RF,8,0.5,5,0.625,6,3119.931,389.991375,2564.1592714710678,
6,7105,17206.189846,NB,32,1.0,32,1.0,1,129.5,4.046875,247104.2471042471,
6,7106,17206.361484,SGD,8,0.1,0,0.0,3,167.254,20.90675,47831.44199839765,
6,7107,17206.593453,SGD,16,0.05,1,0.0625,4,153.914,9.619625,103954.15621710826,
6,7108,17206.823212,DT,100,0.5,50,0.5,10,97.618,0.9761799999999999,1024401.237476695,
6,7109,17206.976173,DT,8,0.5,4,0.5,14,85.399,10.674875,93677.91191934331,
6,7110,17207.120118,MLP,32,0.01,2,0.0625,7,197.635,6.17609375,161914.64062539532,
6,7111,17207.358262,NB,1,0.0,0,0.0,8,103.39,103.39,9672.115291614276,
6,7112,17207.50972,LoR,1,0.05,0,0.0,6,146.86,146.86,6809.206046574969,
6,7113,17207.810636,RF,32,0.05,0,0.0,23,3238.355,101.19859375,9881.560236601608,
6,7114,17211.111913,GB,100,1.0,100,1.0,18,306.065,3.06065,326727.9826180713,
6,7115,17211.465094,AB,32,1.0,32,1.0,4,8198.437,256.20115625,3903.1830091516226,
6,7116,17219.703928,AB,1,1.0,1,1.0,14,7695.87,7695.87,129.93982486710405,2.0
6,7117,17240.07427,SGD,100,0.05,6,0.06,14,181.207,1.8120699999999998,551855.0607868349,
6,7118,17240.33236,AB,100,0.1,11,0.11,11,8675.508,86.75507999999999,11526.702528543574,
6,7119,17249.07197,MLP,16,0.05,1,0.0625,18,188.603,11.7876875,84834.28153316755,
6,7120,17249.301428,SGD,1,0.01,0,0.0,9,146.339,146.339,6833.448363047445,
6,7121,17249.67635,NB,100,0.05,5,0.05,23,168.28,1.6828,594247.6824340385,
6,7122,17249.885394,NB,8,0.1,0,0.0,11,108.449,13.556125,73767.39296812327,
6,7123,17250.048325,RF,100,1.0,100,1.0,6,3357.79,33.5779,29781.493184505285,
6,7124,17253.452239,DT,8,0.01,0,0.0,20,93.307,11.663375,85738.4762129315,
6,7125,17253.584118,AB,1,0.0,0,0.0,6,7707.383,7707.383,129.7457256243786,2.0
6,7126,17274.18514,MLP,64,0.1,8,0.125,19,225.963,3.530671875,283232.2105831486,
6,7127,17274.456512,RF,1,0.05,0,0.0,21,3009.87,3009.87,332.240262868496,9.99
6,7128,17290.723315,MLP,1,0.05,0,0.0,21,203.217,203.217,4920.848157388407,
6,7129,17291.089055,LoR,8,0.01,0,0.0,12,156.199,19.524875,51216.717136473344,
6,7130,17291.329132,NB,100,0.05,3,0.03,2,159.184,1.59184,628203.8395818676,
6,7131,17291.525489,NB,1,0.0,0,0.0,5,100.143,100.143,9985.720419799687,
6,7132,17291.669746,GB,1,1.0,1,1.0,6,241.211,241.211,4145.7479136523625,4.0
6,7133,17304.615322,NB,64,0.01,0,0.0,4,138.789,2.168578125,461131.6458797167,
6,7134,17304.830991,NB,100,0.1,8,0.08,14,154.367,1.5436699999999999,647806.849909631,
6,7135,17305.058999,AB,100,0.05,5,0.05,15,8699.214,86.99214,11495.29141368404,
6,7136,17313.819075,AB,100,0.0,0,0.0,6,8585.504,85.85504,11647.53985322236,
6,7137,17322.446893,AB,8,1.0,8,1.0,14,7831.796,978.9745,1021.4770660522822,
6,7138,17330.325011,NB,32,1.0,32,1.0,3,120.453,3.76415625,265663.7858749886,
6,7139,17330.485953,RF,1,0.05,0,0.0,4,3090.407,3090.407,323.58197480137727,10.11
6,7140,17346.297988,AB,32,0.1,1,0.03125,8,8119.08,253.72125,3941.3332545066683,
6,7141,17354.457503,DT,1,0.0,0,0.0,25,80.031,80.031,12495.158126226086,17.0
6,7142,17354.728156,SGD,64,1.0,64,1.0,27,173.672,2.713625,368510.75590768806,
6,7143,17354.973425,RF,64,0.01,2,0.03125,23,3346.625,52.291015625,19123.744070518806,
6,7144,17358.364307,RF,1,0.1,0,0.0,26,3012.39,3012.39,331.96232891491474,9.99
6,7145,17374.22336,GB,64,0.05,0,0.0,16,271.343,4.239734375,235863.83286099142,
6,7146,17374.568326,MLP,64,0.5,31,0.484375,6,241.968,3.78075,264497.78483105206,
6,7147,17374.855259,MLP,1,0.1,0,0.0,10,166.65,166.65,6000.600060006001,
6,7148,17375.181042,SGD,16,0.05,0,0.0,24,153.085,9.5678125,104517.09834405722,
6,7149,17375.411727,DT,100,0.1,8,0.08,19,98.111,0.98111,1019253.702439074,
6,7150,17375.567853,GB,16,0.5,10,0.625,13,232.998,14.562375,68670.117340063,
6,7151,17375.840995,NB,8,1.0,8,1.0,27,115.331,14.416375,69365.56519929593,
6,7152,17376.00453,SGD,64,0.0,0,0.0,24,167.715,2.620546875,381599.73765018035,
6,7153,17376.236052,SGD,32,0.01,1,0.03125,8,156.661,4.89565625,204262.70737452206,
6,7154,17376.429526,AB,1,1.0,1,1.0,8,7759.911,7759.911,128.8674573716116,2.0
6,7155,17396.946914,LoR,100,0.0,0,0.0,19,178.29,1.7829,560883.9531101015,
6,7156,17397.17924,AB,64,0.01,0,0.0,17,8466.266,132.28540625,7559.412850954601,
6,7157,17405.705204,GB,16,0.05,0,0.0,9,236.039,14.7524375,67785.40834353646,
6,7158,17405.9815,MLP,8,0.0,0,0.0,6,182.814,22.85175,43760.32470160929,
6,7159,17406.214821,NB,64,0.0,0,0.0,1,131.609,2.056390625,486288.9316080207,
6,7160,17406.402123,DT,100,0.0,0,0.0,17,96.26,0.9626,1038853.1061707874,
6,7161,17406.585257,NB,100,0.5,54,0.54,5,143.329,1.4332900000000002,697695.511724773,
6,7162,17406.769534,RF,32,0.0,0,0.0,11,3188.391,99.63721875,10036.41021443104,
6,7163,17410.001975,DT,16,0.0,0,0.0,23,98.026,6.126625,163222.00232591355,
6,7164,17410.146207,SGD,32,0.01,0,0.0,6,162.196,5.068625,197292.16503489605,
6,7165,17410.353387,SGD,32,0.01,0,0.0,20,153.161,4.78628125,208930.47185641254,
6,7166,17410.563581,DT,100,0.0,0,0.0,23,96.692,0.9669199999999999,1034211.7238241014,
6,7167,17410.704813,RF,32,0.01,0,0.0,17,3178.6,99.33125,10067.325237525954,
6,7168,17413.966088,SGD,100,0.01,1,0.01,8,179.283,1.79283,557777.3687410407,
6,7169,17414.20387,LoR,100,0.01,0,0.0,6,167.158,1.6715799999999998,598236.3990954666,
6,7170,17414.426624,SGD,100,0.0,0,0.0,29,161.569,1.6156899999999998,618930.6116891236,
6,7171,17414.646297,DT,100,0.01,0,0.0,14,93.452,0.93452,1070068.0563283826,
6,7172,17414.795142,GB,100,1.0,100,1.0,17,284.896,2.84896,351005.2791193979,
6,7173,17415.158605,SGD,100,0.01,1,0.01,6,176.757,1.76757,565748.4569210837,
6,7174,17415.378145,MLP,32,0.0,0,0.0,13,193.507,6.04709375,165368.69467254414,
6,7175,17415.611777,GB,1,0.01,0,0.0,13,200.371,200.371,4990.742173268586,4.0
6,7176,17428.751567,LoR,16,0.01,0,0.0,22,189.7,11.85625,84343.70057986294,
6,7177,17428.98834,LoR,8,0.05,0,0.0,11,152.962,19.12025,52300.57138374237,
6,7178,17429.225438,LoR,100,0.5,51,0.51,11,167.885,1.67885,595645.8289900825,
6,7179,17429.437543,DT,32,1.0,32,1.0,15,96.472,3.01475,331702.462890787,
6,7180,17429.57731,LoR,32,0.0,0,0.0,12,164.732,5.147875,194254.9110069689,
6,7181,17429.785851,DT,32,1.0,32,1.0,23,89.569,2.79903125,357266.464959975,
6,7182,17429.933335,DT,100,0.0,0,0.0,13,93.64,0.9364,1067919.6924391286,
6,7183,17430.095995,LoR,64,0.5,27,0.421875,7,164.18,2.5653125,389816.0555487879,
6,7184,17430.337374,DT,100,0.05,5,0.05,27,96.641,0.9664100000000001,1034757.5045788019,
6,7185,17430.49156,RF,16,0.5,8,0.5,11,3307.021,206.6888125,4838.191230113144,
6,7186,17433.859081,AB,100,0.0,0,0.0,27,8574.837,85.74837,11662.029260731137,
6,7187,17442.49547,DT,8,0.5,4,0.5,28,81.087,10.135875,98659.46452575628,
6,7188,17442.631485,SGD,8,0.5,4,0.5,7,151.775,18.971875,52709.60303080217,
6,7189,17442.821417,GB,16,1.0,16,1.0,5,244.427,15.2766875,65459.21686229426,
6,7190,17443.109713,SGD,32,1.0,32,1.0,28,159.32,4.97875,200853.6279186543,
6,7191,17443.309722,LoR,8,0.05,0,0.0,6,145.087,18.135875,55139.33019498646,
6,7192,17443.494146,SGD,1,0.1,0,0.0,0,140.666,140.666,7109.03843146176,
6,7193,17443.792902,AB,8,0.05,0,0.0,7,7872.996,984.1245,1016.1315971708864,
6,7194,17451.738279,LoR,64,0.5,35,0.546875,17,158.969,2.483890625,402594.21648245887,
6,7195,17451.937298,GB,1,0.05,0,0.0,0,207.88,207.88,4810.467577448528,4.0
6,7196,17464.751179,MLP,100,1.0,100,1.0,24,282.938,2.82938,353434.3213000728,
6,7197,17465.098362,AB,8,0.1,1,0.125,19,7854.988,981.8735,1018.4611357776739,
6,7198,17472.995465,AB,1,0.5,0,0.0,12,7573.633,7573.633,132.0370289925588,2.0
6,7199,17493.015015,SGD,1,0.1,0,0.0,11,153.113,153.113,6531.124071763991,
6,7200,17493.348613,SGD,64,0.1,7,0.109375,19,157.973,2.468328125,405132.52264627494,
6,7201,17493.563127,DT,8,0.1,2,0.25,13,137.553,17.194125,58159.40037658212,
6,7202,17493.738909,NB,16,0.0,0,0.0,23,118.456,7.4035,135071.25008441953,
6,7203,17493.923049,DT,64,0.5,29,0.453125,12,90.955,1.421171875,703644.6594469793,
6,7204,17494.051091,DT,1,0.01,0,0.0,6,135.898,135.898,7358.460021486703,16.0
6,7205,17494.363688,RF,1,1.0,1,1.0,21,3060.204,3060.204,326.7756005808763,7.49
6,7206,17510.256698,DT,16,0.01,0,0.0,20,91.636,5.72725,174603.8674756646,
6,7207,17510.406021,RF,8,0.1,2,0.25,0,3049.598,381.19975,2623.2965787621843,
6,7208,17513.519931,AB,16,0.1,1,0.0625,17,8508.514,531.782125,1880.4693745582367,
6,7209,17522.136486,DT,100,0.01,3,0.03,24,95.565,0.95565,1046408.2038403181,
6,7210,17522.291984,RF,16,0.05,2,0.125,26,3132.17,195.760625,5108.279563369804,
6,7211,17525.467185,RF,1,0.5,1,1.0,5,3148.845,3148.845,317.57676227315096,6.88
6,7212,17541.259201,AB,8,0.0,0,0.0,9,7909.328,988.666,1011.4639322076414,
6,7213,17549.236274,SGD,32,0.05,1,0.03125,5,174.033,5.43853125,183873.17347859315,
6,7214,17549.470186,NB,16,0.5,3,0.1875,1,118.795,7.4246875,134685.80327454858,
6,7215,17549.694356,GB,100,0.0,0,0.0,23,302.302,3.0230200000000003,330795.03278178774,
6,7216,17550.054955,RF,8,0.01,0,0.0,13,3032.414,379.05175,2638.1622034458355,
6,7217,17553.133811,RF,16,0.05,0,0.0,16,3106.837,194.1773125,5149.932230110559,
6,7218,17556.304264,MLP,100,0.01,0,0.0,27,266.837,2.66837,374760.6216529192,
6,7219,17556.612478,NB,1,0.5,0,0.0,15,104.165,104.165,9600.153602457638,
6,7220,17556.784862,GB,16,0.1,5,0.3125,3,237.42,14.83875,67391.12121977929,
6,7221,17557.099751,DT,100,0.5,48,0.48,19,97.526,0.97526,1025367.5942825504,
6,7222,17557.254414,MLP,16,0.5,6,0.375,14,188.646,11.790375,84814.9443932021,
6,7223,17557.48171,RF,1,0.05,0,0.0,27,2981.019,2981.019,335.45576193912217,9.34
6,7224,17573.750146,RF,32,0.0,0,0.0,8,3193.214,99.7879375,10021.251316072146,
6,7225,17576.991478,MLP,1,0.1,0,0.0,27,198.57,198.57,5036.007453291031,
6,7226,17577.363114,RF,64,1.0,64,1.0,6,3279.013,51.234578125,19518.06839436135,
6,7227,17580.727343,MLP,100,0.05,3,0.03,7,249.815,2.49815,400296.2192022096,
6,7228,17581.021938,AB,32,0.0,0,0.0,1,8171.615,255.36296875,3915.9945739000186,
6,7229,17589.23324,LoR,1,1.0,1,1.0,27,150.128,150.128,6660.982628157306,
6,7230,17589.568001,SGD,100,0.05,3,0.03,27,216.703,2.16703,461461.07806537056,
6,7231,17589.827134,SGD,16,0.01,0,0.0,24,142.687,8.9179375,112133.55105931163,
6,7232,17590.044678,AB,100,0.1,10,0.1,26,8609.823,86.09823,11614.640626177797,
6,7233,17598.698188,MLP,8,0.01,0,0.0,22,173.326,21.66575,46155.7988991842,
6,7234,17598.914331,MLP,8,0.01,0,0.0,14,163.868,20.4835,48819.781775575466,
6,7235,17599.118072,NB,1,0.01,0,0.0,16,105.591,105.591,9470.504114934038,
6,7236,17599.290644,RF,16,0.5,8,0.5,20,3249.835,203.1146875,4923.3268765952735,
6,7237,17602.622631,MLP,100,0.1,6,0.06,3,245.346,2.45346,407587.6517245034,
6,7238,17602.932653,SGD,100,0.0,0,0.0,8,169.7,1.6969999999999998,589275.1915144373,
6,7239,17603.166637,NB,32,0.1,1,0.03125,13,147.878,4.6211875,216394.5955449763,
6,7240,17603.354407,MLP,8,0.01,0,0.0,19,172.373,21.546625,46410.98083806629,
6,7241,17603.56659,GB,16,1.0,16,1.0,7,250.122,15.632625,63968.78323378191,
6,7242,17603.880995,MLP,32,0.05,1,0.03125,9,191.701,5.99065625,166926.62010109494,
6,7243,17604.124618,LoR,64,0.01,0,0.0,0,157.312,2.458,406834.8250610252,
6,7244,17604.36317,SGD,100,0.1,15,0.15,29,163.28,1.6328,612444.8799608035,
6,7245,17604.565511,DT,1,0.1,0,0.0,17,84.692,84.692,11807.49067208237,16.0
6,7246,17604.842616,MLP,16,1.0,16,1.0,20,181.139,11.3211875,88329.95655270261,
6,7247,17605.077067,DT,64,0.0,0,0.0,20,90.704,1.41725,705591.8151349445,
6,7248,17605.229843,NB,8,0.1,2,0.25,12,108.387,13.548375,73809.5897109432,
6,7249,17605.385465,AB,64,1.0,64,1.0,1,8418.04,131.531875,7602.719873034577,
6,7250,17613.855868,SGD,64,0.0,0,0.0,2,161.792,2.528,395569.62025316455,
6,7251,17614.058457,MLP,8,1.0,8,1.0,21,171.322,21.41525,46695.6958242374,
6,7252,17614.271023,AB,1,0.1,0,0.0,4,7749.558,7749.558,129.0396174852811,2.0
6,7253,17635.108815,MLP,32,1.0,32,1.0,21,244.195,7.63109375,131042.81414443375,
6,7254,17635.423713,DT,32,0.1,2,0.0625,13,98.414,3.0754375,325156.9898591664,
6,7255,17635.565029,RF,32,1.0,32,1.0,19,3269.856,102.183,9786.363680847107,
6,7256,17638.899945,LoR,8,0.1,1,0.125,29,174.109,21.763625,45948.22783428771,
6,7257,17639.154974,MLP,100,0.1,6,0.06,22,244.205,2.44205,409492.0251428103,
6,7258,17639.459123,LoR,16,0.5,8,0.5,27,153.326,9.582875,104352.81687385049,
6,7259,17639.670434,NB,100,0.01,0,0.0,23,154.324,1.5432400000000002,647987.3512869028,
6,7260,17639.899984,MLP,100,0.1,11,0.11,10,238.182,2.38182,419847.0077503758,
6,7261,17640.182205,RF,16,0.05,0,0.0,10,3219.173,201.1983125,4970.220612561053,
6,7262,17643.444845,AB,8,0.0,0,0.0,1,8422.356,1052.7945,949.8529865040139,
6,7263,17651.959709,NB,64,0.1,6,0.09375,5,149.124,2.3300625,429173.03720393765,
6,7264,17652.151058,NB,1,0.5,0,0.0,2,104.186,104.186,9598.21857063329,
6,7265,17652.303514,NB,1,0.0,0,0.0,18,99.459,99.459,10054.394273017022,
6,7266,17652.450497,NB,16,1.0,16,1.0,8,110.718,6.919875,144511.28091186617,
6,7267,17652.643738,GB,100,0.05,9,0.09,7,347.374,3.4737400000000003,287874.16444523766,
6,7268,17653.053935,GB,16,0.01,1,0.0625,1,235.466,14.716625,67950.3622603688,
6,7269,17653.340867,SGD,64,0.0,0,0.0,14,184.171,2.877671875,347503.1356728258,
6,7270,17653.56306,GB,1,1.0,1,1.0,15,266.165,266.165,3757.067984145173,4.0
6,7271,17666.583919,AB,16,0.05,0,0.0,7,8072.188,504.51175,1982.1143907946644,
6,7272,17674.730373,DT,64,0.1,5,0.078125,0,89.923,1.405046875,711720.027134326,
6,7273,17674.861661,DT,8,0.01,0,0.0,1,80.237,10.029625,99704.62504829443,
6,7274,17674.986105,NB,32,0.01,0,0.0,26,120.139,3.75434375,266358.13516010623,
6,7275,17675.167725,MLP,32,0.1,1,0.03125,27,212.927,6.65396875,150286.2483386325,
6,7276,17675.450211,LoR,64,0.05,3,0.046875,5,163.15,2.54921875,392277.04566349986,
6,7277,17675.679306,GB,32,0.1,1,0.03125,10,232.615,7.26921875,137566.36502375168,
6,7278,17675.976465,SGD,32,0.05,2,0.0625,27,162.764,5.086375,196603.67157356662,
6,7279,17676.209009,AB,64,0.5,29,0.453125,17,8378.946,130.92103125,7638.192202217319,
6,7280,17684.675749,MLP,100,0.5,50,0.5,26,244.142,2.44142,409597.69314579223,
6,7281,17684.990967,NB,64,0.5,31,0.484375,25,134.657,2.104015625,475281.6415039693,
6,7282,17685.170697,NB,32,0.01,0,0.0,27,116.639,3.64496875,274350.77461226523,
6,7283,17685.354327,MLP,64,0.5,31,0.484375,29,212.218,3.31590625,301576.68058317393,
6,7284,17685.631363,GB,16,0.0,0,0.0,21,235.44,14.715,67957.86612300374,
6,7285,17685.908464,GB,1,0.05,0,0.0,14,201.656,201.656,4958.9399769905185,4.0
6,7286,17698.791961,MLP,1,0.05,0,0.0,28,174.264,174.264,5738.419868704953,
6,7287,17699.158024,DT,64,0.05,4,0.0625,20,95.06,1.4853125,673258.9943193772,
6,7288,17699.289722,DT,1,1.0,1,1.0,28,82.613,82.613,12104.632442835873,11.0
6,7289,17699.553237,LoR,1,1.0,1,1.0,5,153.274,153.274,6524.263736837298,
6,7290,17699.876557,LoR,16,0.01,1,0.0625,9,180.523,11.2826875,88631.36553236983,
6,7291,17700.134047,SGD,100,0.5,47,0.47,18,164.433,1.6443299999999998,608150.432090882,
6,7292,17700.366615,AB,64,0.1,6,0.09375,28,8391.585,131.118515625,7626.687926059261,
6,7293,17708.820654,DT,8,0.05,1,0.125,14,82.083,10.260375,97462.32472010038,
6,7294,17708.93899,AB,1,0.0,0,0.0,4,8250.33,8250.33,121.20727292120436,2.0
6,7295,17730.313135,DT,64,0.5,33,0.515625,4,141.713,2.214265625,451617.0005574648,
6,7296,17730.532402,LoR,64,0.05,1,0.015625,29,213.734,3.33959375,299437.6187223371,
6,7297,17730.816079,DT,64,0.5,34,0.53125,3,96.486,1.50759375,663308.6665422963,
6,7298,17730.967549,NB,8,0.5,5,0.625,8,120.474,15.05925,66404.36940750701,
6,7299,17731.143059,SGD,16,0.5,8,0.5,10,188.706,11.794125,84787.97706485221,
6,7300,17731.381356,NB,64,1.0,64,1.0,10,131.906,2.06103125,485194.00178915286,
6,7301,17731.580469,GB,64,0.05,5,0.078125,21,325.23,5.08171875,196783.8145312548,
6,7302,17731.94849,RF,1,0.05,0,0.0,16,3233.099,3233.099,309.3007668493912,12.16
6,7303,17748.280853,DT,32,0.0,0,0.0,16,94.82,2.963125,337481.54397806374,
6,7304,17748.434547,SGD,64,0.01,0,0.0,29,189.055,2.953984375,338525.82581788365,
6,7305,17748.695922,GB,64,0.05,2,0.03125,19,291.875,4.560546875,219271.94860813706,
6,7306,17749.0311,GB,8,0.01,0,0.0,13,224.983,28.122875,35558.242178297915,
6,7307,17749.301687,DT,32,1.0,32,1.0,9,91.475,2.85859375,349822.3558349276,
6,7308,17749.472582,DT,100,0.1,11,0.11,29,95.575,0.95575,1046298.71828407,
6,7309,17749.669428,NB,64,0.05,5,0.078125,19,144.635,2.259921875,442493.172468628,
6,7310,17749.855219,MLP,16,0.05,0,0.0,10,208.364,13.02275,76788.6967038452,
6,7311,17750.123074,AB,8,0.1,1,0.125,28,8021.617,1002.702125,997.3051568031732,
6,7312,17758.188231,NB,16,0.0,0,0.0,2,114.687,7.1679375,139510.14500335697,
6,7313,17758.366516,RF,32,0.5,16,0.5,18,3338.676,104.333625,9584.637742626119,
6,7314,17761.760205,MLP,64,0.0,0,0.0,11,231.462,3.61659375,276503.27051524655,
6,7315,17762.034095,LoR,1,0.05,0,0.0,26,155.541,155.541,6429.173015475019,
6,7316,17762.351327,RF,1,0.01,0,0.0,22,3022.506,3022.506,330.85128697842123,9.99
6,7317,17778.202761,MLP,1,0.05,0,0.0,0,174.882,174.882,5718.141375327364,
6,7318,17778.539322,NB,64,1.0,64,1.0,24,136.362,2.13065625,469338.96540091815,
6,7319,17778.754077,DT,100,0.05,6,0.06,26,100.289,1.00289,997118.3280319875,
6,7320,17778.922492,GB,64,0.1,10,0.15625,25,266.339,4.161546875,240295.26280417063,
6,7321,17779.259113,GB,64,0.05,3,0.046875,18,254.914,3.98303125,251065.06508077236,
6,7322,17779.57931,RF,32,0.05,1,0.03125,13,3283.986,102.6245625,9744.255913393054,
6,7323,17782.939854,MLP,64,0.05,4,0.0625,20,235.502,3.67971875,271759.9001282367,
6,7324,17783.25423,LoR,100,0.1,12,0.12,16,173.96,1.7396,574844.7919061853,
6,7325,17783.465515,MLP,1,1.0,1,1.0,12,165.741,165.741,6033.510115179708,
6,7326,17783.784237,SGD,1,0.05,1,1.0,7,144.906,144.906,6901.0254923881685,
6,7327,17784.070457,RF,1,1.0,1,1.0,22,3034.135,3034.135,329.5832255321533,7.92
6,7328,17800.035368,GB,64,0.05,0,0.0,14,294.843,4.606921875,217064.67509827262,
6,7329,17800.391893,NB,8,0.5,3,0.375,29,118.43,14.80375,67550.45174364603,
6,7330,17800.566098,MLP,8,0.5,6,0.75,14,188.161,23.520125,42516.780841938555,
6,7331,17800.825929,NB,64,0.05,7,0.109375,2,133.198,2.08121875,480487.6950104356,
6,7332,17801.010383,DT,64,0.01,0,0.0,25,97.38,1.5215625,657219.1415074965,
6,7333,17801.146637,AB,1,0.01,0,0.0,13,7800.51,7800.51,128.19674611019022,2.0
6,7334,17821.794383,GB,8,0.5,6,0.75,25,258.911,32.363875,30898.648570358153,
6,7335,17822.097812,LoR,1,0.01,0,0.0,1,171.356,171.356,5835.803823618666,
6,7336,17822.428742,AB,1,0.01,0,0.0,2,7747.358,7747.358,129.07626057812223,2.0
6,7337,17843.034833,RF,32,0.05,4,0.125,18,3292.745,102.89828125,9718.33530990101,
6,7338,17846.39912,RF,32,0.1,3,0.09375,12,3211.599,100.36246875,9963.884034090182,
6,7339,17849.678082,GB,16,0.05,1,0.0625,21,257.178,16.073625,62213.71968053255,
6,7340,17849.97533,DT,1,1.0,1,1.0,21,89.398,89.398,11185.932571198462,11.0
6,7341,17850.265274,DT,64,1.0,64,1.0,23,94.867,1.482296875,674628.6906932864,
6,7342,17850.401378,SGD,16,1.0,16,1.0,16,166.601,10.4125625,96037.83890852996,
6,7343,17850.611851,SGD,32,1.0,32,1.0,9,154.819,4.83809375,206692.97696019223,
6,7344,17850.810161,DT,16,0.05,0,0.0,29,88.01,5.500625,181797.523008749,
6,7345,17850.960859,SGD,32,0.01,1,0.03125,23,157.411,4.91909375,203289.4778636817,
6,7346,17851.162849,RF,32,0.01,0,0.0,9,3165.629,98.92590625,10108.575578502725,
6,7347,17854.392809,GB,8,0.5,2,0.25,16,234.771,29.346375,34075.75893104344,
6,7348,17854.68323,MLP,64,0.01,0,0.0,17,240.648,3.760125,265948.60543200024,
6,7349,17854.984639,GB,8,0.1,2,0.25,15,218.605,27.325625,36595.686283479336,
6,7350,17855.25413,NB,64,0.0,0,0.0,25,144.35,2.25546875,443366.8167648078,
6,7351,17855.438769,GB,1,0.01,0,0.0,27,205.814,205.814,4858.755964122946,4.0
6,7352,17868.35099,AB,32,0.01,0,0.0,22,8156.27,254.8834375,3923.362027004991,
6,7353,17876.554376,MLP,32,1.0,32,1.0,11,200.981,6.28065625,159219.030654639,
6,7354,17876.81077,RF,64,0.01,0,0.0,9,3382.53,52.85203125,18920.74867037395,
6,7355,17880.259079,GB,8,0.1,1,0.125,0,230.771,28.846375,34666.4008909265,
6,7356,17880.556227,RF,32,0.05,3,0.09375,3,3224.565,100.76765625,9923.81918181212,
6,7357,17883.856792,NB,64,0.1,4,0.0625,25,145.467,2.272921875,439962.32822564564,
6,7358,17884.039587,AB,1,0.0,0,0.0,3,7857.984,7857.984,127.25910360723564,2.0
6,7359,17904.856548,MLP,100,0.1,13,0.13,13,264.431,2.64431,378170.4868188677,
6,7360,17905.165243,NB,8,0.01,0,0.0,3,115.485,14.435625,69273.06576611681,
6,7361,17905.343837,SGD,32,0.1,2,0.0625,11,164.921,5.15378125,194032.29424997425,
6,7362,17905.576337,SGD,64,0.05,5,0.078125,7,170.104,2.657875,376240.4176268635,
6,7363,17905.783616,GB,1,0.0,0,0.0,19,229.524,229.524,4356.84285739182,4.0
6,7364,17918.546361,DT,16,0.1,2,0.125,20,89.707,5.6066875,178358.43356705722,
6,7365,17918.676581,AB,8,0.01,0,0.0,3,7841.253,980.156625,1020.2451062349347,
6,7366,17926.576648,GB,100,1.0,100,1.0,0,281.839,2.81839,354812.49933472654,
6,7367,17926.903779,AB,32,0.0,0,0.0,5,8588.015,268.37546875,3726.122974866719,
6,7368,17935.551912,NB,32,0.0,0,0.0,10,127.754,3.9923125,250481.3939289572,
6,7369,17935.725455,AB,16,0.01,0,0.0,18,7839.26,489.95375,2041.0089727856966,
6,7370,17943.611201,LoR,32,1.0,32,1.0,14,170.011,5.31284375,188223.1149749134,
6,7371,17943.821758,SGD,1,0.01,0,0.0,12,141.476,141.476,7068.336679012695,
6,7372,17944.115468,SGD,1,0.05,0,0.0,23,136.587,136.587,7321.340976813313,
6,7373,17944.397644,SGD,32,0.1,0,0.0,1,145.166,4.5364375,220437.29247895512,
6,7374,17944.631496,SGD,100,0.01,2,0.02,25,159.591,1.5959100000000002,626601.7507252914,
6,7375,17944.878554,RF,100,0.01,0,0.0,25,3579.899,35.798989999999996,27933.748968895492,
6,7376,17948.502735,AB,16,0.0,0,0.0,14,7830.736,489.421,2043.2306746134718,
6,7377,17956.376006,LoR,1,0.1,0,0.0,19,146.306,146.306,6834.989679165584,
6,7378,17956.671357,SGD,16,0.01,0,0.0,28,145.651,9.1031875,109851.63164001619,
6,7379,17956.854423,GB,1,0.0,0,0.0,26,229.757,229.757,4352.424518077795,4.0
6,7380,17969.618559,RF,8,0.01,0,0.0,0,3052.991,381.623875,2620.381127884098,
6,7381,17972.712229,SGD,1,1.0,1,1.0,24,159.353,159.353,6275.3760519099105,
6,7382,17973.020077,AB,1,1.0,1,1.0,17,7535.505,7535.505,132.70510735511422,2.0
6,7383,17993.180731,NB,8,0.5,2,0.25,20,118.117,14.764625,67729.4546932279,
6,7384,17993.340096,NB,16,0.1,0,0.0,6,108.862,6.803875,146975.06935386086,
6,7385,17993.503893,DT,8,0.5,3,0.375,4,92.499,11.562375,86487.4214856377,
6,7386,17993.725387,AB,100,0.5,51,0.51,25,8850.481,88.50480999999999,11298.82093413906,
6,7387,18002.617973,DT,1,0.05,0,0.0,26,78.297,78.297,12771.881425852844,16.0
6,7388,18002.895462,SGD,16,0.05,1,0.0625,18,155.089,9.6930625,103166.56887335659,
6,7389,18003.126905,LoR,100,0.05,6,0.06,20,163.91,1.6391,610090.9035446282,
6,7390,18003.356962,RF,64,0.5,36,0.5625,28,3345.071,52.266734375,19132.62827605154,
6,7391,18006.742779,AB,1,0.0,0,0.0,10,7584.847,7584.847,131.84181566220124,2.0
6,7392,18026.77524,NB,64,1.0,64,1.0,17,135.245,2.113203125,473215.27598062775,
6,7393,18026.967308,GB,8,0.5,5,0.625,29,234.238,29.27975,34153.29707391627,
6,7394,18027.241763,NB,1,0.1,0,0.0,3,102.763,102.763,9731.128908264647,
6,7395,18027.427315,MLP,100,0.5,50,0.5,3,255.011,2.55011,392139.9469042512,
6,7396,18027.744318,RF,32,0.1,5,0.15625,19,3222.291,100.69659375,9930.822511064333,
6,7397,18031.007761,NB,1,0.0,0,0.0,24,109.815,109.815,9106.224104175204,
6,7398,18031.176383,DT,64,1.0,64,1.0,3,94.48,1.47625,677392.0406435224,
6,7399,18031.308908,GB,8,0.0,0,0.0,23,220.597,27.574625,36265.22572836439,
6,7400,18031.567535,RF,1,0.0,0,0.0,22,3062.676,3062.676,326.5118478089096,9.99
6,7401,18047.837962,MLP,100,0.01,0,0.0,11,298.976,2.98976,334475.0080274002,
6,7402,18048.183974,SGD,8,0.01,0,0.0,14,166.158,20.76975,48146.944474536285,
6,7403,18048.430595,GB,100,0.5,51,0.51,27,344.018,3.44018,290682.4642896593,
6,7404,18048.822186,NB,32,0.0,0,0.0,14,138.216,4.31925,231521.6762169358,
6,7405,18049.020876,NB,8,0.01,1,0.125,6,112.937,14.117125,70835.95278783746,
6,7406,18049.173682,AB,8,0.01,0,0.0,12,8110.034,1013.75425,986.4323626756683,
6,7407,18057.335414,MLP,1,1.0,1,1.0,29,189.069,189.069,5289.074359096415,
6,7408,18057.754317,GB,8,0.5,5,0.625,1,247.3,30.9125,32349.37323089365,
6,7409,18058.043272,RF,1,0.01,0,0.0,16,3492.17,3492.17,286.35490253910893,7.0
6,7410,18075.473195,NB,16,1.0,16,1.0,10,140.313,8.7695625,114030.77405514814,
6,7411,18075.656084,SGD,8,0.0,0,0.0,28,186.006,23.25075,43009.365289291745,
6,7412,18075.882502,MLP,8,0.0,0,0.0,16,199.776,24.972,40044.85023226013,
6,7413,18076.125131,LoR,16,0.0,0,0.0,17,156.157,9.7598125,102460.98477813994,
6,7414,18076.3498,LoR,32,0.1,5,0.15625,5,165.887,5.18396875,192902.39741510787,
6,7415,18076.555674,NB,16,1.0,16,1.0,21,111.473,6.9670625,143532.51459994796,
6,7416,18076.703748,AB,1,1.0,1,1.0,10,8011.702,8011.702,124.81742331404737,2.0
6,7417,18097.574329,RF,1,1.0,1,1.0,17,3211.099,3211.099,311.41985968043963,6.84
6,7418,18113.858452,NB,16,1.0,16,1.0,27,130.209,8.1380625,122879.37085762121,
6,7419,18114.052124,LoR,16,0.1,1,0.0625,0,181.387,11.3366875,88209.18808955437,
6,7420,18114.306332,DT,64,0.05,1,0.015625,0,97.151,1.517984375,658768.309127029,
6,7421,18114.454988,LoR,64,0.01,0,0.0,18,165.441,2.585015625,386844.85707895865,
6,7422,18114.678141,RF,100,1.0,100,1.0,8,3451.966,34.51966,28968.99911528677,
6,7423,18118.174887,GB,16,1.0,16,1.0,4,269.232,16.827,59428.299756343964,
6,7424,18118.485737,MLP,8,1.0,8,1.0,2,203.705,25.463125,39272.47735696227,
6,7425,18118.755053,DT,32,0.5,12,0.375,4,94.197,2.94365625,339713.57898871513,
6,7426,18118.91847,MLP,64,0.01,1,0.015625,21,216.446,3.38196875,295685.759958604,
6,7427,18119.188656,RF,64,0.0,0,0.0,1,3386.291,52.910796875,18899.734252017915,
6,7428,18122.651486,DT,64,0.05,3,0.046875,9,99.506,1.55478125,643177.2958414567,
6,7429,18122.81291,NB,100,0.0,0,0.0,22,176.126,1.76126,567775.3426524192,
6,7430,18123.039158,NB,64,1.0,64,1.0,4,131.903,2.060984375,485205.03703479073,
6,7431,18123.215293,LoR,32,0.01,0,0.0,1,163.172,5.099125,196112.07805260707,
6,7432,18123.42959,DT,64,0.0,0,0.0,25,94.817,1.481515625,674984.4437178987,
6,7433,18123.601288,LoR,100,0.5,43,0.43,21,171.552,1.71552,582913.635515762,
6,7434,18123.830087,AB,100,0.0,0,0.0,17,8737.077,87.37077,11445.47541471822,
6,7435,18132.648913,AB,100,0.1,9,0.09,14,8668.722,86.68722,11535.72579672067,
6,7436,18141.36151,MLP,16,1.0,16,1.0,12,186.2,11.6375,85929.10848549947,
6,7437,18141.594282,MLP,1,0.0,0,0.0,7,196.514,196.514,5088.69597077053,
6,7438,18141.968807,RF,16,0.5,8,0.5,14,3125.336,195.3335,5119.449556783655,
6,7439,18145.160131,NB,16,0.5,8,0.5,4,123.836,7.73975,129203.13963629317,
6,7440,18145.347092,SGD,32,0.5,14,0.4375,11,166.651,5.20784375,192018.04969667149,
6,7441,18145.554094,GB,1,0.05,0,0.0,1,260.659,260.659,3836.429971725511,4.0
6,7442,18158.54043,LoR,8,0.01,0,0.0,28,160.046,20.00575,49985.62913162466,
6,7443,18158.74751,NB,32,0.01,0,0.0,25,121.569,3.79903125,263224.9997943555,
6,7444,18158.908233,LoR,1,0.1,0,0.0,15,147.743,147.743,6768.5101832235705,
6,7445,18159.248075,AB,100,0.1,4,0.04,13,8708.022,87.08022000000001,11483.664143246308,
6,7446,18167.998032,AB,8,0.0,0,0.0,28,7925.418,990.67725,1009.410481567029,
6,7447,18175.966665,NB,16,1.0,16,1.0,24,114.223,7.1389375,140076.8671808655,
6,7448,18176.140092,NB,8,0.1,2,0.25,28,108.111,13.513875,73998.02055295021,
6,7449,18176.305664,SGD,16,0.5,8,0.5,27,159.727,9.9829375,100170.91662649396,
6,7450,18176.522382,RF,8,0.1,1,0.125,11,3170.867,396.358375,2522.969269918921,
6,7451,18179.769077,GB,64,0.5,30,0.46875,20,290.6,4.540625,220233.99862353748,
6,7452,18180.104004,NB,8,0.05,0,0.0,14,118.2,14.775,67681.8950930626,
6,7453,18180.298342,LoR,100,0.01,2,0.02,1,179.562,1.7956200000000002,556910.7049375703,
6,7454,18180.515833,MLP,1,0.0,0,0.0,27,170.919,170.919,5850.724612243226,
6,7455,18180.840815,MLP,32,0.0,0,0.0,21,190.408,5.95025,168060.16553926308,
6,7456,18181.073816,LoR,8,0.05,0,0.0,9,145.798,18.22475,54870.43718020823,
6,7457,18181.284133,SGD,32,0.05,1,0.03125,28,152.217,4.75678125,210226.19024156302,
6,7458,18181.47686,AB,8,0.01,0,0.0,14,7986.669,998.333625,1001.6691564405637,
6,7459,18189.51026,LoR,16,0.01,0,0.0,12,190.394,11.899625,84036.26164690063,
6,7460,18189.781044,NB,100,0.05,6,0.06,17,148.827,1.48827,671921.0895872389,
6,7461,18189.983097,SGD,64,1.0,64,1.0,12,162.112,2.533,394788.7879984209,
6,7462,18190.182799,SGD,1,1.0,1,1.0,13,142.791,142.791,7003.242501278092,
6,7463,18190.474789,LoR,1,0.05,0,0.0,2,139.321,139.321,7177.668836715212,
6,7464,18190.766759,AB,32,0.01,0,0.0,2,8201.196,256.287375,3901.86992238693,
6,7465,18199.031765,MLP,8,0.1,1,0.125,0,180.268,22.5335,44378.36998247055,
6,7466,18199.274195,AB,16,0.5,9,0.5625,10,8032.818,502.051125,1991.8290194051451,
6,7467,18207.361426,SGD,64,0.01,0,0.0,23,158.615,2.478359375,403492.7339785014,
6,7468,18207.560339,SGD,1,0.1,0,0.0,2,139.464,139.464,7170.309183732003,
6,7469,18207.860957,LoR,8,0.5,3,0.375,18,141.839,17.729875,56401.976889289974,
6,7470,18208.041313,RF,8,0.0,0,0.0,9,3097.426,387.17825,2582.7897099075167,
6,7471,18211.183575,NB,8,0.01,0,0.0,8,117.938,14.74225,67832.25084366361,
6,7472,18211.37121,AB,64,0.1,4,0.0625,2,8270.136,129.220875,7738.687731374671,
6,7473,18219.687199,SGD,16,0.01,0,0.0,17,151.593,9.4745625,105545.77058307442,
6,7474,18219.883686,RF,32,0.0,0,0.0,10,3191.732,99.741625,10025.904430572491,
6,7475,18223.119938,GB,16,0.0,0,0.0,16,244.204,15.26275,65518.99231789815,
6,7476,18223.40728,AB,8,0.1,0,0.0,11,7868.095,983.511875,1016.7645408450203,
6,7477,18231.316361,NB,8,1.0,8,1.0,10,110.45,13.80625,72430.9642372114,
6,7478,18231.48498,LoR,100,0.01,0,0.0,15,168.943,1.6894300000000002,591915.6165097103,
6,7479,18231.724409,RF,64,0.5,26,0.40625,19,3276.04,51.188125,19535.781003894946,
6,7480,18235.067503,LoR,32,0.5,15,0.46875,29,166.178,5.1930625,192564.5994054568,
6,7481,18235.273466,GB,1,0.05,0,0.0,3,213.157,213.157,4691.37771689412,4.0
6,7482,18248.023819,DT,1,1.0,1,1.0,13,85.564,85.564,11687.158150624095,11.0
6,7483,18248.3057,RF,8,0.5,2,0.25,7,3063.181,382.897625,2611.664149131246,
6,7484,18251.429769,MLP,100,0.0,0,0.0,27,250.691,2.50691,398897.4474552337,
6,7485,18251.724024,NB,8,0.01,0,0.0,16,127.833,15.979125,62581.64949582659,
6,7486,18251.925949,SGD,32,0.05,3,0.09375,22,159.327,4.97896875,200844.80345453063,
6,7487,18252.12799,MLP,1,0.5,1,1.0,0,161.617,161.617,6187.467902510256,
6,7488,18252.464536,AB,32,0.05,2,0.0625,23,8039.797,251.24365625,3980.199997587004,
6,7489,18260.584685,SGD,100,0.5,44,0.44,5,182.141,1.82141,549025.2057471959,
6,7490,18260.806775,DT,1,0.1,0,0.0,10,81.666,81.666,12244.997918350355,16.0
6,7491,18261.0943,LoR,32,0.05,2,0.0625,7,155.337,4.85428125,206003.72094220953,
6,7492,18261.316551,MLP,64,0.05,5,0.078125,7,207.06,3.2353125,309089.15290254034,
6,7493,18261.595901,MLP,64,0.5,36,0.5625,23,249.472,3.898,256541.8163160595,
6,7494,18261.883569,DT,8,1.0,8,1.0,20,85.23,10.65375,93863.66302944972,
6,7495,18262.016697,LoR,64,1.0,64,1.0,7,156.039,2.438109375,410153.87178846315,
6,7496,18262.239905,RF,64,0.1,11,0.171875,22,3249.603,50.775046875,19694.713477307843,
6,7497,18265.542038,AB,64,1.0,64,1.0,0,9062.165,141.596328125,7062.330028199663,
6,7498,18274.672724,DT,32,1.0,32,1.0,18,84.652,2.645375,378018.2393800501,
6,7499,18274.803513,RF,8,0.1,0,0.0,14,3172.15,396.51875,2521.9488359629904,
6,7500,18278.029791,MLP,64,0.0,0,0.0,27,258.672,4.04175,247417.5790189893,
6,7501,18278.336817,RF,32,0.01,0,0.0,10,3252.109,101.62840625,9839.768593242108,
6,7502,18281.703083,MLP,100,1.0,100,1.0,5,254.407,2.54407,393070.9453749307,
6,7503,18282.033308,DT,64,0.1,8,0.125,7,96.261,1.504078125,664859.0810400889,
6,7504,18282.187224,MLP,16,0.1,5,0.3125,1,182.034,11.377125,87895.66784227123,
6,7505,18282.4117,AB,16,0.01,0,0.0,26,7985.007,499.0629375,2003.755287878896,
6,7506,18290.470951,AB,64,0.1,6,0.09375,29,8450.819,132.044046875,7573.230476241416,
6,7507,18298.97516,LoR,64,0.0,0,0.0,1,167.277,2.613703125,382598.9227449082,
6,7508,18299.183431,DT,16,0.0,0,0.0,14,84.827,5.3016875,188619.1896448065,
6,7509,18299.30516,RF,1,1.0,1,1.0,9,3160.973,3160.973,316.35828588222677,7.49
6,7510,18315.13357,SGD,1,0.0,0,0.0,18,158.713,158.713,6300.681103627302,
6,7511,18315.468592,SGD,16,0.05,1,0.0625,14,150.246,9.390375,106492.01975426966,
6,7512,18315.659171,GB,16,1.0,16,1.0,9,252.056,15.7535,63477.95727933475,
6,7513,18315.972189,GB,16,0.5,9,0.5625,0,219.987,13.7491875,72731.5705018933,
6,7514,18316.250552,DT,100,0.0,0,0.0,1,97.731,0.9773099999999999,1023216.788941073,
6,7515,18316.413126,MLP,100,1.0,100,1.0,15,246.214,2.4621399999999998,406150.74691122357,
6,7516,18316.700868,SGD,8,0.01,0,0.0,8,149.341,18.667625,53568.678393743176,
6,7517,18316.914162,DT,8,0.1,1,0.125,16,87.177,10.897125,91767.32395012445,
6,7518,18317.039079,MLP,1,0.01,0,0.0,1,163.866,163.866,6102.547203202616,
6,7519,18317.386458,MLP,100,0.1,8,0.08,1,249.214,2.49214,401261.56636465044,
6,7520,18317.689492,GB,16,0.0,0,0.0,12,214.444,13.40275,74611.55359907482,
6,7521,18317.944444,AB,1,0.5,0,0.0,19,7501.858,7501.858,133.3003104031028,2.0
6,7522,18338.051824,LoR,16,0.05,1,0.0625,26,160.084,10.00525,99947.52754803728,
6,7523,18338.274143,NB,32,0.1,3,0.09375,8,124.323,3.88509375,257394.04615396992,
6,7524,18338.464596,AB,64,0.5,30,0.46875,12,8219.818,128.43465625,7786.060469952012,
6,7525,18346.765084,LoR,100,0.05,2,0.02,28,166.888,1.6688800000000001,599204.25674704,
6,7526,18346.972126,RF,1,0.1,0,0.0,20,3033.792,3033.792,329.62048815475816,11.64
6,7527,18362.671776,GB,100,0.5,43,0.43,9,302.81,3.0281000000000002,330240.08454146166,
6,7528,18363.013514,GB,1,1.0,1,1.0,19,205.207,205.207,4873.128109664875,4.0
6,7529,18375.809464,SGD,16,0.05,0,0.0,19,161.081,10.0675625,99328.9090581757,
6,7530,18376.048502,GB,100,0.05,6,0.06,29,274.305,2.74305,364557.70037002605,
6,7531,18376.366606,SGD,16,0.01,0,0.0,25,159.731,9.9831875,100168.40813617896,
6,7532,18376.588582,LoR,32,0.5,13,0.40625,18,151.594,4.7373125,211090.1486866235,
6,7533,18376.778806,MLP,1,0.5,0,0.0,29,165.734,165.734,6033.76494865266,
6,7534,18377.08953,AB,1,1.0,1,1.0,6,7649.847,7649.847,130.72156867973962,2.0
6,7535,18397.379972,RF,64,0.0,0,0.0,9,3401.841,53.153765625,18813.34254011284,
6,7536,18400.85023,GB,1,1.0,1,1.0,22,252.216,252.216,3964.855520664827,4.0
6,7537,18413.654637,LoR,1,0.05,0,0.0,4,161.282,161.282,6200.319936508723,
6,7538,18413.97932,LoR,64,0.0,0,0.0,25,155.922,2.43628125,410461.6410769487,
6,7539,18414.176399,GB,16,0.0,0,0.0,17,219.328,13.708,72950.10213014299,
6,7540,18414.437718,MLP,16,1.0,16,1.0,7,195.144,12.1965,81990.73504693969,
6,7541,18414.675138,AB,8,0.05,0,0.0,27,7870.786,983.84825,1016.4169118560712,
6,7542,18422.608102,GB,100,0.01,0,0.0,27,266.234,2.66234,375609.4262941623,
6,7543,18422.93576,GB,8,0.1,1,0.125,17,214.041,26.755125,37376.016744455505,
6,7544,18423.193907,SGD,16,0.01,0,0.0,19,159.534,9.970875,100292.1007434152,
6,7545,18423.411234,NB,8,0.1,1,0.125,6,113.257,14.157125,70635.8105900739,
6,7546,18423.562032,RF,1,0.1,0,0.0,7,3041.001,3041.001,328.8390894971754,9.99
6,7547,18439.901438,SGD,8,0.1,1,0.125,14,182.059,22.757375,43941.799087109124,
6,7548,18440.138547,NB,64,0.0,0,0.0,21,142.763,2.230671875,448295.42668618617,
6,7549,18440.323529,NB,16,0.05,0,0.0,16,108.748,6.79675,147129.14260492145,
6,7550,18440.472218,GB,16,0.01,0,0.0,8,252.945,15.8090625,63254.85777540572,
6,7551,18440.784176,RF,8,0.05,1,0.125,13,3205.277,400.659625,2495.884131075099,
6,7552,18444.033812,RF,1,0.5,0,0.0,19,3063.104,3063.104,326.466225110215,9.74
6,7553,18459.892602,MLP,8,0.05,1,0.125,18,210.56,26.32,37993.92097264437,
6,7554,18460.142052,AB,1,1.0,1,1.0,3,7706.561,7706.561,129.7595646099473,2.0
6,7555,18480.320604,LoR,32,0.0,0,0.0,15,167.437,5.23240625,191116.65880301245,
6,7556,18480.528419,SGD,8,1.0,8,1.0,25,148.928,18.616,53717.23248818221,
6,7557,18480.740628,NB,16,0.5,9,0.5625,6,115.442,7.215125,138597.7373919371,
6,7558,18480.915922,LoR,32,0.5,19,0.59375,21,151.949,4.74840625,210596.97661715443,
6,7559,18481.128435,MLP,32,0.5,18,0.5625,12,192.504,6.01575,166230.31209741096,
6,7560,18481.360207,RF,1,0.05,0,0.0,22,3016.772,3016.772,331.480138373069,9.93
6,7561,18497.199342,SGD,8,0.1,0,0.0,29,158.622,19.82775,50434.36597697671,
6,7562,18497.419,NB,16,0.05,1,0.0625,0,114.843,7.1776875,139320.63774021924,
6,7563,18497.57118,MLP,1,0.5,1,1.0,27,207.017,207.017,4830.521164928484,
6,7564,18497.93095,NB,8,1.0,8,1.0,7,107.906,13.48825,74138.60211665709,
6,7565,18498.077213,DT,1,0.5,0,0.0,12,85.621,85.621,11679.377722754933,16.0
6,7566,18498.363899,AB,8,0.05,1,0.125,14,8065.083,1008.135375,991.930275237093,
6,7567,18506.472624,LoR,8,0.01,0,0.0,23,149.429,18.678625,53537.13134665962,
6,7568,18506.661859,LoR,1,0.01,0,0.0,11,139.385,139.385,7174.373139146967,
6,7569,18506.970106,DT,32,0.1,4,0.125,6,87.751,2.74221875,364668.20890930016,
6,7570,18507.093593,LoR,1,1.0,1,1.0,25,141.366,141.366,7073.8367075534425,
6,7571,18507.394535,GB,100,0.0,0,0.0,29,299.652,2.99652,333720.4490542363,
6,7572,18507.73285,NB,1,0.0,0,0.0,29,105.808,105.808,9451.081203689702,
6,7573,18507.904705,RF,16,0.01,0,0.0,14,3146.558,196.659875,5084.921364869168,
6,7574,18511.09617,AB,8,0.01,0,0.0,7,8134.196,1016.7745,983.5022416474843,
6,7575,18519.284795,SGD,8,0.01,0,0.0,6,175.695,21.961875,45533.45285864709,
6,7576,18519.5035,LoR,8,1.0,8,1.0,9,180.474,22.55925,44327.71479548301,
6,7577,18519.734061,NB,32,0.05,0,0.0,18,156.671,4.89596875,204249.66968998732,
6,7578,18519.934845,DT,32,1.0,32,1.0,24,95.653,2.98915625,334542.5653142086,
6,7579,18520.071252,GB,1,0.01,0,0.0,1,255.993,255.993,3906.356814444145,4.0
6,7580,18533.400763,LoR,100,1.0,100,1.0,7,227.803,2.2780299999999998,438975.78170612326,
6,7581,18533.725255,NB,32,0.1,3,0.09375,24,128.451,4.01409375,249122.23338082226,
6,7582,18533.892561,MLP,16,1.0,16,1.0,22,204.424,12.7765,78268.69643486087,
6,7583,18534.155531,RF,8,0.5,6,0.75,20,3099.182,387.39775,2581.3262983587283,
6,7584,18537.297833,NB,1,0.1,0,0.0,16,110.618,110.618,9040.120052794302,
6,7585,18537.458474,GB,1,0.5,1,1.0,25,284.946,284.946,3509.4368757589154,4.0
6,7586,18550.376955,MLP,16,1.0,16,1.0,29,192.021,12.0013125,83324.21974679854,
6,7587,18550.614345,GB,8,0.01,0,0.0,5,238.46,29.8075,33548.60353937767,
6,7588,18550.909247,DT,32,1.0,32,1.0,28,102.948,3.217125,310836.5388351401,
6,7589,18551.080512,AB,64,0.5,29,0.453125,26,8359.87,130.62296875,7655.621439089363,
6,7590,18559.482032,RF,8,0.0,0,0.0,25,3174.767,396.845875,2519.8699621106052,
6,7591,18562.701498,DT,16,1.0,16,1.0,0,91.953,5.7470625,174001.93577153544,
6,7592,18562.833821,NB,1,0.1,0,0.0,14,107.821,107.821,9274.631101547937,
6,7593,18563.007542,RF,100,0.0,0,0.0,18,3534.204,35.342040000000004,28294.914498427366,
6,7594,18566.611162,SGD,100,0.0,0,0.0,19,186.528,1.8652799999999998,536112.5407445531,
6,7595,18566.840128,NB,16,0.0,0,0.0,29,115.038,7.189875,139084.47643387402,
6,7596,18567.014508,MLP,16,0.5,9,0.5625,19,188.457,11.7785625,84900.00371437517,
6,7597,18567.267023,DT,16,0.05,1,0.0625,26,133.915,8.3696875,119478.77384908339,
6,7598,18567.468263,NB,1,0.5,0,0.0,28,116.081,116.081,8614.674236093762,
6,7599,18567.63012,SGD,1,0.01,0,0.0,3,263.655,263.655,3792.8353340539725,
6,7600,18568.157472,RF,1,1.0,1,1.0,24,3295.122,3295.122,303.47890002251813,7.88
6,7601,18584.194214,MLP,1,0.01,0,0.0,9,203.157,203.157,4922.3014712759095,
6,7602,18584.570852,DT,8,0.1,1,0.125,0,89.355,11.169375,89530.524313133,
6,7603,18584.738386,RF,100,0.05,10,0.1,6,3588.668,35.88668,27865.49215474934,
6,7604,18588.390691,GB,8,0.1,1,0.125,5,258.596,32.3245,30936.286717505296,
6,7605,18588.707648,SGD,100,0.0,0,0.0,20,178.842,1.7884200000000001,559152.7717202894,
6,7606,18588.95714,MLP,64,0.01,1,0.015625,1,218.794,3.41865625,292512.5917529731,
6,7607,18589.218775,GB,1,0.01,0,0.0,24,214.142,214.142,4669.798544890774,3.99
6,7608,18602.10297,NB,8,0.0,0,0.0,0,118.943,14.867875,67259.10730349831,
6,7609,18602.258841,SGD,1,0.0,0,0.0,3,153.09,153.09,6532.105297537396,
6,7610,18602.584201,NB,32,0.05,3,0.09375,12,116.804,3.650125,273963.2204376562,
6,7611,18602.739134,SGD,1,0.01,0,0.0,1,145.585,145.585,6868.839509564858,
6,7612,18603.029774,MLP,8,0.0,0,0.0,3,170.965,21.370625,46793.20328722253,
6,7613,18603.242239,SGD,8,0.1,0,0.0,18,172.071,21.508875,46492.43626177566,
6,7614,18603.454645,GB,8,0.1,0,0.0,23,208.382,26.04775,38391.03185495868,
6,7615,18603.704211,DT,16,0.0,0,0.0,22,88.918,5.557375,179941.0692998043,
6,7616,18603.834536,NB,16,0.01,0,0.0,27,112.474,7.029625,142255.0989562032,
6,7617,18603.990547,DT,32,0.05,0,0.0,4,88.191,2.75596875,362848.81677268655,
6,7618,18604.152981,LoR,100,0.05,7,0.07,11,198.547,1.98547,503659.0832397367,
6,7619,18604.396018,LoR,16,0.05,0,0.0,11,146.785,9.1740625,109002.96351807065,
6,7620,18604.578824,RF,1,0.0,0,0.0,23,3112.11,3112.11,321.32540302238675,12.04
6,7621,18621.046861,MLP,1,0.5,0,0.0,19,210.882,210.882,4741.988410580325,
6,7622,18621.447271,LoR,16,0.1,3,0.1875,5,182.163,11.3851875,87833.42391155174,
6,7623,18621.691352,MLP,16,0.5,8,0.5,24,183.312,11.457,87282.88382648161,
6,7624,18621.939169,NB,32,0.1,2,0.0625,11,129.147,4.03584375,247779.66193562376,
6,7625,18622.10693,DT,1,0.01,0,0.0,24,91.543,91.543,10923.828146335602,16.0
6,7626,18622.410881,NB,32,0.5,15,0.46875,1,126.658,3.9580625,252648.8654486886,
6,7627,18622.578483,RF,1,0.0,0,0.0,21,3160.689,3160.689,316.38671188465554,9.99
6,7628,18638.868185,NB,1,0.1,0,0.0,17,123.723,123.723,8082.571550964655,
6,7629,18639.047628,RF,16,1.0,16,1.0,6,3208.359,200.5224375,4986.9730912282575,
6,7630,18642.298626,GB,1,1.0,1,1.0,13,257.218,257.218,3887.752801125893,4.0
6,7631,18655.62374,AB,16,0.5,10,0.625,14,8122.03,507.626875,1969.950862038185,
6,7632,18663.789012,RF,8,0.0,0,0.0,12,3206.226,400.77825,2495.1453827646583,
6,7633,18667.055317,MLP,8,0.1,0,0.0,20,222.031,27.753875,36031.00467952673,
6,7634,18667.320308,GB,1,0.1,0,0.0,29,238.091,238.091,4200.074761330751,4.0
6,7635,18680.269914,NB,100,1.0,100,1.0,28,176.755,1.76755,565754.8584198467,
6,7636,18680.492011,LoR,32,0.0,0,0.0,19,169.979,5.31184375,188258.54958553702,
6,7637,18680.717073,RF,64,0.0,0,0.0,2,3426.743,53.542859375,18676.626756077127,
6,7638,18684.190323,SGD,8,0.5,0,0.0,20,168.796,21.0995,47394.48802104316,
6,7639,18684.404705,DT,32,1.0,32,1.0,5,93.555,2.92359375,342044.78648923093,
6,7640,18684.537831,RF,8,0.0,0,0.0,18,3074.866,384.35825,2601.739392871104,
6,7641,18687.676689,GB,8,0.5,4,0.5,8,238.028,29.7535,33609.49132034887,
6,7642,18687.978002,SGD,16,0.1,1,0.0625,16,165.113,10.3195625,96903.33286900487,
6,7643,18688.185449,AB,8,0.01,0,0.0,29,8053.281,1006.660125,993.3839387946354,
6,7644,18696.27926,SGD,1,1.0,1,1.0,4,150.178,150.178,6658.764932280361,
6,7645,18696.59326,AB,8,0.05,0,0.0,12,8052.218,1006.52725,993.5150787025389,
6,7646,18704.688751,SGD,1,0.1,0,0.0,14,149.294,149.294,6698.19282757512,
6,7647,18704.995751,MLP,64,0.0,0,0.0,10,219.954,3.43678125,290969.93007628864,
6,7648,18705.256984,RF,8,1.0,8,1.0,2,3156.991,394.623875,2534.058538652787,
6,7649,18708.498804,LoR,100,0.1,9,0.09,29,185.49,1.8549,539112.6206264489,
6,7650,18708.725407,SGD,1,0.5,0,0.0,29,150.715,150.715,6635.039644361875,
6,7651,18709.030361,RF,32,0.01,0,0.0,6,3545.692,110.802875,9025.036579601387,
6,7652,18712.660255,GB,16,0.1,1,0.0625,2,293.998,18.374875,54422.13892611515,
6,7653,18713.008646,SGD,64,1.0,64,1.0,15,217.207,3.393859375,294649.8041039193,
6,7654,18713.267553,MLP,1,0.1,0,0.0,4,179.074,179.074,5584.283592257949,
6,7655,18713.66349,GB,32,0.05,1,0.03125,24,245.759,7.67996875,130208.86315455385,
6,7656,18713.958315,SGD,16,1.0,16,1.0,28,163.934,10.245875,97600.25376065978,
6,7657,18714.182263,LoR,100,0.0,0,0.0,17,168.484,1.6848400000000001,593528.1688468935,
6,7658,18714.400125,DT,64,1.0,64,1.0,21,94.782,1.48096875,675233.6941613387,
6,7659,18714.580539,MLP,100,0.5,55,0.55,17,243.6,2.436,410509.0311986864,
6,7660,18714.924291,LoR,100,0.05,5,0.05,17,169.517,1.69517,589911.3363261502,
6,7661,18715.153533,RF,16,0.1,1,0.0625,23,3608.044,225.50275,4434.535720739547,
6,7662,18718.841725,LoR,32,0.0,0,0.0,7,233.395,7.29359375,137106.62182137577,
6,7663,18719.122763,GB,1,0.1,0,0.0,28,257.643,257.643,3881.3396832050553,4.0
6,7664,18732.682386,MLP,64,0.5,30,0.46875,1,291.106,4.54853125,219851.18822696886,
6,7665,18733.039191,LoR,100,0.0,0,0.0,0,179.759,1.7975899999999998,556300.3799531596,
6,7666,18733.261273,DT,16,1.0,16,1.0,26,103.196,6.44975,155044.7691770999,
6,7667,18733.405215,DT,16,1.0,16,1.0,4,101.268,6.32925,157996.60307303394,
6,7668,18733.548531,AB,1,0.01,0,0.0,15,7963.394,7963.394,125.57459796664588,2.0
6,7669,18754.301637,NB,1,0.01,0,0.0,20,117.05,117.05,8543.357539513028,
6,7670,18754.495216,GB,32,0.5,16,0.5,5,283.156,8.848625,113011.90862987188,
6,7671,18754.819689,GB,8,0.0,0,0.0,14,220.329,27.541125,36309.33739997912,
6,7672,18755.10257,AB,100,0.0,0,0.0,13,8701.616,87.01616,11492.118245622421,
6,7673,18763.867134,LoR,8,0.5,4,0.5,4,170.137,21.267125,47020.93019155152,
6,7674,18764.096385,LoR,8,0.1,1,0.125,27,148.838,18.60475,53749.71445464196,
6,7675,18764.283731,LoR,8,0.0,0,0.0,7,144.602,18.07525,55324.26937386758,
6,7676,18764.490845,GB,32,0.1,2,0.0625,29,240.505,7.51578125,133053.36687386956,
6,7677,18764.77191,GB,8,1.0,8,1.0,3,212.166,26.52075,37706.32429324208,
6,7678,18765.045054,DT,16,0.5,11,0.6875,19,92.461,5.7788125,173045.9328798088,
6,7679,18765.187716,AB,64,0.01,0,0.0,8,8364.861,130.700953125,7651.053615834142,
6,7680,18773.601526,SGD,8,0.05,0,0.0,21,189.362,23.67025,42247.12455508497,
6,7681,18773.829407,RF,1,0.0,0,0.0,18,3156.922,3156.922,316.76424061158303,9.99
6,7682,18789.925787,MLP,32,0.1,6,0.1875,5,221.114,6.9098125,144721.72725381478,
6,7683,18790.211895,RF,32,0.1,3,0.09375,15,3228.957,100.90490625,9910.320886899392,
6,7684,18793.483696,RF,8,1.0,8,1.0,16,3073.56,384.195,2602.8449094860684,
6,7685,18796.602769,DT,8,0.1,0,0.0,22,92.677,11.584625,86321.30949426502,
6,7686,18796.774519,MLP,100,0.5,53,0.53,6,288.062,2.88062,347147.48908221145,
6,7687,18797.110924,MLP,32,0.0,0,0.0,14,192.938,6.0293125,165856.38909908885,
6,7688,18797.344853,GB,1,0.5,1,1.0,13,217.328,217.328,4601.339910181845,4.0
6,7689,18810.382392,GB,32,0.01,1,0.03125,4,235.916,7.372375,135641.49951677717,
6,7690,18810.682859,GB,32,0.05,4,0.125,2,231.088,7.2215,138475.38600013847,
6,7691,18810.984179,NB,64,0.5,35,0.546875,16,141.153,2.205515625,453408.71253179177,
6,7692,18811.192581,GB,64,0.5,36,0.5625,26,260.019,4.062796875,246135.8593025894,
6,7693,18811.52258,NB,64,0.05,2,0.03125,14,138.304,2.161,462748.72744099953,
6,7694,18811.735274,NB,100,0.05,3,0.03,15,157.157,1.5715700000000001,636306.3687904452,
6,7695,18811.930137,DT,1,0.5,1,1.0,1,90.178,90.178,11089.179178957174,11.0
6,7696,18812.228707,GB,16,0.5,5,0.3125,22,226.212,14.13825,70730.11157675102,
6,7697,18812.517039,DT,16,0.05,1,0.0625,5,92.94,5.80875,172154.07789972026,
6,7698,18812.658475,RF,64,1.0,64,1.0,25,3319.721,51.870640625,19278.72854375413,
6,7699,18816.060811,RF,100,0.1,13,0.13,2,3514.678,35.14678,28452.108557313073,
6,7700,18819.657766,SGD,100,0.5,54,0.54,8,188.359,1.88359,530901.0984343727,
6,7701,18819.923872,SGD,100,0.5,56,0.56,2,172.733,1.72733,578928.1723816526,
6,7702,18820.172536,LoR,100,0.5,48,0.48,2,169.859,1.69859,588723.5883880159,
6,7703,18820.416673,NB,100,0.05,4,0.04,6,148.905,1.48905,671569.1212518049,
6,7704,18820.625981,NB,32,0.5,15,0.46875,14,119.002,3.7188125,268903.0436463253,
6,7705,18820.817093,DT,100,0.05,6,0.06,12,100.178,1.00178,998223.162770269,
6,7706,18820.955124,GB,1,0.1,0,0.0,20,213.114,213.114,4692.324295916739,4.0
6,7707,18833.926096,GB,64,0.5,26,0.40625,3,266.626,4.16603125,240036.60558235133,
6,7708,18834.264565,NB,64,0.05,2,0.03125,4,140.123,2.189421875,456741.5770430265,
6,7709,18834.442507,MLP,8,0.0,0,0.0,4,191.131,23.891375,41856.10916073269,
6,7710,18834.677515,MLP,16,0.01,0,0.0,12,177.669,11.1043125,90055.10246582127,
6,7711,18834.924624,DT,64,0.5,29,0.453125,21,94.723,1.480046875,675654.2761525712,
6,7712,18835.057006,DT,8,1.0,8,1.0,29,84.958,10.61975,94164.17523953012,
6,7713,18835.185552,RF,32,0.01,0,0.0,29,3258.84,101.83875,9819.444955873869,
6,7714,18838.486072,LoR,1,1.0,1,1.0,9,161.682,161.682,6184.9803936121525,
6,7715,18838.831995,AB,16,0.5,7,0.4375,11,8004.725,500.2953125,1998.8194472639595,
6,7716,18846.917323,LoR,100,0.1,8,0.08,4,170.319,1.70319,587133.5552698172,
6,7717,18847.127567,AB,8,1.0,8,1.0,21,7911.872,988.984,1011.1387039628547,
6,7718,18855.092726,DT,64,1.0,64,1.0,25,86.096,1.34525,743356.2534844824,
6,7719,18855.218185,LoR,8,0.0,0,0.0,8,149.273,18.659125,53593.0811332257,
6,7720,18855.407541,GB,1,0.1,0,0.0,19,203.022,203.022,4925.57456827339,4.0
6,7721,18868.271514,SGD,16,1.0,16,1.0,29,161.345,10.0840625,99166.38259629985,
6,7722,18868.474085,RF,1,0.5,0,0.0,14,3026.394,3026.394,330.42624324526156,11.28
6,7723,18884.201482,DT,16,1.0,16,1.0,9,89.306,5.581625,179159.29500817414,
6,7724,18884.334779,GB,32,1.0,32,1.0,3,234.092,7.315375,136698.3920851631,
6,7725,18884.60773,SGD,1,1.0,1,1.0,27,157.458,157.458,6350.899922519021,
6,7726,18884.941402,AB,16,0.5,7,0.4375,2,8017.186,501.074125,1995.7127101703766,
6,7727,18893.002945,GB,8,0.01,0,0.0,6,207.713,25.964125,38514.68131508379,
6,7728,18893.254053,LoR,8,0.01,0,0.0,2,155.195,19.399375,51548.05245014337,
6,7729,18893.479469,GB,64,0.05,4,0.0625,24,285.155,4.455546875,224439.3400080658,
6,7730,18893.803467,MLP,1,0.0,0,0.0,29,176.323,176.323,5671.409855776047,
6,7731,18894.141525,RF,64,0.01,0,0.0,0,3328.679,52.010609375,19226.84644569212,
6,7732,18897.515918,LoR,8,0.01,0,0.0,1,199.256,24.907,40149.355602842574,
6,7733,18897.756099,GB,8,0.0,0,0.0,18,218.243,27.280375,36656.387604642536,
6,7734,18898.017535,SGD,8,0.05,0,0.0,29,158.063,19.757875,50612.73036700556,
6,7735,18898.216363,RF,16,0.0,0,0.0,5,3103.962,193.997625,5154.702280504723,
6,7736,18901.390448,LoR,32,0.1,1,0.03125,18,187.835,5.86984375,170362.28604892592,
6,7737,18901.668113,GB,64,0.05,3,0.046875,27,258.529,4.039515625,247554.43296496719,
6,7738,18901.968405,SGD,1,0.1,0,0.0,16,158.512,158.512,6308.670636923387,
6,7739,18902.283571,RF,32,0.01,0,0.0,14,3198.354,99.9485625,10005.146397178049,
6,7740,18905.527353,DT,16,0.0,0,0.0,6,136.131,8.5081875,117533.84607473684,
6,7741,18905.704266,AB,8,1.0,8,1.0,5,7925.545,990.693125,1009.3943066375876,
6,7742,18913.683109,AB,64,0.0,0,0.0,18,8235.08,128.673125,7771.630633825051,
6,7743,18922.002339,GB,100,0.05,3,0.03,20,277.13,2.7713,360841.48233680945,
6,7744,18922.352283,LoR,64,0.1,5,0.078125,1,173.028,2.7035625,369882.3311833923,
6,7745,18922.583248,MLP,100,0.0,0,0.0,14,242.888,2.42888,411712.3941899147,
6,7746,18922.888559,NB,16,0.5,8,0.5,21,120.152,7.5095,133164.65809974034,
6,7747,18923.058154,NB,32,0.05,0,0.0,10,119.724,3.741375,267281.41391867964,
6,7748,18923.214027,SGD,1,1.0,1,1.0,11,151.203,151.203,6613.625391030601,
6,7749,18923.51563,NB,1,0.01,0,0.0,17,101.557,101.557,9846.687082131217,
6,7750,18923.683959,SGD,8,0.1,1,0.125,12,152.592,19.074,52427.38806752647,
6,7751,18923.893635,LoR,8,0.5,4,0.5,21,147.464,18.433,54250.52894265719,
6,7752,18924.083816,MLP,32,0.0,0,0.0,16,188.361,5.88628125,169886.54763990422,
6,7753,18924.336837,LoR,32,0.01,1,0.03125,16,150.802,4.7125625,212198.77720454638,
6,7754,18924.526899,NB,16,1.0,16,1.0,6,110.948,6.93425,144211.70277968058,
6,7755,18924.69995,RF,16,0.1,4,0.25,8,3145.931,196.6206875,5085.934815480696,
6,7756,18927.89288,SGD,16,0.01,0,0.0,0,166.89,10.430625,95871.53214692313,
6,7757,18928.103159,GB,8,1.0,8,1.0,19,218.668,27.3335,36585.14277351967,
6,7758,18928.36497,GB,8,0.05,0,0.0,20,210.883,26.360375,37935.727393862944,
6,7759,18928.614066,NB,1,1.0,1,1.0,28,106.03,106.03,9431.29303027445,
6,7760,18928.785754,LoR,100,0.0,0,0.0,3,172.539,1.72539,579579.1096505718,
6,7761,18929.000032,MLP,8,0.1,0,0.0,6,175.41,21.92625,45607.43401174391,
6,7762,18929.241011,RF,32,0.01,1,0.03125,20,3196.453,99.88915625,10011.096674970662,
6,7763,18932.522568,SGD,32,0.05,0,0.0,19,170.494,5.3279375,187689.88938027146,
6,7764,18932.734013,NB,8,0.0,0,0.0,6,155.427,19.428375,51471.108623340864,
6,7765,18932.964293,GB,8,0.01,0,0.0,7,288.298,36.03725,27749.06520336596,
6,7766,18933.327173,GB,64,0.05,2,0.03125,25,302.113,4.720515625,211841.2646923502,
6,7767,18933.673062,AB,16,1.0,16,1.0,10,8383.337,523.9585625,1908.5478730009304,
6,7768,18942.115733,MLP,8,0.1,0,0.0,15,255.336,31.917,31331.265469812322,
6,7769,18942.442058,RF,32,0.5,18,0.5625,13,3402.087,106.31521875,9405.99108723557,
6,7770,18945.912942,RF,16,0.5,6,0.375,7,3163.835,197.7396875,5057.153739054028,
6,7771,18949.143325,MLP,16,0.5,13,0.8125,11,216.516,13.53225,73897.54105932126,
6,7772,18949.405147,AB,16,0.1,0,0.0,8,8068.325,504.2703125,1983.0633991565785,
6,7773,18957.561368,AB,100,0.01,1,0.01,10,8660.602,86.60602,11546.541452892072,
6,7774,18966.286481,SGD,16,0.5,11,0.6875,14,161.599,10.0999375,99010.51367892128,
6,7775,18966.489029,MLP,1,0.5,0,0.0,23,165.165,165.165,6054.551509096964,
6,7776,18966.806588,RF,1,1.0,1,1.0,12,3046.147,3046.147,328.2835660918531,7.49
6,7777,18982.729195,LoR,16,0.0,0,0.0,21,162.125,10.1328125,98689.2829606785,
6,7778,18982.951169,MLP,8,0.1,3,0.375,10,176.875,22.109375,45229.68197879859,
6,7779,18983.168185,DT,8,1.0,8,1.0,24,88.212,11.0265,90690.60898743935,
6,7780,18983.305894,NB,64,0.0,0,0.0,10,140.551,2.196109375,455350.7267824491,
6,7781,18983.514951,SGD,64,0.5,31,0.484375,1,167.039,2.609984375,383144.05617849727,
6,7782,18983.749988,AB,64,0.1,5,0.078125,1,8335.144,130.236625,7678.331652098632,
6,7783,18992.153282,MLP,32,0.1,3,0.09375,15,195.505,6.10953125,163678.67829467278,
6,7784,18992.39337,SGD,16,0.1,0,0.0,2,150.125,9.3828125,106577.85179017486,
6,7785,18992.606597,AB,32,0.05,3,0.09375,25,8149.597,254.67490625,3926.5745287773125,
6,7786,19000.809116,NB,64,1.0,64,1.0,6,133.847,2.091359375,478157.89670295187,
6,7787,19000.999499,NB,64,0.01,0,0.0,1,129.048,2.016375,495939.49538156344,
6,7788,19001.176458,AB,64,0.0,0,0.0,27,8304.545,129.758515625,7706.623300855134,
6,7789,19009.554957,GB,64,0.01,1,0.015625,2,293.881,4.591890625,217775.22194357583,
6,7790,19009.890849,AB,1,0.01,0,0.0,10,7637.704,7637.704,130.9293997253625,2.0
6,7791,19030.228951,AB,100,0.0,0,0.0,2,8557.749,85.57749,11685.315846491876,
6,7792,19038.829165,LoR,8,0.0,0,0.0,0,153.707,19.213375,52047.07658076731,
6,7793,19039.027434,RF,16,0.05,0,0.0,23,3183.554,198.972125,5025.829623119319,
6,7794,19042.294244,SGD,100,0.05,3,0.03,15,183.693,1.8369300000000002,544386.5580071097,
6,7795,19042.542853,NB,32,0.05,2,0.0625,1,123.474,3.8585625,259163.87255616568,
6,7796,19042.741577,DT,100,0.05,2,0.02,5,103.666,1.03666,964636.428530087,
6,7797,19042.911733,SGD,64,0.1,8,0.125,3,166.917,2.608078125,383424.09700629656,
6,7798,19043.129162,LoR,64,0.0,0,0.0,8,158.108,2.4704375,404786.60156348825,
6,7799,19043.32758,GB,16,0.0,0,0.0,29,234.384,14.649,68264.04532732611,
6,7800,19043.612173,LoR,64,1.0,64,1.0,19,163.248,2.55075,392041.55640497897,
6,7801,19043.816518,SGD,16,0.0,0,0.0,28,149.534,9.345875,106999.07713295973,
6,7802,19044.043036,MLP,100,0.5,52,0.52,13,252.303,2.52303,396348.8345362521,
6,7803,19044.367044,GB,64,0.5,31,0.484375,24,268.891,4.201421875,238014.66021547763,
6,7804,19044.70111,DT,32,0.5,16,0.5,22,94.762,2.9613125,337688.1028260273,
6,7805,19044.834786,LoR,16,1.0,16,1.0,6,158.375,9.8984375,101026.04577742699,
6,7806,19045.068811,NB,100,0.1,8,0.08,17,157.6,1.5759999999999998,634517.7664974619,
6,7807,19045.277527,RF,64,0.0,0,0.0,10,3794.791,59.293609375,16865.22393459877,
6,7808,19049.154843,MLP,32,1.0,32,1.0,15,281.786,8.8058125,113561.35507086938,
6,7809,19049.503554,SGD,64,0.01,0,0.0,11,190.438,2.97559375,336067.38150999276,
6,7810,19049.778757,DT,100,0.05,7,0.07,28,113.302,1.1330200000000001,882596.9532753172,
6,7811,19049.931658,MLP,8,0.0,0,0.0,11,188.688,23.586,42398.03273128127,
6,7812,19050.173438,NB,64,0.01,0,0.0,3,144.581,2.259078125,442658.4405973123,
6,7813,19050.358369,NB,1,0.1,0,0.0,2,102.478,102.478,9758.192002185835,
6,7814,19050.540822,DT,64,0.05,2,0.03125,19,98.806,1.54384375,647733.9432827967,
6,7815,19050.699449,NB,16,0.1,1,0.0625,17,117.217,7.3260625,136498.97199211718,
6,7816,19050.859135,DT,8,1.0,8,1.0,4,89.91,11.23875,88977.86675564454,
6,7817,19050.990318,LoR,32,0.0,0,0.0,2,164.955,5.15484375,193992.3009305568,
6,7818,19051.205355,SGD,64,0.0,0,0.0,21,162.451,2.538296875,393964.94943090534,
6,7819,19051.424243,MLP,16,0.1,0,0.0,22,207.872,12.992,76970.4433497537,
6,7820,19051.672682,RF,1,0.1,0,0.0,21,3424.691,3424.691,291.9971466038834,8.08
6,7821,19068.351071,DT,64,1.0,64,1.0,12,102.345,1.599140625,625335.8737603205,
6,7822,19068.499517,GB,8,0.05,0,0.0,16,260.793,32.599125,30675.669975804565,
6,7823,19068.841762,GB,100,0.5,57,0.57,26,309.743,3.09743,322848.2968138102,
6,7824,19069.193854,DT,16,1.0,16,1.0,8,94.585,5.9115625,169160.0148015013,
6,7825,19069.345372,SGD,100,0.0,0,0.0,7,198.508,1.9850800000000002,503758.03494065726,
6,7826,19069.58139,DT,1,0.0,0,0.0,2,156.735,156.735,6380.195872013271,16.0
6,7827,19069.938906,LoR,1,0.5,1,1.0,0,234.57,234.57,4263.119751033807,
6,7828,19070.456086,GB,32,0.05,1,0.03125,4,294.984,9.21825,108480.45995715022,
6,7829,19070.79444,NB,1,0.05,0,0.0,13,117.983,117.983,8475.797360636701,
6,7830,19070.962204,AB,8,1.0,8,1.0,13,8245.372,1030.6715,970.2412456345209,
6,7831,19079.297971,RF,16,0.5,8,0.5,2,3230.334,201.895875,4953.048198731153,
6,7832,19082.575762,MLP,16,0.0,0,0.0,9,231.416,14.4635,69139.55819822311,
6,7833,19082.886262,SGD,64,0.05,1,0.015625,8,173.272,2.707375,369361.4663650215,
6,7834,19083.1309,NB,64,0.5,25,0.390625,17,142.3,2.2234375,449754.0407589599,
6,7835,19083.309008,AB,1,1.0,1,1.0,0,8046.788,8046.788,124.27318825847034,2.0
6,7836,19104.213104,AB,64,1.0,64,1.0,16,8410.176,131.409,7609.828854949053,
6,7837,19112.704354,RF,64,0.1,8,0.125,27,3522.876,55.0449375,18166.97493752264,
6,7838,19116.295127,NB,16,0.05,2,0.125,6,130.327,8.1454375,122768.11405157796,
6,7839,19116.488331,DT,32,0.5,15,0.46875,8,96.163,3.00509375,332768.3204558926,
6,7840,19116.620979,AB,1,0.0,0,0.0,13,7734.02,7734.02,129.29886398018107,2.0
6,7841,19137.145602,GB,100,0.5,46,0.46,12,339.695,3.39695,294381.7247825255,
6,7842,19137.531933,DT,32,0.0,0,0.0,2,125.02,3.906875,255959.0465525516,
6,7843,19137.698063,MLP,1,0.1,0,0.0,1,198.402,198.402,5040.271771453917,
6,7844,19138.055452,MLP,16,1.0,16,1.0,6,179.828,11.23925,88973.9084013613,
6,7845,19138.275221,LoR,8,0.0,0,0.0,25,152.392,19.049,52496.194025933124,
6,7846,19138.496908,GB,64,0.1,2,0.03125,29,266.826,4.16915625,239856.68563033585,
6,7847,19138.825892,RF,16,0.05,1,0.0625,0,3203.418,200.213625,4994.665073368508,
6,7848,19142.114344,GB,64,0.1,7,0.109375,1,303.053,4.735203125,211184.18230474537,
6,7849,19142.490504,SGD,100,1.0,100,1.0,29,195.493,1.95493,511527.26696096535,
6,7850,19142.766143,MLP,100,0.05,9,0.09,2,251.69,2.5169,397314.1563033891,
6,7851,19143.063096,GB,32,0.0,0,0.0,14,246.053,7.68915625,130053.28120364311,
6,7852,19143.352208,AB,16,1.0,16,1.0,6,8191.994,511.999625,1953.1264305125223,
6,7853,19151.600441,NB,1,0.01,0,0.0,19,114.114,114.114,8763.166657903499,
6,7854,19151.767453,MLP,1,0.05,1,1.0,11,186.367,186.367,5365.7568131697135,
6,7855,19152.157762,RF,100,0.1,12,0.12,5,3687.262,36.872620000000005,27120.39448240998,
6,7856,19155.961672,NB,100,0.05,3,0.03,28,175.232,1.75232,570672.0233747261,
6,7857,19156.178873,RF,1,0.01,0,0.0,17,3125.282,3125.282,319.9711258056073,11.44
6,7858,19172.725394,NB,1,0.01,0,0.0,23,126.426,126.426,7909.765396358344,
6,7859,19172.928345,RF,16,0.1,3,0.1875,4,3278.538,204.908625,4880.224051086186,
6,7860,19176.287951,LoR,64,0.5,34,0.53125,14,228.938,3.57715625,279551.6690108239,
6,7861,19176.578425,AB,8,0.05,1,0.125,21,8122.779,1015.347375,984.8846066106192,
6,7862,19184.757006,DT,64,0.0,0,0.0,3,89.4,1.396875,715883.6689038031,
6,7863,19184.907337,MLP,16,0.1,2,0.125,26,209.734,13.108375,76287.10652540837,
6,7864,19185.17678,LoR,100,0.0,0,0.0,2,169.587,1.69587,589667.8401056685,
6,7865,19185.425718,MLP,100,0.1,15,0.15,15,268.65,2.6864999999999997,372231.52801042254,
6,7866,19185.758959,LoR,32,0.05,3,0.09375,10,155.5,4.859375,205787.7813504823,
6,7867,19185.958313,RF,1,0.1,0,0.0,11,3196.745,3196.745,312.8181947574799,9.93
6,7868,19202.419654,GB,64,0.0,0,0.0,7,339.076,5.2980625,188748.2452311576,
6,7869,19202.847234,MLP,100,0.05,2,0.02,12,281.524,2.81524,355209.5025646126,
6,7870,19203.18082,AB,64,0.0,0,0.0,12,8533.775,133.340234375,7499.611836496744,
6,7871,19211.773561,NB,8,0.1,0,0.0,9,123.693,15.461625,64676.25492145877,
6,7872,19211.950015,LoR,64,0.0,0,0.0,16,184.785,2.887265625,346348.4590199421,
6,7873,19212.180207,LoR,32,1.0,32,1.0,15,152.262,4.7581875,210164.05931880575,
6,7874,19212.371862,SGD,8,1.0,8,1.0,14,147.001,18.375125,54421.3984938878,
6,7875,19212.557472,AB,8,1.0,8,1.0,26,8274.489,1034.311125,966.827075363808,
6,7876,19220.942422,DT,64,0.1,8,0.125,10,102.136,1.595875,626615.4930680661,
6,7877,19221.085488,DT,8,0.0,0,0.0,17,81.145,10.143125,98588.94571446178,
6,7878,19221.243496,RF,100,0.1,13,0.13,0,3629.315,36.29315,27553.40883885802,
6,7879,19224.970815,DT,100,0.05,4,0.04,2,105.592,1.05592,947041.4425335253,
6,7880,19225.137658,SGD,16,0.5,4,0.25,21,184.028,11.50175,86943.29123828984,
6,7881,19225.379025,GB,8,0.5,5,0.625,9,296.249,37.031125,27004.310563073628,
6,7882,19225.717154,DT,1,0.1,0,0.0,15,88.989,88.989,11237.343941386014,17.0
6,7883,19226.016143,AB,8,0.0,0,0.0,21,8065.128,1008.141,991.9247406860748,
6,7884,19234.149431,LoR,32,0.1,3,0.09375,12,164.446,5.1389375,194592.75385232843,
6,7885,19234.378476,RF,32,0.5,15,0.46875,22,3260.085,101.87765625,9815.69498954782,
6,7886,19237.700082,SGD,32,1.0,32,1.0,8,172.046,5.3764375,185996.76830615068,
6,7887,19237.938901,AB,16,0.5,7,0.4375,21,8074.297,504.6435625,1981.596664081096,
6,7888,19246.066867,DT,64,0.0,0,0.0,8,87.384,1.365375,732399.5239403094,
6,7889,19246.192222,MLP,1,1.0,1,1.0,22,178.91,178.91,5589.402492873512,
6,7890,19246.549473,MLP,100,1.0,100,1.0,2,238.803,2.38803,418755.20826790284,
6,7891,19246.834088,RF,32,1.0,32,1.0,27,3184.509,99.51590625,10048.644861735356,
6,7892,19250.101283,NB,100,0.05,3,0.03,7,167.034,1.67034,598680.5081600153,
6,7893,19250.338207,LoR,64,0.05,3,0.046875,21,171.35,2.67734375,373504.5229063321,
6,7894,19250.569802,DT,100,1.0,100,1.0,18,97.56,0.9756,1025010.250102501,
6,7895,19250.730277,MLP,32,0.05,1,0.03125,10,197.182,6.1619375,162286.61845401712,
6,7896,19250.991762,SGD,32,0.05,2,0.0625,12,157.872,4.9335,202695.8548697679,
6,7897,19251.208559,DT,16,0.5,7,0.4375,7,89.695,5.6059375,178382.29555716595,
6,7898,19251.35917,NB,32,0.01,1,0.03125,7,121.141,3.78565625,264154.9929421088,
6,7899,19251.518838,SGD,8,0.01,0,0.0,19,154.366,19.29575,51824.88371791715,
6,7900,19251.714344,NB,8,0.05,0,0.0,20,107.368,13.421,74510.096118024,
6,7901,19251.889145,RF,64,0.01,2,0.03125,12,3446.686,53.85446875,18568.561220836476,
6,7902,19255.405406,SGD,32,0.1,5,0.15625,17,172.263,5.38321875,185762.46785438544,
6,7903,19255.648441,MLP,64,0.5,33,0.515625,5,218.349,3.411703125,293108.73876225675,
6,7904,19255.913517,GB,32,0.05,0,0.0,19,268.09,8.3778125,119362.90051848261,
6,7905,19256.223424,DT,1,0.05,0,0.0,21,89.009,89.009,11234.818950892606,16.0
6,7906,19256.553173,DT,64,0.1,7,0.109375,15,103.179,1.612171875,620281.2587832796,
6,7907,19256.696071,SGD,1,0.1,0,0.0,1,155.766,155.766,6419.886239615835,
6,7908,19257.009507,NB,8,0.05,0,0.0,6,112.558,14.06975,71074.46827413423,
6,7909,19257.180206,LoR,8,0.5,6,0.75,23,153.339,19.167375,52171.98494838234,
6,7910,19257.376057,LoR,16,0.01,0,0.0,2,146.276,9.14225,109382.26366594656,
6,7911,19257.597196,MLP,64,0.5,26,0.40625,27,248.805,3.887578125,257229.55728381663,
6,7912,19257.924505,AB,100,0.01,2,0.02,24,8755.088,87.55087999999999,11421.929739598278,
6,7913,19266.757621,SGD,8,0.05,1,0.125,14,171.926,21.49075,46531.64733664484,
6,7914,19266.996053,GB,8,0.5,5,0.625,0,257.127,32.140875,31113.029747945566,
6,7915,19267.327482,LoR,64,0.01,1,0.015625,28,175.901,2.748453125,363841.02421248314,
6,7916,19267.58204,DT,100,0.5,55,0.55,21,103.244,1.03244,968579.2879005076,
6,7917,19267.724995,MLP,16,1.0,16,1.0,19,197.49,12.343125,81016.7603422958,
6,7918,19267.986534,AB,32,0.1,1,0.03125,1,8486.237,265.19490625,3770.811491595156,
6,7919,19276.526203,RF,1,0.01,0,0.0,28,3132.461,3132.461,319.23781333590426,12.72
6,7920,19292.548932,LoR,1,0.01,0,0.0,24,172.453,172.453,5798.681379854221,
6,7921,19292.89474,AB,64,0.01,0,0.0,22,8398.654,131.22896875,7620.268676385525,
6,7922,19301.360057,MLP,16,0.05,2,0.125,20,207.526,12.970375,77098.773165772,
6,7923,19301.665587,NB,16,0.5,6,0.375,29,121.428,7.58925,131765.3259544751,
6,7924,19301.871158,MLP,64,0.5,28,0.4375,8,230.798,3.60621875,277298.7634208269,
6,7925,19302.162673,MLP,100,1.0,100,1.0,1,226.239,2.26239,442010.44028659957,
6,7926,19302.447446,SGD,100,1.0,100,1.0,10,170.076,1.7007599999999998,587972.4358522072,
6,7927,19302.673363,RF,64,1.0,64,1.0,0,3370.561,52.665015625,18987.937022946626,
6,7928,19306.127524,RF,100,0.5,54,0.54,29,3536.519,35.36519,28276.39269010007,
6,7929,19309.746533,AB,100,0.05,4,0.04,16,8711.225,87.11225,11479.441754747466,
6,7930,19318.531619,NB,64,0.05,8,0.125,29,137.929,2.155140625,464006.84410095046,
6,7931,19318.727378,DT,8,0.01,1,0.125,0,89.548,11.1935,89337.56197793363,
6,7932,19318.853818,NB,8,1.0,8,1.0,23,109.476,13.6845,73075.37725163506,
6,7933,19319.001708,NB,1,0.1,0,0.0,6,100.493,100.493,9950.941856646732,
6,7934,19319.170713,SGD,16,0.1,1,0.0625,28,160.138,10.008625,99913.82432651837,
6,7935,19319.399072,RF,64,0.1,6,0.09375,2,3381.981,52.843453125,18923.820092425118,
6,7936,19322.82696,MLP,8,0.01,0,0.0,25,194.956,24.3695,41034.900182605306,
6,7937,19323.088273,GB,32,0.5,16,0.5,22,283.064,8.84575,113048.6391770059,
6,7938,19323.444124,GB,64,0.5,40,0.625,4,277.557,4.336828125,230583.26758107342,
6,7939,19323.765091,RF,8,0.01,0,0.0,28,3079.87,384.98375,2597.512232659171,
6,7940,19326.893377,DT,32,1.0,32,1.0,21,96.393,3.01228125,331974.3134874939,
6,7941,19327.039573,GB,64,1.0,64,1.0,16,258.988,4.0466875,247115.6964801458,
6,7942,19327.340958,MLP,16,1.0,16,1.0,10,193.532,12.09575,82673.66637041936,
6,7943,19327.575864,GB,8,1.0,8,1.0,21,216.478,27.05975,36955.25642328551,
6,7944,19327.835831,NB,8,0.05,0,0.0,25,115.462,14.43275,69286.86494257851,
6,7945,19328.009463,GB,8,0.01,1,0.125,22,217.675,27.209375,36752.03858964052,
6,7946,19328.276951,MLP,64,1.0,64,1.0,18,221.36,3.45875,289121.79255511385,
6,7947,19328.542818,RF,8,0.0,0,0.0,15,3066.439,383.304875,2608.8893338494586,
6,7948,19331.654347,RF,16,0.0,0,0.0,22,3109.359,194.3349375,5145.7551218756025,
6,7949,19334.806857,RF,8,1.0,8,1.0,3,3061.961,382.745125,2612.7047339923665,
6,7950,19337.913005,RF,1,0.1,0,0.0,24,2997.847,2997.847,333.57272736066915,9.99
6,7951,19353.726223,MLP,32,0.01,0,0.0,22,203.423,6.35696875,157307.67907267122,
6,7952,19354.011147,NB,100,0.5,49,0.49,9,160.481,1.6048099999999998,623126.7252821206,
6,7953,19354.209031,SGD,1,1.0,1,1.0,7,156.114,156.114,6405.5754128393355,
6,7954,19354.51954,AB,8,0.0,0,0.0,19,7957.428,994.6785,1005.3499698646347,
6,7955,19362.546322,SGD,32,0.01,1,0.03125,29,160.161,5.00503125,199798.95230424387,
6,7956,19362.751327,LoR,32,0.0,0,0.0,29,154.248,4.82025,207458.11939214772,
6,7957,19362.950139,DT,8,0.1,0,0.0,28,85.664,10.708,93388.12103100485,
6,7958,19363.104736,GB,64,0.01,1,0.015625,6,257.031,4.016109375,248997.20267205124,
6,7959,19363.432082,NB,64,0.5,31,0.484375,18,138.742,2.16784375,461287.8580386617,
6,7960,19363.60953,NB,1,0.5,0,0.0,5,102.834,102.834,9724.410214520489,
6,7961,19363.789091,LoR,64,0.1,2,0.03125,22,168.069,2.626078125,380795.9826023836,
6,7962,19364.012176,GB,100,1.0,100,1.0,6,283.82,2.8382,352335.98759777326,
6,7963,19364.34735,AB,64,0.0,0,0.0,3,8314.679,129.916859375,7697.23040420442,
6,7964,19372.742589,RF,100,0.01,2,0.02,8,3465.104,34.651039999999995,28859.162668710665,
6,7965,19376.27414,GB,16,0.5,8,0.5,5,236.646,14.790375,67611.53790894417,
6,7966,19376.571085,SGD,100,0.0,0,0.0,13,181.931,1.8193100000000002,549658.9366298212,
6,7967,19376.795201,NB,1,1.0,1,1.0,21,105.621,105.621,9467.814165743555,
6,7968,19376.969019,DT,8,0.1,1,0.125,5,115.285,14.410625,69393.24283297914,
6,7969,19377.121137,NB,1,0.0,0,0.0,26,103.548,103.548,9657.356974543207,
6,7970,19377.289291,SGD,8,0.01,1,0.125,10,156.39,19.54875,51154.16586738283,
6,7971,19377.488399,AB,32,0.0,0,0.0,6,8080.757,252.52365625,3960.0250323082355,
6,7972,19385.619862,AB,32,0.0,0,0.0,9,8115.566,253.6114375,3943.0398323419463,
6,7973,19393.805802,GB,16,0.1,3,0.1875,26,219.728,13.733,72817.30139081045,
6,7974,19394.071106,RF,32,0.0,0,0.0,28,3204.582,100.1431875,9985.701723344886,
6,7975,19397.320466,AB,1,0.05,0,0.0,23,7778.414,7778.414,128.56091228880337,2.0
6,7976,19417.740836,LoR,32,0.0,0,0.0,9,161.739,5.05434375,197849.62192173811,
6,7977,19417.94483,GB,8,0.1,0,0.0,6,213.306,26.66325,37504.80530317947,
6,7978,19418.218774,SGD,16,0.5,6,0.375,12,155.765,9.7353125,102718.83927711617,
6,7979,19418.450021,SGD,100,0.1,11,0.11,6,168.498,1.68498,593478.8543484196,
6,7980,19418.656787,SGD,1,0.1,0,0.0,6,141.734,141.734,7055.470105973161,
6,7981,19418.985976,LoR,100,0.1,9,0.09,23,165.593,1.65593,603890.2610617599,
6,7982,19419.191448,AB,1,0.01,0,0.0,23,7590.616,7590.616,131.74161359236194,2.0
6,7983,19440.006135,LoR,64,0.5,36,0.5625,4,196.198,3.06559375,326201.0825798428,
6,7984,19440.248396,NB,32,1.0,32,1.0,0,127.55,3.9859375,250882.00705605646,
6,7985,19440.415223,LoR,1,0.5,0,0.0,13,147.059,147.059,6799.991840009792,
6,7986,19440.740786,SGD,100,1.0,100,1.0,16,165.024,1.65024,605972.4646112081,
6,7987,19440.987644,SGD,100,0.1,14,0.14,26,162.337,1.62337,616002.5132902543,
6,7988,19441.189237,NB,1,0.05,0,0.0,17,99.143,99.143,10086.440797635738,
6,7989,19441.365071,SGD,64,0.1,5,0.078125,18,156.597,2.446828125,408692.3759714426,
6,7990,19441.579503,LoR,16,0.5,9,0.5625,1,196.161,12.2600625,81565.6527036465,
6,7991,19441.815913,SGD,8,0.1,0,0.0,16,141.551,17.693875,56516.73248511138,
6,7992,19441.995357,MLP,8,1.0,8,1.0,4,183.636,22.9545,43564.442701866734,
6,7993,19442.237016,GB,8,0.5,5,0.625,28,250.898,31.36225,31885.467401095266,
6,7994,19442.546823,DT,100,0.0,0,0.0,7,99.524,0.99524,1004782.7659659982,
6,7995,19442.702937,MLP,8,0.1,2,0.25,4,179.361,22.420125,44602.78432881173,
6,7996,19442.921555,DT,1,0.5,0,0.0,5,89.239,89.239,11205.862907473189,16.0
6,7997,19443.213456,AB,100,1.0,100,1.0,19,8604.144,86.04144000000001,11622.306646657704,
6,7998,19451.885375,DT,1,0.05,0,0.0,4,77.408,77.408,12918.56138900372,16.0
6,7999,19452.160875,MLP,100,0.01,0,0.0,16,236.941,2.3694100000000002,422045.99457248853,
6,8000,19452.476287,SGD,100,0.1,9,0.09,7,168.245,1.68245,594371.3037534548,
6,8001,19452.701658,DT,8,0.5,3,0.375,9,86.764,10.8455,92204.13996588447,
6,8002,19452.824383,LoR,1,0.0,0,0.0,25,143.474,143.474,6969.903954723504,
6,8003,19453.145044,RF,64,0.05,2,0.03125,18,3474.307,54.286046875,18420.939773025242,
6,8004,19456.688399,LoR,32,0.01,1,0.03125,20,193.917,6.05990625,165019.05454395438,
6,8005,19456.941318,AB,16,0.5,9,0.5625,22,7963.015,497.6884375,2009.2891951101435,
6,8006,19464.946218,GB,1,0.5,0,0.0,2,219.397,219.397,4557.947465097517,4.0
6,8007,19477.662806,LoR,1,0.1,0,0.0,8,152.56,152.56,6554.798112218144,
6,8008,19477.982994,NB,16,0.5,10,0.625,23,114.454,7.153375,139794.1531095462,
6,8009,19478.145133,RF,64,1.0,64,1.0,8,3261.167,50.955734375,19624.87661625424,
6,8010,19481.502129,LoR,100,0.5,52,0.52,13,214.704,2.14704,465757.5080110291,
6,8011,19481.775576,RF,8,0.5,4,0.5,13,3035.395,379.424375,2635.571317736242,
6,8012,19484.863587,GB,64,1.0,64,1.0,25,268.294,4.19209375,238544.28350988097,
6,8013,19485.190841,SGD,100,1.0,100,1.0,15,179.223,1.7922300000000002,557964.100589768,
6,8014,19485.440741,RF,64,0.5,30,0.46875,26,3268.547,51.071046875,19580.565921187612,
6,8015,19488.763157,GB,64,1.0,64,1.0,2,265.284,4.1450625,241250.88584309648,
6,8016,19489.077129,SGD,32,0.01,0,0.0,27,166.483,5.20259375,192211.8174227999,
6,8017,19489.282739,LoR,8,1.0,8,1.0,8,152.623,19.077875,52416.73928569089,
6,8018,19489.511835,LoR,100,0.01,3,0.03,27,223.892,2.23892,446643.9176031301,
6,8019,19489.812396,MLP,100,0.05,5,0.05,21,234.887,2.34887,425736.63080545113,
6,8020,19490.088724,SGD,8,0.05,0,0.0,19,149.164,18.6455,53632.2437049154,
6,8021,19490.299002,MLP,32,0.05,2,0.0625,16,184.278,5.7586875,173650.67995094368,
6,8022,19490.538745,DT,100,0.0,0,0.0,22,96.977,0.96977,1031172.3398331563,
6,8023,19490.674922,SGD,16,0.0,0,0.0,5,188.179,11.7611875,85025.42791703643,
6,8024,19490.921568,MLP,16,0.01,1,0.0625,21,173.729,10.8580625,92097.46213930892,
6,8025,19491.144247,DT,64,0.0,0,0.0,17,91.925,1.436328125,696219.7443568127,
6,8026,19491.285447,MLP,64,1.0,64,1.0,19,203.611,3.181421875,314324.8645701853,
6,8027,19491.533425,AB,16,0.0,0,0.0,28,8087.512,505.4695,1978.3587338108432,
6,8028,19499.701018,SGD,100,0.01,2,0.02,18,191.343,1.91343,522621.67939250456,
6,8029,19499.987118,DT,100,0.05,8,0.08,19,95.268,0.95268,1049670.403493303,
6,8030,19500.145148,DT,16,0.01,0,0.0,19,95.223,5.9514375,168026.63222120705,
6,8031,19500.276491,GB,8,0.0,0,0.0,9,210.597,26.324625,37987.245782228616,
6,8032,19500.536754,RF,64,1.0,64,1.0,5,3332.174,52.06521875,19206.680083332983,
6,8033,19503.953392,AB,100,0.05,4,0.04,17,8684.743,86.84743,11514.44550518075,
6,8034,19512.691269,NB,64,0.0,0,0.0,12,138.065,2.157265625,463549.77727881796,
6,8035,19512.888423,GB,8,0.5,2,0.25,21,218.754,27.34425,36570.75984896276,
6,8036,19513.149167,AB,1,0.1,0,0.0,7,7740.559,7740.559,129.18963604566542,2.0
6,8037,19534.087929,RF,8,0.1,0,0.0,6,3194.883,399.360375,2504.00405899058,
6,8038,19537.353781,MLP,16,0.1,2,0.125,4,229.592,14.3495,69688.83933238091,
6,8039,19537.69958,MLP,64,0.05,3,0.046875,12,215.045,3.360078125,297612.1276942036,
6,8040,19537.955559,MLP,16,1.0,16,1.0,15,177.353,11.0845625,90215.55880080968,
6,8041,19538.174715,GB,8,0.01,0,0.0,12,256.53,32.06625,31185.43640120064,
6,8042,19538.486146,SGD,64,0.01,0,0.0,9,173.084,2.7044375,369762.6585935153,
6,8043,19538.718788,MLP,100,0.0,0,0.0,26,235.296,2.35296,424996.6000271998,
6,8044,19539.019182,GB,32,0.1,6,0.1875,21,245.807,7.68146875,130183.43659863227,
6,8045,19539.343106,AB,100,0.05,5,0.05,23,8758.602,87.58602,11417.34719764638,
6,8046,19548.145688,SGD,16,0.0,0,0.0,19,157.281,9.8300625,101728.75299622967,
6,8047,19548.367408,RF,8,0.1,1,0.125,20,3173.46,396.6825,2520.9077788911786,
6,8048,19551.610661,LoR,32,0.01,1,0.03125,2,172.499,5.39059375,185508.3217873727,
6,8049,19551.861569,RF,100,0.5,47,0.47,20,3552.106,35.521060000000006,28152.313022190214,
6,8050,19555.483783,NB,32,0.5,13,0.40625,16,137.16,4.28625,233304.17031204433,
6,8051,19555.689496,SGD,64,0.05,4,0.0625,10,173.539,2.711546875,368793.18193604896,
6,8052,19555.903267,MLP,1,0.05,0,0.0,5,169.05,169.05,5915.409642117716,
6,8053,19556.235332,SGD,1,0.05,0,0.0,20,145.651,145.651,6865.726977501012,
6,8054,19556.531473,MLP,8,0.01,0,0.0,12,171.236,21.4045,46719.147842743354,
6,8055,19556.774459,SGD,64,0.1,9,0.140625,14,160.114,2.50178125,399715.20291792095,
6,8056,19556.971619,LoR,1,1.0,1,1.0,23,141.519,141.519,7066.188992290788,
6,8057,19557.300439,MLP,100,0.01,1,0.01,22,232.908,2.32908,429354.07972246554,
6,8058,19557.640344,RF,100,0.1,11,0.11,12,3519.161,35.19161,28415.86389483175,
6,8059,19561.242,MLP,100,0.1,8,0.08,26,249.616,2.49616,400615.34517018136,
6,8060,19561.557319,NB,32,0.5,17,0.53125,19,164.668,5.145875,194330.4102800787,
6,8061,19561.79097,DT,64,0.05,3,0.046875,16,99.246,1.55071875,644862.2614513432,
6,8062,19561.946864,GB,8,0.1,1,0.125,24,228.802,28.60025,34964.72932928908,
6,8063,19562.217108,NB,16,0.0,0,0.0,26,116.103,7.2564375,137808.66988794433,
6,8064,19562.401428,NB,64,0.5,28,0.4375,29,132.193,2.065515625,484140.6125891688,
6,8065,19562.571766,LoR,1,0.01,0,0.0,20,154.197,154.197,6485.210477506047,
6,8066,19562.900381,SGD,16,0.05,1,0.0625,20,152.586,9.536625,104858.89924370518,
6,8067,19563.11202,GB,16,0.1,3,0.1875,20,223.996,13.99975,71429.84696155289,
6,8068,19563.377899,DT,16,0.0,0,0.0,12,90.721,5.6700625,176364.8989759813,
6,8069,19563.510923,GB,32,0.0,0,0.0,6,226.175,7.06796875,141483.3646512656,
6,8070,19563.816213,LoR,100,0.1,8,0.08,10,175.72,1.7572,569087.1841566128,
6,8071,19564.055314,LoR,32,0.1,3,0.09375,13,155.169,4.84903125,206226.75921092485,
6,8072,19564.269922,LoR,100,1.0,100,1.0,1,165.58,1.6558000000000002,603937.6736320811,
6,8073,19564.495994,AB,16,0.05,1,0.0625,28,8398.624,524.914,1905.0739740224114,
6,8074,19572.952921,RF,8,0.01,0,0.0,22,3201.193,400.149125,2499.0683160934063,
6,8075,19576.223371,SGD,8,0.05,1,0.125,12,185.124,23.1405,43214.27799745036,
6,8076,19576.450693,MLP,1,0.01,0,0.0,2,183.336,183.336,5454.466116856482,
6,8077,19576.794669,DT,1,1.0,1,1.0,6,88.51,88.51,11298.15840018077,11.0
6,8078,19577.111111,NB,16,0.05,0,0.0,29,122.967,7.6854375,130116.21004009206,
6,8079,19577.274657,DT,16,1.0,16,1.0,13,89.356,5.58475,179059.04471999643,
6,8080,19577.403532,NB,1,0.5,0,0.0,29,103.003,103.003,9708.455093540964,
6,8081,19577.555655,NB,8,0.1,0,0.0,4,142.52,17.815,56132.47263541959,
6,8082,19577.740734,NB,32,0.0,0,0.0,9,115.811,3.61909375,276312.26740119676,
6,8083,19577.905594,GB,64,0.0,0,0.0,13,286.306,4.47353125,223537.0547595929,
6,8084,19578.233197,LoR,8,1.0,8,1.0,0,163.031,20.378875,49070.42218964491,
6,8085,19578.46011,GB,32,0.5,20,0.625,7,242.233,7.56978125,132104.21371159173,
6,8086,19578.762839,LoR,100,1.0,100,1.0,27,175.278,1.75278,570522.2560732095,
6,8087,19579.012891,LoR,64,0.5,35,0.546875,25,161.911,2.529859375,395278.8877840295,
6,8088,19579.217562,RF,16,0.01,0,0.0,26,3183.715,198.9821875,5025.575467653354,
6,8089,19582.470997,LoR,32,0.1,1,0.03125,24,169.466,5.2958125,188828.43756269693,
6,8090,19582.694009,AB,64,0.01,0,0.0,15,8388.228,131.0660625,7629.740154893263,
6,8091,19591.12546,LoR,1,0.5,0,0.0,10,148.106,148.106,6751.920921502167,
6,8092,19591.427988,DT,8,1.0,8,1.0,13,86.365,10.795625,92630.1163665837,
6,8093,19591.579139,DT,32,0.01,1,0.03125,4,87.71,2.7409375,364838.67289932736,
6,8094,19591.704549,AB,8,1.0,8,1.0,16,8021.53,1002.69125,997.3159733866232,
6,8095,19599.78659,DT,100,0.0,0,0.0,14,90.858,0.90858,1100618.5476237645,
6,8096,19599.942241,NB,32,0.1,5,0.15625,10,122.674,3.8335625,260853.97068653503,
6,8097,19600.107266,RF,1,1.0,1,1.0,2,3130.531,3130.531,319.43462626627877,7.92
6,8098,19616.128711,SGD,16,0.1,4,0.25,23,166.22,10.38875,96257.97136325351,
6,8099,19616.345898,MLP,64,0.0,0,0.0,1,227.001,3.546890625,281937.08397760364,
6,8100,19616.645111,RF,64,0.01,1,0.015625,29,3372.434,52.69428125,18977.391403360303,
6,8101,19620.074756,SGD,64,0.01,0,0.0,17,178.676,2.7918125,358190.2437932347,
6,8102,19620.294067,MLP,8,1.0,8,1.0,22,181.071,22.633875,44181.56413782439,
6,8103,19620.546463,RF,64,0.05,6,0.09375,16,3416.745,53.386640625,18731.277868263507,
6,8104,19624.008596,AB,8,0.05,0,0.0,20,8471.735,1058.966875,944.3166010268262,
6,8105,19632.570717,AB,8,0.5,3,0.375,19,8013.501,1001.687625,998.3152182797506,
6,8106,19640.666448,LoR,64,0.01,1,0.015625,26,188.2,2.940625,340063.76195536664,
6,8107,19640.899185,RF,8,1.0,8,1.0,6,3175.813,396.976625,2519.040006448742,
6,8108,19644.119806,DT,1,0.05,0,0.0,12,92.921,92.921,10761.829941563263,16.0
6,8109,19644.428315,MLP,1,0.1,0,0.0,25,190.788,190.788,5241.419795794284,
6,8110,19644.781862,DT,32,1.0,32,1.0,25,92.104,2.87825,347433.3362286111,
6,8111,19644.940068,NB,100,0.0,0,0.0,1,157.83,1.5783,633593.1065070011,
6,8112,19645.148516,RF,64,1.0,64,1.0,23,3338.69,52.16703125,19169.195103468726,
6,8113,19648.569045,AB,100,1.0,100,1.0,12,9266.831,92.66831,10791.175537786326,
6,8114,19657.927746,RF,64,0.01,1,0.015625,27,3433.553,53.649265625,18639.584127578633,
6,8115,19661.440726,SGD,64,0.01,1,0.015625,14,226.587,3.540421875,282452.21482256264,
6,8116,19661.707032,NB,1,0.0,0,0.0,9,111.685,111.685,8953.753861306352,
6,8117,19661.878629,MLP,32,1.0,32,1.0,26,217.286,6.7901875,147271.33823624163,
6,8118,19662.138408,MLP,16,1.0,16,1.0,4,177.289,11.0805625,90248.12594125976,
6,8119,19662.387577,AB,64,0.05,5,0.078125,29,8401.483,131.273171875,7617.702731767713,
6,8120,19670.871779,RF,100,0.5,58,0.58,9,3545.327,35.45327,28206.14290303828,
6,8121,19674.461794,SGD,1,0.01,0,0.0,17,164.762,164.762,6069.360653548755,
6,8122,19674.808067,LoR,16,0.1,2,0.125,6,155.278,9.704875,103040.99743685519,
6,8123,19675.041961,MLP,100,0.05,2,0.02,1,235.477,2.3547700000000003,424669.92530056013,
6,8124,19675.328404,DT,64,0.0,0,0.0,14,95.356,1.4899375,671169.0926632829,
6,8125,19675.486724,SGD,32,0.1,2,0.0625,12,158.419,4.95059375,201995.97270529417,
6,8126,19675.721482,SGD,100,0.1,18,0.18,12,166.624,1.66624,600153.639331669,
6,8127,19675.933996,NB,16,0.01,0,0.0,11,114.667,7.1666875,139534.4780974474,
6,8128,19676.099177,SGD,64,0.01,0,0.0,6,161.433,2.522390625,396449.3009483811,
6,8129,19676.330242,GB,64,0.01,1,0.015625,25,290.517,4.539328125,220296.91894106026,
6,8130,19676.691635,SGD,64,0.5,38,0.59375,23,171.753,2.683640625,372628.1345886244,
6,8131,19676.908537,DT,1,0.01,0,0.0,15,88.024,88.024,11360.538035081341,16.0
6,8132,19677.222296,LoR,8,0.01,1,0.125,16,155.813,19.476625,51343.59777425504,
6,8133,19677.417408,LoR,1,0.05,0,0.0,11,143.518,143.518,6967.767109352137,
6,8134,19677.750345,SGD,16,0.0,0,0.0,14,146.575,9.1609375,109159.13354937745,
6,8135,19677.96125,RF,32,0.1,3,0.09375,9,3226.926,100.8414375,9916.558359255838,
6,8136,19681.270735,SGD,100,0.1,8,0.08,9,182.697,1.82697,547354.3626879478,
6,8137,19681.511734,AB,100,1.0,100,1.0,6,8712.649,87.12648999999999,11477.565548663788,
6,8138,19690.270547,SGD,16,0.01,0,0.0,12,153.577,9.5985625,104182.26687589938,
6,8139,19690.465429,GB,1,0.5,0,0.0,28,222.066,222.066,4503.16572550503,4.0
6,8140,19703.431701,MLP,64,0.1,8,0.125,23,227.189,3.549828125,281703.77967243135,
6,8141,19703.69978,LoR,1,0.01,0,0.0,18,148.954,148.954,6713.482014581683,
6,8142,19703.997593,GB,1,0.05,0,0.0,25,204.525,204.525,4889.377826671556,4.0
6,8143,19717.00217,AB,1,0.5,0,0.0,6,8162.602,8162.602,122.50995454635667,2.0
6,8144,19738.438389,SGD,1,0.1,1,1.0,22,190.984,190.984,5236.040715452603,
6,8145,19738.803866,LoR,8,0.0,0,0.0,10,154.054,19.25675,51929.84278240098,
6,8146,19739.033618,GB,64,0.5,29,0.453125,22,310.514,4.85178125,206109.86944227957,
6,8147,19739.418142,SGD,64,0.1,6,0.09375,1,173.924,2.7175625,367976.8174605,
6,8148,19739.631995,GB,1,0.05,0,0.0,24,214.53,214.53,4661.352724560667,4.0
6,8149,19752.553135,AB,8,0.5,4,0.5,11,8035.531,1004.441375,995.5782635895499,
6,8150,19760.629113,LoR,1,0.0,0,0.0,6,147.842,147.842,6763.977760041124,
6,8151,19760.931466,RF,16,0.0,0,0.0,25,3227.454,201.715875,4957.468022782044,
6,8152,19764.243938,DT,100,0.1,12,0.12,22,104.287,1.04287,958892.2876293305,
6,8153,19764.398322,GB,64,0.0,0,0.0,18,258.572,4.0401875,247513.26516405487,
6,8154,19764.700862,DT,8,0.1,0,0.0,29,91.697,11.462125,87243.85748715879,
6,8155,19764.832737,SGD,1,0.01,0,0.0,16,155.351,155.351,6437.036131083803,
6,8156,19765.165808,MLP,32,0.5,15,0.46875,19,210.131,6.56659375,152285.95495191094,
6,8157,19765.435941,AB,8,0.1,1,0.125,14,7978.109,997.263625,1002.7438832936476,
6,8158,19773.456833,NB,1,0.1,0,0.0,21,108.709,108.709,9198.870378717493,
6,8159,19773.677341,DT,32,0.01,1,0.03125,19,89.421,2.79440625,357857.7739009852,
6,8160,19773.803951,GB,8,0.0,0,0.0,15,210.724,26.3405,37964.35147396595,
6,8161,19774.078553,MLP,32,0.05,4,0.125,21,202.325,6.32265625,158161.37402693686,
6,8162,19774.320945,GB,8,1.0,8,1.0,15,213.523,26.690375,37466.68977112536,
6,8163,19774.593938,MLP,8,0.5,6,0.75,13,180.519,22.564875,44316.66472781258,
6,8164,19774.820722,MLP,32,0.01,0,0.0,26,186.632,5.83225,171460.4140769,
6,8165,19775.070295,DT,32,0.01,2,0.0625,14,91.854,2.8704375,348378.94920199446,
6,8166,19775.218585,GB,8,0.1,3,0.375,19,217.689,27.211125,36749.67499506177,
6,8167,19775.506335,NB,64,0.1,5,0.078125,2,136.942,2.13971875,467351.1413591155,
6,8168,19775.680823,GB,8,1.0,8,1.0,2,214.098,26.76225,37366.0660071556,
6,8169,19775.965315,DT,64,0.05,7,0.109375,17,94.323,1.473796875,678519.5551456168,
6,8170,19776.107134,AB,64,1.0,64,1.0,6,8352.098,130.50153125,7662.745336560945,
6,8171,19784.502558,RF,1,0.5,0,0.0,0,3090.342,3090.342,323.5887807886635,9.77
6,8172,19800.561391,AB,16,0.05,1,0.0625,10,8080.495,505.0309375,1980.0767155972499,
6,8173,19808.688123,SGD,16,0.05,0,0.0,27,157.276,9.82975,101731.98708003764,
6,8174,19808.88451,NB,1,0.0,0,0.0,6,102.909,102.909,9717.323071840168,
6,8175,19809.055665,LoR,16,0.1,2,0.125,2,152.373,9.5233125,105005.47997348613,
6,8176,19809.265589,SGD,100,0.0,0,0.0,1,164.027,1.64027,609655.7274107313,
6,8177,19809.473109,LoR,16,0.01,0,0.0,17,180.388,11.27425,88697.69607734439,
6,8178,19809.697168,LoR,32,1.0,32,1.0,21,154.702,4.8344375,206849.29735879303,
6,8179,19809.912166,NB,16,0.5,5,0.3125,17,113.523,7.0951875,140940.60234489926,
6,8180,19810.092516,LoR,64,0.05,4,0.0625,17,159.332,2.4895625,401677.001481184,
6,8181,19810.328946,LoR,100,0.01,1,0.01,0,162.682,1.62682,614696.1556902423,
6,8182,19810.559135,GB,64,0.05,3,0.046875,9,257.376,4.0215,248663.43404202414,
6,8183,19810.862137,AB,32,1.0,32,1.0,11,8138.868,254.339625,3931.75070538065,
6,8184,19819.068406,SGD,32,0.05,2,0.0625,20,158.271,4.94596875,202184.86014494128,
6,8185,19819.297335,SGD,64,0.05,4,0.0625,16,158.919,2.483109375,402720.88296553586,
6,8186,19819.498745,GB,16,0.01,0,0.0,21,223.019,13.9386875,71742.76631139051,
6,8187,19819.786178,LoR,32,0.1,3,0.09375,22,157.21,4.9128125,203549.39253228166,
6,8188,19820.011375,GB,64,0.01,3,0.046875,23,245.665,3.838515625,260517.37121690108,
6,8189,19820.327174,NB,64,0.1,7,0.109375,17,136.953,2.139890625,467313.6039371171,
6,8190,19820.500596,NB,1,0.0,0,0.0,27,102.521,102.521,9754.099160172062,
6,8191,19820.657274,AB,32,1.0,32,1.0,8,8132.942,254.1544375,3934.615542567499,
6,8192,19828.852437,NB,8,0.5,3,0.375,26,112.079,14.009875,71378.22428822528,
6,8193,19829.032492,NB,64,0.5,36,0.5625,13,128.072,2.001125,499718.90811418573,
6,8194,19829.198863,RF,16,0.0,0,0.0,17,3254.26,203.39125,4916.632352670038,
6,8195,19832.536176,AB,100,0.5,53,0.53,18,8738.797,87.38797000000001,11443.222676988606,
6,8196,19841.366454,MLP,100,0.01,1,0.01,6,276.468,2.7646800000000002,361705.51383885293,
6,8197,19841.725278,SGD,32,0.5,13,0.40625,27,160.328,5.01025,199590.83878049997,
6,8198,19841.934814,SGD,64,1.0,64,1.0,20,160.083,2.501296875,399792.60758481536,
6,8199,19842.135231,SGD,1,0.1,0,0.0,24,144.61,144.61,6915.151096051448,
6,8200,19842.430384,MLP,1,0.05,0,0.0,3,158.893,158.893,6293.543453770777,
6,8201,19842.761135,DT,32,0.01,1,0.03125,22,90.816,2.838,352360.8174770965,
6,8202,19842.893311,NB,8,0.05,0,0.0,9,111.783,13.972875,71567.23294239733,
6,8203,19843.061273,GB,100,0.0,0,0.0,6,281.898,2.8189800000000003,354738.2386536974,
6,8204,19843.39178,DT,32,0.01,0,0.0,2,94.466,2.9520625,338746.21556962293,
6,8205,19843.549631,SGD,32,0.1,5,0.15625,27,163.325,5.10390625,195928.36369202513,
6,8206,19843.768291,NB,100,0.0,0,0.0,21,154.036,1.54036,649198.8885715028,
6,8207,19844.000147,DT,100,0.05,5,0.05,17,99.347,0.99347,1006572.9211752746,
6,8208,19844.153788,RF,100,1.0,100,1.0,19,3440.788,34.40788,29063.109962020328,
6,8209,19847.664285,SGD,32,0.1,6,0.1875,14,171.122,5.3475625,187001.08694381785,
6,8210,19847.897653,MLP,100,0.0,0,0.0,12,238.01,2.3801,420150.4138481577,
6,8211,19848.190566,RF,64,0.01,0,0.0,28,3364.907,52.576671875,19019.84215314123,
6,8212,19851.638234,RF,100,0.5,50,0.5,10,3488.871,34.88871,28662.5673462848,
6,8213,19855.190896,AB,8,0.1,3,0.375,6,8055.279,1006.909875,993.1375437151214,
6,8214,19863.310188,RF,8,0.05,1,0.125,6,3105.641,388.205125,2575.9577491409987,
6,8215,19866.460273,SGD,1,0.05,0,0.0,15,163.737,163.737,6107.355087732156,
6,8216,19866.814899,GB,100,0.1,16,0.16,0,297.275,2.9727499999999996,336388.86552855105,
6,8217,19867.185629,LoR,64,0.05,1,0.015625,23,173.276,2.7074375,369352.9398185554,
6,8218,19867.459392,AB,100,0.5,52,0.52,21,8736.225,87.36225,11446.591634258504,
6,8219,19876.245374,LoR,32,0.01,0,0.0,18,156.832,4.901,204039.99183840034,
6,8220,19876.446269,MLP,16,0.01,0,0.0,26,179.03,11.189375,89370.49656482154,
6,8221,19876.66942,DT,16,0.01,0,0.0,13,87.248,5.453,183385.29249954154,
6,8222,19876.796445,AB,1,0.1,0,0.0,1,7729.446,7729.446,129.3753782612622,2.0
6,8223,19897.244792,MLP,32,0.01,1,0.03125,14,204.058,6.3768125,156818.15954287507,
6,8224,19897.520539,DT,64,0.01,1,0.015625,8,120.725,1.886328125,530130.461793332,
6,8225,19897.696226,GB,16,0.01,0,0.0,2,227.1,14.19375,70453.54469396741,
6,8226,19898.002226,SGD,100,0.01,1,0.01,13,195.867,1.95867,510550.5266328682,
6,8227,19898.285598,AB,64,0.5,23,0.359375,24,8413.816,131.465875,7606.536677293631,
6,8228,19906.767895,MLP,32,0.1,1,0.03125,19,196.486,6.1401875,162861.47613570435,
6,8229,19907.008961,DT,16,0.05,0,0.0,14,88.01,5.500625,181797.523008749,
6,8230,19907.140184,DT,16,0.05,0,0.0,6,82.542,5.158875,193840.71139541082,
6,8231,19907.259969,NB,8,1.0,8,1.0,28,113.949,14.243625,70206.84692274615,
6,8232,19907.441498,LoR,64,0.05,4,0.0625,18,165.417,2.584640625,386900.9835748442,
6,8233,19907.670308,SGD,32,0.1,4,0.125,10,155.176,4.84925,206217.45630767648,
6,8234,19907.868468,DT,32,1.0,32,1.0,11,88.736,2.773,360620.26685899746,
6,8235,19907.996313,SGD,16,1.0,16,1.0,1,150.652,9.41575,106205.02880811408,
6,8236,19908.215501,RF,64,0.01,1,0.015625,5,3379.436,52.8036875,18938.07132314386,
6,8237,19911.678553,RF,100,0.5,43,0.43,5,3537.769,35.37769,28266.401791637614,
6,8238,19915.260475,AB,1,0.5,1,1.0,1,7682.602,7682.602,130.1642334198752,2.0
6,8239,19935.824521,MLP,16,0.0,0,0.0,28,237.658,14.853625,67323.63311986132,
6,8240,19936.109848,DT,32,0.0,0,0.0,15,95.427,2.98209375,335334.8632986471,
6,8241,19936.246848,GB,1,0.5,1,1.0,29,325.1,325.1,3075.976622577668,4.0
6,8242,19949.298457,GB,64,0.01,1,0.015625,17,274.485,4.288828125,233163.92516895276,
6,8243,19949.645394,RF,32,0.0,0,0.0,2,3251.242,101.6013125,9842.392537990097,
6,8244,19952.966481,RF,32,0.1,4,0.125,5,3226.976,100.843,9916.404708308955,
6,8245,19956.238406,MLP,16,1.0,16,1.0,16,219.582,13.723875,72865.71759069504,
6,8246,19956.500119,AB,1,0.5,1,1.0,10,7716.288,7716.288,129.59599226985827,2.0
6,8247,19977.045431,RF,64,0.01,2,0.03125,6,3323.978,51.93715625,19254.038384128897,
6,8248,19980.433525,SGD,8,0.5,2,0.25,15,171.174,21.39675,46736.06973021603,
6,8249,19980.644794,MLP,8,0.0,0,0.0,8,181.919,22.739875,43975.6155211935,
6,8250,19980.898334,DT,64,0.05,3,0.046875,27,96.849,1.513265625,660822.5175272847,
6,8251,19981.044432,GB,64,0.0,0,0.0,10,268.916,4.2018125,237992.5329842776,
6,8252,19981.355788,DT,16,0.0,0,0.0,25,91.752,5.7345,174383.1197140117,
6,8253,19981.497565,LoR,64,1.0,64,1.0,14,203.561,3.180640625,314402.0711236435,
6,8254,19981.772607,DT,64,0.1,7,0.109375,5,93.237,1.456828125,686422.7720754637,
6,8255,19981.904544,MLP,1,0.05,0,0.0,23,166.88,166.88,5992.329817833173,
6,8256,19982.227905,RF,16,1.0,16,1.0,19,3099.886,193.742875,5161.48013185001,
6,8257,19985.373945,DT,8,0.01,0,0.0,27,93.102,11.63775,85927.2625722326,
6,8258,19985.508565,LoR,16,1.0,16,1.0,4,198.585,12.4115625,80570.03298335725,
6,8259,19985.751078,SGD,16,0.01,0,0.0,13,151.671,9.4794375,105491.4914518926,
6,8260,19985.961695,DT,8,0.5,3,0.375,7,87.473,10.934125,91456.7923816492,
6,8261,19986.089008,MLP,8,0.01,0,0.0,1,174.828,21.8535,45759.26053034983,
6,8262,19986.323856,SGD,16,0.05,1,0.0625,17,150.094,9.380875,106599.86408517329,
6,8263,19986.531389,GB,16,0.1,2,0.125,4,229.035,14.3146875,69858.31859759426,
6,8264,19986.824229,RF,32,0.5,16,0.5,9,3283.847,102.62021875,9744.668372186645,
6,8265,19990.15575,LoR,32,0.0,0,0.0,4,170.226,5.3195625,187985.3841363834,
6,8266,19990.369486,DT,8,0.1,0,0.0,4,93.78,11.7225,85306.0354020047,
6,8267,19990.51561,AB,64,0.01,0,0.0,11,8421.313,131.583015625,7599.765024765141,
6,8268,19998.992229,AB,64,0.01,0,0.0,23,8288.062,129.50096875,7721.949956455442,
6,8269,20007.328479,NB,16,0.1,0,0.0,12,118.273,7.3920625,135280.24147523104,
6,8270,20007.506063,AB,16,0.05,1,0.0625,27,7846.873,490.4295625,2039.0287952920864,
6,8271,20015.406812,LoR,64,0.01,0,0.0,7,157.565,2.461953125,406181.5758575826,
6,8272,20015.610569,GB,32,0.01,0,0.0,26,227.638,7.1136875,140574.06935573145,
6,8273,20015.9075,MLP,64,0.5,34,0.53125,10,220.255,3.441484375,290572.2912079181,
6,8274,20016.186465,MLP,16,0.5,13,0.8125,0,179.688,11.2305,89043.23048840213,
6,8275,20016.406196,SGD,8,0.05,0,0.0,0,146.879,18.359875,54466.601760632904,
6,8276,20016.628605,RF,100,0.1,18,0.18,16,3446.746,34.46746,29012.871850725292,
6,8277,20020.131299,MLP,64,0.01,0,0.0,13,221.635,3.463046875,288763.05637647485,
6,8278,20020.394182,LoR,1,0.5,1,1.0,15,146.497,146.497,6826.078349727298,
6,8279,20020.689932,MLP,8,1.0,8,1.0,19,166.614,20.82675,48015.172794603095,
6,8280,20020.934305,AB,100,0.5,60,0.6,17,8527.743,85.27743000000001,11726.432187273937,
6,8281,20029.507937,GB,32,1.0,32,1.0,14,235.787,7.36834375,135715.70951748823,
6,8282,20029.804371,NB,8,0.05,1,0.125,16,114.238,14.27975,70029.23720653373,
6,8283,20029.959956,DT,32,0.0,0,0.0,4,91.303,2.85321875,350481.36424871034,
6,8284,20030.112303,MLP,32,0.1,8,0.25,4,193.649,6.05153125,165247.43220982293,
6,8285,20030.364174,GB,8,0.5,1,0.125,27,212.635,26.579375,37623.15705316622,
6,8286,20030.617081,LoR,1,0.5,1,1.0,26,150.295,150.295,6653.581290129413,
6,8287,20030.934241,MLP,100,1.0,100,1.0,16,228.193,2.28193,438225.5371549521,
6,8288,20031.232317,AB,64,0.1,4,0.0625,22,8319.331,129.989546875,7692.9262701532125,
6,8289,20039.593491,RF,1,0.1,0,0.0,13,2989.049,2989.049,334.554569028477,11.6
6,8290,20055.902977,LoR,100,0.1,4,0.04,13,219.166,2.19166,456275.15216776327,
6,8291,20056.172046,LoR,16,0.05,0,0.0,16,156.29,9.768125,102373.79230916886,
6,8292,20056.382366,SGD,64,0.01,0,0.0,18,161.828,2.5285625,395481.6224633561,
6,8293,20056.608948,SGD,32,0.1,2,0.0625,5,155.732,4.866625,205481.21131174068,
6,8294,20056.802395,SGD,1,0.0,0,0.0,17,158.039,158.039,6327.552059934574,
6,8295,20057.117734,NB,16,0.0,0,0.0,11,121.658,7.603625,131516.217593582,
6,8296,20057.300704,SGD,32,0.1,3,0.09375,22,155.727,4.86646875,205487.80879359393,
6,8297,20057.498693,LoR,16,0.01,0,0.0,4,193.641,12.1025625,82627.12958516018,
6,8298,20057.76044,AB,64,0.1,8,0.125,0,8639.975,134.999609375,7407.428840939933,
6,8299,20066.456822,MLP,16,0.0,0,0.0,8,214.346,13.396625,74645.66635253282,
6,8300,20066.738678,LoR,16,0.1,1,0.0625,4,157.803,9.8626875,101392.24222606668,
6,8301,20066.935825,LoR,8,0.0,0,0.0,4,145.5,18.1875,54982.817869415805,
6,8302,20067.142264,AB,16,0.5,7,0.4375,5,8436.132,527.25825,1896.6037989922397,
6,8303,20075.657813,RF,64,0.0,0,0.0,6,3637.149,56.830453125,17596.199660778264,
6,8304,20079.364483,SGD,8,1.0,8,1.0,6,210.108,26.2635,38075.65632912597,
6,8305,20079.633077,LoR,64,0.0,0,0.0,18,170.699,2.667171875,374928.96853525797,
6,8306,20079.870309,GB,16,0.05,1,0.0625,25,286.382,17.898875,55869.433134764055,
6,8307,20080.240563,GB,100,0.05,2,0.02,13,292.667,2.9266699999999997,341685.2600395672,
6,8308,20080.631577,GB,100,0.1,12,0.12,3,291.939,2.9193900000000004,342537.31087658723,
6,8309,20081.005584,SGD,100,0.1,11,0.11,20,193.519,1.93519,516745.12580160087,
6,8310,20081.242669,RF,1,0.1,1,1.0,5,3066.97,3066.97,326.05470545848186,6.84
6,8311,20097.429073,DT,64,0.01,0,0.0,18,106.557,1.664953125,600617.5098773426,
6,8312,20097.582438,AB,32,1.0,32,1.0,17,8230.114,257.1910625,3888.159993895589,
6,8313,20105.899857,MLP,100,0.05,2,0.02,20,270.684,2.70684,369434.4697137621,
6,8314,20106.232817,LoR,16,0.1,4,0.25,24,158.726,9.920375,100802.64102919497,
6,8315,20106.431061,RF,1,0.05,1,1.0,23,3075.346,3075.346,325.16666417372227,7.88
6,8316,20122.359344,RF,8,0.1,1,0.125,15,3100.35,387.54375,2580.3538310190784,
6,8317,20125.520624,DT,100,1.0,100,1.0,26,140.303,1.40303,712743.134501757,
6,8318,20125.701624,GB,8,0.0,0,0.0,4,252.783,31.597875,31647.697827781143,
6,8319,20126.016459,LoR,16,0.5,6,0.375,13,162.03,10.126875,98747.14559032278,
6,8320,20126.216096,GB,1,0.0,0,0.0,1,208.562,208.562,4794.737296343533,4.0
6,8321,20139.139518,MLP,8,0.5,5,0.625,6,192.529,24.066125,41552.18174924297,
6,8322,20139.383791,DT,64,1.0,64,1.0,5,93.761,1.465015625,682586.5765083564,
6,8323,20139.517493,RF,1,0.01,0,0.0,4,3047.698,3047.698,328.11649973192885,9.99
6,8324,20155.357747,GB,8,0.1,1,0.125,18,221.791,27.723875,36069.99382301356,
6,8325,20155.644365,RF,32,0.5,12,0.375,24,3253.05,101.6578125,9836.922272943852,
6,8326,20158.973964,RF,64,0.05,3,0.046875,21,3378.027,52.781671875,18945.970532503143,
6,8327,20162.394861,RF,8,1.0,8,1.0,24,3023.634,377.95425,2645.822874064784,
6,8328,20165.472061,MLP,64,1.0,64,1.0,28,271.287,4.238859375,235912.52068842226,
6,8329,20165.786307,AB,1,0.5,0,0.0,3,7720.494,7720.494,129.5253904737184,2.0
6,8330,20186.268447,GB,16,1.0,16,1.0,22,235.405,14.7128125,67967.97009409317,
6,8331,20186.556331,NB,64,1.0,64,1.0,28,143.051,2.235171875,447392.887851186,
6,8332,20186.742791,GB,16,0.01,0,0.0,3,223.854,13.990875,71475.15791542701,
6,8333,20187.013848,LoR,32,0.01,0,0.0,0,163.683,5.11509375,195499.83810169657,
6,8334,20187.241091,NB,32,0.1,3,0.09375,20,120.914,3.7785625,264650.9089104653,
6,8335,20187.400797,GB,16,1.0,16,1.0,15,222.296,13.8935,71976.10393349409,
6,8336,20187.665988,MLP,8,0.05,0,0.0,14,189.093,23.636625,42307.22448742153,
6,8337,20187.898744,LoR,16,0.05,0,0.0,24,152.021,9.5013125,105248.61696739268,
6,8338,20188.108499,GB,100,1.0,100,1.0,20,281.513,2.81513,355223.3822239115,
6,8339,20188.455023,MLP,32,0.1,3,0.09375,12,202.401,6.32503125,158101.98566212616,
6,8340,20188.70127,DT,16,0.01,0,0.0,25,91.786,5.736625,174318.52352210577,
6,8341,20188.829474,AB,1,1.0,1,1.0,1,7715.893,7715.893,129.6026266823555,2.0
6,8342,20209.313952,NB,16,0.1,3,0.1875,24,118.263,7.3914375,135291.68040722795,
6,8343,20209.470472,AB,1,0.05,0,0.0,19,7556.617,7556.617,132.3343501463684,2.0
6,8344,20229.382689,NB,1,0.1,0,0.0,0,105.638,105.638,9466.290539389234,
6,8345,20229.566434,DT,64,0.5,31,0.484375,26,98.313,1.536140625,650982.0674783599,
6,8346,20229.704177,NB,8,0.05,0,0.0,26,108.192,13.524,73942.62052647147,
6,8347,20229.853792,DT,8,0.05,0,0.0,9,86.44,10.805,92549.74548819991,
6,8348,20229.99391,RF,100,0.0,0,0.0,22,3429.26,34.2926,29160.810203950703,
6,8349,20233.496447,RF,64,0.05,2,0.03125,15,3315.442,51.80378125,19303.610197373382,
6,8350,20236.874918,SGD,8,0.01,1,0.125,15,164.689,20.586125,48576.40765321303,
6,8351,20237.076738,RF,1,1.0,1,1.0,4,3012.961,3012.961,331.8994172178133,6.86
6,8352,20252.62267,LoR,1,0.0,0,0.0,13,154.923,154.923,6454.819490972935,
6,8353,20252.943974,GB,64,0.01,0,0.0,28,260.06,4.0634375,246097.05452587863,
6,8354,20253.244837,NB,1,0.5,1,1.0,22,145.474,145.474,6874.080591720858,
6,8355,20253.472796,RF,64,1.0,64,1.0,18,3227.935,50.436484375,19826.917208679854,
6,8356,20256.754418,SGD,64,0.0,0,0.0,18,173.492,2.7108125,368893.09017130476,
6,8357,20257.001719,AB,64,0.05,6,0.09375,17,8202.131,128.158296875,7802.850259280181,
6,8358,20265.276846,RF,64,0.1,6,0.09375,21,3342.324,52.2238125,19148.35306212085,
6,8359,20268.705084,AB,100,0.0,0,0.0,0,8840.347,88.40347,11311.77316908488,
6,8360,20277.588363,SGD,16,0.0,0,0.0,7,203.442,12.715125,78646.49384099645,
6,8361,20277.842604,MLP,64,1.0,64,1.0,17,217.59,3.39984375,294131.16411599796,
6,8362,20278.124243,SGD,32,0.5,14,0.4375,14,152.279,4.75871875,210140.59719330966,
6,8363,20278.335316,NB,16,0.05,1,0.0625,3,112.615,7.0384375,142076.9879678551,
6,8364,20278.495376,DT,64,1.0,64,1.0,20,92.645,1.447578125,690809.0021048087,
6,8365,20278.629039,MLP,16,0.01,0,0.0,27,181.398,11.337375,88203.83907209561,
6,8366,20278.862902,LoR,64,0.01,0,0.0,6,154.645,2.416328125,413851.07827605156,
6,8367,20279.085514,AB,32,0.1,3,0.09375,0,8077.947,252.43584375,3961.4025692419127,
6,8368,20287.20553,MLP,1,0.1,0,0.0,13,162.016,162.016,6172.229903219435,
6,8369,20287.551528,AB,100,0.05,3,0.03,29,8626.054,86.26054,11592.786226471571,
6,8370,20296.251021,GB,64,0.5,34,0.53125,12,277.473,4.335515625,230653.07255120316,
6,8371,20296.569993,LoR,1,0.1,0,0.0,22,154.846,154.846,6458.029267788642,
6,8372,20296.902914,RF,16,0.1,0,0.0,5,3141.515,196.3446875,5093.084069310508,
6,8373,20300.107332,MLP,8,0.5,2,0.25,27,186.728,23.341,42843.06584979221,
6,8374,20300.333986,DT,8,1.0,8,1.0,3,88.259,11.032375,90642.31409827893,
6,8375,20300.464208,MLP,16,0.01,0,0.0,13,191.63,11.976875,83494.23367948651,
6,8376,20300.712342,LoR,16,0.01,0,0.0,20,147.698,9.231125,108329.15814702974,
6,8377,20300.937195,LoR,100,0.1,4,0.04,14,161.566,1.61566,618942.1041555773,
6,8378,20301.146285,MLP,64,0.0,0,0.0,26,199.322,3.11440625,321088.4899810357,
6,8379,20301.415159,NB,64,0.01,1,0.015625,25,131.077,2.048078125,488262.62425902335,
6,8380,20301.581929,NB,1,0.0,0,0.0,21,150.095,150.095,6662.447116826011,
6,8381,20301.780667,AB,8,0.01,0,0.0,15,7865.38,983.1725,1017.1155112658257,
6,8382,20309.719627,MLP,64,0.1,6,0.09375,1,210.784,3.2935,303628.3588887202,
6,8383,20309.983156,SGD,64,0.01,0,0.0,4,157.741,2.464703125,405728.37753025524,
6,8384,20310.216961,RF,100,0.1,9,0.09,3,3438.229,34.38229,29084.741010560963,
6,8385,20313.716126,GB,100,0.0,0,0.0,16,295.82,2.9581999999999997,338043.40477317286,
6,8386,20314.059647,NB,32,0.01,0,0.0,3,125.534,3.9229375,254911.02012203864,
6,8387,20314.227678,DT,8,0.0,0,0.0,18,90.545,11.318125,88353.8571980783,
6,8388,20314.393414,GB,100,0.05,6,0.06,3,270.719,2.7071899999999998,369386.7072499529,
6,8389,20314.727389,AB,32,0.05,2,0.0625,21,7940.915,248.15359375,4029.762313285056,
6,8390,20322.749353,DT,100,0.1,7,0.07,10,91.839,0.91839,1088862.0302921417,
6,8391,20322.880282,LoR,1,0.1,0,0.0,5,148.496,148.496,6734.188126279495,
6,8392,20323.19216,AB,100,1.0,100,1.0,7,8469.141,84.69140999999999,11807.572928588626,
6,8393,20331.722329,LoR,100,0.01,0,0.0,24,164.109,1.6410900000000002,609351.1020114679,
6,8394,20331.925495,SGD,8,1.0,8,1.0,19,142.148,17.7685,56279.370796634495,
6,8395,20332.104403,RF,1,0.0,0,0.0,24,2971.177,2971.177,336.5669564620351,9.99
6,8396,20347.549932,GB,64,1.0,64,1.0,6,260.279,4.066859375,245889.98728287723,
6,8397,20347.894738,AB,100,0.1,11,0.11,6,8418.963,84.18963,11877.947438419673,
6,8398,20356.366257,MLP,64,1.0,64,1.0,26,215.709,3.370453125,296696.01175657945,
6,8399,20356.646521,NB,32,0.5,22,0.6875,20,120.046,3.7514375,266564.4836146144,
6,8400,20356.833864,MLP,64,0.01,1,0.015625,2,205.693,3.213953125,311143.3058003918,
6,8401,20357.117375,LoR,100,0.05,5,0.05,1,166.01,1.6601,602373.3510029516,
6,8402,20357.340625,MLP,16,0.05,2,0.125,26,172.64,10.79,92678.40593141799,
6,8403,20357.554662,MLP,32,0.0,0,0.0,19,183.137,5.72303125,174732.57725091052,
6,8404,20357.813783,LoR,100,0.5,46,0.46,1,160.913,1.6091300000000002,621453.8290877679,
6,8405,20358.016107,AB,16,0.1,0,0.0,12,7779.789,486.2368125,2056.611046906285,
6,8406,20365.857341,RF,100,0.01,0,0.0,2,3388.463,33.88463,29511.905545375586,
6,8407,20369.289224,SGD,1,0.05,0,0.0,10,160.317,160.317,6237.641672436485,
6,8408,20369.627298,MLP,32,0.01,0,0.0,16,205.306,6.4158125,155864.9040943762,
6,8409,20369.912207,AB,100,0.5,52,0.52,23,8503.708,85.03708,11759.575940283932,
6,8410,20378.459615,MLP,8,0.1,0,0.0,29,173.291,21.661375,46165.121096883275,
6,8411,20378.675742,NB,8,0.05,0,0.0,3,109.229,13.653625,73240.62291149786,
6,8412,20378.823793,SGD,1,0.05,0,0.0,25,146.205,146.205,6839.711364180431,
6,8413,20379.117402,GB,16,0.1,0,0.0,23,220.543,13.7839375,72548.21055304407,
6,8414,20379.382996,AB,32,1.0,32,1.0,6,7976.6,249.26875,4011.734322894466,
6,8415,20387.433207,LoR,64,0.5,29,0.453125,29,160.638,2.50996875,398411.3348024751,
6,8416,20387.652353,LoR,8,0.5,2,0.25,3,144.941,18.117625,55194.872396354374,
6,8417,20387.84188,LoR,16,0.01,0,0.0,29,141.691,8.8556875,112921.78049417395,
6,8418,20388.021982,LoR,1,0.5,1,1.0,8,136.592,136.592,7321.072976455429,
6,8419,20388.303491,LoR,16,0.05,0,0.0,28,140.58,8.78625,113814.19832124056,
6,8420,20388.483779,RF,16,1.0,16,1.0,26,3072.813,192.0508125,5206.9553207435665,
6,8421,20391.603311,RF,16,0.1,0,0.0,20,3089.449,193.0905625,5178.917017241586,
6,8422,20394.734752,RF,8,1.0,8,1.0,25,3041.791,380.223875,2630.0294793429266,
6,8423,20397.832806,AB,64,0.01,0,0.0,27,8314.372,129.9120625,7697.514616858616,
6,8424,20406.220138,RF,64,0.5,29,0.453125,4,3271.524,51.1175625,19562.748125949864,
6,8425,20409.566226,NB,64,0.05,3,0.046875,20,177.108,2.7673125,361361.4291844524,
6,8426,20409.809297,SGD,32,0.1,4,0.125,28,165.341,5.16690625,193539.41248692095,
6,8427,20410.017589,AB,1,0.05,0,0.0,5,7611.594,7611.594,131.3785259697246,2.0
6,8428,20430.073796,DT,32,0.0,0,0.0,8,90.055,2.81421875,355338.4043084781,
6,8429,20430.207102,MLP,16,0.01,0,0.0,15,192.578,12.036125,83083.21822845808,
6,8430,20430.450831,RF,64,1.0,64,1.0,21,3598.953,56.233640625,17782.949652301657,
6,8431,20434.103384,DT,1,0.1,0,0.0,3,158.614,158.614,6304.613716317601,16.0
6,8432,20434.486589,MLP,16,0.0,0,0.0,15,260.482,16.280125,61424.58979891124,
6,8433,20434.790392,SGD,1,0.05,0,0.0,2,158.319,158.319,6316.361270599234,
6,8434,20435.135748,MLP,32,0.05,3,0.09375,27,230.488,7.20275,138835.86130297455,
6,8435,20435.409705,AB,16,1.0,16,1.0,14,8159.318,509.957375,1960.948206700609,
6,8436,20443.662122,GB,100,0.01,1,0.01,6,312.781,3.12781,319712.51450695534,
6,8437,20444.047676,SGD,64,0.1,10,0.15625,29,181.841,2.841265625,351955.8295433923,
6,8438,20444.288496,AB,16,0.1,2,0.125,26,7905.279,494.0799375,2023.9639865968043,
6,8439,20452.25337,NB,100,0.0,0,0.0,26,177.251,1.77251,564171.7113020519,
6,8440,20452.474511,GB,32,1.0,32,1.0,26,240.58,7.518125,133011.8879374844,
6,8441,20452.759782,NB,16,0.01,0,0.0,22,114.828,7.17675,139338.83721740343,
6,8442,20452.916686,MLP,32,1.0,32,1.0,28,208.797,6.52490625,153258.9069766328,
6,8443,20453.185671,LoR,16,0.5,5,0.3125,9,151.036,9.43975,105935.00887205699,
6,8444,20453.378439,SGD,16,0.05,0,0.0,5,145.74,9.10875,109784.54782489364,
6,8445,20453.584604,NB,32,0.5,15,0.46875,28,168.233,5.25728125,190212.38401502676,
6,8446,20453.822105,RF,64,0.1,4,0.0625,0,3527.828,55.1223125,18141.47401744076,
6,8447,20457.393498,RF,1,0.01,0,0.0,21,3074.447,3074.447,325.2617462587581,9.99
6,8448,20473.149071,AB,16,0.1,2,0.125,6,7956.287,497.2679375,2010.9882913977335,
6,8449,20481.146934,NB,8,0.0,0,0.0,12,109.297,13.662125,73195.05567398922,
6,8450,20481.297198,NB,8,0.01,0,0.0,29,103.602,12.95025,77218.58651377386,
6,8451,20481.43827,LoR,1,0.5,0,0.0,21,148.305,148.305,6742.860995920569,
6,8452,20481.811923,RF,32,0.5,12,0.375,8,3141.917,98.18490625,10184.86484525212,
6,8453,20485.021693,GB,32,0.5,22,0.6875,11,252.332,7.885375,126817.05055244677,
6,8454,20485.338287,LoR,32,0.1,3,0.09375,6,163.004,5.093875,196314.20087850606,
6,8455,20485.544362,NB,32,1.0,32,1.0,28,154.743,4.83571875,206794.49151173237,
6,8456,20485.737755,LoR,16,1.0,16,1.0,11,149.573,9.3483125,106971.17795324021,
6,8457,20485.938144,MLP,64,0.01,0,0.0,8,215.841,3.372515625,296514.5639614346,
6,8458,20486.19525,RF,8,0.1,0,0.0,19,3000.234,375.02925,2666.458682889401,
6,8459,20489.237665,DT,8,0.0,0,0.0,15,90.609,11.326125,88291.4500767032,
6,8460,20489.388666,SGD,16,0.1,3,0.1875,22,157.872,9.867,101347.92743488395,
6,8461,20489.661392,MLP,100,0.5,50,0.5,4,241.496,2.41496,414085.53350780136,
6,8462,20489.955162,RF,64,0.01,0,0.0,16,3239.875,50.623046875,19753.848528106795,
6,8463,20493.269706,NB,64,0.1,8,0.125,21,139.903,2.185984375,457459.811440784,
6,8464,20493.44888,MLP,1,0.1,0,0.0,24,194.337,194.337,5145.700509938921,
6,8465,20493.84191,SGD,8,0.1,1,0.125,21,148.699,18.587375,53799.95830503231,
6,8466,20494.039836,LoR,64,0.0,0,0.0,19,153.516,2.3986875,416894.6559316293,
6,8467,20494.231912,AB,16,1.0,16,1.0,24,7980.995,498.8121875,2004.76256406626,
6,8468,20502.255147,SGD,1,0.01,0,0.0,14,144.858,144.858,6903.312209197973,
6,8469,20502.541644,RF,8,0.0,0,0.0,28,3121.362,390.17025,2562.9837231311203,
6,8470,20505.740088,NB,8,0.1,1,0.125,16,132.485,16.560625,60384.19443710608,
6,8471,20505.935914,RF,32,0.05,1,0.03125,9,3165.033,98.90728125,10110.479100849818,
6,8472,20509.144794,MLP,1,0.5,1,1.0,21,180.294,180.294,5546.496278300997,
6,8473,20509.475997,MLP,1,0.01,0,0.0,5,198.624,198.624,5034.638311583696,
6,8474,20509.853443,NB,64,0.1,6,0.09375,1,137.815,2.153359375,464390.6686500018,
6,8475,20510.048936,MLP,8,0.05,1,0.125,17,180.684,22.5855,44276.19490380997,
6,8476,20510.293602,LoR,32,0.5,22,0.6875,19,156.443,4.88884375,204547.34312177598,
6,8477,20510.513064,SGD,16,0.05,1,0.0625,23,151.893,9.4933125,105337.30981677891,
6,8478,20510.732892,NB,64,0.01,1,0.015625,22,132.852,2.0758125,481739.07807183935,
6,8479,20510.926877,SGD,32,0.01,1,0.03125,0,156.96,4.905,203873.5983690112,
6,8480,20511.122159,GB,1,0.5,1,1.0,14,226.168,226.168,4421.491988256517,4.0
6,8481,20524.140828,MLP,32,1.0,32,1.0,3,272.681,8.52128125,117353.24426711065,
6,8482,20524.527276,NB,100,0.01,1,0.01,18,209.637,2.09637,477015.0307436187,
6,8483,20524.818536,NB,100,0.1,6,0.06,25,154.328,1.54328,647970.5562179254,
6,8484,20525.036294,GB,32,0.1,4,0.125,14,333.057,10.40803125,96079.65002987476,
6,8485,20525.411147,AB,1,0.0,0,0.0,24,8039.773,8039.773,124.38162122239024,2.0
6,8486,20546.340512,NB,100,1.0,100,1.0,27,165.102,1.65102,605686.1818754467,
6,8487,20546.57635,NB,16,0.1,1,0.0625,1,114.852,7.17825,139309.72033573643,
6,8488,20546.766158,LoR,100,0.05,4,0.04,2,193.854,1.9385400000000002,515852.13614369574,
6,8489,20547.000866,LoR,16,0.0,0,0.0,12,152.246,9.515375,105093.0730528224,
6,8490,20547.19318,LoR,1,0.5,1,1.0,2,143.415,143.415,6972.771327964299,
6,8491,20547.492885,LoR,16,0.0,0,0.0,2,145.558,9.097375,109921.81810687149,
6,8492,20547.709261,LoR,64,0.5,39,0.609375,27,155.049,2.422640625,412772.7363607634,
6,8493,20547.903385,MLP,16,0.0,0,0.0,26,191.13,11.945625,83712.65630722545,
6,8494,20548.134975,NB,1,0.01,0,0.0,10,101.102,101.102,9891.001167138138,
6,8495,20548.320881,SGD,100,0.5,52,0.52,4,171.577,1.71577,582828.700816543,
6,8496,20548.555009,LoR,32,0.05,2,0.0625,29,150.755,4.71109375,212264.93316971246,
6,8497,20548.773482,MLP,64,0.1,7,0.109375,14,210.819,3.294046875,303577.9507539643,
6,8498,20549.041648,LoR,100,1.0,100,1.0,13,162.035,1.62035,617150.6156077391,
6,8499,20549.259689,NB,100,1.0,100,1.0,11,146.298,1.46298,683536.3436273907,
6,8500,20549.444878,SGD,1,0.1,0,0.0,29,151.48,151.48,6601.531555320835,
6,8501,20549.81684,NB,100,0.5,49,0.49,22,146.836,1.46836,681031.8995341741,
6,8502,20550.001693,AB,1,0.5,1,1.0,7,7730.712,7730.712,129.35419143799433,2.0
6,8503,20570.445377,SGD,100,0.1,11,0.11,0,182.101,1.82101,549145.803702341,
6,8504,20570.704433,LoR,100,0.5,42,0.42,17,169.026,1.69026,591624.9571071906,
6,8505,20570.916482,MLP,32,0.0,0,0.0,25,197.268,6.164625,162215.86876736218,
6,8506,20571.154426,SGD,1,0.1,0,0.0,8,143.958,143.958,6946.470498339793,
6,8507,20571.454386,LoR,32,1.0,32,1.0,23,148.355,4.63609375,215698.83050790336,
6,8508,20571.672678,MLP,64,0.1,5,0.078125,11,208.33,3.25515625,307204.9152786444,
6,8509,20571.944405,SGD,32,0.5,15,0.46875,13,150.783,4.71196875,212225.51613908733,
6,8510,20572.153636,AB,16,0.5,7,0.4375,17,8556.478,534.779875,1869.9282578649768,
6,8511,20580.793828,RF,32,0.05,1,0.03125,27,3352.369,104.76153125,9545.48857837547,
6,8512,20584.225416,SGD,64,0.1,8,0.125,13,192.79,3.01234375,331967.42569635354,
6,8513,20584.459019,RF,1,0.05,0,0.0,0,3049.775,3049.775,327.8930412899312,9.99
6,8514,20600.407688,GB,100,1.0,100,1.0,11,324.278,3.24278,308377.37990242935,
6,8515,20600.798879,GB,32,0.5,18,0.5625,6,249.093,7.78415625,128466.07491980908,
6,8516,20601.127588,GB,100,0.5,53,0.53,16,301.997,3.0199700000000003,331129.1171766607,
6,8517,20601.481068,LoR,64,0.0,0,0.0,29,219.472,3.42925,291608.9523948385,
6,8518,20601.761315,MLP,100,0.01,0,0.0,14,255.617,2.55617,391210.28726571397,
6,8519,20602.062184,SGD,32,0.0,0,0.0,19,156.423,4.88821875,204573.4962249797,
6,8520,20602.294302,DT,100,0.05,6,0.06,20,98.804,0.98804,1012104.7730861099,
6,8521,20602.475811,NB,100,0.05,8,0.08,18,158.241,1.58241,631947.4725260836,
6,8522,20602.673923,DT,8,0.1,0,0.0,2,88.856,11.107,90033.31232556046,
6,8523,20602.829457,MLP,64,0.5,33,0.515625,3,220.08,3.43875,290803.3442384587,
6,8524,20603.088022,NB,1,1.0,1,1.0,16,102.826,102.826,9725.16678661039,
6,8525,20603.292551,DT,8,0.01,1,0.125,4,89.367,11.170875,89518.5023554556,
6,8526,20603.4386,LoR,16,0.05,2,0.125,9,154.785,9.6740625,103369.18952094842,
6,8527,20603.638121,RF,16,0.01,0,0.0,6,3178.05,198.628125,5034.533754975535,
6,8528,20606.864065,SGD,32,1.0,32,1.0,4,170.072,5.31475,188155.60468507456,
6,8529,20607.096277,MLP,16,0.5,7,0.4375,21,185.196,11.57475,86394.95453465517,
6,8530,20607.339544,AB,100,1.0,100,1.0,8,8749.577,87.49577,11429.123945077574,
6,8531,20616.133004,AB,16,1.0,16,1.0,29,7985.083,499.0676875,2003.736216642958,
6,8532,20624.183095,GB,16,0.5,8,0.5,11,225.043,14.0651875,71097.52358438165,
6,8533,20624.453029,NB,16,0.01,0,0.0,17,115.919,7.2449375,138027.4156954425,
6,8534,20624.636952,RF,64,0.5,34,0.53125,20,3396.495,53.070234375,18842.95428081007,
6,8535,20628.087411,RF,64,1.0,64,1.0,4,3335.981,52.124703125,19184.761543905675,
6,8536,20631.464942,GB,1,0.0,0,0.0,20,276.7,276.7,3614.0224069389233,4.0
6,8537,20644.861683,DT,1,0.05,0,0.0,23,99.018,99.018,10099.173887575997,16.0
6,8538,20645.144138,GB,1,0.01,0,0.0,20,235.011,235.011,4255.119973107642,4.0
6,8539,20658.230221,SGD,64,1.0,64,1.0,16,199.658,3.11965625,320548.1373148083,
6,8540,20658.471054,DT,1,0.0,0,0.0,12,90.465,90.465,11053.998784060133,16.0
6,8541,20658.746352,AB,16,1.0,16,1.0,17,8098.694,506.168375,1975.6271813702308,
6,8542,20666.92106,GB,64,0.1,8,0.125,28,279.189,4.362328125,229235.39251188262,
6,8543,20667.24384,NB,16,0.0,0,0.0,24,126.323,7.8951875,126659.43652383177,
6,8544,20667.438653,GB,64,0.5,27,0.421875,25,266.9,4.1703125,239790.18358935934,
6,8545,20667.744414,LoR,1,0.0,0,0.0,28,163.777,163.777,6105.863460681293,
6,8546,20668.094976,GB,16,0.1,2,0.125,14,219.817,13.7385625,72787.81895849729,
6,8547,20668.385952,AB,64,0.05,3,0.046875,16,8391.461,131.116578125,7626.800625063979,
6,8548,20676.822192,LoR,8,0.01,0,0.0,6,151.136,18.892,52932.45818335804,
6,8549,20677.038111,NB,32,0.05,1,0.03125,25,120.093,3.75290625,266460.1600426336,
6,8550,20677.207606,MLP,64,0.0,0,0.0,9,229.139,3.580296875,279306.44717835024,
6,8551,20677.497879,MLP,16,0.5,6,0.375,12,212.486,13.280375,75299.07852752652,
6,8552,20677.751143,LoR,16,1.0,16,1.0,1,146.746,9.171625,109031.9327272975,
6,8553,20677.939066,DT,8,0.05,0,0.0,28,86.321,10.790125,92677.33228299023,
6,8554,20678.065491,SGD,8,0.1,0,0.0,15,149.286,18.66075,53588.41418485323,
6,8555,20678.271455,DT,100,0.0,0,0.0,0,94.656,0.9465600000000001,1056457.0655848545,
6,8556,20678.408746,GB,32,1.0,32,1.0,22,231.898,7.2468125,137991.70324884215,
6,8557,20678.682538,MLP,1,0.01,0,0.0,20,170.254,170.254,5873.577125941241,
6,8558,20679.032729,NB,64,0.05,2,0.03125,11,134.89,2.10765625,474460.67165838834,
6,8559,20679.206539,GB,1,0.1,0,0.0,24,205.123,205.123,4875.123706264047,4.0
6,8560,20692.099614,RF,16,0.05,0,0.0,14,3240.409,202.5255625,4937.648303038289,
6,8561,20695.405509,DT,8,0.1,1,0.125,12,94.144,11.768,84976.2066621346,
6,8562,20695.569258,LoR,64,0.5,34,0.53125,12,170.532,2.6645625,375296.1321042385,
6,8563,20695.786431,LoR,32,0.01,0,0.0,21,154.478,4.8274375,207149.23807920868,
6,8564,20696.010291,GB,64,0.1,4,0.0625,12,258.874,4.04490625,247224.5184916214,
6,8565,20696.340558,NB,64,0.1,5,0.078125,10,141.206,2.20634375,453238.5309406116,
6,8566,20696.520549,NB,1,0.05,0,0.0,3,103.207,103.207,9689.265263015106,
6,8567,20696.703518,NB,64,0.1,6,0.09375,13,132.008,2.062625,484819.10187261377,
6,8568,20696.892019,RF,16,0.1,1,0.0625,19,3211.251,200.7031875,4982.4819050270435,
6,8569,20700.157666,DT,64,1.0,64,1.0,9,98.409,1.537640625,650347.0211057931,
6,8570,20700.297207,RF,1,0.01,0,0.0,15,3100.99,3100.99,322.4776603600786,9.95
6,8571,20716.554261,RF,32,0.0,0,0.0,20,3310.707,103.45959375,9665.609188611375,
6,8572,20719.917097,AB,32,0.0,0,0.0,28,8644.182,270.1306875,3701.911875525064,
6,8573,20728.628404,DT,8,0.1,0,0.0,14,84.716,10.5895,94433.16492752255,
6,8574,20728.799322,MLP,100,0.01,1,0.01,29,280.371,2.8037099999999997,356670.26903638395,
6,8575,20729.152233,SGD,64,0.5,27,0.421875,17,168.977,2.640265625,378749.7706788498,
6,8576,20729.39829,GB,100,0.1,6,0.06,19,361.928,3.61928,276298.04823058733,
6,8577,20729.826452,LoR,32,0.01,2,0.0625,29,168.881,5.27753125,189482.53503946567,
6,8578,20730.058833,NB,32,0.1,6,0.1875,29,129.68,4.0525,246761.25848241826,
6,8579,20730.226822,MLP,1,0.1,0,0.0,21,172.805,172.805,5786.869592893724,
6,8580,20730.583902,AB,32,0.5,18,0.5625,13,8591.167,268.47396875,3724.7559033598113,
6,8581,20739.27152,LoR,16,0.05,1,0.0625,1,183.722,11.482625,87088.10049966797,
6,8582,20739.522008,RF,32,0.5,16,0.5,29,3380.69,105.6465625,9465.52331033014,
6,8583,20742.94485,RF,1,1.0,1,1.0,15,3103.574,3103.574,322.2091691707689,6.91
6,8584,20758.861464,LoR,32,1.0,32,1.0,4,166.296,5.19675,192427.95978255643,
6,8585,20759.073227,MLP,32,0.0,0,0.0,8,210.582,6.5806875,151959.80663114606,
6,8586,20759.325669,RF,1,0.05,0,0.0,29,3083.692,3083.692,324.28660190447033,8.76
6,8587,20775.227271,SGD,64,0.01,1,0.015625,2,176.044,2.7506875,363545.47726704687,
6,8588,20775.465322,RF,16,0.05,1,0.0625,7,3187.399,199.2124375,5019.76690084925,
6,8589,20778.720029,AB,16,0.05,1,0.0625,20,8114.508,507.15675,1971.7769703351084,
6,8590,20786.881835,DT,32,0.0,0,0.0,25,84.648,2.64525,378036.1024477838,
6,8591,20787.00771,RF,1,0.01,0,0.0,12,3041.338,3041.338,328.80265199066986,10.52
6,8592,20802.862631,LoR,8,1.0,8,1.0,10,159.19,19.89875,50254.41296563855,
6,8593,20803.082056,AB,8,0.1,1,0.125,0,8024.705,1003.088125,996.9213821567273,
6,8594,20811.148836,RF,8,0.0,0,0.0,16,3135.443,391.930375,2551.473587623822,
6,8595,20814.326013,SGD,1,1.0,1,1.0,26,162.912,162.912,6138.283244942055,
6,8596,20814.651872,AB,16,0.0,0,0.0,16,8082.637,505.1648125,1979.551970476962,
6,8597,20822.806647,MLP,1,0.1,0,0.0,26,173.98,173.98,5747.787101965743,
6,8598,20823.152246,NB,16,0.5,8,0.5,18,120.091,7.5056875,133232.2988400463,
6,8599,20823.34181,GB,64,0.5,33,0.515625,23,300.635,4.697421875,212882.73155154922,
6,8600,20823.686392,GB,8,0.05,0,0.0,13,219.533,27.441625,36440.99064833078,
6,8601,20823.967025,AB,8,0.5,7,0.875,24,7997.432,999.679,1000.3211030740869,
6,8602,20832.007151,DT,1,0.01,0,0.0,9,79.529,79.529,12574.029599265677,16.0
6,8603,20832.266033,RF,1,0.0,0,0.0,10,3063.747,3063.747,326.3977084269687,9.99
6,8604,20848.216299,LoR,32,0.5,18,0.5625,6,164.195,5.13109375,194890.2219921435,
6,8605,20848.431483,LoR,64,0.0,0,0.0,12,160.484,2.5075625,398793.6492111363,
6,8606,20848.631419,MLP,8,1.0,8,1.0,18,178.241,22.280125,44883.05159867819,
6,8607,20848.863928,LoR,64,1.0,64,1.0,13,156.379,2.443421875,409262.1131993426,
6,8608,20849.080844,MLP,16,0.5,9,0.5625,4,173.382,10.836375,92281.7824226275,
6,8609,20849.331425,LoR,100,0.1,12,0.12,9,163.155,1.63155,612914.1000888726,
6,8610,20849.533989,RF,1,0.5,1,1.0,1,3047.97,3047.97,328.0872187062209,7.88
6,8611,20865.303237,AB,100,0.0,0,0.0,22,8666.133,86.66132999999999,11539.172085173399,
6,8612,20874.087144,MLP,100,0.1,7,0.07,16,240.927,2.40927,415063.4839598717,
6,8613,20874.370713,RF,16,1.0,16,1.0,2,3121.162,195.072625,5126.295911586774,
6,8614,20877.558014,RF,16,0.1,3,0.1875,26,3160.207,197.5129375,5062.9594833503,
6,8615,20880.763599,SGD,8,0.1,0,0.0,13,167.775,20.971875,47682.9086574281,
6,8616,20880.972712,GB,1,0.5,0,0.0,5,219.844,219.844,4548.679973071815,4.0
6,8617,20893.948071,LoR,100,0.1,9,0.09,25,177.656,1.7765600000000001,562885.5766199847,
6,8618,20894.185046,GB,8,0.5,6,0.75,14,221.238,27.65475,36160.15331905007,
6,8619,20894.477197,AB,64,0.5,35,0.546875,4,8460.308,132.1923125,7564.736413851599,
6,8620,20903.012664,MLP,64,0.05,2,0.03125,26,221.507,3.461046875,288929.92095057946,
6,8621,20903.279574,LoR,32,0.0,0,0.0,0,153.057,4.78303125,209072.4370659297,
6,8622,20903.492743,AB,8,0.1,1,0.125,9,7881.633,985.204125,1015.0180806439478,
6,8623,20911.446381,SGD,64,0.05,3,0.046875,3,161.654,2.52584375,395907.3082014673,
6,8624,20911.664874,RF,100,0.0,0,0.0,29,3499.406,34.99406,28576.278374101206,
6,8625,20915.227581,GB,8,0.05,2,0.25,19,230.433,28.804125,34717.24969947881,
6,8626,20915.519284,MLP,16,0.1,2,0.125,9,189.861,11.8663125,84272.17806711225,
6,8627,20915.770559,LoR,16,0.5,11,0.6875,2,154.405,9.6503125,103623.5873190635,
6,8628,20916.030218,MLP,64,0.1,4,0.0625,12,206.572,3.2276875,309819.3365993455,
6,8629,20916.277398,SGD,8,0.01,0,0.0,17,148.195,18.524375,53982.92789905193,
6,8630,20916.488706,RF,32,0.05,1,0.03125,21,3197.881,99.93378125,10006.626262828417,
6,8631,20919.760699,MLP,64,0.05,6,0.09375,21,222.551,3.477359375,287574.53347771976,
6,8632,20920.027772,SGD,16,0.01,0,0.0,8,153.643,9.6026875,104137.51358669123,
6,8633,20920.225244,SGD,32,1.0,32,1.0,26,150.843,4.71384375,212141.1003493699,
6,8634,20920.416917,LoR,8,0.5,8,1.0,13,142.507,17.813375,56137.59324103377,
6,8635,20920.598606,NB,1,0.01,0,0.0,13,104.477,104.477,9571.48463298142,
6,8636,20920.786541,RF,100,0.01,2,0.02,15,3437.105,34.37105,29094.252284989838,
6,8637,20924.288464,RF,16,0.01,1,0.0625,10,3153.204,197.07525,5074.203889123571,
6,8638,20927.504131,NB,8,0.1,1,0.125,14,118.245,14.780625,67656.13768024018,
6,8639,20927.683791,RF,32,0.1,4,0.125,7,3108.979,97.15559375,10292.768140280137,
