run_id,sequence,elapsed_since_start_ms,model,batch_size,requested_malicious_fraction,malicious_count,actual_malicious_fraction,repetition,elapsed_us_total,us_per_flow,throughput_flows_s,mean_tree_path_nodes
0,0,1.262384,NB,1,0.0,0,0.0,18,125.645,125.645,7958.931911337499,
0,1,1.466915,MLP,8,0.1,1,0.125,10,246.21,30.77625,32492.587628447258,
0,2,1.817085,DT,64,0.1,4,0.0625,22,112.764,1.7619375,567557.0217445284,
0,3,1.994871,NB,8,0.01,1,0.125,13,119.968,14.996,66684.44918644972,
0,4,2.155654,MLP,8,0.05,0,0.0,9,187.679,23.459875,42625.97307104151,
0,5,2.414908,RF,32,0.5,14,0.4375,19,3475.7,108.615625,9206.778490663752,
0,6,5.964748,AB,1,0.0,0,0.0,6,7925.542,7925.542,126.17433608956964,2.0
0,7,27.101176,SGD,32,0.01,0,0.0,28,186.382,5.8244375,171690.39928748485,
0,8,27.349947,MLP,16,0.5,9,0.5625,10,197.854,12.365875,80867.71053403014,
0,9,27.614418,LoR,32,0.1,2,0.0625,11,154.563,4.83009375,207035.318931439,
0,10,27.808361,RF,1,0.05,0,0.0,11,3034.778,3034.778,329.5133943899686,13.11
0,11,43.945814,MLP,100,0.05,1,0.01,1,252.602,2.52602,395879.6842463638,
0,12,44.241953,RF,8,0.01,0,0.0,6,3028.987,378.623375,2641.1470237409403,
0,13,47.315053,MLP,8,0.01,0,0.0,9,221.572,27.6965,36105.64511761414,
0,14,47.579138,DT,16,0.0,0,0.0,24,92.049,5.7530625,173820.46518701993,
0,15,47.713928,AB,32,1.0,32,1.0,10,8722.534,272.5791875,3668.6586718951166,
0,16,56.493313,AB,8,0.1,0,0.0,16,7985.545,998.193125,1001.8101457070244,
0,17,64.539508,NB,64,0.01,0,0.0,18,143.919,2.248734375,444694.5851485905,
0,18,64.724392,RF,8,0.01,0,0.0,27,3026.777,378.347125,2643.075456170045,
0,19,67.791423,RF,1,0.0,0,0.0,16,2940.226,2940.226,340.1099099184892,9.99
0,20,83.757872,MLP,64,0.0,0,0.0,12,249.932,3.9051875,256069.65094505707,
0,21,84.091417,RF,100,0.05,9,0.09,10,3517.307,35.173069999999996,28430.842118700475,
0,22,87.653412,NB,16,0.0,0,0.0,18,129.845,8.1153125,123223.84381377797,
0,23,87.820743,RF,1,0.0,0,0.0,13,2994.085,2994.085,333.9918539386824,9.99
0,24,104.01833,GB,32,0.5,13,0.40625,20,281.081,8.78378125,113846.1866864,
0,25,104.359361,DT,100,1.0,100,1.0,9,101.03,1.0103,989805.0084133425,
0,26,104.504359,LoR,32,1.0,32,1.0,16,170.556,5.329875,187621.6609207533,
0,27,104.724875,NB,32,0.0,0,0.0,25,122.873,3.83978125,260431.50244561458,
0,28,104.922695,DT,100,0.5,45,0.45,16,99.741,0.99741,1002596.7255190945,
0,29,105.077132,DT,1,0.01,0,0.0,3,98.126,98.126,10190.978945437499,16.0
0,30,105.404449,RF,100,0.5,51,0.51,2,3503.047,35.03047,28546.576737337524,
0,31,108.950833,GB,8,1.0,8,1.0,7,249.672,31.209,32042.039155371847,
0,32,109.262985,GB,100,0.01,0,0.0,10,284.235,2.84235,351821.55610674265,
0,33,109.589119,GB,1,0.1,0,0.0,25,212.526,212.526,4705.306644834043,4.0
0,34,122.816032,SGD,16,0.1,2,0.125,19,170.152,10.6345,94033.56998448446,
0,35,123.033348,LoR,32,0.01,0,0.0,24,157.69,4.9278125,202929.7989726679,
0,36,123.230893,SGD,1,0.01,0,0.0,13,145.912,145.912,6853.445912604858,
0,37,123.546632,NB,16,0.01,0,0.0,25,116.125,7.2578125,137782.56189451023,
0,38,123.70169,NB,1,0.5,0,0.0,15,98.405,98.405,10162.08525989533,
0,39,123.849554,LoR,8,0.1,0,0.0,20,149.82,18.7275,53397.410225604064,
0,40,124.038076,GB,8,1.0,8,1.0,8,214.041,26.755125,37376.016744455505,
0,41,124.296652,DT,32,0.0,0,0.0,9,93.557,2.92365625,342037.47448079777,
0,42,124.452523,SGD,32,0.5,15,0.46875,14,161.42,5.044375,198240.61454590512,
0,43,124.690645,DT,100,0.05,4,0.04,17,96.521,0.96521,1036043.9697060743,
0,44,124.825318,SGD,1,0.5,1,1.0,15,149.445,149.445,6691.424938940748,
0,45,125.153091,AB,16,0.01,1,0.0625,22,8169.243,510.5776875,1958.565805913718,
0,46,133.362108,RF,1,1.0,1,1.0,27,3000.005,3000.005,333.3327777787037,6.85
0,47,150.101224,DT,16,0.01,0,0.0,17,101.985,6.3740625,156885.8165416483,
0,48,150.261186,RF,64,1.0,64,1.0,27,3294.575,51.477734375,19425.87435405174,
0,49,153.604418,RF,8,0.05,0,0.0,26,3109.919,388.739875,2572.41426545193,
0,50,156.755951,MLP,1,0.0,0,0.0,13,208.362,208.362,4799.339610869544,
0,51,157.128926,GB,16,1.0,16,1.0,20,268.245,16.7653125,59646.96452869578,
0,52,157.436957,SGD,1,1.0,1,1.0,5,160.452,160.452,6232.393488395283,
0,53,157.763765,LoR,64,0.0,0,0.0,15,160.181,2.502828125,399548.011312203,
0,54,157.965129,SGD,1,0.05,0,0.0,4,178.349,178.349,5606.98405934432,
0,55,158.301271,SGD,32,0.01,0,0.0,20,150.496,4.703,212630.23601956197,
0,56,158.492787,LoR,16,1.0,16,1.0,28,144.345,9.0215625,110845.54366275243,
0,57,158.677412,GB,1,0.1,0,0.0,2,214.673,214.673,4658.247660395113,4.0
0,58,171.84237,DT,100,0.01,0,0.0,2,101.339,1.01339,986786.9230996951,
0,59,171.983664,RF,1,0.1,0,0.0,5,3020.432,3020.432,331.078468245602,9.99
0,60,188.121219,MLP,100,0.1,11,0.11,1,263.008,2.63008,380216.57135904615,
0,61,188.45718,SGD,64,0.01,1,0.015625,14,166.818,2.60653125,383651.64430696925,
0,62,188.661222,GB,1,1.0,1,1.0,15,212.109,212.109,4714.557138075234,4.0
0,63,201.764461,AB,32,0.1,3,0.09375,14,8264.981,258.28065625,3871.757236949486,
0,64,210.104766,SGD,64,0.1,5,0.078125,6,165.79,2.59046875,386030.5205380301,
0,65,210.317997,LoR,32,0.01,0,0.0,9,152.406,4.7626875,209965.486923087,
0,66,210.534196,GB,32,0.5,16,0.5,27,247.69,7.7403125,129193.75025233155,
0,67,210.846654,SGD,32,0.5,13,0.40625,17,163.382,5.1056875,195860.0090585254,
0,68,211.059934,LoR,64,0.0,0,0.0,27,159.538,2.49278125,401158.3447203801,
0,69,211.295612,SGD,100,0.1,14,0.14,19,166.172,1.6617199999999999,601786.1011482079,
0,70,211.501345,RF,1,0.01,0,0.0,22,3067.782,3067.782,325.96840323073803,11.54
0,71,227.727503,AB,100,1.0,100,1.0,5,8710.601,87.10601000000001,11480.264105771805,
0,72,236.501541,RF,100,0.01,0,0.0,21,3477.678,34.77678,28754.818588725007,
0,73,240.06354,GB,100,0.5,48,0.48,4,317.977,3.1797699999999995,314488.15480364935,
0,74,240.454302,DT,64,0.1,5,0.078125,24,101.523,1.586296875,630399.0228815145,
0,75,240.594448,DT,1,0.1,0,0.0,8,86.323,86.323,11584.398132595023,16.0
0,76,240.871306,MLP,8,0.0,0,0.0,6,195.959,24.494875,40824.866426140165,
0,77,241.113808,RF,16,0.0,0,0.0,5,3092.314,193.269625,5174.118799061156,
0,78,244.247195,AB,1,1.0,1,1.0,0,7749.589,7749.589,129.03910129943665,2.0
0,79,264.897611,SGD,8,1.0,8,1.0,8,161.154,20.14425,49641.95738237959,
0,80,265.098969,LoR,8,1.0,8,1.0,8,148.284,18.5355,53950.52736640501,
0,81,265.297519,NB,64,0.0,0,0.0,26,138.166,2.15884375,463210.9201974437,
0,82,265.475148,RF,1,0.01,0,0.0,6,2969.707,2969.707,336.7335565427835,9.99
0,83,281.610245,GB,100,0.1,10,0.1,25,299.672,2.9967200000000003,333698.1766731626,
0,84,281.953906,DT,16,0.0,0,0.0,19,126.281,7.8925625,126701.56238864119,
0,85,282.179468,LoR,64,0.05,4,0.0625,19,250.701,3.917203125,255284.18315044616,
0,86,282.541602,AB,64,0.1,7,0.109375,6,8816.775,137.762109375,7258.890013638774,
0,87,291.440346,DT,64,0.01,1,0.015625,24,88.489,1.382640625,723253.737752715,
0,88,291.587321,SGD,100,1.0,100,1.0,20,178.305,1.78305,560836.7684585401,
0,89,291.80749,GB,16,0.0,0,0.0,5,248.984,15.5615,64261.15734344375,
0,90,292.134212,NB,100,0.01,1,0.01,11,157.842,1.5784200000000002,633544.9373424057,
0,91,292.348631,RF,16,0.1,1,0.0625,18,3146.302,196.643875,5085.3351013348365,
0,92,295.559013,RF,16,0.05,2,0.125,29,3164.831,197.8019375,5055.56220853499,
0,93,298.767664,GB,16,1.0,16,1.0,22,256.66,16.04125,62339.28153978025,
0,94,299.063165,DT,1,1.0,1,1.0,7,89.292,89.292,11199.211575505084,11.0
0,95,299.414313,LoR,16,0.01,0,0.0,20,166.07,10.379375,96344.91479496598,
0,96,299.630339,AB,64,1.0,64,1.0,4,8267.05,129.17265625,7741.57649947684,
0,97,307.938372,MLP,1,0.05,0,0.0,2,174.16,174.16,5741.84657785944,
0,98,308.26656,AB,16,0.0,0,0.0,6,7877.55,492.346875,2031.0883459958998,
0,99,316.204791,GB,100,1.0,100,1.0,18,287.722,2.87722,347557.71195807063,
0,100,316.536591,LoR,8,0.01,0,0.0,11,155.47,19.43375,51456.87270856114,
0,101,316.752565,LoR,16,0.1,1,0.0625,7,148.575,9.2859375,107689.7189971395,
0,102,316.976988,GB,100,0.5,59,0.59,7,293.699,2.93699,340484.6458448956,
0,103,317.341615,RF,64,0.1,6,0.09375,20,3314.657,51.791515625,19308.181811873746,
0,104,320.709228,SGD,64,0.0,0,0.0,10,175.184,2.73725,365330.1671385515,
0,105,320.925533,RF,1,0.1,0,0.0,8,2980.732,2980.732,335.4880613218498,9.99
0,106,337.195157,LoR,32,1.0,32,1.0,4,185.971,5.81159375,172069.83884584156,
0,107,337.454943,MLP,32,0.01,3,0.09375,1,210.876,6.589875,151747.94666059673,
0,108,337.739316,GB,64,0.05,3,0.046875,19,336.065,5.251015625,190439.34953059675,
0,109,338.128378,MLP,64,0.0,0,0.0,6,216.516,3.3830625,295590.16423728503,
0,110,338.403987,SGD,100,0.0,0,0.0,13,170.392,1.7039199999999999,586882.0132400582,
0,111,338.613801,AB,8,1.0,8,1.0,10,8552.419,1069.052375,935.4078653068799,
0,112,347.232502,SGD,1,0.01,0,0.0,14,171.778,171.778,5821.467242603826,
0,113,347.565708,GB,1,0.5,0,0.0,26,251.122,251.122,3982.1282085998037,4.0
0,114,360.556788,LoR,16,0.01,0,0.0,4,165.227,10.3266875,96836.47345772786,
0,115,360.762411,SGD,1,0.5,0,0.0,12,160.143,160.143,6244.419050473639,
0,116,361.131667,GB,100,0.5,49,0.49,12,300.744,3.0074400000000003,332508.71172824723,
0,117,361.494401,GB,16,0.1,1,0.0625,27,222.479,13.9049375,71916.90002202455,
0,118,361.775379,MLP,100,1.0,100,1.0,28,294.921,2.94921,339073.8536760692,
0,119,362.141424,MLP,64,0.05,3,0.046875,10,208.075,3.251171875,307581.4009371621,
0,120,362.407352,NB,8,0.05,1,0.125,1,116.284,14.5355,68797.08300368064,
0,121,362.584942,MLP,32,0.5,21,0.65625,4,189.294,5.9154375,169049.20388390546,
0,122,362.815637,GB,16,0.01,0,0.0,17,219.154,13.697125,73008.02175639049,
0,123,363.099407,SGD,32,0.1,3,0.09375,9,159.567,4.98646875,200542.71873257,
0,124,363.327159,SGD,64,0.5,33,0.515625,26,160.153,2.502390625,399617.86541619577,
0,125,363.525246,NB,1,0.1,0,0.0,17,99.298,99.298,10070.696287941348,
0,126,363.689616,DT,16,0.5,6,0.375,7,119.996,7.49975,133337.77792593086,
0,127,363.849381,RF,16,0.05,0,0.0,22,3133.647,195.8529375,5105.871848360712,
0,128,367.022961,MLP,1,1.0,1,1.0,5,176.657,176.657,5660.687094199494,
0,129,367.34614,NB,1,1.0,1,1.0,21,102.214,102.214,9783.39562095212,
0,130,367.496117,SGD,16,0.0,0,0.0,14,150.184,9.3865,106535.98252809887,
0,131,367.685992,DT,1,0.01,0,0.0,8,85.731,85.731,11664.392110205177,16.0
0,132,367.95739,LoR,8,1.0,8,1.0,29,151.054,18.88175,52961.19268605929,
0,133,368.205972,MLP,64,0.1,8,0.125,7,208.015,3.250234375,307670.11994327337,
0,134,368.477771,RF,32,0.1,5,0.15625,2,3264.18,102.005625,9803.38094100203,
0,135,371.786421,SGD,16,1.0,16,1.0,27,166.208,10.388,96264.92106276473,
0,136,372.031797,GB,100,0.01,3,0.03,8,285.166,2.85166,350672.94137449766,
0,137,372.360013,MLP,8,0.05,0,0.0,21,183.854,22.98175,43512.78732037377,
0,138,372.584144,RF,1,0.05,0,0.0,7,2949.547,2949.547,339.0351128495325,9.99
0,139,388.680764,NB,8,1.0,8,1.0,8,118.223,14.777875,67668.72774333252,
0,140,388.851989,DT,64,0.01,0,0.0,26,95.957,1.499328125,666965.4115906083,
0,141,388.98853,AB,8,0.01,0,0.0,12,7951.807,993.975875,1006.0606350229577,
0,142,397.000617,AB,100,0.0,0,0.0,19,9118.347,91.18347,10966.900031332434,
0,143,406.182094,AB,16,0.01,0,0.0,24,8118.348,507.39675,1970.844314631499,
0,144,414.345615,SGD,16,0.0,0,0.0,29,174.3,10.89375,91795.75444635685,
0,145,414.567819,DT,32,0.0,0,0.0,6,88.704,2.772,360750.36075036076,
0,146,414.716592,NB,16,0.5,7,0.4375,20,120.79,7.549375,132461.29646493914,
0,147,414.899266,RF,16,0.1,1,0.0625,12,3209.145,200.5715625,4985.75165659389,
0,148,418.186023,NB,64,0.5,35,0.546875,28,149.523,2.336296875,428027.7950549414,
0,149,418.395487,DT,100,1.0,100,1.0,10,101.066,1.0106600000000001,989452.4370213524,
0,150,418.539219,NB,16,0.05,0,0.0,0,116.457,7.2785625,137389.76617979168,
0,151,418.693593,AB,1,0.1,0,0.0,15,7797.025,7797.025,128.25404561355134,2.0
0,152,439.4583,AB,64,0.01,2,0.03125,15,8495.364,132.7400625,7533.520635490134,
0,153,447.996329,SGD,1,0.5,1,1.0,2,154.854,154.854,6457.6956358892885,
0,154,448.308097,DT,8,0.01,0,0.0,2,86.353,10.794125,92642.98866281427,
0,155,448.443849,GB,64,1.0,64,1.0,23,289.375,4.521484375,221166.30669546436,
0,156,448.805484,LoR,64,0.5,27,0.421875,23,172.945,2.702265625,370059.84561565815,
0,157,449.05124,NB,64,0.5,31,0.484375,14,136.457,2.132140625,469012.2163025715,
0,158,449.248723,DT,32,0.05,2,0.0625,15,93.755,2.92984375,341315.12985974085,
0,159,449.402228,SGD,32,0.05,1,0.03125,15,158.764,4.961375,201557.02804162152,
0,160,449.636423,MLP,100,0.5,49,0.49,10,250.837,2.5083699999999998,398665.26868045784,
0,161,449.958057,AB,64,0.05,1,0.015625,1,8476.599,132.446859375,7550.197903663958,
0,162,458.498669,GB,16,0.05,1,0.0625,5,233.591,14.5994375,68495.78964942998,
0,163,458.804364,RF,64,0.05,2,0.03125,10,3343.708,52.2454375,19140.427333965763,
0,164,462.209793,AB,100,0.0,0,0.0,17,8665.159,86.65159,11540.469136227044,
0,165,470.955884,SGD,100,0.1,12,0.12,14,175.221,1.75221,570707.8489450465,
0,166,471.189913,GB,100,0.0,0,0.0,12,282.303,2.82303,354229.3209778146,
0,167,471.513426,NB,8,0.0,0,0.0,2,119.022,14.87775,67214.46455277175,
0,168,471.708389,LoR,100,0.5,55,0.55,10,175.413,1.7541300000000002,570083.1751352522,
0,169,471.939807,GB,100,0.0,0,0.0,19,274.856,2.74856,363826.8766190296,
0,170,472.293416,RF,100,0.01,4,0.04,6,3418.597,34.185970000000005,29251.76614851063,
0,171,475.766522,NB,64,1.0,64,1.0,21,144.818,2.26278125,441934.01372757525,
0,172,475.951563,RF,1,0.01,0,0.0,15,2983.98,2983.98,335.122889563603,10.39
0,173,491.901218,LoR,8,0.05,0,0.0,0,161.513,20.189125,49531.616650052936,
0,174,492.107461,DT,16,0.01,0,0.0,23,89.568,5.598,178635.2268667381,
0,175,492.254652,GB,8,0.1,1,0.125,15,221.925,27.740625,36048.2144868762,
0,176,492.547944,SGD,64,0.5,38,0.59375,23,170.587,2.665421875,375175.1305785318,
0,177,492.781712,LoR,32,0.1,2,0.0625,28,155.116,4.847375,206297.22272363908,
0,178,492.992514,GB,100,0.0,0,0.0,28,277.704,2.77704,360095.64140235644,
0,179,493.34898,RF,100,0.5,50,0.5,24,3477.367,34.77367,28757.39028983711,
0,180,496.891032,GB,8,0.05,1,0.125,17,231.163,28.895375,34607.614540389244,
0,181,497.161592,AB,1,1.0,1,1.0,17,7887.747,7887.747,126.77891418170486,2.0
0,182,517.964886,AB,16,0.0,0,0.0,10,8089.231,505.5769375,1977.9383231854797,
0,183,526.096453,GB,8,1.0,8,1.0,22,213.994,26.74925,37384.22572595494,
0,184,526.35454,DT,8,0.5,0,0.0,15,88.592,11.074,90301.60736861116,
0,185,526.520089,DT,100,0.5,50,0.5,15,94.591,0.9459099999999999,1057183.030098001,
0,186,526.656143,NB,32,1.0,32,1.0,18,125.027,3.90709375,255944.71594135667,
0,187,526.821462,LoR,8,0.0,0,0.0,14,157.138,19.64225,50910.664511448536,
0,188,527.019132,GB,8,0.01,0,0.0,18,214.115,26.764375,37363.09926908437,
0,189,527.271198,GB,1,1.0,1,1.0,20,202.046,202.046,4949.367965710779,4.0
0,190,540.188059,SGD,1,0.05,0,0.0,18,157.022,157.022,6368.5343455057255,
0,191,540.532724,MLP,64,0.05,3,0.046875,18,224.948,3.5148125,284510.1979124064,
0,192,540.824293,AB,32,0.05,1,0.03125,16,8094.536,252.95425,3953.2840424701303,
0,193,548.958565,DT,1,1.0,1,1.0,12,78.852,78.852,12681.986506366356,11.0
0,194,549.220078,DT,8,1.0,8,1.0,2,86.412,10.8015,92579.73429616257,
0,195,549.383986,GB,100,0.1,9,0.09,29,281.38,2.8138,355391.28580567206,
0,196,549.706001,MLP,8,1.0,8,1.0,1,187.844,23.4805,42588.53090862631,
0,197,549.939078,LoR,1,0.05,0,0.0,3,151.99,151.99,6579.380222383051,
0,198,550.246145,RF,16,0.01,0,0.0,15,3078.29,192.393125,5197.6909258062105,
0,199,553.367941,DT,1,0.1,0,0.0,6,92.664,92.664,10791.677458344126,16.0
0,200,553.653135,GB,1,0.05,0,0.0,13,211.653,211.653,4724.714509125786,4.0
0,201,566.612611,AB,8,0.05,0,0.0,26,7994.566,999.32075,1000.6797116941683,
0,202,574.682654,LoR,64,0.01,1,0.015625,16,166.426,2.60040625,384555.29785009555,
0,203,574.927312,MLP,100,0.01,2,0.02,24,235.663,2.35663,424334.74919694645,
0,204,575.204043,GB,1,0.1,0,0.0,19,205.29,205.29,4871.157874226704,4.0
0,205,588.14816,LoR,64,0.5,32,0.5,12,164.64,2.5725,388726.9193391643,
0,206,588.354829,LoR,8,0.01,0,0.0,20,145.129,18.141125,55123.37299919382,
0,207,588.545829,GB,8,0.05,0,0.0,15,206.41,25.80125,38757.81212150574,
0,208,588.822216,RF,64,0.5,29,0.453125,0,3280.665,51.260390625,19508.239945255,
0,209,592.156153,AB,64,0.0,0,0.0,1,8467.461,132.304078125,7558.346002420325,
0,210,600.664493,AB,8,1.0,8,1.0,3,7979.368,997.421,1002.5856684389039,
0,211,608.68559,RF,1,0.5,0,0.0,7,2888.551,2888.551,346.19433757617577,9.99
0,212,624.296105,RF,16,0.1,0,0.0,28,3073.992,192.1245,5204.958243222493,
0,213,627.440081,GB,32,0.01,1,0.03125,10,249.894,7.8091875,128054.29502108894,
0,214,627.734513,SGD,16,0.01,0,0.0,9,164.455,10.2784375,97291.05226353713,
0,215,627.97577,LoR,100,0.05,6,0.06,27,168.662,1.68662,592901.7798911432,
0,216,628.206198,RF,32,0.1,1,0.03125,17,3073.536,96.048,10411.460936198568,
0,217,631.322845,DT,16,1.0,16,1.0,26,93.32,5.8325,171453.06472353195,
0,218,631.48544,SGD,64,0.05,1,0.015625,15,169.71,2.65171875,377113.9001826645,
0,219,631.692007,LoR,1,1.0,1,1.0,15,142.745,142.745,7005.499316963816,
0,220,631.989599,AB,32,0.01,0,0.0,9,7927.312,247.7285,4036.677249488856,
0,221,639.958512,RF,1,0.1,0,0.0,26,2902.192,2902.192,344.56714097482177,9.99
0,222,655.579413,SGD,8,0.05,0,0.0,14,156.591,19.573875,51088.50444789292,
0,223,655.811957,DT,100,0.01,2,0.02,13,95.38,0.9538,1048437.8276368212,
0,224,655.942361,GB,1,0.0,0,0.0,9,204.974,204.974,4878.6675383219335,4.0
0,225,668.749199,SGD,32,0.01,2,0.0625,16,160.865,5.02703125,198924.564075467,
0,226,668.967515,GB,100,1.0,100,1.0,19,285.667,2.85667,350057.9345881744,
0,227,669.331315,DT,100,0.05,7,0.07,7,99.291,0.99291,1007140.6270457545,
0,228,669.468508,NB,1,0.05,0,0.0,1,110.581,110.581,9043.144844050967,
0,229,669.626614,NB,8,0.1,0,0.0,6,104.978,13.12225,76206.4432547772,
0,230,669.786206,DT,16,0.1,4,0.25,7,89.246,5.577875,179279.74362996663,
0,231,669.934454,MLP,32,0.1,2,0.0625,0,240.724,7.522625,132932.32083215634,
0,232,670.250012,AB,100,0.5,42,0.42,14,8582.654,85.82654000000001,11651.40759490013,
0,233,678.884825,MLP,64,1.0,64,1.0,25,213.583,3.337234375,299649.3166590974,
0,234,679.143162,DT,32,0.0,0,0.0,19,87.258,2.7268125,366728.5521098352,
0,235,679.285788,SGD,100,0.0,0,0.0,0,164.342,1.64342,608487.1791751347,
0,236,679.52502,MLP,100,0.1,6,0.06,7,223.306,2.23306,447816.0013613606,
0,237,679.810617,RF,16,0.5,9,0.5625,14,3001.169,187.5730625,5331.255920609603,
0,238,682.876487,SGD,16,0.05,1,0.0625,22,164.335,10.2709375,97362.09571911035,
0,239,683.079471,RF,8,1.0,8,1.0,7,2937.235,367.154375,2723.6499633158396,
0,240,686.105048,RF,100,0.01,1,0.01,25,3338.072,33.380720000000004,29957.412542329825,
0,241,689.509493,SGD,32,0.1,2,0.0625,7,168.187,5.25584375,190264.4080695892,
0,242,689.716446,DT,8,0.0,0,0.0,22,88.767,11.095875,90123.58196176507,
0,243,689.867421,DT,32,0.05,4,0.125,11,87.662,2.7394375,365038.4431110401,
0,244,689.996807,GB,1,0.1,0,0.0,1,210.345,210.345,4754.094463856997,4.0
0,245,702.842993,MLP,1,1.0,1,1.0,4,171.958,171.958,5815.373521441282,
0,246,703.208011,MLP,100,0.05,5,0.05,10,234.332,2.34332,426744.9601420207,
0,247,703.482437,MLP,1,0.5,0,0.0,2,157.409,157.409,6352.8769003043035,
0,248,703.785088,NB,16,1.0,16,1.0,15,114.896,7.181,139256.3709789723,
0,249,703.937819,AB,8,0.0,0,0.0,28,7798.185,974.773125,1025.8797399651328,
0,250,711.815777,DT,100,0.05,2,0.02,19,90.76,0.9076000000000001,1101806.9634200088,
0,251,711.968484,NB,32,0.05,1,0.03125,23,118.364,3.698875,270352.47203541617,
0,252,712.158155,AB,100,0.1,10,0.1,3,8768.867,87.68867,11403.981837106208,
0,253,720.998315,DT,32,0.5,16,0.5,24,96.967,3.03021875,330009.1783802737,
0,254,721.166005,GB,32,0.0,0,0.0,2,290.017,9.06303125,110338.35947547902,
0,255,721.52959,RF,8,0.5,4,0.5,15,3411.778,426.47225,2344.8184495005244,
0,256,725.046475,AB,8,0.5,4,0.5,7,8640.027,1080.003375,925.9230324164496,
0,257,733.777265,RF,64,0.0,0,0.0,8,3493.016,54.578375,18322.275076896298,
0,258,737.347912,GB,1,0.01,0,0.0,6,299.192,299.192,3342.3353565603356,4.0
0,259,750.540239,NB,100,0.5,52,0.52,0,166.69,1.6669,599916.0117583538,
0,260,750.74656,SGD,1,0.5,1,1.0,20,208.393,208.393,4798.625673607079,
0,261,751.121181,RF,64,1.0,64,1.0,1,3234.421,50.537828125,19787.158196165557,
0,262,754.436761,SGD,16,0.5,9,0.5625,1,180.561,11.2850625,88612.71260128156,
0,263,754.660883,MLP,16,0.05,0,0.0,21,197.687,12.3554375,80936.0251306358,
0,264,754.900935,DT,8,0.1,0,0.0,13,90.668,11.3335,88233.99655887413,
0,265,755.054769,GB,32,0.1,2,0.0625,5,244.027,7.62584375,131133.03036139446,
0,266,755.362649,SGD,32,0.1,2,0.0625,10,158.221,4.94440625,202248.75332604395,
0,267,755.587266,DT,32,0.5,21,0.65625,25,90.24,2.82,354609.9290780142,
0,268,755.713911,NB,8,0.0,0,0.0,22,109.261,13.657625,73219.17244030349,
0,269,755.8632,LoR,16,0.05,0,0.0,6,150.641,9.4150625,106212.78403621857,
0,270,756.052253,RF,1,0.05,0,0.0,5,2995.399,2995.399,333.84534080434696,9.99
0,271,771.940816,AB,64,0.01,1,0.015625,19,8388.031,131.062984375,7629.91934579164,
0,272,780.395824,RF,32,0.1,4,0.125,16,3189.463,99.67071875,10033.036909348062,
0,273,783.628814,DT,1,0.1,0,0.0,7,92.407,92.407,10821.69099743526,16.0
0,274,783.914588,MLP,16,0.0,0,0.0,7,200.57,12.535625,79772.647953333,
0,275,784.188285,AB,64,0.5,29,0.453125,29,8458.49,132.16390625,7566.362317624068,
0,276,792.688666,DT,8,0.0,0,0.0,23,84.212,10.5265,94998.33752909323,
0,277,792.839053,MLP,32,0.05,1,0.03125,20,196.851,6.15159375,162559.4993167421,
0,278,793.096666,LoR,16,0.5,10,0.625,12,151.316,9.45725,105738.98331967538,
0,279,793.325619,MLP,100,0.05,6,0.06,28,227.279,2.27279,439987.85633516515,
0,280,793.616413,AB,32,0.5,13,0.40625,2,8235.341,257.35440625,3885.692165023889,
0,281,801.914151,AB,8,0.01,1,0.125,0,7965.114,995.63925,1004.3798494283949,
0,282,809.921774,GB,1,0.01,0,0.0,28,264.359,264.359,3782.7348416358063,4.0
0,283,823.003172,MLP,1,1.0,1,1.0,3,175.646,175.646,5693.269416895347,
0,284,823.360987,SGD,32,0.5,15,0.46875,3,157.776,4.9305,202819.18669506133,
0,285,823.577227,GB,8,0.5,5,0.625,21,225.148,28.1435,35532.183275001335,
0,286,823.873574,LoR,64,0.05,2,0.03125,14,165.244,2.5819375,387306.04439495533,
0,287,824.119761,RF,100,0.01,2,0.02,1,3518.191,35.181909999999995,28423.698429107462,
0,288,827.69161,LoR,64,1.0,64,1.0,29,174.463,2.725984375,366839.9603354293,
0,289,827.911417,DT,32,1.0,32,1.0,6,92.197,2.88115625,347082.8768831958,
0,290,828.060346,GB,100,0.0,0,0.0,26,279.462,2.79462,357830.4027023352,
0,291,828.401459,DT,16,0.1,2,0.125,28,93.121,5.8200625,171819.46070166773,
0,292,828.56168,MLP,64,0.05,3,0.046875,28,223.664,3.49475,286143.5009657343,
0,293,828.826441,MLP,1,0.5,1,1.0,12,162.375,162.375,6158.5835257890685,
0,294,829.141635,LoR,1,1.0,1,1.0,2,141.622,141.622,7061.049836889748,
0,295,829.466389,NB,100,0.1,6,0.06,15,156.62,1.5662,638488.0602732729,
0,296,829.661888,RF,8,1.0,8,1.0,24,3040.765,380.095625,2630.916890979737,
0,297,832.756585,SGD,64,1.0,64,1.0,22,176.333,2.755203125,362949.64640764915,
0,298,832.978193,RF,32,1.0,32,1.0,26,3136.056,98.00175,10203.899420163416,
0,299,836.18563,LoR,32,0.1,3,0.09375,3,169.32,5.29125,188991.25915426412,
0,300,836.394538,MLP,8,0.0,0,0.0,28,179.911,22.488875,44466.43062403077,
0,301,836.618869,NB,32,1.0,32,1.0,11,121.887,3.80896875,262538.25264384225,
0,302,836.800227,LoR,16,0.5,10,0.625,13,153.022,9.563875,104560.1286089582,
0,303,837.009217,GB,100,1.0,100,1.0,17,294.545,2.94545,339506.69676959375,
0,304,837.365133,RF,16,0.5,14,0.875,15,3114.801,194.6750625,5136.764756400168,
0,305,840.524678,LoR,16,1.0,16,1.0,27,167.276,10.45475,95650.30249408162,
0,306,840.753191,LoR,8,0.1,1,0.125,14,152.771,19.096375,52365.95950802181,
0,307,840.968403,RF,16,0.5,6,0.375,21,3523.144,220.1965,4541.398251107534,
0,308,844.575244,AB,8,0.01,0,0.0,2,8219.483,1027.435375,973.2972256284245,
0,309,852.871573,SGD,100,1.0,100,1.0,7,193.156,1.9315600000000002,517716.2500776574,
0,310,853.109136,DT,1,0.1,0,0.0,12,83.818,83.818,11930.611563148726,16.0
0,311,853.411994,NB,32,0.0,0,0.0,20,131.791,4.11846875,242808.68951597606,
0,312,853.58044,SGD,1,1.0,1,1.0,15,151.869,151.869,6584.622273143301,
0,313,853.895511,LoR,16,1.0,16,1.0,26,187.253,11.7033125,85445.89405777211,
0,314,854.1271,RF,32,1.0,32,1.0,29,3130.511,97.82846875,10221.973345565628,
0,315,857.34258,DT,100,0.5,52,0.52,25,104.508,1.04508,956864.5462548322,
0,316,857.493409,LoR,32,0.05,0,0.0,12,165.294,5.1654375,193594.4438394618,
0,317,857.703711,LoR,8,0.01,0,0.0,21,148.317,18.539625,53938.52356776364,
0,318,857.90195,RF,64,0.0,0,0.0,29,3335.81,52.12203125,19185.744991471336,
0,319,861.301463,MLP,8,0.1,2,0.25,1,206.599,25.824875,38722.35586813102,
0,320,861.568047,LoR,100,0.0,0,0.0,22,171.621,1.71621,582679.275846196,
0,321,861.818301,NB,100,0.05,7,0.07,23,156.402,1.56402,639378.0130688866,
0,322,862.077477,RF,32,0.5,10,0.3125,8,3160.194,98.7560625,10125.960621404889,
0,323,865.302451,NB,16,0.5,9,0.5625,24,126.992,7.937,125992.18848431397,
0,324,865.469115,LoR,1,0.01,0,0.0,2,157.062,157.062,6366.912429486444,
0,325,865.819215,NB,100,0.01,1,0.01,10,155.882,1.55882,641510.8864397429,
0,326,866.052005,GB,8,0.0,0,0.0,4,258.28,32.285,30974.136595942393,
0,327,866.351311,NB,1,0.5,1,1.0,2,104.499,104.499,9569.469564302051,
0,328,866.539949,RF,100,0.1,11,0.11,10,3380.723,33.80723,29579.47161006684,
0,329,869.990565,AB,16,0.1,2,0.125,19,8090.439,505.6524375,1977.6429931676141,
0,330,878.145285,LoR,16,0.1,4,0.25,18,156.427,9.7766875,102284.13253466474,
0,331,878.362841,AB,16,0.1,1,0.0625,9,8066.179,504.1361875,1983.5909914719225,
0,332,886.480973,RF,32,1.0,32,1.0,18,3064.196,95.756125,10443.196192410669,
0,333,889.606792,NB,100,1.0,100,1.0,19,159.871,1.59871,625504.312852237,
0,334,889.806621,MLP,8,0.0,0,0.0,13,218.853,27.356625,36554.21675736681,
0,335,890.110452,LoR,64,0.05,3,0.046875,11,163.54,2.5553125,391341.56781215605,
0,336,890.31482,GB,16,0.0,0,0.0,29,243.096,15.1935,65817.61937670714,
0,337,890.630053,MLP,64,0.01,1,0.015625,16,223.444,3.4913125,286425.23406312097,
0,338,890.897601,SGD,16,0.1,0,0.0,10,153.731,9.6081875,104077.90230987895,
0,339,891.093434,RF,16,0.1,0,0.0,8,3083.66,192.72875,5188.639473871957,
0,340,894.242665,RF,16,0.05,1,0.0625,20,3040.676,190.04225,5261.98779481931,
0,341,897.344364,SGD,100,0.0,0,0.0,28,188.04,1.8803999999999998,531801.7443097214,
0,342,897.59498,AB,16,0.5,8,0.5,27,8230.721,514.4200625,1943.9366247501282,
0,343,905.889159,MLP,100,0.01,0,0.0,12,275.131,2.7513099999999997,363463.22297378344,
0,344,906.217365,LoR,64,1.0,64,1.0,5,160.319,2.504984375,399204.08685183915,
0,345,906.422159,SGD,32,0.0,0,0.0,0,151.08,4.72125,211808.31347630394,
0,346,906.613696,RF,16,0.0,0,0.0,7,3080.447,192.5279375,5194.0513828025605,
0,347,909.738549,SGD,16,1.0,16,1.0,14,167.016,10.4385,95799.20486659961,
0,348,909.981339,SGD,64,0.5,32,0.5,15,195.527,3.055109375,327320.5235082623,
0,349,910.225638,SGD,64,0.0,0,0.0,12,158.495,2.476484375,403798.22707340925,
0,350,910.44229,NB,8,0.5,5,0.625,10,111.955,13.994375,71457.28194363807,
0,351,910.602551,MLP,64,1.0,64,1.0,11,213.445,3.335078125,299843.05090304295,
0,352,910.877596,GB,100,0.0,0,0.0,18,297.918,2.97918,335662.83339710924,
0,353,911.215881,AB,1,1.0,1,1.0,12,7770.393,7770.393,128.69361948617012,2.0
0,354,931.947038,GB,8,0.0,0,0.0,21,233.037,29.129625,34329.31251260529,
0,355,932.246515,RF,32,0.5,15,0.46875,14,3179.533,99.36040625,10064.371088458589,
0,356,935.469792,AB,1,0.01,0,0.0,14,7724.231,7724.231,129.4627258040315,2.0
0,357,956.274677,SGD,100,1.0,100,1.0,0,181.962,1.8196199999999998,549565.2938525627,
0,358,956.522635,SGD,32,0.5,9,0.28125,10,157.186,4.9120625,203580.4715432672,
0,359,956.747861,LoR,64,0.1,8,0.125,6,157.589,2.462328125,406119.7164776729,
0,360,956.945713,RF,16,1.0,16,1.0,25,3045.173,190.3233125,5254.2170838898155,
0,361,960.034577,NB,1,0.01,0,0.0,4,114.18,114.18,8758.101243650375,
0,362,960.218703,NB,16,0.05,1,0.0625,28,114.487,7.1554375,139753.8585166875,
0,363,960.368484,GB,1,0.0,0,0.0,27,217.005,217.005,4608.188751411258,4.0
0,364,974.073958,DT,16,0.5,6,0.375,26,103.259,6.4536875,154950.17383472627,
0,365,974.237273,AB,16,0.05,1,0.0625,9,8177.634,511.102125,1956.5561383647153,
0,366,982.456677,LoR,1,0.5,1,1.0,0,162.918,162.918,6138.057182140708,
0,367,982.783283,RF,16,0.05,0,0.0,6,3126.396,195.39975,5117.713814884614,
0,368,985.953929,DT,8,0.05,0,0.0,25,145.704,18.213,54905.83649041893,
0,369,986.172758,MLP,64,0.5,33,0.515625,19,239.558,3.74309375,267158.68390953337,
0,370,986.482641,RF,64,0.5,39,0.609375,24,3261.231,50.956734375,19624.491488030133,
0,371,989.788121,NB,8,0.01,0,0.0,14,124.772,15.5965,64116.94931555157,
0,372,989.962971,LoR,64,1.0,64,1.0,12,232.64,3.635,275103.1636863824,
0,373,990.254781,NB,8,0.05,1,0.125,5,108.386,13.54825,73810.2706991678,
0,374,990.418915,MLP,16,0.1,2,0.125,10,187.549,11.7218125,85311.03871521575,
0,375,990.643471,GB,1,0.0,0,0.0,19,237.563,237.563,4209.409714475739,4.0
0,376,1003.658121,DT,1,0.1,0,0.0,3,86.754,86.754,11526.846024390805,16.0
0,377,1003.94307,SGD,100,0.0,0,0.0,16,178.034,1.7803399999999998,561690.4636193087,
0,378,1004.168592,GB,32,0.05,0,0.0,10,237.56,7.42375,134702.81192119885,
0,379,1004.467121,DT,16,0.5,11,0.6875,0,89.341,5.5838125,179089.10802431137,
0,380,1004.595645,MLP,8,0.1,0,0.0,23,195.202,24.40025,40983.186647677794,
0,381,1004.893937,MLP,64,0.0,0,0.0,22,286.376,4.474625,223482.41472749115,
0,382,1005.220642,SGD,1,0.1,0,0.0,15,234.781,234.781,4259.288443272667,
0,383,1005.667179,LoR,1,0.01,0,0.0,19,171.442,171.442,5832.8764246800665,
0,384,1005.996172,MLP,1,0.5,1,1.0,14,168.53,168.53,5933.661662611998,
0,385,1006.338765,AB,64,0.0,0,0.0,4,8600.646,134.38509375,7441.301502235994,
0,386,1015.048004,NB,100,0.05,5,0.05,7,161.008,1.6100800000000002,621087.1509490211,
0,387,1015.270024,SGD,16,0.5,10,0.625,7,175.057,10.9410625,91398.80153321491,
0,388,1015.484564,RF,1,0.5,0,0.0,3,3031.595,3031.595,329.85936445996253,10.17
0,389,1031.475579,SGD,64,1.0,64,1.0,8,173.248,2.707,369412.6339120798,
0,390,1031.693252,AB,16,0.01,0,0.0,9,7998.485,499.9053125,2000.378821739367,
0,391,1039.743777,LoR,64,1.0,64,1.0,0,161.424,2.52225,396471.4044999504,
0,392,1039.969971,GB,32,0.5,23,0.71875,22,268.985,8.40578125,118965.74158410319,
0,393,1040.309595,DT,64,0.1,8,0.125,7,95.746,1.49603125,668435.2348923193,
0,394,1040.461693,GB,16,0.5,8,0.5,3,225.091,14.0681875,71082.3622446033,
0,395,1040.727325,RF,16,0.0,0,0.0,27,3048.321,190.5200625,5248.791055797601,
0,396,1043.842295,LoR,32,0.5,19,0.59375,24,167.849,5.24528125,190647.5463065017,
0,397,1044.058068,SGD,32,1.0,32,1.0,2,154.272,4.821,207425.84526031945,
0,398,1044.260978,NB,64,1.0,64,1.0,5,133.283,2.082546875,480181.26842883194,
0,399,1044.43261,LoR,1,0.05,0,0.0,10,144.003,144.003,6944.299771532538,
0,400,1044.767802,LoR,100,0.1,8,0.08,26,162.31,1.6231,616104.9842893229,
0,401,1044.998799,LoR,64,0.5,41,0.640625,14,152.768,2.387,418935.9028068705,
0,402,1045.190978,LoR,8,0.1,0,0.0,7,139.177,17.397125,57480.76190749909,
0,403,1045.387108,AB,16,0.5,8,0.5,4,8538.993,533.6870625,1873.7572451458855,
0,404,1054.046458,RF,100,0.0,0,0.0,13,3474.854,34.74854,28778.18751521647,
0,405,1057.573303,LoR,16,0.01,0,0.0,15,179.111,11.1944375,89330.0802295783,
0,406,1057.7934,GB,8,1.0,8,1.0,23,307.872,38.484,25984.824862280428,
0,407,1058.161723,GB,8,0.5,6,0.75,27,221.113,27.639125,36180.59544214949,
0,408,1058.448569,NB,32,0.05,1,0.03125,16,128.839,4.02621875,248371.99916174452,
0,409,1058.633793,LoR,16,0.5,5,0.3125,27,156.117,9.7573125,102487.23713625038,
0,410,1058.827839,AB,8,1.0,8,1.0,26,8088.856,1011.107,989.0150102808111,
0,411,1066.961841,MLP,1,0.01,0,0.0,15,173.764,173.764,5754.931976704035,
0,412,1067.290495,DT,8,0.05,0,0.0,12,113.892,14.2365,70241.98363361781,
0,413,1067.462224,RF,16,0.5,8,0.5,27,3088.899,193.0561875,5179.839159519298,
0,414,1070.617745,LoR,32,0.5,16,0.5,4,167.047,5.22021875,191562.85356815747,
0,415,1070.855618,MLP,64,0.5,34,0.53125,15,221.033,3.453640625,289549.52427918004,
0,416,1071.133738,DT,8,0.5,5,0.625,29,88.131,11.016375,90773.96148914684,
0,417,1071.286751,NB,64,0.01,3,0.046875,27,136.76,2.136875,467973.0915472361,
0,418,1071.461389,MLP,8,0.05,0,0.0,1,175.162,21.89525,45672.00648542492,
0,419,1071.693349,SGD,100,1.0,100,1.0,23,165.052,1.65052,605869.6653175969,
0,420,1071.896356,SGD,8,0.0,0,0.0,10,143.436,17.9295,55774.00373685825,
0,421,1072.114473,GB,100,0.1,7,0.07,15,286.447,2.86447,349104.7209431413,
0,422,1072.465305,SGD,32,0.5,18,0.5625,24,161.741,5.05440625,197847.1754224346,
0,423,1072.670627,GB,32,0.0,0,0.0,14,229.949,7.18590625,139161.29228655048,
0,424,1072.950829,LoR,64,1.0,64,1.0,4,162.681,2.541890625,393407.95790534845,
0,425,1073.155025,RF,8,0.05,0,0.0,24,2994.943,374.367875,2671.1693678310403,
0,426,1076.218311,MLP,32,0.05,2,0.0625,21,204.897,6.40303125,156176.02990770974,
0,427,1076.503797,SGD,100,0.05,5,0.05,14,171.432,1.7143199999999998,583321.6668999954,
0,428,1076.718277,MLP,32,0.0,0,0.0,1,184.121,5.75378125,173798.75190771287,
0,429,1076.939629,SGD,1,1.0,1,1.0,12,141.731,141.731,7055.619448109447,
0,430,1077.226008,GB,1,0.1,0,0.0,22,200.748,200.748,4981.3696774065,4.0
0,431,1090.252589,DT,32,0.05,4,0.125,23,94.522,2.9538125,338545.5237934026,
0,432,1090.425192,MLP,100,0.5,53,0.53,20,244.119,2.44119,409636.2839434866,
0,433,1090.721438,SGD,64,0.0,0,0.0,2,164.221,2.565953125,389718.73268339614,
0,434,1090.943711,AB,100,0.0,0,0.0,11,8756.945,87.56945,11419.507602251699,
0,435,1099.747782,GB,32,1.0,32,1.0,21,238.159,7.44246875,134364.01731616273,
0,436,1100.052555,MLP,32,0.1,7,0.21875,22,237.949,7.43590625,134482.59921243627,
0,437,1100.335925,AB,1,0.5,1,1.0,14,7723.639,7723.639,129.4726488381966,2.0
0,438,1120.975607,AB,1,0.01,0,0.0,5,7791.973,7791.973,128.33720034707514,2.0
0,439,1141.7313,MLP,32,1.0,32,1.0,0,206.09,6.4403125,155271.96855742636,
0,440,1142.015268,NB,64,0.0,0,0.0,6,173.063,2.704109375,369807.5267388177,
0,441,1142.230325,MLP,8,1.0,8,1.0,15,188.052,23.5065,42541.424712313616,
0,442,1142.499538,AB,100,0.05,5,0.05,15,9134.832,91.34832,10947.108824770943,
0,443,1151.72817,DT,32,0.5,21,0.65625,29,89.975,2.81171875,355654.3484301195,
0,444,1151.863355,SGD,32,0.0,0,0.0,8,176.062,5.5019375,181754.15478638205,
0,445,1152.112169,NB,64,0.05,2,0.03125,26,140.161,2.190015625,456617.7467341129,
0,446,1152.290171,GB,8,0.0,0,0.0,13,268.187,33.523375,29829.932099617057,
0,447,1152.597123,NB,1,0.0,0,0.0,26,104.62,104.62,9558.401835213152,
0,448,1152.7824,DT,64,0.1,9,0.140625,10,95.687,1.495109375,668847.3878374283,
0,449,1152.947354,AB,64,0.5,37,0.578125,18,8436.901,131.826578125,7585.723715378431,
0,450,1161.448836,RF,16,0.5,9,0.5625,9,3196.079,199.7549375,5006.134078663262,
0,451,1164.707663,LoR,100,1.0,100,1.0,14,195.148,1.9514799999999999,512431.5903826839,
0,452,1164.948321,NB,16,0.05,0,0.0,10,121.128,7.5705,132091.67162010435,
0,453,1165.127426,MLP,8,0.1,1,0.125,18,196.045,24.505625,40806.95758626846,
0,454,1165.36783,LoR,32,0.0,0,0.0,29,156.779,4.89934375,204108.9686756517,
0,455,1165.58189,AB,100,1.0,100,1.0,27,8778.268,87.78268,11391.768854630549,
0,456,1174.403776,GB,16,0.0,0,0.0,17,248.458,15.528625,64397.20194157564,
0,457,1174.69476,GB,8,0.0,0,0.0,0,213.951,26.743875,37391.73923001061,
0,458,1174.970364,SGD,16,0.1,3,0.1875,13,159.696,9.981,100190.36168720569,
0,459,1175.186826,RF,100,1.0,100,1.0,1,3379.842,33.79842,29587.181886017155,
0,460,1178.614989,GB,32,1.0,32,1.0,5,252.179,7.88059375,126893.99196602413,
0,461,1178.91016,GB,16,0.0,0,0.0,2,224.986,14.061625,71115.5360778004,
0,462,1179.197794,DT,16,0.05,1,0.0625,28,92.799,5.7999375,172415.6510307223,
0,463,1179.330466,NB,8,0.01,0,0.0,10,114.737,14.342125,69724.67469081465,
0,464,1179.511543,GB,64,0.05,8,0.125,0,257.158,4.01809375,248874.23296183668,
0,465,1179.839497,MLP,64,0.1,5,0.078125,23,232.213,3.628328125,275609.0313634465,
0,466,1180.113921,MLP,16,1.0,16,1.0,1,181.329,11.3330625,88237.40273205058,
0,467,1180.348904,AB,64,1.0,64,1.0,7,8417.008,131.51575,7603.652034071965,
0,468,1188.840127,RF,64,0.01,1,0.015625,8,3288.514,51.38303125,19461.677827736174,
0,469,1192.211635,SGD,100,0.05,8,0.08,20,185.212,1.85212,539921.8193205624,
0,470,1192.438499,LoR,16,1.0,16,1.0,11,153.052,9.56575,104539.63358858427,
0,471,1192.673308,MLP,100,0.1,8,0.08,9,237.444,2.37444,421151.93477198837,
0,472,1192.955014,NB,16,0.01,0,0.0,26,117.51,7.344375,136158.62479788953,
0,473,1193.115177,GB,32,0.0,0,0.0,4,240.606,7.5189375,132997.51460894576,
0,474,1193.434215,AB,100,0.01,2,0.02,22,8791.582,87.91582,11374.517123311822,
0,475,1202.295358,DT,32,0.05,1,0.03125,17,86.648,2.70775,369310.3129904903,
0,476,1202.421274,GB,1,0.5,0,0.0,8,209.649,209.649,4769.877271057816,4.0
0,477,1215.518793,SGD,8,0.5,4,0.5,22,164.077,20.509625,48757.595519176975,
0,478,1215.723328,AB,1,0.05,0,0.0,17,7731.796,7731.796,129.33605594353497,2.0
0,479,1236.378238,DT,1,0.05,0,0.0,13,88.272,88.272,11328.620627152437,17.0
0,480,1236.666111,RF,100,1.0,100,1.0,29,3329.376,33.29376,30035.658333573618,
0,481,1240.077934,RF,100,0.5,63,0.63,15,3434.92,34.3492,29112.7595402513,
0,482,1243.582866,MLP,32,0.05,2,0.0625,9,220.248,6.88275,145290.7631397334,
0,483,1243.842939,LoR,1,0.0,0,0.0,17,152.611,152.611,6552.607610198479,
0,484,1244.154831,DT,1,0.05,0,0.0,22,86.691,86.691,11535.222802828437,16.0
0,485,1244.456523,DT,32,0.1,1,0.03125,8,92.689,2.89653125,345240.5355543808,
0,486,1244.587613,LoR,8,1.0,8,1.0,20,152.35,19.04375,52510.66622907778,
0,487,1244.806004,LoR,32,0.5,21,0.65625,9,152.628,4.769625,209660.08858138745,
0,488,1244.998852,NB,8,0.01,0,0.0,2,110.913,13.864125,72128.60530325571,
0,489,1245.150501,GB,16,0.05,0,0.0,25,233.85,14.615625,68419.92730382724,
0,490,1245.424284,DT,8,1.0,8,1.0,10,89.033,11.129125,89854.32367773747,
0,491,1245.582157,GB,64,0.05,2,0.03125,3,258.571,4.040171875,247514.2223992636,
0,492,1245.919085,GB,100,0.1,11,0.11,19,328.869,3.2886900000000003,304072.4422186341,
0,493,1246.318596,LoR,64,0.1,7,0.109375,18,170.751,2.667984375,374814.78878601,
0,494,1246.549177,GB,100,0.01,0,0.0,9,276.226,2.76226,362022.4019462324,
0,495,1246.876762,SGD,64,0.0,0,0.0,16,169.376,2.6465,377857.5477045154,
0,496,1247.089293,GB,16,0.01,0,0.0,5,220.122,13.757625,72686.96450150371,
0,497,1247.368624,DT,100,1.0,100,1.0,20,99.491,0.99491,1005116.0406468927,
0,498,1247.523927,MLP,100,1.0,100,1.0,29,244.499,2.4449899999999998,408999.6278103387,
0,499,1247.829205,SGD,16,0.1,5,0.3125,0,155.239,9.7024375,103066.88396601369,
0,500,1248.060473,LoR,100,0.01,1,0.01,27,167.538,1.67538,596879.5139013239,
0,501,1248.294803,SGD,64,0.05,2,0.03125,10,157.774,2.46521875,405643.5154081154,
0,502,1248.520151,SGD,64,0.5,29,0.453125,8,156.961,2.452515625,407744.5989768159,
0,503,1248.74526,DT,64,0.5,30,0.46875,21,93.035,1.453671875,687913.1509646907,
0,504,1248.881992,RF,32,0.01,0,0.0,29,3106.463,97.07696875,10301.104503739462,
0,505,1252.057638,DT,32,0.5,13,0.40625,14,98.519,3.07871875,324810.44265573134,
0,506,1252.230892,RF,100,0.05,8,0.08,4,3384.551,33.84551,29546.016591270156,
0,507,1255.684796,MLP,32,0.05,1,0.03125,16,209.725,6.55390625,152580.7605197282,
0,508,1255.953979,DT,100,0.0,0,0.0,5,99.915,0.9991500000000001,1000850.7231146474,
0,509,1256.094013,AB,16,1.0,16,1.0,21,8109.014,506.813375,1973.112884007846,
0,510,1264.257498,MLP,64,0.01,0,0.0,22,214.266,3.34790625,298694.1465281473,
0,511,1264.552132,GB,100,0.05,3,0.03,13,286.087,2.86087,349544.0198261368,
0,512,1264.90349,GB,16,0.1,2,0.125,21,228.278,14.267375,70089.9780092694,
0,513,1265.173169,NB,16,0.0,0,0.0,6,122.938,7.683625,130146.9033171192,
0,514,1265.336824,GB,8,0.05,0,0.0,3,216.055,27.006875,37027.60871074495,
0,515,1265.59503,RF,8,0.01,0,0.0,23,3027.701,378.462625,2642.2688369822517,
0,516,1268.697084,MLP,64,0.1,3,0.046875,14,229.335,3.583359375,279067.73933328973,
0,517,1268.994881,MLP,32,0.5,11,0.34375,11,194.392,6.07475,164615.82781184412,
0,518,1269.228975,AB,8,0.0,0,0.0,0,7964.397,995.549625,1004.4702693750701,
0,519,1277.260121,AB,32,0.1,7,0.21875,4,8613.803,269.18134375,3714.967709384577,
0,520,1285.945295,AB,64,0.0,0,0.0,0,8349.894,130.46709375,7664.767959928593,
0,521,1294.360809,LoR,8,0.05,1,0.125,5,162.131,20.266375,49342.815377688414,
0,522,1294.574073,LoR,64,1.0,64,1.0,6,153.564,2.3994375,416764.345810216,
0,523,1294.791253,SGD,32,0.1,2,0.0625,22,149.954,4.6860625,213398.77562452483,
0,524,1294.997211,AB,8,0.05,1,0.125,28,8040.258,1005.03225,994.9929467437488,
0,525,1303.118522,MLP,100,0.01,1,0.01,18,251.471,2.51471,397660.1675739946,
0,526,1303.410855,MLP,1,0.01,0,0.0,27,160.687,160.687,6223.278796666811,
0,527,1303.733544,AB,1,1.0,1,1.0,23,7633.255,7633.255,131.0057111939795,2.0
0,528,1324.025833,SGD,1,0.5,0,0.0,17,153.362,153.362,6520.520076681316,
0,529,1324.34993,LoR,32,0.5,20,0.625,14,151.142,4.7231875,211721.42753172514,
0,530,1324.537785,LoR,1,0.0,0,0.0,2,138.616,138.616,7214.174409880533,
0,531,1324.856049,DT,100,0.05,6,0.06,22,95.076,0.9507599999999999,1051790.1468299045,
0,532,1325.024488,RF,100,0.05,8,0.08,24,3828.214,38.28214,26121.84167342787,
0,533,1328.950222,LoR,32,0.5,19,0.59375,16,215.902,6.7469375,148215.39402136154,
0,534,1329.241383,GB,64,0.5,36,0.5625,18,325.465,5.085390625,196641.72798918473,
0,535,1329.641888,GB,64,0.05,2,0.03125,10,268.808,4.200125,238088.15213832923,
0,536,1329.996647,RF,16,0.5,7,0.4375,7,3112.058,194.503625,5141.292353805745,
0,537,1333.169642,AB,100,1.0,100,1.0,19,8860.133,88.60133,11286.512290503992,
0,538,1342.096546,MLP,64,0.01,0,0.0,20,258.584,4.040375,247501.77891903598,
0,539,1342.422042,MLP,8,0.1,1,0.125,28,182.43,22.80375,43852.43655100586,
0,540,1342.653218,SGD,32,0.0,0,0.0,29,161.88,5.05875,197677.29182110206,
0,541,1342.858809,GB,8,0.01,0,0.0,16,270.541,33.817625,29570.3793510041,
0,542,1343.173003,GB,1,0.1,0,0.0,16,236.38,236.38,4230.476351637194,4.0
0,543,1356.346968,NB,8,0.1,1,0.125,15,129.048,16.131,61992.43692269543,
0,544,1356.557871,RF,100,0.1,13,0.13,9,3550.478,35.504780000000004,28165.221696909543,
0,545,1360.157393,GB,32,0.0,0,0.0,3,266.348,8.323375,120143.57156802378,
0,546,1360.484635,RF,8,0.5,3,0.375,9,3081.863,385.232875,2595.8324558878835,
0,547,1363.631023,AB,16,0.5,8,0.5,5,8101.613,506.3508125,1974.9153656191675,
0,548,1371.77919,NB,32,1.0,32,1.0,26,121.297,3.79053125,263815.2633618309,
0,549,1371.970242,SGD,64,0.05,2,0.03125,0,178.113,2.783015625,359322.4526003155,
0,550,1372.185476,NB,1,1.0,1,1.0,26,99.551,99.551,10045.102510271117,
0,551,1372.332454,LoR,1,0.1,0,0.0,0,143.827,143.827,6952.797458057249,
0,552,1372.656697,SGD,64,0.1,5,0.078125,7,154.927,2.420734375,413097.7815358201,
0,553,1372.851234,NB,16,0.0,0,0.0,15,109.609,6.8505625,145973.41459186748,
0,554,1373.01754,GB,16,0.05,2,0.125,14,229.239,14.3274375,69796.15161469035,
0,555,1373.292663,NB,32,0.01,0,0.0,23,119.299,3.72809375,268233.5979346013,
0,556,1373.486708,NB,100,0.05,4,0.04,4,150.101,1.50101,666218.0798262503,
0,557,1373.694371,SGD,100,0.0,0,0.0,1,169.454,1.6945400000000002,590130.6549270009,
0,558,1373.939749,DT,100,0.05,6,0.06,8,136.083,1.36083,734845.6456721266,
0,559,1374.111379,RF,1,1.0,1,1.0,22,2954.819,2954.819,338.4302050311711,6.87
0,560,1390.22015,DT,32,0.5,15,0.46875,23,94.43,2.9509375,338875.3574076035,
0,561,1390.355317,SGD,8,0.01,0,0.0,1,159.59,19.94875,50128.454163794726,
0,562,1390.572531,LoR,100,1.0,100,1.0,29,164.693,1.6469300000000002,607190.3481022265,
0,563,1390.780341,GB,16,0.01,0,0.0,21,226.648,14.1655,70594.0489216759,
0,564,1391.072795,DT,32,0.05,5,0.15625,27,92.989,2.90590625,344126.7246663584,
0,565,1391.24086,GB,100,0.05,8,0.08,8,279.576,2.79576,357684.4936618307,
0,566,1391.580225,GB,8,0.05,1,0.125,19,224.656,28.082,35609.99928780001,
0,567,1391.843105,DT,1,1.0,1,1.0,21,86.625,86.625,11544.011544011544,13.0
0,568,1392.156438,LoR,100,0.5,49,0.49,1,176.93,1.7693,565195.2749675013,
0,569,1392.393924,DT,16,0.05,1,0.0625,26,91.141,5.6963125,175552.16642345375,
0,570,1392.558696,NB,100,0.05,10,0.1,5,153.82,1.5382,650110.518788194,
0,571,1392.75354,GB,16,0.05,0,0.0,12,222.364,13.89775,71954.09328848195,
0,572,1393.033405,MLP,100,0.0,0,0.0,15,255.119,2.55119,391973.94157236425,
0,573,1393.354586,LoR,32,0.05,4,0.125,16,157.053,4.90790625,203752.87323387645,
0,574,1393.587978,SGD,100,0.5,55,0.55,3,167.265,1.67265,597853.705198338,
0,575,1393.817572,NB,32,0.5,20,0.625,9,119.527,3.73521875,267721.9373028688,
0,576,1394.015515,DT,100,0.5,57,0.57,1,100.87,1.0087000000000002,991375.0371765639,
0,577,1394.176518,GB,32,0.1,5,0.15625,27,237.373,7.41790625,134808.92940646157,
0,578,1394.483294,GB,64,0.1,6,0.09375,29,257.508,4.0235625,248535.96781459218,
0,579,1394.801456,NB,100,0.01,0,0.0,6,154.63,1.5463,646705.0378322448,
0,580,1395.019509,SGD,32,0.05,2,0.0625,8,164.063,5.12696875,195047.02461859165,
0,581,1395.247611,AB,32,0.01,1,0.03125,17,8612.958,269.1549375,3715.3321774006095,
0,582,1403.947815,RF,32,0.05,2,0.0625,8,3317.829,103.68215625,9644.861142632728,
0,583,1407.320005,AB,16,0.01,0,0.0,4,8200.402,512.525125,1951.1238595376178,
0,584,1415.56541,NB,1,0.05,0,0.0,14,110.79,110.79,9026.085386767758,
0,585,1415.76135,MLP,64,0.05,2,0.03125,24,244.937,3.827140625,261291.67908482588,
0,586,1416.048038,DT,1,0.01,0,0.0,23,91.377,91.377,10943.672915503901,16.0
0,587,1416.380451,DT,64,0.5,32,0.5,18,96.981,1.515328125,659923.0777162537,
0,588,1416.533968,RF,8,0.05,2,0.25,28,3074.325,384.290625,2602.1972302863232,
0,589,1419.651787,LoR,1,0.5,0,0.0,10,168.263,168.263,5943.07720651599,
0,590,1419.998505,LoR,16,0.5,8,0.5,7,151.509,9.4693125,105604.2875340739,
0,591,1420.211685,AB,100,1.0,100,1.0,28,8704.261,87.04261000000001,11488.626087843642,
0,592,1428.962157,MLP,16,0.01,0,0.0,24,187.933,11.7458125,85136.72425811327,
0,593,1429.210282,MLP,100,0.0,0,0.0,5,264.181,2.64181,378528.3574518985,
0,594,1429.516193,RF,16,1.0,16,1.0,11,3072.145,192.0090625,5208.087508890369,
0,595,1432.642166,SGD,64,0.0,0,0.0,5,179.857,2.810265625,355838.2492758136,
0,596,1432.874704,AB,64,1.0,64,1.0,3,8408.715,131.386171875,7611.151049833416,
0,597,1441.351241,RF,32,0.5,16,0.5,13,3149.601,98.42503125,10160.01709422876,
0,598,1444.571484,SGD,32,0.01,1,0.03125,4,171.23,5.3509375,186883.1396367459,
0,599,1444.814552,AB,64,0.1,5,0.078125,17,8508.37,132.94328125,7522.0048023299405,
0,600,1453.387564,GB,16,0.1,2,0.125,13,262.41,16.400625,60973.28607903662,
0,601,1453.729516,AB,100,0.1,7,0.07,18,8839.215,88.39215,11313.221818905864,
0,602,1462.631254,RF,8,0.5,4,0.5,29,2983.078,372.88475,2681.7937713998763,
0,603,1465.688896,RF,64,0.1,7,0.109375,3,3261.305,50.957890625,19624.046202363777,
0,604,1468.991151,LoR,1,0.0,0,0.0,6,161.332,161.332,6198.398333870528,
0,605,1469.319995,RF,64,1.0,64,1.0,21,3187.535,49.805234375,20078.210905919466,
0,606,1472.582842,DT,64,0.05,7,0.109375,2,99.958,1.56184375,640268.9129434363,
0,607,1472.74644,NB,32,0.1,4,0.125,1,129.698,4.0530625,246727.0119816805,
0,608,1472.949316,GB,100,0.5,50,0.5,16,323.294,3.2329399999999997,309315.9786448249,
0,609,1473.312135,RF,1,1.0,1,1.0,11,2962.121,2962.121,337.5959321040565,6.93
0,610,1489.247269,NB,1,0.01,0,0.0,20,109.914,109.914,9098.022089997634,
0,611,1489.408232,NB,8,0.05,0,0.0,19,108.427,13.553375,73782.36048216771,
0,612,1489.554767,AB,1,0.05,0,0.0,8,7790.126,7790.126,128.36762845684396,2.0
0,613,1510.388922,GB,32,0.01,0,0.0,3,248.253,7.75790625,128900.75850040081,
0,614,1510.710649,RF,64,0.5,28,0.4375,6,3280.544,51.2585,19508.959489645622,
0,615,1514.05635,MLP,16,0.5,9,0.5625,2,208.073,13.0045625,76896.08935325583,
0,616,1514.32403,NB,8,0.5,5,0.625,12,114.871,14.358875,69643.33904989075,
0,617,1514.480825,AB,32,0.0,0,0.0,3,8176.028,255.500875,3913.880921151444,
0,618,1522.738843,SGD,100,0.5,47,0.47,16,176.121,1.7612100000000002,567791.4615520012,
0,619,1522.974696,DT,100,0.0,0,0.0,13,94.43,0.9443,1058985.491898761,
0,620,1523.127469,RF,100,0.01,0,0.0,4,3370.773,33.70773,29666.785630477043,
0,621,1526.54204,NB,1,0.1,0,0.0,29,113.449,113.449,8814.53340267433,
0,622,1526.73487,LoR,64,0.05,2,0.03125,20,171.018,2.67215625,374229.61325708404,
0,623,1526.943011,DT,1,1.0,1,1.0,25,87.194,87.194,11468.679037548454,11.0
0,624,1527.257848,MLP,100,0.05,8,0.08,2,246.793,2.46793,405197.87838390877,
0,625,1527.549383,DT,16,0.01,0,0.0,9,91.122,5.695125,175588.77109808827,
0,626,1527.695867,MLP,100,0.0,0,0.0,1,230.351,2.30351,434120.10366788076,
0,627,1527.969226,GB,8,0.0,0,0.0,18,230.186,28.77325,34754.502880279426,
0,628,1528.261313,RF,16,0.01,1,0.0625,9,3029.927,189.3704375,5280.655276513262,
0,629,1531.341213,SGD,16,0.01,0,0.0,23,169.038,10.564875,94653.27322850483,
0,630,1531.558461,SGD,32,0.05,0,0.0,3,157.514,4.9223125,203156.54481506406,
0,631,1531.768879,GB,64,0.01,0,0.0,25,253.705,3.964140625,252261.48479533315,
0,632,1532.08898,MLP,32,0.1,2,0.0625,6,201.494,6.2966875,158813.66194526883,
0,633,1532.349202,AB,8,0.5,2,0.25,6,7972.513,996.564125,1003.4477209381785,
0,634,1540.381807,SGD,100,0.0,0,0.0,3,170.182,1.7018199999999999,587606.2098224255,
0,635,1540.602896,NB,64,1.0,64,1.0,13,132.866,2.07603125,481688.3175530233,
0,636,1540.772755,RF,1,1.0,1,1.0,8,2954.655,2954.655,338.4489898143776,7.88
0,637,1556.710749,DT,8,0.5,3,0.375,19,89.955,11.244375,88933.35556667222,
0,638,1556.869194,LoR,64,0.5,34,0.53125,6,169.299,2.645296875,378029.40359954874,
0,639,1557.081875,GB,32,0.0,0,0.0,29,236.313,7.38478125,135413.62514969555,
0,640,1557.361839,AB,8,0.01,0,0.0,19,7951.837,993.979625,1006.0568394447722,
0,641,1565.359589,SGD,32,1.0,32,1.0,16,157.218,4.9130625,203539.03497055045,
0,642,1565.578038,RF,16,0.5,6,0.375,26,3050.781,190.6738125,5244.5586884145405,
0,643,1568.67219,MLP,1,0.01,0,0.0,23,179.578,179.578,5568.610854336277,
0,644,1569.004674,RF,1,1.0,1,1.0,28,2955.547,2955.547,338.3468440867291,7.88
0,645,1584.864707,AB,8,0.0,0,0.0,25,7877.111,984.638875,1015.6007703839643,
0,646,1592.782673,NB,8,1.0,8,1.0,24,109.363,13.670375,73150.88283971728,
0,647,1592.959918,MLP,32,0.05,1,0.03125,1,193.217,6.03803125,165616.89706392292,
0,648,1593.213435,AB,16,0.1,1,0.0625,12,8051.077,503.1923125,1987.311759656503,
0,649,1601.327221,NB,16,0.1,4,0.25,7,113.31,7.081875,141205.54231753596,
0,650,1601.491526,MLP,64,0.01,0,0.0,11,210.309,3.286078125,304314.12825889525,
0,651,1601.74637,DT,32,1.0,32,1.0,13,87.741,2.74190625,364709.7708027034,
0,652,1601.889829,NB,8,0.5,5,0.625,4,142.573,17.821625,56111.605984302776,
0,653,1602.067393,GB,1,1.0,1,1.0,14,212.458,212.458,4706.812640616027,4.0
0,654,1615.018581,AB,100,0.01,0,0.0,14,8477.423,84.77423,11796.037545843825,
0,655,1623.575859,NB,100,0.5,52,0.52,19,146.531,1.4653100000000001,682449.4475571722,
0,656,1623.789764,DT,64,0.05,1,0.015625,6,92.867,1.451046875,689157.6124995962,
0,657,1623.947389,RF,64,0.5,32,0.5,14,3326.016,51.969,19242.24056649156,
0,658,1627.345835,MLP,64,0.01,2,0.03125,12,227.801,3.559390625,280946.96687020693,
0,659,1627.615451,AB,1,0.1,1,1.0,28,7611.724,7611.724,131.3762821668258,2.0
0,660,1647.971576,MLP,8,0.5,3,0.375,26,183.926,22.99075,43495.7537270424,
0,661,1648.195339,LoR,8,1.0,8,1.0,12,147.422,18.42775,54265.9847241253,
0,662,1648.385059,MLP,16,0.05,0,0.0,5,171.516,10.71975,93285.7575969589,
0,663,1648.595151,NB,8,1.0,8,1.0,0,108.035,13.504375,74050.07636414125,
0,664,1648.746867,LoR,32,0.01,0,0.0,28,210.925,6.59140625,151712.69408557544,
0,665,1649.01565,GB,16,0.1,3,0.1875,10,228.069,14.2543125,70154.20771783977,
0,666,1649.285424,LoR,8,0.05,0,0.0,17,150.958,18.86975,52994.87274606182,
0,667,1649.482735,MLP,16,0.05,0,0.0,19,174.219,10.8886875,91838.43323632899,
0,668,1649.702771,LoR,32,0.01,0,0.0,27,146.626,4.5820625,218242.33082809323,
0,669,1649.924871,NB,100,0.5,60,0.6,4,180.192,1.80192,554963.5943882081,
0,670,1650.16008,DT,16,0.5,8,0.5,12,89.949,5.6218125,177878.5756373056,
0,671,1650.304576,DT,16,0.05,2,0.125,15,85.93,5.370625,186198.06819504246,
0,672,1650.460103,NB,100,0.05,1,0.01,12,145.664,1.45664,686511.423550088,
0,673,1650.652023,SGD,64,1.0,64,1.0,6,163.423,2.553484375,391621.74234960804,
0,674,1650.8574,LoR,32,1.0,32,1.0,18,147.124,4.597625,217503.6024034148,
0,675,1651.042895,DT,1,0.5,0,0.0,24,82.358,82.358,12142.11127030768,16.0
0,676,1651.312365,DT,32,1.0,32,1.0,24,93.898,2.9343125,340795.3311039639,
0,677,1651.461925,AB,8,0.5,5,0.625,1,7814.024,976.753,1023.8002852307594,
0,678,1659.3279,AB,64,1.0,64,1.0,29,8278.248,129.347625,7731.104455918692,
0,679,1667.647423,RF,1,0.05,0,0.0,12,2912.558,2912.558,343.34080214024925,9.99
0,680,1683.369668,GB,1,0.1,0,0.0,3,213.159,213.159,4691.333699257362,4.0
0,681,1695.932096,AB,8,1.0,8,1.0,2,8011.915,1001.489375,998.5128399390159,
0,682,1703.995652,SGD,64,1.0,64,1.0,18,162.679,2.541859375,393412.79452172684,
0,683,1704.198283,NB,1,0.05,0,0.0,29,136.489,136.489,7326.597747803852,
0,684,1704.381013,NB,8,0.0,0,0.0,14,103.356,12.9195,77402.37625295097,
0,685,1704.551103,GB,64,0.01,1,0.015625,23,254.26,3.9728125,251710.84716432,
0,686,1704.846205,MLP,16,1.0,16,1.0,11,189.54,11.84625,84414.89922971405,
0,687,1705.110017,MLP,64,0.05,1,0.015625,13,208.675,3.260546875,306697.0168922966,
0,688,1705.386795,RF,64,0.1,4,0.0625,6,3265.136,51.01775,19601.021213205207,
0,689,1708.704305,LoR,64,1.0,64,1.0,22,171.822,2.68471875,372478.4951868794,
0,690,1708.918459,NB,8,0.05,0,0.0,17,111.389,13.923625,71820.37723653144,
0,691,1709.072159,MLP,32,1.0,32,1.0,20,191.378,5.9805625,167208.35205718526,
0,692,1709.333425,AB,64,0.05,5,0.078125,12,8175.296,127.739,7828.462724774736,
0,693,1717.554447,MLP,32,0.0,0,0.0,11,188.325,5.88515625,169919.02296561794,
0,694,1717.802736,RF,100,0.01,0,0.0,7,3375.278,33.75278,29627.189227079965,
0,695,1721.219731,NB,8,1.0,8,1.0,19,118.616,14.827,67444.52687664395,
0,696,1721.384096,DT,32,0.05,0,0.0,22,92.347,2.88584375,346519.1072801499,
0,697,1721.518267,LoR,16,0.05,0,0.0,24,154.476,9.65475,103575.96001967943,
0,698,1721.728443,DT,100,0.0,0,0.0,14,94.159,0.94159,1062033.3690884567,
0,699,1721.879829,NB,16,0.1,1,0.0625,24,139.061,8.6913125,115057.42084409,
0,700,1722.116192,LoR,100,0.05,6,0.06,28,168.266,1.6826599999999998,594297.1247905103,
0,701,1722.340624,AB,100,0.0,0,0.0,29,9304.049,93.04049,10748.008743290151,
0,702,1731.716199,MLP,16,1.0,16,1.0,19,233.626,14.601625,68485.52815183242,
0,703,1732.033079,MLP,64,0.05,4,0.0625,3,225.771,3.527671875,283473.0767016136,
0,704,1732.305149,SGD,16,0.05,0,0.0,12,158.894,9.930875,100696.06152529358,
0,705,1732.519604,AB,64,0.01,0,0.0,10,8711.533,136.117703125,7346.582972250694,
0,706,1741.299717,LoR,16,1.0,16,1.0,20,179.61,11.225625,89081.89967151049,
0,707,1741.559245,SGD,32,0.5,13,0.40625,15,164.026,5.1258125,195091.0221550242,
0,708,1741.790119,MLP,32,0.1,5,0.15625,25,222.618,6.9568125,143743.99195033647,
0,709,1742.054812,AB,8,0.0,0,0.0,14,8039.391,1004.923875,995.1002507528245,
0,710,1750.16473,SGD,100,0.0,0,0.0,15,167.01,1.6701,598766.5409256931,
0,711,1750.411505,GB,100,0.1,8,0.08,17,319.26,3.1926,313224.33126605273,
0,712,1750.784721,MLP,64,0.01,0,0.0,27,220.623,3.447234375,290087.6155251266,
0,713,1751.056487,GB,64,1.0,64,1.0,28,269.393,4.209265625,237571.13213780613,
0,714,1751.377476,NB,64,1.0,64,1.0,9,141.626,2.21290625,451894.42616468726,
0,715,1751.594251,GB,100,0.05,4,0.04,10,274.169,2.7416899999999997,364738.5371796228,
0,716,1751.938068,AB,64,0.05,3,0.046875,17,8334.629,130.228578125,7678.806099227691,
0,717,1760.34486,NB,64,0.1,6,0.09375,17,133.593,2.087390625,479067.01698442287,
0,718,1760.522779,NB,32,0.01,0,0.0,25,113.44,3.545,282087.44710860366,
0,719,1760.673681,DT,1,0.1,0,0.0,13,83.703,83.703,11947.003094273801,16.0
0,720,1760.963723,AB,1,0.05,0,0.0,4,7756.419,7756.419,128.92547450053948,2.0
0,721,1782.125736,DT,16,0.5,10,0.625,21,96.328,6.0205,166099.16119923594,
0,722,1782.293471,DT,64,0.05,3,0.046875,5,95.116,1.4861875,672862.609865848,
0,723,1782.464798,SGD,100,0.01,3,0.03,9,188.195,1.88195,531363.7450516751,
0,724,1782.692978,NB,1,0.1,0,0.0,10,105.582,105.582,9471.311397776137,
0,725,1782.844743,AB,1,0.0,0,0.0,24,7812.94,7812.94,127.99279144598577,2.0
0,726,1803.652482,AB,16,1.0,16,1.0,17,8077.003,504.8126875,1980.9327791508806,
0,727,1811.771618,GB,8,1.0,8,1.0,1,248.589,31.073625,32181.63313742764,
0,728,1812.081699,RF,100,1.0,100,1.0,6,3399.865,33.99865,29412.932572322727,
0,729,1815.528168,DT,8,0.01,0,0.0,10,94.629,11.828625,84540.67991841825,
0,730,1815.665044,GB,8,0.05,0,0.0,25,236.97,29.62125,33759.547622061866,
0,731,1815.941645,RF,1,1.0,1,1.0,26,3018.456,3018.456,331.2952052307537,7.88
0,732,1832.055251,MLP,8,0.05,1,0.125,13,205.752,25.719,38881.760566118435,
0,733,1832.322345,AB,16,0.5,7,0.4375,14,8173.085,510.8178125,1957.6451242095243,
0,734,1840.541723,SGD,16,0.01,0,0.0,12,160.43,10.026875,99731.97032973882,
0,735,1840.741451,AB,1,0.0,0,0.0,22,8213.194,8213.194,121.75531224515092,2.0
0,736,1862.06485,NB,64,0.5,29,0.453125,27,159.588,2.4935625,401032.65909717523,
0,737,1862.294521,AB,64,0.5,35,0.546875,22,8475.569,132.430765625,7551.1154472342805,
0,738,1870.823226,RF,64,1.0,64,1.0,12,3302.363,51.599421875,19380.062094930207,
0,739,1874.210379,SGD,100,0.1,8,0.08,5,205.277,2.0527699999999998,487146.6360089051,
0,740,1874.453667,RF,1,0.0,0,0.0,20,2951.501,2951.501,338.8106593899172,9.99
0,741,1890.623579,AB,64,0.5,35,0.546875,2,8521.623,133.150359375,7510.30642871669,
0,742,1899.190458,AB,8,0.05,0,0.0,25,8034.493,1004.311625,995.7068853006655,
0,743,1907.286612,GB,8,0.5,5,0.625,2,251.423,31.427875,31818.88689578917,
0,744,1907.598954,AB,8,0.05,1,0.125,9,8000.147,1000.018375,999.9816253376345,
0,745,1915.660053,RF,8,0.5,4,0.5,8,3073.678,384.20975,2602.7449849984287,
0,746,1918.80962,RF,64,0.5,31,0.484375,15,3273.15,51.14296875,19553.029955852922,
0,747,1922.157974,AB,64,0.05,1,0.015625,2,8388.177,131.065265625,7629.786543607747,
0,748,1930.588668,MLP,1,0.5,0,0.0,6,185.775,185.775,5382.855604898398,
0,749,1930.940563,SGD,64,0.0,0,0.0,20,160.543,2.508484375,398647.0914334477,
0,750,1931.141073,MLP,8,0.0,0,0.0,23,174.385,21.798125,45875.50534736359,
0,751,1931.358032,SGD,8,0.01,0,0.0,3,143.93,17.99125,55582.574862780515,
0,752,1931.542065,NB,1,0.5,1,1.0,12,105.25,105.25,9501.187648456056,
0,753,1931.719893,SGD,32,0.5,14,0.4375,2,153.457,4.79553125,208527.47023596187,
0,754,1931.941665,MLP,64,0.05,2,0.03125,19,207.268,3.2385625,308778.97215199645,
0,755,1932.189271,NB,1,0.05,0,0.0,28,100.643,100.643,9936.110807507725,
0,756,1932.339817,SGD,16,0.01,0,0.0,26,151.148,9.44675,105856.51149866356,
0,757,1932.563707,GB,64,0.1,2,0.03125,13,275.959,4.311859375,231918.50963367746,
0,758,1932.879962,SGD,8,1.0,8,1.0,15,155.952,19.494,51297.83523135324,
0,759,1933.096351,LoR,16,0.05,1,0.0625,3,150.439,9.4024375,106355.39986306743,
0,760,1933.305494,SGD,16,0.05,1,0.0625,7,149.274,9.329625,107185.44421667537,
0,761,1933.494798,GB,1,0.5,1,1.0,7,203.475,203.475,4914.60867428431,4.0
0,762,1946.564503,LoR,16,0.1,3,0.1875,27,159.598,9.974875,100251.88285567488,
0,763,1946.769173,GB,32,0.0,0,0.0,5,233.576,7.29925,137000.37675103606,
0,764,1947.081372,MLP,100,0.1,9,0.09,4,303.656,3.03656,329320.02002265723,
0,765,1947.438031,LoR,64,0.01,0,0.0,27,160.966,2.51509375,397599.49306064635,
0,766,1947.639448,SGD,1,0.05,0,0.0,9,142.936,142.936,6996.138131751273,
0,767,1947.935336,SGD,8,1.0,8,1.0,21,145.66,18.2075,54922.42207881367,
0,768,1948.118542,GB,1,1.0,1,1.0,24,201.685,201.685,4958.226938046954,4.0
0,769,1961.100078,GB,100,0.1,3,0.03,6,285.316,2.85316,350488.5810820284,
0,770,1961.429412,SGD,8,0.01,0,0.0,6,162.289,20.286125,49294.77660223429,
0,771,1961.630425,SGD,1,0.0,0,0.0,12,148.965,148.965,6712.986271943074,
0,772,1961.945021,GB,8,0.05,1,0.125,5,250.429,31.303625,31945.182067572045,
0,773,1962.256251,GB,100,0.01,0,0.0,22,278.121,2.7812099999999997,359555.7329363838,
0,774,1962.595233,LoR,16,0.1,2,0.125,28,159.735,9.9834375,100165.89977149654,
0,775,1962.795481,AB,16,1.0,16,1.0,5,8586.164,536.63525,1863.463125092882,
0,776,1971.453118,DT,32,0.0,0,0.0,4,89.256,2.78925,358519.3152281079,
0,777,1971.5817,LoR,1,1.0,1,1.0,5,166.635,166.635,6001.140216641162,
0,778,1971.911735,GB,8,0.1,0,0.0,3,256.459,32.057375,31194.070007291615,
0,779,1972.209344,MLP,1,0.05,0,0.0,9,177.015,177.015,5649.238765076407,
0,780,1972.552106,MLP,64,1.0,64,1.0,22,215.714,3.37053125,296689.1346875956,
0,781,1972.822984,MLP,64,0.01,0,0.0,8,201.814,3.15334375,317123.6881484932,
0,782,1973.067091,DT,8,0.01,0,0.0,3,86.992,10.874,91962.47930844215,
0,783,1973.199409,AB,32,0.01,0,0.0,5,8182.005,255.68765625,3911.021809446462,
0,784,1981.431422,RF,32,0.05,0,0.0,16,3224.285,100.75890625,9924.680975782228,
0,785,1984.733291,GB,64,0.5,37,0.578125,12,297.633,4.650515625,215029.91939737866,
0,786,1985.074312,GB,16,0.0,0,0.0,22,231.802,14.487625,69024.4260187574,
0,787,1985.35062,MLP,16,0.01,0,0.0,1,193.545,12.0965625,82668.11335865044,
0,788,1985.614751,LoR,64,0.5,32,0.5,8,166.587,2.602921875,384183.63977981475,
0,789,1985.842266,LoR,8,0.5,3,0.375,3,182.941,22.867625,43729.94572020487,
0,790,1986.062733,MLP,1,0.0,0,0.0,3,160.996,160.996,6211.334443091753,
0,791,1986.410321,AB,100,0.01,1,0.01,29,8690.679,86.90679,11506.58078615031,
0,792,1995.168895,DT,32,0.5,18,0.5625,5,86.415,2.70046875,370306.0811201759,
0,793,1995.331931,SGD,100,0.1,12,0.12,1,175.866,1.7586600000000001,568614.7407685396,
0,794,1995.583837,RF,100,0.5,44,0.44,29,3481.862,34.81862,28720.26519144067,
0,795,1999.130988,SGD,16,0.5,8,0.5,15,168.7,10.54375,94842.91641967991,
0,796,1999.341081,RF,1,0.01,0,0.0,28,3057.014,3057.014,327.1165915497933,10.04
0,797,2015.877072,AB,1,0.01,0,0.0,11,7857.911,7857.911,127.26028584441845,2.0
0,798,2036.649958,GB,64,0.01,0,0.0,8,301.621,4.712828125,212186.81723089574,
0,799,2037.001955,LoR,32,0.01,0,0.0,14,182.987,5.71834375,174875.81084995109,
0,800,2037.223747,NB,1,0.0,0,0.0,9,109.46,109.46,9135.757354284671,
0,801,2037.422382,LoR,100,0.05,6,0.06,4,176.407,1.76407,566870.92915814,
0,802,2037.640361,LoR,8,0.01,0,0.0,18,146.689,18.336125,54537.150024882576,
0,803,2037.863203,NB,100,0.05,3,0.03,18,193.429,1.93429,516985.56059329264,
0,804,2038.096894,SGD,8,0.01,0,0.0,11,152.744,19.093,52375.2160477662,
0,805,2038.306211,AB,100,0.0,0,0.0,28,8681.892,86.81891999999999,11518.226672250703,
0,806,2047.047832,MLP,100,0.0,0,0.0,2,252.618,2.52618,395854.6105186487,
0,807,2047.378159,SGD,64,0.5,29,0.453125,27,160.04,2.500625,399900.0249937516,
0,808,2047.606811,MLP,64,0.1,4,0.0625,2,205.868,3.2166875,310878.81555171276,
0,809,2047.853604,RF,1,0.01,0,0.0,25,3045.861,3045.861,328.31439123453106,10.11
0,810,2064.37199,AB,1,0.05,0,0.0,16,7836.531,7836.531,127.60748346430327,2.0
0,811,2085.147108,LoR,32,0.0,0,0.0,13,178.374,5.5741875,179398.3428078083,
0,812,2085.369208,RF,8,0.01,0,0.0,19,3151.829,393.978625,2538.2087670365363,
0,813,2088.600114,MLP,64,0.1,4,0.0625,16,246.911,3.857984375,259202.7086683056,
0,814,2088.907785,AB,8,0.5,2,0.25,3,7935.657,991.957125,1008.1080873329076,
0,815,2096.883285,MLP,1,0.0,0,0.0,17,168.433,168.433,5937.078838469896,
0,816,2097.226853,SGD,100,1.0,100,1.0,27,167.867,1.6786699999999999,595709.6987496053,
0,817,2097.434681,RF,8,1.0,8,1.0,10,3058.113,382.264125,2615.9922802067813,
0,818,2100.567704,RF,64,0.1,8,0.125,2,3410.491,53.288921875,18765.626415668594,
0,819,2104.043248,AB,16,0.05,1,0.0625,15,8165.297,510.3310625,1959.5123116770892,
0,820,2112.254463,RF,16,0.1,0,0.0,4,3042.461,190.1538125,5258.900607107207,
0,821,2115.337751,AB,1,1.0,1,1.0,5,7741.235,7741.235,129.17835461654374,2.0
0,822,2136.149427,AB,100,0.5,52,0.52,8,9193.077,91.93077,10877.750724811725,
0,823,2145.386224,MLP,1,0.05,0,0.0,10,187.901,187.901,5321.951453158844,
0,824,2145.761512,NB,32,0.5,17,0.53125,12,165.437,5.16990625,193427.10518203303,
0,825,2145.989184,AB,8,0.1,0,0.0,9,8472.096,1059.012,944.2763632517857,
0,826,2154.520846,SGD,1,0.0,0,0.0,26,168.797,168.797,5924.275905377465,
0,827,2154.897344,DT,64,0.5,33,0.515625,23,95.733,1.495828125,668526.0046170077,
0,828,2155.030382,LoR,1,1.0,1,1.0,6,148.765,148.765,6722.011225758748,
0,829,2155.34711,NB,16,0.5,10,0.625,21,123.406,7.712875,129653.3393838225,
0,830,2155.540764,GB,64,0.01,1,0.015625,17,304.848,4.76325,209940.6917545793,
0,831,2155.927778,MLP,100,0.1,14,0.14,18,263.581,2.63581,379390.0167310997,
0,832,2156.257059,LoR,32,0.5,16,0.5,21,160.808,5.02525,198995.07487189694,
0,833,2156.47702,MLP,16,0.1,2,0.125,20,182.501,11.4063125,87670.75248902745,
0,834,2156.717533,RF,8,0.1,3,0.375,5,3139.628,392.4535,2548.072574203058,
0,835,2159.907095,AB,32,0.05,0,0.0,24,8203.74,256.366875,3900.6599429040903,
0,836,2168.15737,AB,32,0.0,0,0.0,23,8082.094,252.5654375,3959.369935563729,
0,837,2176.288066,SGD,32,0.05,0,0.0,28,159.047,4.97021875,201198.38789791698,
0,838,2176.513935,DT,32,0.05,2,0.0625,19,88.928,2.779,359841.66966534726,
0,839,2176.641202,SGD,1,0.5,0,0.0,19,146.01,146.01,6848.845969454147,
0,840,2176.94475,DT,64,0.0,0,0.0,28,91.115,1.423671875,702409.0435164353,
0,841,2177.076998,RF,8,0.1,0,0.0,13,3057.52,382.19,2616.4996467725477,
0,842,2180.198098,NB,8,0.5,2,0.25,18,123.691,15.461375,64677.300692855584,
0,843,2180.378069,AB,100,1.0,100,1.0,15,8698.157,86.98156999999999,11496.688321445567,
0,844,2189.137431,DT,100,1.0,100,1.0,18,90.025,0.9002500000000001,1110802.554845876,
0,845,2189.271383,DT,32,1.0,32,1.0,28,83.198,2.5999375,384624.63039976923,
0,846,2189.417473,AB,32,0.05,2,0.0625,27,8143.311,254.47846875,3929.6055376001236,
0,847,2197.606598,DT,16,0.1,0,0.0,16,81.807,5.1129375,195582.28513452393,
0,848,2197.75876,MLP,64,0.5,33,0.515625,14,227.656,3.557125,281125.9092666128,
0,849,2198.029385,MLP,16,1.0,16,1.0,27,176.386,11.024125,90710.14706382593,
0,850,2198.270065,SGD,32,0.1,5,0.15625,18,154.022,4.8131875,207762.5274311462,
0,851,2198.464613,NB,8,0.1,0,0.0,27,107.692,13.4615,74285.92653121866,
0,852,2198.622376,AB,64,0.01,0,0.0,6,8517.118,133.07996875,7514.278891052114,
0,853,2207.184146,GB,8,0.01,0,0.0,17,244.164,30.5205,32764.86296096067,
0,854,2207.494183,GB,32,0.5,15,0.46875,12,248.758,7.7736875,128639.07894419476,
0,855,2207.806604,MLP,32,0.5,15,0.46875,18,203.064,6.34575,157585.78576212426,
0,856,2208.073996,RF,32,0.1,5,0.15625,1,3188.69,99.6465625,10035.469111139684,
0,857,2211.306981,GB,16,0.0,0,0.0,18,234.499,14.6561875,68230.56814741214,
0,858,2211.594255,GB,64,1.0,64,1.0,22,260.817,4.075265625,245382.7779630929,
0,859,2211.894731,NB,1,1.0,1,1.0,16,109.879,109.879,9100.920103022416,
0,860,2212.053013,AB,1,0.01,0,0.0,19,7861.946,7861.946,127.19497183012959,2.0
0,861,2232.832036,LoR,32,0.1,3,0.09375,7,168.55,5.2671875,189854.64253930585,
0,862,2233.071441,GB,64,0.1,8,0.125,21,260.61,4.07203125,245577.68312804573,
0,863,2233.376816,MLP,16,0.01,0,0.0,28,191.624,11.9765,83496.84799398822,
0,864,2233.633641,MLP,32,0.5,13,0.40625,26,189.93,5.9353125,168483.12536197546,
0,865,2233.893936,LoR,64,0.1,7,0.109375,16,166.011,2.593921875,385516.6223924921,
0,866,2234.099557,RF,1,0.05,0,0.0,15,3009.627,3009.627,332.26708824714825,11.07
0,867,2250.127423,LoR,16,0.5,11,0.6875,2,161.757,10.1098125,98913.80280296989,
0,868,2250.34813,GB,8,0.5,4,0.5,10,222.45,27.80625,35963.137783771635,
0,869,2250.633907,DT,32,0.5,13,0.40625,15,94.42,2.950625,338911.2476170303,
0,870,2250.788705,AB,32,0.5,20,0.625,8,8132.296,254.13425,3934.92809410774,
0,871,2258.962974,SGD,8,1.0,8,1.0,14,153.17,19.14625,52229.54886727166,
0,872,2259.158781,LoR,8,0.01,0,0.0,8,145.775,18.221875,54879.09449494083,
0,873,2259.354183,RF,64,1.0,64,1.0,5,3215.075,50.235546875,19906.22302745659,
0,874,2262.610402,LoR,1,0.0,0,0.0,24,161.177,161.177,6204.359182761808,
0,875,2262.931076,AB,16,0.0,0,0.0,22,8127.412,507.96325,1968.64635384548,
0,876,2271.132801,AB,64,0.5,39,0.609375,13,8617.215,134.643984375,7426.9935240097875,
0,877,2279.816502,SGD,8,0.05,0,0.0,27,172.711,21.588875,46320.15331970748,
0,878,2280.054214,SGD,16,0.05,2,0.125,18,152.189,9.5118125,105132.43401297071,
0,879,2280.246104,SGD,1,0.5,0,0.0,25,143.546,143.546,6966.407980716983,
0,880,2280.561499,NB,64,0.01,0,0.0,4,142.32,2.22375,449690.837549185,
0,881,2280.767922,DT,32,0.1,2,0.0625,3,92.355,2.88609375,346489.0910075253,
0,882,2280.895994,DT,1,1.0,1,1.0,29,83.233,83.233,12014.465416361298,11.0
0,883,2281.189824,GB,1,0.5,1,1.0,2,254.28,254.28,3932.672644329086,4.0
0,884,2294.49656,AB,8,0.01,0,0.0,14,8048.405,1006.050625,993.9857648813647,
0,885,2302.59072,MLP,1,0.01,0,0.0,18,184.884,184.884,5408.796867224855,
0,886,2302.971011,DT,64,0.5,22,0.34375,16,93.198,1.45621875,686710.0152363785,
0,887,2303.132857,DT,64,0.5,31,0.484375,29,89.222,1.39409375,717311.8737531103,
0,888,2303.258654,LoR,1,0.01,1,1.0,22,148.117,148.117,6751.419485946921,
0,889,2303.559445,SGD,16,1.0,16,1.0,23,150.211,9.3881875,106516.83298826317,
0,890,2303.749371,GB,1,0.5,1,1.0,24,228.925,228.925,4368.242874303811,4.0
0,891,2316.582806,RF,1,0.05,0,0.0,28,3027.691,3027.691,330.28469549897926,9.8
0,892,2333.050502,RF,8,0.5,5,0.625,2,3112.286,389.03575,2570.457856379523,
0,893,2336.232004,NB,100,1.0,100,1.0,7,173.137,1.73137,577577.2942814073,
0,894,2336.445945,DT,8,0.0,0,0.0,2,94.209,11.776125,84917.57687694381,
0,895,2336.580635,RF,16,1.0,16,1.0,23,3036.304,189.769,5269.564575879095,
0,896,2339.681121,AB,16,0.05,5,0.3125,14,8568.525,535.5328125,1867.2992142755027,
0,897,2348.358006,NB,64,0.5,34,0.53125,3,159.47,2.49171875,401329.4036495893,
0,898,2348.559658,GB,8,1.0,8,1.0,19,272.553,34.069125,29352.089318407798,
0,899,2348.875874,SGD,1,0.05,0,0.0,7,178.752,178.752,5594.343000358038,
0,900,2349.216341,GB,1,0.0,0,0.0,11,232.142,232.142,4307.708213076479,4.0
0,901,2362.246003,SGD,8,1.0,8,1.0,24,157.948,19.7435,50649.58087471826,
0,902,2362.471,MLP,32,0.1,2,0.0625,12,207.287,6.47771875,154375.33468090135,
0,903,2362.717804,DT,1,0.1,0,0.0,18,85.1,85.1,11750.881316098708,14.0
0,904,2363.022906,MLP,100,0.5,50,0.5,8,239.17,2.3916999999999997,418112.63954509347,
0,905,2363.332299,AB,64,0.1,7,0.109375,15,8437.851,131.841421875,7584.869654607553,
0,906,2371.811696,AB,1,0.01,0,0.0,7,7622.236,7622.236,131.1950981313095,2.0
0,907,2392.451194,NB,100,0.5,48,0.48,16,159.115,1.59115,628476.2593093045,
0,908,2392.668883,RF,16,0.5,6,0.375,5,3201.992,200.1245,4996.889436325887,
0,909,2395.915808,MLP,16,1.0,16,1.0,24,201.497,12.5935625,79405.64871933576,
0,910,2396.160935,GB,8,0.01,0,0.0,7,238.51,29.81375,33541.5705840426,
0,911,2396.441226,AB,1,0.5,0,0.0,12,7882.092,7882.092,126.86987160261515,2.0
0,912,2417.709314,DT,8,1.0,8,1.0,4,97.563,12.195375,81998.2985353054,
0,913,2417.877899,MLP,32,0.05,1,0.03125,2,263.699,8.24059375,121350.4791447825,
0,914,2418.201613,GB,8,0.1,4,0.5,19,258.448,32.306,30954.00235250418,
0,915,2418.524119,MLP,100,0.0,0,0.0,10,246.776,2.46776,405225.7918111972,
0,916,2418.8372,RF,32,0.1,4,0.125,13,3244.698,101.3968125,9862.242957588041,
0,917,2422.146361,SGD,16,0.5,5,0.3125,10,173.488,10.843,92225.39887485013,
0,918,2422.362494,LoR,8,0.05,0,0.0,16,152.743,19.092875,52375.558945418124,
0,919,2422.552911,RF,1,0.0,0,0.0,15,2966.816,2966.816,337.0616849848457,10.17
0,920,2438.744334,AB,100,0.01,1,0.01,18,8798.244,87.98244000000001,11365.90437819183,
0,921,2447.625885,GB,100,0.01,1,0.01,17,306.132,3.0613200000000003,326656.4749846471,
0,922,2447.984316,NB,64,0.0,0,0.0,10,146.57,2.29015625,436651.4293511633,
0,923,2448.1915,SGD,16,0.1,1,0.0625,8,163.822,10.238875,97666.98001489422,
0,924,2448.424872,GB,64,0.1,4,0.0625,4,264.504,4.132875,241962.31436953694,
0,925,2448.7679,LoR,100,0.01,4,0.04,19,176.341,1.7634100000000001,567083.0946858643,
0,926,2449.004584,MLP,16,0.1,2,0.125,0,187.916,11.74475,85144.42623299772,
0,927,2449.273053,SGD,100,0.1,11,0.11,25,169.858,1.69858,588727.0543630562,
0,928,2449.518327,MLP,100,0.5,59,0.59,12,229.798,2.29798,435164.79690858925,
0,929,2449.807422,DT,16,0.1,2,0.125,26,90.678,5.667375,176448.53216877303,
0,930,2449.939712,GB,32,0.0,0,0.0,6,269.746,8.4295625,118630.11870426254,
0,931,2450.253712,LoR,16,0.01,0,0.0,21,158.899,9.9311875,100692.89296974808,
0,932,2450.455589,MLP,32,0.0,0,0.0,28,191.898,5.9968125,166755.25539609583,
0,933,2450.705761,LoR,100,0.0,0,0.0,12,194.774,1.94774,513415.548276464,
0,934,2450.940957,LoR,1,0.05,0,0.0,14,141.528,141.528,7065.739641625686,
0,935,2451.251032,MLP,100,0.0,0,0.0,8,226.919,2.26919,440685.88350909355,
0,936,2451.540154,AB,16,0.5,10,0.625,2,8088.732,505.54575,1978.060343697875,
0,937,2459.675054,MLP,16,0.05,0,0.0,24,181.82,11.36375,87999.12000879992,
0,938,2459.898155,MLP,8,0.0,0,0.0,9,166.552,20.819,48033.04673615448,
0,939,2460.104821,SGD,8,1.0,8,1.0,28,145.158,18.14475,55112.36032461181,
0,940,2460.299807,GB,64,0.0,0,0.0,12,244.611,3.822046875,261639.90989775604,
0,941,2460.609613,SGD,32,0.5,14,0.4375,26,162.765,5.08640625,196602.46367462294,
0,942,2460.839236,SGD,64,0.5,32,0.5,12,160.446,2.50696875,398888.0994228588,
0,943,2461.061894,MLP,32,0.1,4,0.125,27,188.501,5.89065625,169760.3726240179,
0,944,2461.327155,NB,100,0.01,2,0.02,20,149.12,1.4912,670600.8583690987,
0,945,2461.515205,GB,16,0.0,0,0.0,20,222.613,13.9133125,71873.61025636419,
0,946,2461.778289,SGD,1,0.5,0,0.0,6,152.31,152.31,6565.557087518876,
0,947,2462.124475,LoR,8,0.0,0,0.0,21,146.886,18.36075,54464.00609996868,
0,948,2462.328859,GB,100,0.0,0,0.0,29,271.74,2.7174,367998.8224037683,
0,949,2462.641209,AB,8,1.0,8,1.0,14,8017.296,1002.162,997.8426641600859,
0,950,2470.733373,DT,64,0.5,29,0.453125,0,87.985,1.374765625,727396.7153492073,
0,951,2470.861086,NB,16,0.0,0,0.0,17,113.772,7.11075,140632.14147593433,
0,952,2471.031115,MLP,8,0.5,4,0.5,29,177.417,22.177125,45091.50757819149,
0,953,2471.268348,GB,16,0.1,5,0.3125,19,221.756,13.85975,72151.37358177456,
0,954,2471.531483,GB,1,0.1,0,0.0,11,205.18,205.18,4873.769373233258,4.0
0,955,2484.471016,GB,16,0.01,0,0.0,10,224.639,14.0399375,71225.38828965585,
0,956,2484.738696,GB,8,0.05,0,0.0,29,219.251,27.406375,36487.86094476194,
0,957,2485.035701,SGD,100,0.05,7,0.07,6,176.951,1.76951,565128.1993320185,
0,958,2485.252905,GB,16,0.0,0,0.0,26,219.463,13.7164375,72905.22776048811,
0,959,2485.51594,MLP,16,0.1,0,0.0,24,183.871,11.4919375,87017.52859341603,
0,960,2485.758426,NB,100,1.0,100,1.0,16,149.602,1.4960200000000001,668440.2614938302,
0,961,2485.950483,AB,32,1.0,32,1.0,27,8128.271,254.00846875,3936.876612504677,
0,962,2494.120332,AB,8,1.0,8,1.0,12,7985.982,998.24775,1001.7553257695797,
0,963,2502.168798,NB,8,0.01,1,0.125,15,111.412,13.9265,71805.55056905898,
0,964,2502.338071,DT,16,0.05,2,0.125,24,86.979,5.4361875,183952.4482921165,
0,965,2502.478544,NB,8,0.5,5,0.625,9,108.209,13.526125,73931.00389061907,
0,966,2502.629019,GB,32,0.01,0,0.0,26,235.028,7.344625,136153.99016287422,
0,967,2502.90548,RF,16,0.0,0,0.0,1,3052.465,190.7790625,5241.66534260016,
0,968,2506.074949,RF,100,0.5,51,0.51,23,3424.249,34.24249,29203.48374198255,
0,969,2509.544599,SGD,8,0.01,0,0.0,28,167.738,20.96725,47693.426653471484,
0,970,2509.757715,RF,32,0.0,0,0.0,3,3168.336,99.0105,10099.938895369683,
0,971,2512.99372,NB,32,0.5,17,0.53125,10,130.713,4.08478125,244811.1511479348,
0,972,2513.166996,RF,16,0.01,0,0.0,1,3052.339,190.7711875,5241.881717594278,
0,973,2516.283035,SGD,8,0.5,3,0.375,0,166.963,20.870375,47914.80747231423,
0,974,2516.501373,LoR,64,1.0,64,1.0,21,162.034,2.53178125,394978.8316032438,
0,975,2516.713362,DT,64,1.0,64,1.0,10,93.617,1.462765625,683636.5190082997,
0,976,2516.843329,RF,1,1.0,1,1.0,4,2945.792,2945.792,339.46728078560875,8.2
0,977,2532.774603,NB,8,0.5,1,0.125,28,119.174,14.89675,67128.73613372043,
0,978,2532.952398,SGD,16,0.1,1,0.0625,23,163.093,10.1933125,98103.5360193264,
0,979,2533.156446,SGD,8,0.05,0,0.0,4,151.374,18.92175,52849.23434671741,
0,980,2533.370993,SGD,32,0.1,2,0.0625,17,152.539,4.76684375,209782.41630009376,
0,981,2533.564308,NB,8,0.01,0,0.0,17,108.143,13.517875,73976.12420591254,
0,982,2533.710382,NB,1,0.5,1,1.0,9,98.449,98.449,10157.543499680038,
0,983,2533.874002,DT,16,0.1,3,0.1875,27,90.239,5.6399375,177306.9293764337,
0,984,2534.061286,DT,32,0.05,3,0.09375,4,90.096,2.8155,355176.7004084532,
0,985,2534.204477,LoR,8,0.1,2,0.25,3,152.676,19.0845,52398.54332049569,
0,986,2534.417419,AB,32,0.1,4,0.125,19,8129.306,254.0408125,3936.375380629048,
0,987,2542.609172,AB,100,0.01,0,0.0,24,8631.624,86.31624,11585.3053840158,
0,988,2551.285935,LoR,16,0.01,0,0.0,28,151.336,9.4585,105725.0092509383,
0,989,2551.480305,DT,8,0.01,0,0.0,7,84.094,10.51175,95131.63840464244,
0,990,2551.608958,AB,32,0.01,0,0.0,4,8087.388,252.730875,3956.778134052676,
0,991,2559.757806,LoR,8,0.5,3,0.375,9,149.91,18.73875,53365.35254486025,
0,992,2559.946839,DT,8,0.0,0,0.0,29,84.157,10.519625,95060.42278123033,
0,993,2560.073357,DT,32,0.0,0,0.0,15,82.976,2.593,385653.6829926726,
0,994,2560.193015,SGD,8,1.0,8,1.0,6,147.657,18.457125,54179.61898182951,
0,995,2560.380275,AB,1,0.01,0,0.0,3,7688.544,7688.544,130.0636375365739,2.0
0,996,2580.939745,AB,64,0.01,1,0.015625,28,8273.039,129.266234375,7735.972234628653,
0,997,2589.254005,AB,8,1.0,8,1.0,17,7838.139,979.767375,1020.6504375592216,
0,998,2597.164919,NB,64,0.1,10,0.15625,19,132.183,2.065359375,484177.23913059925,
0,999,2597.333479,DT,1,0.0,0,0.0,27,82.457,82.457,12127.533138484301,16.0
0,1000,2597.631121,DT,32,0.01,0,0.0,28,89.818,2.8068125,356276.0248502527,
0,1001,2597.762167,MLP,16,0.01,0,0.0,18,187.689,11.7305625,85247.40395015158,
0,1002,2598.012762,DT,1,0.0,0,0.0,0,110.281,110.281,9067.74512382006,16.0
0,1003,2598.335082,SGD,64,0.01,1,0.015625,19,164.655,2.572734375,388691.50648325286,
0,1004,2598.562319,LoR,32,0.05,3,0.09375,23,150.829,4.71340625,212160.79135975175,
0,1005,2598.779012,SGD,64,0.1,7,0.109375,17,154.021,2.406578125,415527.7527090462,
0,1006,2598.998296,NB,64,0.05,3,0.046875,27,129.057,2.016515625,495904.91023346275,
0,1007,2599.173467,NB,32,0.01,0,0.0,8,112.672,3.521,284010.22436807724,
0,1008,2599.321799,DT,8,1.0,8,1.0,26,85.83,10.72875,93207.50320400792,
0,1009,2599.445475,SGD,16,1.0,16,1.0,18,149.841,9.3650625,106779.85331117651,
0,1010,2599.653575,AB,16,0.1,1,0.0625,29,8105.985,506.6240625,1973.8501860045387,
0,1011,2607.800742,GB,1,0.01,0,0.0,8,218.02,218.02,4586.735161911751,4.0
0,1012,2620.557714,MLP,1,0.0,0,0.0,12,171.814,171.814,5820.247476922719,
0,1013,2620.913328,LoR,64,0.5,42,0.65625,21,158.071,2.469859375,404881.35078540654,
0,1014,2621.123039,GB,64,0.01,0,0.0,7,252.791,3.949859375,253173.5702615995,
0,1015,2621.436202,MLP,100,1.0,100,1.0,14,240.03,2.4003,416614.5898429363,
0,1016,2621.718031,SGD,16,0.0,0,0.0,23,151.183,9.4489375,105832.00492118823,
0,1017,2621.926638,SGD,100,1.0,100,1.0,8,209.287,2.09287,477812.76429018524,
0,1018,2622.19295,LoR,8,0.1,2,0.25,6,144.785,18.098125,55254.342645992336,
0,1019,2622.375254,MLP,8,0.0,0,0.0,26,163.935,20.491875,48799.8292005978,
0,1020,2622.613751,NB,100,0.01,2,0.02,2,144.967,1.4496700000000002,689812.1641477025,
0,1021,2622.823411,AB,64,0.05,2,0.03125,3,8383.055,130.985234375,7634.448300768634,
0,1022,2631.273747,LoR,100,1.0,100,1.0,19,173.073,1.73073,577790.8743709301,
0,1023,2631.490243,LoR,1,0.01,0,0.0,5,168.464,168.464,5935.986323487511,
0,1024,2631.835527,SGD,32,0.01,1,0.03125,11,149.964,4.686375,213384.54562428317,
0,1025,2632.061254,GB,100,0.01,1,0.01,16,299.741,2.99741,333621.3597739382,
0,1026,2632.401715,GB,1,0.05,0,0.0,29,214.309,214.309,4666.159610655642,4.0
0,1027,2645.409706,MLP,8,1.0,8,1.0,11,192.974,24.12175,41456.36199695296,
0,1028,2645.648643,LoR,32,1.0,32,1.0,27,153.319,4.79121875,208715.16250432108,
0,1029,2645.839152,SGD,1,1.0,1,1.0,1,165.281,165.281,6050.3022125955185,
0,1030,2646.173631,MLP,64,0.0,0,0.0,16,208.993,3.265515625,306230.35221275355,
0,1031,2646.429533,RF,32,0.01,0,0.0,15,3144.825,98.27578125,10175.446964457482,
0,1032,2649.616768,SGD,1,0.05,0,0.0,24,160.53,160.53,6229.365227683299,
0,1033,2649.962984,GB,100,0.1,8,0.08,7,338.49,3.3849,295429.70250228955,
0,1034,2650.34452,SGD,8,0.01,0,0.0,26,156.593,19.574125,51087.85194740506,
0,1035,2650.540032,RF,8,1.0,8,1.0,23,3089.056,386.132,2589.7879481628042,
0,1036,2653.727534,RF,64,0.0,0,0.0,12,3618.019,56.531546875,17689.238226775484,
0,1037,2657.432177,LoR,1,1.0,1,1.0,13,277.86,277.86,3598.934715324264,
0,1038,2657.904109,RF,64,0.0,0,0.0,5,3443.122,53.79878125,18587.781670239976,
0,1039,2661.390848,GB,1,0.0,0,0.0,21,266.564,266.564,3751.444306057832,4.0
0,1040,2674.480726,SGD,100,0.05,7,0.07,26,188.153,1.88153,531482.3574431447,
0,1041,2674.73006,GB,100,0.0,0,0.0,16,282.157,2.82157,354412.61425376654,
0,1042,2675.053736,NB,1,0.1,0,0.0,11,115.066,115.066,8690.664488206769,
0,1043,2675.219726,GB,16,0.0,0,0.0,24,219.408,13.713,72923.5032450959,
0,1044,2675.481091,GB,8,0.1,0,0.0,26,209.466,26.18325,38192.35579998663,
0,1045,2675.749946,RF,16,0.1,5,0.3125,15,3109.308,194.33175,5145.839524421511,
0,1046,2678.93344,MLP,64,0.1,7,0.109375,24,242.456,3.788375,263965.4205299106,
0,1047,2679.237987,GB,100,0.0,0,0.0,10,338.815,3.38815,295146.3187875389,
0,1048,2679.619917,MLP,8,0.01,0,0.0,27,183.686,22.96075,43552.58430147099,
0,1049,2679.84413,AB,1,0.01,0,0.0,12,7698.623,7698.623,129.89335885131666,2.0
0,1050,2700.303783,SGD,8,0.01,0,0.0,22,183.951,22.993875,43489.84240368359,
0,1051,2700.527315,AB,8,1.0,8,1.0,25,7914.448,989.306,1010.8095978392934,
0,1052,2708.501886,GB,100,1.0,100,1.0,27,283.224,2.83224,353077.4228172754,
0,1053,2708.836374,GB,64,1.0,64,1.0,21,257.189,4.018578125,248844.23517335497,
0,1054,2709.137415,MLP,16,0.05,0,0.0,23,188.779,11.7986875,84755.18993108344,
0,1055,2709.365983,AB,8,1.0,8,1.0,22,7782.33,972.79125,1027.9697725488381,
0,1056,2717.207439,SGD,100,1.0,100,1.0,14,165.006,1.65006,606038.5682944863,
0,1057,2717.41278,MLP,1,0.5,1,1.0,13,157.398,157.398,6353.320880824407,
0,1058,2717.740125,SGD,16,0.05,1,0.0625,27,146.522,9.157625,109198.61863747424,
0,1059,2717.925164,NB,1,0.01,0,0.0,13,144.401,144.401,6925.15979806234,
0,1060,2718.145883,SGD,64,0.05,2,0.03125,17,163.337,2.552140625,391827.9385564814,
0,1061,2718.347319,SGD,1,0.05,0,0.0,8,137.75,137.75,7259.528130671506,
0,1062,2718.636608,GB,64,0.0,0,0.0,20,240.534,3.75834375,266074.65056915034,
0,1063,2718.921168,DT,16,0.01,0,0.0,11,91.119,5.6949375,175594.55217901865,
0,1064,2719.050811,LoR,1,0.05,0,0.0,27,149.887,149.887,6671.692675148612,
0,1065,2719.356934,SGD,32,1.0,32,1.0,6,148.656,4.6455,215262.0815843289,
0,1066,2719.585434,LoR,100,0.01,1,0.01,6,160.372,1.60372,623550.2456787968,
0,1067,2719.793988,NB,64,1.0,64,1.0,6,128.652,2.0101875,497466.0323974754,
0,1068,2719.957822,SGD,1,0.0,0,0.0,20,142.616,142.616,7011.835979132776,
0,1069,2720.24294,GB,16,0.0,0,0.0,25,248.657,15.5410625,64345.66491190676,
0,1070,2720.55176,GB,16,0.5,11,0.6875,6,219.06,13.69125,73039.34994978545,
0,1071,2720.833409,NB,32,0.5,14,0.4375,11,122.21,3.8190625,261844.3662548073,
0,1072,2720.991143,MLP,1,0.0,0,0.0,0,201.4,201.4,4965.243296921549,
0,1073,2721.355348,DT,100,0.0,0,0.0,15,94.86,0.9486,1054185.1149061776,
0,1074,2721.513353,DT,32,0.1,2,0.0625,6,86.943,2.71696875,368057.2328997159,
0,1075,2721.640053,LoR,16,0.01,0,0.0,5,150.253,9.3908125,106487.05849467232,
0,1076,2721.845802,DT,8,0.5,1,0.125,4,87.721,10.965125,91198.23075432336,
0,1077,2722.024826,RF,64,0.5,30,0.46875,16,3277.888,51.217,19524.76716715153,
0,1078,2725.368803,NB,32,0.5,15,0.46875,28,128.148,4.004625,249711.27134251024,
0,1079,2725.563284,AB,64,0.05,2,0.03125,20,8783.688,137.245125,7286.233299725583,
0,1080,2734.444272,MLP,64,1.0,64,1.0,10,289.634,4.52553125,220968.5326998902,
0,1081,2734.811942,LoR,16,0.05,2,0.125,9,172.947,10.8091875,92513.8915390264,
0,1082,2735.054664,AB,32,0.5,18,0.5625,22,8795.151,274.84846875,3638.3684600753304,
0,1083,2743.920022,DT,1,0.05,0,0.0,2,85.793,85.793,11655.962607671954,16.0
0,1084,2744.237703,MLP,32,0.05,0,0.0,6,237.982,7.4369375,134463.9510551218,
0,1085,2744.544614,LoR,100,1.0,100,1.0,1,176.231,1.76231,567437.0570444474,
0,1086,2744.78928,MLP,32,0.1,1,0.03125,10,194.852,6.089125,164227.20834274217,
0,1087,2745.051473,SGD,16,0.05,2,0.125,3,156.961,9.8100625,101936.14974420397,
0,1088,2745.286397,LoR,100,0.05,3,0.03,0,168.859,1.68859,592210.068755589,
0,1089,2745.499507,AB,32,0.0,0,0.0,15,8124.815,253.90046875,3938.5512162430778,
0,1090,2753.666283,SGD,1,0.01,0,0.0,0,144.383,144.383,6926.023146769356,
0,1091,2754.010574,GB,16,0.5,6,0.375,29,284.39,17.774375,56260.768662751856,
0,1092,2754.358039,LoR,32,0.5,16,0.5,15,156.062,4.8769375,205046.712204124,
0,1093,2754.590231,GB,100,0.05,5,0.05,23,288.473,2.8847300000000002,346652.8929917184,
0,1094,2754.919666,GB,1,0.1,1,1.0,29,204.388,204.388,4892.655146094682,4.0
0,1095,2767.839001,RF,64,0.5,35,0.546875,13,3321.675,51.901171875,19267.387688440318,
0,1096,2771.205475,SGD,8,0.05,0,0.0,3,163.96,20.495,48792.38838741156,
0,1097,2771.413967,DT,32,1.0,32,1.0,11,94.201,2.94378125,339699.1539367947,
0,1098,2771.565737,DT,8,0.5,1,0.125,3,85.711,10.713875,93336.91124826451,
0,1099,2771.722646,SGD,100,0.05,3,0.03,1,171.807,1.71807,582048.4613548925,
0,1100,2771.933388,RF,16,0.0,0,0.0,11,3046.965,190.4353125,5251.126941070868,
0,1101,2775.033668,RF,64,0.0,0,0.0,25,3254.733,50.855203125,19663.671336481362,
0,1102,2778.348764,NB,100,0.0,0,0.0,14,165.305,1.6530500000000001,604942.3792383776,
0,1103,2778.577738,SGD,32,0.05,2,0.0625,12,162.248,5.07025,197228.93348454218,
0,1104,2778.783966,RF,32,0.0,0,0.0,29,3082.244,96.320125,10382.046327286223,
0,1105,2781.947198,RF,32,0.05,1,0.03125,27,3154.449,98.57653125,10144.402398009921,
0,1106,2785.175263,AB,64,0.05,2,0.03125,29,8492.767,132.699484375,7535.824307908129,
0,1107,2793.714682,SGD,32,0.0,0,0.0,12,159.62,4.988125,200476.13081067536,
0,1108,2793.946725,DT,64,0.01,1,0.015625,9,131.268,2.0510625,487552.1833196209,
0,1109,2794.120619,DT,16,0.05,0,0.0,29,83.973,5.2483125,190537.43465161423,
0,1110,2794.244282,NB,8,0.01,0,0.0,29,112.18,14.0225,71313.95970761275,
0,1111,2794.416491,DT,32,0.01,2,0.0625,7,89.817,2.80678125,356279.99153835024,
0,1112,2794.544432,NB,16,1.0,16,1.0,12,111.574,6.973375,143402.58483159158,
0,1113,2794.713318,MLP,100,0.01,0,0.0,8,248.03,2.4803,403177.03503608436,
0,1114,2795.037903,GB,100,0.1,10,0.1,26,307.964,3.07964,324713.2781753712,
0,1115,2795.417879,MLP,64,0.5,28,0.4375,5,222.578,3.47778125,287539.6490219159,
0,1116,2795.682177,MLP,16,1.0,16,1.0,9,179.221,11.2013125,89275.25234208045,
0,1117,2795.906689,LoR,8,0.05,0,0.0,21,148.633,18.579125,53823.84800145324,
0,1118,2796.114997,RF,100,0.01,0,0.0,0,3459.718,34.59718,28904.089870908556,
0,1119,2799.630685,MLP,64,0.01,0,0.0,2,225.634,3.52553125,283645.1953163087,
0,1120,2799.919291,RF,16,0.1,3,0.1875,9,3110.948,194.43425,5143.1267896474,
0,1121,2803.07072,RF,1,0.0,0,0.0,5,2960.841,2960.841,337.7418780677517,9.99
0,1122,2819.087438,LoR,32,0.0,0,0.0,0,165.644,5.176375,193185.38552558498,
0,1123,2819.315487,SGD,16,0.05,2,0.125,25,154.808,9.6755,103353.8318433156,
0,1124,2819.509359,NB,8,1.0,8,1.0,26,111.577,13.947125,71699.36456438155,
0,1125,2819.683388,DT,32,0.05,1,0.03125,2,91.669,2.86465625,349082.0233666779,
0,1126,2819.814309,RF,8,0.01,0,0.0,12,3068.919,383.614875,2606.7810848054314,
0,1127,2822.925301,GB,8,0.0,0,0.0,11,240.985,30.123125,33197.08695561964,
0,1128,2823.232011,LoR,32,0.5,16,0.5,29,166.631,5.20721875,192041.09679471407,
0,1129,2823.461605,GB,32,0.01,1,0.03125,0,237.488,7.4215,134743.65020548407,
0,1130,2823.742904,LoR,16,0.01,0,0.0,23,157.035,9.8146875,101888.1141146878,
0,1131,2823.958881,MLP,8,0.1,1,0.125,3,179.786,22.47325,44497.34684569432,
0,1132,2824.196101,MLP,8,0.1,2,0.25,27,171.947,21.493375,46525.964396005744,
0,1133,2824.426069,LoR,100,1.0,100,1.0,15,162.893,1.62893,613899.92203471,
0,1134,2824.647915,SGD,16,0.1,1,0.0625,17,147.262,9.203875,108649.88931292527,
0,1135,2824.831327,GB,1,0.0,0,0.0,25,204.764,204.764,4883.670957785548,4.0
0,1136,2837.880966,DT,8,0.01,0,0.0,29,94.547,11.818375,84614.00150189853,
0,1137,2838.070598,AB,32,0.5,20,0.625,29,8260.963,258.15509375,3873.6403976146607,
0,1138,2846.391564,AB,100,0.0,0,0.0,2,9104.673,91.04673000000001,10983.37084703646,
0,1139,2855.558439,GB,8,1.0,8,1.0,18,259.069,32.383625,30879.80422204123,
0,1140,2855.863956,RF,1,0.01,0,0.0,8,3080.296,3080.296,324.6441251100544,10.11
0,1141,2872.020781,RF,1,0.0,0,0.0,14,3047.514,3047.514,328.13631044845073,10.86
0,1142,2888.243474,RF,100,0.01,1,0.01,9,3432.059,34.32059,29137.028238733656,
0,1143,2891.759828,NB,100,0.01,1,0.01,29,167.54,1.6754,596872.3886832995,
0,1144,2891.979989,NB,64,0.01,0,0.0,2,134.387,2.099796875,476236.54073682724,
0,1145,2892.155987,MLP,16,0.01,0,0.0,0,217.279,13.5799375,73638.04141219355,
0,1146,2892.41232,LoR,1,1.0,1,1.0,0,154.386,154.386,6477.271255165624,
0,1147,2892.74415,AB,100,1.0,100,1.0,11,8841.144,88.41144,11310.753450006017,
0,1148,2901.659648,RF,64,0.05,2,0.03125,9,3331.073,52.048015625,19213.028354527207,
0,1149,2905.056107,DT,100,0.01,0,0.0,11,103.596,1.03596,965288.235066991,
0,1150,2905.2126,MLP,64,0.01,0,0.0,15,234.482,3.66378125,272942.0595184279,
0,1151,2905.49165,MLP,16,0.01,0,0.0,26,180.243,11.2651875,88769.05067048373,
0,1152,2905.719688,NB,32,0.01,0,0.0,10,121.816,3.80675,262691.272082485,
0,1153,2905.904415,GB,32,0.05,2,0.0625,8,310.937,9.71678125,102914.73835535816,
0,1154,2906.26645,GB,64,0.0,0,0.0,13,253.463,3.960359375,252502.3376192975,
0,1155,2906.578176,RF,100,0.0,0,0.0,2,3467.91,34.6791,28835.811771355082,
0,1156,2910.110267,GB,8,0.01,1,0.125,1,235.657,29.457125,33947.64424566212,
0,1157,2910.388226,NB,1,0.5,1,1.0,17,109.56,109.56,9127.418765972983,
0,1158,2910.546049,RF,1,0.1,0,0.0,15,2948.967,2948.967,339.1017939502205,11.55
0,1159,2926.580311,MLP,32,0.01,1,0.03125,6,208.884,6.527625,153195.07477834588,
0,1160,2926.853994,DT,32,0.1,2,0.0625,12,93.312,2.916,342935.5281207133,
0,1161,2927.004915,LoR,100,0.01,0,0.0,7,174.298,1.74298,573730.0485375621,
0,1162,2927.241758,RF,32,0.1,3,0.09375,8,3101.891,96.93409375,10316.287709658398,
0,1163,2930.386791,RF,1,0.5,0,0.0,17,2964.0,2964.0,337.38191632928476,12.43
0,1164,2946.432525,AB,16,0.01,0,0.0,25,8121.828,507.61425,1969.9998571750102,
0,1165,2954.636164,RF,100,0.01,2,0.02,28,3422.117,34.22117,29221.677692492685,
0,1166,2958.101748,RF,1,0.01,1,1.0,9,2958.717,2958.717,337.984335777974,7.49
0,1167,2974.62194,SGD,64,0.5,35,0.546875,28,210.725,3.292578125,303713.3705065844,
0,1168,2974.876181,GB,1,0.01,0,0.0,18,259.042,259.042,3860.3778537843286,4.0
0,1169,2988.062087,MLP,100,0.0,0,0.0,19,266.613,2.66613,375075.48394114315,
0,1170,2988.373204,MLP,8,0.05,0,0.0,16,174.216,21.777,45920.00734720117,
0,1171,2988.614089,SGD,32,0.5,16,0.5,11,155.009,4.84403125,206439.62608622728,
0,1172,2988.825985,GB,8,0.5,4,0.5,29,284.05,35.50625,28164.055624009856,
0,1173,2989.149364,SGD,8,0.0,0,0.0,23,153.723,19.215375,52041.65934830832,
0,1174,2989.368602,GB,32,0.05,1,0.03125,24,228.385,7.13703125,140114.28071020427,
0,1175,2989.637458,LoR,1,0.05,0,0.0,20,151.924,151.924,6582.238487664885,
0,1176,2989.941437,RF,1,1.0,1,1.0,7,3018.93,3018.93,331.24318881193005,6.93
0,1177,3006.039624,AB,64,0.0,0,0.0,21,8829.092,137.9545625,7248.763519510273,
0,1178,3014.970189,MLP,32,0.1,3,0.09375,9,256.694,8.0216875,124662.04897660248,
0,1179,3015.272621,MLP,8,0.0,0,0.0,0,179.746,22.46825,44507.249118200125,
0,1180,3015.513317,DT,8,0.5,2,0.25,1,93.15,11.64375,85882.98443370906,
0,1181,3015.669944,NB,100,1.0,100,1.0,8,165.257,1.65257,605118.0887950283,
0,1182,3015.903987,SGD,64,0.05,5,0.078125,22,174.946,2.73353125,365827.1695265968,
0,1183,3016.157474,MLP,100,0.1,10,0.1,25,239.478,2.39478,417574.8920568904,
0,1184,3016.44456,RF,32,0.05,0,0.0,1,3286.74,102.710625,9736.091081132065,
0,1185,3019.799097,AB,32,0.5,15,0.46875,1,8119.864,253.74575,3940.952705611818,
0,1186,3027.960137,GB,8,1.0,8,1.0,3,281.954,35.24425,28373.422615036496,
0,1187,3028.281057,RF,1,1.0,1,1.0,16,2956.443,2956.443,338.2443023592878,7.88
0,1188,3044.106283,GB,100,0.1,8,0.08,14,299.726,2.99726,333638.05609123,
0,1189,3044.476973,RF,64,0.1,9,0.140625,1,3286.32,51.34875,19474.670756347525,
0,1190,3047.809516,GB,16,0.01,0,0.0,25,229.19,14.324375,69811.0737815786,
0,1191,3048.083678,NB,16,0.05,0,0.0,23,122.113,7.6320625,131026.18066872488,
0,1192,3048.245582,LoR,16,1.0,16,1.0,12,160.055,10.0034375,99965.63681234575,
0,1193,3048.444942,DT,1,0.05,0,0.0,11,84.838,84.838,11787.170843254204,16.0
0,1194,3048.713077,NB,1,0.01,0,0.0,17,104.344,104.344,9583.684735106954,
0,1195,3048.901316,RF,100,0.5,49,0.49,6,3438.827,34.388270000000006,29079.683275721633,
0,1196,3052.413212,RF,64,0.05,3,0.046875,4,3286.439,51.350609375,19473.965590111366,
0,1197,3055.805466,DT,16,0.5,11,0.6875,17,107.305,6.7065625,149107.68370532594,
0,1198,3055.951159,LoR,1,0.5,0,0.0,6,254.36,254.36,3931.4357603396757,
0,1199,3056.508002,DT,16,0.5,8,0.5,18,92.123,5.7576875,173680.83974686018,
0,1200,3056.673762,MLP,64,0.5,27,0.421875,13,240.018,3.75028125,266646.6681665542,
0,1201,3056.981991,NB,32,0.1,2,0.0625,5,129.763,4.05509375,246603.4231637678,
0,1202,3057.190451,LoR,100,0.01,1,0.01,21,179.321,1.79321,557659.1698685597,
0,1203,3057.450195,AB,100,0.5,42,0.42,23,8815.403,88.15403,11343.780879898513,
0,1204,3066.351188,LoR,100,0.5,57,0.57,3,172.176,1.72176,580801.0407954651,
0,1205,3066.561403,GB,1,1.0,1,1.0,5,239.122,239.122,4181.965691153469,4.0
0,1206,3079.525796,RF,100,0.05,5,0.05,15,3568.348,35.68348,28024.1725302577,
0,1207,3083.140566,AB,16,1.0,16,1.0,14,8209.785,513.1115625,1948.8939113509064,
0,1208,3091.432411,DT,100,0.5,44,0.44,10,93.932,0.93932,1064599.9233488054,
0,1209,3091.56658,RF,16,0.0,0,0.0,22,3124.303,195.2689375,5121.142219560651,
0,1210,3094.772691,LoR,100,0.1,8,0.08,4,188.278,1.88278,531129.4999946888,
0,1211,3095.021682,MLP,16,0.5,5,0.3125,4,197.598,12.349875,80972.47947853722,
0,1212,3095.265523,MLP,32,1.0,32,1.0,5,191.076,5.971125,167472.6286922481,
0,1213,3095.503531,GB,32,0.01,0,0.0,8,247.642,7.7388125,129218.79164277465,
0,1214,3095.822514,GB,64,0.1,9,0.140625,6,262.046,4.09446875,244231.9287453348,
0,1215,3096.145727,LoR,16,0.5,4,0.25,6,160.753,10.0470625,99531.5795039595,
0,1216,3096.345308,LoR,8,0.0,0,0.0,11,147.889,18.486125,54094.625022821165,
0,1217,3096.533662,NB,16,1.0,16,1.0,1,118.903,7.4314375,134563.46770056264,
0,1218,3096.720219,GB,64,0.5,23,0.359375,22,266.33,4.16140625,240303.3830210641,
0,1219,3097.053158,RF,32,0.05,1,0.03125,9,3170.915,99.09109375,10091.724313013752,
0,1220,3100.2993,RF,64,0.05,4,0.0625,16,3737.55,58.39921875,17123.51674225094,
0,1221,3104.110805,DT,16,0.05,0,0.0,27,127.337,7.9585625,125650.83204410344,
0,1222,3104.3104,GB,32,0.1,2,0.0625,16,286.13,8.9415625,111837.27676231084,
0,1223,3104.640185,SGD,1,0.05,0,0.0,11,178.532,178.532,5601.236753075079,
0,1224,3104.981096,MLP,1,0.05,0,0.0,3,177.14,177.14,5645.252342779722,
0,1225,3105.348902,SGD,64,0.5,28,0.4375,11,165.746,2.58978125,386132.99868473446,
0,1226,3105.596373,AB,100,0.5,53,0.53,13,8800.578,88.00578,11362.890028359501,
0,1227,3114.461285,NB,16,0.05,2,0.125,20,121.926,7.620375,131227.13777209126,
0,1228,3114.642235,GB,16,0.5,7,0.4375,19,242.591,15.1619375,65954.6314578859,
0,1229,3114.96347,LoR,100,0.05,5,0.05,7,176.571,1.76571,566344.416693568,
0,1230,3115.184583,DT,32,1.0,32,1.0,7,90.367,2.82396875,354111.56727566477,
0,1231,3115.315223,NB,8,0.1,0,0.0,0,111.355,13.919375,71842.30613802702,
0,1232,3115.464902,MLP,16,1.0,16,1.0,14,190.992,11.937,83773.14233056882,
0,1233,3115.734834,MLP,100,0.5,48,0.48,22,231.862,2.31862,431291.0265589014,
0,1234,3116.02977,MLP,32,0.5,21,0.65625,17,186.244,5.820125,171817.6156010395,
0,1235,3116.255394,GB,8,1.0,8,1.0,26,219.879,27.484875,36383.647369689694,
0,1236,3116.514011,LoR,1,1.0,1,1.0,20,148.153,148.153,6749.77894473956,
0,1237,3116.838902,AB,16,0.05,2,0.125,12,8034.279,502.1424375,1991.4668136369173,
0,1238,3124.914424,AB,8,0.0,0,0.0,5,7925.374,990.67175,1009.4160856005029,
0,1239,3132.903355,AB,16,0.5,6,0.375,29,8050.422,503.151375,1987.4734517022835,
0,1240,3140.993205,NB,1,1.0,1,1.0,5,102.626,102.626,9744.11942392766,
0,1241,3141.164023,DT,8,0.05,2,0.25,18,85.796,10.7245,93244.4403002471,
0,1242,3141.306847,DT,16,0.1,2,0.125,29,85.321,5.3325625,187527.1035266816,
0,1243,3141.441654,AB,64,0.01,0,0.0,7,9367.882,146.37315625,6831.853774417739,
0,1244,3150.928313,NB,100,0.1,4,0.04,12,170.714,1.7071399999999999,585775.0389540402,
0,1245,3151.165759,GB,16,0.1,4,0.25,11,278.732,17.42075,57402.80986754301,
0,1246,3151.489136,AB,8,0.01,0,0.0,29,8111.769,1013.971125,986.2213778523525,
0,1247,3159.646151,NB,16,1.0,16,1.0,0,117.174,7.323375,136549.0637854814,
0,1248,3159.822118,MLP,8,0.5,4,0.5,23,203.97,25.49625,39221.454135412074,
0,1249,3160.066956,LoR,1,0.1,1,1.0,17,148.858,148.858,6717.8116056913295,
0,1250,3160.377805,SGD,16,1.0,16,1.0,13,149.275,9.3296875,107184.72617651985,
0,1251,3160.587744,NB,100,1.0,100,1.0,28,147.687,1.4768700000000001,677107.6668901121,
0,1252,3160.792449,SGD,8,0.1,2,0.25,5,149.991,18.748875,53336.53352534485,
0,1253,3160.982785,DT,16,1.0,16,1.0,15,87.608,5.4755,182631.7231303077,
0,1254,3161.14673,LoR,100,0.5,48,0.48,23,165.277,1.6527699999999999,605044.8640766713,
0,1255,3161.379427,SGD,64,0.1,4,0.0625,19,156.733,2.448953125,408337.74635845673,
0,1256,3161.598042,GB,32,0.5,20,0.625,6,267.456,8.358,119645.84828906436,
0,1257,3161.9121,NB,32,1.0,32,1.0,0,157.782,4.9306875,202811.47405914488,
0,1258,3162.129909,RF,16,0.05,2,0.125,11,3134.298,195.893625,5104.811348506109,
0,1259,3165.311951,AB,32,0.0,0,0.0,5,8214.857,256.71428125,3895.381258614727,
0,1260,3173.573856,AB,32,0.0,0,0.0,26,8136.54,254.266875,3932.8756449301545,
0,1261,3181.77079,GB,100,0.0,0,0.0,22,325.934,3.2593400000000003,306810.58128332725,
0,1262,3182.18093,AB,100,0.1,10,0.1,11,8721.328,87.21328,11466.143688208953,
0,1263,3190.944679,MLP,1,0.05,0,0.0,22,176.14,176.14,5677.302146020212,
0,1264,3191.273699,DT,8,1.0,8,1.0,21,86.086,10.76075,92930.32548846502,
0,1265,3191.437881,LoR,100,0.05,5,0.05,2,168.602,1.68602,593112.7744629363,
0,1266,3191.647526,MLP,1,0.01,0,0.0,11,160.848,160.848,6217.049636924301,
0,1267,3191.965603,GB,32,0.01,0,0.0,25,232.413,7.26290625,137685.92978878118,
0,1268,3192.277518,NB,100,0.1,6,0.06,14,157.745,1.57745,633934.5145646455,
0,1269,3192.510499,MLP,100,0.05,3,0.03,21,244.59,2.4459,408847.4590130422,
0,1270,3192.798052,LoR,8,0.05,0,0.0,10,150.163,18.770375,53275.44068778594,
0,1271,3193.00865,SGD,16,0.05,1,0.0625,16,151.733,9.4833125,105448.38631016325,
0,1272,3193.21888,RF,16,0.5,8,0.5,23,3084.443,192.7776875,5187.3223139477695,
0,1273,3196.347164,AB,1,0.05,0,0.0,12,7839.027,7839.027,127.56685236573365,2.0
0,1274,3217.256279,NB,64,0.0,0,0.0,27,141.802,2.21565625,451333.54959732585,
0,1275,3217.438472,SGD,1,0.05,1,1.0,1,156.842,156.842,6375.8432052638955,
0,1276,3217.750117,MLP,16,0.0,0,0.0,0,182.921,11.4325625,87469.45402660166,
0,1277,3217.978445,DT,1,0.5,0,0.0,2,117.927,117.927,8479.822262925369,16.0
0,1278,3218.28842,DT,32,0.0,0,0.0,11,91.235,2.85109375,350742.5878226558,
0,1279,3218.420663,GB,8,0.01,0,0.0,14,224.417,28.052125,35647.92328566909,
0,1280,3218.705244,AB,16,0.1,3,0.1875,17,8031.906,501.994125,1992.055185904815,
0,1281,3226.800885,NB,16,0.5,5,0.3125,18,114.763,7.1726875,139417.7565940242,
0,1282,3226.97428,DT,16,0.1,2,0.125,15,87.157,5.4473125,183576.76377112567,
0,1283,3227.098518,MLP,8,1.0,8,1.0,21,178.99,22.37375,44695.234370635226,
0,1284,3227.315439,DT,1,1.0,1,1.0,22,84.62,84.62,11817.537225242259,4.0
0,1285,3227.618219,LoR,64,0.5,33,0.515625,19,165.141,2.580328125,387547.61082953354,
0,1286,3227.822953,DT,1,0.1,0,0.0,23,87.884,87.884,11378.635474033954,7.0
0,1287,3228.095613,NB,1,0.05,0,0.0,23,105.498,105.498,9478.852679671652,
0,1288,3228.247536,MLP,8,1.0,8,1.0,23,177.083,22.135375,45176.55562645765,
0,1289,3228.483467,GB,8,0.5,3,0.375,14,223.445,27.930625,35802.994025375374,
0,1290,3228.749235,NB,8,0.05,0,0.0,8,112.049,14.006125,71397.33509446759,
0,1291,3228.919092,SGD,100,0.01,0,0.0,24,172.678,1.72678,579112.5679009486,
0,1292,3229.167618,LoR,100,0.05,5,0.05,16,164.901,1.64901,606424.4607370483,
0,1293,3229.388584,NB,100,0.0,0,0.0,29,144.926,1.4492599999999998,690007.3140775292,
0,1294,3229.590903,NB,16,0.1,3,0.1875,1,110.811,6.9256875,144389.9973829313,
0,1295,3229.739359,SGD,16,1.0,16,1.0,3,154.255,9.6409375,103724.35253314317,
0,1296,3229.949566,GB,100,1.0,100,1.0,3,290.709,2.90709,343986.5982821309,
0,1297,3230.283752,RF,8,0.01,0,0.0,7,3130.937,391.367125,2555.145632122269,
0,1298,3233.479289,AB,8,0.1,1,0.125,12,8005.961,1000.745125,999.2554297978718,
0,1299,3241.529512,LoR,16,1.0,16,1.0,8,153.978,9.623625,103910.94831729207,
0,1300,3241.723761,RF,8,0.0,0,0.0,4,3037.829,379.728625,2633.459618694798,
0,1301,3244.80943,RF,32,1.0,32,1.0,25,3094.404,96.700125,10341.248266225095,
0,1302,3247.951253,NB,32,0.0,0,0.0,8,130.178,4.0680625,245817.2655901919,
0,1303,3248.152732,MLP,64,0.5,30,0.46875,4,227.73,3.55828125,281034.5584683617,
0,1304,3248.425274,AB,16,0.01,0,0.0,16,8016.966,501.060375,1995.7674761250078,
0,1305,3256.489322,SGD,32,1.0,32,1.0,3,157.005,4.90640625,203815.16512212987,
0,1306,3256.707624,DT,100,0.01,0,0.0,19,98.608,0.9860800000000001,1014116.5017037157,
0,1307,3256.869259,SGD,32,0.1,3,0.09375,29,156.467,4.88959375,204515.9682233314,
0,1308,3257.084598,MLP,16,0.1,3,0.1875,4,178.08,11.13,89847.25965858041,
0,1309,3257.302982,MLP,1,0.01,0,0.0,13,157.59,157.59,6345.5803033187385,
0,1310,3257.6099,DT,8,0.01,0,0.0,13,86.93,10.86625,92028.06856091107,
0,1311,3257.735833,LoR,1,0.01,0,0.0,9,142.714,142.714,7007.021035077148,
0,1312,3258.06059,RF,16,1.0,16,1.0,10,3010.483,188.1551875,5314.7617840725225,
0,1313,3261.114796,RF,1,0.5,1,1.0,6,2972.463,2972.463,336.4213448577829,6.89
0,1314,3277.045473,MLP,1,0.01,0,0.0,29,173.747,173.747,5755.4950589074915,
0,1315,3277.406116,SGD,64,0.1,10,0.15625,14,162.328,2.536375,394263.4665615297,
0,1316,3277.627602,MLP,8,0.01,1,0.125,17,170.737,21.342125,46855.690330742604,
0,1317,3277.83877,MLP,1,0.1,0,0.0,26,162.38,162.38,6158.393890873261,
0,1318,3278.144808,AB,1,0.0,0,0.0,0,7819.514,7819.514,127.88518570335701,2.0
0,1319,3299.70994,GB,64,0.05,2,0.03125,14,311.591,4.868609375,205397.46013203205,
0,1320,3300.084769,NB,100,0.0,0,0.0,12,169.429,1.69429,590217.7313210843,
0,1321,3300.303517,AB,64,1.0,64,1.0,10,8467.147,132.299171875,7558.626299980382,
0,1322,3308.813866,SGD,1,0.01,0,0.0,10,159.85,159.85,6255.8648733187365,
0,1323,3309.131351,RF,8,0.01,0,0.0,16,3068.777,383.597125,2606.9017070969967,
0,1324,3312.260993,MLP,100,0.0,0,0.0,20,266.319,2.66319,375489.54449363356,
0,1325,3312.57071,NB,8,0.01,0,0.0,3,114.25,14.28125,70021.8818380744,
0,1326,3312.759595,LoR,100,0.05,5,0.05,17,171.524,1.71524,583008.7917725799,
0,1327,3313.00244,AB,64,0.05,2,0.03125,8,8185.886,127.90446875,7818.335119741467,
0,1328,3321.230219,NB,1,0.05,0,0.0,16,101.017,101.017,9899.323876179258,
0,1329,3321.38365,DT,32,0.0,0,0.0,16,87.01,2.7190625,367773.8191012527,
0,1330,3321.509504,NB,1,0.1,0,0.0,26,97.808,97.808,10224.112547030916,
0,1331,3321.654849,DT,8,0.05,0,0.0,14,84.236,10.5295,94971.27119046487,
0,1332,3321.804767,SGD,64,0.05,4,0.0625,5,164.721,2.573765625,388535.7665385713,
0,1333,3322.011471,NB,16,0.01,0,0.0,13,110.28,6.8925,145085.23757707654,
0,1334,3322.186657,DT,64,0.05,5,0.078125,1,91.321,1.426890625,700824.5639009648,
0,1335,3322.320447,DT,32,0.01,0,0.0,21,84.846,2.6514375,377153.9023642835,
0,1336,3322.458149,DT,8,0.5,2,0.25,12,81.75,10.21875,97859.32721712538,
0,1337,3322.575911,RF,1,0.1,0,0.0,25,2888.707,2888.707,346.1756419048384,9.99
0,1338,3338.927995,GB,1,0.1,0,0.0,26,254.591,254.591,3927.868620650376,4.0
0,1339,3352.916461,RF,8,0.5,6,0.75,27,3099.135,387.391875,2581.3654455194755,
0,1340,3356.075117,MLP,64,1.0,64,1.0,14,263.835,4.122421875,242575.85233194992,
0,1341,3356.393553,MLP,64,1.0,64,1.0,9,211.161,3.299390625,303086.27066551114,
0,1342,3356.67174,MLP,32,0.5,10,0.3125,2,186.527,5.82896875,171556.93277648813,
0,1343,3356.921978,AB,32,0.1,2,0.0625,29,8194.974,256.0929375,3904.8324009325715,
0,1344,3365.189712,DT,64,0.1,8,0.125,15,88.246,1.37884375,725245.3368991229,
0,1345,3365.354512,SGD,100,0.05,4,0.04,2,171.695,1.71695,582428.1429278663,
0,1346,3365.57106,RF,32,0.05,0,0.0,10,3188.666,99.6458125,10035.544644688405,
0,1347,3368.834337,SGD,64,0.5,35,0.546875,9,174.523,2.726921875,366713.84287457814,
0,1348,3369.047394,GB,1,1.0,1,1.0,22,240.286,240.286,4161.707298802261,4.0
0,1349,3382.169915,DT,8,0.05,0,0.0,11,91.123,11.390375,87793.42207785082,
0,1350,3382.331065,DT,64,0.1,7,0.109375,26,93.007,1.453234375,688120.2490135151,
0,1351,3382.471756,AB,64,0.0,0,0.0,13,8445.472,131.9605,7578.025242402083,
0,1352,3390.959163,GB,8,1.0,8,1.0,29,216.041,27.005125,37030.00819288931,
0,1353,3391.23798,NB,16,0.1,1,0.0625,11,123.849,7.7405625,129189.57763082463,
0,1354,3391.418252,GB,100,1.0,100,1.0,26,289.14,2.8914,345853.2198934772,
0,1355,3391.76793,NB,8,0.1,1,0.125,5,117.067,14.633375,68336.93525929596,
0,1356,3391.952145,LoR,64,0.05,3,0.046875,10,170.246,2.66009375,375926.60033128527,
0,1357,3392.189656,LoR,32,0.05,1,0.03125,4,157.469,4.92090625,203214.60096907965,
0,1358,3392.385921,MLP,1,0.01,0,0.0,7,168.09,168.09,5949.193884228687,
0,1359,3392.713985,LoR,16,1.0,16,1.0,0,148.383,9.2739375,107829.06397633151,
0,1360,3392.903224,LoR,16,0.0,0,0.0,7,143.422,8.963875,111558.89612472284,
0,1361,3393.090071,SGD,32,0.0,0,0.0,22,147.979,4.62434375,216246.89989795847,
0,1362,3393.307832,RF,64,0.01,1,0.015625,16,3334.843,52.106921875,19191.308256490636,
0,1363,3396.696821,RF,64,1.0,64,1.0,19,3284.452,51.3195625,19485.746785156243,
0,1364,3400.044229,RF,100,1.0,100,1.0,19,3400.137,34.00137,29410.57963252657,
0,1365,3403.490219,NB,8,0.1,0,0.0,11,123.296,15.412,64884.505580067475,
0,1366,3403.655717,SGD,16,1.0,16,1.0,20,165.133,10.3208125,96891.5964707236,
0,1367,3403.868668,DT,16,0.01,0,0.0,22,90.492,5.65575,176811.20983070327,
0,1368,3403.995679,DT,1,0.0,0,0.0,8,83.028,83.028,12044.129691188515,15.0
0,1369,3404.276582,NB,16,0.01,0,0.0,0,119.598,7.474875,133781.50136289906,
0,1370,3404.46577,AB,64,0.01,2,0.03125,25,8926.71,139.47984375,7169.494696254275,
0,1371,3413.451317,MLP,8,0.01,0,0.0,7,204.188,25.5235,39179.57960311086,
0,1372,3413.739757,NB,100,0.1,11,0.11,7,158.558,1.58558,630684.0399096861,
0,1373,3413.955283,NB,8,0.05,1,0.125,20,141.502,17.68775,56536.3033738039,
0,1374,3414.172008,DT,100,0.5,58,0.58,20,102.544,1.02544,975191.1374629427,
0,1375,3414.316656,GB,16,0.01,0,0.0,20,265.04,16.565,60368.24630244491,
0,1376,3414.632131,RF,64,0.0,0,0.0,13,3410.364,53.2869375,18766.32523683689,
0,1377,3418.117994,GB,64,0.05,2,0.03125,26,289.313,4.520515625,221213.70280630322,
0,1378,3418.481175,LoR,64,0.01,1,0.015625,24,181.61,2.83765625,352403.5020098012,
0,1379,3418.703556,AB,16,0.0,0,0.0,12,8132.603,508.2876875,1967.3897766803568,
0,1380,3426.900051,SGD,100,1.0,100,1.0,18,174.217,1.7421700000000002,573996.7970978721,
0,1381,3427.116804,LoR,16,0.0,0,0.0,26,147.842,9.240125,108223.64416065799,
0,1382,3427.306033,DT,16,1.0,16,1.0,17,85.857,5.3660625,186356.38328849134,
0,1383,3427.46805,MLP,100,0.5,58,0.58,28,241.978,2.4197800000000003,413260.7096512906,
0,1384,3427.751641,LoR,1,0.1,0,0.0,5,142.557,142.557,7014.737964463338,
0,1385,3428.052789,LoR,1,0.5,0,0.0,12,137.684,137.684,7263.008047412916,
0,1386,3428.342616,SGD,32,1.0,32,1.0,12,150.341,4.69815625,212849.45557100192,
0,1387,3428.563717,AB,64,0.01,2,0.03125,0,8423.692,131.6201875,7597.618716353828,
0,1388,3437.031631,GB,8,0.1,0,0.0,14,218.49,27.31125,36614.94805254245,
0,1389,3437.28988,LoR,1,0.0,0,0.0,9,151.508,151.508,6600.311534704438,
0,1390,3437.593933,RF,32,1.0,32,1.0,11,3198.733,99.96040625,10003.960943285982,
0,1391,3440.836512,MLP,1,0.5,0,0.0,22,182.962,182.962,5465.615810933418,
0,1392,3441.198989,LoR,32,0.05,1,0.03125,13,158.676,4.958625,201668.80939776654,
0,1393,3441.404139,LoR,32,0.01,0,0.0,13,151.038,4.7199375,211867.21222473812,
0,1394,3441.599544,NB,32,1.0,32,1.0,6,120.46,3.764375,265648.3479993359,
0,1395,3441.761939,NB,32,1.0,32,1.0,13,113.237,3.53865625,282593.1453500181,
0,1396,3441.933222,MLP,100,0.01,0,0.0,9,242.672,2.42672,412078.8554097712,
0,1397,3442.222595,NB,8,0.01,0,0.0,4,110.239,13.779875,72569.59878083074,
0,1398,3442.372231,DT,8,0.01,0,0.0,25,90.709,11.338625,88194.1152476601,
0,1399,3442.499196,MLP,1,1.0,1,1.0,12,166.808,166.808,5994.9163109682995,
0,1400,3442.813475,AB,1,0.1,0,0.0,12,7802.171,7802.171,128.16945437366087,2.0
0,1401,3463.694706,SGD,32,0.01,1,0.03125,8,164.936,5.15425,194014.648105932,
0,1402,3463.902016,RF,8,0.05,0,0.0,9,3056.48,382.06,2617.3899387530755,
0,1403,3467.041481,RF,100,0.01,1,0.01,14,3413.353,34.13353,29296.70620061857,
0,1404,3470.498277,NB,1,0.1,0,0.0,19,114.241,114.241,8753.424777444176,
0,1405,3470.701293,LoR,100,0.01,1,0.01,29,178.327,1.78327,560767.5786616721,
0,1406,3470.920241,MLP,1,0.05,0,0.0,24,165.846,165.846,6029.690194517805,
0,1407,3471.25896,NB,16,0.1,1,0.0625,6,115.243,7.2026875,138837.06602570222,
0,1408,3471.415443,DT,16,0.1,0,0.0,14,90.984,5.6865,175855.09540138926,
0,1409,3471.56381,GB,16,0.1,1,0.0625,0,237.032,14.8145,67501.43440548111,
0,1410,3471.842224,NB,16,0.0,0,0.0,22,115.421,7.2138125,138622.9542284333,
0,1411,3472.015718,GB,16,0.05,2,0.125,17,224.834,14.052125,71163.61404413923,
0,1412,3472.28158,NB,1,0.1,0,0.0,5,104.889,104.889,9533.888205626901,
0,1413,3472.440215,LoR,32,0.01,0,0.0,17,157.531,4.92284375,203134.6211221918,
0,1414,3472.635084,RF,1,0.0,0,0.0,25,3011.13,3011.13,332.10123774131307,9.8
0,1415,3488.767845,GB,100,0.05,5,0.05,7,319.88,3.1988,312617.2314617982,
0,1416,3489.128721,LoR,1,0.0,0,0.0,1,171.478,171.478,5831.651873709747,
0,1417,3489.47475,DT,100,0.0,0,0.0,24,101.66,1.0166,983671.0603974032,
0,1418,3489.613311,AB,1,0.0,0,0.0,14,7801.414,7801.414,128.18189112896712,2.0
0,1419,3510.547206,AB,100,0.1,7,0.07,25,8758.397,87.58397000000001,11417.614433326098,
0,1420,3519.380057,DT,64,0.01,2,0.03125,21,90.0,1.40625,711111.1111111111,
0,1421,3519.510949,SGD,16,0.0,0,0.0,27,160.026,10.001625,99983.75264019596,
0,1422,3519.728774,MLP,100,0.0,0,0.0,17,250.24,2.5024,399616.368286445,
0,1423,3520.020903,MLP,1,0.1,0,0.0,15,162.348,162.348,6159.607756178086,
0,1424,3520.333644,LoR,1,0.1,0,0.0,29,140.293,140.293,7127.939384003478,
0,1425,3520.623055,NB,1,0.01,0,0.0,8,106.943,106.943,9350.775646839906,
0,1426,3520.803921,MLP,32,0.01,2,0.0625,19,192.186,6.0058125,166505.36459471553,
0,1427,3521.054144,GB,100,0.0,0,0.0,27,306.449,3.06449,326318.57176887506,
0,1428,3521.402973,SGD,1,0.5,1,1.0,29,155.881,155.881,6415.150018283178,
0,1429,3521.729644,AB,16,0.05,1,0.0625,19,8087.154,505.447125,1978.4463112734095,
0,1430,3529.898586,AB,100,0.01,2,0.02,12,8707.212,87.07212,11484.732426406983,
0,1431,3538.658873,GB,64,1.0,64,1.0,14,265.182,4.14346875,241343.68094365377,
0,1432,3538.964501,DT,1,0.0,0,0.0,17,88.888,88.888,11250.112501125011,13.0
0,1433,3539.276649,SGD,64,0.05,4,0.0625,2,171.553,2.680515625,373062.5520976025,
0,1434,3539.518566,AB,64,0.05,3,0.046875,6,8385.699,131.026546875,7632.041169138076,
0,1435,3547.947095,GB,1,0.1,0,0.0,21,201.34,201.34,4966.722956193504,4.0
0,1436,3560.918135,DT,32,0.1,2,0.0625,2,97.315,3.04109375,328829.0602682012,
0,1437,3561.077004,RF,32,0.05,2,0.0625,22,3220.115,100.62859375,9937.533286854663,
0,1438,3564.341543,AB,1,0.05,0,0.0,3,7790.909,7790.909,128.3547272853527,2.0
0,1439,3585.084035,DT,8,1.0,8,1.0,7,90.029,11.253625,88860.25613968832,
0,1440,3585.250889,LoR,100,0.05,6,0.06,18,204.624,2.04624,488701.22761748376,
0,1441,3585.512138,GB,8,0.5,4,0.5,25,218.921,27.365125,36542.862493776294,
0,1442,3585.772276,NB,16,1.0,16,1.0,13,117.532,7.34575,136133.13820916857,
0,1443,3585.957519,NB,64,0.5,34,0.53125,26,134.95,2.10859375,474249.7221193035,
0,1444,3586.164434,LoR,100,0.5,50,0.5,17,168.826,1.6882599999999999,592325.826590691,
0,1445,3586.392548,NB,100,0.01,0,0.0,0,143.325,1.43325,697714.9834292692,
0,1446,3586.608513,SGD,100,0.1,5,0.05,17,170.662,1.70662,585953.5221666218,
0,1447,3586.844205,GB,32,0.1,4,0.125,28,241.973,7.56165625,132246.15969550321,
0,1448,3587.143534,DT,100,0.0,0,0.0,0,97.974,0.97974,1020678.9556412925,
0,1449,3587.303793,NB,32,0.1,1,0.03125,18,120.113,3.75353125,266415.7917960587,
0,1450,3587.466629,LoR,32,0.01,0,0.0,19,155.448,4.85775,205856.6208635685,
0,1451,3587.66071,DT,1,0.5,1,1.0,25,84.434,84.434,11843.570125778715,4.0
0,1452,3587.937245,MLP,32,0.01,0,0.0,3,201.3,6.290625,158966.71634376553,
0,1453,3588.180585,GB,8,0.01,0,0.0,15,213.532,26.6915,37465.11061573909,
0,1454,3588.455283,LoR,16,0.05,1,0.0625,2,155.593,9.7245625,102832.38963192432,
0,1455,3588.66012,RF,64,1.0,64,1.0,28,3189.691,49.838921875,20064.63949015751,
0,1456,3591.893,RF,1,0.5,0,0.0,16,2938.195,2938.195,340.3450077343403,9.99
0,1457,3607.982317,GB,16,1.0,16,1.0,28,230.014,14.375875,69560.98324449816,
0,1458,3608.277487,AB,32,0.1,3,0.09375,25,8054.383,251.69946875,3972.9920963530044,
0,1459,3616.392386,LoR,8,0.5,5,0.625,15,151.092,18.8865,52947.872819209486,
0,1460,3616.581163,SGD,1,0.0,0,0.0,7,141.562,141.562,7064.042610305025,
0,1461,3616.899546,DT,64,0.1,4,0.0625,16,90.505,1.414140625,707143.2517540468,
0,1462,3617.025759,DT,1,1.0,1,1.0,8,79.971,79.971,12504.532893173775,4.0
0,1463,3617.284139,GB,1,0.0,0,0.0,22,203.306,203.306,4918.693988372207,4.0
0,1464,3630.205992,SGD,1,0.05,0,0.0,6,151.452,151.452,6602.752027044872,
0,1465,3630.538081,SGD,32,0.1,1,0.03125,15,154.247,4.82021875,207459.46436559543,
0,1466,3630.75966,RF,64,0.5,32,0.5,4,3248.332,50.7551875,19702.41958026458,
0,1467,3634.082603,MLP,64,0.05,3,0.046875,9,233.172,3.6433125,274475.49448475806,
0,1468,3634.358074,AB,16,1.0,16,1.0,27,7867.495,491.7184375,2033.684165036012,
0,1469,3642.269261,AB,8,0.01,0,0.0,9,7701.725,962.715625,1038.7283368336314,
0,1470,3650.013159,SGD,1,0.1,0,0.0,4,146.649,146.649,6819.0031981125,
0,1471,3650.309213,SGD,32,1.0,32,1.0,1,147.419,4.60684375,217068.35618203893,
0,1472,3650.497281,RF,16,1.0,16,1.0,28,3015.363,188.4601875,5306.160485487154,
0,1473,3653.57611,DT,16,0.5,8,0.5,22,92.75,5.796875,172506.73854447438,
0,1474,3653.728211,LoR,32,0.1,2,0.0625,24,160.899,5.02809375,198882.52879135357,
0,1475,3653.944521,AB,100,0.0,0,0.0,23,8604.359,86.04359000000001,11622.016236189122,
0,1476,3662.612606,SGD,16,0.1,1,0.0625,4,151.083,9.4426875,105902.05383795663,
0,1477,3662.828097,DT,16,0.05,2,0.125,1,85.575,5.3484375,186970.49371895997,
0,1478,3662.978397,LoR,64,0.01,2,0.03125,13,156.495,2.445234375,408958.7526758043,
0,1479,3663.191887,MLP,16,0.1,1,0.0625,1,178.632,11.1645,89569.61798557929,
0,1480,3663.409186,SGD,1,0.1,0,0.0,20,140.428,140.428,7121.086962713989,
0,1481,3663.71276,SGD,16,0.5,11,0.6875,28,145.266,9.079125,110142.7725689425,
0,1482,3663.916239,SGD,16,0.05,3,0.1875,0,143.385,8.9615625,111587.68350943265,
0,1483,3664.133374,AB,100,0.1,9,0.09,17,8517.0,85.17,11741.223435481978,
0,1484,3672.712774,LoR,16,0.1,3,0.1875,1,149.266,9.329125,107191.18888427372,
0,1485,3672.903575,AB,8,0.01,0,0.0,1,7784.014,973.00175,1027.747380721566,
0,1486,3680.728953,SGD,1,0.01,0,0.0,27,143.946,143.946,6947.049588039959,
0,1487,3681.023615,MLP,32,0.0,0,0.0,13,182.79,5.7121875,175064.28141583237,
0,1488,3681.283249,AB,100,0.5,51,0.51,4,8560.319,85.60319,11681.807652261557,
0,1489,3689.906528,AB,16,0.1,2,0.125,2,7869.846,491.865375,2033.0766319950862,
0,1490,3697.817256,DT,1,0.5,1,1.0,8,76.753,76.753,13028.806691595117,11.0
0,1491,3698.081611,NB,1,1.0,1,1.0,12,107.768,107.768,9279.192339098805,
0,1492,3698.254096,MLP,100,0.0,0,0.0,9,232.656,2.32656,429819.13210920844,
0,1493,3698.557429,GB,64,0.05,3,0.046875,11,269.012,4.2033125,237907.6026348267,
0,1494,3698.871009,MLP,32,0.0,0,0.0,9,193.207,6.03771875,165625.46905650417,
0,1495,3699.132858,GB,64,0.05,4,0.0625,28,261.95,4.09296875,244321.43538843293,
0,1496,3699.438668,MLP,8,1.0,8,1.0,9,179.352,22.419,44605.02252553638,
0,1497,3699.681753,SGD,16,0.1,1,0.0625,14,152.438,9.527375,104960.70533593987,
0,1498,3699.874029,GB,16,0.0,0,0.0,4,214.428,13.40175,74617.12089839013,
0,1499,3700.164355,LoR,100,0.01,2,0.02,23,170.078,1.70078,587965.5217018074,
0,1500,3700.372984,MLP,16,1.0,16,1.0,6,175.244,10.95275,91301.27137020383,
0,1501,3700.610746,DT,32,0.1,2,0.0625,5,89.747,2.80459375,356557.87937201245,
0,1502,3700.736851,DT,8,0.0,0,0.0,26,83.376,10.422,95950.87315294569,
0,1503,3700.859554,GB,16,0.01,0,0.0,3,214.431,13.4019375,74616.0769664834,
0,1504,3701.114384,RF,16,1.0,16,1.0,1,3171.12,198.195,5045.53596205757,
0,1505,3704.331207,MLP,16,0.01,0,0.0,5,192.168,12.0105,83260.48041297199,
0,1506,3704.565305,DT,16,1.0,16,1.0,1,93.045,5.8153125,171959.8043957225,
0,1507,3704.733623,SGD,100,0.05,5,0.05,9,170.496,1.70496,586524.024024024,
0,1508,3704.947992,AB,32,1.0,32,1.0,23,8016.612,250.519125,3991.7112116689696,
0,1509,3713.006368,RF,16,1.0,16,1.0,0,2957.344,184.834,5410.2600170964215,
0,1510,3716.025975,NB,8,0.05,1,0.125,28,121.118,15.13975,66051.28882577321,
0,1511,3716.214158,AB,64,0.05,3,0.046875,22,8216.317,128.379953125,7789.378136213587,
0,1512,3724.490496,NB,100,1.0,100,1.0,29,147.4,1.474,678426.0515603799,
0,1513,3724.706129,MLP,64,0.5,30,0.46875,1,218.9,3.4203125,292370.94563727727,
0,1514,3724.987706,SGD,32,0.5,12,0.375,19,154.923,4.84134375,206554.2237111339,
0,1515,3725.203869,LoR,32,0.1,6,0.1875,29,148.996,4.656125,214770.86633198205,
0,1516,3725.388524,NB,1,0.0,0,0.0,13,98.295,98.295,10173.457449514217,
0,1517,3725.556626,LoR,16,0.05,2,0.125,18,149.028,9.31425,107362.37485573182,
0,1518,3725.768221,MLP,32,0.1,1,0.03125,1,186.05,5.8140625,171996.7750604676,
0,1519,3726.046654,NB,8,0.05,1,0.125,24,107.385,13.423125,74498.30050751967,
0,1520,3726.207751,SGD,100,1.0,100,1.0,17,164.794,1.6479400000000002,606818.2094008276,
0,1521,3726.43361,LoR,32,0.05,3,0.09375,11,148.307,4.63459375,215768.64207353667,
0,1522,3726.630154,AB,64,0.0,0,0.0,10,8908.839,139.200609375,7183.876597163783,
0,1523,3735.616091,SGD,64,0.0,0,0.0,26,257.26,4.0196875,248775.557801446,
0,1524,3735.947827,NB,8,1.0,8,1.0,23,148.242,18.53025,53965.81265768136,
0,1525,3736.183788,AB,100,0.5,48,0.48,5,9166.713,91.66713,10909.03576887375,
0,1526,3745.443686,LoR,8,0.01,1,0.125,23,183.336,22.917,43635.72893485185,
0,1527,3745.684337,RF,32,1.0,32,1.0,5,3239.801,101.24378125,9877.149861982263,
0,1528,3748.985184,RF,8,0.1,0,0.0,8,3081.77,385.22125,2595.910791525649,
0,1529,3752.107147,SGD,1,1.0,1,1.0,13,165.035,165.035,6059.320750143909,
0,1530,3752.462581,GB,64,0.5,33,0.515625,9,339.93,5.31140625,188274.0564233813,
0,1531,3752.899972,NB,64,0.1,6,0.09375,20,144.592,2.25925,442624.7648555936,
0,1532,3753.092913,DT,64,0.0,0,0.0,12,95.354,1.48990625,671183.1700820102,
0,1533,3753.250251,DT,32,0.05,1,0.03125,7,88.449,2.76403125,361790.4102929372,
0,1534,3753.373098,DT,1,0.0,0,0.0,13,81.602,81.602,12254.601602901888,16.0
0,1535,3753.681238,RF,100,0.01,0,0.0,19,3430.971,34.30971,29146.267922404473,
0,1536,3757.182813,SGD,1,0.1,0,0.0,2,160.748,160.748,6220.9172120337425,
0,1537,3757.495898,LoR,1,0.0,0,0.0,26,143.542,143.542,6966.6021094871185,
0,1538,3757.804195,MLP,100,0.0,0,0.0,13,288.192,2.88192,346990.8949589163,
0,1539,3758.154809,MLP,16,0.05,2,0.125,12,175.501,10.9688125,91167.57169474817,
0,1540,3758.393174,NB,32,0.01,1,0.03125,12,121.236,3.788625,263948.002243558,
0,1541,3758.555218,AB,16,0.01,0,0.0,11,8002.975,500.1859375,1999.2565264792154,
0,1542,3766.630274,AB,64,0.5,32,0.5,12,8368.668,130.7604375,7647.573066585985,
0,1543,3775.040783,GB,1,0.05,0,0.0,5,223.094,223.094,4482.415484056049,4.0
0,1544,3788.146901,SGD,100,0.05,5,0.05,7,180.274,1.80274,554711.1618979997,
0,1545,3788.370811,NB,16,0.01,0,0.0,18,116.04,7.2525,137883.48845225782,
0,1546,3788.553869,RF,64,0.05,2,0.03125,6,3367.157,52.611828125,19007.132723540955,
0,1547,3791.996185,DT,64,0.1,9,0.140625,14,101.618,1.58778125,629809.6793875102,
0,1548,3792.166792,RF,64,0.05,4,0.0625,11,3328.104,52.001625,19230.16828801023,
0,1549,3795.563109,GB,32,0.1,4,0.125,25,255.39,7.9809375,125298.56298210581,
0,1550,3795.878051,NB,100,0.0,0,0.0,13,157.153,1.5715299999999999,636322.5646344646,
0,1551,3796.07464,GB,1,0.01,0,0.0,21,213.59,213.59,4681.86712861089,4.0
0,1552,3809.256178,RF,8,0.01,1,0.125,24,3057.863,382.232875,2616.206154428763,
0,1553,3812.362224,GB,32,1.0,32,1.0,0,254.327,7.94771875,125822.26818230074,
0,1554,3812.689968,MLP,64,0.1,9,0.140625,25,239.114,3.73615625,267654.75881796965,
0,1555,3812.971574,NB,8,0.1,0,0.0,1,115.21,14.40125,69438.41680409687,
0,1556,3813.129987,NB,32,0.0,0,0.0,4,117.131,3.66034375,273198.3847145504,
0,1557,3813.308385,MLP,16,0.01,1,0.0625,17,186.571,11.6606875,85758.23681065117,
0,1558,3813.533191,NB,1,0.0,0,0.0,17,102.272,102.272,9777.84730913642,
0,1559,3813.686478,NB,16,0.01,0,0.0,9,111.145,6.9465625,143956.0933915156,
0,1560,3813.835707,RF,1,0.01,0,0.0,29,3016.158,3016.158,331.54761786352043,9.58
0,1561,3829.986385,AB,16,0.0,0,0.0,3,8175.511,510.9694375,1957.0642128669388,
0,1562,3838.204757,AB,1,0.01,0,0.0,20,7740.598,7740.598,129.18898514042456,2.0
0,1563,3859.502991,MLP,32,0.5,17,0.53125,15,245.788,7.680875,130193.50008950803,
0,1564,3859.790531,RF,1,1.0,1,1.0,0,3090.027,3090.027,323.6217677062369,6.84
0,1565,3876.029918,GB,16,0.5,11,0.6875,4,276.873,17.3045625,57788.227815641105,
0,1566,3876.392229,AB,100,0.1,15,0.15,14,8760.689,87.60689,11414.627319837515,
0,1567,3885.215383,MLP,8,0.5,3,0.375,8,197.784,24.723,40448.16567568661,
0,1568,3885.454392,SGD,1,0.05,0,0.0,27,151.791,151.791,6588.005876501242,
0,1569,3885.761329,LoR,8,0.05,0,0.0,7,145.031,18.128875,55160.62083278747,
0,1570,3885.946151,SGD,1,0.1,0,0.0,3,185.557,185.557,5389.179605188702,
0,1571,3886.314341,SGD,100,0.01,1,0.01,2,163.408,1.63408,611965.1424654853,
0,1572,3886.541381,LoR,32,0.5,18,0.5625,2,148.164,4.630125,215976.89047271945,
0,1573,3886.751137,GB,32,0.1,3,0.09375,22,252.868,7.902125,126548.23860670389,
0,1574,3887.042802,DT,1,0.0,0,0.0,7,86.257,86.257,11593.26199612785,16.0
0,1575,3887.343469,AB,16,0.5,7,0.4375,18,8120.431,507.5269375,1970.3387665014334,
0,1576,3895.518793,NB,64,0.01,0,0.0,26,140.349,2.192953125,456006.09908157523,
0,1577,3895.737688,GB,100,0.05,4,0.04,29,290.365,2.9036500000000003,344394.12463623367,
0,1578,3896.0884,DT,100,1.0,100,1.0,13,100.929,1.00929,990795.50971475,
0,1579,3896.258758,NB,64,0.01,1,0.015625,15,136.733,2.136453125,468065.49991589447,
0,1580,3896.434829,MLP,8,0.01,0,0.0,28,186.961,23.370125,42789.672712490836,
0,1581,3896.686565,SGD,32,0.05,3,0.09375,1,158.327,4.94771875,202113.34769180242,
0,1582,3896.922984,DT,100,0.5,56,0.56,11,97.744,0.97744,1023080.7006056638,
0,1583,3897.087199,MLP,64,0.01,2,0.03125,21,212.847,3.325734375,300685.46890489414,
0,1584,3897.34272,SGD,16,0.01,0,0.0,11,151.646,9.477875,105508.88252904793,
0,1585,3897.545547,LoR,64,1.0,64,1.0,19,156.017,2.437765625,410211.70769852004,
0,1586,3897.738583,LoR,1,0.0,0,0.0,22,138.501,138.501,7220.164475346748,
0,1587,3898.06354,LoR,64,0.5,33,0.515625,2,154.65,2.41640625,413837.6980278047,
0,1588,3898.261132,LoR,32,1.0,32,1.0,17,145.33,4.5415625,220188.53643432187,
0,1589,3898.448684,RF,32,0.0,0,0.0,22,3193.681,99.80253125,10019.785946060361,
0,1590,3901.724291,NB,8,0.5,6,0.75,11,136.605,17.075625,58563.01013872113,
0,1591,3901.905177,MLP,32,1.0,32,1.0,9,234.022,7.3131875,136739.28092230647,
0,1592,3902.199072,RF,8,0.1,2,0.25,6,3057.858,382.23225,2616.2104322699092,
0,1593,3905.298847,GB,8,1.0,8,1.0,2,240.258,30.03225,33297.538479467905,
0,1594,3905.584988,SGD,16,0.05,0,0.0,13,163.463,10.2164375,97881.47776561057,
0,1595,3905.795439,DT,16,0.01,0,0.0,20,89.833,5.6145625,178108.26756314494,
0,1596,3905.954757,RF,64,0.5,33,0.515625,10,3312.39,51.75609375,19321.396333161254,
0,1597,3909.312095,DT,16,0.0,0,0.0,18,94.664,5.9165,169018.84560128453,
0,1598,3909.466057,SGD,8,0.1,2,0.25,16,160.675,20.084375,49789.94865411545,
0,1599,3909.666849,NB,16,0.0,0,0.0,16,116.622,7.288875,137195.38337534943,
0,1600,3909.821961,MLP,1,0.1,0,0.0,5,194.039,194.039,5153.603141636476,
0,1601,3910.201123,AB,16,0.5,8,0.5,26,8097.912,506.1195,1975.8179639393463,
0,1602,3918.373284,LoR,64,0.5,26,0.40625,4,162.585,2.540390625,393640.2497155334,
0,1603,3918.576807,NB,1,0.05,0,0.0,19,100.573,100.573,9943.026458393406,
0,1604,3918.743339,LoR,8,0.1,1,0.125,2,149.938,18.74225,53355.38689324921,
0,1605,3918.933937,MLP,16,1.0,16,1.0,5,177.807,11.1129375,89985.20868132301,
0,1606,3919.190058,LoR,100,0.5,38,0.38,9,164.931,1.64931,606314.1556165911,
0,1607,3919.418083,MLP,16,0.1,2,0.125,16,174.292,10.89325,91799.96787001124,
0,1608,3919.632881,NB,8,0.01,0,0.0,7,107.648,13.456,74316.29013079667,
0,1609,3919.798289,DT,16,0.1,1,0.0625,5,89.197,5.5748125,179378.23020953618,
0,1610,3919.924783,DT,1,0.05,0,0.0,9,82.301,82.301,12150.520649809843,16.0
0,1611,3920.234359,AB,64,0.05,3,0.046875,26,8417.881,131.529390625,7602.863475974536,
0,1612,3928.695669,LoR,16,0.0,0,0.0,19,150.628,9.41425,106221.95076612582,
0,1613,3928.886613,RF,8,1.0,8,1.0,17,3033.889,379.236125,2636.879595792727,
0,1614,3931.981968,LoR,100,1.0,100,1.0,8,179.65,1.7965,556637.9070414695,
0,1615,3932.226165,DT,8,0.1,1,0.125,20,89.517,11.189625,89368.4998380196,
0,1616,3932.371526,NB,100,0.0,0,0.0,2,152.568,1.5256800000000001,655445.4407215143,
0,1617,3932.58158,MLP,8,0.05,1,0.125,2,181.141,22.642625,44164.49064540883,
0,1618,3932.805883,SGD,16,0.01,0,0.0,1,153.145,9.5715625,104476.15005387051,
0,1619,3932.998904,NB,1,0.1,0,0.0,12,99.688,99.688,10031.29764866383,
0,1620,3933.146829,DT,8,0.01,0,0.0,22,88.119,11.014875,90786.32304043396,
0,1621,3933.307837,GB,100,0.05,3,0.03,16,298.591,2.98591,334906.27647852746,
0,1622,3933.668221,RF,100,0.05,0,0.0,19,3445.487,34.45487,29023.47331451258,
0,1623,3937.158163,MLP,1,0.05,0,0.0,7,180.25,180.25,5547.850208044383,
0,1624,3937.493441,RF,8,0.05,0,0.0,6,3010.886,376.36075,2657.0252078624035,
0,1625,3940.548011,LoR,1,0.05,0,0.0,11,159.786,159.786,6258.370570638229,
0,1626,3940.862586,AB,1,0.01,0,0.0,1,7828.784,7828.784,127.73375788628222,2.0
0,1627,3961.652868,RF,100,0.0,0,0.0,27,3357.926,33.57926,29780.28699858186,
0,1628,3965.065671,DT,64,0.0,0,0.0,17,99.44,1.55375,643604.1834271923,
0,1629,3965.24326,MLP,100,0.5,50,0.5,27,248.672,2.48672,402136.14721400075,
0,1630,3965.555984,AB,32,0.5,16,0.5,25,8504.155,265.75484375,3762.866504667424,
0,1631,3974.152262,MLP,64,1.0,64,1.0,20,251.32,3.926875,254655.41938564382,
0,1632,3974.492354,SGD,100,0.1,6,0.06,10,178.805,1.7880500000000001,559268.4768323033,
0,1633,3974.744088,SGD,64,0.5,33,0.515625,24,159.148,2.4866875,402141.4029708196,
0,1634,3974.967895,SGD,32,0.1,2,0.0625,0,154.396,4.824875,207259.25542112492,
0,1635,3975.162389,RF,8,0.05,0,0.0,18,3152.212,394.0265,2537.9003696451887,
0,1636,3978.376529,DT,100,0.0,0,0.0,3,108.618,1.08618,920657.717873649,
0,1637,3978.549985,MLP,32,0.05,3,0.09375,23,207.571,6.48659375,154164.1173381638,
0,1638,3978.799333,DT,1,0.05,0,0.0,28,87.145,87.145,11475.127660795228,17.0
0,1639,3979.101232,SGD,32,1.0,32,1.0,5,164.089,5.12778125,195016.11930111097,
0,1640,3979.326341,NB,16,0.5,6,0.375,3,123.264,7.704,129802.69989615785,
0,1641,3979.505723,AB,100,1.0,100,1.0,10,8726.547,87.26547000000001,11459.286244605111,
0,1642,3988.321364,NB,100,0.0,0,0.0,7,147.926,1.4792599999999998,676013.6825169342,
0,1643,3988.527802,NB,16,0.5,4,0.25,10,108.099,6.7561875,148012.47005060175,
0,1644,3988.7082,MLP,100,0.05,7,0.07,9,240.168,2.4016800000000003,416375.20402385,
0,1645,3988.988629,SGD,1,0.05,0,0.0,25,146.901,146.901,6807.305600370317,
0,1646,3989.300647,GB,32,0.1,0,0.0,4,270.743,8.46071875,118193.26815467067,
0,1647,3989.649305,GB,100,0.1,12,0.12,28,288.182,2.8818200000000003,347002.9356448355,
0,1648,3990.023609,SGD,8,0.5,4,0.5,3,184.582,23.07275,43341.17086173083,
0,1649,3990.257199,AB,64,0.0,0,0.0,11,8281.365,129.396328125,7728.194566958467,
0,1650,3998.577992,LoR,1,0.0,0,0.0,10,143.617,143.617,6962.963994513185,
0,1651,3998.889783,RF,32,0.5,19,0.59375,16,3162.796,98.837375,10117.63009691425,
0,1652,4002.095586,DT,16,1.0,16,1.0,29,92.174,5.760875,173584.74190118688,
0,1653,4002.256771,AB,64,0.1,8,0.125,18,8370.905,130.795390625,7645.5293662991035,
0,1654,4010.672278,MLP,1,0.1,0,0.0,9,169.755,169.755,5890.842685046096,
0,1655,4010.991964,NB,8,0.1,0,0.0,9,109.792,13.724,72865.0539201399,
0,1656,4011.141978,RF,16,1.0,16,1.0,29,3010.859,188.1786875,5314.098069687089,
0,1657,4014.213677,MLP,100,1.0,100,1.0,5,250.699,2.50699,398884.71832755615,
0,1658,4014.510487,AB,32,1.0,32,1.0,16,8663.154,270.7235625,3693.8048198150464,
0,1659,4023.236221,LoR,1,1.0,1,1.0,10,172.211,172.211,5806.829993438281,
0,1660,4023.590815,SGD,64,0.01,0,0.0,1,162.145,2.533515625,394708.43997656414,
0,1661,4023.793519,GB,1,0.05,0,0.0,18,251.841,251.841,3970.759328306352,4.0
0,1662,4036.73653,MLP,1,1.0,1,1.0,0,181.072,181.072,5522.6650172307145,
0,1663,4037.083991,AB,64,0.01,0,0.0,12,8280.81,129.38765625,7728.71252932986,
0,1664,4045.438927,DT,64,0.05,5,0.078125,7,87.405,1.365703125,732223.557004748,
0,1665,4045.602366,NB,100,0.1,11,0.11,2,154.635,1.54635,646684.1271380994,
0,1666,4045.805092,LoR,64,1.0,64,1.0,14,170.748,2.6679375,374821.37418886315,
0,1667,4046.068121,LoR,16,0.0,0,0.0,6,147.618,9.226125,108387.86597840372,
0,1668,4046.25822,LoR,16,0.01,0,0.0,22,142.971,8.9356875,111910.80708675185,
0,1669,4046.450028,AB,64,0.0,0,0.0,29,8281.407,129.396984375,7728.155372631729,
0,1670,4054.794523,MLP,16,0.5,12,0.75,19,214.367,13.3979375,74638.35385110581,
0,1671,4055.052716,MLP,16,0.01,0,0.0,2,168.915,10.5571875,94722.19755498329,
0,1672,4055.279147,GB,100,1.0,100,1.0,5,288.872,2.88872,346174.08402337367,
0,1673,4055.609772,MLP,16,0.0,0,0.0,6,183.596,11.47475,87147.8681452755,
0,1674,4055.835212,DT,8,0.05,0,0.0,21,87.194,10.89925,91749.43230038763,
0,1675,4055.983702,NB,32,0.5,13,0.40625,6,121.01,3.7815625,264440.95529295097,
0,1676,4056.16981,DT,64,0.5,30,0.46875,3,94.868,1.4823125,674621.5794577729,
0,1677,4056.310721,GB,64,0.0,0,0.0,28,248.852,3.8883125,257180.9750373716,
0,1678,4056.628697,AB,64,0.01,2,0.03125,8,8986.803,140.418796875,7121.55368266112,
0,1679,4065.698312,NB,32,0.01,1,0.03125,16,124.942,3.9044375,256118.83914136162,
0,1680,4065.86273,MLP,1,0.1,0,0.0,10,229.816,229.816,4351.307132662651,
0,1681,4066.272188,NB,8,0.5,6,0.75,24,126.332,15.7915,63325.20659848653,
0,1682,4066.480041,RF,64,0.1,6,0.09375,4,3285.524,51.3363125,19479.38898026616,
0,1683,4069.80914,LoR,16,0.0,0,0.0,2,193.433,12.0895625,82715.97917625225,
0,1684,4070.076163,AB,32,0.05,0,0.0,2,8222.894,256.9654375,3891.573939783244,
0,1685,4078.340008,LoR,8,0.0,0,0.0,13,146.592,18.324,54573.23728443571,
0,1686,4078.546227,GB,100,0.0,0,0.0,5,305.599,3.05599,327226.201656419,
0,1687,4078.924126,DT,64,0.5,29,0.453125,20,97.063,1.516609375,659365.5666937968,
0,1688,4079.065796,RF,32,0.05,0,0.0,7,3171.511,99.10971875,10089.827845465457,
0,1689,4082.306736,NB,32,0.05,1,0.03125,5,156.835,4.90109375,204036.0888832212,
0,1690,4082.502602,GB,1,0.0,0,0.0,20,302.96,302.96,3300.7657776604174,4.0
0,1691,4095.99817,SGD,8,0.05,1,0.125,17,188.105,23.513125,42529.43834560485,
0,1692,4096.252609,LoR,100,1.0,100,1.0,6,175.771,1.7577099999999999,568922.0633665394,
0,1693,4096.470698,NB,8,0.05,0,0.0,4,118.111,14.763875,67732.89532727688,
0,1694,4096.647117,LoR,16,0.5,8,0.5,21,152.065,9.5040625,105218.16328543716,
0,1695,4096.868389,NB,64,0.5,34,0.53125,17,131.922,2.06128125,485135.15562226163,
0,1696,4097.037666,AB,1,0.1,1,1.0,9,7920.116,7920.116,126.26077698861987,2.0
0,1697,4118.081321,SGD,100,0.5,48,0.48,10,181.423,1.81423,551198.0289158486,
0,1698,4118.309908,SGD,32,0.0,0,0.0,19,155.55,4.8609375,205721.63291546126,
0,1699,4118.525501,DT,16,0.5,10,0.625,4,89.773,5.6108125,178227.3066512203,
0,1700,4118.671487,AB,100,1.0,100,1.0,6,8694.206,86.94206,11501.912883131594,
0,1701,4127.415072,LoR,32,0.01,0,0.0,12,155.077,4.84615625,206349.1039935,
0,1702,4127.634642,NB,32,0.5,19,0.59375,29,119.119,3.72246875,268638.924101109,
0,1703,4127.802264,AB,64,0.0,0,0.0,6,8385.556,131.0243125,7632.171319349605,
0,1704,4136.247843,LoR,100,0.0,0,0.0,16,167.108,1.6710800000000001,598415.396031309,
0,1705,4136.485134,MLP,64,0.1,7,0.109375,15,227.583,3.555984375,281216.083802393,
0,1706,4136.772907,SGD,8,0.05,1,0.125,23,148.794,18.59925,53765.608828312965,
0,1707,4136.983709,RF,8,0.1,1,0.125,0,3125.296,390.662,2559.7575397658334,
0,1708,4140.184022,SGD,64,0.5,34,0.53125,10,176.76,2.761875,362072.8671645169,
0,1709,4140.431798,NB,64,0.1,6,0.09375,5,136.758,2.13684375,467979.93536027137,
0,1710,4140.605245,SGD,1,1.0,1,1.0,18,150.874,150.874,6628.04724472076,
0,1711,4140.911671,DT,16,0.0,0,0.0,21,87.619,5.4761875,182608.79489608417,
0,1712,4141.057577,AB,100,0.01,0,0.0,27,9286.356,92.86355999999999,10768.486583973305,
0,1713,4150.385888,GB,8,0.0,0,0.0,9,242.684,30.3355,32964.67834715103,
0,1714,4150.676168,AB,32,0.01,0,0.0,13,8574.065,267.93953125,3732.1853753149758,
0,1715,4159.336511,NB,16,0.05,2,0.125,7,125.739,7.8586875,127247.71152943796,
0,1716,4159.51682,SGD,64,0.0,0,0.0,17,209.55,3.27421875,305416.3684084944,
0,1717,4159.772406,SGD,1,0.01,0,0.0,2,147.657,147.657,6772.452372728689,
0,1718,4160.097069,SGD,16,0.05,2,0.125,1,148.218,9.263625,107949.10199840776,
0,1719,4160.304501,SGD,100,0.0,0,0.0,10,190.906,1.90906,523818.0046724566,
0,1720,4160.574431,RF,100,0.5,52,0.52,8,3531.129,35.31129,28319.554454113684,
0,1721,4164.175694,LoR,32,0.05,3,0.09375,8,174.319,5.44746875,183571.49823025602,
0,1722,4164.391703,AB,8,0.05,0,0.0,19,7999.88,999.985,1000.0150002250034,
0,1723,4172.466087,NB,64,0.1,6,0.09375,10,138.326,2.16134375,462675.12976591534,
0,1724,4172.64365,RF,8,0.0,0,0.0,29,3049.496,381.187,2623.3843231799615,
0,1725,4175.757337,GB,8,0.1,1,0.125,11,269.317,33.664625,29704.771700264002,
0,1726,4176.086328,LoR,100,0.0,0,0.0,15,178.928,1.78928,558884.0203880891,
0,1727,4176.308358,DT,8,0.0,0,0.0,11,89.62,11.2025,89265.78888640928,
0,1728,4176.453586,NB,100,0.0,0,0.0,4,151.103,1.51103,661800.2289828792,
0,1729,4176.643651,DT,1,0.05,0,0.0,18,86.632,86.632,11543.078769969525,16.0
0,1730,4176.958212,RF,100,0.0,0,0.0,22,3434.486,34.34486,29116.438384084257,
0,1731,4180.477317,LoR,100,0.5,53,0.53,0,184.23,1.8422999999999998,542799.7611681051,
0,1732,4180.733389,SGD,64,0.5,33,0.515625,5,165.627,2.587921875,386410.42825143243,
0,1733,4180.939369,LoR,1,0.01,0,0.0,17,144.475,144.475,6921.612735767434,
0,1734,4181.268952,NB,64,0.1,9,0.140625,16,136.059,2.125921875,470384.17157262657,
0,1735,4181.472776,DT,64,0.1,5,0.078125,12,95.469,1.491703125,670374.6765965916,
0,1736,4181.625437,MLP,100,0.01,0,0.0,15,250.909,2.50909,398550.8690401699,
0,1737,4181.936108,AB,8,0.1,1,0.125,1,7964.711,995.588875,1004.4306692358329,
0,1738,4189.964905,RF,16,0.05,1,0.0625,24,3048.416,190.526,5248.627483912956,
0,1739,4193.074255,SGD,100,0.0,0,0.0,27,183.483,1.83483,545009.6194197828,
0,1740,4193.298411,AB,8,0.0,0,0.0,26,7936.714,992.08925,1007.9738289675047,
0,1741,4201.308539,GB,64,0.5,31,0.484375,1,286.257,4.472765625,223575.31868216323,
0,1742,4201.665541,MLP,64,0.5,30,0.46875,12,230.519,3.601859375,277634.3815477249,
0,1743,4201.96992,DT,64,0.5,38,0.59375,28,119.952,1.87425,533546.752034147,
0,1744,4202.161437,MLP,100,1.0,100,1.0,6,235.5,2.355,424628.4501061571,
0,1745,4202.435495,SGD,1,1.0,1,1.0,19,148.672,148.672,6726.216099870857,
0,1746,4202.746458,NB,64,1.0,64,1.0,2,135.336,2.114625,472897.08577170887,
0,1747,4202.921298,LoR,1,0.1,0,0.0,6,146.794,146.794,6812.267531370491,
0,1748,4203.251657,GB,100,0.5,48,0.48,14,309.079,3.09079,323541.8776429327,
0,1749,4203.631729,AB,64,0.1,7,0.109375,13,8468.771,132.324546875,7557.176832388075,
0,1750,4212.145,DT,8,0.05,0,0.0,19,80.838,10.10475,98963.35881639823,
0,1751,4212.265797,NB,1,0.1,0,0.0,14,103.529,103.529,9659.129326082548,
0,1752,4212.415864,RF,1,0.05,0,0.0,3,3012.742,3012.742,331.92354340331826,8.87
0,1753,4228.38687,AB,16,0.05,1,0.0625,10,8070.349,504.3968125,1982.5660575521579,
0,1754,4236.499152,GB,8,1.0,8,1.0,14,221.33,27.66625,36145.12266751005,
0,1755,4236.76235,MLP,16,0.0,0,0.0,27,191.242,11.952625,83663.63037408101,
0,1756,4236.99394,RF,8,0.0,0,0.0,2,3040.253,380.031625,2631.359955898407,
0,1757,4240.103721,DT,32,0.05,1,0.03125,12,96.869,3.02715625,330343.04060122435,
0,1758,4240.239874,AB,1,0.5,0,0.0,22,7749.695,7749.695,129.03733630807406,2.0
0,1759,4260.808948,RF,16,0.0,0,0.0,0,3026.77,189.173125,5286.1631376021305,
0,1760,4263.883182,SGD,16,0.01,0,0.0,6,169.369,10.5855625,94468.29112765618,
0,1761,4264.096168,RF,8,0.05,0,0.0,22,3007.608,375.951,2659.9211067399738,
0,1762,4267.149002,NB,8,0.1,0,0.0,24,123.066,15.38325,65005.769262022004,
0,1763,4267.311971,RF,1,0.1,0,0.0,23,2928.54,2928.54,341.4670791588983,9.99
0,1764,4283.373475,RF,100,0.1,8,0.08,28,3401.306,34.01306,29400.47146596043,
0,1765,4286.838881,DT,16,0.05,1,0.0625,6,93.102,5.818875,171854.5251444652,
0,1766,4286.97058,MLP,1,0.1,0,0.0,17,174.742,174.742,5722.722642524408,
0,1767,4287.341689,NB,100,0.05,2,0.02,1,149.818,1.49818,667476.5381996823,
0,1768,4287.528843,RF,8,0.0,0,0.0,3,3465.394,433.17425,2308.539808171885,
0,1769,4291.058623,RF,32,1.0,32,1.0,27,3195.508,99.859625,10014.0572328406,
0,1770,4294.300045,RF,16,1.0,16,1.0,26,3011.937,188.2460625,5312.196105031414,
0,1771,4297.35618,DT,1,0.5,1,1.0,7,91.809,91.809,10892.178326743566,4.0
0,1772,4297.674198,GB,16,0.5,11,0.6875,0,321.654,20.103375,49742.89142992159,
0,1773,4298.093861,SGD,64,0.01,2,0.03125,16,186.915,2.920546875,342401.62640772545,
0,1774,4298.326281,RF,32,0.01,0,0.0,14,3067.578,95.8618125,10431.682584762311,
0,1775,4301.467204,LoR,64,0.01,1,0.015625,28,180.857,2.825890625,353870.7376546111,
0,1776,4301.70785,NB,16,0.5,10,0.625,8,119.995,7.4996875,133338.88912038002,
0,1777,4301.867422,RF,16,0.01,0,0.0,22,3107.796,194.23725,5148.343070137165,
0,1778,4305.026525,MLP,64,0.0,0,0.0,11,238.587,3.727921875,268245.9647843345,
0,1779,4305.34596,GB,100,0.5,42,0.42,2,320.218,3.2021800000000002,312287.25430800265,
0,1780,4305.725225,DT,8,0.5,3,0.375,0,92.526,11.56575,86462.18360244688,
0,1781,4305.882856,AB,64,0.1,5,0.078125,29,8380.749,130.949203125,7636.548952844191,
0,1782,4314.342256,MLP,100,0.1,14,0.14,19,238.817,2.38817,418730.6598776469,
0,1783,4314.641808,GB,16,0.5,7,0.4375,10,228.668,14.29175,69970.4374901604,
0,1784,4314.911162,NB,1,0.01,0,0.0,14,106.273,106.273,9409.727776575424,
0,1785,4315.068891,GB,32,0.0,0,0.0,0,225.905,7.05953125,141652.46453155088,
0,1786,4315.354969,RF,16,0.1,1,0.0625,22,3006.442,187.902625,5321.905428410061,
0,1787,4318.423624,RF,8,0.1,1,0.125,25,2939.944,367.493,2721.1402666173235,
0,1788,4321.424371,NB,8,0.5,3,0.375,14,118.261,14.782625,67646.98421288506,
0,1789,4321.581817,LoR,8,0.0,0,0.0,2,156.292,19.5365,51186.241138382,
0,1790,4321.780634,GB,16,0.01,0,0.0,29,222.025,13.8765625,72063.95676162594,
0,1791,4322.081071,GB,100,0.01,2,0.02,12,281.244,2.8124400000000005,355563.1409025614,
0,1792,4322.406309,SGD,16,0.01,0,0.0,5,159.894,9.993375,100066.29391972181,
0,1793,4322.624396,DT,8,0.1,1,0.125,7,87.625,10.953125,91298.1455064194,
0,1794,4322.785057,NB,100,0.01,1,0.01,26,147.622,1.47622,677405.8067225752,
0,1795,4322.98554,SGD,8,0.5,4,0.5,20,151.368,18.921,52851.32921092966,
0,1796,4323.197222,NB,32,0.1,6,0.1875,15,114.802,3.5875625,278740.7884880054,
0,1797,4323.385895,MLP,100,0.5,59,0.59,7,233.51,2.3350999999999997,428247.1842747634,
0,1798,4323.657547,RF,8,1.0,8,1.0,6,2955.266,369.40825,2707.032125026986,
0,1799,4326.672688,RF,100,0.0,0,0.0,23,3292.021,32.920210000000004,30376.47694227953,
0,1800,4330.089084,DT,64,0.1,9,0.140625,17,97.894,1.52959375,653768.3616973461,
0,1801,4330.246763,NB,32,0.5,14,0.4375,19,122.752,3.836,260688.21689259645,
0,1802,4330.426813,DT,32,0.01,2,0.0625,6,90.553,2.82978125,353384.205934646,
0,1803,4330.55483,GB,8,0.05,0,0.0,28,212.877,26.609625,37580.3867961311,
0,1804,4330.842751,MLP,100,0.01,2,0.02,2,236.919,2.36919,422085.18523208355,
0,1805,4331.137424,NB,100,1.0,100,1.0,25,144.471,1.44471,692180.4375964727,
0,1806,4331.341641,NB,32,0.1,5,0.15625,9,114.136,3.56675,280367.2811382912,
0,1807,4331.566328,SGD,100,0.01,1,0.01,22,169.921,1.6992099999999999,588508.777608418,
0,1808,4331.809548,AB,16,0.5,7,0.4375,11,8525.331,532.8331875,1876.759975653731,
0,1809,4340.406962,GB,64,1.0,64,1.0,16,289.836,4.5286875,220814.52959604742,
0,1810,4340.747911,LoR,16,0.05,0,0.0,29,202.797,12.6748125,78896.63062076856,
0,1811,4340.999253,RF,8,0.05,0,0.0,8,3122.529,390.316125,2562.0258450762185,
0,1812,4344.164684,RF,1,0.5,0,0.0,19,3273.228,3273.228,305.50881270721135,8.89
0,1813,4360.75583,LoR,64,0.01,1,0.015625,9,198.454,3.10084375,322492.8698842049,
0,1814,4361.01638,SGD,100,1.0,100,1.0,15,171.955,1.7195500000000001,581547.4978918902,
0,1815,4361.229053,DT,1,0.01,0,0.0,10,89.615,89.615,11158.846175305474,16.0
0,1816,4361.500219,SGD,1,1.0,1,1.0,23,149.856,149.856,6673.072816570575,
0,1817,4361.802994,AB,8,0.0,0,0.0,9,8066.737,1008.342125,991.7268903151299,
0,1818,4369.938055,GB,32,0.05,2,0.0625,19,316.638,9.8949375,101061.78032958774,
0,1819,4370.299701,DT,16,0.01,0,0.0,24,87.989,5.4993125,181840.91193217333,
0,1820,4370.4437,GB,100,0.0,0,0.0,6,273.392,2.73392,365775.1506993621,
0,1821,4370.777626,AB,16,0.1,3,0.1875,23,7953.117,497.0698125,2011.7898429005884,
0,1822,4378.77009,SGD,1,0.0,0,0.0,2,144.79,144.79,6906.554320049728,
0,1823,4379.061055,RF,8,0.0,0,0.0,20,3089.912,386.239,2589.0704978005847,
0,1824,4382.194066,AB,1,0.5,1,1.0,13,7691.42,7691.42,130.0150037314306,2.0
0,1825,4402.739511,LoR,1,0.1,0,0.0,3,158.694,158.694,6301.435466999383,
0,1826,4403.078008,NB,32,0.05,1,0.03125,19,129.677,4.05240625,246766.96715685897,
0,1827,4403.246083,SGD,1,0.05,0,0.0,2,148.594,148.594,6729.746826924372,
0,1828,4403.583172,RF,100,0.1,12,0.12,13,3537.363,35.37363,28269.646061204352,
0,1829,4407.16451,NB,16,0.0,0,0.0,29,124.839,7.8024375,128165.07661868486,
0,1830,4407.366909,LoR,100,0.05,6,0.06,22,177.187,1.77187,564375.4903012072,
0,1831,4407.584183,AB,1,0.1,0,0.0,29,8012.819,8012.819,124.80002356224445,2.0
0,1832,4428.561611,RF,8,1.0,8,1.0,4,3055.65,381.95625,2618.1008950632436,
0,1833,4431.673095,LoR,32,0.01,0,0.0,11,184.334,5.7604375,173597.9255047902,
0,1834,4431.89865,DT,1,0.05,0,0.0,12,88.372,88.372,11315.80138505409,4.0
0,1835,4432.174928,DT,1,0.1,0,0.0,29,86.705,86.705,11533.360244507237,16.0
0,1836,4432.458823,SGD,64,1.0,64,1.0,24,171.201,2.675015625,373829.5921168685,
0,1837,4432.717793,AB,100,0.5,55,0.55,9,9019.361,90.19361,11087.259951120704,
0,1838,4441.799402,DT,1,0.1,0,0.0,2,81.74,81.74,12233.91240518718,16.0
0,1839,4442.167585,SGD,100,0.05,9,0.09,24,192.655,1.92655,519062.5729931743,
0,1840,4442.4221,NB,16,0.05,2,0.125,18,123.386,7.711625,129674.35527531487,
0,1841,4442.584618,GB,8,0.1,0,0.0,22,261.704,32.713,30568.886986824808,
0,1842,4442.891721,SGD,32,1.0,32,1.0,0,164.756,5.148625,194226.6139017699,
0,1843,4443.099738,SGD,16,0.01,0,0.0,10,148.582,9.286375,107684.64551560755,
0,1844,4443.32744,GB,100,0.5,45,0.45,13,312.963,3.12963,319526.58940513735,
0,1845,4443.705013,RF,32,0.5,13,0.40625,3,3288.257,102.75803125,9731.599446150347,
0,1846,4447.0684,SGD,64,0.1,8,0.125,11,177.582,2.77471875,360396.8870718879,
0,1847,4447.29102,MLP,1,1.0,1,1.0,16,179.134,179.134,5582.41316556321,
0,1848,4447.624406,SGD,1,0.1,0,0.0,0,143.448,143.448,6971.167252244715,
0,1849,4447.918714,AB,32,0.0,0,0.0,4,8195.736,256.11675,3904.4693484514382,
0,1850,4456.1977,DT,100,0.01,1,0.01,20,92.826,0.92826,1077284.3815310367,
0,1851,4456.35214,DT,100,0.01,0,0.0,27,90.767,0.90767,1101721.9914726717,
0,1852,4456.478548,RF,1,0.0,0,0.0,8,2995.004,2995.004,333.8893704315587,11.57
0,1853,4472.484727,MLP,1,0.0,0,0.0,20,179.922,179.922,5557.964006625093,
0,1854,4472.817408,SGD,1,0.01,0,0.0,3,144.354,144.354,6927.414550341521,
0,1855,4473.104672,DT,8,1.0,8,1.0,17,87.152,10.894,91793.64787956674,
0,1856,4473.232896,AB,8,0.05,0,0.0,4,7958.047,994.755875,1005.2717708251787,
0,1857,4481.237412,SGD,32,0.0,0,0.0,3,154.835,4.83859375,206671.61817418542,
0,1858,4481.433317,AB,1,0.5,0,0.0,28,7657.621,7657.621,130.58886043067423,2.0
0,1859,4502.015825,AB,100,0.05,3,0.03,3,8791.639,87.91638999999999,11374.443377395273,
0,1860,4510.850821,LoR,16,0.0,0,0.0,28,153.042,9.565125,104546.46436925812,
0,1861,4511.043985,SGD,8,0.0,0,0.0,16,145.292,18.1615,55061.53126118438,
0,1862,4511.266499,AB,100,0.05,3,0.03,0,8609.103,86.09102999999999,11615.61198652171,
0,1863,4519.937455,DT,8,0.1,2,0.25,24,82.499,10.312375,96970.87237421061,
0,1864,4520.095038,SGD,100,0.1,5,0.05,3,170.206,1.70206,587523.3540533236,
0,1865,4520.333045,LoR,64,0.05,2,0.03125,24,157.812,2.4658125,405545.83935315436,
0,1866,4520.552777,SGD,32,0.5,19,0.59375,28,149.921,4.68503125,213445.74809399617,
0,1867,4520.745,RF,1,0.05,0,0.0,17,3008.154,3008.154,332.4297891663791,9.99
0,1868,4536.745919,GB,64,0.0,0,0.0,19,281.092,4.3920625,227683.46306547325,
0,1869,4537.068693,AB,8,1.0,8,1.0,21,7974.788,996.8485,1003.1614633517531,
0,1870,4545.107092,RF,16,0.1,3,0.1875,13,3080.612,192.53825,5193.77318532811,
0,1871,4548.249927,NB,8,0.5,5,0.625,23,126.565,15.820625,63208.62797771896,
0,1872,4548.419629,DT,32,1.0,32,1.0,5,92.88,2.9025,344530.5770887166,
0,1873,4548.551696,DT,1,0.5,0,0.0,3,84.232,84.232,11871.972646975022,17.0
0,1874,4548.842619,SGD,100,0.01,0,0.0,8,178.549,1.78549,560070.3448353113,
0,1875,4549.061291,LoR,1,0.05,0,0.0,26,144.582,144.582,6916.490296164115,
0,1876,4549.363502,SGD,32,0.0,0,0.0,21,150.671,4.70846875,212383.27216252632,
0,1877,4549.552074,SGD,1,1.0,1,1.0,8,140.366,140.366,7124.232363962782,
0,1878,4549.879021,RF,100,0.01,1,0.01,15,3414.903,34.149029999999996,29283.40863561864,
0,1879,4553.34034,LoR,16,0.01,0,0.0,8,165.868,10.36675,96462.24708804592,
0,1880,4553.576769,GB,64,0.1,8,0.125,26,285.338,4.45840625,224295.3970378989,
0,1881,4553.932954,GB,64,0.05,2,0.03125,2,263.13,4.11140625,243225.7819328849,
0,1882,4554.25959,NB,32,0.1,3,0.09375,25,127.699,3.99059375,250589.2763451554,
0,1883,4554.431653,NB,32,0.05,0,0.0,28,118.218,3.6943125,270686.35909929115,
0,1884,4554.615739,SGD,64,0.5,26,0.40625,1,166.571,2.602671875,384220.5425914475,
0,1885,4554.820457,GB,8,1.0,8,1.0,27,214.657,26.832125,37268.75899691135,
0,1886,4555.104739,MLP,64,0.05,4,0.0625,25,229.708,3.5891875,278614.58895641426,
0,1887,4555.379088,LoR,16,1.0,16,1.0,18,151.112,9.4445,105881.73010746996,
0,1888,4555.57372,GB,16,1.0,16,1.0,10,219.723,13.7326875,72818.95841582355,
0,1889,4555.864629,GB,64,0.5,31,0.484375,19,264.64,4.135,241837.9685610641,
0,1890,4556.171597,MLP,8,0.01,0,0.0,25,186.337,23.292125,42932.96554092853,
0,1891,4556.409302,DT,64,1.0,64,1.0,20,93.971,1.468296875,681061.1784486703,
0,1892,4556.542985,RF,16,1.0,16,1.0,12,3038.748,189.92175,5265.326377837188,
0,1893,4559.625105,MLP,1,0.05,0,0.0,14,178.923,178.923,5588.99638391934,
0,1894,4559.985053,AB,64,0.1,6,0.09375,27,8339.21,130.30015625,7674.587880626583,
0,1895,4568.369772,LoR,16,0.05,0,0.0,7,151.591,9.4744375,105547.16309015706,
0,1896,4568.565716,MLP,32,0.0,0,0.0,24,187.336,5.85425,170816.07379254387,
0,1897,4568.83122,LoR,100,0.05,9,0.09,24,166.275,1.66275,601413.3213050669,
0,1898,4569.074533,GB,100,0.01,3,0.03,28,275.287,2.7528699999999997,363257.2551555286,
0,1899,4569.391774,RF,1,0.5,1,1.0,1,2949.808,2949.808,339.00511490917376,7.88
0,1900,4585.380901,RF,100,0.01,0,0.0,5,3371.444,33.714439999999996,29660.881212916483,
0,1901,4588.794624,AB,8,1.0,8,1.0,23,7918.597,989.824625,1010.2799776273499,
0,1902,4596.7761,MLP,16,0.5,5,0.3125,25,183.262,11.453875,87306.69751503313,
0,1903,4597.01863,LoR,16,0.5,7,0.4375,16,147.594,9.224625,108405.49073810589,
0,1904,4597.221874,SGD,100,0.0,0,0.0,11,160.797,1.60797,621902.1499157323,
0,1905,4597.421509,DT,1,0.01,0,0.0,14,82.482,82.482,12123.857326446983,16.0
0,1906,4597.689371,AB,32,0.0,0,0.0,13,8160.665,255.02078125,3921.249064874002,
0,1907,4605.895345,AB,32,1.0,32,1.0,21,8011.489,250.35903125,3994.2637379892803,
0,1908,4613.960463,NB,64,0.05,0,0.0,15,137.188,2.1435625,466513.1061025746,
0,1909,4614.134404,GB,1,0.0,0,0.0,8,211.011,211.011,4739.08943135666,4.0
0,1910,4626.865983,MLP,32,0.5,20,0.625,21,201.269,6.28965625,158991.200830729,
0,1911,4627.144563,RF,100,0.05,3,0.03,26,3406.847,34.068470000000005,29352.65364132877,
0,1912,4630.614248,MLP,8,0.1,1,0.125,7,188.004,23.5005,42552.28612157188,
0,1913,4630.842405,LoR,8,1.0,8,1.0,28,149.918,18.73975,53362.504835977,
0,1914,4631.051137,NB,16,0.05,2,0.125,11,113.848,7.1155,140538.26154170473,
0,1915,4631.219016,RF,8,0.1,1,0.125,19,2996.361,374.545125,2669.9052617491684,
0,1916,4634.277542,LoR,8,0.05,1,0.125,29,161.394,20.17425,49568.13760114998,
0,1917,4634.481944,DT,8,0.0,0,0.0,10,87.512,10.939,91416.03437242893,
0,1918,4634.629712,NB,32,0.1,4,0.125,27,120.316,3.759875,265966.288772898,
0,1919,4634.798825,MLP,64,0.01,0,0.0,4,212.327,3.317609375,301421.8634464764,
0,1920,4635.068309,AB,8,0.5,5,0.625,13,7767.96,970.995,1029.871420553144,
0,1921,4642.881687,GB,32,0.0,0,0.0,13,227.293,7.10290625,140787.44176019498,
0,1922,4643.178735,MLP,64,0.05,4,0.0625,29,215.496,3.367125,296989.27126257564,
0,1923,4643.437276,SGD,32,0.0,0,0.0,5,153.832,4.80725,208019.137760674,
0,1924,4643.631612,NB,8,0.01,0,0.0,21,105.978,13.24725,75487.36530223255,
0,1925,4643.774846,GB,1,0.5,0,0.0,0,205.473,205.473,4866.819484798489,4.0
0,1926,4656.453784,AB,16,0.0,0,0.0,25,7819.437,488.7148125,2046.1831203448535,
0,1927,4664.312254,LoR,1,0.0,0,0.0,20,144.104,144.104,6939.432631988008,
0,1928,4664.606586,LoR,1,0.5,1,1.0,21,135.898,135.898,7358.460021486703,
0,1929,4664.902191,SGD,16,0.05,1,0.0625,21,143.712,8.982,111333.77866844801,
0,1930,4665.087438,LoR,16,0.05,0,0.0,27,139.83,8.739375,114424.65851390974,
0,1931,4665.283622,NB,100,1.0,100,1.0,12,143.323,1.43323,697724.7196890939,
0,1932,4665.468456,RF,32,0.0,0,0.0,17,3105.07,97.0334375,10305.725796841938,
0,1933,4668.637122,RF,16,0.5,5,0.3125,11,3070.808,191.9255,5210.35505964554,
0,1934,4671.787717,LoR,100,0.1,6,0.06,23,178.062,1.78062,561602.1385809437,
0,1935,4672.00593,DT,16,0.0,0,0.0,12,88.087,5.5054375,181638.60728597862,
0,1936,4672.149572,NB,8,0.5,2,0.25,1,110.377,13.797125,72478.86788008372,
0,1937,4672.308572,RF,64,0.01,0,0.0,22,3157.258,49.33215625,20270.75392635002,
0,1938,4675.545745,RF,100,0.05,4,0.04,27,3275.674,32.75674,30528.068421949192,
0,1939,4678.881847,MLP,8,0.5,3,0.375,3,192.099,24.012375,41645.193363838436,
0,1940,4679.142797,DT,64,0.05,5,0.078125,18,93.799,1.465609375,682310.0459493172,
0,1941,4679.292177,SGD,16,0.5,4,0.25,25,152.783,9.5489375,104723.69308103652,
0,1942,4679.502647,NB,100,0.01,0,0.0,7,146.604,1.4660400000000002,682109.6286595181,
0,1943,4679.721292,MLP,100,0.1,11,0.11,22,232.982,2.32982,429217.7078057532,
0,1944,4679.99931,MLP,32,0.01,0,0.0,2,183.022,5.7194375,174842.36867698966,
0,1945,4680.24332,GB,32,0.1,3,0.09375,13,254.883,7.96509375,125547.80036330395,
0,1946,4680.579105,MLP,64,0.1,7,0.109375,12,208.887,3.263859375,306385.7492328388,
0,1947,4680.85381,AB,32,0.1,2,0.0625,21,8054.41,251.7003125,3972.978778085546,
0,1948,4688.987709,RF,100,0.1,7,0.07,21,3396.284,33.96284,29443.94520599573,
0,1949,4692.430015,MLP,32,0.0,0,0.0,19,202.417,6.32553125,158089.48853110164,
0,1950,4692.674244,AB,1,0.1,0,0.0,25,7554.46,7554.46,132.3721351360653,2.0
0,1951,4713.067405,SGD,100,0.5,57,0.57,4,174.389,1.7438900000000002,573430.663631307,
0,1952,4713.281355,GB,1,0.05,0,0.0,9,216.056,216.056,4628.429666382789,4.0
0,1953,4725.947317,LoR,8,0.0,0,0.0,23,194.837,24.354625,41059.96294338345,
0,1954,4726.183061,NB,16,1.0,16,1.0,29,112.319,7.0199375,142451.41071412672,
0,1955,4726.369337,DT,100,0.5,38,0.38,27,96.175,0.96175,1039771.2503249286,
0,1956,4726.500277,NB,1,1.0,1,1.0,10,98.803,98.803,10121.150167505035,
0,1957,4726.665482,MLP,8,0.5,4,0.5,18,177.27,22.15875,45128.89941896542,
0,1958,4726.900822,GB,16,0.5,10,0.625,13,224.603,14.0376875,71236.80449504236,
0,1959,4727.163278,GB,1,1.0,1,1.0,8,202.232,202.232,4944.815855057558,4.0
0,1960,4740.500533,SGD,32,0.01,0,0.0,13,207.465,6.48328125,154242.8843419372,
0,1961,4740.788692,LoR,100,0.01,0,0.0,13,182.742,1.8274199999999998,547219.5773275985,
0,1962,4741.057289,DT,100,0.05,3,0.03,28,112.403,1.12403,889655.9700363869,
0,1963,4741.233665,NB,32,0.5,18,0.5625,25,133.799,4.18121875,239164.71722509136,
0,1964,4741.40537,MLP,8,1.0,8,1.0,27,209.739,26.217375,38142.643952722196,
0,1965,4741.655316,NB,8,0.0,0,0.0,24,112.601,14.075125,71047.32640029839,
0,1966,4741.810777,AB,32,0.0,0,0.0,21,8531.594,266.6123125,3750.7645112976547,
0,1967,4750.450106,GB,64,0.05,5,0.078125,16,309.461,4.835328125,206811.19753377646,
0,1968,4750.831166,AB,32,0.01,2,0.0625,21,8151.581,254.73690625,3925.6188462090972,
0,1969,4759.044514,SGD,8,0.5,3,0.375,5,173.686,21.71075,46060.13150167544,
0,1970,4759.325771,NB,100,0.1,15,0.15,3,155.772,1.55772,641963.8959504918,
0,1971,4759.529575,AB,64,1.0,64,1.0,12,8496.285,132.754453125,7532.703999453879,
0,1972,4768.109789,MLP,64,0.05,5,0.078125,5,260.28,4.066875,245889.04256954053,
0,1973,4768.445571,NB,16,0.05,2,0.125,13,117.439,7.3399375,136240.94210611467,
0,1974,4768.598478,LoR,1,1.0,1,1.0,23,153.107,153.107,6531.380015283429,
0,1975,4768.929366,NB,8,0.1,1,0.125,13,110.495,13.811875,72401.46612968913,
0,1976,4769.107716,SGD,64,0.01,1,0.015625,12,162.741,2.542828125,393262.91469267115,
0,1977,4769.313563,GB,32,1.0,32,1.0,2,273.874,8.5585625,116842.0514543184,
0,1978,4769.657051,MLP,64,0.01,0,0.0,0,230.057,3.594640625,278191.9263486875,
0,1979,4769.946749,SGD,8,0.5,1,0.125,18,185.642,23.20525,43093.696469548915,
0,1980,4770.171623,RF,1,0.01,0,0.0,1,3050.739,3050.739,327.7894306920389,9.99
0,1981,4786.223572,LoR,64,0.0,0,0.0,2,172.195,2.690546875,371671.6513255321,
0,1982,4786.466759,RF,64,0.5,36,0.5625,22,3252.042,50.81315625,19679.942632967224,
0,1983,4789.768694,LoR,32,0.01,0,0.0,4,168.342,5.2606875,190089.22312910622,
0,1984,4790.031602,SGD,100,1.0,100,1.0,25,171.124,1.7112399999999999,584371.566817045,
0,1985,4790.242355,LoR,8,0.0,0,0.0,28,146.511,18.313875,54603.40861778297,
0,1986,4790.44631,NB,8,0.1,2,0.25,8,112.213,14.026625,71292.9874435226,
0,1987,4790.618718,DT,16,0.1,3,0.1875,8,91.475,5.7171875,174911.1779174638,
0,1988,4790.757203,DT,64,0.0,0,0.0,14,89.5,1.3984375,715083.7988826815,
0,1989,4790.918516,NB,100,0.5,50,0.5,21,149.346,1.49346,669586.0618965356,
0,1990,4791.125832,MLP,32,0.05,4,0.125,5,199.672,6.23975,160262.83104291037,
0,1991,4791.364841,MLP,1,0.01,0,0.0,5,160.978,160.978,6212.028972903129,
0,1992,4791.676666,AB,1,0.1,0,0.0,13,7779.52,7779.52,128.54263502118383,2.0
0,1993,4812.444237,SGD,64,0.05,3,0.046875,26,170.386,2.66228125,375617.715070487,
0,1994,4812.661597,AB,32,0.01,0,0.0,10,8103.641,253.23878125,3948.842254981434,
0,1995,4820.818025,AB,64,1.0,64,1.0,24,8324.131,130.064546875,7688.490246008863,
0,1996,4829.183618,SGD,8,0.0,0,0.0,8,149.557,18.694625,53491.3110051686,
0,1997,4829.38101,NB,1,1.0,1,1.0,11,100.558,100.558,9944.509636229837,
0,1998,4829.533124,RF,16,0.05,0,0.0,27,3133.962,195.872625,5105.3586482541905,
0,1999,4832.716674,MLP,32,0.05,0,0.0,28,209.583,6.54946875,152684.1394578759,
0,2000,4832.990635,MLP,32,0.05,3,0.09375,11,192.641,6.02003125,166112.09451778178,
0,2001,4833.222122,RF,8,0.0,0,0.0,21,3068.73,383.59125,2606.9416338354954,
0,2002,4836.334296,AB,1,0.1,1,1.0,8,7824.792,7824.792,127.79892423977532,2.0
0,2003,4857.362792,GB,1,0.1,1,1.0,8,268.076,268.076,3730.285441441979,4.0
0,2004,4870.434984,GB,1,0.01,0,0.0,13,220.492,220.492,4535.311938755148,4.0
0,2005,4883.429656,MLP,100,0.05,1,0.01,16,279.002,2.79002,358420.3697464534,
0,2006,4883.771211,GB,100,0.0,0,0.0,17,283.956,2.83956,352167.2371775909,
0,2007,4884.100198,AB,8,0.05,0,0.0,10,8013.574,1001.69675,998.3061240839606,
0,2008,4892.177147,LoR,16,0.1,3,0.1875,16,159.553,9.9720625,100280.15769054797,
0,2009,4892.379524,SGD,16,0.1,0,0.0,6,147.506,9.219125,108470.16392553523,
0,2010,4892.605224,LoR,100,0.5,53,0.53,26,161.062,1.6106200000000002,620878.9161937638,
0,2011,4892.823081,GB,8,0.5,4,0.5,0,216.559,27.069875,36941.43397411329,
0,2012,4893.079734,MLP,1,0.1,0,0.0,14,169.7,169.7,5892.751915144373,
0,2013,4893.423486,MLP,100,1.0,100,1.0,3,229.428,2.29428,435866.5899541468,
0,2014,4893.712535,AB,8,0.5,5,0.625,8,7965.787,995.723375,1004.2949930747583,
0,2015,4901.751588,GB,64,0.05,2,0.03125,6,287.913,4.498640625,222289.37213672185,
0,2016,4902.118228,RF,100,0.1,13,0.13,17,3601.69,36.0169,27764.74377306209,
0,2017,4905.765709,NB,1,0.01,0,0.0,2,119.075,119.075,8398.06844425782,
0,2018,4905.976365,DT,100,0.1,9,0.09,17,134.877,1.34877,741416.2533271054,
0,2019,4906.167521,SGD,100,1.0,100,1.0,1,177.453,1.77453,563529.4979515703,
0,2020,4906.408504,SGD,32,0.1,6,0.1875,13,155.883,4.87134375,205282.16675327008,
0,2021,4906.609904,GB,32,0.01,0,0.0,22,232.32,7.26,137741.04683195593,
0,2022,4906.911893,SGD,64,0.5,33,0.515625,13,167.292,2.6139375,382564.6175549339,
0,2023,4907.136082,AB,8,0.5,3,0.375,19,7976.901,997.112625,1002.8957360759523,
0,2024,4915.158246,AB,16,0.01,0,0.0,13,7987.094,499.193375,2003.2317135619037,
0,2025,4923.21894,NB,64,0.1,7,0.109375,8,135.949,2.124203125,470764.77208364895,
0,2026,4923.397332,AB,32,1.0,32,1.0,19,8149.003,254.65634375,3926.8607460323674,
0,2027,4931.617297,MLP,32,0.5,13,0.40625,5,197.55,6.1734375,161984.30777018477,
0,2028,4931.874896,DT,8,0.5,6,0.75,14,87.859,10.982375,91054.98582956784,
0,2029,4932.036835,GB,100,0.5,55,0.55,8,304.447,3.04447,328464.39610178454,
0,2030,4932.383887,NB,16,0.0,0,0.0,4,121.99,7.624375,131158.2916632511,
0,2031,4932.550968,MLP,32,0.01,0,0.0,13,198.935,6.21671875,160856.56118832785,
0,2032,4932.800918,DT,64,0.0,0,0.0,24,95.03,1.48484375,673471.5353046407,
0,2033,4932.934057,NB,8,1.0,8,1.0,9,109.683,13.710375,72937.46524073921,
0,2034,4933.117873,SGD,100,0.1,10,0.1,21,173.072,1.73072,577794.2128131645,
0,2035,4933.330219,GB,1,0.5,0,0.0,21,204.997,204.997,4878.120167612208,4.0
0,2036,4946.360312,NB,8,1.0,8,1.0,17,114.637,14.329625,69785.49682912149,
0,2037,4946.517852,RF,1,0.01,0,0.0,20,2999.214,2999.214,333.4206895539965,11.29
0,2038,4962.590877,LoR,100,0.1,9,0.09,13,179.415,1.79415,557366.9983000307,
0,2039,4962.81249,GB,16,1.0,16,1.0,18,221.306,13.831625,72298.08500447344,
0,2040,4963.076266,MLP,8,0.05,0,0.0,29,181.946,22.74325,43969.08972991987,
0,2041,4963.319452,DT,16,0.05,1,0.0625,17,89.688,5.6055,178396.2180001784,
0,2042,4963.466284,NB,16,0.5,10,0.625,29,116.206,7.262875,137686.5222105571,
0,2043,4963.637466,AB,100,0.0,0,0.0,0,8587.123,85.87123,11645.34384799193,
0,2044,4972.270437,LoR,32,1.0,32,1.0,13,153.546,4.7983125,208406.6012790955,
0,2045,4972.471616,LoR,32,0.01,0,0.0,16,149.254,4.6641875,214399.61408069468,
0,2046,4972.677066,SGD,100,0.0,0,0.0,2,160.078,1.60078,624695.4609627806,
0,2047,4972.886224,GB,32,0.1,0,0.0,6,226.513,7.07853125,141272.2448601184,
0,2048,4973.155218,SGD,8,0.05,0,0.0,6,154.925,19.365625,51637.88930127481,
0,2049,4973.347361,MLP,1,1.0,1,1.0,20,178.291,178.291,5608.808072196578,
0,2050,4973.724083,RF,8,0.01,0,0.0,20,3355.52,419.44,2384.131222582491,
0,2051,4977.155883,SGD,8,0.0,0,0.0,0,220.281,27.535125,36317.249331535626,
0,2052,4977.437647,GB,64,0.0,0,0.0,10,312.341,4.880328125,204904.25528508905,
0,2053,4977.798942,SGD,16,0.05,0,0.0,8,165.666,10.354125,96579.86551253728,
0,2054,4978.067499,DT,32,0.1,6,0.1875,4,96.655,3.02046875,331074.44001862296,
0,2055,4978.206156,LoR,32,0.0,0,0.0,9,159.173,4.97415625,201039.12095644363,
0,2056,4978.425789,RF,100,0.0,0,0.0,3,3702.81,37.0281,27006.51667247307,
0,2057,4982.217028,GB,16,0.5,10,0.625,24,309.703,19.3564375,51662.39913723794,
0,2058,4982.594708,SGD,32,0.1,4,0.125,27,197.077,6.15865625,162373.08260223162,
0,2059,4982.863275,DT,64,0.1,7,0.109375,28,96.2,1.503125,665280.6652806653,
0,2060,4982.995838,RF,8,0.0,0,0.0,10,3153.059,394.132375,2537.218618490805,
0,2061,4986.230142,AB,100,0.1,12,0.12,8,8773.881,87.73881,11397.464816311049,
0,2062,4995.04647,RF,16,1.0,16,1.0,24,2974.961,185.9350625,5378.221764923977,
0,2063,4998.113785,AB,32,0.5,9,0.28125,3,8144.417,254.51303125,3929.071902875307,
0,2064,5006.319254,AB,8,0.05,1,0.125,1,7791.895,973.986875,1026.707880432167,
0,2065,5014.190643,SGD,100,0.5,53,0.53,24,177.773,1.77773,562515.1175937854,
0,2066,5014.447105,GB,100,0.01,1,0.01,14,301.371,3.0137099999999997,331816.9299634006,
0,2067,5014.808484,SGD,100,1.0,100,1.0,13,176.694,1.76694,565950.1737467034,
0,2068,5015.025736,RF,16,1.0,16,1.0,18,2924.137,182.7585625,5471.699855376133,
0,2069,5018.072414,GB,100,0.01,0,0.0,18,462.811,4.6281099999999995,216070.92311980485,
0,2070,5018.643619,SGD,32,0.05,2,0.0625,24,230.181,7.19315625,139021.03127538762,
0,2071,5019.008824,RF,100,0.5,46,0.46,0,3718.03,37.1803,26895.96372272413,
0,2072,5022.835181,RF,32,0.01,1,0.03125,23,3347.556,104.611125,9559.212751033889,
0,2073,5026.262178,GB,64,0.01,1,0.015625,12,314.742,4.91784375,203341.14925875794,
0,2074,5026.647491,LoR,64,0.5,32,0.5,9,190.304,2.9735,336304.01883302507,
0,2075,5026.875111,SGD,1,1.0,1,1.0,7,147.628,147.628,6773.7827512396025,
0,2076,5027.205199,MLP,32,0.5,22,0.6875,8,203.166,6.3489375,157506.6694230334,
0,2077,5027.448837,RF,1,0.5,1,1.0,2,2921.932,2921.932,342.23931289297633,7.84
0,2078,5043.182877,AB,64,0.01,0,0.0,22,8277.356,129.3336875,7731.93758973276,
0,2079,5051.512559,DT,64,1.0,64,1.0,9,85.649,1.338265625,747235.8112762554,
0,2080,5051.64051,RF,32,1.0,32,1.0,17,3078.571,96.20534375,10394.433001545198,
0,2081,5054.763047,AB,16,1.0,16,1.0,18,8577.335,536.0834375,1865.3812635276577,
0,2082,5063.407899,MLP,64,1.0,64,1.0,21,256.098,4.00153125,249904.33349733305,
0,2083,5063.708012,RF,1,0.1,0,0.0,29,3022.939,3022.939,330.8038964729358,10.91
0,2084,5079.648845,SGD,100,0.05,6,0.06,19,187.367,1.87367,533711.9129836097,
0,2085,5079.913133,SGD,100,0.5,53,0.53,28,167.61,1.6761000000000001,596623.1131794045,
0,2086,5080.136453,MLP,100,0.0,0,0.0,28,231.112,2.31112,432690.643497525,
0,2087,5080.457916,MLP,8,0.5,5,0.625,13,196.666,24.58325,40678.10399357286,
0,2088,5080.714777,SGD,32,0.5,16,0.5,1,148.582,4.6431875,215369.2910312151,
0,2089,5080.919239,SGD,8,0.5,5,0.625,1,142.527,17.815875,56129.71577315176,
0,2090,5081.104788,NB,32,0.05,0,0.0,13,121.299,3.79059375,263810.913527729,
0,2091,5081.261865,MLP,8,0.0,0,0.0,8,167.591,20.948875,47735.260246671955,
0,2092,5081.46928,LoR,16,1.0,16,1.0,10,144.686,9.042875,110584.29979403673,
0,2093,5081.655507,RF,32,0.0,0,0.0,26,3162.774,98.8366875,10117.700474330446,
0,2094,5084.865974,GB,32,1.0,32,1.0,27,283.771,8.86784375,112766.98464607024,
0,2095,5085.191926,DT,1,0.05,0,0.0,5,90.082,90.082,11100.996869518884,16.0
0,2096,5085.494859,DT,32,0.1,3,0.09375,7,93.415,2.91921875,342557.4051276561,
0,2097,5085.648025,GB,32,0.5,14,0.4375,14,247.266,7.7270625,129415.28556291605,
0,2098,5085.935076,LoR,1,0.5,1,1.0,9,196.239,196.239,5095.827027247387,
0,2099,5086.31364,SGD,32,0.1,9,0.28125,1,153.763,4.80509375,208112.48479803334,
0,2100,5086.525965,GB,16,0.1,4,0.25,4,219.822,13.738875,72786.1633503471,
0,2101,5086.790449,DT,32,1.0,32,1.0,4,90.093,2.81540625,355188.52741056465,
0,2102,5086.919707,AB,1,0.1,0,0.0,4,7740.051,7740.051,129.19811510285913,2.0
0,2103,5107.703476,LoR,1,0.0,0,0.0,0,153.036,153.036,6534.410204134974,
0,2104,5108.002687,SGD,1,0.0,0,0.0,17,143.515,143.515,6967.912761732224,
0,2105,5108.314701,DT,16,0.1,1,0.0625,13,87.828,5.48925,182174.24966980916,
0,2106,5108.446052,DT,32,0.0,0,0.0,23,85.524,2.672625,374163.9773630794,
0,2107,5108.588937,GB,16,0.05,1,0.0625,20,222.648,13.9155,71862.31181057094,
0,2108,5108.851471,LoR,8,1.0,8,1.0,10,152.743,19.092875,52375.558945418124,
0,2109,5109.06208,AB,8,0.5,3,0.375,12,7948.331,993.541375,1006.500610002276,
0,2110,5117.076711,RF,32,0.01,2,0.0625,5,3170.421,99.07565625,10093.296757749207,
0,2111,5120.315272,GB,32,0.5,20,0.625,19,254.915,7.96609375,125532.04009179531,
0,2112,5120.650769,GB,100,0.05,4,0.04,21,286.093,2.86093,349536.6891185733,
0,2113,5121.00159,GB,32,0.01,2,0.0625,24,236.678,7.3961875,135204.79300991222,
0,2114,5121.280107,MLP,16,0.0,0,0.0,28,194.333,12.1458125,82332.90280086244,
0,2115,5121.51319,DT,1,0.0,0,0.0,19,87.266,87.266,11459.216647949945,16.0
0,2116,5121.819117,AB,64,0.05,3,0.046875,16,8411.791,131.434234375,7608.367825591483,
0,2117,5130.311965,MLP,100,0.5,49,0.49,13,237.039,2.37039,421871.50637658784,
0,2118,5130.614191,DT,32,0.1,5,0.15625,10,89.388,2.793375,357989.8867856983,
0,2119,5130.760294,RF,100,0.01,0,0.0,8,3467.869,34.67869,28836.152692042288,
0,2120,5134.29322,MLP,16,0.5,10,0.625,6,197.014,12.313375,81212.50266478524,
0,2121,5134.552616,AB,16,0.05,2,0.125,0,8141.451,508.8406875,1965.2516486311838,
0,2122,5142.74562,SGD,32,0.05,0,0.0,23,168.579,5.26809375,189821.98257196922,
0,2123,5142.960951,SGD,32,0.0,0,0.0,7,161.061,5.03315625,198682.4867596749,
0,2124,5143.161799,NB,1,1.0,1,1.0,23,116.193,116.193,8606.37043539628,
0,2125,5143.339157,LoR,64,0.0,0,0.0,12,167.858,2.62278125,381274.64881030394,
0,2126,5143.552685,RF,1,0.05,0,0.0,10,3035.029,3035.029,329.48614329550065,6.75
0,2127,5160.171317,DT,100,0.5,60,0.6,4,112.595,1.12595,888138.9049247302,
0,2128,5160.344496,DT,16,0.05,1,0.0625,8,90.03,5.626875,177718.53826502277,
0,2129,5160.482171,GB,64,0.0,0,0.0,1,302.105,4.720390625,211846.87443107527,
0,2130,5160.824459,LoR,8,1.0,8,1.0,22,182.694,22.83675,43789.068059159035,
0,2131,5161.070646,SGD,32,0.5,15,0.46875,20,158.464,4.952,201938.61066235864,
0,2132,5161.268651,RF,16,0.0,0,0.0,23,3151.259,196.9536875,5077.335756914935,
0,2133,5164.473167,LoR,64,0.0,0,0.0,14,175.153,2.736765625,365394.82623763225,
0,2134,5164.695962,LoR,32,0.01,0,0.0,0,155.097,4.84678125,206322.49495477023,
0,2135,5164.890658,LoR,1,0.1,0,0.0,1,142.072,142.072,7038.684610619967,
0,2136,5165.193179,AB,8,0.01,0,0.0,22,8032.054,1004.00675,996.0092399777193,
0,2137,5173.268797,DT,8,0.05,0,0.0,3,79.836,9.9795,100205.42111328222,
0,2138,5173.412106,GB,32,0.1,1,0.03125,20,254.877,7.96490625,125550.75585478485,
0,2139,5173.70725,MLP,8,0.0,0,0.0,14,194.72,24.34,41084.63434675431,
0,2140,5173.976747,MLP,64,0.1,6,0.09375,29,243.228,3.8004375,263127.6004407387,
0,2141,5174.282767,NB,32,0.05,1,0.03125,9,127.175,3.97421875,251621.78101041872,
0,2142,5174.446474,RF,8,0.0,0,0.0,1,3042.697,380.337125,2629.246356111042,
0,2143,5177.529555,RF,1,0.0,0,0.0,26,2990.492,2990.492,334.3931366477489,9.99
0,2144,5193.50733,DT,16,0.01,0,0.0,29,90.257,5.6410625,177271.56896418004,
0,2145,5193.646672,NB,64,0.0,0,0.0,17,139.035,2.172421875,460315.7478332794,
0,2146,5193.822046,GB,1,0.0,0,0.0,2,258.232,258.232,3872.486756095294,4.0
0,2147,5206.927268,SGD,8,0.01,0,0.0,20,164.836,20.6045,48533.087432357,
0,2148,5207.134366,NB,16,0.0,0,0.0,23,113.406,7.087875,141086.00955857715,
0,2149,5207.287498,SGD,16,1.0,16,1.0,1,152.901,9.5563125,104642.87349330612,
0,2150,5207.481723,RF,8,0.1,0,0.0,29,3057.099,382.137375,2616.8599708416377,
0,2151,5210.604108,SGD,16,0.1,2,0.125,16,166.329,10.3955625,96194.89084885978,
0,2152,5210.815961,AB,32,1.0,32,1.0,5,8123.614,253.8629375,3939.133494033567,
0,2153,5219.001904,NB,100,0.0,0,0.0,18,149.694,1.49694,668029.4467380123,
0,2154,5219.192023,RF,16,0.0,0,0.0,17,3073.559,192.0974375,5205.691512673093,
0,2155,5222.306528,AB,1,0.0,0,0.0,2,7775.792,7775.792,128.6042630769959,2.0
0,2156,5242.851766,NB,64,0.0,0,0.0,16,137.501,2.148453125,465451.1603551974,
0,2157,5243.031689,SGD,8,1.0,8,1.0,12,157.335,19.666875,50846.91899450217,
0,2158,5243.250623,NB,16,0.05,1,0.0625,24,110.789,6.9243125,144418.6697235285,
0,2159,5243.41819,AB,100,0.01,0,0.0,13,8605.99,86.0599,11619.813641428818,
0,2160,5252.076138,GB,64,1.0,64,1.0,18,263.117,4.111203125,243237.7991539885,
0,2161,5252.41795,SGD,100,0.05,10,0.1,3,176.947,1.76947,565140.974416068,
0,2162,5252.663807,NB,64,0.1,6,0.09375,4,132.415,2.068984375,483328.9279915418,
0,2163,5252.837561,DT,32,1.0,32,1.0,27,89.76,2.805,356506.23885918,
0,2164,5252.981621,RF,100,1.0,100,1.0,22,3273.284,32.73284,30550.358600109248,
0,2165,5256.300091,MLP,8,0.01,0,0.0,11,198.445,24.805625,40313.436972460884,
0,2166,5256.560814,MLP,16,0.05,2,0.125,6,180.402,11.275125,88690.81274043526,
0,2167,5256.785029,MLP,1,0.01,0,0.0,4,160.282,160.282,6239.0037558802605,
0,2168,5257.137836,MLP,100,0.01,2,0.02,17,229.773,2.29773,435212.1441596706,
0,2169,5257.408043,SGD,1,0.1,0,0.0,24,145.722,145.722,6862.381795473572,
0,2170,5257.704167,DT,32,0.0,0,0.0,25,89.605,2.80015625,357122.92840801296,
0,2171,5257.845511,SGD,64,0.01,0,0.0,10,164.083,2.563796875,390046.500856274,
0,2172,5258.049546,LoR,1,0.5,0,0.0,15,140.968,140.968,7093.808523920323,
0,2173,5258.371818,RF,100,0.01,1,0.01,26,3369.032,33.69032,29682.116406136836,
0,2174,5261.783881,GB,1,0.05,0,0.0,15,265.318,265.318,3769.0620312229103,4.0
0,2175,5274.821245,AB,32,0.05,2,0.0625,11,8083.987,252.62459375,3958.4427832454458,
0,2176,5282.98448,NB,100,0.5,50,0.5,27,150.776,1.5077600000000002,663235.5282007746,
0,2177,5283.173931,AB,16,1.0,16,1.0,26,8297.616,518.601,1928.2646967514524,
0,2178,5291.521232,NB,32,0.0,0,0.0,0,125.151,3.91096875,255691.125120854,
0,2179,5291.6914,SGD,32,1.0,32,1.0,22,173.775,5.43046875,184146.1660192778,
0,2180,5291.91141,DT,32,0.0,0,0.0,1,91.47,2.8584375,349841.4780802449,
0,2181,5292.046841,RF,16,0.01,0,0.0,21,3283.407,205.2129375,4872.987113690139,
0,2182,5295.394366,NB,100,1.0,100,1.0,1,164.129,1.64129,609276.8493075569,
0,2183,5295.635159,DT,100,0.05,8,0.08,26,102.416,1.02416,976409.9359475082,
0,2184,5295.797014,MLP,32,0.5,17,0.53125,19,223.839,6.99496875,142959.8952818767,
0,2185,5296.072393,RF,64,0.01,0,0.0,7,3227.063,50.422859375,19832.274734022856,
0,2186,5299.352547,DT,64,0.0,0,0.0,9,102.018,1.59403125,627340.2732851065,
0,2187,5299.494346,NB,16,1.0,16,1.0,23,117.473,7.3420625,136201.5101342436,
0,2188,5299.686595,NB,100,0.05,4,0.04,13,144.028,1.44028,694309.439831144,
0,2189,5299.871908,GB,32,1.0,32,1.0,29,311.79,9.7434375,102633.1825908464,
0,2190,5300.242727,AB,8,0.1,1,0.125,23,8050.135,1006.266875,993.7721541315766,
0,2191,5308.336136,GB,8,0.01,0,0.0,19,227.6,28.45,35149.3848857645,
0,2192,5308.604324,GB,1,0.05,0,0.0,12,196.134,196.134,5098.555069493306,4.0
0,2193,5321.328958,LoR,1,1.0,1,1.0,27,160.238,160.238,6240.716933561327,
0,2194,5321.671848,RF,64,0.1,7,0.109375,26,3269.978,51.09340625,19571.997120469925,
0,2195,5325.003729,MLP,100,1.0,100,1.0,9,253.964,2.53964,393756.59542297333,
0,2196,5325.33736,DT,100,0.1,8,0.08,18,104.043,1.04043,961141.0666743558,
0,2197,5325.502295,LoR,32,0.1,6,0.1875,4,157.566,4.9239375,203089.49900359215,
0,2198,5325.717237,DT,16,0.5,4,0.25,23,86.544,5.409,184877.05675725642,
0,2199,5325.858695,AB,16,0.5,13,0.8125,7,7844.894,490.305875,2039.5431729224129,
0,2200,5333.748923,DT,32,0.0,0,0.0,21,80.742,2.5231875,396324.0940278913,
0,2201,5333.891587,DT,32,0.1,3,0.09375,9,117.097,3.65928125,273277.7099327908,
0,2202,5334.04773,SGD,1,0.01,0,0.0,16,164.09,164.09,6094.216588457553,
0,2203,5334.387035,LoR,64,0.0,0,0.0,9,159.577,2.493390625,401060.30317652295,
0,2204,5334.588341,GB,1,0.5,0,0.0,5,292.194,292.194,3422.3837587356343,4.0
0,2205,5348.042274,SGD,100,0.5,40,0.4,11,307.446,3.07446,325260.37092692696,
0,2206,5348.421458,MLP,32,0.05,1,0.03125,25,251.464,7.85825,127254.79591512105,
0,2207,5348.723761,GB,1,0.05,0,0.0,23,251.732,251.732,3972.478667789554,4.0
0,2208,5362.132212,RF,1,0.01,0,0.0,16,2981.471,2981.471,335.4049058333957,10.06
0,2209,5378.254571,AB,32,0.05,3,0.09375,8,8145.345,254.54203125,3928.6242633062197,
0,2210,5386.468459,GB,32,0.5,15,0.46875,13,263.566,8.2364375,121411.71471282336,
0,2211,5386.797515,RF,100,0.0,0,0.0,7,3445.73,34.457300000000004,29021.426519199125,
0,2212,5390.327908,RF,100,0.1,11,0.11,0,3405.331,34.05331,29365.72098277671,
0,2213,5393.815619,LoR,100,0.1,8,0.08,25,235.51,2.3550999999999997,424610.41993970535,
0,2214,5394.1023,AB,64,0.0,0,0.0,26,8335.629,130.244203125,7677.884896268775,
0,2215,5402.492717,AB,64,0.01,0,0.0,3,8379.485,130.929453125,7637.70088495892,
0,2216,5410.940465,AB,32,0.05,1,0.03125,9,8462.155,264.44234375,3781.5426448700123,
0,2217,5419.490429,MLP,64,0.05,4,0.0625,8,249.769,3.902640625,256236.76276879836,
0,2218,5419.782557,NB,1,0.01,0,0.0,22,111.709,111.709,8951.830201684734,
0,2219,5419.96251,SGD,100,1.0,100,1.0,6,175.833,1.75833,568721.4572918621,
0,2220,5420.17806,RF,8,0.0,0,0.0,6,3124.513,390.564125,2560.399012582121,
0,2221,5423.346961,DT,16,1.0,16,1.0,2,94.564,5.91025,169197.58047459924,
0,2222,5423.480917,MLP,8,1.0,8,1.0,12,187.628,23.4535,42637.55942609845,
0,2223,5423.709274,NB,1,0.5,0,0.0,8,104.939,104.939,9529.345619836287,
0,2224,5423.879958,SGD,100,0.0,0,0.0,29,172.346,1.72346,580228.1457068919,
0,2225,5424.092804,SGD,16,0.0,0,0.0,20,150.002,9.375125,106665.24446340714,
0,2226,5424.283442,DT,8,0.01,0,0.0,23,90.847,11.355875,88060.14507908902,
0,2227,5424.429606,DT,100,0.0,0,0.0,28,92.583,0.9258299999999999,1080111.8995927977,
0,2228,5424.59684,GB,100,0.01,2,0.02,19,316.757,3.16757,315699.41627177934,
0,2229,5424.955725,LoR,16,0.0,0,0.0,21,162.104,10.1315,98702.06780832057,
0,2230,5425.181366,GB,32,0.05,5,0.15625,5,244.92,7.65375,130654.90772497143,
0,2231,5425.486606,AB,16,0.05,2,0.125,20,8072.059,504.5036875,1982.146067069133,
0,2232,5433.613356,RF,64,0.01,0,0.0,3,3363.304,52.551625,19028.907288785074,
0,2233,5437.023572,NB,16,0.01,0,0.0,21,125.339,7.8336875,127653.80288657162,
0,2234,5437.217961,SGD,64,0.01,2,0.03125,0,169.725,2.651953125,377080.5715127412,
0,2235,5437.431231,MLP,32,0.0,0,0.0,6,201.211,6.28784375,159037.03077863535,
0,2236,5437.696604,LoR,32,0.1,2,0.0625,2,153.9,4.809375,207927.2254710851,
0,2237,5437.89583,DT,16,0.01,0,0.0,25,110.824,6.9265,144373.05998700642,
0,2238,5438.077737,NB,16,0.1,3,0.1875,27,113.153,7.0720625,141401.46527268388,
0,2239,5438.24553,LoR,100,0.0,0,0.0,9,168.044,1.6804400000000002,595082.2403656185,
0,2240,5438.475118,NB,32,0.1,5,0.15625,14,117.563,3.67384375,272194.48295807355,
0,2241,5438.648312,AB,16,0.05,2,0.125,4,7970.469,498.1543125,2007.4101034706991,
0,2242,5446.662648,GB,8,0.01,0,0.0,29,214.163,26.770375,37354.725139263086,
0,2243,5446.942734,AB,32,0.05,1,0.03125,6,8160.5,255.015625,3921.3283499785553,
0,2244,5455.151183,MLP,8,0.01,0,0.0,6,176.151,22.018875,45415.58095043457,
0,2245,5455.367375,LoR,1,1.0,1,1.0,29,141.754,141.754,7054.474653272571,
0,2246,5455.682147,LoR,100,0.0,0,0.0,21,161.434,1.6143399999999999,619448.1955474063,
0,2247,5455.901062,MLP,100,0.0,0,0.0,21,231.568,2.31568,431838.59600635665,
0,2248,5456.183259,GB,64,0.0,0,0.0,0,257.344,4.021,248694.35463814973,
0,2249,5456.481114,RF,8,0.0,0,0.0,7,3078.349,384.793625,2598.795653124451,
0,2250,5459.643139,RF,100,0.01,1,0.01,16,3411.709,34.11709,29310.823402582108,
0,2251,5463.10146,GB,16,0.01,0,0.0,14,233.68,14.605,68469.70215679561,
0,2252,5463.398317,LoR,16,0.01,1,0.0625,16,160.224,10.014,99860.19572598363,
0,2253,5463.596637,SGD,1,0.0,0,0.0,10,147.415,147.415,6783.570192992573,
0,2254,5463.897071,AB,8,0.05,0,0.0,3,7957.158,994.64475,1005.3840831110806,
0,2255,5471.907029,MLP,64,0.0,0,0.0,3,214.529,3.352015625,298327.96498375514,
0,2256,5472.182117,NB,8,0.5,3,0.375,3,111.81,13.97625,71549.95080940882,
0,2257,5472.3321,MLP,1,0.5,1,1.0,20,165.043,165.043,6059.0270414376855,
0,2258,5472.674607,GB,64,0.5,31,0.484375,8,264.812,4.1376875,241680.89059408184,
0,2259,5472.984691,LoR,32,0.0,0,0.0,27,163.569,5.11153125,195636.09241359917,
0,2260,5473.189511,MLP,1,0.05,0,0.0,28,165.726,165.726,6034.056213267683,
0,2261,5473.530283,AB,32,0.05,1,0.03125,0,8116.929,253.65403125,3942.377714527255,
0,2262,5481.689322,GB,1,0.5,1,1.0,4,201.17,201.17,4970.920117313715,4.0
0,2263,5494.691348,AB,1,1.0,1,1.0,16,7778.732,7778.732,128.5556566288696,2.0
0,2264,5515.403149,NB,32,1.0,32,1.0,12,126.024,3.93825,253919.88827524916,
0,2265,5515.598865,LoR,64,0.5,34,0.53125,17,166.139,2.595921875,385219.6052702857,
0,2266,5515.802487,NB,1,1.0,1,1.0,24,100.046,100.046,9995.402115027087,
0,2267,5515.989548,AB,100,0.01,2,0.02,6,8672.162,86.72162,11531.149902411878,
0,2268,5524.701663,MLP,1,0.0,0,0.0,2,166.587,166.587,6002.8693715596055,
0,2269,5525.015861,LoR,1,0.1,0,0.0,10,138.875,138.875,7200.7200720072005,
0,2270,5525.328152,DT,64,0.05,5,0.078125,13,91.349,1.427328125,700609.7494225443,
0,2271,5525.467967,LoR,64,1.0,64,1.0,20,156.272,2.44175,409542.33643902943,
0,2272,5525.693051,RF,64,0.05,1,0.015625,25,3308.619,51.697171875,19343.41790336089,
0,2273,5529.045825,MLP,8,1.0,8,1.0,8,193.335,24.166875,41378.953629710086,
0,2274,5529.282265,DT,16,1.0,16,1.0,9,90.985,5.6865625,175853.1626092213,
0,2275,5529.450023,DT,100,0.1,12,0.12,21,95.933,0.95933,1042394.1709317961,
0,2276,5529.601862,NB,16,0.5,7,0.4375,9,116.324,7.27025,137546.85189642722,
0,2277,5529.777724,GB,16,0.1,3,0.1875,25,240.853,15.0533125,66430.56137976276,
0,2278,5530.058102,SGD,8,0.0,0,0.0,27,157.268,19.6585,50868.58102093242,
0,2279,5530.279164,SGD,32,0.1,1,0.03125,28,154.933,4.84165625,206540.89186938872,
0,2280,5530.491127,LoR,8,0.05,1,0.125,8,146.555,18.319375,54587.01511377981,
0,2281,5530.694674,GB,16,0.5,9,0.5625,18,223.03,13.939375,71739.22790655965,
0,2282,5530.959843,NB,8,0.01,0,0.0,12,113.244,14.1555,70643.91932464413,
0,2283,5531.131601,SGD,100,0.0,0,0.0,8,171.948,1.7194800000000001,581571.1726801125,
0,2284,5531.362966,DT,16,0.1,2,0.125,2,89.875,5.6171875,178025.0347705146,
0,2285,5531.518453,RF,64,0.5,30,0.46875,25,3292.975,51.452734375,19435.313052786616,
0,2286,5534.855973,AB,16,1.0,16,1.0,0,8088.881,505.5550625,1978.0239071387007,
0,2287,5543.025965,NB,100,0.05,3,0.03,28,153.391,1.5339099999999999,651928.7311511106,
0,2288,5543.220196,NB,8,0.01,0,0.0,5,107.866,13.48325,74166.09496968461,
0,2289,5543.376262,NB,64,1.0,64,1.0,19,128.072,2.001125,499718.90811418573,
0,2290,5543.558741,SGD,8,0.5,3,0.375,21,156.714,19.58925,51048.40665160739,
0,2291,5543.774732,LoR,16,0.05,2,0.125,21,150.11,9.381875,106588.50176537206,
0,2292,5543.99344,NB,64,0.5,22,0.34375,12,130.866,2.04478125,489049.86780370754,
0,2293,5544.163652,MLP,16,0.01,0,0.0,6,181.697,11.3560625,88058.6911176299,
0,2294,5544.4217,LoR,100,0.5,48,0.48,15,166.477,1.66477,600683.5779116635,
0,2295,5544.663227,AB,100,0.1,10,0.1,2,8672.351,86.72351,11530.898599468586,
0,2296,5553.3787,AB,1,0.05,0,0.0,29,7619.836,7619.836,131.23642031140827,2.0
0,2297,5573.796372,MLP,32,0.01,0,0.0,14,207.185,6.47453125,154451.33576272413,
0,2298,5574.065861,GB,8,0.05,1,0.125,16,227.545,28.443125,35157.880858731245,
0,2299,5574.352079,MLP,100,0.0,0,0.0,4,236.874,2.36874,422165.37061897886,
0,2300,5574.631134,GB,8,0.1,0,0.0,16,217.865,27.233125,36719.9871480045,
0,2301,5574.909109,SGD,16,0.5,10,0.625,21,157.694,9.855875,101462.32577016247,
0,2302,5575.112679,DT,32,0.05,0,0.0,14,89.597,2.79990625,357154.81545141025,
0,2303,5575.250039,DT,64,0.0,0,0.0,7,88.96,1.39,719424.4604316547,
0,2304,5575.386238,SGD,64,1.0,64,1.0,26,159.41,2.49078125,401480.4591932752,
0,2305,5575.590761,MLP,32,0.01,0,0.0,5,186.647,5.83271875,171446.63455614075,
0,2306,5575.814754,DT,1,0.0,0,0.0,4,88.047,88.047,11357.570388542483,16.0
0,2307,5576.089999,NB,16,1.0,16,1.0,4,116.81,7.300625,136974.57409468366,
0,2308,5576.274802,RF,64,0.05,3,0.046875,27,3253.384,50.834125,19671.824783056658,
0,2309,5579.596313,DT,32,0.1,5,0.15625,26,96.54,3.016875,331468.82121400454,
0,2310,5579.735582,SGD,32,0.0,0,0.0,20,164.849,5.15153125,194117.04044307215,
0,2311,5579.96325,GB,32,0.5,18,0.5625,17,237.92,7.435,134498.99125756556,
0,2312,5580.243011,NB,16,1.0,16,1.0,27,119.354,7.459625,134054.99606213448,
0,2313,5580.401266,LoR,1,0.05,0,0.0,18,151.059,151.059,6619.9299611410115,
0,2314,5580.727168,DT,32,0.5,15,0.46875,12,91.065,2.84578125,351397.3535386812,
0,2315,5580.857644,RF,16,0.0,0,0.0,4,3126.621,195.4138125,5117.345530526405,
0,2316,5584.033031,NB,32,0.01,0,0.0,13,127.831,3.99471875,250330.51450743558,
0,2317,5584.204587,RF,8,0.05,0,0.0,13,3003.481,375.435125,2663.576030612479,
0,2318,5587.281754,SGD,64,0.1,6,0.09375,13,174.13,2.72078125,367541.49198874406,
0,2319,5587.505474,AB,64,1.0,64,1.0,17,8341.508,130.3360625,7672.473610287253,
0,2320,5595.89999,LoR,64,0.05,0,0.0,8,158.176,2.4715,404612.5834513454,
0,2321,5596.104246,GB,32,0.01,0,0.0,11,227.091,7.09659375,140912.67377394965,
0,2322,5596.401119,RF,64,0.5,34,0.53125,12,3217.675,50.276171875,19890.13806552868,
0,2323,5599.665572,LoR,16,1.0,16,1.0,25,163.635,10.2271875,97778.59259938278,
0,2324,5599.8689,AB,8,1.0,8,1.0,15,8063.666,1007.95825,992.104583696795,
0,2325,5607.993378,RF,8,0.5,3,0.375,20,2983.053,372.881625,2681.8162466439585,
0,2326,5611.038588,GB,8,0.01,1,0.125,8,233.299,29.162375,34290.75992610341,
0,2327,5611.335364,MLP,32,0.1,2,0.0625,19,204.407,6.38771875,156550.4116786607,
0,2328,5611.581733,NB,8,0.1,0,0.0,28,111.553,13.944125,71714.79027906018,
0,2329,5611.759365,GB,64,0.1,8,0.125,24,260.854,4.07584375,245347.9724290216,
0,2330,5612.078708,DT,8,0.01,1,0.125,17,92.317,11.539625,86657.92865886024,
0,2331,5612.218304,MLP,64,0.0,0,0.0,5,214.764,3.3556875,298001.52725782717,
0,2332,5612.470209,MLP,1,0.0,0,0.0,27,187.9,187.9,5321.979776476849,
0,2333,5612.823023,SGD,100,1.0,100,1.0,4,162.387,1.62387,615812.8421610104,
0,2334,5613.048457,MLP,32,0.1,4,0.125,28,181.721,5.67878125,176094.12230837383,
0,2335,5613.288932,DT,16,0.5,8,0.5,6,87.21,5.450625,183465.19894507513,
0,2336,5613.417352,NB,32,0.0,0,0.0,19,117.899,3.68434375,271418.75673245743,
0,2337,5613.589356,LoR,100,1.0,100,1.0,26,164.526,1.6452600000000002,607806.6688547706,
0,2338,5613.79556,AB,32,0.0,0,0.0,16,7917.697,247.42803125,4041.5792622526474,
0,2339,5621.779796,NB,32,0.05,1,0.03125,21,117.509,3.67215625,272319.56701188843,
0,2340,5621.936679,AB,8,0.1,0,0.0,8,7824.549,978.068625,1022.4231454106812,
0,2341,5629.802569,DT,1,0.5,1,1.0,12,77.504,77.504,12902.559867877786,13.0
0,2342,5630.078115,NB,32,0.1,0,0.0,19,120.734,3.7729375,265045.47186376667,
0,2343,5630.256752,SGD,16,0.5,7,0.4375,26,152.777,9.5485625,104727.8058870118,
0,2344,5630.44916,SGD,1,0.01,0,0.0,28,142.194,142.194,7032.645540599463,
0,2345,5630.757475,RF,100,0.0,0,0.0,10,3306.806,33.06806,30240.661230202193,
0,2346,5634.123933,LoR,100,0.0,0,0.0,0,179.043,1.79043,558525.0470557351,
0,2347,5634.360456,AB,100,1.0,100,1.0,17,8396.309,83.96309,11909.995213372924,
0,2348,5642.815309,AB,100,0.0,0,0.0,22,8326.054,83.26054,12010.491404451617,
0,2349,5651.187356,AB,32,1.0,32,1.0,0,7792.478,243.5149375,4106.524266093533,
0,2350,5659.042263,DT,16,0.1,4,0.25,23,80.125,5.0078125,199687.98751950078,
0,2351,5659.188268,SGD,64,0.1,9,0.140625,2,159.754,2.49615625,400615.94701854105,
0,2352,5659.386346,SGD,1,0.1,0,0.0,1,140.967,140.967,7093.8588463966735,
0,2353,5659.669298,GB,8,1.0,8,1.0,20,218.165,27.270625,36669.49327343983,
0,2354,5659.937641,AB,64,0.0,0,0.0,22,8296.658,129.63528125,7713.94939986679,
0,2355,5668.2756,AB,1,0.1,0,0.0,20,7726.396,7726.396,129.4264492785511,2.0
0,2356,5688.808196,LoR,8,0.0,0,0.0,17,155.625,19.453125,51405.62248995984,
0,2357,5689.007068,NB,1,0.1,1,1.0,25,102.628,102.628,9743.929531901626,
0,2358,5689.193262,DT,100,0.05,6,0.06,3,96.568,0.96568,1035539.723303786,
0,2359,5689.35589,NB,64,0.05,3,0.046875,10,130.436,2.0380625,490662.0871538532,
0,2360,5689.522999,SGD,1,0.1,0,0.0,28,147.898,147.898,6761.416652016931,
0,2361,5689.83617,MLP,16,0.5,10,0.625,28,229.4,14.3375,69747.16652136006,
0,2362,5690.108379,AB,16,0.05,0,0.0,29,7814.273,488.3920625,2047.5353241433975,
0,2363,5697.963531,LoR,1,0.5,1,1.0,22,177.575,177.575,5631.423342249754,
0,2364,5698.290531,RF,32,0.01,0,0.0,20,3051.466,95.3583125,10486.762755999904,
0,2365,5701.408351,NB,32,0.5,17,0.53125,21,128.209,4.00653125,249592.4623076383,
0,2366,5701.584836,DT,64,1.0,64,1.0,11,98.51,1.53921875,649680.2355090854,
0,2367,5701.739571,DT,100,1.0,100,1.0,15,92.359,0.9235899999999999,1082731.515066209,
0,2368,5701.881815,LoR,64,0.01,0,0.0,1,198.527,3.101984375,322374.2866209634,
0,2369,5702.147571,MLP,64,0.5,35,0.546875,26,211.076,3.2980625,303208.32306846825,
0,2370,5702.414199,NB,100,0.0,0,0.0,28,144.22,1.4422,693385.1060879212,
0,2371,5702.613052,SGD,8,0.5,5,0.625,14,149.641,18.705125,53461.284006388625,
0,2372,5702.801962,RF,8,0.05,0,0.0,10,3057.851,382.231375,2616.2164212710168,
0,2373,5705.900601,GB,8,1.0,8,1.0,13,293.874,36.73425,27222.551161382085,
0,2374,5706.239345,DT,16,0.1,0,0.0,0,91.046,5.690375,175735.34257408342,
0,2375,5706.369192,AB,1,0.5,0,0.0,15,7542.374,7542.374,132.58424999874046,2.0
0,2376,5726.560952,NB,64,0.5,39,0.609375,21,136.145,2.127265625,470087.0395534173,
0,2377,5726.738148,GB,16,0.05,0,0.0,24,231.57,14.473125,69093.57861553742,
0,2378,5727.009941,DT,1,0.5,0,0.0,9,85.484,85.484,11698.095550044454,16.0
0,2379,5727.295182,AB,100,0.0,0,0.0,4,8402.133,84.02132999999999,11901.739712999068,
0,2380,5735.740354,GB,8,0.01,0,0.0,20,204.637,25.579625,39093.614546733974,
0,2381,5735.989753,LoR,32,0.0,0,0.0,21,155.776,4.868,205423.17173377157,
0,2382,5736.186621,AB,8,0.1,0,0.0,3,8686.339,1085.792375,920.9863902387416,
0,2383,5745.03239,RF,100,0.05,7,0.07,2,3726.432,37.26432,26835.32129393479,
0,2384,5748.825333,DT,1,0.5,1,1.0,26,117.324,117.324,8523.40527087382,11.0
0,2385,5749.174378,RF,1,1.0,1,1.0,13,3147.372,3147.372,317.7253912152742,7.53
0,2386,5765.677947,NB,8,0.0,0,0.0,10,130.641,16.330125,61236.5183977465,
0,2387,5765.874349,DT,16,0.5,7,0.4375,28,116.089,7.2555625,137825.28921775534,
0,2388,5766.053938,LoR,8,1.0,8,1.0,14,257.09,32.13625,31117.507487650244,
0,2389,5766.36283,LoR,64,0.0,0,0.0,10,157.473,2.460515625,406418.87815689034,
0,2390,5766.557708,NB,8,0.0,0,0.0,26,106.402,13.30025,75186.55664367211,
0,2391,5766.723587,DT,32,0.05,2,0.0625,8,88.92,2.77875,359874.04408457037,
0,2392,5766.88832,RF,100,0.05,8,0.08,17,3486.977,34.869769999999995,28678.135817930546,
0,2393,5770.448964,MLP,64,0.5,33,0.515625,27,242.128,3.78325,264323.0027093108,
0,2394,5770.731929,DT,8,0.0,0,0.0,12,89.659,11.207375,89226.95992594161,
0,2395,5770.863589,DT,32,1.0,32,1.0,26,85.883,2.68384375,372599.93246626225,
0,2396,5770.993253,SGD,32,0.01,0,0.0,22,154.81,4.8378125,206704.99321749242,
0,2397,5771.194046,SGD,32,1.0,32,1.0,17,147.923,4.62259375,216328.7656415838,
0,2398,5771.397767,GB,100,1.0,100,1.0,11,318.326,3.18326,314143.3624648945,
0,2399,5771.755742,RF,8,0.0,0,0.0,9,3049.618,381.20225,2623.2793746626626,
0,2400,5774.854609,RF,32,0.05,0,0.0,2,3031.583,94.73696875,10555.54144484911,
0,2401,5777.927307,AB,8,0.0,0,0.0,20,7988.212,998.5265,1001.4756744062375,
0,2402,5786.007792,GB,16,0.5,11,0.6875,15,258.558,16.159875,61881.666782694796,
0,2403,5786.315204,GB,32,0.01,0,0.0,15,231.903,7.24696875,137988.72804577777,
0,2404,5786.588401,AB,1,0.05,0,0.0,14,7746.596,7746.596,129.08895726587525,2.0
0,2405,5807.317678,MLP,1,0.5,1,1.0,1,181.532,181.532,5508.6706475993215,
0,2406,5807.669796,MLP,32,0.01,0,0.0,25,191.947,5.99834375,166712.6863144514,
0,2407,5807.90584,DT,16,0.05,0,0.0,21,88.634,5.539625,180517.63431640228,
0,2408,5808.031532,MLP,1,0.0,0,0.0,15,162.412,162.412,6157.180503903653,
0,2409,5808.361499,NB,16,0.05,1,0.0625,5,117.631,7.3519375,136018.56653433194,
0,2410,5808.539578,AB,32,0.1,4,0.125,22,8125.66,253.926875,3938.1416401867664,
0,2411,5816.709279,MLP,8,0.05,0,0.0,25,174.798,21.84975,45767.11404020641,
0,2412,5816.923673,LoR,1,1.0,1,1.0,4,142.5,142.5,7017.543859649123,
0,2413,5817.236417,AB,32,0.1,1,0.03125,28,8073.812,252.306625,3963.431400186182,
0,2414,5825.356744,SGD,32,1.0,32,1.0,24,154.009,4.81278125,207780.06480140772,
0,2415,5825.562004,RF,64,0.0,0,0.0,10,3358.426,52.47540625,19056.546132027324,
0,2416,5828.961352,SGD,1,0.0,0,0.0,13,163.226,163.226,6126.474948843934,
0,2417,5829.307453,SGD,32,0.05,2,0.0625,16,157.2,4.9125,203562.34096692113,
0,2418,5829.522288,AB,8,0.5,2,0.25,22,7992.979,999.122375,1000.8783959022037,
0,2419,5837.588558,LoR,64,0.5,39,0.609375,5,163.536,2.55525,391351.13981019467,
0,2420,5837.81051,LoR,8,0.5,4,0.5,13,146.825,18.353125,54486.63374765878,
0,2421,5838.050972,RF,100,1.0,100,1.0,7,3333.428,33.33428,29999.148024196114,
0,2422,5841.427893,LoR,1,0.05,0,0.0,28,160.474,160.474,6231.539065518402,
0,2423,5841.747413,GB,16,0.1,0,0.0,20,263.098,16.443625,60813.841230264006,
0,2424,5842.084291,GB,8,0.5,6,0.75,24,223.064,27.883,35864.14661263135,
0,2425,5842.34785,MLP,1,0.05,0,0.0,27,173.318,173.318,5769.74116941114,
0,2426,5842.676106,RF,16,0.01,0,0.0,29,3062.599,191.4124375,5224.320911748485,
0,2427,5845.785908,DT,32,1.0,32,1.0,23,95.843,2.99509375,333879.3652118569,
0,2428,5845.939544,NB,100,1.0,100,1.0,26,195.897,1.9589699999999999,510472.34005625406,
0,2429,5846.178948,GB,32,1.0,32,1.0,16,241.277,7.53990625,132627.64374557044,
0,2430,5846.463193,GB,8,0.05,0,0.0,26,215.38,26.9225,37143.65307828025,
0,2431,5846.743063,SGD,32,0.1,8,0.25,24,166.692,5.209125,191970.82043529383,
0,2432,5846.971367,GB,32,0.1,5,0.15625,12,235.9,7.371875,135650.69944891904,
0,2433,5847.257748,RF,64,0.0,0,0.0,23,3304.715,51.636171875,19366.26910338713,
0,2434,5850.63046,SGD,32,0.05,4,0.125,10,171.664,5.3645,186410.66268990588,
0,2435,5850.842802,AB,1,0.5,0,0.0,2,8157.312,8157.312,122.5894019990899,2.0
0,2436,5872.204535,NB,64,0.05,9,0.140625,14,151.906,2.37353125,421313.1805195318,
0,2437,5872.404507,RF,32,1.0,32,1.0,28,3201.082,100.0338125,9996.619892898714,
0,2438,5875.671396,SGD,16,0.1,1,0.0625,21,185.53,11.595625,86239.42219587129,
0,2439,5875.896237,RF,8,0.0,0,0.0,11,3054.753,381.844125,2618.869676206227,
0,2440,5878.998328,AB,16,0.05,0,0.0,28,8121.243,507.5776875,1970.1417627818794,
0,2441,5887.194132,AB,64,0.1,10,0.15625,3,8364.939,130.702171875,7650.982272554527,
0,2442,5895.604652,MLP,16,0.05,0,0.0,15,202.171,12.6356875,79140.92525634241,
0,2443,5895.848162,DT,1,0.05,0,0.0,10,85.394,85.394,11710.42461999672,16.0
0,2444,5896.153577,SGD,32,0.05,1,0.03125,21,165.226,5.1633125,193674.11908537397,
0,2445,5896.397749,GB,100,0.05,3,0.03,14,317.262,3.17262,315196.90350561996,
0,2446,5896.793975,NB,100,0.5,51,0.51,28,156.546,1.5654599999999999,638789.8764580379,
0,2447,5897.02899,NB,100,0.01,1,0.01,21,147.224,1.47224,679237.0809107211,
0,2448,5897.230572,SGD,8,0.05,1,0.125,13,158.064,19.758,50612.410162971966,
0,2449,5897.463613,LoR,100,0.5,44,0.44,13,169.629,1.6962899999999999,589521.8388365197,
0,2450,5897.675768,AB,32,0.0,0,0.0,25,8240.972,257.530375,3883.037098051055,
0,2451,5905.963974,LoR,8,0.0,0,0.0,1,187.494,23.43675,42668.03204369207,
0,2452,5906.212122,GB,8,0.5,5,0.625,26,245.63,30.70375,32569.31156617677,
0,2453,5906.516949,NB,8,0.1,3,0.375,18,114.622,14.32775,69794.62930327511,
0,2454,5906.670567,NB,8,0.1,0,0.0,14,105.384,13.173,75912.85204585137,
0,2455,5906.816617,MLP,32,0.0,0,0.0,25,207.363,6.48009375,154318.75503344377,
0,2456,5907.092934,LoR,64,0.5,31,0.484375,0,159.497,2.492140625,401261.46573289775,
0,2457,5907.310579,NB,16,0.5,8,0.5,11,111.538,6.971125,143448.8694435977,
0,2458,5907.487413,NB,64,0.5,39,0.609375,29,127.226,1.98790625,503041.8310722651,
0,2459,5907.685593,NB,100,0.5,42,0.42,9,140.91,1.4091,709672.8408203818,
0,2460,5907.861116,RF,1,0.0,0,0.0,11,3054.416,3054.416,327.3948276855543,9.99
0,2461,5924.019521,AB,100,1.0,100,1.0,1,8688.396,86.88396,11509.604304407856,
0,2462,5932.78167,MLP,64,0.05,4,0.0625,1,222.315,3.473671875,287879.81017925014,
0,2463,5933.051444,MLP,32,0.05,0,0.0,19,185.663,5.80196875,172355.28888362247,
0,2464,5933.301516,GB,32,0.05,1,0.03125,23,250.245,7.82015625,127874.68281084536,
0,2465,5933.621841,AB,64,0.1,2,0.03125,21,8377.468,130.8979375,7639.539775025102,
0,2466,5942.082841,SGD,16,0.01,0,0.0,28,155.005,9.6878125,103222.47669430019,
0,2467,5942.3127,GB,64,0.5,35,0.546875,26,263.029,4.109828125,243319.17773325375,
0,2468,5942.617409,AB,1,0.5,0,0.0,27,7770.182,7770.182,128.69711417313005,2.0
0,2469,5963.321471,SGD,32,0.5,19,0.59375,18,165.052,5.157875,193878.292901631,
0,2470,5963.524414,NB,1,0.0,0,0.0,28,104.707,104.707,9550.459854642002,
0,2471,5963.683075,MLP,32,0.01,0,0.0,15,194.225,6.06953125,164757.3690307633,
0,2472,5963.946833,DT,64,0.5,33,0.515625,4,95.331,1.489546875,671345.1028521677,
0,2473,5964.116969,NB,100,0.01,1,0.01,13,145.948,1.45948,685175.5419738537,
0,2474,5964.334481,SGD,100,0.01,1,0.01,17,172.622,1.72622,579300.4367925293,
0,2475,5964.546195,SGD,16,1.0,16,1.0,11,148.021,9.2513125,108092.77062038495,
0,2476,5964.730538,LoR,1,1.0,1,1.0,22,141.016,141.016,7091.393884381914,
0,2477,5965.032916,NB,32,1.0,32,1.0,4,117.151,3.66096875,273151.7443299673,
0,2478,5965.19242,DT,32,1.0,32,1.0,10,89.698,2.8030625,356752.65892216103,
0,2479,5965.329853,NB,64,1.0,64,1.0,14,127.988,1.9998125,500046.8793949433,
0,2480,5965.515117,MLP,16,0.01,1,0.0625,15,181.577,11.3485625,88116.88705067273,
0,2481,5965.736424,MLP,1,0.01,0,0.0,28,160.838,160.838,6217.436178017633,
0,2482,5966.049919,SGD,1,0.05,0,0.0,14,141.302,141.302,7077.040664675659,
0,2483,5966.333228,NB,1,0.05,0,0.0,0,99.454,99.454,10054.899752649466,
0,2484,5966.499103,RF,16,0.1,3,0.1875,11,3076.142,192.258875,5201.320355172161,
0,2485,5969.628378,RF,64,1.0,64,1.0,14,3136.82,49.0128125,20402.82834207892,
0,2486,5972.848196,MLP,100,0.01,1,0.01,19,249.581,2.49581,400671.52547669894,
0,2487,5973.16379,AB,16,0.1,1,0.0625,27,8354.852,522.17825,1915.054868715807,
0,2488,5981.597891,SGD,32,0.01,1,0.03125,10,198.492,6.202875,161215.5653628358,
0,2489,5981.841326,NB,16,1.0,16,1.0,28,123.831,7.7394375,129208.3565504599,
0,2490,5982.021372,GB,32,0.05,0,0.0,22,287.632,8.9885,111253.2680647494,
0,2491,5982.404099,LoR,100,0.01,1,0.01,9,199.96,1.9996,500100.0200040008,
0,2492,5982.685673,DT,100,0.01,2,0.02,0,107.636,1.07636,929057.1927607864,
0,2493,5982.835846,GB,32,0.0,0,0.0,17,276.679,8.64621875,115657.494786377,
0,2494,5983.158701,GB,16,0.01,0,0.0,18,293.521,18.3450625,54510.58016291849,
0,2495,5983.505396,MLP,64,1.0,64,1.0,13,249.817,3.903390625,256187.52927142667,
0,2496,5983.815726,GB,100,0.0,0,0.0,13,287.605,2.87605,347699.10119782336,
0,2497,5984.156363,RF,64,0.0,0,0.0,4,3490.212,54.5345625,18336.9950020228,
0,2498,5987.741819,DT,100,0.1,8,0.08,20,102.33,1.0232999999999999,977230.5286817161,
0,2499,5987.886533,LoR,32,1.0,32,1.0,8,165.628,5.175875,193204.04762479776,
0,2500,5988.10964,RF,100,0.0,0,0.0,4,3419.909,34.19909,29240.544119741196,
0,2501,5991.591713,SGD,100,1.0,100,1.0,26,182.373,1.8237299999999999,548326.7808283025,
0,2502,5991.818535,NB,32,1.0,32,1.0,17,126.123,3.94134375,253720.5743599502,
0,2503,5992.013091,MLP,64,0.1,9,0.140625,21,220.001,3.437515625,290907.7686010518,
0,2504,5992.273322,SGD,1,0.5,1,1.0,10,146.984,146.984,6803.461601262722,
0,2505,5992.615393,SGD,100,0.05,7,0.07,18,162.983,1.6298300000000001,613560.9235319021,
0,2506,5992.852865,RF,100,0.05,4,0.04,12,3390.232,33.90232,29496.506433777984,
0,2507,5996.323794,RF,100,0.05,7,0.07,23,3409.385,34.09385,29330.803062722454,
0,2508,5999.773731,AB,1,0.0,0,0.0,5,7754.499,7754.499,128.95739621605472,2.0
0,2509,6020.386821,DT,1,0.05,0,0.0,23,85.928,85.928,11637.650125686621,16.0
0,2510,6020.65039,DT,1,0.01,0,0.0,24,83.893,83.893,11919.94564504786,16.0
0,2511,6020.931154,MLP,16,0.5,6,0.375,24,193.813,12.1133125,82553.80186055631,
0,2512,6021.165112,RF,8,0.0,0,0.0,0,3319.13,414.89125,2410.2701611566886,
0,2513,6024.586932,DT,64,1.0,64,1.0,14,158.042,2.46940625,404955.64470204123,
0,2514,6024.843648,DT,100,0.05,3,0.03,20,112.055,1.1205500000000002,892418.9014323322,
0,2515,6025.000763,LoR,32,1.0,32,1.0,14,200.483,6.26509375,159614.53090785752,
0,2516,6025.245273,GB,8,0.01,0,0.0,10,327.491,40.936375,24428.152224030586,
0,2517,6025.62443,GB,64,0.0,0,0.0,25,286.182,4.47159375,223633.9112872228,
0,2518,6025.985469,RF,32,0.5,16,0.5,2,3232.225,101.00703125,9900.30087633132,
0,2519,6029.258402,GB,1,0.0,0,0.0,14,221.317,221.317,4518.4057257237355,4.0
0,2520,6042.179952,RF,8,0.01,0,0.0,10,2955.969,369.496125,2706.388328159057,
0,2521,6045.218113,MLP,100,0.1,8,0.08,27,275.505,2.7550499999999998,362969.81905954523,
0,2522,6045.557783,RF,32,0.05,1,0.03125,18,3095.703,96.74071875,10336.90893473954,
0,2523,6048.726074,DT,64,0.05,2,0.03125,14,98.649,1.541390625,648764.8126184756,
0,2524,6048.900287,GB,100,0.05,4,0.04,27,285.183,2.85183,350652.03746366367,
0,2525,6049.25489,GB,64,0.5,36,0.5625,4,266.175,4.158984375,240443.31736639427,
0,2526,6049.596977,RF,100,0.5,46,0.46,16,3345.995,33.45995,29886.476220078035,
0,2527,6053.01029,SGD,32,0.05,1,0.03125,11,175.379,5.48059375,182461.98233539934,
0,2528,6053.225176,AB,1,0.01,0,0.0,4,7692.161,7692.161,130.00247914727734,2.0
0,2529,6074.362847,LoR,32,0.0,0,0.0,25,180.314,5.6348125,177468.1943720399,
0,2530,6074.610301,AB,32,0.05,3,0.09375,17,8081.286,252.5401875,3959.7658095506085,
0,2531,6082.765943,DT,64,0.1,6,0.09375,3,87.894,1.37334375,728149.8168248116,
0,2532,6082.922114,LoR,64,0.5,31,0.484375,18,166.497,2.601515625,384391.3103539403,
0,2533,6083.128067,DT,16,1.0,16,1.0,24,85.137,5.3210625,187932.39132222184,
0,2534,6083.267934,NB,8,0.5,6,0.75,27,116.821,14.602625,68480.83820545963,
0,2535,6083.439454,MLP,100,1.0,100,1.0,4,258.355,2.5835500000000002,387064.31073522865,
0,2536,6083.744482,AB,32,0.01,0,0.0,11,8167.292,255.227875,3918.067334925701,
0,2537,6091.956102,MLP,8,0.05,0,0.0,19,181.614,22.70175,44049.46755206096,
0,2538,6092.21007,LoR,64,0.01,1,0.015625,5,158.384,2.47475,404081.2203252854,
0,2539,6092.40828,LoR,1,0.5,0,0.0,8,140.321,140.321,7126.517057318577,
0,2540,6092.727006,SGD,32,0.5,12,0.375,7,153.895,4.80921875,207933.98096104484,
0,2541,6092.936942,GB,8,0.1,2,0.25,4,252.908,31.6135,31632.055925474877,
0,2542,6093.236398,MLP,32,0.01,0,0.0,21,193.445,6.04515625,165421.6960893277,
0,2543,6093.499472,NB,64,0.05,4,0.0625,1,134.697,2.104640625,475140.50053082104,
0,2544,6093.691424,AB,16,0.05,1,0.0625,13,7947.584,496.724,2013.1904236557928,
0,2545,6101.712904,AB,64,0.5,30,0.46875,8,8367.624,130.744125,7648.5272282789,
0,2546,6110.122927,MLP,1,0.5,0,0.0,16,165.77,165.77,6032.454605779091,
0,2547,6110.445078,MLP,1,0.1,1,1.0,13,157.813,157.813,6336.613586966853,
0,2548,6110.746708,RF,1,0.1,0,0.0,28,3041.568,3041.568,328.77778829866696,10.79
0,2549,6126.792453,RF,16,0.1,2,0.125,20,3053.332,190.83325,5240.176960775965,
0,2550,6129.886528,AB,1,0.0,0,0.0,23,7812.14,7812.14,128.00589851180342,2.0
0,2551,6150.99937,AB,8,0.01,0,0.0,5,8316.488,1039.561,961.9445131165945,
0,2552,6159.402275,SGD,32,0.1,2,0.0625,3,186.607,5.83146875,171483.38486766306,
0,2553,6159.659401,MLP,100,0.0,0,0.0,3,268.899,2.68899,371886.84227163356,
0,2554,6159.995706,SGD,16,0.05,1,0.0625,26,160.924,10.05775,99425.81591310183,
0,2555,6160.198178,LoR,1,0.1,0,0.0,25,147.745,147.745,6768.418559003689,
0,2556,6160.558011,LoR,100,0.5,50,0.5,4,168.046,1.6804599999999998,595075.1579924545,
0,2557,6160.790759,MLP,32,0.1,1,0.03125,3,197.914,6.1848125,161686.38903766283,
0,2558,6161.032908,SGD,16,0.01,0,0.0,3,150.881,9.4300625,106043.83587065303,
0,2559,6161.254879,DT,64,0.1,7,0.109375,2,105.953,1.655515625,604041.4145894878,
0,2560,6161.419584,LoR,16,0.1,1,0.0625,10,154.35,9.646875,103660.51182377714,
0,2561,6161.652862,SGD,100,0.01,2,0.02,7,168.046,1.6804599999999998,595075.1579924545,
0,2562,6161.865745,DT,32,0.01,0,0.0,14,91.689,2.86528125,349005.87856776715,
0,2563,6162.003862,SGD,8,0.0,0,0.0,19,151.28,18.91,52882.07297726071,
0,2564,6162.197919,LoR,32,0.0,0,0.0,26,149.495,4.67171875,214053.98173851968,
0,2565,6162.384618,SGD,1,1.0,1,1.0,27,143.002,143.002,6992.909190081257,
0,2566,6162.677912,LoR,1,0.0,0,0.0,4,140.059,140.059,7139.848206827123,
0,2567,6163.000353,GB,100,0.01,1,0.01,20,343.739,3.4373899999999997,290918.4002979005,
0,2568,6163.396074,NB,64,1.0,64,1.0,7,145.213,2.268953125,440731.890395488,
0,2569,6163.584311,SGD,32,1.0,32,1.0,10,161.133,5.03540625,198593.7083030788,
0,2570,6163.823022,GB,100,0.1,7,0.07,5,304.88,3.0488,327997.9008134348,
0,2571,6164.1709,AB,8,0.01,0,0.0,4,8038.52,1004.815,995.2080731278892,
0,2572,6172.290197,MLP,100,0.05,9,0.09,15,239.616,2.39616,417334.4017094017,
0,2573,6172.576433,DT,32,0.0,0,0.0,24,89.394,2.7935625,357965.85900619725,
0,2574,6172.708126,SGD,16,0.01,0,0.0,17,150.562,9.410125,106268.5139676678,
0,2575,6172.899116,GB,16,0.0,0,0.0,8,220.622,13.788875,72522.2325969305,
0,2576,6173.18087,RF,16,0.5,4,0.25,6,3234.333,202.1458125,4946.924141700932,
0,2577,6176.480043,NB,16,0.05,2,0.125,26,126.043,7.8776875,126940.80591544155,
0,2578,6176.662765,GB,100,1.0,100,1.0,2,296.575,2.96575,337182.8373935767,
0,2579,6177.006493,SGD,8,0.05,0,0.0,1,162.535,20.316875,49220.16796382318,
0,2580,6177.228825,NB,100,0.01,0,0.0,27,149.065,1.49065,670848.2876597458,
0,2581,6177.416254,LoR,8,0.0,0,0.0,15,152.966,19.12075,52299.20374462299,
0,2582,6177.609723,LoR,8,0.05,0,0.0,27,146.808,18.351,54492.943163860284,
0,2583,6177.799766,GB,32,0.0,0,0.0,27,270.133,8.44165625,118460.1659182699,
0,2584,6178.115577,AB,32,1.0,32,1.0,4,8152.435,254.76359375,3925.2076220172253,
0,2585,6186.32837,MLP,100,0.0,0,0.0,6,236.597,2.36597,422659.62797499547,
0,2586,6186.61007,GB,32,0.0,0,0.0,20,231.921,7.24753125,137978.01837694732,
0,2587,6186.903638,RF,16,0.5,9,0.5625,22,3051.056,190.691,5244.085982033761,
0,2588,6190.050104,NB,8,0.1,1,0.125,17,120.837,15.104625,66204.88757582528,
0,2589,6190.208903,DT,8,1.0,8,1.0,19,91.495,11.436875,87436.47193835728,
0,2590,6190.342533,LoR,32,0.0,0,0.0,7,160.772,5.024125,199039.6337670739,
0,2591,6190.543379,AB,1,0.1,0,0.0,11,7743.473,7743.473,129.14101979822232,2.0
0,2592,6211.296968,AB,100,1.0,100,1.0,14,8702.968,87.02968000000001,11490.332953079915,
0,2593,6220.072988,NB,64,0.05,3,0.046875,2,133.806,2.09071875,478304.4108634889,
0,2594,6220.243786,NB,1,0.0,0,0.0,27,98.605,98.605,10141.473556107701,
0,2595,6220.409789,DT,16,0.01,1,0.0625,2,88.847,5.5529375,180084.8649926278,
0,2596,6220.553186,SGD,8,0.1,1,0.125,15,154.881,19.360125,51652.559061473,
0,2597,6220.753768,MLP,32,1.0,32,1.0,11,195.397,6.10615625,163769.14691627814,
0,2598,6220.988355,DT,8,0.0,0,0.0,13,86.639,10.829875,92337.16917323608,
0,2599,6221.113391,LoR,1,0.1,0,0.0,12,145.458,145.458,6874.836722627838,
0,2600,6221.432968,GB,16,0.1,1,0.0625,17,231.164,14.44775,69214.92966032773,
0,2601,6221.702402,DT,1,0.0,0,0.0,5,85.472,85.472,11699.73792587046,16.0
0,2602,6221.983911,GB,32,0.0,0,0.0,10,268.047,8.37646875,119382.04867056895,
0,2603,6222.310542,SGD,100,1.0,100,1.0,19,176.497,1.7649700000000001,566581.8682470523,
0,2604,6222.530992,NB,16,0.01,0,0.0,16,114.303,7.1439375,139978.8282022344,
0,2605,6222.687618,DT,32,1.0,32,1.0,25,90.741,2.83565625,352652.05364719365,
0,2606,6222.833132,NB,100,0.0,0,0.0,20,143.604,1.4360400000000002,696359.4328848778,
0,2607,6223.018611,LoR,16,0.0,0,0.0,29,153.51,9.594375,104227.73760667058,
0,2608,6223.215729,GB,32,1.0,32,1.0,25,230.784,7.212,138657.79256794232,
0,2609,6223.48722,RF,1,0.5,1,1.0,21,2997.652,2997.652,333.5944265711964,7.49
0,2610,6239.546906,AB,32,0.05,0,0.0,4,8081.692,252.552875,3959.5668827765276,
0,2611,6247.671416,RF,16,0.0,0,0.0,20,3011.072,188.192,5313.7221560959015,
0,2612,6250.751801,GB,32,0.01,1,0.03125,19,247.345,7.72953125,129373.95136348016,
0,2613,6251.070642,GB,64,0.5,26,0.40625,0,273.965,4.280703125,233606.4825798916,
0,2614,6251.389495,SGD,32,0.0,0,0.0,6,167.963,5.24884375,190518.14983061748,
0,2615,6251.595363,DT,1,0.0,0,0.0,1,86.468,86.468,11564.972012767728,16.0
0,2616,6251.886707,AB,100,0.0,0,0.0,27,8614.947,86.14947000000001,11607.732467767939,
0,2617,6260.541981,MLP,1,0.0,0,0.0,18,167.12,167.12,5983.724269985639,
0,2618,6260.884427,GB,32,0.1,4,0.125,23,232.666,7.2708125,137536.2107054748,
0,2619,6261.175298,LoR,100,0.0,0,0.0,1,171.442,1.71442,583287.6424680067,
0,2620,6261.422431,AB,100,0.01,3,0.03,4,8668.132,86.68132,11536.510980681882,
0,2621,6270.136044,LoR,32,0.0,0,0.0,28,154.03,4.8134375,207751.73667467377,
0,2622,6270.354709,DT,32,0.01,1,0.03125,0,86.94,2.716875,368069.9332873246,
0,2623,6270.483152,NB,32,0.0,0,0.0,18,119.56,3.73625,267648.04282368685,
0,2624,6270.658814,MLP,8,0.05,1,0.125,14,175.364,21.9205,45619.39736776077,
0,2625,6270.889761,DT,100,0.0,0,0.0,11,94.398,0.9439799999999999,1059344.477637238,
0,2626,6271.050766,DT,64,0.5,33,0.515625,14,93.31,1.45796875,685885.7571535741,
0,2627,6271.199552,LoR,16,0.1,2,0.125,24,151.942,9.496375,105303.33943215174,
0,2628,6271.406406,GB,8,0.1,2,0.25,6,216.353,27.044125,36976.60767357051,
0,2629,6271.662804,MLP,1,0.5,1,1.0,17,166.109,166.109,6020.143399815784,
0,2630,6271.993984,LoR,100,1.0,100,1.0,28,163.872,1.6387200000000002,610232.376488967,
0,2631,6272.197964,AB,1,0.01,0,0.0,28,7706.167,7706.167,129.76619894170474,2.0
0,2632,6292.877986,GB,8,0.5,4,0.5,1,325.142,40.64275,24604.634282867177,
0,2633,6293.245163,NB,8,0.0,0,0.0,1,147.926,18.49075,54081.09460135474,
0,2634,6293.433992,MLP,16,1.0,16,1.0,7,270.35,16.896875,59182.54115036064,
0,2635,6293.800506,LoR,64,1.0,64,1.0,16,190.053,2.969578125,336748.1702472468,
0,2636,6294.05456,LoR,16,0.1,3,0.1875,5,152.733,9.5458125,104757.97633779209,
0,2637,6294.276991,RF,32,0.5,22,0.6875,22,3254.83,101.7134375,9831.542661214256,
0,2638,6297.59008,DT,64,0.01,0,0.0,28,104.522,1.63315625,612311.2837488758,
0,2639,6297.736148,MLP,16,0.0,0,0.0,29,199.385,12.4615625,80246.75878325853,
0,2640,6298.014292,SGD,64,0.5,31,0.484375,16,169.951,2.655484375,376579.13163205865,
0,2641,6298.247851,MLP,32,0.05,3,0.09375,17,194.016,6.063,164934.8507339601,
0,2642,6298.482353,LoR,1,0.5,0,0.0,19,148.107,148.107,6751.875333373845,
0,2643,6298.815597,AB,16,0.1,1,0.0625,18,8248.662,515.541375,1939.7085248492422,
0,2644,6307.13589,MLP,64,0.5,35,0.546875,10,211.384,3.302875,302766.5291602014,
0,2645,6307.413255,MLP,16,0.01,0,0.0,27,187.48,11.7175,85342.43652656284,
0,2646,6307.642916,LoR,16,0.05,0,0.0,5,143.077,8.9423125,111827.89686672212,
0,2647,6307.829016,AB,16,1.0,16,1.0,7,7975.543,498.4714375,2006.1329993456245,
0,2648,6315.846178,SGD,1,0.1,0,0.0,12,143.794,143.794,6954.393090115025,
0,2649,6316.159488,LoR,32,0.1,6,0.1875,9,145.727,4.55396875,219588.68294825254,
0,2650,6316.382015,NB,100,0.1,11,0.11,29,149.987,1.49987,666724.4494522859,
0,2651,6316.591013,SGD,32,0.5,20,0.625,21,152.788,4.774625,209440.5319789512,
0,2652,6316.782868,LoR,16,1.0,16,1.0,4,142.353,8.8970625,112396.64776998025,
0,2653,6316.966745,MLP,32,1.0,32,1.0,10,181.944,5.68575,175878.29222178253,
0,2654,6317.197075,MLP,64,0.0,0,0.0,4,193.988,3.0310625,329917.3144730602,
0,2655,6317.432129,LoR,8,0.01,0,0.0,24,139.313,17.414125,57424.6480945784,
0,2656,6317.61984,GB,64,1.0,64,1.0,4,281.158,4.39309375,227630.0158629667,
0,2657,6317.941564,MLP,1,0.05,0,0.0,26,209.34,209.34,4776.917932549919,
0,2658,6318.323302,RF,32,0.05,4,0.125,17,3088.006,96.5001875,10362.674165788538,
0,2659,6321.47405,MLP,8,0.05,1,0.125,28,187.381,23.422625,42693.7629749014,
0,2660,6321.703062,SGD,16,0.0,0,0.0,3,152.324,9.52025,105039.25842283553,
0,2661,6321.922857,AB,64,0.1,5,0.078125,11,8186.278,127.91059375,7817.960738689792,
0,2662,6330.187817,MLP,100,0.1,10,0.1,13,231.748,2.3174799999999998,431503.18449350155,
0,2663,6330.463666,AB,32,1.0,32,1.0,1,8343.311,260.72846875,3835.4077895454216,
0,2664,6338.865585,NB,1,0.01,0,0.0,27,110.959,110.959,9012.337890572193,
0,2665,6339.027041,MLP,8,0.0,0,0.0,19,194.898,24.36225,41047.11182259439,
0,2666,6339.288228,DT,32,0.01,1,0.03125,9,95.946,2.9983125,333520.9388614429,
0,2667,6339.461953,GB,100,0.1,13,0.13,3,322.166,3.22166,310398.9868577069,
0,2668,6339.824682,GB,1,0.05,0,0.0,27,210.363,210.363,4753.687673212495,4.0
0,2669,6353.347556,MLP,100,0.01,0,0.0,28,308.711,3.08711,323927.55684118805,
0,2670,6353.706612,NB,8,1.0,8,1.0,1,129.113,16.139125,61961.2277617281,
0,2671,6353.910269,DT,64,0.5,33,0.515625,1,123.994,1.93740625,516154.0074519735,
0,2672,6354.095543,SGD,16,0.01,1,0.0625,0,178.075,11.1296875,89849.78239505827,
0,2673,6354.336938,LoR,100,0.0,0,0.0,28,179.19,1.7919,558066.8564093979,
0,2674,6354.561523,DT,32,0.0,0,0.0,7,99.277,3.10240625,322330.44914733525,
0,2675,6354.749248,RF,100,0.1,7,0.07,8,3646.412,36.46412,27424.218656586258,
0,2676,6358.43858,RF,8,1.0,8,1.0,16,2918.562,364.82025,2741.075913412153,
0,2677,6361.400091,MLP,1,0.1,0,0.0,20,191.07,191.07,5233.6839901606745,
0,2678,6361.756067,GB,32,1.0,32,1.0,23,323.49,10.1090625,98921.14130266778,
0,2679,6362.140754,GB,16,0.5,8,0.5,17,231.81,14.488125,69022.04391527544,
0,2680,6362.412179,NB,1,0.5,1,1.0,26,110.116,110.116,9081.332413091648,
0,2681,6362.591685,RF,32,0.5,18,0.5625,18,3037.825,94.93203125,10533.852345016583,
0,2682,6365.669143,LoR,1,0.0,0,0.0,5,158.887,158.887,6293.781114880387,
0,2683,6366.012531,AB,64,0.0,0,0.0,23,8456.665,132.135390625,7567.995184863063,
0,2684,6374.531648,GB,16,0.5,6,0.375,11,219.005,13.6878125,73057.69274674094,
0,2685,6374.797419,LoR,32,0.05,0,0.0,14,154.811,4.83784375,206703.65800879782,
0,2686,6375.009466,RF,8,0.5,4,0.5,22,2928.601,366.075125,2731.679733770493,
0,2687,6378.004513,AB,8,0.0,0,0.0,12,8007.103,1000.887875,999.1129126227052,
0,2688,6386.07139,AB,32,1.0,32,1.0,29,8111.416,253.48175,3945.0571885352692,
0,2689,6394.226754,NB,8,0.01,0,0.0,16,113.207,14.150875,70667.00822387308,
0,2690,6394.380911,AB,8,0.1,0,0.0,21,7961.027,995.128375,1004.8954739131019,
0,2691,6402.383612,LoR,8,1.0,8,1.0,9,155.21,19.40125,51543.070678435666,
0,2692,6402.586156,SGD,32,0.01,0,0.0,1,151.572,4.736625,211120.78748053728,
0,2693,6402.808026,NB,64,0.01,1,0.015625,24,132.28,2.066875,483822.19534321135,
0,2694,6403.014826,DT,100,0.1,7,0.07,16,98.204,0.9820399999999999,1018288.4607551628,
0,2695,6403.168595,NB,16,0.1,2,0.125,2,114.027,7.1266875,140317.64406675613,
0,2696,6403.352925,AB,100,0.5,43,0.43,3,8854.183,88.54183,11294.096812771995,
0,2697,6412.250489,MLP,16,0.0,0,0.0,22,191.285,11.9553125,83644.82316961602,
0,2698,6412.484522,GB,16,1.0,16,1.0,26,234.801,14.6750625,68142.81029467507,
0,2699,6412.764381,SGD,1,1.0,1,1.0,26,152.395,152.395,6561.895075297745,
0,2700,6413.068397,MLP,1,0.1,0,0.0,6,163.256,163.256,6125.349144901259,
0,2701,6413.373278,AB,1,0.0,0,0.0,1,8266.908,8266.908,120.96421056094977,2.0
0,2702,6434.773867,AB,8,0.5,3,0.375,17,8043.727,1005.465875,994.5638383798953,
0,2703,6442.903384,RF,100,0.5,48,0.48,5,3586.895,35.86895,27879.266050441955,
0,2704,6446.566898,LoR,64,0.1,2,0.03125,22,191.18,2.9871875,334763.0505282979,
0,2705,6446.799313,SGD,16,1.0,16,1.0,2,156.037,9.7523125,102539.78223113748,
0,2706,6446.995402,MLP,1,0.05,0,0.0,8,172.227,172.227,5806.290535165798,
0,2707,6447.360322,LoR,64,0.5,40,0.625,13,157.269,2.457328125,406946.0605713777,
0,2708,6447.578273,LoR,16,0.05,1,0.0625,8,146.153,9.1345625,109474.31800920953,
0,2709,6447.763521,RF,16,0.0,0,0.0,15,3108.0,194.25,5148.005148005148,
0,2710,6450.945987,NB,64,0.05,2,0.03125,20,148.253,2.316453125,431694.4682401031,
0,2711,6451.161138,RF,64,0.1,9,0.140625,11,3264.632,51.009875,19604.04725555591,
0,2712,6454.468817,AB,1,0.5,1,1.0,18,7800.727,7800.727,128.19317994335657,2.0
0,2713,6475.153376,AB,1,0.05,0,0.0,1,7749.142,7749.142,129.04654476585924,2.0
0,2714,6495.753328,SGD,100,0.0,0,0.0,24,179.626,1.79626,556712.2799594713,
0,2715,6495.97474,SGD,1,0.1,0,0.0,13,147.31,147.31,6788.405403570701,
0,2716,6496.280229,NB,32,0.0,0,0.0,17,121.058,3.7830625,264336.1033554164,
0,2717,6496.460301,LoR,16,0.05,1,0.0625,11,152.479,9.5299375,104932.48250578767,
0,2718,6496.651729,NB,1,0.05,0,0.0,8,99.031,99.031,10097.848148559542,
0,2719,6496.806378,AB,64,0.0,0,0.0,17,8409.848,131.403875,7610.125652687183,
0,2720,6505.288391,SGD,64,0.01,2,0.03125,8,163.877,2.560578125,390536.8050428065,
0,2721,6505.492741,LoR,1,0.1,0,0.0,14,141.024,141.024,7090.991604265941,
0,2722,6505.799309,RF,16,0.05,1,0.0625,21,3142.769,196.4230625,5091.051871772949,
0,2723,6508.98696,LoR,8,0.01,0,0.0,12,163.739,20.467375,48858.24391256817,
0,2724,6509.191425,GB,1,0.5,0,0.0,10,246.947,246.947,4049.45190668443,4.0
0,2725,6522.202849,AB,100,0.5,54,0.54,15,8673.696,86.73696,11529.110542956543,
0,2726,6530.957823,NB,100,0.05,3,0.03,26,148.702,1.48702,672485.9114201558,
0,2727,6531.149028,MLP,8,1.0,8,1.0,26,189.72,23.715,42167.4045962471,
0,2728,6531.415876,MLP,100,0.5,46,0.46,19,234.066,2.34066,427229.9266018986,
0,2729,6531.726008,MLP,100,0.01,1,0.01,26,226.302,2.26302,441887.3894176808,
0,2730,6532.020423,RF,64,0.1,8,0.125,21,3300.2,51.565625,19392.764074904553,
0,2731,6535.402186,DT,100,0.05,3,0.03,18,104.003,1.04003,961510.7256521446,
0,2732,6535.546103,SGD,1,0.1,0,0.0,22,157.906,157.906,6332.881587780072,
0,2733,6535.853255,AB,1,0.5,1,1.0,4,7716.946,7716.946,129.5849420224011,2.0
0,2734,6556.427455,RF,8,0.5,4,0.5,26,2989.008,373.626,2676.473264708559,
0,2735,6559.457544,DT,1,0.0,0,0.0,26,92.459,92.459,10815.60475453985,16.0
0,2736,6559.739365,DT,8,0.0,0,0.0,21,89.946,11.24325,88942.25424143375,
0,2737,6559.870913,LoR,8,0.01,0,0.0,0,156.418,19.55225,51145.00888644529,
0,2738,6560.067301,GB,1,0.5,0,0.0,18,221.114,221.114,4522.553976681712,4.0
0,2739,6573.04069,MLP,16,0.0,0,0.0,12,191.474,11.967125,83562.25910567492,
0,2740,6573.273331,AB,8,0.0,0,0.0,3,7918.666,989.83325,1010.2711744629714,
0,2741,6581.25883,MLP,32,0.5,16,0.5,13,192.869,6.02715625,165915.7251813407,
0,2742,6581.530433,LoR,100,0.5,49,0.49,29,165.889,1.6588900000000002,602812.7241709818,
0,2743,6581.733964,DT,1,0.0,0,0.0,28,84.212,84.212,11874.792191136654,16.0
0,2744,6582.020225,DT,16,0.0,0,0.0,0,87.564,5.47275,182723.49367319906,
0,2745,6582.163461,DT,100,0.01,0,0.0,16,90.997,0.90997,1098937.3276042067,
0,2746,6582.29278,NB,8,0.01,0,0.0,20,108.741,13.592625,73569.3068851675,
0,2747,6582.445428,AB,32,0.0,0,0.0,10,8066.344,252.07325,3967.1008327936424,
0,2748,6590.575941,DT,32,0.5,19,0.59375,20,82.59,2.5809375,387456.10848771036,
0,2749,6590.717796,AB,32,0.1,2,0.0625,23,7937.809,248.05653125,4031.339126451644,
0,2750,6598.699965,NB,16,0.05,0,0.0,21,111.06,6.94125,144066.27048442283,
0,2751,6598.871841,SGD,32,0.5,16,0.5,4,182.822,5.7131875,175033.63927754865,
0,2752,6599.096787,AB,16,0.01,0,0.0,28,8036.621,502.2888125,1990.886468330409,
0,2753,6607.177864,SGD,16,0.01,0,0.0,24,149.87,9.366875,106759.1912991259,
0,2754,6607.37994,LoR,64,0.01,0,0.0,29,178.42,2.7878125,358704.1811456115,
0,2755,6607.61628,DT,8,0.1,1,0.125,26,83.478,10.43475,95833.63281343588,
0,2756,6607.736455,NB,1,0.5,0,0.0,24,97.991,97.991,10205.018828259737,
0,2757,6607.898095,SGD,64,0.0,0,0.0,15,155.726,2.43321875,410978.25668160745,
0,2758,6608.108832,DT,100,0.0,0,0.0,26,92.1,0.9209999999999999,1085776.3300760044,
0,2759,6608.238284,MLP,1,0.5,0,0.0,19,162.469,162.469,6155.020342342232,
0,2760,6608.54593,LoR,8,0.0,0,0.0,22,141.207,17.650875,56654.41514939061,
0,2761,6608.723814,GB,1,1.0,1,1.0,21,210.259,210.259,4756.038980495485,4.0
0,2762,6621.516731,GB,16,1.0,16,1.0,5,221.653,13.8533125,72184.90162551375,
0,2763,6621.781231,GB,8,0.01,0,0.0,22,214.93,26.86625,37221.420927743915,
0,2764,6622.072455,AB,100,0.01,2,0.02,28,8525.743,85.25743,11729.183016659075,
0,2765,6630.676526,DT,100,0.1,18,0.18,2,90.861,0.90861,1100582.2079880256,
0,2766,6630.808214,RF,16,0.01,0,0.0,12,2981.843,186.3651875,5365.8089979921815,
0,2767,6633.848603,MLP,100,0.0,0,0.0,7,254.183,2.54183,393417.3410495588,
0,2768,6634.180477,GB,100,0.05,6,0.06,3,277.658,2.77658,360155.29896491364,
0,2769,6634.498337,GB,8,0.0,0,0.0,22,214.632,26.829,37273.10000372731,
0,2770,6634.75145,GB,1,1.0,1,1.0,13,199.03,199.03,5024.368185700648,4.0
0,2771,6647.429356,RF,32,0.05,4,0.125,23,3063.747,95.74209375,10444.726669662998,
0,2772,6650.537046,SGD,8,0.05,0,0.0,18,162.055,20.256875,49365.95600259171,
0,2773,6650.739601,NB,1,0.05,0,0.0,12,103.851,103.851,9629.180267883796,
0,2774,6650.925912,SGD,100,0.05,4,0.04,29,169.413,1.6941300000000001,590273.4737003653,
0,2775,6651.150429,SGD,100,0.0,0,0.0,19,161.236,1.6123599999999998,620208.8863529237,
0,2776,6651.373348,DT,32,0.5,18,0.5625,28,88.739,2.77309375,360608.07536708773,
0,2777,6651.498792,RF,1,0.1,0,0.0,11,2898.179,2898.179,345.0442501998669,9.99
0,2778,6667.232609,AB,100,0.5,52,0.52,22,8608.841,86.08841000000001,11615.965494077542,
0,2779,6675.88329,NB,1,0.1,0,0.0,27,102.034,102.034,9800.654683732873,
0,2780,6676.041874,GB,64,0.0,0,0.0,2,244.96,3.8275,261267.14565643368,
0,2781,6676.327859,GB,1,0.01,0,0.0,2,204.105,204.105,4899.43901423287,4.0
0,2782,6689.018844,DT,16,0.01,0,0.0,26,89.275,5.5796875,179221.5065807897,
0,2783,6689.1446,SGD,1,1.0,1,1.0,22,154.37,154.37,6477.942605428516,
0,2784,6689.445979,MLP,1,0.05,0,0.0,16,159.744,159.744,6260.016025641025,
0,2785,6689.771349,GB,16,0.5,11,0.6875,25,243.365,15.2103125,65744.86881844143,
0,2786,6690.06832,MLP,8,1.0,8,1.0,13,189.673,23.709125,42177.853463592604,
0,2787,6690.325703,RF,64,0.5,31,0.484375,21,3162.711,49.417359375,20235.804030150084,
0,2788,6693.540058,SGD,64,0.0,0,0.0,3,171.617,2.681515625,372923.4283316921,
0,2789,6693.753255,MLP,8,0.01,0,0.0,29,172.264,21.533,46440.34737379835,
0,2790,6694.040769,AB,100,0.05,7,0.07,14,8530.184,85.30184,11723.076547938475,
0,2791,6702.649362,LoR,100,0.1,10,0.1,22,164.973,1.6497300000000001,606159.7958453808,
0,2792,6702.863511,AB,64,0.0,0,0.0,18,8328.842,130.13815625,7684.141444873128,
0,2793,6711.271329,RF,100,0.05,3,0.03,18,3375.978,33.75978,29621.04610871279,
0,2794,6714.689954,MLP,1,0.01,0,0.0,21,176.687,176.687,5659.725956069206,
0,2795,6715.021958,DT,8,0.05,0,0.0,0,86.518,10.81475,92466.3075891722,
0,2796,6715.147175,NB,1,0.05,0,0.0,22,103.822,103.822,9631.869931228448,
0,2797,6715.298221,LoR,16,1.0,16,1.0,7,147.728,9.233,108307.15910321672,
0,2798,6715.515442,DT,64,0.5,34,0.53125,12,90.53,1.41453125,706947.9730476085,
0,2799,6715.642978,RF,1,0.01,0,0.0,24,2888.329,2888.329,346.2209464365036,11.31
0,2800,6731.274299,SGD,100,0.5,51,0.51,22,175.956,1.7595599999999998,568323.8991566073,
0,2801,6731.490635,RF,1,0.05,0,0.0,27,2885.572,2885.572,346.5517408680151,12.42
0,2802,6748.063755,RF,16,0.1,2,0.125,29,3453.654,215.853375,4632.774447005982,
0,2803,6751.578145,LoR,1,1.0,1,1.0,24,266.735,266.735,3749.0393086771514,
0,2804,6752.012568,DT,16,1.0,16,1.0,27,96.59,6.036875,165648.61786934466,
0,2805,6752.14812,GB,8,1.0,8,1.0,11,273.269,34.158625,29275.18306137908,
0,2806,6752.489925,AB,100,1.0,100,1.0,16,9084.806,90.84806,11007.38970100187,
0,2807,6761.644859,MLP,1,0.05,0,0.0,1,201.209,201.209,4969.956612278775,
0,2808,6762.079902,MLP,100,0.1,2,0.02,5,252.509,2.52509,396025.4882004206,
0,2809,6762.413537,SGD,100,0.5,49,0.49,23,189.981,1.89981,526368.4263163159,
0,2810,6762.661865,RF,16,0.5,11,0.6875,28,3027.142,189.196375,5285.513530584294,
0,2811,6765.742732,DT,64,0.0,0,0.0,0,116.153,1.814890625,550997.3913717252,
0,2812,6765.922544,LoR,32,0.05,2,0.0625,10,213.197,6.66240625,150095.92067430593,
0,2813,6766.180735,AB,32,0.05,0,0.0,5,8107.594,253.3623125,3946.9169275126505,
0,2814,6774.333872,RF,32,0.0,0,0.0,28,3118.54,97.454375,10261.21197739968,
0,2815,6777.533992,NB,100,0.1,14,0.14,25,191.529,1.91529,522114.1445942912,
0,2816,6777.831586,SGD,100,0.05,7,0.07,10,202.629,2.02629,493512.77457817,
0,2817,6778.140924,GB,16,0.5,8,0.5,27,309.602,19.350125,51679.2527180057,
0,2818,6778.49313,LoR,1,0.1,0,0.0,9,188.989,188.989,5291.313251035775,
0,2819,6778.864691,SGD,8,0.1,2,0.25,7,155.84,19.48,51334.702258726895,
0,2820,6779.079877,DT,100,1.0,100,1.0,12,104.782,1.04782,954362.3904869157,
0,2821,6779.260932,AB,100,0.5,55,0.55,20,8865.289,88.65289000000001,11279.9481212626,
0,2822,6788.208392,GB,100,0.5,51,0.51,5,324.148,3.24148,308501.05507360835,
0,2823,6788.597959,SGD,32,0.5,18,0.5625,13,167.86,5.245625,190635.0530203741,
0,2824,6788.807733,AB,8,0.01,0,0.0,3,7977.025,997.128125,1002.8801464205014,
0,2825,6796.844813,NB,100,0.0,0,0.0,0,152.511,1.52511,655690.4092163844,
0,2826,6797.043645,MLP,32,0.01,0,0.0,18,207.547,6.48584375,154181.94433068173,
0,2827,6797.298416,GB,16,1.0,16,1.0,6,228.959,14.3099375,69881.50716940587,
0,2828,6797.586971,LoR,8,0.5,3,0.375,0,156.204,19.5255,51215.077718880435,
0,2829,6797.800866,GB,8,0.1,1,0.125,24,253.118,31.63975,31605.812308883604,
0,2830,6798.10119,AB,32,0.01,0,0.0,23,8179.87,255.6209375,3912.0426119241506,
0,2831,6806.327506,AB,32,1.0,32,1.0,14,8100.256,253.133,3950.49242888126,
0,2832,6814.508001,LoR,100,0.05,7,0.07,3,167.18,1.6718000000000002,598157.674362962,
0,2833,6814.753268,MLP,100,0.5,42,0.42,25,238.21,2.3821,419797.657529071,
0,2834,6815.032105,NB,1,0.5,1,1.0,10,102.379,102.379,9767.628126861953,
0,2835,6815.191142,DT,16,0.01,0,0.0,14,88.633,5.5395625,180519.67100289962,
0,2836,6815.328338,SGD,64,1.0,64,1.0,29,161.728,2.527,395726.1574990107,
0,2837,6815.533894,LoR,8,0.05,0,0.0,24,144.279,18.034875,55448.12481372896,
0,2838,6815.727367,DT,64,1.0,64,1.0,18,89.408,1.397,715819.6134574087,
0,2839,6815.87096,DT,100,1.0,100,1.0,25,90.549,0.90549,1104374.4271057658,
0,2840,6816.02832,GB,64,0.01,1,0.015625,20,251.82,3.9346875,254149.78953220556,
0,2841,6816.34354,GB,32,0.5,15,0.46875,1,237.796,7.431125,134569.12647815776,
0,2842,6816.621901,DT,1,0.01,0,0.0,0,88.044,88.044,11357.957384943893,16.0
0,2843,6816.939042,GB,100,0.01,0,0.0,7,279.687,2.79687,357542.53862353275,
0,2844,6817.276875,LoR,100,0.0,0,0.0,8,176.316,1.76316,567163.5018943261,
0,2845,6817.495029,SGD,16,1.0,16,1.0,8,151.387,9.4616875,105689.39208782789,
0,2846,6817.706314,DT,16,0.1,4,0.25,21,91.573,5.7233125,174723.99069594752,
0,2847,6817.835369,SGD,1,0.5,0,0.0,8,172.399,172.399,5800.497682701176,
0,2848,6818.178009,AB,8,0.0,0,0.0,7,7908.116,988.5145,1011.6189494438372,
0,2849,6826.129791,GB,8,0.05,0,0.0,21,210.974,26.37175,37919.36447145146,
0,2850,6826.40505,NB,32,0.05,4,0.125,14,122.617,3.83178125,260975.23181940513,
0,2851,6826.566728,SGD,16,1.0,16,1.0,22,155.852,9.74075,102661.49937119831,
0,2852,6826.762376,SGD,1,0.01,0,0.0,5,143.929,143.929,6947.870130411522,
0,2853,6827.080265,SGD,32,0.5,19,0.59375,27,152.135,4.75421875,210339.50110099584,
0,2854,6827.272516,LoR,16,1.0,16,1.0,29,142.386,8.899125,112370.59823297235,
0,2855,6827.45991,RF,32,0.01,0,0.0,17,3198.863,99.96446875,10003.554387918457,
0,2856,6830.703149,GB,16,1.0,16,1.0,9,235.662,14.728875,67893.84796870094,
0,2857,6831.017916,GB,100,0.5,52,0.52,22,300.363,3.00363,332930.4874435267,
0,2858,6831.359591,GB,1,0.01,0,0.0,4,209.561,209.561,4771.880263980416,4.0
0,2859,6844.45098,LoR,1,0.5,0,0.0,16,155.523,155.523,6429.917118368345,
0,2860,6844.762196,MLP,32,0.01,0,0.0,9,196.493,6.14040625,162855.6742479376,
0,2861,6845.017681,NB,100,0.0,0,0.0,16,151.706,1.5170599999999999,659169.7098334938,
0,2862,6845.228577,SGD,16,0.01,1,0.0625,16,154.03,9.626875,103875.86833733688,
0,2863,6845.439665,AB,8,0.05,1,0.125,13,8021.531,1002.691375,997.3158490567449,
0,2864,6853.503073,SGD,1,0.01,0,0.0,9,147.171,147.171,6794.816913658262,
0,2865,6853.806338,AB,32,0.01,0,0.0,25,8388.613,262.14415625,3814.694991889601,
0,2866,6862.283037,DT,8,0.1,1,0.125,8,87.273,10.909125,91666.38020922852,
0,2867,6862.452327,RF,100,0.5,48,0.48,18,3613.569,36.13569,27673.471850129332,
0,2868,6866.118414,DT,32,0.01,0,0.0,26,100.386,3.1370625,318769.5495387803,
0,2869,6866.299012,LoR,100,0.01,4,0.04,25,199.428,1.99428,501434.1015303769,
0,2870,6866.577875,DT,100,0.1,11,0.11,14,99.476,0.99476,1005267.6022357151,
0,2871,6866.746001,RF,8,0.1,2,0.25,24,3017.456,377.182,2651.2399849409567,
0,2872,6869.804138,AB,1,0.0,0,0.0,11,7801.178,7801.178,128.18576886721468,2.0
0,2873,6890.603091,DT,32,0.5,16,0.5,8,92.4,2.8875,346320.3463203463,
0,2874,6890.764154,RF,64,0.05,6,0.09375,24,3303.417,51.615890625,19373.87862325586,
0,2875,6894.149881,AB,100,0.05,6,0.06,9,8724.709,87.24709000000001,11461.700327197159,
0,2876,6902.918048,AB,16,1.0,16,1.0,6,8053.972,503.37325,1986.5974205025793,
0,2877,6911.038987,SGD,32,0.5,10,0.3125,12,167.325,5.22890625,191244.5838936202,
0,2878,6911.257266,DT,64,1.0,64,1.0,2,89.7,1.4015625,713489.409141583,
0,2879,6911.414483,AB,64,0.5,31,0.484375,20,8323.812,130.0595625,7688.784898073142,
0,2880,6919.812622,NB,64,0.05,3,0.046875,25,140.668,2.1979375,454971.99078681716,
0,2881,6919.997356,MLP,32,1.0,32,1.0,6,210.596,6.581125,151949.7046477616,
0,2882,6920.246676,NB,1,1.0,1,1.0,14,100.434,100.434,9956.787542067428,
0,2883,6920.393898,DT,8,0.0,0,0.0,17,87.537,10.942125,91389.92654534653,
0,2884,6920.522902,SGD,16,0.01,0,0.0,25,154.068,9.62925,103850.24794246696,
0,2885,6920.718803,LoR,1,0.05,0,0.0,29,144.158,144.158,6936.833196908948,
0,2886,6921.024044,MLP,32,0.0,0,0.0,15,190.856,5.96425,167665.67464475834,
0,2887,6921.273173,RF,100,1.0,100,1.0,12,3333.036,33.33036,30002.676238720494,
0,2888,6924.659447,RF,64,0.0,0,0.0,24,3282.933,51.295828125,19494.762762444436,
0,2889,6927.986097,RF,16,0.0,0,0.0,28,3076.581,192.2863125,5200.578174278525,
0,2890,6931.115006,GB,64,0.0,0,0.0,16,305.869,4.779203125,209239.90335731962,
0,2891,6931.480796,GB,100,0.0,0,0.0,21,290.354,2.90354,344407.1719349484,
0,2892,6931.81208,GB,8,1.0,8,1.0,5,218.643,27.330375,36589.32597887881,
0,2893,6932.101816,MLP,64,0.5,33,0.515625,7,226.49,3.53890625,282573.1820389421,
0,2894,6932.392062,GB,32,0.1,3,0.09375,1,235.181,7.34940625,136065.41344751487,
0,2895,6932.665834,DT,1,1.0,1,1.0,0,88.908,88.908,11247.581769919467,4.0
0,2896,6932.946481,SGD,1,1.0,1,1.0,16,155.466,155.466,6432.274580937311,
0,2897,6933.254618,DT,1,0.0,0,0.0,18,84.163,84.163,11881.705737675702,16.0
0,2898,6933.52606,MLP,8,0.1,0,0.0,11,181.056,22.632,44185.22446094026,
0,2899,6933.765696,MLP,100,1.0,100,1.0,17,232.189,2.32189,430683.6241165602,
0,2900,6934.03703,DT,1,0.0,0,0.0,10,86.369,86.369,11578.22829950561,16.0
0,2901,6934.340653,RF,64,0.1,4,0.0625,19,3221.273,50.332390625,19867.92178123369,
0,2902,6937.627299,MLP,16,0.05,1,0.0625,20,196.068,12.25425,81604.34135095986,
0,2903,6937.902302,NB,100,0.5,57,0.57,17,157.714,1.57714,634059.1196723182,
0,2904,6938.105934,AB,32,0.01,0,0.0,20,8104.672,253.271,3948.339920480434,
0,2905,6946.253032,LoR,1,0.05,0,0.0,5,147.146,147.146,6795.971348184797,
0,2906,6946.550725,AB,1,0.05,0,0.0,23,7662.748,7662.748,130.50148588991834,2.0
0,2907,6967.175348,LoR,1,0.5,1,1.0,18,152.549,152.549,6555.270765458967,
0,2908,6967.495091,MLP,8,0.1,2,0.25,25,175.556,21.9445,45569.50488732939,
0,2909,6967.710351,AB,8,0.0,0,0.0,8,7930.176,991.272,1008.8048487196248,
0,2910,6975.694719,NB,64,0.01,0,0.0,10,131.601,2.056265625,486318.49302056973,
0,2911,6975.866326,GB,1,0.05,0,0.0,6,208.909,208.909,4786.773188326018,4.0
0,2912,6989.412906,NB,8,0.05,1,0.125,23,132.141,16.517625,60541.39139252768,
0,2913,6989.609262,MLP,100,1.0,100,1.0,11,296.538,2.96538,337224.90878066217,
0,2914,6989.971581,SGD,100,1.0,100,1.0,11,200.422,2.00422,498947.22136292426,
0,2915,6990.232034,RF,16,0.05,1,0.0625,4,3104.149,194.0093125,5154.391751169162,
0,2916,6993.379398,SGD,1,0.1,0,0.0,5,192.508,192.508,5194.589315768695,
0,2917,6993.731252,NB,1,0.05,0,0.0,11,103.759,103.759,9637.71817384516,
0,2918,6993.880811,RF,1,0.01,0,0.0,13,2965.409,2965.409,337.22161091437977,10.4
0,2919,7009.964193,LoR,16,0.5,9,0.5625,19,180.068,11.25425,88855.32132305573,
0,2920,7010.188332,RF,32,1.0,32,1.0,14,3002.248,93.82025,10658.679762631202,
0,2921,7013.232961,MLP,1,0.1,0,0.0,2,180.129,180.129,5551.5769254256675,
0,2922,7013.566894,GB,1,0.5,1,1.0,12,238.333,238.333,4195.8100640700195,4.0
0,2923,7026.66958,AB,1,0.0,0,0.0,26,8050.909,8050.909,124.20957683163479,2.0
0,2924,7047.46099,MLP,64,0.05,4,0.0625,0,253.536,3.9615,252429.6352391771,
0,2925,7047.794718,LoR,100,0.5,49,0.49,2,200.675,2.0067500000000003,498318.17615547526,
0,2926,7048.033229,GB,1,1.0,1,1.0,0,249.197,249.197,4012.889400755226,4.0
0,2927,7060.814794,DT,64,0.01,0,0.0,20,95.873,1.498015625,667549.7793956588,
0,2928,7060.979025,SGD,64,0.1,10,0.15625,20,166.182,2.59659375,385119.9287528132,
0,2929,7061.212408,LoR,64,0.5,29,0.453125,20,154.936,2.420875,413073.7853049001,
0,2930,7061.406736,LoR,16,1.0,16,1.0,2,141.995,8.8746875,112680.02394450508,
0,2931,7061.592399,SGD,32,0.01,0,0.0,6,145.268,4.539625,220282.51232205302,
0,2932,7061.776276,RF,1,0.05,0,0.0,1,3048.687,3048.687,328.0100581004216,9.99
0,2933,7078.286958,RF,8,0.0,0,0.0,23,2986.625,373.328125,2678.6087975557693,
0,2934,7081.346312,DT,100,0.01,0,0.0,24,103.849,1.0384900000000001,962936.571368044,
0,2935,7081.529319,RF,100,0.1,9,0.09,19,3500.748,35.00748,28565.32375366636,
0,2936,7085.074608,DT,1,0.05,0,0.0,7,93.437,93.437,10702.398407483117,16.0
0,2937,7085.393469,DT,64,0.5,28,0.4375,15,98.31,1.53609375,651001.9326619876,
0,2938,7085.530071,DT,1,0.1,0,0.0,5,85.043,85.043,11758.757334524886,4.0
0,2939,7085.836779,GB,100,0.1,8,0.08,23,377.622,3.7762200000000004,264815.07962989446,
0,2940,7086.253934,MLP,1,1.0,1,1.0,1,201.337,201.337,4966.7969623069785,
0,2941,7086.637247,MLP,32,0.1,2,0.0625,29,197.575,6.17421875,161963.81121093256,
0,2942,7086.911595,SGD,100,0.1,12,0.12,13,172.727,1.72727,578948.2825499198,
0,2943,7087.123987,RF,1,0.05,0,0.0,13,3011.305,3011.305,332.0819378973568,9.99
0,2944,7103.170576,RF,32,0.01,0,0.0,12,3137.572,98.049125,10198.969139194256,
0,2945,7106.389824,SGD,100,0.01,3,0.03,4,186.601,1.86601,535902.8086666202,
0,2946,7106.617354,GB,1,0.05,0,0.0,26,236.277,236.277,4232.320539028344,4.0
0,2947,7119.654364,GB,8,1.0,8,1.0,21,221.557,27.694625,36108.08956611617,
0,2948,7119.935996,RF,8,0.5,4,0.5,16,3029.649,378.706125,2640.569914204583,
0,2949,7123.028974,AB,8,0.1,1,0.125,7,8025.587,1003.198375,996.8118219888464,
0,2950,7131.116292,SGD,8,0.5,3,0.375,26,156.419,19.552375,51144.68191204393,
0,2951,7131.31382,SGD,16,1.0,16,1.0,12,149.136,9.321,107284.626113078,
0,2952,7131.531654,MLP,64,0.5,30,0.46875,21,216.006,3.37509375,296288.0660722387,
0,2953,7131.78791,AB,1,0.01,0,0.0,22,7828.031,7828.031,127.74604495051182,2.0
0,2954,7153.510804,MLP,8,0.5,7,0.875,28,198.411,24.801375,40320.345142154416,
0,2955,7153.79133,MLP,100,0.05,2,0.02,11,247.795,2.47795,403559.3938537905,
0,2956,7154.105498,LoR,32,0.1,5,0.15625,8,165.671,5.17721875,193153.90140700547,
0,2957,7154.346041,GB,64,0.1,6,0.09375,7,277.13,4.33015625,230938.54869555804,
0,2958,7154.701751,SGD,100,0.05,5,0.05,12,180.849,1.80849,552947.4865771998,
0,2959,7154.95765,GB,100,0.1,7,0.07,11,285.1,2.8510000000000004,350754.12136092596,
0,2960,7155.300163,GB,100,1.0,100,1.0,23,289.293,2.8929300000000002,345670.3065749949,
0,2961,7155.655015,LoR,32,0.1,1,0.03125,1,163.55,5.1109375,195658.81993274228,
0,2962,7155.858157,AB,1,0.05,0,0.0,28,8016.885,8016.885,124.73672754442654,2.0
0,2963,7176.948936,NB,100,0.05,4,0.04,15,164.863,1.64863,606564.2381856451,
0,2964,7177.170261,AB,100,1.0,100,1.0,8,8636.532,86.36532,11578.72164428963,
0,2965,7185.85085,AB,16,0.0,0,0.0,5,7875.676,492.22975,2031.5716390567616,
0,2966,7193.767787,DT,1,0.01,0,0.0,4,81.003,81.003,12345.221781909311,16.0
0,2967,7194.109888,MLP,32,0.05,3,0.09375,15,225.193,7.03728125,142100.33171546183,
0,2968,7194.410092,DT,100,0.5,44,0.44,0,94.127,0.9412699999999999,1062394.42455406,
0,2969,7194.576327,LoR,100,0.1,12,0.12,21,172.585,1.72585,579424.6313410783,
0,2970,7194.797621,NB,64,1.0,64,1.0,24,128.07,2.00109375,499726.71195439994,
0,2971,7194.967535,DT,32,1.0,32,1.0,9,88.229,2.75715625,362692.53873442975,
0,2972,7195.090913,MLP,1,1.0,1,1.0,15,165.924,165.924,6026.855668860442,
0,2973,7195.426972,AB,100,0.0,0,0.0,3,8619.951,86.19950999999999,11600.994019571574,
0,2974,7204.107035,GB,100,0.01,0,0.0,21,310.887,3.10887,321660.28171007475,
0,2975,7204.460829,DT,8,0.01,0,0.0,6,88.935,11.116875,89953.33670658346,
0,2976,7204.608236,LoR,16,0.5,5,0.3125,8,154.135,9.6334375,103805.10591364713,
0,2977,7204.826964,DT,32,0.5,19,0.59375,17,88.553,2.76728125,361365.5099206125,
0,2978,7204.955512,NB,32,0.0,0,0.0,24,116.626,3.6445625,274381.35578687425,
0,2979,7205.136465,RF,64,0.05,4,0.0625,17,3545.432,55.397375,18051.3968396517,
0,2980,7208.755063,SGD,64,0.05,6,0.09375,6,176.446,2.75696875,362717.20526393346,
0,2981,7209.006801,SGD,100,0.5,52,0.52,17,169.133,1.69133,591250.67254764,
0,2982,7209.215068,RF,16,0.0,0,0.0,16,3036.54,189.78375,5269.155025127283,
0,2983,7212.297177,LoR,16,0.01,0,0.0,1,162.508,10.15675,98456.69136288675,
0,2984,7212.50346,GB,16,0.01,0,0.0,23,244.977,15.3110625,65312.25380341828,
0,2985,7212.793553,NB,32,1.0,32,1.0,1,124.185,3.88078125,257680.0740830213,
0,2986,7212.965933,DT,64,0.0,0,0.0,10,98.239,1.534984375,651472.4294831991,
0,2987,7213.120265,GB,8,0.05,1,0.125,13,218.51,27.31375,36611.5967232621,
0,2988,7213.382358,NB,32,0.0,0,0.0,6,120.057,3.75178125,266540.06013810105,
0,2989,7213.562815,LoR,32,0.1,1,0.03125,10,155.251,4.85159375,206117.83498979072,
0,2990,7213.757485,SGD,8,0.1,0,0.0,6,144.521,18.065125,55355.27708775888,
0,2991,7213.943609,DT,1,0.5,1,1.0,10,135.137,135.137,7399.897881409236,4.0
0,2992,7214.281259,DT,64,0.01,0,0.0,25,92.75,1.44921875,690026.9541778975,
0,2993,7214.415457,SGD,32,0.0,0,0.0,10,153.29,4.7903125,208754.64805271055,
0,2994,7214.617357,DT,64,1.0,64,1.0,17,87.93,1.37390625,727851.7002160809,
0,2995,7214.746476,SGD,32,1.0,32,1.0,23,151.191,4.72471875,211652.81002176055,
0,2996,7214.936035,DT,1,0.5,0,0.0,27,84.851,84.851,11785.364933825176,16.0
0,2997,7215.208379,GB,32,0.01,0,0.0,29,255.938,7.9980625,125030.28077112426,
0,2998,7215.514418,SGD,64,1.0,64,1.0,12,163.13,2.54890625,392325.1394593269,
0,2999,7215.717572,RF,16,0.0,0,0.0,13,3022.4,188.9,5293.806246691371,
0,3000,7218.782514,SGD,1,0.5,0,0.0,24,156.221,156.221,6401.18806050403,
0,3001,7219.099036,GB,64,1.0,64,1.0,20,254.397,3.974953125,251575.29373380975,
0,3002,7219.417578,LoR,32,0.1,5,0.15625,19,159.305,4.97828125,200872.54009604218,
0,3003,7219.635273,LoR,16,0.5,9,0.5625,24,146.426,9.151625,109270.21157444717,
0,3004,7219.882477,DT,100,0.05,7,0.07,25,95.268,0.95268,1049670.403493303,
0,3005,7220.035794,DT,32,0.1,4,0.125,27,85.861,2.68315625,372695.40303513815,
0,3006,7220.155636,LoR,1,0.0,0,0.0,12,143.25,143.25,6980.802792321117,
0,3007,7220.465867,LoR,16,0.5,10,0.625,5,144.024,9.0015,111092.59567849802,
0,3008,7220.667643,NB,16,0.1,1,0.0625,21,110.767,6.9229375,144447.35345364595,
0,3009,7220.831349,AB,8,0.1,1,0.125,22,7756.056,969.507,1031.4520679066784,
0,3010,7228.628646,DT,1,0.5,0,0.0,11,77.094,77.094,12971.17804238981,16.0
0,3011,7228.924762,DT,100,0.05,3,0.03,4,93.186,0.93186,1073122.5720601806,
0,3012,7229.058695,RF,16,0.01,0,0.0,7,3030.797,189.4248125,5279.139447478667,
0,3013,7232.131014,LoR,8,0.0,0,0.0,24,160.19,20.02375,49940.69542418378,
0,3014,7232.361177,NB,64,0.05,4,0.0625,16,133.701,2.089078125,478680.03979027836,
0,3015,7232.53366,DT,8,0.01,0,0.0,18,87.813,10.976625,91102.68411283067,
0,3016,7232.677444,NB,16,0.1,2,0.125,16,109.331,6.8331875,146344.58662227547,
0,3017,7232.839163,SGD,100,1.0,100,1.0,22,168.456,1.6845599999999998,593626.8224343449,
0,3018,7233.049439,GB,32,0.0,0,0.0,25,228.299,7.13434375,140167.06161656423,
0,3019,7233.340581,GB,32,0.1,2,0.0625,19,258.885,8.09015625,123607.00697220775,
0,3020,7233.662237,GB,1,0.0,0,0.0,26,202.155,202.155,4946.699314882145,4.0
0,3021,7246.43572,AB,16,0.0,0,0.0,15,7861.256,491.3285,2035.298176271069,
0,3022,7254.368411,RF,64,0.1,3,0.046875,12,3159.017,49.359640625,20259.466789827344,
0,3023,7257.599859,GB,64,0.5,30,0.46875,17,272.741,4.261578125,234654.85570559616,
0,3024,7257.92349,MLP,64,1.0,64,1.0,4,236.518,3.69559375,270592.51304340473,
0,3025,7258.211073,NB,64,0.0,0,0.0,13,133.785,2.090390625,478379.4894793886,
0,3026,7258.399993,GB,100,1.0,100,1.0,21,288.344,2.88344,346807.9793579891,
0,3027,7258.758555,MLP,64,0.5,32,0.5,9,221.801,3.465640625,288546.94072614645,
0,3028,7259.020493,LoR,16,0.0,0,0.0,25,147.336,9.2085,108595.31954172775,
0,3029,7259.228808,SGD,32,0.1,4,0.125,4,149.955,4.68609375,213397.35253909504,
0,3030,7259.420389,RF,32,0.0,0,0.0,23,3091.422,96.6069375,10351.223482268031,
0,3031,7262.57351,SGD,8,0.1,1,0.125,28,162.677,20.334625,49177.20390712885,
0,3032,7262.773844,MLP,1,0.0,0,0.0,26,164.24,164.24,6088.650754992694,
0,3033,7263.084008,LoR,1,0.01,0,0.0,14,137.134,137.134,7292.137617221113,
0,3034,7263.393162,SGD,16,0.0,0,0.0,5,142.392,8.8995,112365.86325074443,
0,3035,7263.584801,MLP,64,0.0,0,0.0,1,199.096,3.110875,321452.9674127054,
0,3036,7263.853375,NB,64,0.05,1,0.015625,12,129.947,2.030421875,492508.4842281853,
0,3037,7264.029057,LoR,16,0.05,0,0.0,25,175.134,10.945875,91358.6168305412,
0,3038,7264.243692,SGD,8,0.05,0,0.0,8,141.956,17.7445,56355.490433655505,
0,3039,7264.423501,SGD,1,0.1,0,0.0,14,136.884,136.884,7305.455714327461,
0,3040,7264.700715,DT,1,0.01,0,0.0,12,82.229,82.229,12161.159688187865,7.0
0,3041,7264.969938,NB,32,1.0,32,1.0,25,119.746,3.7420625,267232.30838608387,
0,3042,7265.128093,GB,1,0.5,1,1.0,29,203.308,203.308,4918.645601747103,4.0
0,3043,7277.846763,NB,16,0.1,1,0.0625,19,114.782,7.173875,139394.67860814414,
0,3044,7278.03318,NB,8,0.05,0,0.0,0,103.99,12.99875,76930.47408404655,
0,3045,7278.201492,GB,64,0.01,1,0.015625,22,253.033,3.953640625,252931.4358206242,
0,3046,7278.531067,GB,100,0.05,6,0.06,22,280.87,2.8087,356036.60056253785,
0,3047,7278.852299,NB,1,0.01,0,0.0,26,105.729,105.729,9458.142988205696,
0,3048,7279.022135,RF,8,0.05,1,0.125,1,3016.338,377.04225,2652.222662049147,
0,3049,7282.084472,RF,32,0.0,0,0.0,5,3008.332,94.010375,10637.123828088124,
0,3050,7285.138643,RF,16,0.01,0,0.0,2,3046.501,190.4063125,5251.926718553514,
0,3051,7288.23041,SGD,16,0.01,0,0.0,22,165.975,10.3734375,96400.06025003766,
0,3052,7288.436683,RF,1,0.5,1,1.0,26,2893.781,2893.781,345.5686522235097,8.62
0,3053,7304.519173,SGD,16,0.01,0,0.0,7,175.849,10.9905625,90987.15375122975,
0,3054,7304.749089,LoR,64,0.0,0,0.0,26,159.004,2.4844375,402505.5973434631,
0,3055,7304.985699,GB,100,0.5,46,0.46,1,325.941,3.25941,306803.9921335457,
0,3056,7305.392371,NB,100,0.1,9,0.09,11,157.85,1.5785,633512.8286347799,
0,3057,7305.609775,LoR,32,0.05,2,0.0625,21,185.477,5.79615625,172528.13017247422,
0,3058,7305.834315,SGD,8,0.0,0,0.0,4,170.974,21.37175,46790.740112531734,
0,3059,7306.078665,LoR,32,0.05,2,0.0625,0,146.58,4.580625,218310.82003001773,
0,3060,7306.26162,AB,8,0.0,0,0.0,27,7950.204,993.7755,1006.2634870753002,
0,3061,7314.270734,LoR,100,1.0,100,1.0,0,164.077,1.64077,609469.9439897122,
0,3062,7314.49797,DT,32,0.01,1,0.03125,3,85.342,2.6669375,374961.91793021024,
0,3063,7314.620801,MLP,1,0.5,0,0.0,26,169.652,169.652,5894.419163935586,
0,3064,7314.952078,LoR,64,0.0,0,0.0,4,151.298,2.36403125,423006.25256117067,
0,3065,7315.140169,RF,1,0.0,0,0.0,24,3011.203,3011.203,332.0931866765542,12.26
0,3066,7330.984447,GB,32,0.5,16,0.5,7,259.697,8.11553125,123220.52237800206,
0,3067,7331.319964,AB,100,0.1,7,0.07,9,8835.996,88.35995999999999,11317.343285352326,
0,3068,7340.214068,NB,8,0.0,0,0.0,13,125.175,15.646875,63910.52526462952,
0,3069,7340.38247,MLP,1,0.01,0,0.0,20,197.499,197.499,5063.316776287475,
0,3070,7340.752461,NB,16,0.01,0,0.0,17,116.293,7.2683125,137583.51749460414,
0,3071,7340.908748,MLP,16,0.0,0,0.0,10,187.082,11.692625,85523.99482579832,
0,3072,7341.13753,MLP,16,0.0,0,0.0,17,178.068,11.12925,89853.3144641373,
0,3073,7341.356673,RF,1,0.05,0,0.0,14,3069.346,3069.346,325.80230446485996,10.01
0,3074,7358.122839,GB,8,0.0,0,0.0,1,272.246,34.03075,29385.188395789104,
0,3075,7358.477089,DT,64,0.01,1,0.015625,11,99.052,1.5476875,646125.2675362435,
0,3076,7358.611569,RF,1,0.0,0,0.0,4,2946.986,2946.986,339.3297423197803,9.99
0,3077,7374.470831,MLP,16,0.05,0,0.0,25,214.318,13.394875,74655.41858360007,
0,3078,7374.744583,NB,8,0.05,1,0.125,26,116.564,14.5705,68631.82457705638,
0,3079,7374.917902,DT,16,0.05,2,0.125,19,87.948,5.49675,181925.68335834812,
0,3080,7375.040703,RF,1,1.0,1,1.0,20,2929.831,2929.831,341.31661519043246,7.88
0,3081,7390.935632,NB,100,1.0,100,1.0,5,156.641,1.5664099999999999,638402.4616798923,
0,3082,7391.13166,MLP,8,0.0,0,0.0,2,189.456,23.682,42226.16333079977,
0,3083,7391.36623,SGD,16,0.1,0,0.0,27,156.598,9.787375,102172.4415382061,
0,3084,7391.583077,SGD,16,0.01,1,0.0625,8,148.31,9.269375,107882.13876340099,
0,3085,7391.767949,DT,1,1.0,1,1.0,4,84.089,84.089,11892.161876107457,4.0
0,3086,7392.057789,SGD,16,0.5,7,0.4375,27,156.356,9.77225,102330.57893525033,
0,3087,7392.261125,LoR,16,0.01,0,0.0,10,148.293,9.2683125,107894.50614661514,
0,3088,7392.471154,AB,32,0.05,4,0.125,3,8222.971,256.96784375,3891.537499037757,
0,3089,7400.740057,NB,16,0.1,0,0.0,10,114.395,7.1496875,139866.25289566853,
0,3090,7400.894244,MLP,16,0.0,0,0.0,25,179.201,11.2000625,89285.21604232119,
0,3091,7401.131019,DT,100,0.0,0,0.0,10,94.785,0.94785,1055019.2541013875,
0,3092,7401.287621,GB,32,0.5,18,0.5625,25,259.788,8.118375,123177.36000123176,
0,3093,7401.587986,SGD,1,0.05,0,0.0,20,152.949,152.949,6538.127088114338,
0,3094,7401.898645,LoR,8,0.0,0,0.0,25,188.116,23.5145,42526.95145548491,
0,3095,7402.149831,AB,32,0.5,12,0.375,7,8192.186,256.0058125,3906.161310302281,
0,3096,7410.415254,DT,64,0.5,32,0.5,2,88.576,1.384,722543.3526011561,
0,3097,7410.542729,DT,1,0.5,1,1.0,13,78.268,78.268,12776.613686308581,11.0
0,3098,7410.814825,LoR,64,1.0,64,1.0,28,164.027,2.562921875,390179.66554286797,
0,3099,7411.022564,MLP,16,0.1,0,0.0,2,176.821,11.0513125,90486.98966751687,
0,3100,7411.275236,SGD,100,0.5,60,0.6,25,164.372,1.64372,608376.1224539459,
0,3101,7411.482421,SGD,32,0.0,0,0.0,4,148.239,4.63246875,215867.6191825363,
0,3102,7411.673708,NB,32,0.0,0,0.0,26,117.792,3.681,271665.30834012496,
0,3103,7411.848533,DT,100,0.0,0,0.0,17,95.492,0.95492,1047208.1430905206,
0,3104,7412.01105,RF,64,0.05,6,0.09375,1,3335.19,52.11234375,19189.31155346472,
0,3105,7415.389519,GB,1,0.1,0,0.0,0,234.841,234.841,4258.200229091172,4.0
0,3106,7428.794418,RF,100,0.05,2,0.02,0,3521.168,35.21168,28399.66738309561,
0,3107,7432.364911,SGD,8,0.1,0,0.0,17,182.456,22.807,43846.18757399044,
0,3108,7432.592592,RF,16,0.05,0,0.0,13,3144.968,196.5605,5087.4921461839995,
0,3109,7435.799374,AB,100,0.0,0,0.0,14,8840.807,88.40807000000001,11311.184601134262,
0,3110,7444.722668,LoR,100,0.5,42,0.42,25,178.004,1.7800399999999998,561785.1284240804,
0,3111,7444.945465,NB,32,1.0,32,1.0,22,125.961,3.93628125,254046.8875286795,
0,3112,7445.128029,RF,8,0.5,4,0.5,13,3077.691,384.711375,2599.3512669075617,
0,3113,7448.248304,NB,8,1.0,8,1.0,18,120.693,15.086625,66283.87727540123,
0,3114,7448.412615,DT,32,0.0,0,0.0,0,94.055,2.93921875,340226.46323959384,
0,3115,7448.547139,GB,8,0.01,0,0.0,26,244.781,30.597625,32682.275176586416,
0,3116,7448.86327,MLP,64,0.1,9,0.140625,10,236.192,3.6905,270965.9937677821,
0,3117,7449.14442,SGD,8,0.05,0,0.0,28,152.639,19.079875,52411.24483257883,
0,3118,7449.339444,GB,16,0.01,0,0.0,7,224.54,14.03375,71256.79166295538,
0,3119,7449.609032,SGD,32,0.0,0,0.0,16,160.721,5.02253125,199102.7930388686,
0,3120,7449.812747,AB,16,0.05,0,0.0,26,8054.822,503.426375,1986.3877811328418,
0,3121,7457.909449,LoR,1,0.01,0,0.0,18,150.058,150.058,6664.089885244372,
0,3122,7458.216727,RF,8,0.05,0,0.0,12,2996.284,374.5355,2669.97387430564,
0,3123,7461.266283,NB,64,0.0,0,0.0,1,142.581,2.227828125,448867.6611890785,
0,3124,7461.485657,MLP,100,0.1,6,0.06,16,247.902,2.47902,403385.2086711685,
0,3125,7461.803318,GB,64,0.05,3,0.046875,22,265.839,4.153734375,240747.2191815347,
0,3126,7462.131816,RF,16,0.1,1,0.0625,0,3068.301,191.7688125,5214.612256098733,
0,3127,7465.267693,SGD,32,0.1,1,0.03125,12,170.754,5.3360625,187404.10180727832,
0,3128,7465.509482,GB,64,0.1,3,0.046875,1,256.634,4.00990625,249382.3889274219,
0,3129,7465.825589,GB,8,0.5,5,0.625,6,253.781,31.722625,31523.242480721565,
0,3130,7466.120723,AB,1,0.5,0,0.0,25,7748.683,7748.683,129.054188950561,2.0
0,3131,7486.753218,DT,8,1.0,8,1.0,11,89.999,11.249875,88889.87655418394,
0,3132,7486.887081,RF,32,1.0,32,1.0,12,3058.395,95.57484375,10463.004288196913,
0,3133,7490.014989,GB,16,0.05,4,0.25,13,237.131,14.8206875,67473.25318073132,
0,3134,7490.293695,DT,1,0.05,0,0.0,16,88.653,88.653,11279.934125184709,16.0
0,3135,7490.59498,AB,32,0.05,2,0.0625,7,8153.717,254.80365625,3924.5904659187954,
0,3136,7498.830101,AB,100,0.5,57,0.57,29,8683.458,86.83458,11516.149441846785,
0,3137,7507.580725,DT,32,0.5,14,0.4375,0,86.344,2.69825,370610.58093208564,
0,3138,7507.743723,NB,100,0.5,52,0.52,5,150.935,1.50935,662536.8536124822,
0,3139,7507.955284,DT,32,0.5,17,0.53125,9,90.778,2.8368125,352508.31699310406,
0,3140,7508.086942,AB,32,1.0,32,1.0,3,8114.393,253.57478125,3943.609830088338,
0,3141,7516.273331,NB,64,0.5,32,0.5,25,133.532,2.0864375,479285.86406254675,
0,3142,7516.446564,NB,16,1.0,16,1.0,11,109.737,6.8585625,145803.14752544722,
0,3143,7516.611097,MLP,8,0.5,4,0.5,9,191.812,23.9765,41707.50526557254,
0,3144,7516.86384,LoR,16,0.05,1,0.0625,15,151.441,9.4650625,105651.70594488943,
0,3145,7517.054759,GB,1,0.5,0,0.0,17,210.97,210.97,4740.010428022942,4.0
0,3146,7530.051185,GB,16,0.01,0,0.0,1,228.916,14.30725,69894.63383948697,
0,3147,7530.33304,GB,64,0.01,0,0.0,19,246.656,3.854,259470.6798131811,
0,3148,7530.630892,RF,64,1.0,64,1.0,3,3190.594,49.85303125,20058.960807924792,
0,3149,7533.869291,MLP,32,1.0,32,1.0,12,251.042,7.8450625,127468.71041499032,
0,3150,7534.181395,DT,8,0.5,4,0.5,23,92.406,11.55075,86574.46486158906,
0,3151,7534.341314,AB,64,0.01,1,0.015625,29,8348.739,130.449046875,7665.828336470933,
0,3152,7542.735633,SGD,16,0.01,0,0.0,20,154.029,9.6268125,103876.54272896663,
0,3153,7542.960872,NB,64,0.1,6,0.09375,3,131.082,2.04815625,488243.9999389695,
0,3154,7543.164362,NB,100,0.01,3,0.03,28,141.86,1.4186,704920.3440011278,
0,3155,7543.371304,AB,64,0.5,33,0.515625,6,8294.174,129.59646875,7716.2596299523,
0,3156,7551.70945,AB,8,0.01,0,0.0,28,7847.211,980.901375,1019.470484481684,
0,3157,7559.623343,AB,32,0.05,1,0.03125,19,8014.445,250.45140625,3992.7905176216195,
0,3158,7567.698686,SGD,8,0.5,5,0.625,27,152.484,19.0605,52464.520867763174,
0,3159,7567.907619,RF,100,1.0,100,1.0,11,3292.625,32.92625,30370.904673322955,
0,3160,7571.241603,DT,1,1.0,1,1.0,17,92.716,92.716,10785.624919107813,13.0
0,3161,7571.529694,DT,16,0.0,0,0.0,9,91.569,5.7230625,174731.62314757178,
0,3162,7571.661174,RF,1,0.01,0,0.0,12,2963.895,2963.895,337.393868541227,9.99
0,3163,7587.537086,AB,32,0.5,15,0.46875,6,8035.646,251.1139375,3982.256062549296,
0,3164,7595.613755,GB,8,0.0,0,0.0,23,212.446,26.55575,37656.62803724241,
0,3165,7595.867941,NB,16,1.0,16,1.0,7,114.184,7.1365,140124.71099278357,
0,3166,7596.020803,LoR,1,0.5,1,1.0,3,149.266,149.266,6699.449305267108,
0,3167,7596.327144,LoR,8,0.01,0,0.0,6,143.577,17.947125,55719.23079601886,
0,3168,7596.510089,SGD,1,0.05,0,0.0,16,138.364,138.364,7227.313463039519,
0,3169,7596.804186,NB,64,1.0,64,1.0,22,127.772,1.9964375,500892.2142566446,
0,3170,7597.00469,NB,100,0.1,7,0.07,0,141.927,1.41927,704587.569666096,
0,3171,7597.194757,RF,64,0.01,0,0.0,23,3331.226,52.05040625,19212.14591864977,
0,3172,7600.566078,MLP,1,0.0,0,0.0,11,177.502,177.502,5633.7393381483025,
0,3173,7600.890805,LoR,1,0.5,1,1.0,24,141.943,141.943,7045.081476367273,
0,3174,7601.173216,DT,8,1.0,8,1.0,27,85.505,10.688125,93561.78001286475,
0,3175,7601.320349,GB,32,0.1,1,0.03125,26,230.077,7.18990625,139083.87192113945,
0,3176,7601.61233,DT,32,0.5,16,0.5,19,91.239,2.85121875,350727.21095145715,
0,3177,7601.744343,DT,32,1.0,32,1.0,29,86.491,2.70284375,369980.69163265545,
0,3178,7601.896184,LoR,64,0.01,1,0.015625,17,212.331,3.317671875,301416.18510721467,
0,3179,7602.173295,AB,64,0.01,0,0.0,9,8428.347,131.692921875,7593.42252994567,
0,3180,7610.652774,NB,64,1.0,64,1.0,26,132.493,2.070203125,483044.38725064724,
0,3181,7610.824915,NB,1,0.1,0,0.0,0,96.123,96.123,10403.337390634915,
0,3182,7610.972931,MLP,32,0.01,0,0.0,27,192.488,6.01525,166244.12950417688,
0,3183,7611.224497,AB,100,0.01,0,0.0,16,8495.365,84.95365,11771.124607359425,
0,3184,7619.778592,NB,100,1.0,100,1.0,24,141.294,1.41294,707744.1363398304,
0,3185,7619.959904,AB,16,0.0,0,0.0,18,7896.628,493.53925,2026.1813016897847,
0,3186,7627.934806,GB,100,0.5,47,0.47,9,305.383,3.0538299999999996,327457.6515392147,
0,3187,7628.304238,RF,32,0.1,4,0.125,28,3149.92,98.435,10158.988164778788,
0,3188,7631.544478,GB,32,0.5,13,0.40625,8,286.293,8.94665625,111773.60256799852,
0,3189,7631.907496,GB,100,0.5,50,0.5,6,297.003,2.97003,336696.935721188,
0,3190,7632.246383,RF,16,0.0,0,0.0,12,3032.393,189.5245625,5276.360946618726,
0,3191,7635.319257,AB,1,0.0,0,0.0,3,7535.462,7535.462,132.70586461719267,2.0
0,3192,7655.407174,DT,64,0.01,0,0.0,2,92.923,1.451921875,688742.2920052086,
0,3193,7655.539108,AB,1,0.01,0,0.0,6,7553.441,7553.441,132.3899928522643,2.0
0,3194,7675.829433,RF,64,1.0,64,1.0,23,3141.11,49.07984375,20374.962990789878,
0,3195,7679.016398,LoR,16,0.1,0,0.0,13,166.796,10.42475,95925.56176407108,
0,3196,7679.253763,AB,64,0.5,28,0.4375,15,8249.413,128.897078125,7758.127760120628,
0,3197,7687.58207,GB,100,0.5,49,0.49,27,294.919,2.9491899999999998,339076.15311322775,
0,3198,7687.94722,GB,64,0.5,28,0.4375,11,263.673,4.119890625,242724.89029972733,
0,3199,7688.270092,SGD,100,0.01,0,0.0,28,174.249,1.7424899999999999,573891.385316415,
0,3200,7688.506565,AB,32,0.05,2,0.0625,20,8049.161,251.53628125,3975.5696276916315,
0,3201,7696.606853,RF,64,1.0,64,1.0,22,3138.403,49.037546875,20392.537223549687,
0,3202,7699.823883,RF,100,0.05,8,0.08,9,3370.341,33.70341,29670.588228312805,
0,3203,7703.236733,NB,1,0.1,0,0.0,9,114.597,114.597,8726.231925792124,
0,3204,7703.436666,NB,100,0.1,12,0.12,5,149.763,1.49763,667721.6669003692,
0,3205,7703.642598,RF,16,0.5,8,0.5,13,3054.101,190.8813125,5238.857523048518,
0,3206,7706.775832,DT,100,0.1,12,0.12,15,105.222,1.05222,950371.59529376,
0,3207,7706.917782,NB,1,0.0,0,0.0,14,105.972,105.972,9436.454912618428,
0,3208,7707.099746,DT,64,0.5,33,0.515625,25,93.592,1.462375,683819.1298401573,
0,3209,7707.247583,DT,100,1.0,100,1.0,24,92.25,0.9225,1084010.8401084011,
0,3210,7707.393093,DT,100,1.0,100,1.0,27,89.91,0.8991,1112223.3344455566,
0,3211,7707.534867,NB,100,0.0,0,0.0,11,170.631,1.70631,586059.9773780849,
0,3212,7707.788692,GB,100,0.01,0,0.0,27,284.304,2.84304,351736.1697338061,
0,3213,7708.131759,SGD,8,0.05,1,0.125,11,163.37,20.42125,48968.59888596438,
0,3214,7708.346822,NB,64,0.01,0,0.0,19,131.307,2.051671875,487407.3735596732,
0,3215,7708.525571,AB,64,1.0,64,1.0,23,8171.056,127.67275,7832.524951487299,
0,3216,7716.762733,LoR,32,0.05,3,0.09375,28,154.29,4.8215625,207401.64625056714,
0,3217,7716.98962,GB,64,0.05,3,0.046875,13,252.624,3.94725,253340.93356134018,
0,3218,7717.28661,LoR,32,0.0,0,0.0,23,157.629,4.92590625,203008.32968552742,
0,3219,7717.519739,MLP,100,0.01,1,0.01,0,242.467,2.4246700000000003,412427.2581423451,
0,3220,7717.837558,RF,100,0.05,3,0.03,22,3373.506,33.73506,29642.751487621485,
0,3221,7721.291384,NB,100,0.1,9,0.09,23,154.949,1.54949,645373.6390683386,
0,3222,7721.507302,NB,32,0.1,2,0.0625,29,116.969,3.65528125,273576.7596542674,
0,3223,7721.695359,NB,100,0.01,1,0.01,16,140.78,1.4078,710328.1716152863,
0,3224,7721.872788,DT,16,0.0,0,0.0,23,89.07,5.566875,179633.9957336926,
0,3225,7722.007245,RF,32,1.0,32,1.0,21,3007.621,93.98815625,10639.638438486763,
0,3226,7725.087925,NB,64,0.5,34,0.53125,13,141.089,2.204515625,453614.3852461921,
0,3227,7725.284766,DT,64,0.01,0,0.0,0,95.867,1.497921875,667591.5591392241,
0,3228,7725.453622,SGD,100,0.1,9,0.09,24,174.106,1.74106,574362.7445349385,
0,3229,7725.684555,RF,8,0.5,4,0.5,5,2934.336,366.792,2726.3408144125283,
0,3230,7728.678074,RF,100,1.0,100,1.0,21,3244.478,32.44478,30821.599036886673,
0,3231,7731.982021,AB,100,1.0,100,1.0,29,8461.384,84.61384,11818.397557657234,
0,3232,7740.492079,LoR,32,0.05,0,0.0,24,154.488,4.82775,207135.82932007665,
0,3233,7740.72282,LoR,100,0.05,3,0.03,8,161.194,1.61194,620370.4852537937,
0,3234,7740.958596,LoR,100,0.1,5,0.05,29,159.13,1.5913,628417.0175328348,
0,3235,7741.184348,DT,64,0.05,6,0.09375,28,90.313,1.411140625,708646.5957281897,
0,3236,7741.312899,RF,8,0.1,0,0.0,17,3433.724,429.2155,2329.8319841664616,
0,3237,7744.814214,LoR,8,0.1,0,0.0,21,202.956,25.3695,39417.41067029307,
0,3238,7745.062993,RF,1,0.1,0,0.0,19,3212.829,3212.829,311.2521705948247,11.59
0,3239,7761.943354,DT,32,0.5,18,0.5625,10,124.345,3.88578125,257348.50617234307,
0,3240,7762.114373,GB,16,0.1,0,0.0,1,296.174,18.510875,54022.29770337707,
0,3241,7762.481047,DT,32,0.1,2,0.0625,29,101.463,3.17071875,315385.9042212432,
0,3242,7762.646869,MLP,32,0.1,9,0.28125,16,257.457,8.04553125,124292.60031772296,
0,3243,7762.981148,MLP,64,0.5,31,0.484375,28,230.7,3.6046875,277416.5583008236,
0,3244,7763.273083,RF,100,0.0,0,0.0,28,3637.098,36.37098,27494.447496328117,
0,3245,7766.965517,RF,32,0.0,0,0.0,24,3207.576,100.23675,9976.380918176217,
0,3246,7770.221216,SGD,32,1.0,32,1.0,26,186.678,5.8336875,171418.16389719196,
0,3247,7770.471126,LoR,100,0.0,0,0.0,11,169.854,1.6985400000000002,588740.9186713295,
0,3248,7770.704488,MLP,32,0.1,4,0.125,26,202.802,6.3375625,157789.37091350186,
0,3249,7770.968149,DT,100,0.01,0,0.0,5,97.613,0.9761299999999999,1024453.710059111,
0,3250,7771.14117,LoR,100,0.05,4,0.04,14,165.438,1.65438,604456.0500006045,
0,3251,7771.346496,RF,8,0.1,0,0.0,21,3004.598,375.57475,2662.5858101483127,
0,3252,7774.431008,RF,100,0.05,5,0.05,7,3321.612,33.216120000000004,30105.86426108769,
0,3253,7777.814051,SGD,8,0.1,2,0.25,22,184.153,23.019125,43442.13778760053,
0,3254,7778.051942,DT,8,1.0,8,1.0,18,100.261,12.532625,79791.74354933624,
0,3255,7778.191921,DT,8,0.01,0,0.0,8,83.556,10.4445,95744.17157355546,
0,3256,7778.310859,SGD,1,0.0,0,0.0,25,145.307,145.307,6881.980909384958,
0,3257,7778.626369,SGD,8,0.01,0,0.0,19,155.669,19.458625,51391.092638868366,
0,3258,7778.820731,LoR,8,1.0,8,1.0,21,140.52,17.565,56931.39766581269,
0,3259,7779.011503,SGD,64,0.01,0,0.0,29,150.609,2.353265625,424941.40456413623,
0,3260,7779.211128,MLP,64,0.0,0,0.0,19,204.378,3.19340625,313145.2504672714,
0,3261,7779.483453,RF,64,0.1,8,0.125,13,3250.698,50.79215625,19688.079298661396,
0,3262,7782.794835,MLP,100,0.0,0,0.0,25,243.137,2.43137,411290.75377256447,
0,3263,7783.089139,DT,64,1.0,64,1.0,23,93.439,1.459984375,684938.8371022807,
0,3264,7783.221905,DT,1,0.01,0,0.0,2,83.075,83.075,12037.31567860367,16.0
0,3265,7783.508304,GB,1,0.0,0,0.0,0,245.019,245.019,4081.3161428297394,4.0
0,3266,7796.436593,SGD,32,1.0,32,1.0,13,160.841,5.02628125,198954.24674056986,
0,3267,7796.644652,RF,32,1.0,32,1.0,23,3039.668,94.989625,10527.465499521657,
0,3268,7799.733228,LoR,32,0.01,0,0.0,29,166.091,5.19034375,192665.46652136478,
0,3269,7799.960892,NB,16,0.5,6,0.375,23,120.444,7.52775,132841.8186044967,
0,3270,7800.116628,DT,1,0.0,0,0.0,23,87.264,87.264,11459.47928126146,16.0
0,3271,7800.406277,MLP,100,1.0,100,1.0,13,239.684,2.39684,417216.001068073,
0,3272,7800.703366,RF,100,0.0,0,0.0,21,3347.745,33.47745,29870.853365474373,
0,3273,7804.091571,LoR,1,1.0,1,1.0,11,156.272,156.272,6399.099006859835,
0,3274,7804.423582,GB,32,0.05,1,0.03125,21,270.441,8.45128125,118325.25393708795,
0,3275,7804.744514,MLP,64,0.0,0,0.0,21,216.694,3.38584375,295347.35617968196,
0,3276,7805.018928,AB,100,1.0,100,1.0,4,8827.324,88.27324,11328.461490707716,
0,3277,7813.907531,DT,100,1.0,100,1.0,29,112.867,1.12867,885998.5646823252,
0,3278,7814.114646,AB,64,0.5,35,0.546875,23,8206.017,128.219015625,7799.15518088739,
0,3279,7822.365801,RF,32,0.0,0,0.0,14,3022.602,94.4563125,10586.904924962004,
0,3280,7825.44042,SGD,64,0.0,0,0.0,8,171.935,2.686484375,372233.69296536484,
0,3281,7825.676564,LoR,32,0.1,3,0.09375,12,153.154,4.7860625,208940.02115517715,
0,3282,7825.868446,GB,8,0.0,0,0.0,27,286.003,35.750375,27971.734562224872,
0,3283,7826.19771,MLP,16,0.01,0,0.0,29,182.433,11.4020625,87703.43084858551,
0,3284,7826.423347,AB,16,0.01,0,0.0,7,7972.048,498.253,2007.0125016808731,
0,3285,7834.474121,MLP,100,0.5,45,0.45,4,231.897,2.3189699999999998,431225.93220265897,
0,3286,7834.758831,RF,64,0.01,0,0.0,20,3167.994,49.49990625,20202.058463494563,
0,3287,7837.997113,MLP,16,0.01,0,0.0,21,232.005,14.5003125,68964.03094760889,
0,3288,7838.292638,DT,64,0.0,0,0.0,6,94.438,1.47559375,677693.3014252738,
0,3289,7838.427974,RF,8,0.05,0,0.0,27,2970.105,371.263125,2693.5074685911777,
0,3290,7841.464059,GB,32,0.5,14,0.4375,10,250.386,7.8245625,127802.67267339228,
0,3291,7841.773612,NB,8,0.5,2,0.25,6,118.503,14.812875,67508.839438664,
0,3292,7841.951625,AB,32,0.5,15,0.46875,10,8159.802,254.9938125,3921.6637854693045,
0,3293,7850.154563,GB,8,0.5,8,1.0,20,290.06,36.2575,27580.500586085636,
0,3294,7850.488272,DT,16,0.05,0,0.0,22,85.937,5.3710625,186182.90142779014,
0,3295,7850.670347,LoR,8,0.5,6,0.75,19,164.183,20.522875,48726.11658941547,
0,3296,7850.890716,MLP,100,1.0,100,1.0,25,262.069,2.62069,381578.8971606714,
0,3297,7851.221301,GB,64,0.05,6,0.09375,24,248.585,3.884140625,257457.20779612605,
0,3298,7851.509049,NB,8,0.0,0,0.0,5,112.199,14.024875,71301.88326099163,
0,3299,7851.670777,AB,64,1.0,64,1.0,1,8372.171,130.815171875,7644.3732456014095,
0,3300,7860.119586,DT,8,0.1,1,0.125,3,92.974,11.62175,86045.56112461549,
0,3301,7860.249997,SGD,1,0.01,0,0.0,15,144.527,144.527,6919.12237851751,
0,3302,7860.544243,LoR,8,0.01,0,0.0,1,140.367,17.545875,56993.452877100746,
0,3303,7860.74083,AB,100,1.0,100,1.0,25,8904.086,89.04086,11230.798983747462,
0,3304,7869.742899,MLP,64,0.05,2,0.03125,4,298.357,4.661828125,214508.12281930706,
0,3305,7870.120961,NB,100,0.5,48,0.48,25,150.996,1.5099600000000002,662269.1991840843,
0,3306,7870.315523,RF,8,0.01,0,0.0,8,3107.882,388.48525,2574.100303679483,
0,3307,7873.463925,SGD,1,1.0,1,1.0,9,168.049,168.049,5950.6453474879345,
0,3308,7873.818517,AB,64,0.1,7,0.109375,14,8386.294,131.03584375,7631.499682696553,
0,3309,7882.255102,AB,32,0.01,0,0.0,19,8065.158,252.0361875,3967.6842040788288,
0,3310,7890.401227,DT,100,0.1,10,0.1,6,91.684,0.91684,1090702.8489158414,
0,3311,7890.535052,SGD,16,0.01,0,0.0,2,153.534,9.595875,104211.44502194955,
0,3312,7890.744627,DT,100,0.0,0,0.0,22,93.256,0.9325600000000001,1072317.0627091017,
0,3313,7890.880546,RF,32,1.0,32,1.0,2,3059.848,95.62025,10458.035824001716,
0,3314,7893.989058,AB,16,0.0,0,0.0,16,8103.288,506.4555,1974.507138336932,
0,3315,7902.168306,AB,64,0.01,1,0.015625,14,8405.831,131.341109375,7613.762398982325,
0,3316,7910.641401,SGD,32,0.1,5,0.15625,19,162.951,5.09221875,196378.05229793006,
0,3317,7910.850356,LoR,1,0.1,0,0.0,16,146.353,146.353,6832.79468135262,
0,3318,7911.166165,GB,16,0.5,7,0.4375,21,267.648,16.728,59780.00956480153,
0,3319,7911.472827,LoR,1,1.0,1,1.0,12,150.633,150.633,6638.651557095723,
0,3320,7911.773831,SGD,1,0.5,0,0.0,21,140.266,140.266,7129.311451100053,
0,3321,7912.053452,SGD,1,1.0,1,1.0,25,138.576,138.576,7216.256783281377,
0,3322,7912.357057,GB,32,0.1,4,0.125,24,240.811,7.52534375,132884.29515263007,
0,3323,7912.639084,MLP,1,0.01,0,0.0,22,178.658,178.658,5597.2864355360525,
0,3324,7912.965208,RF,1,0.01,0,0.0,26,2995.188,2995.188,333.8688589831423,9.77
0,3325,7929.046755,NB,100,0.1,6,0.06,19,166.802,1.6680199999999998,599513.1952854283,
0,3326,7929.253404,DT,16,0.0,0,0.0,20,98.391,6.1494375,162616.49947657814,
0,3327,7929.396901,RF,32,0.05,0,0.0,29,3186.241,99.57003125,10043.182546455211,
0,3328,7932.648111,GB,16,0.5,9,0.5625,14,265.403,16.5876875,60285.67876022501,
0,3329,7932.955644,AB,1,0.05,0,0.0,7,7807.269,7807.269,128.08576212757623,2.0
0,3330,7953.751094,MLP,1,1.0,1,1.0,19,187.302,187.302,5338.9712870124185,
0,3331,7954.132575,SGD,1,0.05,0,0.0,23,148.922,148.922,6714.924591396839,
0,3332,7954.441377,SGD,64,0.0,0,0.0,1,157.369,2.458890625,406687.46703607443,
0,3333,7954.639076,RF,1,0.05,0,0.0,18,2955.276,2955.276,338.3778706286655,9.99
0,3334,7970.713152,NB,8,0.1,2,0.25,10,120.711,15.088875,66273.9932566212,
0,3335,7970.876967,MLP,16,0.01,0,0.0,9,197.315,12.3321875,81088.61465169906,
0,3336,7971.125614,NB,64,0.0,0,0.0,11,133.82,2.0909375,478254.3715438649,
0,3337,7971.326751,DT,64,0.05,5,0.078125,17,96.274,1.50428125,664769.304277375,
0,3338,7971.46497,DT,32,1.0,32,1.0,12,87.217,2.72553125,366900.948209638,
0,3339,7971.611088,RF,32,0.5,18,0.5625,20,3137.096,98.03425,10200.516656168635,
0,3340,7974.801119,SGD,64,0.0,0,0.0,6,176.789,2.762328125,362013.47368897387,
0,3341,7975.039734,AB,16,0.5,9,0.5625,23,8086.362,505.397625,1978.6400856157566,
0,3342,7983.165155,MLP,1,1.0,1,1.0,9,162.272,162.272,6162.492605008874,
0,3343,7983.497675,AB,32,0.5,13,0.40625,15,8620.299,269.38434375,3712.168220615085,
0,3344,7992.230461,MLP,100,0.01,1,0.01,25,325.332,3.25332,307378.3089274956,
0,3345,7992.599127,DT,1,0.1,0,0.0,19,85.069,85.069,11755.163455547849,16.0
0,3346,7992.911013,MLP,100,1.0,100,1.0,16,236.238,2.36238,423301.92433054803,
0,3347,7993.244738,LoR,32,0.1,2,0.0625,5,156.419,4.88809375,204578.72764817573,
0,3348,7993.450173,SGD,64,1.0,64,1.0,15,155.502,2.42971875,411570.26919267914,
0,3349,7993.654755,RF,64,0.0,0,0.0,9,3298.516,51.5393125,19402.664713465085,
0,3350,7996.997816,DT,8,0.01,0,0.0,19,93.054,11.63175,85971.58639069788,
0,3351,7997.12779,MLP,1,1.0,1,1.0,17,171.953,171.953,5815.542619204085,
0,3352,7997.458695,NB,8,0.1,0,0.0,19,115.663,14.457875,69166.45772632562,
0,3353,7997.648857,DT,100,0.5,45,0.45,2,96.343,0.96343,1037958.1287690854,
0,3354,7997.783071,AB,16,0.0,0,0.0,9,8042.374,502.648375,1989.4623154804788,
0,3355,8005.890473,NB,32,0.1,4,0.125,26,169.214,5.2879375,189109.64813786093,
0,3356,8006.135092,LoR,100,0.05,12,0.12,6,168.954,1.68954,591877.0789682398,
0,3357,8006.374239,SGD,64,0.1,11,0.171875,12,185.513,2.898640625,344989.299941244,
0,3358,8006.601205,SGD,16,0.0,0,0.0,0,171.45,10.715625,93321.66812481773,
0,3359,8006.827896,GB,100,0.0,0,0.0,0,304.214,3.04214,328715.969679239,
0,3360,8007.190654,RF,8,0.1,2,0.25,16,3076.503,384.562875,2600.3550134682137,
0,3361,8010.329127,RF,8,0.5,7,0.875,12,2963.603,370.450375,2699.416892208572,
0,3362,8013.351356,LoR,100,1.0,100,1.0,5,179.033,1.79033,558556.2438209716,
0,3363,8013.578137,MLP,32,0.05,0,0.0,13,195.142,6.0981875,163983.15073126237,
0,3364,8013.843272,RF,64,0.5,35,0.546875,2,3211.487,50.179484375,19928.46304531203,
0,3365,8017.121982,NB,32,0.5,18,0.5625,2,128.356,4.011125,249306.61597432144,
0,3366,8017.306854,SGD,16,0.5,10,0.625,3,159.606,9.975375,100246.85788754809,
0,3367,8017.512924,DT,32,1.0,32,1.0,8,90.381,2.82440625,354056.7154601078,
0,3368,8017.639146,DT,1,1.0,1,1.0,23,82.474,82.474,12125.033343841695,11.0
0,3369,8017.923424,MLP,16,0.01,0,0.0,14,239.068,14.94175,66926.56482674385,
0,3370,8018.201601,AB,1,1.0,1,1.0,26,7596.006,7596.006,131.64813192617277,2.0
0,3371,8039.501922,RF,16,0.5,6,0.375,29,3171.73,198.233125,5044.565584081874,
0,3372,8042.754187,RF,64,0.05,2,0.03125,28,3254.383,50.849734375,19665.786110608373,
0,3373,8046.053223,NB,16,1.0,16,1.0,25,146.647,9.1654375,109105.53915184083,
0,3374,8046.268774,GB,64,0.05,3,0.046875,17,303.655,4.744609375,210765.5069075102,
0,3375,8046.632734,AB,16,0.1,3,0.1875,20,8029.129,501.8205625,1992.7441693862436,
0,3376,8054.713526,NB,64,0.0,0,0.0,24,131.817,2.059640625,485521.59433153534,
0,3377,8054.903741,MLP,16,0.5,13,0.8125,9,206.448,12.903,77501.35627373478,
0,3378,8055.185977,LoR,100,0.1,10,0.1,9,168.508,1.6850800000000001,593443.6347235739,
0,3379,8055.431114,SGD,100,0.01,1,0.01,23,164.064,1.6406399999999999,609518.2367856447,
0,3380,8055.667073,MLP,100,0.5,44,0.44,14,229.443,2.29443,435838.0948645197,
0,3381,8055.951882,NB,100,0.0,0,0.0,19,143.524,1.43524,696747.5822858894,
0,3382,8056.133929,DT,8,0.1,0,0.0,9,87.281,10.910125,91657.97825414465,
0,3383,8056.259712,LoR,8,0.05,0,0.0,1,146.535,18.316875,54594.46548606135,
0,3384,8056.448115,RF,32,0.0,0,0.0,19,3118.994,97.4685625,10259.718357906428,
0,3385,8059.646619,GB,100,0.1,14,0.14,0,319.408,3.19408,313079.19651355006,
0,3386,8060.006429,NB,8,1.0,8,1.0,12,116.167,14.520875,68866.37341069322,
0,3387,8060.169736,RF,1,0.5,1,1.0,14,2954.868,2954.868,338.4245929090572,7.97
0,3388,8076.671408,MLP,100,0.1,11,0.11,2,304.062,3.04062,328880.2941505351,
0,3389,8077.055716,NB,100,0.05,4,0.04,27,156.944,1.56944,637169.9459679886,
0,3390,8077.253591,SGD,16,0.05,0,0.0,24,161.011,10.0631875,99372.09258994728,
0,3391,8077.453869,MLP,1,0.5,0,0.0,29,164.83,164.83,6066.85676151186,
0,3392,8077.791182,GB,8,0.5,7,0.875,15,306.032,38.254,26141.057144350918,
0,3393,8078.161258,AB,32,0.05,4,0.125,18,8119.023,253.71946875,3941.3609248304874,
0,3394,8086.321839,MLP,8,1.0,8,1.0,25,179.152,22.394,44654.81825488971,
0,3395,8086.544153,SGD,8,0.5,0,0.0,16,148.054,18.50675,54034.33882232159,
0,3396,8086.755392,AB,32,0.1,2,0.0625,26,8140.148,254.379625,3931.132456068366,
0,3397,8094.937685,MLP,1,0.1,0,0.0,8,163.654,163.654,6110.452540115121,
0,3398,8095.269604,RF,8,0.5,4,0.5,6,3101.054,387.63175,2579.768040156669,
0,3399,8098.417715,AB,32,1.0,32,1.0,9,8454.314,264.1973125,3785.0498573864184,
0,3400,8106.930337,SGD,16,1.0,16,1.0,10,176.336,11.021,90735.86788857635,
0,3401,8107.15362,SGD,1,0.5,0,0.0,18,148.543,148.543,6732.0573840571415,
0,3402,8107.483672,AB,100,0.01,0,0.0,21,8718.751,87.18751,11469.532734677248,
0,3403,8116.24572,MLP,16,0.0,0,0.0,13,194.594,12.162125,82222.47345755779,
0,3404,8116.486238,LoR,32,1.0,32,1.0,5,152.54,4.766875,209781.04103841615,
0,3405,8116.679579,GB,1,0.5,1,1.0,6,244.896,244.896,4083.3660002613356,4.0
0,3406,8129.723155,SGD,64,1.0,64,1.0,16,170.099,2.657796875,376251.47708099405,
0,3407,8129.937161,SGD,1,0.0,0,0.0,16,186.271,186.271,5368.522206892109,
0,3408,8130.276459,DT,32,0.01,0,0.0,2,89.942,2.8106875,355784.8391185431,
0,3409,8130.44395,DT,100,0.1,5,0.05,5,94.479,0.94479,1058436.2662602272,
0,3410,8130.593242,LoR,8,0.5,1,0.125,17,151.728,18.966,52725.93061267531,
0,3411,8130.783486,NB,16,0.0,0,0.0,28,117.441,7.3400625,136238.621946339,
0,3412,8130.938872,NB,1,0.01,0,0.0,23,97.67,97.67,10238.558410975735,
0,3413,8131.082821,DT,16,1.0,16,1.0,23,86.809,5.4255625,184312.68647260076,
0,3414,8131.213102,NB,32,0.01,0,0.0,20,150.03,4.6884375,213290.67519829367,
0,3415,8131.399862,GB,1,0.05,0,0.0,14,212.907,212.907,4696.886433982912,4.0
0,3416,8144.720848,AB,100,0.05,4,0.04,29,8888.885,88.88885,11250.004921877153,
0,3417,8153.673765,AB,16,0.5,4,0.25,15,7942.934,496.433375,2014.3689976525047,
0,3418,8161.662093,GB,16,0.01,0,0.0,6,217.982,13.623875,73400.55600921177,
0,3419,8161.92249,NB,16,1.0,16,1.0,22,153.795,9.6121875,104034.59150167431,
0,3420,8162.135381,RF,16,0.1,1,0.0625,24,3548.185,221.7615625,4509.347736941563,
0,3421,8165.765224,AB,8,0.01,0,0.0,17,8091.987,1011.498375,988.6323346787384,
0,3422,8173.914873,SGD,32,0.01,0,0.0,15,217.303,6.79071875,147259.81693764008,
0,3423,8174.177682,GB,32,1.0,32,1.0,20,277.356,8.667375,115375.18568193946,
0,3424,8174.517363,SGD,16,0.1,2,0.125,22,161.591,10.0994375,99015.41546249481,
0,3425,8174.71608,DT,1,0.0,0,0.0,21,86.129,86.129,11610.491239884359,13.0
0,3426,8175.011192,RF,8,0.0,0,0.0,8,3100.26,387.5325,2580.4287382348575,
0,3427,8178.196333,DT,100,0.05,6,0.06,1,104.22,1.0422,959508.7315294569,
0,3428,8178.357544,LoR,8,0.05,2,0.25,14,162.623,20.327875,49193.53351002011,
0,3429,8178.581711,RF,32,0.01,1,0.03125,26,3142.272,98.196,10183.714204244572,
0,3430,8181.792557,AB,32,0.5,16,0.5,24,8209.764,256.555125,3897.7977929694453,
0,3431,8190.066681,RF,16,0.05,1,0.0625,19,3021.619,188.8511875,5295.17454053605,
0,3432,8193.131432,DT,1,0.5,1,1.0,6,92.201,92.201,10845.869350657802,11.0
0,3433,8193.451657,AB,64,0.05,3,0.046875,0,8412.513,131.445515625,7607.714840975579,
0,3434,8201.916365,LoR,64,0.0,0,0.0,18,169.901,2.654703125,376689.9547383476,
0,3435,8202.146452,RF,100,1.0,100,1.0,17,3274.475,32.744749999999996,30539.246749478923,
0,3436,8205.465048,NB,16,0.0,0,0.0,2,129.815,8.1134375,123252.32061009899,
0,3437,8205.676436,AB,100,0.05,7,0.07,27,8763.875,87.63875,11410.477671121507,
0,3438,8214.483348,GB,1,0.5,1,1.0,22,235.707,235.707,4242.555375954044,4.0
0,3439,8227.563292,DT,16,0.5,9,0.5625,16,90.509,5.6568125,176777.99997790274,
0,3440,8227.692368,AB,1,0.1,0,0.0,17,7758.714,7758.714,128.88733880382753,2.0
0,3441,8248.349884,AB,32,0.0,0,0.0,8,8088.757,252.77365625,3956.108460175031,
0,3442,8256.505942,DT,32,0.5,19,0.59375,4,86.125,2.69140625,371552.9753265602,
0,3443,8256.642939,MLP,64,0.01,0,0.0,1,233.717,3.651828125,273835.45056628314,
0,3444,8256.917731,NB,1,0.01,0,0.0,29,103.737,103.737,9639.762090671602,
0,3445,8257.091793,GB,32,0.05,2,0.0625,16,245.143,7.66071875,130536.05446616873,
0,3446,8257.396012,RF,100,0.0,0,0.0,9,3384.961,33.84961,29542.437859697646,
0,3447,8260.843073,RF,100,1.0,100,1.0,14,3294.804,32.94804,30350.819047202807,
0,3448,8264.219738,MLP,100,0.5,44,0.44,0,256.756,2.56756,389474.83213634737,
0,3449,8264.548536,DT,64,0.05,4,0.0625,4,97.854,1.52896875,654035.6040631962,
0,3450,8264.70758,LoR,32,0.05,1,0.03125,18,160.534,5.0166875,199334.7203707626,
0,3451,8264.910843,NB,32,0.0,0,0.0,23,121.077,3.78365625,264294.62243035424,
0,3452,8265.085969,MLP,8,0.5,4,0.5,16,176.587,22.073375,45303.44815869798,
0,3453,8265.299066,NB,1,0.0,0,0.0,29,100.274,100.274,9972.67487085386,
0,3454,8265.448956,NB,16,0.1,0,0.0,0,108.953,6.8095625,146852.31246500785,
0,3455,8265.623203,DT,64,0.1,4,0.0625,13,94.811,1.481421875,675027.1592958622,
0,3456,8265.773708,AB,16,0.1,2,0.125,21,8108.397,506.7748125,1973.263025971718,
0,3457,8273.926242,DT,8,0.01,0,0.0,14,85.229,10.653625,93864.76434077603,
0,3458,8274.051526,GB,1,0.01,0,0.0,9,209.806,209.806,4766.307922557028,4.0
0,3459,8287.006961,GB,16,0.05,2,0.125,4,222.426,13.901625,71934.03648854002,
0,3460,8287.287528,DT,8,0.5,7,0.875,11,88.169,11.021125,90734.83877553335,
0,3461,8287.50451,AB,100,0.5,48,0.48,16,8760.331,87.60331000000001,11415.093790405865,
0,3462,8296.371847,NB,64,0.05,2,0.03125,17,169.298,2.64528125,378031.63652258145,
0,3463,8296.602619,RF,100,1.0,100,1.0,24,3520.876,35.208760000000005,28402.022678447065,
0,3464,8300.197585,GB,32,0.05,1,0.03125,2,287.453,8.98290625,111322.54664240764,
0,3465,8300.533529,RF,32,0.05,0,0.0,24,3153.508,98.547125,10147.429465851998,
0,3466,8303.735914,GB,32,0.05,0,0.0,13,260.692,8.146625,122750.21864882697,
0,3467,8304.067863,SGD,64,0.05,3,0.046875,1,186.038,2.90684375,344015.7387200464,
0,3468,8304.293343,LoR,16,0.0,0,0.0,4,151.369,9.4605625,105701.96011072281,
0,3469,8304.484716,DT,8,0.1,0,0.0,6,85.713,10.714125,93334.73335433366,
0,3470,8304.629332,GB,32,0.05,2,0.0625,15,229.244,7.163875,139589.25860655023,
0,3471,8304.901595,MLP,16,0.05,0,0.0,9,194.248,12.1405,82368.93043943825,
0,3472,8305.135473,SGD,1,0.05,0,0.0,15,145.111,145.111,6891.276333289689,
0,3473,8305.429285,DT,1,0.0,0,0.0,16,82.907,82.907,12061.707696575682,15.0
0,3474,8305.721042,RF,64,0.0,0,0.0,27,3358.015,52.468984375,19058.878533895768,
0,3475,8309.12286,AB,1,0.01,0,0.0,25,7753.596,7753.596,128.97241486401924,2.0
0,3476,8329.385587,AB,16,0.01,0,0.0,27,7951.512,496.9695,2012.195919467895,
0,3477,8337.402548,MLP,32,0.5,22,0.6875,24,201.747,6.30459375,158614.50232221544,
0,3478,8337.64531,MLP,1,0.01,0,0.0,8,157.21,157.21,6360.918516633802,
0,3479,8337.949528,RF,1,0.05,0,0.0,9,3479.056,3479.056,287.43429252072974,10.01
0,3480,8354.936754,NB,1,0.5,1,1.0,13,127.625,127.625,7835.455435847209,
0,3481,8355.128142,DT,32,0.01,0,0.0,8,99.464,3.10825,321724.44301455806,
0,3482,8355.303105,LoR,64,0.1,7,0.109375,5,204.318,3.19246875,313237.20866492426,
0,3483,8355.589565,NB,64,0.01,1,0.015625,8,129.109,2.017328125,495705.17934458476,
0,3484,8355.753544,RF,1,0.0,0,0.0,18,3288.733,3288.733,304.06846648846226,11.92
0,3485,8372.118818,NB,16,0.01,0,0.0,3,129.995,8.1246875,123081.65698680718,
0,3486,8372.31335,RF,100,1.0,100,1.0,18,3389.22,33.892199999999995,29505.31390703466,
0,3487,8375.74663,DT,16,0.0,0,0.0,16,98.696,6.1685,162113.9661181811,
0,3488,8375.923837,GB,100,0.1,8,0.08,9,322.917,3.22917,309677.09968815517,
0,3489,8376.287402,LoR,8,1.0,8,1.0,24,173.835,21.729375,46020.65176748065,
0,3490,8376.498578,DT,1,1.0,1,1.0,1,85.699,85.699,11668.74759332081,13.0
0,3491,8376.818168,NB,16,0.5,10,0.625,13,118.149,7.3843125,135422.2210937037,
0,3492,8376.973815,LoR,1,0.01,0,0.0,25,149.381,149.381,6694.2917774014095,
0,3493,8377.279179,MLP,32,1.0,32,1.0,18,231.257,7.22678125,138374.18975425608,
0,3494,8377.566586,DT,8,0.01,0,0.0,27,99.082,12.38525,80741.20425506147,
0,3495,8377.738605,GB,100,0.1,6,0.06,16,341.259,3.4125900000000002,293032.56470891606,
0,3496,8378.120159,MLP,8,0.0,0,0.0,17,184.01,23.00125,43475.89804901908,
0,3497,8378.347817,RF,32,0.0,0,0.0,13,3036.462,94.8894375,10538.580756156343,
0,3498,8381.445449,LoR,8,0.5,4,0.5,16,160.676,20.0845,49789.63877617068,
0,3499,8381.645825,AB,1,0.5,0,0.0,10,7828.898,7828.898,127.73189789929566,2.0
0,3500,8402.448237,MLP,32,0.1,5,0.15625,24,203.034,6.3448125,157609.07040200164,
0,3501,8402.722664,NB,64,0.1,6,0.09375,29,136.565,2.133828125,468641.30633764144,
0,3502,8402.89871,RF,16,0.0,0,0.0,21,3034.126,189.632875,5273.347250575618,
0,3503,8406.023869,LoR,16,0.5,8,0.5,28,179.769,11.2355625,89003.10954613976,
0,3504,8406.263988,AB,16,0.5,10,0.625,12,8135.711,508.4819375,1966.638195481624,
0,3505,8414.472952,SGD,64,0.05,4,0.0625,25,165.267,2.582296875,387252.1435011224,
0,3506,8414.722542,NB,100,0.1,7,0.07,6,148.314,1.48314,674245.1825181709,
0,3507,8414.915558,LoR,16,0.01,0,0.0,29,153.444,9.59025,104272.56849404344,
0,3508,8415.118329,RF,64,0.0,0,0.0,21,3294.918,51.48309375,19423.852126213762,
0,3509,8418.456655,AB,1,0.1,1,1.0,6,8086.326,8086.326,123.66555590264355,2.0
0,3510,8439.552078,DT,100,0.0,0,0.0,4,101.048,1.01048,989628.6913150186,
0,3511,8439.69856,LoR,8,0.1,0,0.0,16,171.651,21.456375,46606.19512848745,
0,3512,8439.911744,GB,16,0.0,0,0.0,10,265.288,16.5805,60311.81206839359,
0,3513,8440.242625,NB,32,0.1,3,0.09375,13,131.24,4.10125,243828.10118866197,
0,3514,8440.439689,DT,64,0.5,26,0.40625,8,94.619,1.478421875,676396.9181665416,
0,3515,8440.570705,MLP,8,0.0,0,0.0,10,192.4,24.05,41580.04158004158,
0,3516,8440.832211,RF,64,0.1,6,0.09375,15,3370.198,52.65934375,18989.982190957326,
0,3517,8444.245979,MLP,1,0.5,1,1.0,3,182.682,182.682,5473.993058976802,
0,3518,8444.597231,MLP,64,1.0,64,1.0,2,214.054,3.34459375,298989.9744924178,
0,3519,8444.855881,NB,16,0.05,0,0.0,15,116.925,7.3078125,136839.85460765447,
0,3520,8445.021761,AB,64,1.0,64,1.0,13,8453.442,132.08503125,7570.880595146924,
0,3521,8453.517151,AB,8,1.0,8,1.0,24,7905.013,988.126625,1012.0160460204177,
0,3522,8461.467911,GB,32,1.0,32,1.0,10,248.374,7.7616875,128837.9621055344,
0,3523,8461.75986,DT,8,0.1,0,0.0,5,88.489,11.061125,90406.71721908938,
0,3524,8461.88834,RF,16,1.0,16,1.0,17,3072.79,192.049375,5206.994295086875,
0,3525,8465.025499,MLP,16,0.5,5,0.3125,17,196.598,12.287375,81384.34775531795,
0,3526,8465.263811,LoR,1,0.5,0,0.0,28,150.056,150.056,6664.178706616196,
0,3527,8465.58637,MLP,16,0.05,1,0.0625,16,176.127,11.0079375,90843.53903717204,
0,3528,8465.823184,GB,16,0.05,1,0.0625,16,262.854,16.428375,60870.293014373005,
0,3529,8466.127575,AB,1,0.5,1,1.0,11,7684.677,7684.677,130.12908675276788,2.0
0,3530,8486.763789,GB,16,0.05,0,0.0,2,219.993,13.7495625,72729.5868504907,
0,3531,8487.031516,SGD,32,0.01,0,0.0,27,162.621,5.08190625,196776.5540735821,
0,3532,8487.237211,MLP,16,0.05,0,0.0,10,176.986,11.061625,90402.63071655386,
0,3533,8487.460735,RF,32,0.01,0,0.0,25,3183.478,99.4836875,10051.899212119575,
0,3534,8490.712784,LoR,100,1.0,100,1.0,17,191.219,1.9121899999999998,522960.58446074923,
0,3535,8490.949746,DT,32,1.0,32,1.0,3,93.495,2.92171875,342264.29220813944,
0,3536,8491.103149,AB,16,0.1,1,0.0625,16,8057.004,503.56275,1985.8498270573032,
0,3537,8499.208547,GB,32,0.0,0,0.0,12,255.102,7.9719375,125440.0200704032,
0,3538,8499.527605,DT,16,0.05,1,0.0625,5,90.319,5.6449375,177149.8798702377,
0,3539,8499.684793,DT,64,0.1,5,0.078125,9,91.734,1.43334375,697669.3483332243,
0,3540,8499.816434,AB,32,1.0,32,1.0,17,8144.224,254.507,3929.165013143057,
0,3541,8507.999965,RF,1,1.0,1,1.0,2,3099.052,3099.052,322.6793225799373,7.88
0,3542,8524.025767,GB,64,1.0,64,1.0,25,281.156,4.3930625,227631.63510648892,
0,3543,8524.380302,LoR,64,0.05,1,0.015625,6,182.951,2.858609375,349820.4437253691,
0,3544,8524.620514,LoR,8,0.5,4,0.5,18,150.297,18.787125,53227.94200815718,
0,3545,8524.827079,DT,100,1.0,100,1.0,11,94.764,0.9476399999999999,1055253.0496813136,
0,3546,8524.961544,DT,8,0.05,0,0.0,7,88.352,11.044,90546.90329590728,
0,3547,8525.091164,GB,32,0.0,0,0.0,16,232.074,7.2523125,137887.05326749227,
0,3548,8525.382725,LoR,8,0.05,1,0.125,11,156.805,19.600625,51018.78128886196,
0,3549,8525.607985,RF,64,0.5,35,0.546875,20,3260.52,50.945625,19628.770870904027,
0,3550,8528.915211,RF,16,0.01,0,0.0,28,3067.245,191.7028125,5216.407557922501,
0,3551,8532.045485,GB,8,0.5,3,0.375,28,233.525,29.190625,34257.574135531526,
0,3552,8532.350145,MLP,64,0.5,32,0.5,2,239.905,3.748515625,266772.26402117504,
0,3553,8532.629071,LoR,1,0.0,0,0.0,14,148.752,148.752,6722.598687748736,
0,3554,8532.967593,DT,100,0.1,9,0.09,4,98.419,0.98419,1016063.9713876386,
0,3555,8533.121659,MLP,8,0.01,1,0.125,14,180.065,22.508125,44428.40085524672,
0,3556,8533.358586,AB,100,1.0,100,1.0,13,8764.953,87.64953,11409.07429851592,
0,3557,8542.190239,AB,32,0.5,13,0.40625,27,8092.429,252.88840625,3954.3133464624775,
0,3558,8550.355859,GB,64,0.5,33,0.515625,23,271.508,4.2423125,235720.49442373708,
0,3559,8550.671556,LoR,8,0.0,0,0.0,20,157.563,19.695375,50773.34145706797,
0,3560,8550.870168,AB,1,0.1,1,1.0,1,7669.61,7669.61,130.38472621163268,2.0
0,3561,8571.370238,MLP,100,0.05,7,0.07,6,246.108,2.46108,406325.67815755686,
0,3562,8571.657664,RF,1,0.1,0,0.0,17,2982.919,2982.919,335.24209004669586,11.52
0,3563,8587.469002,SGD,16,0.1,2,0.125,28,159.898,9.993625,100063.79066654993,
0,3564,8587.698627,DT,64,0.05,5,0.078125,11,91.969,1.437015625,695886.6574606661,
0,3565,8587.845605,RF,16,0.5,5,0.3125,20,3024.302,189.018875,5290.476943109517,
0,3566,8590.950803,SGD,100,0.1,13,0.13,18,178.741,1.7874100000000002,559468.7284954207,
0,3567,8591.197157,MLP,16,0.0,0,0.0,26,219.016,13.6885,73054.02345034153,
0,3568,8591.478319,GB,32,0.5,13,0.40625,28,241.629,7.55090625,132434.43460842862,
0,3569,8591.770348,RF,64,0.0,0,0.0,0,3221.304,50.332875,19867.73058363942,
0,3570,8595.033596,NB,8,1.0,8,1.0,11,124.755,15.594375,64125.68634523667,
0,3571,8595.200322,GB,16,0.05,0,0.0,6,223.061,13.9413125,71729.25791599607,
0,3572,8595.480689,SGD,8,0.5,3,0.375,7,157.591,19.698875,50764.32029747892,
0,3573,8595.711657,MLP,100,0.05,5,0.05,4,236.505,2.36505,422824.04177501536,
0,3574,8596.004859,MLP,8,0.5,6,0.75,7,168.554,21.06925,47462.53426201692,
0,3575,8596.212673,NB,16,1.0,16,1.0,20,110.319,6.8949375,145033.9470082216,
0,3576,8596.363881,NB,32,0.0,0,0.0,21,111.8,3.49375,286225.4025044723,
0,3577,8596.515195,AB,16,0.01,0,0.0,5,7928.903,495.5564375,2017.93362839727,
0,3578,8604.485841,NB,1,0.01,0,0.0,7,100.146,100.146,9985.42128492401,
0,3579,8604.660052,DT,32,0.1,1,0.03125,11,85.844,2.682625,372769.2092633149,
0,3580,8604.780735,RF,1,0.0,0,0.0,9,3023.039,3023.039,330.79295371313435,9.99
0,3581,8620.728624,NB,100,0.05,4,0.04,9,187.575,1.8757499999999998,533120.0852992136,
0,3582,8620.984478,SGD,64,0.01,1,0.015625,26,168.271,2.629234375,380338.85815143434,
0,3583,8621.192148,LoR,1,0.05,0,0.0,24,143.838,143.838,6952.265743405776,
0,3584,8621.485004,GB,16,1.0,16,1.0,23,224.229,14.0143125,71355.62304608234,
0,3585,8621.778023,MLP,64,0.05,3,0.046875,23,239.324,3.7394375,267419.89938326285,
0,3586,8622.10591,LoR,100,0.05,3,0.03,13,165.397,1.65397,604605.8876521339,
0,3587,8622.313802,NB,16,0.0,0,0.0,12,112.238,7.014875,142554.21514994922,
0,3588,8622.481433,SGD,100,0.01,0,0.0,15,193.615,1.93615,516488.90840069205,
0,3589,8622.748589,DT,100,0.5,60,0.6,18,95.744,0.95744,1044451.8716577541,
0,3590,8622.914748,GB,100,0.5,49,0.49,17,294.61,2.9461,339431.79118156206,
0,3591,8623.248906,RF,8,0.0,0,0.0,22,2984.696,373.087,2680.339974322343,
0,3592,8626.274802,AB,8,0.0,0,0.0,15,7930.878,991.35975,1008.7155545703768,
0,3593,8634.248182,MLP,16,0.0,0,0.0,14,181.397,11.3373125,88204.32531960287,
0,3594,8634.493504,RF,32,0.05,2,0.0625,20,3087.383,96.48071875,10364.765239686816,
0,3595,8637.660117,NB,100,0.5,57,0.57,26,156.504,1.56504,638961.3045033993,
0,3596,8637.854799,GB,1,0.01,0,0.0,11,222.649,222.649,4491.374315626838,4.0
0,3597,8650.525147,DT,100,0.1,6,0.06,10,97.687,0.97687,1023677.6643770409,
0,3598,8650.677467,RF,100,1.0,100,1.0,15,3236.709,32.36709,30895.579429599635,
0,3599,8653.984882,RF,32,0.5,15,0.46875,28,3029.585,94.67453125,10562.502785034914,
0,3600,8657.054196,SGD,1,1.0,1,1.0,21,159.805,159.805,6257.626482275273,
0,3601,8657.38152,LoR,100,0.0,0,0.0,25,162.444,1.6244399999999999,615596.759498658,
0,3602,8657.599224,LoR,100,0.0,0,0.0,13,159.931,1.59931,625269.6475354997,
0,3603,8657.798694,DT,1,0.1,0,0.0,27,84.702,84.702,11806.09666831952,16.0
0,3604,8658.092745,RF,16,0.5,9,0.5625,1,2958.817,184.9260625,5407.566605166862,
0,3605,8661.105725,LoR,64,0.01,0,0.0,15,171.73,2.68328125,372678.04111104645,
0,3606,8661.354311,DT,100,0.01,2,0.02,7,122.638,1.22638,815407.9485966829,
0,3607,8661.546483,LoR,16,0.5,6,0.375,11,151.335,9.4584375,105725.70786665345,
0,3608,8661.745022,LoR,64,1.0,64,1.0,1,152.675,2.385546875,419191.09218929097,
0,3609,8661.940003,LoR,32,0.0,0,0.0,6,150.461,4.70190625,212679.69772897958,
0,3610,8662.145119,GB,100,0.0,0,0.0,25,272.217,2.7221699999999998,367353.9859744248,
0,3611,8662.479594,RF,32,0.1,3,0.09375,10,3038.543,94.95446875,10531.363222439175,
0,3612,8665.559477,SGD,8,1.0,8,1.0,19,162.547,20.318375,49216.53429469631,
0,3613,8665.762644,MLP,1,0.5,0,0.0,11,165.414,165.414,6045.437508312477,
0,3614,8666.136114,LoR,64,0.1,6,0.09375,19,156.48,2.445,408997.95501022495,
0,3615,8666.33137,NB,1,0.5,1,1.0,29,101.721,101.721,9830.811730124557,
0,3616,8666.478759,AB,1,0.05,0,0.0,11,7624.527,7624.527,131.1556769357627,2.0
0,3617,8686.87545,LoR,16,0.5,8,0.5,29,156.015,9.7509375,102554.24157933533,
0,3618,8687.081459,SGD,64,0.0,0,0.0,25,157.442,2.46003125,406498.90118265775,
0,3619,8687.27733,DT,8,0.0,0,0.0,15,84.831,10.603875,94305.14788226002,
0,3620,8687.421775,LoR,32,0.5,17,0.53125,18,150.674,4.7085625,212379.04349788284,
0,3621,8687.610829,DT,1,0.01,0,0.0,27,82.75,82.75,12084.592145015105,16.0
0,3622,8687.893174,LoR,8,0.1,2,0.25,5,150.511,18.813875,53152.26129651653,
0,3623,8688.081715,SGD,8,0.0,0,0.0,15,144.522,18.06525,55354.89406457149,
0,3624,8688.280873,AB,100,1.0,100,1.0,20,8507.444,85.07444,11754.411783374655,
0,3625,8696.830079,GB,1,0.01,0,0.0,3,209.465,209.465,4774.067266607786,4.0
0,3626,8709.644927,DT,1,0.1,0,0.0,9,89.3,89.3,11198.208286674133,14.0
0,3627,8709.941487,LoR,64,0.5,30,0.46875,28,219.317,3.426828125,291815.04397743905,
0,3628,8710.200632,MLP,1,0.1,0,0.0,11,166.039,166.039,6022.681418221021,
0,3629,8710.516177,MLP,8,0.0,0,0.0,5,168.594,21.07425,47451.273473551846,
0,3630,8710.72249,AB,1,1.0,1,1.0,3,7502.36,7502.36,133.29139097563967,2.0
0,3631,8730.675248,SGD,100,0.0,0,0.0,21,172.244,1.72244,580571.7470565012,
0,3632,8730.924351,AB,100,0.1,12,0.12,7,8409.236,84.09236000000001,11891.686712086566,
0,3633,8739.395838,SGD,16,0.1,1,0.0625,29,149.947,9.3716875,106704.3688770032,
0,3634,8739.586653,RF,8,0.05,0,0.0,11,2976.754,372.09425,2687.491139677649,
0,3635,8742.615671,LoR,64,0.0,0,0.0,21,169.671,2.651109375,377200.5823033989,
0,3636,8742.842078,MLP,100,1.0,100,1.0,7,235.257,2.35257,425067.0543278202,
0,3637,8743.122679,GB,8,0.01,0,0.0,13,264.223,33.027875,30277.455028517576,
0,3638,8743.431753,NB,32,0.0,0,0.0,9,125.719,3.92871875,254535.90944885023,
0,3639,8743.631944,GB,100,0.01,2,0.02,23,281.937,2.81937,354689.1681474939,
0,3640,8743.955288,NB,8,0.1,0,0.0,20,113.316,14.1645,70599.03279325074,
0,3641,8744.121966,RF,100,0.0,0,0.0,15,4051.847,40.51847,24680.102679099185,
0,3642,8748.27358,NB,16,0.5,13,0.8125,16,166.057,10.3785625,96352.45728876229,
0,3643,8748.497741,SGD,64,0.01,0,0.0,9,196.931,3.077046875,324986.92435421544,
0,3644,8748.775394,SGD,100,0.05,10,0.1,5,173.86,1.7386000000000001,575175.4285056941,
0,3645,8749.026352,DT,100,0.05,3,0.03,29,107.751,1.07751,928065.6328015517,
0,3646,8749.179091,DT,32,0.01,0,0.0,5,96.118,3.0036875,332924.1141097401,
0,3647,8749.323251,RF,64,0.0,0,0.0,26,3790.899,59.232796875,16882.538943928605,
0,3648,8753.197652,DT,8,0.01,0,0.0,20,146.528,18.316,54597.07359685521,
0,3649,8753.397665,LoR,16,0.05,0,0.0,12,203.366,12.710375,78675.88485784251,
0,3650,8753.673042,LoR,100,0.0,0,0.0,3,176.83,1.7683000000000002,565514.9013176496,
0,3651,8753.892236,AB,8,1.0,8,1.0,28,8336.283,1042.035375,959.6603186336165,
0,3652,8762.333048,LoR,32,0.5,9,0.28125,5,190.257,5.94553125,168193.54872619666,
0,3653,8762.603321,AB,64,0.1,6,0.09375,22,8559.986,133.74978125,7476.647742180886,
0,3654,8771.251251,RF,8,0.5,3,0.375,10,3145.112,393.139,2543.6296068311717,
0,3655,8774.441719,MLP,1,0.1,1,1.0,19,205.341,205.341,4869.948037654438,
0,3656,8774.838229,DT,64,0.01,1,0.015625,8,95.208,1.487625,672212.4191244433,
0,3657,8774.994131,LoR,8,0.5,3,0.375,1,154.701,19.337625,51712.65861242009,
0,3658,8775.19694,NB,64,1.0,64,1.0,17,137.112,2.142375,466771.6902969835,
0,3659,8775.381407,SGD,64,0.0,0,0.0,27,159.981,2.499703125,400047.50564129493,
0,3660,8775.597695,LoR,8,0.1,1,0.125,27,141.67,17.70875,56469.2595468342,
0,3661,8775.798938,MLP,16,0.1,5,0.3125,6,180.216,11.2635,88782.35006880632,
0,3662,8776.018594,RF,16,0.0,0,0.0,19,3059.195,191.1996875,5230.134071218082,
0,3663,8779.159457,DT,100,0.5,40,0.4,14,101.388,1.0138800000000001,986310.0169645322,
0,3664,8779.299917,AB,16,1.0,16,1.0,15,8074.538,504.658625,1981.5375195460101,
0,3665,8787.441516,RF,32,0.05,4,0.125,25,3137.22,98.038125,10200.113476262424,
0,3666,8790.621201,NB,8,0.0,0,0.0,28,119.591,14.948875,66894.6659865709,
0,3667,8790.801883,AB,8,0.5,3,0.375,5,7982.346,997.79325,1002.2116305156404,
0,3668,8798.84551,SGD,100,0.0,0,0.0,7,172.034,1.72034,581280.444563284,
0,3669,8799.10704,SGD,100,0.5,42,0.42,0,165.594,1.65594,603886.6142493086,
0,3670,8799.341815,DT,64,0.1,6,0.09375,29,91.793,1.434265625,697220.9209852603,
0,3671,8799.481519,NB,64,1.0,64,1.0,4,132.733,2.073953125,482170.9748141005,
0,3672,8799.655894,AB,32,1.0,32,1.0,8,8148.795,254.64984375,3926.9609801203737,
0,3673,8807.871093,DT,32,0.05,3,0.09375,10,83.601,2.61253125,382770.5410222366,
0,3674,8807.995812,MLP,16,0.01,0,0.0,25,186.51,11.656875,85786.28491769878,
0,3675,8808.224173,SGD,8,0.01,0,0.0,4,146.516,18.3145,54601.54522372984,
0,3676,8808.41144,RF,8,0.05,0,0.0,5,3130.405,391.300625,2555.579869058476,
0,3677,8811.607054,MLP,16,0.5,6,0.375,26,199.988,12.49925,80004.80028801729,
0,3678,8811.867108,SGD,100,0.0,0,0.0,6,171.688,1.71688,582451.8894739295,
0,3679,8812.08348,NB,32,0.0,0,0.0,27,121.155,3.78609375,264124.46865585406,
0,3680,8812.24128,NB,1,0.0,0,0.0,1,99.774,99.774,10022.651191693227,
0,3681,8812.389803,DT,16,1.0,16,1.0,25,90.503,5.6564375,176789.71967780075,
0,3682,8812.519329,LoR,16,1.0,16,1.0,14,153.736,9.6085,104074.51735442577,
0,3683,8812.734899,MLP,32,0.5,12,0.375,23,192.758,6.0236875,166011.2680148165,
0,3684,8813.003999,DT,100,0.1,9,0.09,27,97.589,0.97589,1024705.6533010893,
0,3685,8813.145966,RF,32,0.01,0,0.0,28,3145.786,98.3058125,10172.338487106243,
0,3686,8816.332611,RF,1,0.0,0,0.0,10,2984.484,2984.484,335.0662962173696,9.98
0,3687,8832.336828,LoR,16,0.01,0,0.0,24,160.882,10.055125,99451.77210626421,
0,3688,8832.536253,GB,1,0.0,0,0.0,1,245.72,245.72,4069.672798307016,4.0
0,3689,8845.576031,RF,100,0.05,7,0.07,16,3488.426,34.88426,28666.223677956765,
0,3690,8849.109513,RF,8,0.05,0,0.0,16,3013.602,376.70025,2654.630571654784,
0,3691,8852.170929,GB,32,0.0,0,0.0,24,254.247,7.94521875,125861.85874366265,
0,3692,8852.497531,SGD,64,0.1,10,0.15625,26,173.034,2.70365625,369869.50541512074,
0,3693,8852.732839,RF,32,0.5,19,0.59375,10,3216.495,100.51546875,9948.717470414225,
0,3694,8856.010841,NB,100,1.0,100,1.0,13,186.445,1.86445,536351.2027675722,
0,3695,8856.274117,AB,100,0.5,48,0.48,10,8938.571,89.38571,11187.470569960233,
0,3696,8865.313886,SGD,32,0.05,1,0.03125,27,213.137,6.66053125,150138.17403829462,
0,3697,8865.5988,GB,16,0.0,0,0.0,15,331.746,20.734125,48229.66968704973,
0,3698,8865.982197,MLP,8,0.01,0,0.0,10,211.547,26.443375,37816.65540045474,
0,3699,8866.249333,NB,64,0.0,0,0.0,23,143.637,2.244328125,445567.6462192889,
0,3700,8866.431467,SGD,1,1.0,1,1.0,10,162.02,162.02,6172.077521293667,
0,3701,8866.81156,SGD,100,0.05,5,0.05,25,180.605,1.80605,553694.5267296033,
0,3702,8867.078862,GB,100,0.05,4,0.04,24,342.561,3.42561,291918.8115401345,
0,3703,8867.469536,MLP,32,0.0,0,0.0,2,224.422,7.0131875,142588.5162773703,
0,3704,8867.734304,NB,1,1.0,1,1.0,27,111.192,111.192,8993.452766386072,
0,3705,8867.900114,GB,16,0.01,0,0.0,27,251.537,15.7210625,63608.932284316026,
0,3706,8868.19722,LoR,32,0.0,0,0.0,12,168.385,5.26203125,190040.68058318735,
0,3707,8868.408761,RF,1,0.0,0,0.0,12,3103.273,3103.273,322.2404216451469,9.99
0,3708,8884.56665,RF,100,0.0,0,0.0,20,3445.771,34.45771,29021.081203597103,
0,3709,8888.058362,AB,8,0.01,0,0.0,8,8038.44,1004.805,995.2179776175477,
0,3710,8896.139512,MLP,1,0.5,0,0.0,0,174.211,174.211,5740.165661180981,
0,3711,8896.490463,RF,16,0.5,7,0.4375,2,3077.096,192.3185,5199.707776422965,
0,3712,8899.649516,LoR,100,0.05,6,0.06,21,184.218,1.84218,542835.1192608757,
0,3713,8899.898083,DT,32,0.1,4,0.125,18,92.511,2.89096875,345904.81131973496,
0,3714,8900.030406,RF,8,0.05,0,0.0,25,3026.537,378.317125,2643.2850482250838,
0,3715,8903.130741,SGD,64,0.01,2,0.03125,3,176.985,2.765390625,361612.56603666977,
0,3716,8903.346836,NB,8,1.0,8,1.0,6,114.334,14.29175,69970.4374901604,
0,3717,8903.507135,MLP,8,0.1,0,0.0,24,179.795,22.474375,44495.119441586256,
0,3718,8903.747127,LoR,16,0.1,1,0.0625,20,150.053,9.3783125,106628.99108981494,
0,3719,8903.936501,GB,16,0.0,0,0.0,12,239.882,14.992625,66699.46056811266,
0,3720,8904.220339,MLP,16,0.05,0,0.0,8,184.526,11.532875,86708.64810379024,
0,3721,8904.444552,SGD,8,0.0,0,0.0,7,147.669,18.458625,54175.21619297212,
0,3722,8904.669055,GB,100,0.1,7,0.07,10,288.573,2.8857299999999997,346532.76640572754,
0,3723,8905.008161,AB,64,0.0,0,0.0,28,8453.037,132.078703125,7571.24332946845,
0,3724,8913.505093,NB,8,0.05,0,0.0,11,111.246,13.90575,71912.69798464664,
0,3725,8913.656311,LoR,1,0.5,1,1.0,14,146.59,146.59,6821.747731768879,
0,3726,8913.954024,SGD,8,1.0,8,1.0,27,184.177,23.022125,43436.47686736129,
0,3727,8914.177612,LoR,8,0.0,0,0.0,0,140.51,17.56375,56935.449434203976,
0,3728,8914.386959,AB,64,0.1,11,0.171875,2,8299.311,129.676734375,7711.483519535537,
0,3729,8922.767893,MLP,100,0.5,50,0.5,29,237.429,2.3742900000000002,421178.5417956526,
0,3730,8923.065721,GB,8,0.05,1,0.125,7,220.615,27.576875,36262.266844956146,
0,3731,8923.34458,DT,100,1.0,100,1.0,14,96.995,0.9699500000000001,1030980.9784009485,
0,3732,8923.509567,AB,64,0.5,39,0.609375,9,8355.272,130.551125,7659.834413529565,
0,3733,8931.917209,DT,64,1.0,64,1.0,15,85.804,1.3406875,745885.9726819262,
0,3734,8932.051788,GB,64,0.0,0,0.0,14,244.388,3.8185625,261878.65197963893,
0,3735,8932.338972,DT,8,0.05,0,0.0,10,89.424,11.178,89461.44211844694,
0,3736,8932.473654,RF,16,0.05,0,0.0,5,3088.117,193.0073125,5181.150843701841,
0,3737,8935.643894,DT,100,0.05,6,0.06,0,102.484,1.02484,975762.0701768082,
0,3738,8935.785705,NB,16,0.0,0,0.0,5,120.106,7.506625,133215.65950077432,
0,3739,8935.973257,MLP,64,0.1,7,0.109375,9,226.205,3.534453125,282929.20138812135,
0,3740,8936.262623,GB,32,0.05,3,0.09375,14,238.623,7.45696875,134102.74784911764,
0,3741,8936.541187,DT,8,0.0,0,0.0,16,89.736,11.217,89150.3967192654,
0,3742,8936.669864,NB,1,0.5,0,0.0,28,104.903,104.903,9532.615845114056,
0,3743,8936.844723,MLP,32,0.5,18,0.5625,10,197.753,6.17978125,161818.02551667992,
0,3744,8937.09155,AB,64,0.0,0,0.0,27,8377.522,130.89878125,7639.490531925789,
0,3745,8945.514331,NB,16,0.05,0,0.0,3,113.158,7.072375,141395.2173067746,
0,3746,8945.684188,RF,100,1.0,100,1.0,9,3358.034,33.58034,29779.32921465357,
0,3747,8949.087717,SGD,8,0.1,0,0.0,12,165.726,20.71575,48272.449706141466,
0,3748,8949.294901,MLP,1,0.5,1,1.0,4,167.481,167.481,5970.826541518142,
0,3749,8949.614197,NB,8,0.05,0,0.0,13,111.721,13.965125,71606.94945444455,
0,3750,8949.783007,MLP,100,1.0,100,1.0,18,268.42,2.6842,372550.48059011996,
0,3751,8950.090614,AB,1,1.0,1,1.0,29,7724.439,7724.439,129.45923969365282,2.0
0,3752,8970.761951,GB,8,0.1,0,0.0,29,223.616,27.952,35775.615340583856,
0,3753,8971.040199,NB,64,0.01,0,0.0,21,137.687,2.151359375,464822.38700821425,
0,3754,8971.234709,RF,8,0.5,3,0.375,19,3022.315,377.789375,2646.9775652107737,
0,3755,8974.300398,MLP,1,0.5,1,1.0,25,179.687,179.687,5565.232877169745,
0,3756,8974.636041,DT,16,1.0,16,1.0,21,89.488,5.593,178794.92222420883,
0,3757,8974.784893,AB,100,0.01,0,0.0,7,8574.73,85.7473,11662.174785678384,
0,3758,8983.407212,AB,32,0.01,0,0.0,12,8543.558,266.9861875,3745.5121156782684,
0,3759,8992.017202,SGD,16,0.0,0,0.0,4,177.431,11.0894375,90175.8993636963,
0,3760,8992.245801,NB,16,0.05,0,0.0,9,122.808,7.6755,130284.67200833821,
0,3761,8992.41279,AB,32,1.0,32,1.0,13,8112.302,253.5094375,3944.626321850444,
0,3762,9000.611297,NB,100,0.05,5,0.05,19,196.304,1.9630400000000001,509413.9701687179,
0,3763,9000.897845,RF,100,0.5,55,0.55,3,3454.363,34.54363,28948.897379922146,
0,3764,9004.396934,LoR,8,0.01,0,0.0,13,168.905,21.113125,47363.90278558953,
0,3765,9004.607159,LoR,8,0.01,0,0.0,27,145.694,18.21175,54909.60506266559,
0,3766,9004.791438,SGD,8,0.0,0,0.0,13,143.325,17.915625,55817.19867434153,
0,3767,9004.983243,LoR,32,0.05,0,0.0,27,179.903,5.62196875,177873.63190163588,
0,3768,9005.201795,RF,1,0.1,0,0.0,13,3026.102,3026.102,330.45812732022915,9.99
0,3769,9021.150436,DT,1,0.0,0,0.0,15,85.772,85.772,11658.81639695938,7.0
0,3770,9021.449992,GB,100,0.05,3,0.03,26,316.926,3.16926,315531.0703444968,
0,3771,9021.83104,AB,32,0.01,1,0.03125,7,8038.787,251.21209375,3980.7000732822003,
0,3772,9029.929201,AB,100,0.0,0,0.0,8,9025.159,90.25159,11080.137203122958,
0,3773,9039.024207,MLP,32,1.0,32,1.0,4,245.084,7.658875,130567.47890519169,
0,3774,9039.318179,MLP,1,0.05,0,0.0,11,163.667,163.667,6109.967189476192,
0,3775,9039.67764,RF,32,0.01,2,0.0625,27,3167.897,98.99678125,10101.33852205422,
0,3776,9042.909013,DT,100,1.0,100,1.0,1,100.701,1.00701,993038.7980258389,
0,3777,9043.07218,MLP,32,0.5,16,0.5,3,199.08,6.22125,160739.40124573035,
0,3778,9043.33046,RF,16,0.1,1,0.0625,7,3060.488,191.2805,5227.924435580208,
0,3779,9046.430858,SGD,1,1.0,1,1.0,0,162.109,162.109,6168.688968533517,
0,3780,9046.760103,SGD,16,0.05,2,0.125,4,149.676,9.35475,106897.56540794784,
0,3781,9046.946888,DT,1,1.0,1,1.0,9,83.915,83.915,11916.820592265982,11.0
0,3782,9047.234095,DT,8,0.0,0,0.0,1,87.121,10.890125,91826.31053362566,
0,3783,9047.37716,AB,8,0.5,5,0.625,14,7886.593,985.824125,1014.3797201148836,
0,3784,9055.30959,MLP,32,0.0,0,0.0,23,188.534,5.8916875,169730.65866103728,
0,3785,9055.562126,NB,32,0.05,2,0.0625,1,123.548,3.860875,259008.6444135073,
0,3786,9055.751353,SGD,64,0.05,7,0.109375,24,158.277,2.473078125,404354.3913518705,
0,3787,9055.949891,RF,1,0.0,0,0.0,19,2932.79,2932.79,340.97224826871343,9.99
0,3788,9072.264423,DT,64,0.05,4,0.0625,9,115.467,1.804171875,554270.9172317632,
0,3789,9072.444544,AB,32,0.05,3,0.09375,28,8296.637,259.26990625,3856.984462499685,
0,3790,9080.834457,AB,100,0.5,49,0.49,26,9071.336,90.71336,11023.734541417054,
0,3791,9090.050775,DT,100,0.1,13,0.13,28,96.653,0.9665300000000001,1034629.0337599453,
0,3792,9090.225681,SGD,100,0.1,8,0.08,27,196.892,1.96892,507892.6518091136,
0,3793,9090.486055,LoR,32,0.1,3,0.09375,6,156.286,4.8839375,204752.82494913173,
0,3794,9090.679692,AB,1,0.0,0,0.0,10,7808.599,7808.599,128.06394591398535,2.0
0,3795,9111.568669,AB,16,0.0,0,0.0,4,8064.566,504.035375,1983.9877310198715,
0,3796,9119.715616,NB,100,0.5,43,0.43,13,158.565,1.58565,630656.1977737836,
0,3797,9119.947292,DT,64,0.05,2,0.03125,22,94.378,1.47465625,678124.139100214,
0,3798,9120.106667,AB,64,0.5,30,0.46875,24,8302.032,129.71925,7708.956072441061,
0,3799,9128.481623,RF,64,0.01,1,0.015625,13,3320.744,51.886625,19272.78947127511,
0,3800,9131.845796,AB,8,0.0,0,0.0,17,8095.05,1011.88125,988.2582565889031,
0,3801,9140.022089,RF,100,0.01,1,0.01,18,3641.483,36.41483,27461.339240084326,
0,3802,9143.749716,AB,100,0.1,8,0.08,28,9016.111,90.16111000000001,11091.256529561359,
0,3803,9152.807531,DT,8,0.0,0,0.0,5,80.93,10.11625,98850.85876683553,
0,3804,9152.945106,AB,100,0.0,0,0.0,16,8614.987,86.14986999999999,11607.678572236964,
0,3805,9161.601764,RF,8,1.0,8,1.0,11,3018.374,377.29675,2650.4336440745915,
0,3806,9164.689021,LoR,32,0.05,1,0.03125,2,179.981,5.62440625,177796.54519088127,
0,3807,9164.922167,LoR,64,1.0,64,1.0,25,161.488,2.52325,396314.2772218369,
0,3808,9165.124266,RF,1,0.01,0,0.0,23,3217.216,3217.216,310.82774672263224,9.99
0,3809,9181.513182,RF,16,1.0,16,1.0,20,3086.381,192.8988125,5184.065091121284,
0,3810,9184.671756,MLP,16,0.01,1,0.0625,7,227.34,14.20875,70379.16776634117,
0,3811,9184.95913,DT,8,0.5,2,0.25,26,91.93,11.49125,87022.73468943761,
0,3812,9185.090819,DT,16,1.0,16,1.0,11,87.104,5.444,183688.4643644379,
0,3813,9185.246644,RF,64,0.5,34,0.53125,8,3354.286,52.41071875,19080.066517881896,
0,3814,9188.668701,MLP,32,0.1,2,0.0625,11,216.963,6.78009375,147490.5859524435,
0,3815,9188.926376,RF,1,0.1,0,0.0,20,2984.86,2984.86,335.02408823194384,9.99
0,3816,9204.962378,GB,100,0.1,8,0.08,13,329.141,3.2914100000000004,303821.15871313505,
0,3817,9205.335196,DT,8,0.01,0,0.0,21,92.93,11.61625,86086.30151727106,
0,3818,9205.468074,AB,16,0.0,0,0.0,27,8115.024,507.189,1971.6515933902351,
0,3819,9213.628632,MLP,16,0.05,0,0.0,27,194.867,12.1791875,82107.2834292107,
0,3820,9213.902995,LoR,100,0.05,9,0.09,29,208.981,2.08981,478512.4006488628,
0,3821,9214.176286,RF,100,0.0,0,0.0,19,3405.405,34.054050000000004,29365.08286092256,
0,3822,9217.628692,AB,16,0.1,0,0.0,3,8054.619,503.4136875,1986.4378439253303,
0,3823,9225.75112,RF,32,0.01,1,0.03125,3,3116.641,97.39503125,10267.4642347322,
0,3824,9228.932631,LoR,16,0.1,3,0.1875,25,166.634,10.414625,96018.81968865899,
0,3825,9229.142097,MLP,8,0.1,0,0.0,6,181.12,22.64,44169.61130742049,
0,3826,9229.402512,AB,100,0.05,8,0.08,8,8649.56,86.4956,11561.28172993771,
0,3827,9238.141278,AB,100,0.0,0,0.0,15,8534.064,85.34064000000001,11717.746667941557,
0,3828,9246.748921,RF,64,0.5,29,0.453125,26,3269.078,51.07934375,19577.385427940233,
0,3829,9250.096014,MLP,16,0.05,2,0.125,14,197.812,12.36325,80884.88059369502,
0,3830,9250.355585,NB,16,0.05,1,0.0625,12,122.825,7.6765625,130266.63952778342,
0,3831,9250.514691,LoR,1,1.0,1,1.0,8,151.334,151.334,6607.900405725085,
0,3832,9250.819438,LoR,8,0.0,0,0.0,19,143.847,17.980875,55614.64611705492,
0,3833,9251.027486,SGD,32,0.1,9,0.28125,6,151.898,4.7468125,210667.68489381034,
0,3834,9251.237,AB,16,0.5,10,0.625,10,7997.651,499.8531875,2000.5874224819263,
0,3835,9259.277441,GB,16,1.0,16,1.0,7,247.633,15.4770625,64611.743992117365,
0,3836,9259.567151,SGD,1,0.01,0,0.0,8,154.837,154.837,6458.404644884621,
0,3837,9259.877415,LoR,16,0.05,0,0.0,28,146.465,9.1540625,109241.11562489331,
0,3838,9260.101525,RF,100,0.05,2,0.02,6,3398.37,33.9837,29425.8718150172,
0,3839,9263.564776,RF,16,0.1,2,0.125,27,3035.008,189.688,5271.814769516259,
0,3840,9266.650871,MLP,16,0.0,0,0.0,4,198.85,12.428125,80462.66029670606,
0,3841,9266.889693,SGD,1,1.0,1,1.0,29,150.599,150.599,6640.150333003539,
0,3842,9267.190023,LoR,16,1.0,16,1.0,19,147.497,9.2185625,108476.78257862871,
0,3843,9267.397052,NB,8,0.1,1,0.125,16,113.673,14.209125,70377.3103551415,
0,3844,9267.566801,SGD,100,0.0,0,0.0,20,168.168,1.68168,594643.4517863089,
0,3845,9267.77682,MLP,8,0.01,0,0.0,15,171.302,21.41275,46701.147680704256,
0,3846,9267.989697,DT,8,0.01,0,0.0,26,90.951,11.368875,87959.45069323042,
0,3847,9268.139795,SGD,16,0.1,1,0.0625,7,151.762,9.485125,105428.23631739171,
0,3848,9268.329884,GB,1,0.01,0,0.0,22,224.829,224.829,4447.824791285821,4.0
0,3849,9281.286662,RF,16,0.01,0,0.0,20,3087.314,192.957125,5182.498443630936,
0,3850,9284.433605,NB,100,0.0,0,0.0,23,158.836,1.5883600000000002,629580.1959253569,
0,3851,9284.6518,GB,16,0.1,2,0.125,5,232.025,14.5015625,68958.08641310204,
0,3852,9284.922956,SGD,8,1.0,8,1.0,9,157.499,19.687375,50793.97329506854,
0,3853,9285.138247,LoR,8,0.1,1,0.125,26,147.633,18.454125,54188.4267067661,
0,3854,9285.325611,MLP,8,0.05,0,0.0,15,170.465,21.308125,46930.4549320975,
0,3855,9285.54162,LoR,32,0.01,0,0.0,23,146.361,4.57378125,218637.47856327848,
0,3856,9285.727919,NB,8,0.01,0,0.0,6,106.623,13.327875,75030.71569923937,
0,3857,9285.872708,MLP,8,0.1,0,0.0,15,207.651,25.956375,38526.18094784037,
0,3858,9286.120959,RF,8,0.1,0,0.0,9,2956.68,369.585,2705.737516403534,
0,3859,9289.123077,SGD,16,0.1,0,0.0,2,163.413,10.2133125,97911.42687546278,
0,3860,9289.346249,AB,100,0.05,0,0.0,24,8811.615,88.11615,11348.657425454925,
0,3861,9298.231981,NB,16,0.5,8,0.5,1,152.249,9.5155625,105091.002239752,
0,3862,9298.496142,LoR,64,0.1,8,0.125,14,193.951,3.030484375,329980.2527442498,
0,3863,9298.749224,AB,100,0.0,0,0.0,1,8798.148,87.98147999999999,11366.028395976064,
0,3864,9307.622207,MLP,64,0.05,4,0.0625,22,229.644,3.5881875,278692.236679382,
0,3865,9307.931737,MLP,100,0.5,49,0.49,24,302.062,3.02062,331057.8622931716,
0,3866,9308.280006,LoR,32,0.01,0,0.0,25,149.949,4.68590625,213405.8913363877,
0,3867,9308.478968,GB,1,0.01,0,0.0,17,242.024,242.024,4131.8216375235515,4.0
0,3868,9321.431215,RF,1,0.5,1,1.0,9,2981.829,2981.829,335.3646369392745,7.84
0,3869,9337.222267,RF,8,0.0,0,0.0,26,2968.856,371.107,2694.6406292524794,
0,3870,9340.264364,GB,64,0.1,11,0.171875,5,280.049,4.375765625,228531.43557020382,
0,3871,9340.60583,AB,16,0.1,1,0.0625,11,8504.378,531.523625,1881.3839177891668,
0,3872,9349.175464,NB,32,0.01,0,0.0,21,129.466,4.0458125,247169.14093275453,
0,3873,9349.38618,RF,100,0.05,1,0.01,20,3434.274,34.34274,29118.235761037122,
0,3874,9352.864392,NB,1,0.5,0,0.0,20,112.163,112.163,8915.596052174069,
0,3875,9353.03111,GB,32,1.0,32,1.0,14,271.871,8.49596875,117702.88114583756,
0,3876,9353.347662,GB,16,0.05,0,0.0,0,253.048,15.8155,63229.11068255825,
0,3877,9353.646798,LoR,32,0.0,0,0.0,8,228.589,7.14340625,139989.23832730358,
0,3878,9353.942375,DT,100,1.0,100,1.0,17,134.754,1.34754,742092.9990946465,
0,3879,9354.117937,DT,1,0.05,0,0.0,25,113.198,113.198,8834.078340606726,16.0
0,3880,9354.613203,LoR,100,0.1,10,0.1,7,262.379,2.62379,381128.06284039497,
0,3881,9354.930603,LoR,64,0.01,0,0.0,3,203.184,3.17475,314985.43192377355,
0,3882,9355.198116,MLP,64,0.01,0,0.0,6,222.566,3.47759375,287555.1521795782,
0,3883,9355.49845,LoR,100,0.05,6,0.06,20,160.283,1.60283,623896.4830955248,
0,3884,9355.716643,SGD,16,0.05,1,0.0625,5,146.576,9.161,109158.38882218099,
0,3885,9355.91016,SGD,64,0.0,0,0.0,29,149.742,2.33971875,427401.79775881185,
0,3886,9356.128256,AB,16,0.01,0,0.0,6,8516.011,532.2506875,1878.8139188641253,
0,3887,9364.706213,DT,16,0.0,0,0.0,2,82.543,5.1589375,193838.36303502414,
0,3888,9364.852248,AB,16,0.5,11,0.6875,9,7882.619,492.6636875,2029.7822335444603,
0,3889,9372.809313,NB,64,0.05,3,0.046875,9,140.393,2.193640625,455863.1840618834,
0,3890,9373.031806,DT,64,0.1,6,0.09375,19,104.79,1.63734375,610745.3001240576,
0,3891,9373.195706,NB,32,0.01,1,0.03125,26,118.336,3.698,270416.4413196322,
0,3892,9373.370777,AB,32,0.5,13,0.40625,28,8080.079,252.50246875,3960.357318288596,
0,3893,9381.511695,GB,64,0.05,0,0.0,7,292.816,4.57525,218567.2914048413,
0,3894,9381.844946,DT,8,1.0,8,1.0,1,100.979,12.622375,79224.39319066341,
0,3895,9382.0522,AB,64,0.5,32,0.5,5,8349.863,130.466609375,7664.796416420246,
0,3896,9390.444756,NB,1,0.05,0,0.0,10,104.151,104.151,9601.444057186201,
0,3897,9390.600417,SGD,16,0.0,0,0.0,26,167.517,10.4698125,95512.69423401804,
0,3898,9390.807041,MLP,8,1.0,8,1.0,20,185.64,23.205,43094.160741219566,
0,3899,9391.034348,DT,8,0.05,0,0.0,6,85.629,10.703625,93426.29249436522,
0,3900,9391.159813,SGD,16,0.0,0,0.0,18,154.43,9.651875,103606.81214789872,
0,3901,9391.376598,NB,32,0.1,3,0.09375,12,118.56,3.705,269905.5330634278,
0,3902,9391.533382,GB,16,1.0,16,1.0,2,243.978,15.248625,65579.68341407832,
0,3903,9391.882682,SGD,100,0.05,3,0.03,15,176.429,1.76429,566800.2425905038,
0,3904,9392.098577,SGD,1,0.05,0,0.0,3,144.242,144.242,6932.793499812815,
0,3905,9392.438639,SGD,100,0.5,44,0.44,18,165.294,1.65294,604982.6369983181,
0,3906,9392.679168,SGD,100,0.5,50,0.5,1,163.144,1.63144,612955.4258814299,
0,3907,9392.903015,DT,32,0.5,17,0.53125,26,89.22,2.788125,358663.9766868415,
0,3908,9393.032513,SGD,16,0.05,0,0.0,29,149.862,9.366375,106764.8903658032,
0,3909,9393.24263,MLP,32,0.1,5,0.15625,20,193.852,6.057875,165074.38664548213,
0,3910,9393.494301,AB,8,0.1,2,0.25,2,7971.405,996.425625,1003.5871969872313,
0,3911,9401.527742,MLP,8,0.1,1,0.125,26,175.182,21.89775,45666.79225034536,
0,3912,9401.760265,RF,100,0.0,0,0.0,29,3538.263,35.38263,28262.45533472215,
0,3913,9405.395609,MLP,100,0.05,6,0.06,25,250.116,2.50116,399814.4860784596,
0,3914,9405.707546,MLP,16,0.5,6,0.375,20,180.394,11.274625,88694.74594498708,
0,3915,9405.965042,DT,100,0.1,14,0.14,3,136.74,1.3674000000000002,731314.9041977475,
0,3916,9406.141093,MLP,16,0.0,0,0.0,11,179.441,11.2150625,89165.79822894433,
0,3917,9406.364277,MLP,16,0.0,0,0.0,21,174.184,10.8865,91856.88697010059,
0,3918,9406.579013,AB,16,1.0,16,1.0,2,8141.188,508.82425,1965.3151358253856,
0,3919,9414.784283,LoR,16,0.1,2,0.125,14,154.406,9.650375,103622.91620791938,
0,3920,9414.980048,RF,16,0.0,0,0.0,9,3163.922,197.745125,5057.0146798814885,
0,3921,9418.186772,SGD,8,0.0,0,0.0,11,166.178,20.77225,48141.1498513642,
0,3922,9418.424235,NB,64,0.05,3,0.046875,13,137.822,2.15346875,464367.08217846206,
0,3923,9418.601104,RF,1,0.1,0,0.0,3,2965.128,2965.128,337.2535688172652,11.58
0,3924,9435.119626,AB,16,0.0,0,0.0,11,8427.137,526.6960625,1898.6282055222312,
0,3925,9443.614628,AB,32,1.0,32,1.0,15,8127.256,253.97675,3937.3682827266666,
0,3926,9451.813311,SGD,16,0.5,12,0.75,2,177.479,11.0924375,90151.5108829777,
0,3927,9452.066783,DT,64,0.5,32,0.5,6,92.853,1.450828125,689261.5208986248,
0,3928,9452.209386,LoR,64,1.0,64,1.0,8,163.268,2.5510625,391993.53210672026,
0,3929,9452.410151,SGD,1,0.0,0,0.0,23,143.416,143.416,6972.722708763318,
0,3930,9452.730321,DT,16,0.1,3,0.1875,12,86.961,5.4350625,183990.52448798888,
0,3931,9452.872821,NB,8,0.5,3,0.375,29,116.934,14.61675,68414.66126190843,
0,3932,9453.027172,AB,1,0.5,0,0.0,9,7872.701,7872.701,127.02120911234911,2.0
0,3933,9473.875538,DT,32,0.0,0,0.0,2,95.776,2.993,334112.9301703976,
0,3934,9474.060849,RF,100,0.0,0,0.0,17,3459.145,34.59145,28908.877771819338,
0,3935,9477.603654,RF,100,0.5,45,0.45,9,3464.097,34.64097,28867.551919013815,
0,3936,9481.113003,SGD,8,0.05,0,0.0,16,168.034,21.00425,47609.41238082769,
0,3937,9481.321149,NB,8,0.0,0,0.0,7,115.789,14.473625,69091.19173669346,
0,3938,9481.485641,SGD,64,1.0,64,1.0,21,164.944,2.57725,388010.4762828597,
0,3939,9481.708986,RF,8,0.5,3,0.375,28,3002.525,375.315625,2664.4241097076624,
0,3940,9484.778915,AB,32,0.1,2,0.0625,6,8178.384,255.5745,3912.7534241483404,
0,3941,9493.031004,NB,64,0.05,6,0.09375,11,135.306,2.11415625,473001.9363516769,
0,3942,9493.217055,NB,64,0.01,0,0.0,23,126.403,1.975046875,506317.0969043456,
0,3943,9493.4183,SGD,100,0.01,1,0.01,29,174.793,1.74793,572105.290257619,
0,3944,9493.633232,MLP,16,1.0,16,1.0,8,194.301,12.1438125,82346.4624474398,
0,3945,9493.86701,SGD,8,1.0,8,1.0,22,185.012,23.1265,43240.43845804597,
0,3946,9494.091157,NB,1,0.1,0,0.0,13,98.938,98.938,10107.339950271888,
0,3947,9494.252255,NB,64,0.05,0,0.0,19,127.184,1.98725,503207.95068562083,
0,3948,9494.416844,AB,1,0.5,1,1.0,21,7748.43,7748.43,129.05840279901864,2.0
0,3949,9515.062692,MLP,32,1.0,32,1.0,15,209.179,6.53684375,152979.02753144436,
0,3950,9515.343247,DT,64,0.1,2,0.03125,8,94.739,1.480296875,675540.1682517232,
0,3951,9515.497866,LoR,32,0.05,2,0.0625,1,157.943,4.93571875,202604.73715201052,
0,3952,9515.695218,NB,16,0.0,0,0.0,11,112.638,7.039875,142047.9767041318,
0,3953,9515.848565,DT,16,0.05,0,0.0,3,88.801,5.5500625,180178.15114694653,
0,3954,9516.002784,RF,64,0.1,5,0.078125,7,3319.932,51.8739375,19277.50327416345,
0,3955,9519.366536,GB,16,0.0,0,0.0,13,270.231,16.8894375,59208.60301001736,
0,3956,9519.698846,NB,16,0.5,5,0.3125,6,119.628,7.47675,133747.95198448523,
0,3957,9519.880716,MLP,8,0.5,4,0.5,14,183.796,22.9745,43526.51853141527,
0,3958,9520.124251,MLP,16,0.1,1,0.0625,15,176.159,11.0099375,90827.03693822058,
0,3959,9520.343754,AB,32,1.0,32,1.0,22,8113.257,253.53928125,3944.1620054683344,
0,3960,9528.524116,GB,32,0.05,2,0.0625,26,247.459,7.73309375,129314.3510642167,
0,3961,9528.813113,DT,1,0.5,1,1.0,29,87.208,87.208,11466.837904779379,11.0
0,3962,9529.09244,RF,16,0.01,0,0.0,27,3091.475,193.2171875,5175.523010860512,
0,3963,9532.257875,LoR,64,0.1,6,0.09375,9,176.19,2.75296875,363244.2249843919,
0,3964,9532.492716,MLP,8,0.05,1,0.125,24,178.229,22.278625,44886.07353460997,
0,3965,9532.71508,DT,32,0.0,0,0.0,13,90.959,2.84246875,351806.8580349388,
0,3966,9532.880498,RF,100,0.5,54,0.54,11,3412.188,34.121880000000004,29306.708774545834,
0,3967,9536.337496,MLP,8,0.05,0,0.0,17,188.691,23.586375,42397.35864455644,
0,3968,9536.570658,MLP,16,0.01,0,0.0,13,177.822,11.113875,89977.61806750571,
0,3969,9536.825957,NB,100,0.05,4,0.04,16,153.002,1.5300200000000002,653586.2276310113,
0,3970,9537.036057,NB,16,0.1,2,0.125,13,111.797,6.9873125,143116.54158877252,
0,3971,9537.188303,LoR,32,1.0,32,1.0,22,160.157,5.00490625,199803.9423815381,
0,3972,9537.387539,DT,1,0.5,1,1.0,20,86.881,86.881,11509.996431901107,11.0
0,3973,9537.667092,RF,8,0.01,0,0.0,9,3050.355,381.294375,2622.645560926515,
0,3974,9540.7829,DT,16,0.1,2,0.125,6,94.897,5.9310625,168603.8547056282,
0,3975,9540.91839,GB,16,1.0,16,1.0,15,233.115,14.5696875,68635.65193145013,
0,3976,9541.193528,NB,16,0.0,0,0.0,1,119.672,7.4795,133698.7766561936,
0,3977,9541.370145,GB,8,0.05,1,0.125,23,218.692,27.3365,36581.12779616995,
0,3978,9541.647161,RF,8,0.5,5,0.625,18,3012.646,376.58075,2655.4729629700932,
0,3979,9544.70722,NB,32,1.0,32,1.0,19,130.812,4.087875,244625.87530196004,
0,3980,9544.898295,AB,16,0.05,2,0.125,2,8116.209,507.2630625,1971.3637241229249,
0,3981,9553.067887,DT,64,0.0,0,0.0,11,86.698,1.35465625,738194.6527024845,
0,3982,9553.204816,DT,64,0.0,0,0.0,27,84.989,1.327953125,753038.6285283978,
0,3983,9553.346494,AB,8,0.5,6,0.75,26,7944.098,993.01225,1007.0369222534767,
0,3984,9561.370748,AB,100,0.1,13,0.13,10,8643.738,86.43737999999999,11569.068844983502,
0,3985,9570.05567,DT,8,1.0,8,1.0,6,81.148,10.1435,98585.30093163109,
0,3986,9570.176884,MLP,16,1.0,16,1.0,2,189.159,11.8224375,84584.92590889147,
0,3987,9570.448074,AB,100,0.1,7,0.07,29,8593.05,85.9305,11637.311548286116,
0,3988,9579.113754,DT,64,0.5,27,0.421875,24,87.251,1.363296875,733515.9482412809,
0,3989,9579.243638,DT,32,0.0,0,0.0,5,82.403,2.57509375,388335.3761392182,
0,3990,9579.364317,NB,1,0.01,0,0.0,3,101.642,101.642,9838.452608173788,
0,3991,9579.513458,RF,1,0.5,1,1.0,11,2978.559,2978.559,335.7328157676245,6.88
0,3992,9595.29719,MLP,1,0.5,0,0.0,24,174.202,174.202,5740.462222018117,
0,3993,9595.626373,RF,16,1.0,16,1.0,14,2950.652,184.41575,5422.530342446347,
0,3994,9598.638404,SGD,8,0.5,4,0.5,10,162.837,20.354625,49128.88348471171,
0,3995,9598.840495,RF,8,1.0,8,1.0,18,2894.44,361.805,2763.9197910476637,
0,3996,9601.808522,AB,64,0.05,1,0.015625,4,8416.102,131.50159375,7604.470573194098,
0,3997,9610.290876,GB,32,0.5,14,0.4375,2,256.241,8.00753125,124882.43489527437,
0,3998,9610.605467,LoR,100,0.0,0,0.0,29,173.531,1.7353100000000001,576265.912142499,
0,3999,9610.869454,MLP,32,0.5,13,0.40625,9,190.824,5.96325,167693.79113738312,
0,4000,9611.099565,AB,1,0.01,0,0.0,10,7604.078,7604.078,131.5083827388409,2.0
0,4001,9631.389406,SGD,8,0.0,0,0.0,24,154.504,19.313,51778.59472893906,
0,4002,9631.614884,SGD,64,0.01,1,0.015625,2,157.41,2.45953125,406581.53865701036,
0,4003,9631.838148,AB,64,0.5,37,0.578125,16,8169.801,127.653140625,7833.7281409914385,
0,4004,9640.0772,AB,1,0.1,1,1.0,27,7474.469,7474.469,133.78876813857948,2.0
0,4005,9660.058621,GB,64,0.1,8,0.125,28,271.599,4.243734375,235641.51561677328,
0,4006,9660.372678,GB,8,0.01,0,0.0,3,216.556,27.0695,36941.94573228172,
0,4007,9660.659091,LoR,64,0.1,12,0.1875,17,166.289,2.598265625,384872.1202244286,
0,4008,9660.865021,GB,16,1.0,16,1.0,13,216.016,13.501,74068.58751203615,
0,4009,9661.121161,GB,1,0.1,0,0.0,24,202.193,202.193,4945.769635941897,4.0
0,4010,9673.924843,AB,100,0.0,0,0.0,25,8679.799,86.79799000000001,11521.004115417878,
0,4011,9682.650956,SGD,32,1.0,32,1.0,27,154.258,4.8205625,207444.67061675893,
0,4012,9682.864428,GB,8,0.05,2,0.25,0,212.94,26.6175,37569.26833849911,
0,4013,9683.136367,NB,100,0.01,0,0.0,14,151.03,1.5103,662120.1085876978,
0,4014,9683.354092,AB,64,0.01,1,0.015625,26,8263.462,129.11659375,7744.9378964893895,
0,4015,9691.682884,MLP,32,0.01,1,0.03125,8,195.37,6.1053125,163791.7797000563,
0,4016,9691.935152,LoR,100,1.0,100,1.0,16,160.982,1.60982,621187.4619522679,
0,4017,9692.138804,DT,32,1.0,32,1.0,19,85.818,2.6818125,372882.1459367499,
0,4018,9692.26131,AB,8,1.0,8,1.0,4,7787.528,973.441,1027.283625818103,
0,4019,9700.08944,DT,1,0.5,0,0.0,18,76.744,76.744,13030.334618993016,16.0
0,4020,9700.364257,AB,8,0.1,1,0.125,29,7735.173,966.896625,1034.2367261856975,
0,4021,9708.141614,AB,8,0.01,0,0.0,7,7740.153,967.519125,1033.5713002055643,
0,4022,9715.921697,RF,8,0.0,0,0.0,16,2974.893,371.861625,2689.172350064355,
0,4023,9718.955123,DT,100,1.0,100,1.0,8,99.646,0.99646,1003552.5761194628,
0,4024,9719.113586,SGD,100,0.01,0,0.0,21,174.642,1.7464199999999999,572599.9473208048,
0,4025,9719.331354,MLP,32,1.0,32,1.0,2,191.956,5.998625,166704.86986601097,
0,4026,9719.591859,NB,64,0.05,4,0.0625,18,133.366,2.08384375,479882.42880494276,
0,4027,9719.76657,MLP,1,0.05,0,0.0,18,164.163,164.163,6091.506612330427,
0,4028,9720.110143,DT,64,0.05,4,0.0625,8,92.147,1.439796875,694542.4159223848,
0,4029,9720.27479,NB,100,0.5,53,0.53,20,169.158,1.6915799999999999,591163.2911242744,
0,4030,9720.480897,LoR,8,1.0,8,1.0,1,149.404,18.6755,53546.08979679259,
0,4031,9720.704226,DT,100,0.01,2,0.02,17,94.408,0.94408,1059232.2684518262,
0,4032,9720.852839,AB,100,0.01,0,0.0,1,8392.544,83.92544,11915.338185894527,
0,4033,9729.28913,MLP,8,1.0,8,1.0,3,175.024,21.878,45708.01718621446,
0,4034,9729.53485,DT,64,0.05,1,0.015625,23,90.168,1.408875,709786.1769142045,
0,4035,9729.661524,LoR,8,1.0,8,1.0,26,144.564,18.0705,55338.811875709034,
0,4036,9729.854097,SGD,64,0.0,0,0.0,13,157.071,2.454234375,407459.04718248436,
0,4037,9730.082014,SGD,64,0.5,22,0.34375,19,152.917,2.389328125,418527.6980322659,
0,4038,9730.301796,GB,64,0.01,1,0.015625,10,250.476,3.9136875,255513.50229163672,
0,4039,9730.595287,GB,16,0.05,0,0.0,10,218.72,13.67,73152.8895391368,
0,4040,9730.870512,AB,100,1.0,100,1.0,23,8378.256,83.78255999999999,11935.658208581835,
0,4041,9739.313641,SGD,32,0.05,2,0.0625,7,153.398,4.7936875,208607.67415481296,
0,4042,9739.507938,LoR,8,0.01,0,0.0,7,140.621,17.577625,56890.50710775773,
0,4043,9739.688162,NB,16,0.0,0,0.0,13,109.424,6.839,146220.20763269483,
0,4044,9739.844298,MLP,64,1.0,64,1.0,0,205.393,3.209265625,311597.7662335133,
0,4045,9740.125219,AB,100,0.1,18,0.18,6,8944.417,89.44417,11180.158527939831,
0,4046,9749.149099,RF,64,0.1,5,0.078125,14,3472.052,54.2508125,18432.903654668768,
0,4047,9752.677026,AB,16,1.0,16,1.0,22,8456.625,528.5390625,1892.0077454067077,
0,4048,9761.196983,NB,1,1.0,1,1.0,13,120.044,120.044,8330.278897737497,
0,4049,9761.385047,RF,64,1.0,64,1.0,29,3573.927,55.842609375,17907.47264843406,
0,4050,9765.026451,GB,1,0.05,0,0.0,28,313.832,313.832,3186.4182110173597,4.0
0,4051,9778.624078,AB,100,0.1,12,0.12,24,8658.552,86.58552,11549.27521368469,
0,4052,9787.349227,MLP,16,0.1,2,0.125,22,213.336,13.3335,74999.0625117186,
0,4053,9787.602536,GB,1,0.05,0,0.0,11,232.024,232.024,4309.8989759680035,4.0
0,4054,9800.473488,GB,32,0.0,0,0.0,28,232.688,7.2715,137523.2070411882,
0,4055,9800.765832,MLP,100,0.0,0,0.0,27,275.213,2.75213,363354.9287279307,
0,4056,9801.082567,DT,16,0.0,0,0.0,25,89.508,5.59425,178754.97162264827,
0,4057,9801.208066,DT,1,1.0,1,1.0,3,81.868,81.868,12214.784775492257,11.0
0,4058,9801.473428,AB,8,0.1,0,0.0,24,7961.664,995.208,1004.8150738338117,
0,4059,9809.475113,MLP,8,0.0,0,0.0,12,172.618,21.57725,46345.10885307442,
0,4060,9809.717609,GB,64,0.1,11,0.171875,11,286.427,4.475421875,223442.62237847687,
0,4061,9810.047071,LoR,1,0.5,1,1.0,4,186.617,186.617,5358.568619150453,
0,4062,9810.40372,GB,100,1.0,100,1.0,8,283.153,2.8315300000000003,353165.9562144847,
0,4063,9810.746273,GB,8,0.5,5,0.625,22,215.614,26.95175,37103.34208353818,
0,4064,9811.001165,MLP,1,0.1,1,1.0,0,169.133,169.133,5912.5067254764,
0,4065,9811.347605,AB,32,0.1,3,0.09375,27,8054.107,251.69084375,3973.1282437643304,
0,4066,9819.442472,SGD,8,0.0,0,0.0,28,148.597,18.574625,53836.887689522664,
0,4067,9819.631484,DT,16,0.0,0,0.0,3,83.256,5.2035,192178.34150091285,
0,4068,9819.753088,GB,1,0.01,0,0.0,5,196.108,196.108,5099.231035959777,4.0
0,4069,9832.492554,MLP,8,0.01,0,0.0,20,180.647,22.580875,44285.26352499626,
0,4070,9832.730179,DT,100,0.0,0,0.0,6,95.567,0.9556699999999999,1046386.3048960416,
0,4071,9832.884165,SGD,16,0.05,1,0.0625,20,151.251,9.4531875,105784.424565788,
0,4072,9833.102432,DT,64,0.1,5,0.078125,23,90.235,1.409921875,709259.1566465341,
0,4073,9833.257643,NB,64,0.01,1,0.015625,0,137.887,2.154484375,464148.1793062435,
0,4074,9833.435509,GB,16,0.01,0,0.0,13,219.069,13.6918125,73036.34927808134,
0,4075,9833.694399,NB,1,0.01,0,0.0,25,102.922,102.922,9716.095684110298,
0,4076,9833.86292,DT,16,0.5,7,0.4375,2,91.486,5.717875,174890.14712633626,
0,4077,9834.028429,GB,16,0.1,0,0.0,26,215.108,13.44425,74381.24105100693,
0,4078,9834.305343,GB,32,0.05,1,0.03125,3,224.585,7.01828125,142485.02794042343,
0,4079,9834.582168,GB,64,0.01,0,0.0,26,245.276,3.8324375,260930.5435509385,
0,4080,9834.870024,RF,16,0.01,0,0.0,3,3068.758,191.797375,5213.835695092282,
0,4081,9838.002949,MLP,1,0.01,0,0.0,17,204.264,204.264,4895.62526925939,
0,4082,9838.37799,SGD,16,0.05,2,0.125,11,150.79,9.424375,106107.83208435573,
0,4083,9838.60254,GB,100,0.1,16,0.16,22,281.762,2.81762,354909.46259609173,
0,4084,9838.924429,NB,8,0.0,0,0.0,18,114.269,14.283625,70010.23899745337,
0,4085,9839.074613,SGD,1,0.0,0,0.0,4,150.305,150.305,6653.138618143109,
0,4086,9839.374014,GB,1,1.0,1,1.0,28,200.589,200.589,4985.318237789709,4.0
0,4087,9852.314616,AB,8,0.1,0,0.0,10,8040.939,1005.117375,994.9086791977902,
0,4088,9860.398321,LoR,8,0.05,0,0.0,23,174.959,21.869875,45724.99842820318,
0,4089,9860.642862,NB,64,0.1,4,0.0625,6,129.238,2.01934375,495210.38703786815,
0,4090,9860.832114,AB,32,0.01,1,0.03125,15,8600.091,268.75284375,3720.8908603408963,
0,4091,9869.542367,RF,100,0.1,10,0.1,3,3679.4,36.794000000000004,27178.34429526553,
0,4092,9873.311506,AB,64,0.05,4,0.0625,25,8296.432,129.63175,7714.159532676214,
0,4093,9881.652403,NB,8,1.0,8,1.0,3,118.325,14.790625,67610.39509824636,
0,4094,9881.814051,RF,32,1.0,32,1.0,4,3187.996,99.624875,10037.653748624527,
0,4095,9885.067509,AB,8,0.05,1,0.125,24,7997.082,999.63525,1000.3648830911075,
0,4096,9893.148956,SGD,100,0.05,6,0.06,27,194.206,1.94206,514917.1498305923,
0,4097,9893.385059,RF,1,0.1,0,0.0,1,2972.65,2972.65,336.4001816560981,9.85
0,4098,9909.514187,SGD,16,1.0,16,1.0,15,168.987,10.5616875,94681.83943143555,
0,4099,9909.729281,NB,32,1.0,32,1.0,10,123.192,3.84975,259757.12708617444,
0,4100,9909.901034,NB,64,1.0,64,1.0,29,153.081,2.391890625,418079.3174855142,
0,4101,9910.122389,SGD,100,0.0,0,0.0,12,189.392,1.89392,528005.4067753654,
0,4102,9910.37153,MLP,16,0.5,8,0.5,18,198.491,12.4056875,80608.18878437813,
0,4103,9910.6464,AB,100,0.01,2,0.02,3,8706.286,87.06286,11485.953941784132,
0,4104,9919.414989,DT,8,0.5,4,0.5,13,82.873,10.359125,96533.24967118361,
0,4105,9919.555413,RF,8,0.1,1,0.125,7,3040.335,380.041875,2631.2889862465813,
0,4106,9922.636806,AB,1,0.0,0,0.0,4,7765.276,7765.276,128.77842332970522,2.0
0,4107,9943.385708,LoR,8,0.5,5,0.625,5,169.969,21.246125,47067.406409404066,
0,4108,9943.618232,GB,16,0.05,1,0.0625,18,266.156,16.63475,60115.120455672615,
0,4109,9943.946691,LoR,16,0.05,1,0.0625,14,162.053,10.1283125,98733.13051902773,
0,4110,9944.221127,SGD,100,0.1,9,0.09,7,170.382,1.7038200000000001,586916.4583113239,
0,4111,9944.436251,MLP,32,0.05,0,0.0,4,202.555,6.32984375,157981.78272567943,
0,4112,9944.715603,MLP,100,0.5,42,0.42,6,231.372,2.31372,432204.4154003077,
0,4113,9944.98539,NB,1,1.0,1,1.0,19,107.655,107.655,9288.932237239329,
0,4114,9945.170545,AB,64,0.05,2,0.03125,14,8322.369,130.037015625,7690.1180421103645,
0,4115,9953.534292,NB,8,0.0,0,0.0,20,110.014,13.75175,72718.01770683732,
0,4116,9953.713445,GB,64,0.1,5,0.078125,3,288.099,4.501546875,222145.85958299058,
0,4117,9954.043362,AB,1,0.05,0,0.0,20,7684.896,7684.896,130.1253784046004,2.0
0,4118,9974.722983,AB,100,0.5,47,0.47,19,8697.938,86.97938,11496.977789448487,
0,4119,9983.507492,NB,100,0.5,44,0.44,7,153.162,1.53162,652903.4616941538,
0,4120,9983.700137,LoR,16,1.0,16,1.0,22,163.086,10.192875,98107.7468329593,
0,4121,9983.90138,RF,8,1.0,8,1.0,21,3063.802,382.97525,2611.1347926530498,
0,4122,9987.009408,GB,1,0.01,0,0.0,27,256.901,256.901,3892.550048462248,4.0
0,4123,10000.428651,MLP,64,1.0,64,1.0,24,269.706,4.21415625,237295.4253891274,
0,4124,10000.784168,AB,100,0.05,2,0.02,21,8648.115,86.48115,11563.213486407154,
0,4125,10009.508432,MLP,64,0.1,6,0.09375,20,219.661,3.432203125,291358.0471726888,
0,4126,10009.767991,NB,8,1.0,8,1.0,14,114.636,14.3295,69786.10558637776,
0,4127,10009.925826,DT,1,0.05,0,0.0,3,136.446,136.446,7328.906673702417,15.0
0,4128,10010.285687,RF,64,1.0,64,1.0,13,3329.896,52.029625,19219.819477845555,
0,4129,10013.658349,MLP,1,0.01,0,0.0,0,178.848,178.848,5591.340132402934,
0,4130,10014.073563,AB,64,0.1,11,0.171875,7,8238.496,128.7265,7768.408214314846,
0,4131,10022.392749,DT,100,0.5,59,0.59,7,90.374,0.90374,1106512.9351362118,
0,4132,10022.527887,NB,32,0.01,0,0.0,14,118.732,3.710375,269514.5369403362,
0,4133,10022.683696,DT,8,0.0,0,0.0,4,84.625,10.578125,94534.71196454948,
0,4134,10022.826891,LoR,32,0.5,17,0.53125,22,157.379,4.91809375,203330.81287846537,
0,4135,10023.024464,LoR,16,0.1,0,0.0,0,142.963,8.9351875,111917.06945153642,
0,4136,10023.208624,SGD,16,0.01,0,0.0,4,144.26,9.01625,110910.85539997228,
0,4137,10023.426944,NB,100,0.05,8,0.08,6,151.348,1.5134800000000002,660728.9161402859,
0,4138,10023.617544,DT,8,0.01,0,0.0,1,85.854,10.73175,93181.44757378806,
0,4139,10023.740826,MLP,1,0.01,0,0.0,16,161.095,161.095,6207.517303454483,
0,4140,10024.04711,SGD,16,1.0,16,1.0,25,145.511,9.0944375,109957.32281408279,
0,4141,10024.269023,GB,100,0.05,4,0.04,4,312.157,3.1215699999999997,320351.6179358464,
0,4142,10024.640648,GB,8,0.1,1,0.125,9,217.116,27.1395,36846.66261353378,
0,4143,10024.92629,MLP,64,0.1,9,0.140625,8,216.419,3.381546875,295722.64912045613,
0,4144,10025.183764,NB,8,0.1,0,0.0,4,108.818,13.60225,73517.248984543,
0,4145,10025.331594,RF,8,0.01,0,0.0,26,3022.545,377.818125,2646.7761439449205,
0,4146,10028.427617,NB,64,0.05,1,0.015625,4,139.892,2.1858125,457495.78246075544,
0,4147,10028.611325,AB,8,0.05,0,0.0,21,8040.755,1005.094375,994.931446114202,
0,4148,10036.708223,LoR,32,0.0,0,0.0,22,175.241,5.47628125,182605.6687647297,
0,4149,10036.929639,LoR,8,0.1,0,0.0,25,150.243,18.780375,53247.07307495191,
0,4150,10037.155059,RF,64,0.1,11,0.171875,16,3567.579,55.743421875,17939.336451974854,
0,4151,10040.845239,AB,100,0.05,6,0.06,13,8811.659,88.11659,11348.600757246735,
0,4152,10049.733534,NB,64,0.5,32,0.5,5,142.033,2.219265625,450599.508564911,
0,4153,10049.936761,DT,32,0.05,4,0.125,29,152.927,4.77896875,209250.16511145842,
0,4154,10050.146711,MLP,100,0.01,0,0.0,23,267.948,2.67948,373206.7416065804,
0,4155,10050.49258,MLP,100,1.0,100,1.0,21,229.608,2.29608,435524.8946029755,
0,4156,10050.786162,NB,32,0.1,1,0.03125,8,118.538,3.7043125,269955.626043969,
0,4157,10050.979591,AB,100,0.1,7,0.07,13,8618.688,86.18688,11602.694052737494,
0,4158,10059.678153,AB,100,0.01,1,0.01,2,8502.373,85.02373,11761.422369966596,
0,4159,10068.22377,AB,8,0.01,0,0.0,27,8351.098,1043.88725,957.9578637443843,
0,4160,10076.629756,DT,1,0.01,0,0.0,1,82.1,82.1,12180.267965895251,16.0
0,4161,10076.951196,SGD,8,0.05,1,0.125,9,176.666,22.08325,45283.189747885845,
0,4162,10077.188525,SGD,16,0.5,7,0.4375,22,154.884,9.68025,103303.11717156066,
0,4163,10077.416675,DT,64,0.05,5,0.078125,24,95.075,1.485546875,673152.7741256902,
0,4164,10077.569021,DT,16,0.5,7,0.4375,29,86.927,5.4329375,184062.4892150885,
0,4165,10077.692299,GB,8,1.0,8,1.0,15,265.25,33.15625,30160.226201696514,
0,4166,10078.022486,SGD,32,0.0,0,0.0,25,161.214,5.0379375,198493.92732641086,
0,4167,10078.226529,NB,1,0.0,0,0.0,6,106.481,106.481,9391.346813046459,
0,4168,10078.410746,DT,64,0.1,6,0.09375,20,94.572,1.4776875,676733.0710992683,
0,4169,10078.543316,NB,1,0.5,1,1.0,6,101.016,101.016,9899.421873762572,
0,4170,10078.718595,GB,64,0.01,1,0.015625,1,274.188,4.2841875,233416.48795716808,
0,4171,10079.071364,SGD,100,0.5,59,0.59,26,184.128,1.8412799999999998,543100.451859576,
0,4172,10079.304567,MLP,64,0.0,0,0.0,0,226.863,3.544734375,282108.58535768284,
0,4173,10079.57941,MLP,32,0.0,0,0.0,5,188.412,5.887875,169840.56217226078,
0,4174,10079.827001,GB,8,0.05,1,0.125,6,220.034,27.50425,36358.01739731133,
0,4175,10080.106348,RF,8,0.1,2,0.25,3,3196.934,399.61675,2502.397609709803,
0,4176,10083.378112,AB,64,0.05,1,0.015625,9,8452.692,132.0733125,7571.552352788911,
0,4177,10091.912079,GB,100,0.1,8,0.08,20,284.973,2.84973,350910.4371291315,
0,4178,10092.237768,MLP,8,1.0,8,1.0,7,189.864,23.733,42135.42325032655,
0,4179,10092.466848,RF,1,1.0,1,1.0,23,3021.42,3021.42,330.9702060620503,6.81
0,4180,10108.520727,AB,32,0.0,0,0.0,18,8260.237,258.13240625,3873.980855512984,
0,4181,10116.863659,DT,100,0.5,50,0.5,26,92.793,0.92793,1077667.4964706388,
0,4182,10116.996254,LoR,1,0.1,0,0.0,7,152.462,152.462,6559.011425797904,
0,4183,10117.3068,LoR,32,0.0,0,0.0,15,149.389,4.66840625,214205.86522434716,
0,4184,10117.497757,MLP,8,0.01,0,0.0,18,173.817,21.727125,46025.41753683471,
0,4185,10117.709562,RF,1,0.0,0,0.0,0,3000.312,3000.312,333.2986702716251,9.99
0,4186,10133.642104,LoR,64,1.0,64,1.0,18,169.991,2.656109375,376490.5200863575,
0,4187,10133.860318,GB,16,0.05,0,0.0,3,270.692,16.91825,59107.76823844074,
0,4188,10134.169905,LoR,1,1.0,1,1.0,21,151.777,151.777,6588.61355804898,
0,4189,10134.493964,RF,32,0.1,4,0.125,27,3103.912,96.99725,10309.570632157098,
0,4190,10137.644933,SGD,32,0.0,0,0.0,11,194.636,6.082375,164409.46176452455,
0,4191,10137.880786,LoR,8,1.0,8,1.0,6,170.285,21.285625,46980.06283583405,
0,4192,10138.128403,LoR,100,0.05,8,0.08,1,165.557,1.65557,604021.5756506823,
0,4193,10138.370165,RF,100,0.5,47,0.47,12,3468.626,34.686260000000004,28829.859431371384,
0,4194,10141.883567,SGD,8,0.05,0,0.0,22,203.163,25.395375,39377.24881006876,
0,4195,10142.153086,AB,32,0.5,13,0.40625,9,8732.386,272.8870625,3664.5196398784933,
0,4196,10150.9407,DT,64,0.0,0,0.0,23,94.354,1.47428125,678296.6275939547,
0,4197,10151.114734,AB,100,0.05,4,0.04,16,8644.599,86.44599,11567.916568483975,
0,4198,10159.841018,RF,100,0.5,49,0.49,10,3477.658,34.776579999999996,28754.98395759445,
0,4199,10163.394524,NB,64,0.1,12,0.1875,2,152.341,2.380328125,420110.14762933156,
0,4200,10163.589381,DT,16,0.05,0,0.0,11,92.668,5.79175,172659.38619588205,
0,4201,10163.742567,NB,32,0.5,17,0.53125,18,121.957,3.81115625,262387.5628295219,
0,4202,10163.936721,SGD,100,0.1,9,0.09,11,183.6,1.8359999999999999,544662.3093681918,
0,4203,10164.163082,LoR,32,1.0,32,1.0,23,154.556,4.829875,207044.69577370014,
0,4204,10164.377421,RF,16,0.5,6,0.375,8,3120.487,195.0304375,5127.404792905722,
0,4205,10167.538935,AB,1,0.0,0,0.0,20,8272.467,8272.467,120.88292404188496,2.0
0,4206,10188.819589,MLP,16,1.0,16,1.0,4,222.971,13.9356875,71758.21070901597,
0,4207,10189.125761,AB,64,0.1,5,0.078125,12,8364.063,130.688484375,7651.783588908883,
0,4208,10197.564342,DT,64,0.1,10,0.15625,0,87.944,1.374125,727735.8318930228,
0,4209,10197.72908,SGD,100,0.05,3,0.03,4,178.331,1.78331,560755.0005327173,
0,4210,10197.980833,LoR,64,0.1,4,0.0625,11,200.652,3.1351875,318960.18978131295,
0,4211,10198.226142,NB,32,0.01,0,0.0,2,125.612,3.925375,254752.73063083147,
0,4212,10198.424931,SGD,100,0.05,7,0.07,21,167.327,1.67327,597632.1812976985,
0,4213,10198.63154,DT,1,0.1,0,0.0,26,85.111,85.111,11749.362597079107,7.0
0,4214,10198.905207,RF,8,0.01,0,0.0,3,3068.894,383.61175,2606.8023203147454,
0,4215,10202.037583,NB,100,0.01,0,0.0,25,159.669,1.5966900000000002,626295.6491241255,
0,4216,10202.254801,RF,100,1.0,100,1.0,28,3306.607,33.066069999999996,30242.48118993276,
0,4217,10205.604933,RF,1,0.1,0,0.0,7,2988.23,2988.23,334.6462621685747,9.99
0,4218,10221.749092,DT,32,0.1,4,0.125,13,93.772,2.930375,341253.2525700635,
0,4219,10221.882451,GB,1,0.1,0,0.0,20,250.197,250.197,3996.8504818203255,4.0
0,4220,10234.871814,AB,100,0.01,0,0.0,11,8717.763,87.17763000000001,11470.832597766192,
0,4221,10243.632113,RF,1,0.05,0,0.0,8,2963.446,2963.446,337.44498803082627,9.34
0,4222,10259.465161,MLP,16,1.0,16,1.0,16,205.316,12.83225,77928.65631514348,
0,4223,10259.736216,DT,32,0.05,1,0.03125,0,91.729,2.86653125,348853.68858267285,
0,4224,10259.876768,MLP,64,1.0,64,1.0,12,214.768,3.35575,297995.97705430974,
0,4225,10260.154693,RF,32,0.5,13,0.40625,29,3149.031,98.40721875,10161.856139237752,
0,4226,10263.364658,DT,100,1.0,100,1.0,5,105.313,1.0531300000000001,949550.3878913334,
0,4227,10263.538764,NB,64,0.5,35,0.546875,2,141.048,2.203875,453746.24241393,
0,4228,10263.719541,AB,8,0.05,0,0.0,8,7933.875,991.734375,1008.334514975343,
0,4229,10271.694416,NB,8,0.0,0,0.0,21,109.483,13.685375,73070.70504096526,
0,4230,10271.847314,DT,32,0.0,0,0.0,12,123.04,3.845,260078.0234070221,
0,4231,10272.027111,MLP,8,0.5,5,0.625,22,178.047,22.255875,44931.95616887676,
0,4232,10272.267461,AB,32,0.5,15,0.46875,12,8082.097,252.56553125,3959.3684658820603,
0,4233,10280.394812,AB,16,0.05,0,0.0,18,7832.525,489.5328125,2042.7639873476307,
0,4234,10288.292343,AB,32,0.1,4,0.125,3,7930.031,247.81346875,4035.2931785512565,
0,4235,10296.27571,GB,64,0.01,0,0.0,9,262.804,4.1063125,243527.49577632002,
0,4236,10296.602573,RF,32,0.5,16,0.5,9,3397.661,106.17690625,9418.243903673732,
0,4237,10300.078717,AB,32,0.0,0,0.0,0,8178.668,255.583375,3912.6175558171576,
0,4238,10308.299737,RF,8,0.0,0,0.0,18,3202.936,400.367,2497.708352586502,
0,4239,10311.547274,SGD,1,0.01,0,0.0,6,173.495,173.495,5763.85486613447,
0,4240,10311.917996,LoR,100,0.05,5,0.05,12,183.293,1.8329300000000002,545574.5718603547,
0,4241,10312.141041,DT,1,0.01,0,0.0,22,84.448,84.448,11841.606669192877,16.0
0,4242,10312.432074,DT,16,0.1,0,0.0,18,89.864,5.6165,178046.8263153209,
0,4243,10312.596994,LoR,100,0.1,15,0.15,14,168.908,1.68908,592038.2693537311,
0,4244,10312.827884,NB,100,1.0,100,1.0,15,152.913,1.52913,653966.6346223016,
0,4245,10313.035358,MLP,100,0.0,0,0.0,18,280.043,2.80043,357088.01862571103,
0,4246,10313.417487,LoR,100,0.5,44,0.44,16,164.851,1.64851,606608.3918204925,
0,4247,10313.623378,LoR,8,1.0,8,1.0,27,142.163,17.770375,56273.432609047355,
0,4248,10313.832185,MLP,64,0.1,9,0.140625,5,253.615,3.962734375,252351.00447528734,
0,4249,10314.128879,AB,32,1.0,32,1.0,26,8015.846,250.4951875,3992.092662458835,
0,4250,10322.209626,NB,32,0.5,16,0.5,16,117.689,3.67778125,271903.0665567725,
0,4251,10322.372588,AB,32,0.0,0,0.0,7,7970.059,249.06434375,4015.026739450737,
0,4252,10330.387769,SGD,32,1.0,32,1.0,4,151.368,4.73025,211405.31684371864,
0,4253,10330.615555,RF,100,0.1,11,0.11,14,3430.4,34.304,29151.119402985074,
0,4254,10334.13843,GB,100,0.1,14,0.14,21,328.059,3.28059,304823.2177748514,
0,4255,10334.53515,RF,8,0.0,0,0.0,12,2947.028,368.3785,2714.5992504991473,
0,4256,10337.554998,DT,64,0.05,2,0.03125,16,97.333,1.520828125,657536.4984126658,
0,4257,10337.694375,NB,32,0.0,0,0.0,29,123.681,3.86503125,258730.12022865276,
0,4258,10337.856519,AB,1,0.01,0,0.0,23,8120.225,8120.225,123.14929697145091,2.0
0,4259,10359.288248,NB,32,0.05,2,0.0625,11,138.039,4.31371875,231818.5440346569,
0,4260,10359.479229,NB,64,0.01,0,0.0,9,130.314,2.03615625,491121.4451248523,
0,4261,10359.684745,DT,100,0.5,44,0.44,13,101.912,1.01912,981238.7157547688,
0,4262,10359.835347,SGD,64,0.01,0,0.0,27,236.065,3.688515625,271111.77006333,
0,4263,10360.145438,DT,100,0.0,0,0.0,25,100.452,1.00452,995500.3384701151,
0,4264,10360.285843,RF,1,0.1,0,0.0,2,3465.54,3465.54,288.555318940194,10.33
0,4265,10376.907892,AB,64,0.5,33,0.515625,3,8363.332,130.6770625,7652.452395767619,
0,4266,10385.335942,LoR,8,0.05,1,0.125,26,171.722,21.46525,46586.92537939227,
0,4267,10385.56132,AB,32,0.05,0,0.0,10,8090.173,252.81790625,3955.4160337485987,
0,4268,10393.733144,NB,100,0.5,45,0.45,14,157.833,1.57833,633581.0635291733,
0,4269,10393.957882,LoR,64,0.5,32,0.5,26,201.123,3.142546875,318213.2326983985,
0,4270,10394.215906,AB,100,1.0,100,1.0,26,8630.443,86.30443,11586.890730869784,
0,4271,10402.889256,LoR,16,0.0,0,0.0,15,151.259,9.4536875,105778.82968947303,
0,4272,10403.111349,MLP,64,0.5,40,0.625,16,227.672,3.557375,281106.15271091746,
0,4273,10403.377956,DT,1,1.0,1,1.0,24,84.536,84.536,11829.27983344374,11.0
0,4274,10403.650367,AB,1,0.05,0,0.0,22,7794.329,7794.329,128.29840772695124,2.0
0,4275,10424.419615,AB,100,0.1,14,0.14,27,9016.173,90.16173,11091.18026018356,
0,4276,10433.500623,NB,64,1.0,64,1.0,8,143.293,2.238953125,446637.3095685065,
0,4277,10433.689037,DT,1,1.0,1,1.0,11,86.414,86.414,11572.198949244335,11.0
0,4278,10434.032552,SGD,8,0.1,2,0.25,29,172.982,21.62275,46247.58645408193,
0,4279,10434.246037,RF,16,1.0,16,1.0,16,3074.427,192.1516875,5204.2217948255075,
0,4280,10437.36384,MLP,1,0.5,0,0.0,5,191.055,191.055,5234.09489414043,
0,4281,10437.744316,DT,64,0.05,7,0.109375,10,97.467,1.522921875,656632.5012568356,
0,4282,10437.899274,DT,16,0.1,1,0.0625,11,112.026,7.001625,142823.98728866514,
0,4283,10438.083115,AB,32,0.5,14,0.4375,16,8140.078,254.3774375,3931.1662615517935,
0,4284,10446.269475,RF,32,1.0,32,1.0,1,3068.359,95.88621875,10429.027372611876,
0,4285,10449.420747,GB,100,0.5,48,0.48,26,347.627,3.47627,287664.6520552201,
0,4286,10449.820879,GB,64,1.0,64,1.0,1,311.128,4.861375,205703.11897354145,
0,4287,10450.176922,RF,16,0.01,0,0.0,26,3086.245,192.8903125,5184.293534699935,
0,4288,10453.328199,AB,16,0.1,2,0.125,14,8069.418,504.338625,1982.7947938748496,
0,4289,10461.446944,GB,32,0.01,0,0.0,28,231.007,7.21896875,138523.94083296176,
0,4290,10461.738864,AB,100,1.0,100,1.0,18,8710.34,87.10340000000001,11480.608104850098,
0,4291,10470.499129,RF,16,0.05,0,0.0,3,3020.521,188.7825625,5297.099407684966,
0,4292,10473.565264,GB,8,0.05,0,0.0,20,227.681,28.460125,35136.88010857296,
0,4293,10473.835524,RF,1,0.1,0,0.0,21,2967.217,2967.217,337.0161332993172,9.99
0,4294,10489.767826,GB,64,1.0,64,1.0,17,300.339,4.692796875,213092.53876452942,
0,4295,10490.10825,MLP,1,0.0,0,0.0,8,183.945,183.945,5436.407621843486,
0,4296,10490.462794,GB,100,1.0,100,1.0,29,285.369,2.8536900000000003,350423.4867837782,
0,4297,10490.79061,MLP,16,1.0,16,1.0,18,192.624,12.039,83063.37735692333,
0,4298,10491.041094,MLP,100,1.0,100,1.0,26,230.376,2.30376,434072.99371462304,
0,4299,10491.321902,RF,64,0.0,0,0.0,3,3254.011,50.843921875,19668.03431211511,
0,4300,10494.639943,DT,16,0.5,10,0.625,3,96.281,6.0175625,166180.24324633105,
0,4301,10494.78477,NB,64,0.0,0,0.0,15,142.448,2.22575,449286.75727282936,
0,4302,10494.964406,LoR,8,1.0,8,1.0,4,159.509,19.938625,50153.90981073169,
0,4303,10495.20122,RF,100,0.1,12,0.12,25,3398.54,33.9854,29424.399889364257,
0,4304,10498.642758,GB,1,0.5,0,0.0,20,221.019,221.019,4524.49789384623,4.0
0,4305,10511.824772,RF,32,0.5,16,0.5,12,3118.614,97.4566875,10260.968494337549,
0,4306,10514.991153,MLP,32,0.0,0,0.0,10,210.846,6.5889375,151769.53795661288,
0,4307,10515.278662,DT,64,0.05,1,0.015625,19,97.997,1.531203125,653081.216771942,
0,4308,10515.418807,RF,16,0.01,0,0.0,24,2972.466,185.779125,5382.7360851225885,
0,4309,10518.451426,AB,100,1.0,100,1.0,2,8661.835,86.61834999999999,11544.89781899563,
0,4310,10527.160578,DT,32,1.0,32,1.0,17,84.031,2.62596875,380811.843248325,
0,4311,10527.282261,SGD,1,0.0,0,0.0,19,152.064,152.064,6576.178451178452,
0,4312,10527.622259,LoR,100,0.5,58,0.58,27,164.774,1.64774,606891.8640076711,
0,4313,10527.826545,LoR,1,0.5,0,0.0,1,139.421,139.421,7172.520638928139,
0,4314,10528.142861,DT,64,0.5,32,0.5,27,91.571,1.430796875,698911.2273536382,
0,4315,10528.272623,SGD,1,0.01,0,0.0,1,143.423,143.423,6972.38239333998,
0,4316,10528.563517,SGD,16,1.0,16,1.0,28,145.7,9.10625,109814.68771448181,
0,4317,10528.76863,AB,16,0.05,2,0.125,1,7985.621,499.1013125,2003.6012227477363,
0,4318,10536.833832,RF,100,0.05,9,0.09,25,3404.894,34.048939999999995,29369.489916573028,
0,4319,10540.282503,LoR,1,0.01,0,0.0,20,161.067,161.067,6208.596422606741,
0,4320,10540.596207,MLP,16,0.1,0,0.0,19,181.135,11.3209375,88331.90714108263,
0,4321,10540.827623,GB,64,0.0,0,0.0,17,262.125,4.095703125,244158.3214115403,
0,4322,10541.143499,RF,64,0.01,0,0.0,0,3276.529,51.195765625,19532.865419472862,
0,4323,10544.50183,MLP,100,0.1,7,0.07,0,251.121,2.51121,398214.406600802,
0,4324,10544.793558,DT,8,1.0,8,1.0,14,90.367,11.295875,88527.89181891619,
0,4325,10544.940417,LoR,8,0.05,2,0.25,28,152.852,19.1065,52338.20950985267,
0,4326,10545.14941,AB,8,0.5,3,0.375,21,7932.513,991.564125,1008.507644424913,
0,4327,10553.124637,NB,1,0.05,0,0.0,7,106.814,106.814,9362.068642687289,
0,4328,10553.314062,SGD,64,0.05,2,0.03125,27,163.459,2.554046875,391535.4920805829,
0,4329,10553.552819,SGD,100,0.5,60,0.6,27,164.44,1.6444,608124.5439065921,
0,4330,10553.756481,DT,1,0.05,0,0.0,6,83.508,83.508,11974.900608324951,16.0
0,4331,10554.034924,SGD,1,0.1,0,0.0,7,151.137,151.137,6616.513494379272,
0,4332,10554.33556,NB,32,0.0,0,0.0,28,120.561,3.76753125,265425.801046773,
0,4333,10554.496583,AB,8,0.05,0,0.0,20,7889.877,986.234625,1013.9575052944424,
0,4334,10562.440667,NB,64,0.01,0,0.0,3,132.604,2.0719375,482640.0410244034,
0,4335,10562.636206,AB,32,0.1,3,0.09375,13,8033.48,251.04625,3983.3297649337524,
0,4336,10570.715321,DT,32,0.0,0,0.0,17,81.953,2.56103125,390467.7071004112,
0,4337,10570.856277,SGD,8,0.1,1,0.125,10,150.941,18.867625,53000.84138835704,
0,4338,10571.049783,LoR,32,0.0,0,0.0,1,147.648,4.614,216731.6861725184,
0,4339,10571.23696,NB,1,0.1,0,0.0,21,99.56,99.56,10044.19445560466,
0,4340,10571.386584,RF,32,0.0,0,0.0,12,3113.517,97.29740625,10277.766268820758,
0,4341,10574.568576,RF,32,0.5,19,0.59375,1,3091.108,96.597125,10352.274977127941,
0,4342,10577.724834,DT,16,0.05,1,0.0625,18,94.615,5.9134375,169106.37848121335,
0,4343,10577.888201,SGD,64,0.5,30,0.46875,0,176.965,2.765078125,361653.43429491704,
0,4344,10578.107125,SGD,8,0.01,0,0.0,5,150.234,18.77925,53250.26292317318,
0,4345,10578.297286,LoR,1,0.5,0,0.0,29,142.821,142.821,7001.771448176389,
0,4346,10578.589221,NB,1,0.5,0,0.0,27,103.415,103.415,9669.777111637577,
0,4347,10578.762967,DT,32,0.5,16,0.5,11,91.046,2.8451875,351470.68514816684,
0,4348,10578.894086,MLP,8,0.0,0,0.0,27,176.814,22.10175,45245.286006764174,
0,4349,10579.111131,RF,1,0.01,0,0.0,19,2942.279,2942.279,339.87259535890377,10.01
0,4350,10594.862449,MLP,16,0.5,8,0.5,1,186.9,11.68125,85607.27661851257,
0,4351,10595.12527,MLP,100,0.5,58,0.58,5,232.593,2.32593,429935.55266065616,
0,4352,10595.427211,RF,64,0.01,1,0.015625,29,3212.799,50.199984375,19920.32492539994,
0,4353,10598.679945,MLP,1,0.0,0,0.0,29,173.934,173.934,5749.307208481378,
0,4354,10599.02543,SGD,32,0.05,1,0.03125,29,152.616,4.76925,209676.5738847827,
0,4355,10599.236871,LoR,16,0.1,1,0.0625,29,145.478,9.092375,109982.26535971074,
0,4356,10599.421157,AB,8,0.1,0,0.0,19,7845.385,980.673125,1019.7077645010411,
0,4357,10607.332146,AB,64,1.0,64,1.0,22,8444.001,131.937515625,7579.34538378193,
0,4358,10615.855605,DT,100,0.05,8,0.08,6,89.577,0.89577,1116357.9936814138,
0,4359,10616.004911,AB,32,0.5,18,0.5625,0,7994.475,249.82734375,4002.764409170083,
0,4360,10624.046803,DT,32,0.01,0,0.0,25,81.176,2.53675,394205.1837981669,
0,4361,10624.164499,DT,1,0.0,0,0.0,29,75.716,75.716,13207.248137778013,16.0
0,4362,10624.425335,GB,32,1.0,32,1.0,15,253.511,7.92221875,126227.26430016843,
0,4363,10624.722251,NB,16,0.01,0,0.0,23,116.839,7.3024375,136940.5763486507,
0,4364,10624.899023,LoR,32,0.5,17,0.53125,1,154.705,4.83453125,206845.28618984518,
0,4365,10625.119624,NB,64,0.5,33,0.515625,9,129.414,2.02209375,494536.9125442379,
0,4366,10625.287142,RF,8,0.1,0,0.0,15,3070.459,383.807375,2605.4736441685104,
0,4367,10628.416948,MLP,100,1.0,100,1.0,24,248.494,2.48494,402424.20340128936,
0,4368,10628.729324,DT,16,0.05,2,0.125,2,90.521,5.6575625,176754.56523900531,
0,4369,10628.885379,MLP,64,0.1,2,0.03125,18,209.567,3.274484375,305391.59314205,
0,4370,10629.133026,DT,8,0.0,0,0.0,24,87.24,10.905,91701.05456212747,
0,4371,10629.274262,NB,8,0.5,5,0.625,25,110.821,13.852625,72188.48413206883,
0,4372,10629.448334,SGD,64,0.05,5,0.078125,12,161.323,2.520671875,396719.6246040552,
0,4373,10629.668701,NB,32,0.1,2,0.0625,3,119.61,3.7378125,267536.1591840147,
0,4374,10629.824114,DT,1,0.1,0,0.0,22,85.024,85.024,11761.385020700038,16.0
0,4375,10630.1555,MLP,1,1.0,1,1.0,2,166.099,166.099,6020.5058429009205,
0,4376,10630.474865,RF,16,0.05,0,0.0,26,2990.542,186.908875,5350.200732843746,
0,4377,10633.506008,GB,1,1.0,1,1.0,10,231.73,231.73,4315.367021965219,4.0
0,4378,10646.522075,MLP,100,0.05,4,0.04,26,244.243,2.44243,409428.3152434256,
0,4379,10646.807137,NB,1,0.05,0,0.0,17,104.686,104.686,9552.375675830579,
0,4380,10646.957782,RF,1,0.05,0,0.0,25,2864.305,2864.305,349.1248313290659,9.06
0,4381,10662.60935,GB,32,0.5,14,0.4375,16,242.284,7.571375,132076.4062009873,
0,4382,10662.913091,MLP,16,0.05,1,0.0625,13,187.416,11.7135,85371.57980108423,
0,4383,10663.14156,MLP,16,1.0,16,1.0,29,173.421,10.8388125,92261.02951776313,
0,4384,10663.370448,LoR,100,0.0,0,0.0,4,162.633,1.62633,614881.3586418501,
0,4385,10663.575501,NB,16,0.1,0,0.0,3,112.103,7.0064375,142725.8860155393,
0,4386,10663.724354,RF,8,1.0,8,1.0,29,2931.894,366.48675,2728.6116073773474,
0,4387,10666.698555,AB,1,0.01,0,0.0,27,7734.103,7734.103,129.29747638478568,2.0
0,4388,10687.139612,LoR,32,1.0,32,1.0,6,188.194,5.8810625,170037.3019331116,
0,4389,10687.38485,SGD,100,0.0,0,0.0,25,164.878,1.64878,606509.0551801939,
0,4390,10687.586793,RF,1,1.0,1,1.0,9,2937.487,2937.487,340.4270384856171,6.84
0,4391,10703.413916,MLP,32,0.01,1,0.03125,0,199.509,6.23465625,160393.76669724175,
0,4392,10703.691698,SGD,100,0.1,6,0.06,15,169.504,1.6950399999999999,589956.5791957712,
0,4393,10703.922788,NB,32,0.05,2,0.0625,7,119.308,3.728375,268213.3637308479,
0,4394,10704.077362,SGD,1,1.0,1,1.0,24,146.806,146.806,6811.710693023445,
0,4395,10704.398574,SGD,32,0.1,4,0.125,2,149.225,4.66328125,214441.2799463897,
0,4396,10704.588917,LoR,16,0.01,0,0.0,14,141.379,8.8361875,113170.98013141981,
0,4397,10704.76901,NB,16,1.0,16,1.0,5,107.734,6.733375,148513.9324632892,
0,4398,10704.917587,SGD,32,0.0,0,0.0,13,147.065,4.59578125,217590.86118383027,
0,4399,10705.103638,AB,1,0.1,0,0.0,22,7676.556,7676.556,130.26674982895977,2.0
0,4400,10725.322902,SGD,1,0.1,0,0.0,8,151.022,151.022,6621.55182688615,
0,4401,10725.647915,GB,64,0.1,4,0.0625,20,263.69,4.12015625,242709.24191285222,
0,4402,10725.97579,SGD,16,0.5,10,0.625,14,156.991,9.8119375,101916.6703823786,
0,4403,10726.175539,RF,32,1.0,32,1.0,6,2984.082,93.2525625,10723.565907371178,
0,4404,10729.223077,AB,16,0.1,1,0.0625,13,7912.862,494.553875,2022.0243952188223,
0,4405,10737.177589,AB,1,0.01,0,0.0,8,7459.886,7459.886,134.0503058625829,2.0
0,4406,10758.000493,DT,1,0.01,0,0.0,19,133.69,133.69,7479.991024010771,16.0
0,4407,10758.395278,GB,64,0.1,4,0.0625,18,332.3,5.1921875,192597.05085765873,
0,4408,10758.832355,GB,100,0.05,8,0.08,11,332.479,3.3247899999999997,300770.87575455895,
0,4409,10759.212809,MLP,8,0.1,0,0.0,4,237.973,29.746625,33617.25910082236,
0,4410,10759.500975,DT,32,1.0,32,1.0,16,107.504,3.3595,297663.3427593392,
0,4411,10759.676846,NB,32,0.1,1,0.03125,28,139.123,4.34759375,230012.29128181539,
0,4412,10759.918768,NB,32,0.5,16,0.5,20,137.32,4.29125,233032.33323623653,
0,4413,10760.093365,LoR,1,0.1,0,0.0,19,171.762,171.762,5822.009524807582,
0,4414,10760.442202,RF,32,1.0,32,1.0,22,3271.415,102.23171875,9781.699967750958,
0,4415,10763.834691,MLP,100,0.5,53,0.53,18,336.414,3.36414,297252.78971743153,
0,4416,10764.259734,GB,100,0.5,51,0.51,29,360.855,3.60855,277119.6186834047,
0,4417,10764.701065,DT,100,0.05,3,0.03,21,106.739,1.06739,936864.6886330207,
0,4418,10764.884756,GB,100,0.01,0,0.0,0,303.243,3.0324299999999997,329768.5354649571,
0,4419,10765.266793,NB,100,0.01,2,0.02,15,162.32,1.6232,616067.0280926565,
0,4420,10765.503483,LoR,100,0.1,13,0.13,24,181.137,1.81137,552068.3239757753,
0,4421,10765.74293,RF,100,0.01,0,0.0,10,3684.605,36.84605,27139.951229507642,
0,4422,10769.505531,AB,1,0.05,0,0.0,18,8240.362,8240.362,121.35389197707578,2.0
0,4423,10790.839187,SGD,16,0.05,0,0.0,28,184.171,11.5106875,86875.78391820645,
0,4424,10791.090535,DT,100,1.0,100,1.0,0,98.608,0.9860800000000001,1014116.5017037157,
0,4425,10791.267846,NB,100,0.5,53,0.53,12,158.895,1.58895,629346.423738947,
0,4426,10791.483869,LoR,16,0.5,6,0.375,22,160.802,10.050125,99501.24998445294,
0,4427,10791.690919,DT,32,1.0,32,1.0,22,90.239,2.81996875,354613.8587528674,
0,4428,10791.816053,LoR,1,1.0,1,1.0,14,146.183,146.183,6840.740715404664,
0,4429,10792.139221,NB,32,0.1,8,0.25,23,120.202,3.7563125,266218.53213756846,
0,4430,10792.316114,SGD,16,0.1,1,0.0625,15,154.651,9.6656875,103458.75552049452,
0,4431,10792.538339,AB,64,0.1,9,0.140625,5,8394.868,131.1698125,7623.7053399767565,
0,4432,10800.993536,SGD,100,1.0,100,1.0,24,169.045,1.6904499999999998,591558.4607648852,
0,4433,10801.209844,DT,32,0.1,0,0.0,22,87.446,2.7326875,365940.1230473664,
0,4434,10801.355128,MLP,16,0.05,2,0.125,1,195.016,12.1885,82044.55019075358,
0,4435,10801.595325,SGD,32,0.01,0,0.0,3,150.585,4.70578125,212504.565527775,
0,4436,10801.785428,NB,16,0.0,0,0.0,21,111.6,6.975,143369.17562724015,
0,4437,10801.94859,AB,64,0.0,0,0.0,3,8382.572,130.9776875,7634.888194220103,
0,4438,10810.383561,NB,64,0.0,0,0.0,0,132.329,2.067640625,483643.04120789847,
0,4439,10810.553255,SGD,1,0.0,0,0.0,24,147.987,147.987,6757.350307797306,
0,4440,10810.861565,RF,64,0.0,0,0.0,6,3401.655,53.150859375,18814.371239881762,
0,4441,10814.338,GB,64,0.5,31,0.484375,28,315.136,4.924,203086.92120227456,
0,4442,10814.706249,AB,64,1.0,64,1.0,15,8385.387,131.021671875,7632.3251389590005,
0,4443,10823.173258,AB,100,0.05,2,0.02,7,8640.762,86.40762000000001,11573.05339505937,
0,4444,10831.895062,SGD,100,0.1,10,0.1,9,172.081,1.72081,581121.681068799,
0,4445,10832.146829,DT,100,0.01,0,0.0,12,95.281,0.95281,1049527.1880018052,
0,4446,10832.313593,SGD,64,0.1,8,0.125,27,161.54,2.5240625,396186.7029837811,
0,4447,10832.51721,SGD,1,0.5,0,0.0,9,142.927,142.927,6996.578673028889,
0,4448,10832.808471,NB,1,0.05,0,0.0,5,101.806,101.806,9822.603775808891,
0,4449,10832.968139,MLP,64,1.0,64,1.0,19,219.253,3.425828125,291900.224854392,
0,4450,10833.22575,GB,1,0.0,0,0.0,13,221.321,221.321,4518.324063238464,4.0
0,4451,10846.198545,SGD,1,0.0,0,0.0,22,155.389,155.389,6435.46196963749,
0,4452,10846.534157,GB,64,0.1,5,0.078125,9,256.724,4.0113125,249294.96268366027,
0,4453,10846.838433,AB,32,0.01,0,0.0,14,8163.436,255.107375,3919.9180345138984,
0,4454,10855.053945,LoR,64,0.0,0,0.0,6,160.539,2.508421875,398657.02414989506,
0,4455,10855.258959,DT,32,0.0,0,0.0,10,86.781,2.71190625,368744.3103905232,
0,4456,10855.38591,AB,8,0.1,0,0.0,5,7958.752,994.844,1005.182722115226,
0,4457,10863.424325,RF,100,0.5,55,0.55,19,3509.548,35.095479999999995,28493.697763928576,
0,4458,10866.974502,RF,1,0.0,0,0.0,23,2931.387,2931.387,341.13544202795464,10.33
0,4459,10883.431403,SGD,32,0.1,5,0.15625,20,193.314,6.0410625,165533.79475878624,
0,4460,10883.665954,LoR,8,0.0,0,0.0,8,150.488,18.811,53160.38488118654,
0,4461,10883.853665,NB,1,0.0,0,0.0,3,109.485,109.485,9133.671279170663,
0,4462,10884.012102,MLP,1,0.1,0,0.0,18,175.333,175.333,5703.432896260259,
0,4463,10884.343118,RF,8,0.01,0,0.0,22,3067.966,383.49575,2607.590827277747,
0,4464,10887.456949,DT,8,0.1,0,0.0,11,93.775,11.721875,85310.58384430817,
0,4465,10887.602753,NB,64,1.0,64,1.0,12,140.857,2.200890625,454361.5155796304,
0,4466,10887.792946,NB,64,1.0,64,1.0,27,131.562,2.05565625,486462.65639014303,
0,4467,10887.963379,SGD,1,1.0,1,1.0,11,154.574,154.574,6469.393300296298,
0,4468,10888.269542,SGD,1,0.5,0,0.0,11,143.993,143.993,6944.782038015737,
0,4469,10888.58444,SGD,100,0.01,0,0.0,14,163.171,1.63171,612853.9997916296,
0,4470,10888.81745,RF,64,0.05,3,0.046875,14,3346.543,52.289734375,19124.21265765896,
0,4471,10892.207427,AB,1,0.5,1,1.0,20,7814.77,7814.77,127.96281912327554,2.0
0,4472,10913.05764,DT,1,0.05,0,0.0,14,89.201,89.201,11210.636652055471,16.0
0,4473,10913.339534,NB,64,1.0,64,1.0,28,140.769,2.199515625,454645.5540637498,
0,4474,10913.520497,AB,16,0.0,0,0.0,8,8073.662,504.603875,1981.7525182500826,
0,4475,10921.636499,GB,1,0.5,1,1.0,23,240.875,240.875,4151.530877010898,4.0
0,4476,10934.76466,NB,16,0.01,1,0.0625,12,119.733,7.4833125,133630.66155529386,
0,4477,10934.926591,NB,1,0.01,0,0.0,6,100.859,100.859,9914.831596585333,
0,4478,10935.075241,MLP,8,0.01,0,0.0,19,192.147,24.018375,41634.79003054953,
0,4479,10935.344722,DT,100,0.05,2,0.02,9,99.892,0.9989199999999999,1001081.167661074,
0,4480,10935.518454,SGD,100,0.05,3,0.03,8,172.887,1.72887,578412.4890824642,
0,4481,10935.758224,MLP,64,0.1,7,0.109375,1,224.258,3.50403125,285385.58267709514,
0,4482,10936.043829,RF,32,0.1,3,0.09375,24,3206.175,100.19296875,9980.740290221212,
0,4483,10939.292118,MLP,8,1.0,8,1.0,24,191.525,23.940625,41770.003915937865,
0,4484,10939.535079,DT,64,0.0,0,0.0,15,97.018,1.51590625,659671.4011832855,
0,4485,10939.674518,RF,32,0.0,0,0.0,15,3143.166,98.2239375,10180.8176850984,
0,4486,10942.86782,RF,32,0.01,0,0.0,13,3073.188,96.037125,10412.639903578955,
0,4487,10946.006063,DT,100,0.0,0,0.0,16,102.681,1.02681,973890.0088623991,
0,4488,10946.185704,RF,100,0.1,9,0.09,22,3339.88,33.3988,29941.195492053605,
0,4489,10949.592185,SGD,32,0.1,2,0.0625,21,171.096,5.34675,187029.5039042409,
0,4490,10949.833514,NB,64,0.1,8,0.125,0,140.768,2.1995,454648.7838145033,
0,4491,10950.025212,AB,64,0.01,0,0.0,17,8319.978,129.99965625,7692.328032598164,
0,4492,10958.404528,MLP,100,1.0,100,1.0,20,237.216,2.37216,421556.724672872,
0,4493,10958.71347,MLP,64,0.5,32,0.5,22,206.297,3.223390625,310232.3349345846,
0,4494,10958.972196,RF,64,0.01,0,0.0,21,3208.718,50.13621875,19945.66054106344,
0,4495,10962.224378,GB,1,0.01,0,0.0,29,235.783,235.783,4241.187871899162,4.0
0,4496,10975.31188,LoR,32,0.0,0,0.0,5,165.824,5.182,192975.68506368197,
0,4497,10975.522964,LoR,32,0.0,0,0.0,24,152.44,4.76375,209918.65652059828,
0,4498,10975.718661,GB,16,0.05,0,0.0,23,223.781,13.9863125,71498.47395444653,
0,4499,10975.983947,GB,1,0.01,0,0.0,12,204.581,204.581,4888.039456254492,4.0
0,4500,10988.786049,DT,16,1.0,16,1.0,0,88.937,5.5585625,179902.62770275588,
0,4501,10988.920024,LoR,32,0.01,0,0.0,15,155.308,4.853375,206042.18713781648,
0,4502,10989.113443,GB,8,1.0,8,1.0,17,209.302,26.16275,38222.28167910484,
0,4503,10989.363407,RF,8,0.05,0,0.0,4,2968.309,371.038625,2695.1371976435066,
0,4504,10992.395142,MLP,16,0.1,2,0.125,23,193.887,12.1179375,82522.29391346507,
0,4505,10992.63072,LoR,8,0.1,0,0.0,12,147.35,18.41875,54292.50084832033,
0,4506,10992.817608,DT,1,0.05,0,0.0,24,88.704,88.704,11273.448773448774,16.0
0,4507,10993.155061,NB,32,0.5,11,0.34375,1,139.098,4.3468125,230053.6312527858,
0,4508,10993.334275,LoR,16,0.05,0,0.0,23,151.082,9.442625,105902.75479540911,
0,4509,10993.526394,NB,16,0.1,0,0.0,25,108.573,6.7858125,147366.28811951407,
0,4510,10993.674988,MLP,16,0.01,0,0.0,19,176.881,11.0550625,90456.29547548917,
0,4511,10993.892346,GB,16,0.0,0,0.0,19,339.807,21.2379375,47085.551504236224,
0,4512,10994.27278,RF,1,0.5,1,1.0,13,3461.931,3461.931,288.85613260345167,7.92
0,4513,11010.916572,SGD,100,0.01,2,0.02,25,197.559,1.97559,506177.9012851857,
0,4514,11011.176988,RF,32,0.5,16,0.5,11,3230.143,100.94196875,9906.68214998531,
0,4515,11014.450431,MLP,1,0.01,0,0.0,2,193.385,193.385,5171.0318794115365,
0,4516,11014.803091,SGD,1,0.05,0,0.0,5,145.272,145.272,6883.638966903464,
0,4517,11015.108866,NB,8,0.5,4,0.5,21,116.007,14.500875,68961.35578025464,
0,4518,11015.279115,MLP,8,0.5,4,0.5,17,178.824,22.353,44736.72437704111,
0,4519,11015.518824,GB,32,0.1,5,0.15625,18,298.662,9.3331875,107144.53127615833,
0,4520,11015.876073,GB,8,0.1,1,0.125,12,219.728,27.466,36408.650695405224,
0,4521,11016.134983,GB,8,0.0,0,0.0,15,207.302,25.91275,38591.041089811,
0,4522,11016.401202,RF,16,0.05,1,0.0625,14,3046.902,190.431375,5251.235517256545,
0,4523,11019.510997,LoR,16,0.5,12,0.75,9,170.504,10.6565,93839.44071693333,
0,4524,11019.722775,AB,16,0.0,0,0.0,26,7942.678,496.417375,2014.4339226643708,
0,4525,11027.707396,MLP,1,0.05,0,0.0,12,161.841,161.841,6178.9039860109615,
0,4526,11028.017344,LoR,16,0.0,0,0.0,24,143.245,8.9528125,111696.74334182694,
0,4527,11028.221864,DT,16,0.01,1,0.0625,5,85.51,5.344375,187112.61840720382,
0,4528,11028.373078,SGD,64,0.5,36,0.5625,18,155.754,2.43365625,410904.37484751595,
0,4529,11028.585496,RF,16,0.1,1,0.0625,6,3031.032,189.4395,5278.730148675434,
0,4530,11031.658894,LoR,1,0.1,0,0.0,22,156.287,156.287,6398.484838790174,
0,4531,11032.00037,RF,100,0.01,2,0.02,24,3330.651,33.306509999999996,30024.160441907603,
0,4532,11035.412752,MLP,100,0.0,0,0.0,16,246.945,2.46945,404948.4703071534,
0,4533,11035.69919,GB,1,0.0,0,0.0,29,212.469,212.469,4706.568958295093,4.0
0,4534,11049.255935,MLP,1,0.0,0,0.0,1,211.164,211.164,4735.655698888068,
0,4535,11049.657732,RF,16,0.05,2,0.125,8,3120.239,195.0149375,5127.812324632824,
0,4536,11052.821096,RF,1,0.5,1,1.0,15,2940.647,2940.647,340.06121782043203,6.87
0,4537,11068.632854,GB,100,0.1,8,0.08,24,320.25,3.2025,312256.04996096797,
0,4538,11069.017233,DT,32,0.1,4,0.125,14,94.372,2.949125,339083.6264993854,
0,4539,11069.170917,GB,32,0.5,17,0.53125,11,239.727,7.49146875,133485.17271729925,
0,4540,11069.467622,DT,8,0.1,1,0.125,1,89.449,11.181125,89436.43864101332,
0,4541,11069.593546,MLP,8,1.0,8,1.0,0,192.878,24.10975,41476.99582119267,
0,4542,11069.842556,AB,8,0.5,3,0.375,10,8499.916,1062.4895,941.1857717182147,
0,4543,11078.398432,MLP,16,1.0,16,1.0,25,207.166,12.947875,77232.75054786983,
0,4544,11078.685481,LoR,64,0.05,2,0.03125,15,168.881,2.638765625,378965.07007893134,
0,4545,11078.896156,NB,8,0.05,0,0.0,22,120.34,15.0425,66478.31145088914,
0,4546,11079.083708,AB,64,0.05,2,0.03125,24,8529.352,133.271125,7503.5008521163145,
0,4547,11087.661918,SGD,32,0.01,0,0.0,18,158.819,4.96309375,201487.227598713,
0,4548,11087.861434,LoR,1,0.01,0,0.0,28,142.607,142.607,7012.278499652893,
0,4549,11088.158376,SGD,1,0.01,0,0.0,21,138.791,138.791,7205.078139072419,
0,4550,11088.444764,GB,8,0.05,0,0.0,11,246.855,30.856875,32407.688724149804,
0,4551,11088.732759,RF,1,0.1,0,0.0,27,3070.372,3070.372,325.69343389009543,10.93
0,4552,11104.831662,DT,32,0.05,0,0.0,5,91.73,2.8665625,348849.8855336313,
0,4553,11104.963012,LoR,1,0.1,1,1.0,23,152.043,152.043,6577.086745197083,
0,4554,11105.292184,RF,64,0.05,2,0.03125,15,3312.734,51.76146875,19319.389966112583,
0,4555,11108.680424,RF,64,0.1,9,0.140625,27,3412.092,53.3139375,18756.82132838153,
0,4556,11112.135183,GB,8,0.0,0,0.0,7,260.049,32.506125,30763.433045310692,
0,4557,11112.437294,MLP,8,1.0,8,1.0,2,199.248,24.906,40150.967638320086,
0,4558,11112.678554,GB,16,1.0,16,1.0,24,226.714,14.169625,70573.49788720591,
0,4559,11112.985941,AB,100,0.5,50,0.5,1,8764.102,87.64102000000001,11410.182127045075,
0,4560,11121.824008,NB,64,0.5,32,0.5,6,139.2,2.175,459770.1149425288,
0,4561,11122.054575,AB,64,0.0,0,0.0,15,8273.977,129.280890625,7735.095226878198,
0,4562,11130.393206,AB,100,0.0,0,0.0,18,8522.412,85.22412,11733.767388856582,
0,4563,11138.979686,MLP,16,0.05,1,0.0625,11,188.454,11.778375,84901.35523788298,
0,4564,11139.218394,MLP,64,1.0,64,1.0,6,205.951,3.217984375,310753.5287519847,
0,4565,11139.465506,GB,1,0.05,0,0.0,8,211.654,211.654,4724.6921863040625,4.0
0,4566,11153.416888,LoR,8,0.1,0,0.0,4,159.644,19.9555,50111.498083235194,
0,4567,11153.634267,SGD,64,0.01,0,0.0,5,161.378,2.52153125,396584.4167110759,
0,4568,11153.864869,SGD,64,0.01,2,0.03125,21,162.624,2.541,393545.8480913027,
0,4569,11154.067219,SGD,1,0.01,0,0.0,12,142.768,142.768,7004.370727333856,
0,4570,11154.369423,AB,64,1.0,64,1.0,16,8284.545,129.446015625,7725.228120554599,
0,4571,11162.695675,NB,8,0.0,0,0.0,15,110.948,13.8685,72105.85138984029,
0,4572,11162.881887,NB,100,0.1,9,0.09,22,145.41,1.4541,687710.6113747335,
0,4573,11163.065522,AB,1,0.05,0,0.0,27,7736.463,7736.463,129.25803432395398,2.0
0,4574,11184.008837,NB,8,0.01,0,0.0,23,126.896,15.862,63043.75236414071,
0,4575,11184.198448,SGD,100,1.0,100,1.0,16,189.422,1.89422,527921.7831086146,
0,4576,11184.425689,GB,1,0.0,0,0.0,24,246.372,246.372,4058.9027973958077,4.0
0,4577,11197.294388,GB,64,0.05,0,0.0,12,255.5,3.9921875,250489.23679060666,
0,4578,11197.594648,DT,16,0.01,0,0.0,6,92.352,5.772,173250.17325017325,
0,4579,11197.761699,GB,100,0.05,7,0.07,5,327.624,3.27624,305227.94422875,
0,4580,11198.13166,SGD,8,0.05,0,0.0,0,165.561,20.695125,48320.55858565725,
0,4581,11198.340338,MLP,32,0.0,0,0.0,8,204.272,6.3835,156653.87326701652,
0,4582,11198.582113,NB,1,1.0,1,1.0,29,101.493,101.493,9852.896258855291,
0,4583,11198.767771,MLP,100,0.01,1,0.01,10,229.483,2.29483,435762.126170566,
0,4584,11199.055279,AB,16,0.1,2,0.125,5,7955.743,497.2339375,2011.1257993125216,
0,4585,11207.082411,AB,64,0.05,2,0.03125,10,8307.49,129.80453125,7703.891307723512,
0,4586,11215.4705,AB,100,0.05,2,0.02,28,8516.691,85.16691,11741.649426989894,
0,4587,11224.059232,RF,64,0.05,3,0.046875,22,3251.624,50.806625,19682.472512196982,
0,4588,11227.383369,MLP,64,0.05,8,0.125,7,228.665,3.572890625,279885.4219054075,
0,4589,11227.682178,LoR,64,0.1,5,0.078125,2,163.21,2.55015625,392132.8349978555,
0,4590,11227.919272,RF,100,0.5,52,0.52,27,3386.029,33.86029,29533.119769499906,
0,4591,11231.377641,MLP,64,0.05,2,0.03125,12,226.279,3.535609375,282836.6750781115,
0,4592,11231.647843,NB,16,0.05,0,0.0,1,118.012,7.37575,135579.43260007456,
0,4593,11231.820807,AB,100,0.0,0,0.0,20,8506.715,85.06715,11755.419101262944,
0,4594,11240.409121,LoR,100,0.5,52,0.52,14,165.916,1.65916,602714.6266785603,
0,4595,11240.649843,SGD,100,0.5,48,0.48,9,163.068,1.6306800000000001,613241.1018716118,
0,4596,11240.860927,AB,64,1.0,64,1.0,9,8279.553,129.368015625,7729.88590084513,
0,4597,11249.182699,RF,16,0.0,0,0.0,3,3001.275,187.5796875,5331.067629590757,
0,4598,11252.247447,NB,16,0.1,2,0.125,4,121.913,7.6195625,131241.13097044613,
0,4599,11252.436205,RF,64,0.05,1,0.015625,20,3187.601,49.806265625,20077.79518201933,
0,4600,11255.688641,NB,8,0.5,4,0.5,0,118.37,14.79625,67584.69206724677,
0,4601,11255.880752,DT,100,0.5,46,0.46,22,99.345,0.9934499999999999,1006593.1853641351,
0,4602,11256.02669,DT,64,0.0,0,0.0,5,89.916,1.4049375,711775.4348503047,
0,4603,11256.18171,AB,64,0.05,3,0.046875,28,8163.768,127.558875,7839.517242528205,
0,4604,11264.407111,SGD,16,0.5,9,0.5625,29,153.045,9.5653125,104544.41504132772,
0,4605,11264.603783,NB,32,1.0,32,1.0,24,115.795,3.61859375,276350.44691048836,
0,4606,11264.754774,DT,1,0.0,0,0.0,22,85.853,85.853,11647.816616775186,16.0
0,4607,11265.049313,GB,64,0.01,0,0.0,3,270.766,4.23071875,236366.4566452213,
0,4608,11265.358112,NB,1,0.0,0,0.0,15,103.282,103.282,9682.229236459403,
0,4609,11265.508307,RF,1,0.5,0,0.0,12,2929.887,2929.887,341.3100914813438,7.28
0,4610,11281.348033,NB,8,0.01,0,0.0,24,115.475,14.434375,69279.06473262611,
0,4611,11281.524606,GB,32,0.1,4,0.125,10,248.722,7.7725625,128657.69815295792,
0,4612,11281.813978,SGD,1,0.01,0,0.0,11,159.48,159.48,6270.378730875345,
0,4613,11282.129447,DT,16,1.0,16,1.0,12,86.695,5.4184375,184555.04931080225,
0,4614,11282.253757,AB,8,0.0,0,0.0,13,7818.316,977.2895,1023.2382523295298,
0,4615,11290.144417,RF,64,0.1,11,0.171875,17,3233.038,50.51621875,19795.622569236737,
0,4616,11293.417366,LoR,1,0.0,0,0.0,23,158.615,158.615,6304.573968414084,
0,4617,11293.725258,SGD,1,0.1,0,0.0,6,142.58,142.58,7013.606396409033,
0,4618,11294.077379,LoR,64,0.05,4,0.0625,3,154.224,2.40975,414980.80713766994,
0,4619,11294.270286,GB,1,0.1,0,0.0,18,203.219,203.219,4920.799728371855,4.0
0,4620,11307.618803,LoR,100,0.01,0,0.0,1,192.114,1.92114,520524.27204680553,
0,4621,11307.863249,NB,64,1.0,64,1.0,10,138.781,2.168453125,461158.2277112861,
0,4622,11308.039436,LoR,8,1.0,8,1.0,3,150.579,18.822375,53128.258256463385,
0,4623,11308.265951,AB,100,0.1,9,0.09,21,8703.201,87.03200999999999,11490.025336654871,
0,4624,11317.010962,LoR,1,0.05,0,0.0,22,143.679,143.679,6959.959353837374,
0,4625,11317.332993,MLP,32,0.1,3,0.09375,17,201.571,6.29909375,158752.99522252704,
0,4626,11317.598867,LoR,32,0.01,1,0.03125,26,147.431,4.60721875,217050.68811850966,
0,4627,11317.803135,AB,16,0.05,1,0.0625,22,7859.468,491.21675,2035.7611991040615,
0,4628,11325.722809,SGD,8,0.5,4,0.5,2,149.198,18.64975,53620.02171610879,
0,4629,11325.91154,NB,16,1.0,16,1.0,9,144.12,9.0075,111018.59561476547,
0,4630,11326.122931,AB,64,0.01,1,0.015625,18,8163.775,127.558984375,7839.510520561873,
0,4631,11334.348046,MLP,16,0.5,10,0.625,0,181.083,11.3176875,88357.27263188704,
0,4632,11334.571158,GB,8,0.1,0,0.0,13,242.207,30.275875,33029.598649089414,
0,4633,11334.876148,LoR,32,0.05,3,0.09375,22,154.406,4.8251875,207245.83241583875,
0,4634,11335.091252,GB,32,0.05,2,0.0625,25,227.69,7.1153125,140541.96495234748,
0,4635,11335.36829,SGD,64,0.0,0,0.0,22,161.643,2.525671875,395934.2501685814,
0,4636,11335.570571,AB,16,1.0,16,1.0,29,7883.493,492.7183125,2029.5572026257903,
0,4637,11343.492886,GB,1,0.0,0,0.0,10,194.759,194.759,5134.550906504963,4.0
0,4638,11356.73427,NB,1,1.0,1,1.0,9,150.978,150.978,6623.481566850799,
0,4639,11356.93861,RF,1,0.01,0,0.0,10,3361.62,3361.62,297.47562187278754,9.99
0,4640,11373.699172,LoR,1,0.1,0,0.0,4,179.725,179.725,5564.056196967589,
0,4641,11374.09964,RF,8,0.5,3,0.375,21,3073.736,384.217,2602.695872384616,
0,4642,11377.225519,RF,32,0.01,0,0.0,6,3166.182,98.9431875,10106.810031766969,
0,4643,11380.44858,MLP,64,1.0,64,1.0,15,270.885,4.232578125,236262.62066928772,
0,4644,11380.785661,LoR,100,0.01,0,0.0,12,167.832,1.67832,595833.9291672625,
0,4645,11381.015946,DT,8,0.05,1,0.125,9,89.685,11.210625,89201.09271338573,
0,4646,11381.143389,SGD,1,0.5,0,0.0,28,146.152,146.152,6842.191690842411,
0,4647,11381.440344,LoR,1,0.01,0,0.0,8,136.364,136.364,7333.313777829925,
0,4648,11381.718153,DT,8,0.01,0,0.0,12,84.101,10.512625,95123.7202887005,
0,4649,11381.838014,AB,1,0.0,0,0.0,7,7829.797,7829.797,127.71723200486552,2.0
0,4650,11402.800762,DT,64,0.1,8,0.125,18,97.815,1.528359375,654296.3758114809,
0,4651,11402.950191,GB,64,0.01,0,0.0,21,295.785,4.621640625,216373.3793126764,
0,4652,11403.287593,RF,1,0.1,0,0.0,12,2994.551,2994.551,333.9398794677399,9.99
0,4653,11419.447522,AB,16,1.0,16,1.0,8,8349.385,521.8365625,1916.3088059779252,
0,4654,11427.914304,AB,100,0.05,13,0.13,17,8829.341,88.29341000000001,11325.873584449848,
0,4655,11436.864768,NB,100,1.0,100,1.0,20,162.187,1.6218700000000001,616572.2283536905,
0,4656,11437.073815,AB,16,0.01,0,0.0,18,8168.982,510.561375,1958.6283823369913,
0,4657,11445.286829,GB,16,1.0,16,1.0,12,257.132,16.07075,62224.849493645284,
0,4658,11445.583712,NB,1,1.0,1,1.0,17,104.166,104.166,9600.06144039322,
0,4659,11445.74053,RF,16,0.01,0,0.0,8,3157.555,197.3471875,5067.2118142043455,
0,4660,11448.939049,SGD,1,0.0,0,0.0,18,176.857,176.857,5654.285665820408,
0,4661,11449.275805,NB,8,0.05,0,0.0,25,112.629,14.078625,71029.66376332915,
0,4662,11449.444888,AB,100,1.0,100,1.0,7,8650.82,86.5082,11559.597818472701,
0,4663,11458.1421,DT,32,0.0,0,0.0,26,83.3,2.603125,384153.66146458586,
0,4664,11458.288708,RF,32,0.5,18,0.5625,7,3160.991,98.78096875,10123.407501002059,
0,4665,11461.491954,SGD,8,0.0,0,0.0,9,165.735,20.716875,48269.82834042296,
0,4666,11461.698479,LoR,1,0.5,1,1.0,27,149.022,149.022,6710.418595912013,
0,4667,11462.057225,MLP,16,0.5,9,0.5625,11,195.418,12.213625,81875.77398192591,
0,4668,11462.293409,SGD,16,0.0,0,0.0,12,148.303,9.2689375,107887.23087193111,
0,4669,11462.511191,GB,64,0.05,3,0.046875,9,280.547,4.383546875,228125.76858779453,
0,4670,11462.830902,AB,1,0.0,0,0.0,15,7754.376,7754.376,128.95944173973507,2.0
0,4671,11483.424878,NB,8,0.01,0,0.0,18,116.427,14.553375,68712.58385082497,
0,4672,11483.584137,SGD,16,0.01,0,0.0,29,157.4,9.8375,101651.84243964421,
0,4673,11483.792434,DT,64,1.0,64,1.0,1,91.654,1.43209375,698278.3075479522,
0,4674,11483.939933,DT,100,0.0,0,0.0,9,93.105,0.93105,1074056.173137855,
0,4675,11484.087782,GB,100,1.0,100,1.0,13,286.308,2.86308,349274.20819537004,
0,4676,11484.417034,RF,8,0.01,0,0.0,11,3032.861,379.107625,2637.7733763598135,
0,4677,11487.493825,MLP,1,0.5,1,1.0,28,185.451,185.451,5392.259950067673,
0,4678,11487.870814,GB,100,0.01,4,0.04,4,280.283,2.80283,356782.2522236454,
0,4679,11488.228929,MLP,100,0.1,6,0.06,15,246.879,2.46879,405056.7281947837,
0,4680,11488.517047,NB,1,0.01,0,0.0,24,105.092,105.092,9515.472157728467,
0,4681,11488.705397,GB,100,0.01,2,0.02,24,275.965,2.7596499999999997,362364.7926367475,
0,4682,11489.042755,NB,16,0.01,1,0.0625,5,121.093,7.5683125,132129.85061068766,
0,4683,11489.20827,RF,32,0.01,0,0.0,9,3143.064,98.22075,10181.148077162921,
0,4684,11492.411597,MLP,100,1.0,100,1.0,15,249.748,2.49748,400403.6068356904,
0,4685,11492.7123,AB,64,1.0,64,1.0,11,8320.649,130.010140625,7691.707702127563,
0,4686,11501.07698,RF,8,0.1,0,0.0,4,3019.27,377.40875,2649.647100126852,
0,4687,11504.140147,LoR,1,0.01,0,0.0,1,160.999,160.999,6211.218703221759,
0,4688,11504.451861,DT,1,0.5,0,0.0,1,86.269,86.269,11591.64937578968,4.0
0,4689,11504.746249,GB,8,0.1,1,0.125,21,222.855,27.856875,35897.78106840771,
0,4690,11505.026318,AB,100,1.0,100,1.0,22,8670.054,86.70054,11533.953537082929,
0,4691,11513.769833,SGD,64,0.05,2,0.03125,11,164.428,2.5691875,389228.11200038926,
0,4692,11514.018843,NB,100,0.01,0,0.0,12,162.528,1.6252799999999998,615278.598149242,
0,4693,11514.243423,DT,32,0.05,1,0.03125,13,90.941,2.84190625,351876.4913515356,
0,4694,11514.37243,GB,1,0.1,0,0.0,17,207.838,207.838,4811.439678980745,4.0
0,4695,11527.314635,GB,8,0.1,0,0.0,27,221.073,27.634125,36187.14180383855,
0,4696,11527.595496,DT,8,0.5,3,0.375,8,89.368,11.171,89517.50067138126,
0,4697,11527.741356,NB,8,0.5,2,0.25,7,112.978,14.12225,70810.24624263131,
0,4698,11527.912981,SGD,32,0.1,2,0.0625,23,160.221,5.00690625,199724.13104399547,
0,4699,11528.127873,AB,100,0.0,0,0.0,10,8694.9,86.949,11500.99483605332,
0,4700,11536.883486,GB,8,0.5,4,0.5,5,212.685,26.585625,37614.31224580953,
0,4701,11537.154574,AB,100,0.0,0,0.0,6,8569.898,85.69897999999999,11668.750316514854,
0,4702,11545.776309,SGD,64,0.0,0,0.0,18,161.397,2.521828125,396537.7299454141,
0,4703,11546.037668,LoR,32,0.5,16,0.5,0,151.661,4.73940625,210996.8943894607,
0,4704,11546.248245,MLP,16,0.5,9,0.5625,16,182.059,11.3786875,87883.59817421825,
0,4705,11546.498214,SGD,64,0.1,14,0.21875,3,156.221,2.440953125,409676.0358722579,
0,4706,11546.696424,MLP,32,0.0,0,0.0,22,181.443,5.67009375,176363.92696328874,
0,4707,11546.957442,RF,100,0.1,9,0.09,26,3438.696,34.38696,29080.791090576196,
0,4708,11550.464236,MLP,32,0.5,12,0.375,22,208.531,6.51659375,153454.40246294317,
0,4709,11550.713761,SGD,8,1.0,8,1.0,5,152.341,19.042625,52513.768453666446,
0,4710,11550.906329,MLP,1,0.1,0,0.0,1,161.488,161.488,6192.410581591202,
0,4711,11551.259715,DT,100,0.05,8,0.08,10,98.492,0.98492,1015310.888193965,
0,4712,11551.401466,DT,32,1.0,32,1.0,15,87.219,2.72559375,366892.5348834543,
0,4713,11551.562946,RF,100,0.5,52,0.52,28,3412.668,34.12668,29302.586715144866,
0,4714,11555.018445,LoR,8,1.0,8,1.0,18,164.793,20.599125,48545.751336525216,
0,4715,11555.241229,LoR,100,1.0,100,1.0,23,168.249,1.68249,594357.1729995423,
0,4716,11555.45007,RF,1,0.05,0,0.0,20,3028.787,3028.787,330.1651783370703,9.99
0,4717,11571.503961,AB,100,0.01,0,0.0,26,8639.095,86.39094999999999,11575.286531748987,
0,4718,11580.21066,SGD,32,0.01,1,0.03125,29,160.085,5.00265625,199893.80641534185,
0,4719,11580.423214,LoR,64,0.01,0,0.0,23,158.075,2.469921875,404871.10548790137,
0,4720,11580.649912,MLP,100,0.01,0,0.0,7,231.442,2.31442,432073.6944893321,
0,4721,11580.942564,MLP,16,0.5,7,0.4375,8,175.861,10.9913125,90980.94517829422,
0,4722,11581.168608,RF,64,1.0,64,1.0,2,3124.338,48.81778125,20484.339402459016,
0,4723,11584.372621,RF,100,0.5,50,0.5,22,3329.443,33.294430000000006,30035.053911420015,
0,4724,11587.761071,NB,100,0.0,0,0.0,9,156.716,1.56716,638096.9396870772,
0,4725,11587.961565,NB,32,1.0,32,1.0,8,116.335,3.63546875,275067.6924399364,
0,4726,11588.116967,DT,8,0.05,0,0.0,16,92.069,11.508625,86891.35322421227,
0,4727,11588.246019,AB,8,1.0,8,1.0,0,7930.822,991.35275,1008.7226771701596,
0,4728,11596.218886,NB,16,1.0,16,1.0,26,110.319,6.8949375,145033.9470082216,
0,4729,11596.369293,NB,8,0.05,0,0.0,12,102.37,12.79625,78147.89489108136,
0,4730,11596.50807,LoR,8,0.0,0,0.0,26,148.149,18.518625,53999.68950178537,
0,4731,11596.712257,NB,8,0.5,4,0.5,16,104.535,13.066875,76529.39206964175,
0,4732,11596.853358,AB,1,0.5,0,0.0,24,7555.486,7555.486,132.35415961329292,2.0
0,4733,11617.403827,NB,32,0.0,0,0.0,5,122.541,3.82940625,261137.08881109182,
0,4734,11617.576726,RF,64,0.01,0,0.0,26,3231.278,50.48871875,19806.40477235323,
0,4735,11620.888214,MLP,100,0.01,1,0.01,29,252.077,2.52077,396704.18165877886,
0,4736,11621.184667,NB,32,0.0,0,0.0,16,121.175,3.78671875,264080.87476789765,
0,4737,11621.379741,NB,100,0.1,11,0.11,17,148.363,1.48363,674022.4988710124,
0,4738,11621.568699,SGD,32,0.0,0,0.0,17,157.392,4.9185,203314.0185015757,
0,4739,11621.777235,SGD,64,0.01,0,0.0,13,172.1,2.6890625,371876.8158047647,
0,4740,11622.01721,RF,64,0.01,0,0.0,27,3192.399,49.881234375,20047.6193608631,
0,4741,11625.252009,NB,1,0.05,0,0.0,2,110.075,110.075,9084.714967067908,
0,4742,11625.430825,LoR,16,0.5,8,0.5,1,157.257,9.8285625,101744.27847409018,
0,4743,11625.649381,RF,32,0.1,4,0.125,11,3102.458,96.9518125,10314.402322287682,
0,4744,11628.813037,MLP,8,0.1,2,0.25,21,186.7,23.3375,42849.49116229245,
0,4745,11629.059218,GB,16,0.5,6,0.375,16,250.537,15.6585625,63862.822656932905,
0,4746,11629.378396,LoR,64,0.1,7,0.109375,7,165.562,2.58690625,386562.13382297865,
0,4747,11629.604089,LoR,8,0.5,6,0.75,22,145.485,18.185625,54988.48678557926,
0,4748,11629.793714,SGD,32,0.01,0,0.0,7,146.907,4.59084375,217824.8824085986,
0,4749,11630.00036,SGD,1,0.1,0,0.0,26,150.982,150.982,6623.306089467619,
0,4750,11630.32686,DT,64,0.1,7,0.109375,1,91.151,1.424234375,702131.6277385877,
0,4751,11630.472208,LoR,8,0.1,2,0.25,11,144.196,18.0245,55480.04105523038,
0,4752,11630.654296,DT,16,0.0,0,0.0,10,83.646,5.227875,191282.30877746694,
0,4753,11630.773254,NB,8,0.0,0,0.0,16,107.591,13.448875,74355.66171891702,
0,4754,11630.920039,GB,16,0.01,0,0.0,16,223.435,13.9646875,71609.19283012957,
0,4755,11631.21843,DT,100,0.5,51,0.51,6,95.784,0.95784,1044015.701996158,
0,4756,11631.351694,LoR,1,0.1,0,0.0,15,146.211,146.211,6839.4306857897145,
0,4757,11631.65438,AB,8,0.01,0,0.0,10,7808.525,976.065625,1024.5212764254454,
0,4758,11639.510322,NB,32,0.01,0,0.0,29,116.557,3.64240625,274543.78544403164,
0,4759,11639.665967,SGD,16,1.0,16,1.0,5,148.481,9.2800625,107757.89494952216,
0,4760,11639.877416,RF,32,0.05,2,0.0625,3,3118.787,97.46209375,10260.399315503111,
0,4761,11643.038285,AB,1,0.5,0,0.0,5,7593.277,7593.277,131.6954458529565,2.0
0,4762,11663.173025,DT,16,0.05,2,0.125,20,89.951,5.6219375,177874.6206267857,
0,4763,11663.316524,GB,8,0.5,4,0.5,11,218.318,27.28975,36643.79483139273,
0,4764,11663.589771,DT,100,0.0,0,0.0,29,94.697,0.94697,1055999.6620801082,
0,4765,11663.750141,MLP,64,0.1,6,0.09375,19,218.368,3.412,293083.23563892144,
0,4766,11664.042826,GB,100,0.05,4,0.04,28,280.161,2.80161,356937.61801249994,
0,4767,11664.382034,MLP,8,0.5,1,0.125,0,181.452,22.6815,44088.794832793246,
0,4768,11664.60251,NB,8,0.0,0,0.0,6,109.426,13.67825,73108.7675689507,
0,4769,11664.759916,NB,64,1.0,64,1.0,20,125.072,1.95425,511705.2577715236,
0,4770,11664.922715,RF,1,0.5,1,1.0,8,2876.362,2876.362,347.6613861537595,7.49
0,4771,11680.620065,MLP,100,0.05,2,0.02,19,265.909,2.65909,376068.504638805,
0,4772,11680.948305,LoR,32,0.1,4,0.125,0,153.497,4.79678125,208473.12976800848,
0,4773,11681.142064,LoR,8,0.1,0,0.0,1,142.434,17.80425,56166.364772456014,
0,4774,11681.34197,AB,16,0.1,1,0.0625,1,7949.851,496.8656875,2012.6163370860663,
0,4775,11689.351035,LoR,8,0.5,5,0.625,12,145.843,18.230375,54853.50685326002,
0,4776,11689.554425,GB,100,0.01,0,0.0,29,273.501,2.73501,365629.37612659554,
0,4777,11689.905689,AB,100,0.1,12,0.12,22,8679.025,86.79025,11522.031564605471,
0,4778,11698.645206,GB,100,0.01,0,0.0,26,265.674,2.6567399999999997,376401.1532931337,
0,4779,11698.993957,AB,100,0.5,50,0.5,12,8552.622,85.52622,11692.320787706976,
0,4780,11707.587298,LoR,8,1.0,8,1.0,7,146.353,18.294125,54662.35745082096,
0,4781,11707.792721,LoR,100,0.01,0,0.0,28,158.335,1.58335,631572.2992389554,
0,4782,11708.013781,RF,32,0.05,1,0.03125,26,3149.884,98.433875,10159.104271776358,
0,4783,11711.20386,LoR,1,0.0,0,0.0,7,157.238,157.238,6359.785802414175,
0,4784,11711.511884,LoR,16,0.0,0,0.0,17,145.114,9.069625,110258.14187466406,
0,4785,11711.70649,RF,64,0.0,0,0.0,1,3300.004,51.5625625,19393.915886162562,
0,4786,11715.048561,DT,8,0.0,0,0.0,8,94.755,11.844375,84428.26236082529,
0,4787,11715.203054,NB,16,0.5,9,0.5625,22,119.451,7.4656875,133946.1369096952,
0,4788,11715.376406,RF,100,1.0,100,1.0,25,3182.45,31.824499999999997,31422.331851246683,
0,4789,11718.59852,LoR,1,0.0,0,0.0,28,156.062,156.062,6407.709756378875,
0,4790,11718.922446,SGD,8,0.5,4,0.5,12,147.77,18.47125,54138.18772416593,
0,4791,11719.106843,MLP,1,0.0,0,0.0,5,162.796,162.796,6142.657067741223,
0,4792,11719.415762,AB,32,1.0,32,1.0,12,7919.661,247.48940625,4040.576989343357,
0,4793,11727.39559,LoR,8,0.5,3,0.375,25,145.966,18.24575,54807.283888028716,
0,4794,11727.583865,DT,16,0.01,0,0.0,18,83.069,5.1918125,192610.96197137318,
0,4795,11727.716544,LoR,64,0.01,0,0.0,26,151.876,2.3730625,421396.40232821513,
0,4796,11727.930087,RF,16,0.05,1,0.0625,0,2996.667,187.2916875,5339.265257033898,
0,4797,11730.972868,LoR,32,1.0,32,1.0,7,165.257,5.16428125,193637.78841440906,
0,4798,11731.215386,SGD,100,0.5,62,0.62,29,166.175,1.66175,601775.2369489995,
0,4799,11731.449164,AB,64,0.1,7,0.109375,8,8161.808,127.52825,7841.399846700633,
0,4800,11739.690272,LoR,100,0.05,7,0.07,25,163.946,1.63946,609956.9370402449,
0,4801,11739.893738,LoR,1,0.05,0,0.0,2,138.651,138.651,7212.353318764379,
0,4802,11740.19381,GB,16,0.5,9,0.5625,2,230.614,14.413375,69380.00294865013,
0,4803,11740.464702,DT,1,0.5,1,1.0,17,86.234,86.234,11596.35410626899,4.0
0,4804,11740.75006,MLP,32,0.01,0,0.0,28,200.541,6.26690625,159568.3675657347,
0,4805,11741.027278,SGD,100,0.05,5,0.05,13,166.845,1.66845,599358.6862057599,
0,4806,11741.277549,SGD,100,0.1,8,0.08,29,163.262,1.63262,612512.4033761683,
0,4807,11741.479247,DT,1,0.0,0,0.0,3,83.709,83.709,11946.14677035922,16.0
0,4808,11741.751341,DT,8,0.05,0,0.0,26,87.967,10.995875,90943.19460706857,
0,4809,11741.906318,NB,64,0.05,4,0.0625,0,139.898,2.18590625,457476.16120316234,
0,4810,11742.117917,AB,100,0.05,4,0.04,18,8509.549,85.09549000000001,11751.50410438908,
0,4811,11750.672968,SGD,32,0.0,0,0.0,18,151.682,4.7400625,210967.68238815418,
0,4812,11750.868329,AB,16,0.05,0,0.0,7,8439.427,527.4641875,1895.863309203338,
0,4813,11759.362905,GB,16,1.0,16,1.0,1,280.783,17.5489375,56983.506836240085,
0,4814,11759.730007,AB,100,0.1,7,0.07,0,9184.229,91.84228999999999,10888.23024774317,
0,4815,11769.004372,RF,64,0.01,0,0.0,1,3650.913,57.045515625,17529.861708564407,
0,4816,11772.755109,LoR,64,1.0,64,1.0,27,244.668,3.8229375,261578.95597299197,
0,4817,11773.076332,LoR,32,0.5,13,0.40625,7,166.443,5.20134375,192258.01024975517,
0,4818,11773.284235,LoR,16,1.0,16,1.0,13,152.472,9.5295,104937.29996327194,
0,4819,11773.476001,DT,8,0.0,0,0.0,28,100.623,12.577875,79504.68580741977,
0,4820,11773.660675,LoR,100,0.1,9,0.09,5,177.33,1.7733,563920.3744431286,
0,4821,11773.898839,MLP,8,0.05,1,0.125,0,217.741,27.217625,36740.89859052728,
0,4822,11774.179875,GB,100,1.0,100,1.0,0,383.78,3.8377999999999997,260565.94924175311,
0,4823,11774.611195,SGD,8,0.01,0,0.0,7,179.524,22.4405,44562.286936565586,
0,4824,11774.834031,GB,1,0.1,1,1.0,10,250.541,250.541,3991.362691136381,4.0
0,4825,11788.54954,NB,64,0.5,33,0.515625,16,158.113,2.470515625,404773.80101572926,
0,4826,11788.758197,MLP,64,1.0,64,1.0,29,251.953,3.936765625,254015.62989922724,
0,4827,11789.060174,NB,32,1.0,32,1.0,15,120.65,3.7703125,265230.0041442188,
0,4828,11789.217314,DT,1,1.0,1,1.0,2,93.078,93.078,10743.677345881948,13.0
0,4829,11789.519157,LoR,100,1.0,100,1.0,4,179.075,1.7907499999999998,558425.2408208852,
0,4830,11789.739408,LoR,16,0.0,0,0.0,0,148.216,9.2635,107950.55864414098,
0,4831,11789.964931,MLP,100,0.1,9,0.09,8,273.857,2.73857,365154.07676269,
0,4832,11790.316521,LoR,100,0.05,4,0.04,11,165.393,1.65393,604620.5099369381,
0,4833,11790.550301,AB,64,0.5,31,0.484375,25,8418.229,131.534828125,7602.549182256744,
0,4834,11799.012803,GB,8,0.05,0,0.0,27,239.949,29.993625,33340.41817219492,
0,4835,11799.293601,NB,8,0.0,0,0.0,4,111.515,13.939375,71739.22790655965,
0,4836,11799.453809,NB,64,0.0,0,0.0,14,128.821,2.012828125,496813.4077518417,
0,4837,11799.650113,SGD,32,0.01,1,0.03125,26,164.146,5.1295625,194948.3995954821,
0,4838,11799.851688,MLP,8,0.0,0,0.0,11,172.488,21.561,46380.038031631186,
0,4839,11800.065107,DT,8,0.05,0,0.0,2,87.18,10.8975,91764.16609314062,
0,4840,11800.189736,GB,8,0.0,0,0.0,25,212.49,26.56125,37648.83053320156,
0,4841,11800.46283,NB,100,0.01,0,0.0,9,151.856,1.51856,658518.5965651671,
0,4842,11800.672786,AB,16,0.1,1,0.0625,28,8065.472,504.092,1983.764868317688,
0,4843,11808.784659,LoR,32,1.0,32,1.0,15,153.509,4.79715625,208456.83314984792,
0,4844,11808.991408,GB,64,0.01,0,0.0,4,247.606,3.86884375,258475.15811410063,
0,4845,11809.279313,AB,8,0.0,0,0.0,16,8038.133,1004.766625,995.2559879265497,
0,4846,11817.359949,MLP,1,0.1,0,0.0,12,167.891,167.891,5956.245421136333,
0,4847,11817.706249,SGD,8,0.1,1,0.125,4,147.713,18.464125,54159.0787540704,
0,4848,11817.893756,DT,1,0.1,0,0.0,4,87.423,87.423,11438.637429509397,16.0
0,4849,11818.223198,SGD,8,0.05,1,0.125,26,154.494,19.31175,51781.946224448846,
0,4850,11818.423665,SGD,32,0.01,0,0.0,19,151.588,4.737125,211098.50383935406,
0,4851,11818.644586,DT,64,0.5,31,0.484375,9,91.82,1.4346875,697015.9006752342,
0,4852,11818.774842,MLP,16,1.0,16,1.0,15,179.245,11.2028125,89263.29883678764,
0,4853,11818.994488,SGD,1,0.5,1,1.0,1,142.931,142.931,6996.382870056181,
0,4854,11819.289634,DT,32,0.0,0,0.0,29,88.697,2.77178125,360778.8313020733,
0,4855,11819.43907,RF,32,0.5,15,0.46875,25,3234.226,101.0695625,9894.17560801255,
0,4856,11822.737945,GB,16,0.1,2,0.125,23,240.207,15.0129375,66609.21621767891,
0,4857,11823.034007,LoR,64,1.0,64,1.0,24,169.601,2.650015625,377356.2655880567,
0,4858,11823.243749,DT,8,1.0,8,1.0,28,88.265,11.033125,90636.15249532658,
0,4859,11823.374832,AB,32,0.0,0,0.0,1,8100.232,253.13225,3950.5041337087628,
0,4860,11831.514446,MLP,1,1.0,1,1.0,24,163.44,163.44,6118.453255017132,
0,4861,11831.827367,MLP,16,0.01,0,0.0,12,172.027,10.7516875,93008.65561801346,
0,4862,11832.050449,RF,64,1.0,64,1.0,8,3195.996,49.9374375,20025.05635176014,
0,4863,11835.292296,LoR,8,0.01,0,0.0,10,162.965,20.370625,49090.295462215814,
0,4864,11835.495815,SGD,8,0.0,0,0.0,21,152.08,19.01,52603.89268805891,
0,4865,11835.685437,DT,1,0.0,0,0.0,12,85.593,85.593,11683.198392391902,16.0
0,4866,11835.980135,GB,8,0.5,2,0.25,4,230.444,28.8055,34715.592508375135,
0,4867,11836.274064,AB,32,0.1,3,0.09375,12,8146.532,254.579125,3928.051838500113,
0,4868,11844.483724,NB,16,0.5,6,0.375,15,116.586,7.286625,137237.74724237903,
0,4869,11844.66092,RF,32,0.5,20,0.625,27,3151.542,98.4856875,10153.759651624507,
0,4870,11847.855762,AB,1,0.5,1,1.0,17,7792.481,7792.481,128.32883391053505,2.0
0,4871,11868.675248,RF,16,0.5,8,0.5,25,3104.042,194.002625,5154.569429150765,
0,4872,11871.824634,MLP,8,0.05,0,0.0,7,196.823,24.602875,40645.65624952368,
0,4873,11872.081268,GB,100,0.0,0,0.0,1,288.384,2.88384,346759.8757212605,
0,4874,11872.414339,DT,16,0.05,0,0.0,10,93.914,5.869625,170368.63513427178,
0,4875,11872.566872,MLP,16,0.05,1,0.0625,0,190.329,11.8955625,84064.96119876634,
0,4876,11872.816788,AB,16,0.5,6,0.375,13,8459.487,528.7179375,1891.3676443973495,
0,4877,11881.342254,DT,1,0.01,0,0.0,15,82.849,82.849,12070.151721807142,16.0
0,4878,11881.64085,RF,16,1.0,16,1.0,19,3113.735,194.6084375,5138.523348968361,
0,4879,11884.819969,LoR,8,0.05,1,0.125,25,182.109,22.763625,43929.73438984344,
0,4880,11885.055937,AB,64,0.0,0,0.0,16,8428.681,131.698140625,7593.121628401881,
0,4881,11893.527132,NB,1,0.01,0,0.0,1,111.872,111.872,8938.787185354691,
0,4882,11893.687556,GB,1,0.1,0,0.0,15,246.884,246.884,4050.4852481327266,4.0
0,4883,11906.769754,SGD,16,0.1,3,0.1875,12,167.434,10.464625,95560.04156861808,
0,4884,11907.007697,DT,64,0.01,4,0.0625,23,94.144,1.471,679809.6532970768,
0,4885,11907.141331,SGD,8,0.05,0,0.0,20,151.66,18.9575,52749.5714097323,
0,4886,11907.355326,LoR,32,0.1,3,0.09375,13,150.701,4.70940625,212340.99309228206,
0,4887,11907.576632,LoR,64,0.1,12,0.1875,26,154.744,2.417875,413586.3102931293,
0,4888,11907.808671,LoR,100,0.01,1,0.01,3,161.277,1.6127699999999998,620051.2162304607,
0,4889,11908.009251,AB,1,0.1,0,0.0,14,7829.025,7829.025,127.72982587231489,2.0
0,4890,11928.686301,LoR,8,0.0,0,0.0,9,155.831,19.478875,51337.667088063354,
0,4891,11928.881803,AB,8,0.0,0,0.0,10,7902.799,987.849875,1012.2995662675971,
0,4892,11936.857982,DT,64,0.5,30,0.46875,11,88.232,1.378625,725360.4134554357,
0,4893,11936.994101,NB,64,1.0,64,1.0,18,135.31,2.11421875,472987.953588057,
0,4894,11937.170623,AB,16,0.05,0,0.0,25,8006.031,500.3769375,1998.493385798781,
0,4895,11945.25716,NB,100,0.1,7,0.07,10,150.735,1.5073500000000002,663415.928616446,
0,4896,11945.467853,SGD,32,0.5,14,0.4375,25,160.389,5.01215625,199514.92932807113,
0,4897,11945.677754,RF,64,0.0,0,0.0,19,3377.552,52.77425,18948.63498770707,
0,4898,11949.12387,MLP,32,0.01,1,0.03125,12,222.788,6.962125,143634.3070542399,
0,4899,11949.41794,LoR,64,0.05,1,0.015625,2,164.0,2.5625,390243.9024390244,
0,4900,11949.631213,MLP,64,0.0,0,0.0,18,207.885,3.248203125,307862.5201433485,
0,4901,11949.908324,MLP,64,0.5,29,0.453125,3,249.72,3.901875,256287.04148646485,
0,4902,11950.227034,RF,64,0.05,2,0.03125,0,3298.764,51.5431875,19401.20602746968,
0,4903,11953.573045,DT,32,1.0,32,1.0,1,96.339,3.01059375,332160.3919492625,
0,4904,11953.732989,NB,32,0.5,13,0.40625,26,126.243,3.94509375,253479.40083806627,
0,4905,11953.900861,GB,16,0.05,0,0.0,19,293.064,18.3165,54595.58321731771,
0,4906,11954.271711,LoR,100,0.1,13,0.13,6,175.757,1.75757,568967.3811000416,
0,4907,11954.532471,AB,100,0.01,2,0.02,0,8602.925,86.02924999999999,11623.95348093817,
0,4908,11963.189011,MLP,64,1.0,64,1.0,16,217.763,3.402546875,293897.4940646483,
0,4909,11963.458733,MLP,64,0.0,0,0.0,29,205.559,3.211859375,311346.1341999134,
0,4910,11963.711572,RF,32,0.01,0,0.0,21,3213.711,100.42846875,9957.335927219343,
0,4911,11966.971292,SGD,8,0.05,0,0.0,2,168.898,21.11225,47365.86578881929,
0,4912,11967.179247,NB,1,1.0,1,1.0,28,107.315,107.315,9318.361831989936,
0,4913,11967.354392,MLP,8,0.1,1,0.125,16,181.013,22.626625,44195.72074933844,
0,4914,11967.573443,GB,1,0.0,0,0.0,23,238.649,238.649,4190.254306533863,4.0
0,4915,11980.560723,AB,32,0.5,10,0.3125,18,8005.963,250.18634375,3997.020720680323,
0,4916,11988.6181,RF,64,1.0,64,1.0,20,3205.452,50.0851875,19965.9829565378,
0,4917,11991.866775,AB,1,0.1,0,0.0,21,8204.294,8204.294,121.88739213879951,2.0
0,4918,12013.056459,NB,1,0.0,0,0.0,24,115.141,115.141,8685.003604276495,
0,4919,12013.244667,GB,16,0.5,9,0.5625,9,270.008,16.8755,59257.503481378335,
0,4920,12013.579739,LoR,32,0.5,18,0.5625,3,180.677,5.64615625,177111.6412160928,
0,4921,12013.796871,LoR,1,0.0,0,0.0,27,143.119,143.119,6987.192476191141,
0,4922,12014.181093,NB,100,0.01,0,0.0,4,160.535,1.60535,622917.1208770673,
0,4923,12014.384061,LoR,32,0.0,0,0.0,10,152.244,4.757625,210188.90728041827,
0,4924,12014.572868,SGD,1,0.0,0,0.0,1,141.467,141.467,7068.786360069839,
0,4925,12014.943461,DT,64,0.05,4,0.0625,29,105.382,1.64659375,607314.3421077603,
0,4926,12015.090626,SGD,32,1.0,32,1.0,20,149.214,4.6629375,214457.08847695257,
0,4927,12015.278545,SGD,1,0.01,0,0.0,26,137.24,137.24,7286.50539201399,
0,4928,12015.57597,DT,100,0.01,0,0.0,10,92.548,0.92548,1080520.3786143407,
0,4929,12015.735188,DT,64,0.05,4,0.0625,26,87.292,1.3639375,733171.4246437245,
0,4930,12015.859066,LoR,1,0.1,0,0.0,24,139.81,139.81,7152.564194263643,
0,4931,12016.166591,AB,32,0.1,2,0.0625,24,8031.654,250.9891875,3984.2353766733477,
0,4932,12024.277694,SGD,100,0.5,44,0.44,20,166.576,1.66576,600326.5776582462,
0,4933,12024.488598,GB,32,0.0,0,0.0,22,247.532,7.735375,129276.21479243087,
0,4934,12024.813495,AB,100,0.05,1,0.01,22,8578.483,85.78483,11657.072701548746,
0,4935,12033.433458,AB,1,0.1,0,0.0,26,7559.017,7559.017,132.29233377832065,2.0
0,4936,12054.421414,SGD,8,0.5,4,0.5,9,185.926,23.24075,43027.87130363694,
0,4937,12054.681529,DT,64,0.5,27,0.421875,26,97.881,1.529390625,653855.1915080557,
0,4938,12054.845637,SGD,64,0.1,5,0.078125,8,163.8,2.559375,390720.3907203907,
0,4939,12055.048426,AB,8,0.1,0,0.0,17,7835.489,979.436125,1020.9956264376098,
0,4940,12062.931367,LoR,32,0.01,0,0.0,18,151.451,4.73284375,211289.45995734594,
0,4941,12063.122241,SGD,8,0.0,0,0.0,20,170.154,21.26925,47016.232354220294,
0,4942,12063.360625,NB,64,0.01,1,0.015625,20,133.588,2.0873125,479084.9477497979,
0,4943,12063.532564,AB,8,0.1,0,0.0,20,7712.297,964.037125,1037.3044502824516,
0,4944,12071.28716,DT,16,0.0,0,0.0,6,79.788,4.98675,200531.4082318143,
0,4945,12071.408649,NB,16,0.1,0,0.0,18,110.226,6.889125,145156.31520693848,
0,4946,12071.553821,RF,1,0.0,0,0.0,28,3006.838,3006.838,332.57528340402774,10.11
0,4947,12088.23325,AB,16,0.01,1,0.0625,20,8134.205,508.3878125,1967.0023069248932,
0,4948,12096.431244,RF,8,0.5,4,0.5,4,3107.101,388.387625,2574.747328780107,
0,4949,12099.604609,NB,16,0.1,1,0.0625,17,129.887,8.1179375,123183.99839860802,
0,4950,12099.804551,RF,64,0.5,32,0.5,5,3317.72,51.839375,19290.356027633436,
0,4951,12103.166302,MLP,16,1.0,16,1.0,10,223.98,13.99875,71434.94954906688,
0,4952,12103.472253,SGD,100,0.1,5,0.05,6,179.804,1.79804,556161.1532557674,
0,4953,12103.692797,NB,1,0.05,0,0.0,9,105.314,105.314,9495.413715175571,
0,4954,12103.876232,DT,64,0.01,2,0.03125,5,96.834,1.51303125,660924.8817564079,
0,4955,12104.011435,SGD,16,1.0,16,1.0,0,157.315,9.8321875,101706.76667832056,
0,4956,12104.219631,DT,64,0.01,0,0.0,3,96.167,1.502609375,665508.9583744943,
0,4957,12104.355708,RF,8,0.05,0,0.0,21,3033.649,379.206125,2637.088206315233,
0,4958,12107.463328,MLP,64,0.5,40,0.625,11,235.263,3.675984375,272035.9767579262,
0,4959,12107.757864,LoR,8,0.5,6,0.75,10,155.125,19.390625,51571.313456889606,
0,4960,12107.981455,LoR,64,0.5,29,0.453125,3,158.856,2.482125,402880.59626328247,
0,4961,12108.225123,GB,100,0.05,5,0.05,25,327.23,3.2723,305595.4527396632,
0,4962,12108.61149,GB,8,0.5,4,0.5,18,226.504,28.313,35319.464556917315,
0,4963,12108.882045,NB,32,1.0,32,1.0,2,125.083,3.90884375,255830.12879448046,
0,4964,12109.063675,NB,100,1.0,100,1.0,3,146.513,1.46513,682533.2905612472,
0,4965,12109.276877,DT,64,0.1,9,0.140625,5,97.382,1.52159375,657205.6437534657,
0,4966,12109.412922,RF,16,0.0,0,0.0,14,3117.5,194.84375,5132.317562149158,
0,4967,12112.58373,GB,64,0.0,0,0.0,23,301.023,4.703484375,212608.33889769219,
0,4968,12112.928627,MLP,8,0.05,0,0.0,6,187.866,23.48325,42583.54358957981,
0,4969,12113.158068,DT,1,0.05,0,0.0,19,87.531,87.531,11424.523882967176,16.0
0,4970,12113.461379,AB,8,0.1,1,0.125,15,8038.102,1004.76275,995.2598262624684,
0,4971,12121.572961,SGD,64,0.1,7,0.109375,1,166.551,2.602359375,384266.6810766672,
0,4972,12121.77921,SGD,8,1.0,8,1.0,7,145.816,18.227,54863.66379546826,
0,4973,12121.978642,GB,64,0.0,0,0.0,26,284.22,4.4409375,225177.67926254307,
0,4974,12122.304658,RF,16,1.0,16,1.0,9,2980.147,186.2591875,5368.862676908219,
0,4975,12125.340209,LoR,64,0.01,0,0.0,4,176.355,2.755546875,362904.36902838026,
0,4976,12125.56089,LoR,8,0.0,0,0.0,7,149.922,18.74025,53361.081095502996,
0,4977,12125.76052,MLP,64,0.0,0,0.0,10,216.735,3.386484375,295291.48499319446,
0,4978,12126.019856,LoR,16,1.0,16,1.0,15,146.45,9.153125,109252.30454079891,
0,4979,12126.229736,RF,32,0.1,3,0.09375,26,3099.106,96.8470625,10325.558402971696,
0,4980,12129.391026,RF,8,0.5,4,0.5,11,2983.707,372.963375,2681.2284182059434,
0,4981,12132.42786,NB,64,1.0,64,1.0,15,145.851,2.278921875,438803.9848886878,
0,4982,12132.633563,RF,16,0.5,8,0.5,0,3024.208,189.013,5290.641384455037,
0,4983,12135.701552,MLP,16,0.0,0,0.0,18,196.372,12.27325,81478.01112174851,
0,4984,12135.941572,DT,8,0.01,0,0.0,11,91.08,11.385,87834.87044356609,
0,4985,12136.073462,LoR,8,0.01,0,0.0,16,152.775,19.096875,52364.58844706267,
0,4986,12136.304578,SGD,100,0.01,1,0.01,10,168.237,1.68237,594399.5672771151,
0,4987,12136.546711,LoR,64,0.1,3,0.046875,12,157.291,2.457671875,406889.141781793,
0,4988,12136.771746,AB,64,0.1,3,0.046875,26,8886.653,138.853953125,7201.811525666637,
0,4989,12145.705035,NB,32,0.0,0,0.0,1,122.927,3.84146875,260317.09876593424,
0,4990,12145.890771,RF,100,0.0,0,0.0,18,3328.498,33.28498,30043.58121891616,
0,4991,12149.272188,DT,64,0.0,0,0.0,4,99.506,1.55478125,643177.2958414567,
0,4992,12149.417889,MLP,32,0.01,0,0.0,22,202.807,6.33771875,157785.48077729074,
0,4993,12149.667854,LoR,32,0.01,0,0.0,5,156.011,4.87534375,205113.7419797322,
0,4994,12149.916196,LoR,100,0.01,1,0.01,11,172.189,1.72189,580757.1912259203,
0,4995,12150.165132,NB,100,0.01,2,0.02,18,153.618,1.5361799999999999,650965.3816610033,
0,4996,12150.38883,RF,64,0.5,39,0.609375,19,3215.526,50.24259375,19903.431040520278,
0,4997,12153.668431,NB,16,0.5,13,0.8125,2,123.335,7.7084375,129727.9766489642,
0,4998,12153.830655,NB,1,0.5,1,1.0,0,101.996,101.996,9804.306051217694,
0,4999,12153.985548,DT,16,0.0,0,0.0,7,91.213,5.7008125,175413.59236073805,
0,5000,12154.118233,AB,16,0.01,0,0.0,2,8024.873,501.5545625,1993.801023393143,
0,5001,12162.192271,MLP,32,0.01,0,0.0,17,195.198,6.0999375,163936.1059027244,
0,5002,12162.448561,SGD,8,0.1,2,0.25,0,149.643,18.705375,53460.56948871648,
0,5003,12162.637373,GB,8,1.0,8,1.0,12,226.465,28.308125,35325.54699401673,
0,5004,12162.934568,MLP,64,0.1,7,0.109375,11,214.922,3.35815625,297782.4513079164,
0,5005,12163.226835,GB,100,0.5,42,0.42,15,298.467,2.98467,335045.4154060583,
0,5006,12163.604421,RF,100,0.01,3,0.03,20,3432.649,34.32649,29132.020197812246,
0,5007,12167.078676,AB,1,1.0,1,1.0,6,7994.764,7994.764,125.08186608135024,2.0
0,5008,12188.09742,DT,16,1.0,16,1.0,8,95.066,5.941625,168304.12555487765,
0,5009,12188.267514,RF,64,0.5,25,0.390625,9,3358.903,52.482859375,19053.839899514813,
0,5010,12191.702229,SGD,64,0.1,6,0.09375,29,194.757,3.043078125,328614.6325934369,
0,5011,12191.955059,NB,8,0.5,4,0.5,15,118.091,14.761375,67744.36663251222,
0,5012,12192.137206,GB,64,0.5,33,0.515625,7,307.027,4.797296875,208450.72257488756,
0,5013,12192.482942,MLP,1,1.0,1,1.0,13,186.506,186.506,5361.757798676718,
0,5014,12192.853741,NB,64,0.5,34,0.53125,24,131.677,2.057453125,486037.8046279912,
0,5015,12193.025055,NB,8,0.05,0,0.0,21,105.592,13.199,75763.31540268203,
0,5016,12193.189751,DT,32,0.5,17,0.53125,1,95.378,2.9805625,335507.1400113234,
0,5017,12193.322514,DT,1,0.5,1,1.0,22,82.889,82.889,12064.32699151878,4.0
0,5018,12193.607814,RF,100,1.0,100,1.0,20,3323.159,33.231590000000004,30091.849351776425,
0,5019,12196.971746,RF,1,1.0,1,1.0,19,2937.961,2937.961,340.37211521868403,7.49
0,5020,12213.077164,MLP,16,0.5,9,0.5625,12,201.172,12.57325,79533.93116338259,
0,5021,12213.319686,NB,16,1.0,16,1.0,8,114.517,7.1573125,139717.24722093664,
0,5022,12213.478514,MLP,32,0.01,0,0.0,20,187.403,5.85634375,170755.003922029,
0,5023,12213.706234,DT,16,1.0,16,1.0,4,87.779,5.4861875,182275.94299319884,
0,5024,12213.853188,LoR,32,0.5,16,0.5,17,195.442,6.1075625,163731.4395063497,
0,5025,12214.11626,LoR,8,0.5,4,0.5,8,144.136,18.017,55503.13592717989,
0,5026,12214.336538,NB,100,0.01,2,0.02,8,151.91,1.5191,658284.5105654664,
0,5027,12214.52923,LoR,8,0.1,0,0.0,15,146.886,18.36075,54464.00609996868,
0,5028,12214.73209,LoR,8,0.1,1,0.125,8,142.024,17.753,56328.507857826844,
0,5029,12214.921738,MLP,64,0.0,0,0.0,8,237.6,3.7125,269360.26936026936,
0,5030,12215.201667,AB,16,0.01,0,0.0,0,7955.885,497.2428125,2011.0899038887565,
0,5031,12223.200074,MLP,16,1.0,16,1.0,20,178.121,11.1325625,89826.5785617642,
0,5032,12223.448805,LoR,64,0.5,31,0.484375,7,155.074,2.42303125,412706.19188258506,
0,5033,12223.662066,GB,16,0.1,2,0.125,18,245.473,15.3420625,65180.2845934176,
0,5034,12223.975578,MLP,64,0.05,2,0.03125,16,213.338,3.33340625,299993.43764355156,
0,5035,12224.247157,MLP,16,0.1,2,0.125,28,172.077,10.7548125,92981.63031666056,
0,5036,12224.458501,MLP,1,0.05,0,0.0,17,155.289,155.289,6439.606153687641,
0,5037,12224.804835,DT,32,0.1,4,0.125,21,103.277,3.22740625,309846.33558294683,
0,5038,12224.974002,LoR,64,0.5,30,0.46875,27,156.601,2.446890625,408681.93689695466,
0,5039,12225.187379,NB,16,0.1,2,0.125,29,112.95,7.059375,141655.5998229305,
0,5040,12225.335587,AB,8,1.0,8,1.0,20,7801.014,975.12675,1025.5077096387727,
0,5041,12233.187524,GB,64,0.0,0,0.0,24,249.055,3.891484375,256971.35170946177,
0,5042,12233.498175,LoR,16,0.1,5,0.3125,23,155.811,9.7381875,102688.51364794526,
0,5043,12233.694939,NB,8,0.1,0,0.0,29,107.371,13.421375,74508.01426828474,
0,5044,12233.867724,LoR,64,0.05,4,0.0625,22,193.107,3.017296875,331422.4756223234,
0,5045,12234.097783,MLP,1,0.0,0,0.0,6,159.653,159.653,6263.584148121238,
0,5046,12234.448479,DT,100,0.01,1,0.01,3,95.195,0.95195,1050475.3400913915,
0,5047,12234.581191,RF,8,1.0,8,1.0,8,2933.692,366.7115,2726.9392969677797,
0,5048,12237.557392,LoR,1,0.05,0,0.0,1,156.807,156.807,6377.266321018833,
0,5049,12237.86287,LoR,16,1.0,16,1.0,1,152.534,9.533375,104894.64643948236,
0,5050,12238.055343,LoR,1,0.1,0,0.0,20,138.854,138.854,7201.809094444524,
0,5051,12238.373602,GB,100,0.1,12,0.12,18,276.127,2.76127,362152.19808276626,
0,5052,12238.688127,RF,1,0.0,0,0.0,2,2873.529,2873.529,348.00414403334713,8.82
0,5053,12254.431636,AB,32,0.01,2,0.0625,28,7908.158,247.1299375,4046.4543070586096,
0,5054,12262.391476,LoR,64,0.0,0,0.0,17,159.476,2.4918125,401314.3043467356,
0,5055,12262.588854,AB,1,0.0,0,0.0,19,7603.458,7603.458,131.51910617511138,2.0
0,5056,12283.04556,MLP,1,1.0,1,1.0,28,171.16,171.16,5842.486562280907,
0,5057,12283.365331,LoR,8,0.1,0,0.0,9,144.473,18.059125,55373.66843631682,
0,5058,12283.568074,RF,8,0.1,1,0.125,28,2946.004,368.2505,2715.542816642476,
0,5059,12286.557509,RF,16,1.0,16,1.0,15,2959.879,184.9924375,5405.626378645884,
0,5060,12289.557363,GB,1,0.0,0,0.0,6,220.48,220.48,4535.5587808417995,4.0
0,5061,12302.866062,SGD,8,0.01,0,0.0,9,224.469,28.058625,35639.665165345774,
0,5062,12303.149459,DT,8,1.0,8,1.0,24,119.258,14.90725,67081.4536551007,
0,5063,12303.309181,AB,8,0.01,0,0.0,25,7923.339,990.417375,1009.6753401564669,
0,5064,12311.273499,AB,8,0.0,0,0.0,6,7990.519,998.814875,1001.1865311877739,
0,5065,12319.306343,NB,1,0.05,0,0.0,25,108.322,108.322,9231.735012278208,
0,5066,12319.487883,GB,32,0.5,15,0.46875,3,275.57,8.6115625,116122.94516819683,
0,5067,12319.828821,GB,32,0.05,1,0.03125,7,236.646,7.3951875,135223.07581788834,
0,5068,12320.111696,NB,32,0.01,0,0.0,28,123.174,3.8491875,259795.08662542418,
0,5069,12320.291938,SGD,16,0.5,13,0.8125,5,163.02,10.18875,98147.46656851919,
0,5070,12320.51618,LoR,32,0.1,3,0.09375,14,151.903,4.74696875,210660.75061058704,
0,5071,12320.710061,SGD,32,0.0,0,0.0,9,148.457,4.63928125,215550.63082239302,
0,5072,12320.927092,SGD,64,0.1,9,0.140625,18,154.882,2.42003125,413217.80452215235,
0,5073,12321.118916,MLP,8,1.0,8,1.0,17,180.534,22.56675,44312.982596076086,
0,5074,12321.367358,MLP,64,0.05,3,0.046875,14,202.64,3.16625,315831.0303987367,
0,5075,12321.608195,LoR,8,1.0,8,1.0,15,141.816,17.727,56411.12427370677,
0,5076,12321.840217,RF,100,0.0,0,0.0,12,3405.675,34.05675,29362.754813656615,
0,5077,12325.292715,MLP,32,0.0,0,0.0,4,203.693,6.36540625,157099.16393788691,
0,5078,12325.539733,MLP,8,0.01,0,0.0,16,172.918,21.61475,46264.703501081436,
0,5079,12325.752816,DT,1,0.05,0,0.0,26,86.905,86.905,11506.817789540302,16.0
0,5080,12326.087613,MLP,8,0.0,0,0.0,7,177.25,22.15625,45133.99153737658,
0,5081,12326.305412,AB,1,0.05,0,0.0,15,7579.117,7579.117,131.94149133731543,2.0
0,5082,12346.717728,AB,1,0.01,0,0.0,15,8024.919,8024.919,124.61184966477543,2.0
0,5083,12368.538846,DT,16,1.0,16,1.0,5,99.713,6.2320625,160460.52169727118,
0,5084,12368.683077,RF,1,0.05,0,0.0,22,3076.93,3076.93,324.99926875164533,11.89
0,5085,12385.040927,LoR,16,0.05,0,0.0,4,182.375,11.3984375,87731.32282385195,
0,5086,12385.269067,AB,32,0.0,0,0.0,17,8223.954,256.9985625,3891.072347924125,
0,5087,12393.595004,MLP,100,0.01,2,0.02,11,258.89,2.5888999999999998,386264.4366333192,
0,5088,12393.896894,AB,16,1.0,16,1.0,25,8220.384,513.774,1946.3810936326088,
0,5089,12402.18168,NB,8,0.1,2,0.25,22,120.381,15.047625,66455.66991468753,
0,5090,12402.341853,MLP,8,1.0,8,1.0,5,207.264,25.908,38598.116411919094,
0,5091,12402.627803,LoR,32,0.01,1,0.03125,21,157.936,4.9355,202613.71694863742,
0,5092,12402.84787,DT,32,0.1,2,0.0625,19,119.265,3.72703125,268310.065819813,
0,5093,12403.034327,LoR,64,0.5,35,0.546875,22,192.938,3.01465625,331712.7781981777,
0,5094,12403.322874,NB,100,0.0,0,0.0,15,171.207,1.71207,584088.2674189723,
0,5095,12403.569193,GB,32,0.1,3,0.09375,3,326.175,10.19296875,98106.84448532229,
0,5096,12403.977091,LoR,100,0.1,8,0.08,1,235.783,2.35783,424118.7871899162,
0,5097,12404.309217,LoR,100,0.05,4,0.04,5,175.949,1.7594900000000002,568346.5094999119,
0,5098,12404.542995,AB,8,0.01,1,0.125,26,8109.305,1013.663125,986.5210397191868,
0,5099,12412.692929,AB,1,0.0,0,0.0,9,7747.223,7747.223,129.07850980925681,2.0
0,5100,12433.962704,MLP,16,0.1,1,0.0625,7,257.633,16.1020625,62103.8453924769,
0,5101,12434.2633,LoR,1,0.1,0,0.0,26,156.441,156.441,6392.186191599389,
0,5102,12434.596123,DT,8,0.5,5,0.625,10,91.853,11.481625,87095.68549747967,
0,5103,12434.740079,LoR,64,1.0,64,1.0,7,160.412,2.5064375,398972.6454379971,
0,5104,12434.958853,LoR,8,0.1,1,0.125,23,143.934,17.99175,55581.030194394654,
0,5105,12435.141327,AB,8,0.0,0,0.0,21,7996.698,999.58725,1000.4129204329087,
0,5106,12443.179179,SGD,8,1.0,8,1.0,23,152.301,19.037625,52527.560554428404,
0,5107,12443.383552,MLP,32,0.05,0,0.0,27,191.686,5.9901875,166939.68260592845,
0,5108,12443.618441,RF,8,0.01,0,0.0,2,3151.231,393.903875,2538.6904355789848,
0,5109,12446.813835,DT,1,0.01,0,0.0,13,93.44,93.44,10702.054794520549,16.0
0,5110,12447.127187,GB,32,0.01,1,0.03125,23,283.607,8.86271875,112832.19384570901,
0,5111,12447.452545,MLP,1,0.1,0,0.0,22,177.55,177.55,5632.216277105041,
0,5112,12447.78969,AB,32,0.05,0,0.0,29,8243.255,257.60171875,3881.9616765464616,
0,5113,12456.075321,MLP,8,1.0,8,1.0,28,174.003,21.750375,45976.21880082528,
0,5114,12456.291466,RF,1,0.05,0,0.0,26,3121.895,3121.895,320.3182682313146,9.99
0,5115,12472.616526,LoR,1,0.01,0,0.0,27,157.034,157.034,6368.047683941058,
0,5116,12472.952513,GB,32,0.05,2,0.0625,0,252.898,7.9030625,126533.22683453409,
0,5117,12473.249465,DT,8,0.01,0,0.0,5,91.439,11.429875,87490.02066951738,
0,5118,12473.384721,LoR,32,1.0,32,1.0,2,160.555,5.01734375,199308.64812681012,
0,5119,12473.587505,GB,8,0.05,0,0.0,22,212.988,26.6235,37560.80154750503,
0,5120,12473.851807,AB,64,0.0,0,0.0,24,8470.693,132.354578125,7555.462109180442,
0,5121,12482.389846,AB,32,0.1,4,0.125,0,8095.344,252.9795,3952.889463375491,
0,5122,12490.55999,SGD,64,0.05,3,0.046875,3,164.184,2.565375,389806.5584953467,
0,5123,12490.765621,LoR,1,0.01,0,0.0,23,143.88,143.88,6950.236308034473,
0,5124,12491.055589,NB,1,0.05,0,0.0,13,106.567,106.567,9383.76795818593,
0,5125,12491.228487,DT,8,0.1,1,0.125,23,86.583,10.822875,92396.89084462308,
0,5126,12491.355988,LoR,16,0.01,0,0.0,13,150.463,9.4039375,106338.43536284668,
0,5127,12491.566107,SGD,8,0.5,3,0.375,19,146.516,18.3145,54601.54522372984,
0,5128,12491.751979,NB,16,0.0,0,0.0,24,111.552,6.972,143430.8663224326,
0,5129,12491.905002,RF,32,0.0,0,0.0,4,3188.551,99.64221875,10035.906592053883,
0,5130,12495.13918,AB,8,0.05,0,0.0,17,7976.212,997.0265,1002.9823680714604,
0,5131,12503.17893,DT,16,0.5,8,0.5,8,83.145,5.1965625,192434.90288050997,
0,5132,12503.329855,NB,64,0.05,6,0.09375,5,136.41,2.13140625,469173.81423649297,
0,5133,12503.505267,LoR,16,0.0,0,0.0,13,156.572,9.78575,102189.40806785377,
0,5134,12503.716955,MLP,64,0.01,0,0.0,19,214.514,3.35178125,298348.82571766875,
0,5135,12504.001583,MLP,64,0.5,28,0.4375,25,206.117,3.220578125,310503.2578584008,
0,5136,12504.285557,GB,100,0.5,49,0.49,3,303.372,3.03372,329628.31111638516,
0,5137,12504.65215,LoR,16,0.1,1,0.0625,2,161.195,10.0746875,99258.66186916469,
0,5138,12504.853229,RF,1,0.01,0,0.0,11,2951.149,2951.149,338.85107122683405,10.11
0,5139,12520.947854,DT,16,1.0,16,1.0,10,89.269,5.5793125,179233.55252103193,
0,5140,12521.076427,DT,8,0.0,0,0.0,0,85.352,10.669,93729.49667260287,
0,5141,12521.204015,GB,16,0.01,0,0.0,4,225.979,14.1236875,70803.03922045854,
0,5142,12521.480364,RF,64,1.0,64,1.0,16,3177.374,49.64646875,20142.41949484071,
0,5143,12524.703303,GB,8,0.1,0,0.0,5,228.016,28.502,35085.25717493509,
0,5144,12524.977646,SGD,32,1.0,32,1.0,7,168.575,5.26796875,189826.48672697615,
0,5145,12525.207175,RF,16,0.5,7,0.4375,19,3037.174,189.823375,5268.055106490441,
0,5146,12528.289142,RF,8,0.05,0,0.0,17,3051.859,381.482375,2621.3530834812486,
0,5147,12531.410453,AB,32,0.1,4,0.125,15,8202.817,256.33803125,3901.0988542106943,
0,5148,12539.696129,GB,100,0.01,2,0.02,13,275.583,2.7558300000000004,362867.0854152832,
0,5149,12540.036488,NB,32,0.05,2,0.0625,26,129.328,4.0415,247432.88383026104,
0,5150,12540.206108,LoR,8,0.1,0,0.0,18,157.283,19.660375,50863.729710140324,
0,5151,12540.403542,LoR,16,1.0,16,1.0,6,147.217,9.2010625,108683.10045714828,
0,5152,12540.607967,LoR,8,0.5,5,0.625,7,143.928,17.991,55583.34722917014,
0,5153,12540.794435,AB,32,0.0,0,0.0,28,8188.829,255.90090625,3907.7626361473663,
0,5154,12549.045704,SGD,8,0.05,1,0.125,25,152.938,19.11725,52308.77872078882,
0,5155,12549.239316,AB,1,0.1,0,0.0,5,7665.547,7665.547,130.4538345404444,2.0
0,5156,12569.750996,SGD,1,1.0,1,1.0,17,155.861,155.861,6415.973206895888,
0,5157,12570.066208,NB,1,0.0,0,0.0,4,102.33,102.33,9772.30528681716,
0,5158,12570.226075,SGD,64,0.0,0,0.0,23,162.32,2.53625,394282.8979793002,
0,5159,12570.45253,AB,32,0.1,2,0.0625,20,8065.497,252.04678125,3967.5174387889547,
0,5160,12578.561834,SGD,8,0.01,0,0.0,2,149.591,18.698875,53479.15315760975,
0,5161,12578.773275,DT,16,0.5,11,0.6875,14,85.79,5.361875,186501.92330108403,
0,5162,12578.898085,MLP,16,1.0,16,1.0,23,185.458,11.591125,86272.90275965448,
0,5163,12579.127601,MLP,32,0.0,0,0.0,18,184.837,5.77615625,173125.51058500193,
0,5164,12579.353087,MLP,1,0.01,0,0.0,12,156.794,156.794,6377.795068688853,
0,5165,12579.663476,RF,16,0.01,0,0.0,19,3074.16,192.135,5204.673797069769,
0,5166,12582.818458,GB,100,0.01,2,0.02,15,293.044,2.93044,341245.683242107,
0,5167,12583.165368,GB,64,0.01,0,0.0,14,250.999,3.921859375,254981.09554221333,
0,5168,12583.473961,DT,100,0.0,0,0.0,23,98.547,0.98547,1014744.233715892,
0,5169,12583.622443,RF,64,0.01,0,0.0,6,3195.99,49.93734375,20025.093945850895,
0,5170,12586.860983,DT,1,0.1,0,0.0,16,90.753,90.753,11018.919484755324,16.0
0,5171,12587.177828,NB,100,0.5,40,0.4,6,152.442,1.52442,655987.195129951,
0,5172,12587.395348,GB,64,0.05,4,0.0625,18,258.112,4.033,247954.37639474333,
0,5173,12587.691847,NB,1,0.0,0,0.0,23,105.891,105.891,9443.673211132202,
0,5174,12587.879697,DT,100,0.05,4,0.04,13,98.244,0.98244,1017873.8650706405,
0,5175,12588.015364,AB,1,0.5,0,0.0,29,7641.007,7641.007,130.87280249841416,2.0
0,5176,12608.45323,AB,100,0.1,14,0.14,12,8752.833,87.52833000000001,11424.872381319281,
0,5177,12617.257424,NB,64,0.0,0,0.0,21,129.748,2.0273125,493263.8653389648,
0,5178,12617.423987,NB,1,1.0,1,1.0,7,96.686,96.686,10342.759034400016,
0,5179,12617.575773,NB,64,0.0,0,0.0,29,123.587,1.931046875,517853.81957649265,
0,5180,12617.734008,MLP,1,0.0,0,0.0,22,170.758,170.758,5856.240996029468,
0,5181,12618.097138,LoR,64,0.0,0,0.0,25,154.889,2.420140625,413199.12969933305,
0,5182,12618.301278,GB,64,1.0,64,1.0,3,258.429,4.037953125,247650.22501344664,
0,5183,12618.620588,GB,16,0.01,1,0.0625,11,220.709,13.7943125,72493.64547888849,
0,5184,12618.879981,NB,8,0.0,0,0.0,0,110.44,13.805,72437.52263672583,
0,5185,12619.028307,DT,1,0.1,0,0.0,15,84.632,84.632,11815.861612628792,16.0
0,5186,12619.33597,LoR,64,1.0,64,1.0,11,167.879,2.623109375,381226.95512839605,
0,5187,12619.56397,LoR,100,0.0,0,0.0,20,160.265,1.60265,623966.555392631,
0,5188,12619.764925,SGD,8,0.1,0,0.0,27,142.09,17.76125,56302.34358505173,
0,5189,12619.944451,MLP,8,0.0,0,0.0,3,165.988,20.7485,48196.25515097477,
0,5190,12620.149915,SGD,1,0.05,0,0.0,19,138.088,138.088,7241.758878396386,
0,5191,12620.430857,GB,1,0.5,1,1.0,27,199.162,199.162,5021.038149847863,4.0
0,5192,12633.257534,NB,64,0.1,6,0.09375,27,134.593,2.103015625,475507.641556396,
0,5193,12633.434431,AB,32,1.0,32,1.0,25,7988.54,249.641875,4005.7382200001502,
0,5194,12641.467507,DT,16,0.01,0,0.0,16,80.041,5.0025625,199897.55250434153,
0,5195,12641.598364,NB,64,0.05,0,0.0,21,128.36,2.005625,498597.6939856653,
0,5196,12641.774089,AB,64,1.0,64,1.0,21,8077.923,126.217546875,7922.828677619234,
0,5197,12649.930244,DT,100,0.01,1,0.01,21,93.926,0.93926,1064667.9300726103,
0,5198,12650.08024,DT,8,0.5,1,0.125,6,80.422,10.05275,99475.26796150308,
0,5199,12650.213976,AB,100,0.0,0,0.0,7,8399.844,83.99843999999999,11904.982997303285,
0,5200,12658.652325,RF,1,0.0,0,0.0,27,2888.038,2888.038,346.25583181384735,9.06
0,5201,12674.317878,MLP,16,0.0,0,0.0,5,189.706,11.856625,84341.03296680127,
0,5202,12674.553247,AB,32,1.0,32,1.0,11,7977.547,249.29834375,4011.2580972572146,
0,5203,12682.59677,SGD,32,0.5,15,0.46875,8,185.028,5.782125,172946.7972414986,
0,5204,12682.843867,SGD,32,0.5,11,0.34375,5,150.998,4.7186875,211923.33673293688,
0,5205,12683.039328,GB,32,0.01,0,0.0,7,230.019,7.18809375,139118.9423482408,
0,5206,12683.329107,NB,16,0.5,12,0.75,14,117.275,7.3296875,136431.4645065018,
0,5207,12683.540776,GB,1,1.0,1,1.0,17,204.897,204.897,4880.5009346159295,4.0
0,5208,12696.452237,AB,100,0.01,1,0.01,20,8673.584,86.73584000000001,11529.259415715578,
0,5209,12705.170597,GB,16,0.05,0,0.0,1,210.179,13.1361875,76125.58818911499,
0,5210,12705.420928,RF,8,0.0,0,0.0,27,2943.576,367.947,2717.7827241423356,
0,5211,12708.406942,DT,1,0.01,0,0.0,28,91.123,91.123,10974.177759731352,16.0
0,5212,12708.711516,MLP,32,0.5,15,0.46875,20,204.559,6.39246875,156434.08503170236,
0,5213,12708.978992,AB,32,0.5,16,0.5,5,8135.536,254.2355,3933.3609979723524,
0,5214,12717.182292,MLP,100,0.0,0,0.0,24,232.402,2.32402,430288.8959647507,
0,5215,12717.462259,GB,32,0.05,0,0.0,20,231.17,7.2240625,138426.26638404638,
0,5216,12717.733119,RF,8,1.0,8,1.0,13,2916.11,364.51375,2743.3807366663123,
0,5217,12720.696097,GB,32,1.0,32,1.0,28,242.043,7.56384375,132207.91346992063,
0,5218,12720.981017,RF,8,0.1,0,0.0,23,2939.06,367.3825,2721.9587214959884,
0,5219,12723.965764,MLP,16,0.01,0,0.0,11,192.531,12.0331875,83103.5002155497,
0,5220,12724.236019,NB,100,0.05,6,0.06,3,171.469,1.71469,583195.7963247001,
0,5221,12724.444987,RF,8,0.0,0,0.0,13,2908.902,363.61275,2750.17858972217,
0,5222,12727.395136,NB,8,1.0,8,1.0,15,118.385,14.798125,67576.12873252523,
0,5223,12727.555836,LoR,16,0.01,0,0.0,6,159.415,9.9634375,100366.9667220776,
0,5224,12727.75665,DT,8,0.5,8,1.0,16,86.913,10.864125,92046.06905756332,
0,5225,12727.897252,LoR,100,1.0,100,1.0,27,166.186,1.6618600000000001,601735.4049077539,
0,5226,12728.124691,GB,32,0.1,6,0.1875,9,235.021,7.34440625,136158.04545125755,
0,5227,12728.404919,LoR,32,1.0,32,1.0,11,156.524,4.891375,204441.49140067978,
0,5228,12728.620062,NB,16,0.5,6,0.375,7,112.893,7.0558125,141727.12214220545,
0,5229,12728.789997,AB,100,0.0,0,0.0,26,8530.679,85.30679,11722.396306319813,
0,5230,12737.414933,LoR,100,0.05,5,0.05,10,167.247,1.6724700000000001,597918.0493521558,
0,5231,12737.623945,MLP,8,0.01,0,0.0,13,170.79,21.34875,46841.14995023128,
0,5232,12737.869991,RF,100,0.1,8,0.08,7,3364.296,33.642959999999995,29723.900631811233,
0,5233,12741.281516,LoR,8,0.0,0,0.0,6,162.435,20.304375,49250.469418536646,
0,5234,12741.514618,SGD,64,0.5,32,0.5,25,162.394,2.53740625,394103.2304149168,
0,5235,12741.735421,GB,16,0.5,8,0.5,28,226.927,14.1829375,70507.25563727542,
0,5236,12742.026862,MLP,16,0.1,1,0.0625,14,187.113,11.6945625,85509.82561339939,
0,5237,12742.256575,RF,1,0.1,0,0.0,14,2891.784,2891.784,345.8072940440918,11.37
0,5238,12758.555014,RF,16,0.1,2,0.125,26,3159.081,197.4425625,5064.764088036995,
0,5239,12761.764712,DT,32,0.0,0,0.0,18,99.164,3.098875,322697.75321689324,
0,5240,12761.929829,DT,32,0.01,1,0.03125,19,125.234,3.9135625,255521.66344602904,
0,5241,12762.117181,GB,100,0.01,0,0.0,6,317.65,3.1765,314811.89988981583,
0,5242,12762.506165,SGD,64,0.5,32,0.5,22,190.917,2.983078125,335224.2073780753,
0,5243,12762.755836,GB,8,0.01,1,0.125,27,232.471,29.058875,34412.89451157349,
0,5244,12763.039689,MLP,1,0.0,0,0.0,25,179.046,179.046,5585.156887056958,
0,5245,12763.397621,AB,16,0.5,8,0.5,21,8979.743,561.2339375,1781.7881870338604,
0,5246,12772.451871,GB,1,0.01,0,0.0,26,272.377,272.377,3671.3819448778713,4.0
0,5247,12785.910752,LoR,1,0.01,0,0.0,21,222.972,222.972,4484.868055181816,
0,5248,12786.295087,RF,1,0.01,0,0.0,7,3017.184,3017.184,331.4348743729252,9.99
0,5249,12802.42079,SGD,1,0.5,1,1.0,22,160.557,160.557,6228.317669114396,
0,5250,12802.746832,GB,64,1.0,64,1.0,15,287.341,4.489703125,222731.8760636317,
0,5251,12803.07655,GB,1,0.05,0,0.0,10,212.032,212.032,4716.269242378508,4.0
0,5252,12816.179987,DT,8,0.0,0,0.0,6,92.138,11.51725,86826.28231565695,
0,5253,12816.343451,SGD,64,0.1,8,0.125,5,171.01,2.67203125,374247.120051459,
0,5254,12816.592251,RF,100,0.5,49,0.49,1,3467.488,34.67488,28839.321145451693,
0,5255,12820.100859,SGD,1,0.0,0,0.0,15,163.566,163.566,6113.740019319418,
0,5256,12820.418885,AB,1,0.5,0,0.0,7,7825.199,7825.199,127.79227723154389,2.0
0,5257,12841.211831,DT,16,0.01,0,0.0,13,91.029,5.6893125,175768.16179459295,
0,5258,12841.380408,LoR,100,0.5,52,0.52,7,174.504,1.74504,573052.7666987577,
0,5259,12841.623153,LoR,64,0.05,2,0.03125,28,159.373,2.490203125,401573.6668067992,
0,5260,12841.822458,MLP,16,1.0,16,1.0,17,230.227,14.3891875,69496.62724180917,
0,5261,12842.11195,LoR,8,0.01,1,0.125,17,147.144,18.393,54368.5097591475,
0,5262,12842.30767,MLP,64,0.0,0,0.0,25,205.043,3.203796875,312129.65085372335,
0,5263,12842.555565,SGD,16,0.01,0,0.0,18,148.321,9.2700625,107874.13784966391,
0,5264,12842.761896,GB,16,0.5,11,0.6875,20,235.996,14.74975,67797.75928405566,
0,5265,12843.07466,AB,100,0.05,6,0.06,25,8717.759,87.17759,11470.837860968628,
0,5266,12851.853936,MLP,8,0.1,2,0.25,0,177.235,22.154375,45137.81138037069,
0,5267,12852.098957,AB,32,0.1,1,0.03125,16,8179.187,255.59959375,3912.369285602591,
0,5268,12860.350848,AB,64,0.5,43,0.671875,17,8452.861,132.075953125,7571.400972996006,
0,5269,12868.883898,MLP,100,0.05,6,0.06,0,236.233,2.36233,423310.88374613196,
0,5270,12869.160358,NB,8,0.0,0,0.0,27,115.956,14.4945,68991.68650177654,
0,5271,12869.316041,GB,8,0.01,0,0.0,25,221.797,27.724625,36069.018066069424,
0,5272,12869.615198,RF,100,0.01,1,0.01,17,3471.002,34.71002,28810.124569216612,
0,5273,12873.175661,GB,100,0.0,0,0.0,24,293.869,2.9386900000000002,340287.67920399905,
0,5274,12873.530778,LoR,100,0.01,0,0.0,2,179.983,1.79983,555608.0296472445,
0,5275,12873.770556,MLP,8,0.5,3,0.375,12,204.913,25.614125,39040.95884594925,
0,5276,12874.045517,SGD,100,0.0,0,0.0,26,169.513,1.69513,589925.2564700053,
0,5277,12874.288574,NB,64,0.1,5,0.078125,7,134.588,2.1029375,475525.3068624246,
0,5278,12874.461364,LoR,1,0.01,0,0.0,4,147.26,147.26,6790.7103082982485,
0,5279,12874.77069,AB,64,0.01,0,0.0,4,8727.63,136.36921875,7333.033137289276,
0,5280,12883.600124,SGD,64,0.01,1,0.015625,17,184.032,2.8755,347765.6059815684,
0,5281,12883.822646,NB,1,0.0,0,0.0,22,109.134,109.134,9163.047262997783,
0,5282,12883.985584,RF,16,0.01,0,0.0,17,3154.963,197.1851875,5071.374846551291,
0,5283,12887.206033,SGD,16,0.1,3,0.1875,26,170.83,10.676875,93660.36410466545,
0,5284,12887.415125,LoR,1,1.0,1,1.0,16,149.342,149.342,6696.039961966492,
0,5285,12887.747514,LoR,16,0.05,1,0.0625,13,149.421,9.3388125,107079.9954491002,
0,5286,12887.939386,GB,16,0.05,0,0.0,11,260.731,16.2956875,61365.9288692177,
0,5287,12888.254338,SGD,64,0.01,0,0.0,4,164.422,2.56909375,389242.3155052244,
0,5288,12888.482136,SGD,32,0.5,12,0.375,0,153.313,4.79103125,208723.3307025497,
0,5289,12888.67377,AB,1,0.01,0,0.0,21,7837.535,7837.535,127.59113675409424,2.0
0,5290,12909.539396,MLP,1,0.05,0,0.0,19,183.047,183.047,5463.0777887646345,
0,5291,12909.877019,GB,16,0.1,0,0.0,3,277.638,17.352375,57628.99891225265,
0,5292,12910.215318,AB,100,0.0,0,0.0,24,8801.9,88.01899999999999,11361.183380860952,
0,5293,12919.079213,AB,8,0.5,3,0.375,9,7949.568,993.696,1006.3439925289022,
0,5294,12927.074606,SGD,32,1.0,32,1.0,19,156.249,4.88278125,204801.31072838866,
0,5295,12927.292995,RF,16,0.1,1,0.0625,2,3122.145,195.1340625,5124.6819093924205,
0,5296,12930.484423,DT,32,0.01,1,0.03125,13,98.166,3.0676875,325978.44467534585,
0,5297,12930.65757,DT,100,0.5,46,0.46,28,98.025,0.9802500000000001,1020147.92144861,
0,5298,12930.796281,MLP,16,0.01,0,0.0,3,203.273,12.7045625,78711.88008245069,
0,5299,12931.043328,AB,16,0.01,0,0.0,26,8075.769,504.7355625,1981.2354711978512,
0,5300,12939.162644,GB,16,1.0,16,1.0,8,230.757,14.4223125,69337.00819476765,
0,5301,12939.456006,NB,16,0.1,2,0.125,26,121.782,7.611375,131382.3060879276,
0,5302,12939.617833,GB,16,1.0,16,1.0,4,225.066,14.066625,71090.2579687736,
0,5303,12939.90301,SGD,8,0.1,1,0.125,26,157.943,19.742875,50651.18428800263,
0,5304,12940.117924,LoR,100,1.0,100,1.0,7,168.189,1.6818899999999999,594569.2048826023,
0,5305,12940.323277,AB,1,1.0,1,1.0,22,7796.822,7796.822,128.25738486783462,2.0
0,5306,12961.163421,NB,8,0.01,0,0.0,26,115.455,14.431875,69291.06578320557,
0,5307,12961.325704,GB,32,0.0,0,0.0,11,233.974,7.3116875,136767.3331224837,
0,5308,12961.601884,SGD,16,1.0,16,1.0,6,160.988,10.06175,99386.28966134122,
0,5309,12961.803488,DT,1,0.05,0,0.0,21,86.406,86.406,11573.270374742495,16.0
0,5310,12962.101913,SGD,8,0.1,1,0.125,8,158.551,19.818875,50456.95076032318,
0,5311,12962.297748,GB,1,1.0,1,1.0,12,203.283,203.283,4919.2505029933645,4.0
0,5312,12975.397364,DT,32,0.01,1,0.03125,22,92.945,2.90453125,344289.6336543117,
0,5313,12975.557747,DT,64,0.05,4,0.0625,20,91.301,1.426578125,700978.0834821087,
0,5314,12975.696144,GB,64,1.0,64,1.0,9,257.144,4.017875,248887.78272096568,
0,5315,12976.012745,RF,8,0.1,3,0.375,10,3068.001,383.500125,2607.561079673703,
0,5316,12979.12344,AB,8,1.0,8,1.0,8,7910.218,988.77725,1011.3501296677285,
0,5317,12987.076641,SGD,16,0.0,0,0.0,13,152.621,9.5388125,104834.85234666264,
0,5318,12987.267426,AB,1,0.0,0,0.0,17,7551.033,7551.033,132.43221159277147,2.0
0,5319,13008.283452,NB,16,0.05,0,0.0,2,134.404,8.40025,119044.07606916461,
0,5320,13008.492312,LoR,64,0.05,5,0.078125,18,184.245,2.878828125,347363.56481858395,
0,5321,13008.716324,DT,1,0.01,0,0.0,21,87.272,87.272,11458.428820240168,16.0
0,5322,13009.016418,NB,64,0.01,1,0.015625,1,136.216,2.128375,469842.015622247,
0,5323,13009.193975,NB,32,1.0,32,1.0,3,113.736,3.55425,281353.30941830203,
0,5324,13009.344322,GB,1,0.5,0,0.0,19,248.666,248.666,4021.458502569712,4.0
0,5325,13022.608693,MLP,8,0.1,1,0.125,17,201.611,25.201375,39680.37458273606,
0,5326,13022.869429,LoR,8,0.5,2,0.25,27,148.678,18.58475,53807.55727141877,
0,5327,13023.071023,AB,64,1.0,64,1.0,8,8301.391,129.709234375,7709.551327000499,
0,5328,13031.413706,LoR,1,0.5,0,0.0,17,143.975,143.975,6945.650286508075,
0,5329,13031.708831,SGD,1,0.05,0,0.0,21,141.883,141.883,7048.060726091216,
0,5330,13031.994604,MLP,1,0.05,0,0.0,13,157.503,157.503,6349.0854142460785,
0,5331,13032.33074,MLP,100,0.1,6,0.06,11,228.422,2.28422,437786.20273003477,
0,5332,13032.600548,NB,8,0.01,0,0.0,19,107.87,13.48375,74163.34476684898,
0,5333,13032.743611,LoR,1,0.0,0,0.0,29,140.852,140.852,7099.650697185698,
0,5334,13033.028797,LoR,16,0.0,0,0.0,22,140.291,8.7681875,114048.65600786936,
0,5335,13033.20893,DT,16,0.0,0,0.0,15,85.114,5.319625,187983.17550579223,
0,5336,13033.343824,MLP,64,0.01,0,0.0,13,203.131,3.173921875,315067.6164642521,
0,5337,13033.615248,LoR,64,0.01,1,0.015625,7,152.157,2.377453125,420618.1772774174,
0,5338,13033.805569,AB,1,0.05,0,0.0,10,7615.506,7615.506,131.31103829476334,2.0
0,5339,13054.939448,NB,64,0.1,3,0.046875,1,156.019,2.437796875,410206.4492145187,
0,5340,13055.172945,AB,100,0.5,50,0.5,28,8670.687,86.70687,11533.111505466637,
0,5341,13063.916118,LoR,64,0.05,5,0.078125,23,174.965,2.733828125,365787.4432029263,
0,5342,13064.135151,RF,32,0.0,0,0.0,2,3214.361,100.44878125,9955.322379782483,
0,5343,13067.416068,LoR,32,0.5,17,0.53125,6,170.25,5.3203125,187958.88399412628,
0,5344,13067.625625,DT,8,0.0,0,0.0,14,88.163,11.020375,90741.01380397673,
0,5345,13067.75199,RF,1,0.5,0,0.0,22,2935.073,2935.073,340.7070284112184,9.34
0,5346,13084.095579,RF,100,0.1,11,0.11,1,3551.399,35.51399,28157.917485475442,
0,5347,13087.692447,RF,8,1.0,8,1.0,28,3007.942,375.99275,2659.6257507624814,
0,5348,13090.785759,LoR,100,0.5,39,0.39,19,200.612,2.00612,498474.6675173968,
0,5349,13091.050719,AB,32,0.01,3,0.09375,22,8222.923,256.96634375,3891.5602152665174,
0,5350,13099.335416,MLP,8,0.5,3,0.375,10,196.517,24.564625,40708.946299811214,
0,5351,13099.572736,MLP,1,0.5,1,1.0,7,163.12,163.12,6130.456105934281,
0,5352,13099.895828,RF,32,0.0,0,0.0,16,3158.938,98.7168125,10129.98672338615,
0,5353,13103.110876,DT,64,0.01,0,0.0,29,104.226,1.62853125,614050.2369850134,
0,5354,13103.267676,RF,64,0.01,0,0.0,9,3369.19,52.64359375,18995.663646158275,
0,5355,13106.788446,AB,100,0.01,1,0.01,19,9022.568,90.22568,11083.319072796126,
0,5356,13115.865825,MLP,8,0.01,0,0.0,12,209.501,26.187625,38185.97524594155,
0,5357,13116.124662,LoR,16,0.0,0,0.0,16,155.405,9.7128125,102956.79032206172,
0,5358,13116.31991,RF,8,1.0,8,1.0,3,3096.547,387.068375,2583.5228724124,
0,5359,13119.46079,MLP,1,0.05,0,0.0,6,181.998,181.998,5494.565874350268,
0,5360,13119.802985,DT,16,1.0,16,1.0,16,90.898,5.681125,176021.47461990363,
0,5361,13119.933609,LoR,1,0.01,0,0.0,24,147.487,147.487,6780.258599062969,
0,5362,13120.225905,GB,8,0.0,0,0.0,10,254.265,31.783125,31463.237173814723,
0,5363,13120.521637,GB,1,0.5,1,1.0,16,210.879,210.879,4742.055870902271,4.0
0,5364,13133.624454,RF,8,0.01,0,0.0,0,3034.939,379.367375,2635.967312687339,
0,5365,13136.723804,NB,100,0.0,0,0.0,24,166.414,1.66414,600910.9810472677,
0,5366,13136.949037,SGD,8,0.5,5,0.625,29,163.853,20.481625,48824.25100547442,
0,5367,13137.173663,MLP,100,0.0,0,0.0,22,240.557,2.40557,415701.89185930986,
0,5368,13137.476235,GB,16,0.05,1,0.0625,29,230.996,14.43725,69265.26866266082,
0,5369,13137.765541,SGD,8,0.5,5,0.625,4,158.082,19.76025,50606.6471831075,
0,5370,13137.96431,AB,8,0.5,0,0.0,28,8614.725,1076.840625,928.6425277649605,
0,5371,13146.631719,MLP,64,0.0,0,0.0,15,214.915,3.358046875,297792.15038503596,
0,5372,13146.905152,MLP,100,1.0,100,1.0,2,225.501,2.25501,443457.01349439693,
0,5373,13147.192599,GB,16,0.05,2,0.125,9,225.488,14.093,70957.21280068118,
0,5374,13147.459231,DT,1,0.5,1,1.0,16,88.455,88.455,11305.183426601097,11.0
0,5375,13147.791265,RF,100,0.0,0,0.0,16,3510.588,35.10588,28485.25660088851,
0,5376,13151.346626,AB,16,1.0,16,1.0,3,8136.405,508.5253125,1966.470449787099,
0,5377,13159.527504,AB,8,0.01,0,0.0,16,7894.039,986.754875,1013.4229131627042,
0,5378,13167.462607,LoR,8,0.0,0,0.0,27,153.632,19.204,52072.484898979375,
0,5379,13167.663612,NB,32,0.01,0,0.0,5,121.881,3.80878125,262551.176967698,
0,5380,13167.846811,LoR,32,0.5,15,0.46875,12,156.156,4.879875,204923.28184635876,
0,5381,13168.046243,LoR,32,0.0,0,0.0,19,149.464,4.67075,214098.3782047851,
0,5382,13168.263989,RF,64,0.5,33,0.515625,18,3338.659,52.166546875,19169.373092609938,
0,5383,13171.656509,DT,64,1.0,64,1.0,6,98.621,1.540953125,648949.0068038248,
0,5384,13171.832118,RF,100,0.05,6,0.06,28,3384.1,33.841,29549.954197570994,
0,5385,13175.325761,RF,100,0.5,52,0.52,25,3713.385,37.13385,26929.60735285999,
0,5386,13179.139002,GB,8,0.5,5,0.625,16,331.631,41.453875,24123.197167936654,
0,5387,13179.540291,NB,32,0.05,2,0.0625,17,143.624,4.48825,222803.98819138863,
0,5388,13179.756654,MLP,64,0.1,6,0.09375,17,263.915,4.123671875,242502.32082299225,
0,5389,13180.060655,SGD,1,0.0,0,0.0,9,159.122,159.122,6284.486117570165,
0,5390,13180.381457,GB,1,0.1,0,0.0,14,223.992,223.992,4464.4451587556705,4.0
0,5391,13193.553528,RF,8,0.5,7,0.875,17,3103.746,387.96825,2577.530506684503,
0,5392,13196.702837,RF,8,0.05,0,0.0,0,3025.69,378.21125,2644.024999256368,
0,5393,13199.79629,LoR,32,0.01,2,0.0625,2,172.649,5.39528125,185347.1494187629,
0,5394,13200.009726,SGD,1,0.5,0,0.0,0,149.862,149.862,6672.8056478627,
0,5395,13200.329884,GB,100,1.0,100,1.0,28,290.394,2.90394,344359.7319503846,
0,5396,13200.6641,NB,8,0.01,0,0.0,25,119.24,14.905,67091.58000670916,
0,5397,13200.823369,DT,1,0.05,0,0.0,20,90.669,90.669,11029.127926854824,16.0
0,5398,13201.113072,LoR,64,1.0,64,1.0,9,168.645,2.635078125,379495.3897239764,
0,5399,13201.332021,GB,64,1.0,64,1.0,10,256.881,4.013765625,249142.5991023081,
0,5400,13201.653554,MLP,32,0.5,14,0.4375,6,209.587,6.54959375,152681.22545768582,
0,5401,13201.921557,MLP,100,1.0,100,1.0,22,270.087,2.70087,370251.06724870135,
0,5402,13202.262368,NB,64,0.1,6,0.09375,9,134.825,2.106640625,474689.41220100137,
0,5403,13202.444857,NB,64,0.0,0,0.0,5,128.428,2.0066875,498333.6967016539,
0,5404,13202.630134,GB,16,0.05,1,0.0625,28,229.827,14.3641875,69617.58192031397,
0,5405,13202.929475,SGD,64,0.05,6,0.09375,29,169.459,2.647796875,377672.4753480193,
0,5406,13203.144549,RF,32,0.01,0,0.0,11,3179.241,99.35128125,10065.295458884684,
0,5407,13206.377035,MLP,64,1.0,64,1.0,8,227.021,3.547203125,281912.2460036737,
0,5408,13206.646902,MLP,1,0.1,0,0.0,4,170.062,170.062,5880.208394585504,
0,5409,13206.985667,MLP,64,0.01,0,0.0,9,204.243,3.191296875,313352.2323898494,
0,5410,13207.261272,NB,64,0.5,30,0.46875,20,135.55,2.11796875,472150.49797122827,
0,5411,13207.472813,DT,100,0.1,13,0.13,24,100.87,1.0087000000000002,991375.0371765639,
0,5412,13207.612571,LoR,8,0.1,0,0.0,0,153.443,19.180375,52136.62402325293,
0,5413,13207.814598,SGD,64,1.0,64,1.0,1,158.572,2.4776875,403602.1491814444,
0,5414,13208.015745,SGD,32,1.0,32,1.0,18,149.58,4.674375,213932.3438962428,
0,5415,13208.222043,DT,8,0.5,2,0.25,17,86.408,10.801,92584.01999814832,
0,5416,13208.346271,LoR,1,0.1,0,0.0,18,143.072,143.072,6989.4878103332585,
0,5417,13208.674423,DT,100,0.05,4,0.04,23,94.79,0.9479000000000001,1054963.6037556704,
0,5418,13208.827066,NB,16,0.1,1,0.0625,23,114.637,7.1648125,139570.99365824298,
0,5419,13208.99153,AB,64,0.01,0,0.0,1,8506.566,132.91509375,7523.600004984384,
0,5420,13217.540019,GB,1,0.05,0,0.0,0,213.92,213.92,4674.644727000748,4.0
0,5421,13230.672091,AB,64,0.1,7,0.109375,9,8381.215,130.956484375,7636.124356671437,
0,5422,13239.118517,SGD,16,0.05,1,0.0625,14,156.899,9.8061875,101976.43069745506,
0,5423,13239.332686,MLP,100,0.0,0,0.0,26,238.029,2.38029,420116.8765150465,
0,5424,13239.631811,NB,100,0.01,0,0.0,5,148.44,1.4844,673672.8644570197,
0,5425,13239.823572,AB,32,0.0,0,0.0,20,8087.341,252.72940625,3956.801129073202,
0,5426,13247.970054,RF,100,1.0,100,1.0,26,3369.049,33.69049,29681.96663212675,
0,5427,13251.383701,NB,16,0.0,0,0.0,25,124.973,7.8108125,128027.65397325823,
0,5428,13251.548924,LoR,1,0.1,0,0.0,21,155.912,155.912,6413.874493303915,
0,5429,13251.854328,RF,1,0.1,0,0.0,9,2962.976,2962.976,337.498515006534,9.98
0,5430,13267.886327,MLP,64,0.1,5,0.078125,22,228.836,3.5755625,279676.2747120208,
0,5431,13268.163226,NB,32,0.01,0,0.0,4,123.869,3.87090625,258337.43713116276,
0,5432,13268.363035,SGD,100,0.5,53,0.53,13,174.163,1.74163,574174.7673156755,
0,5433,13268.613508,MLP,100,0.01,1,0.01,1,235.318,2.35318,424956.86687801185,
0,5434,13268.908588,MLP,16,0.05,1,0.0625,3,179.308,11.20675,89231.93610993375,
0,5435,13269.136731,RF,64,0.0,0,0.0,20,3332.196,52.0655625,19206.553275977763,
0,5436,13272.52872,LoR,100,1.0,100,1.0,9,181.638,1.81638,550545.5906803642,
0,5437,13272.755394,AB,1,0.01,0,0.0,29,7734.178,7734.178,129.29622255913944,2.0
0,5438,13293.135246,LoR,64,0.01,0,0.0,12,165.637,2.588078125,386387.09950071544,
0,5439,13293.363897,LoR,32,0.05,3,0.09375,6,150.97,4.7178125,211962.64158442075,
0,5440,13293.571062,AB,100,1.0,100,1.0,9,8572.385,85.72385,11665.365006354707,
0,5441,13302.184856,SGD,1,0.01,0,0.0,4,145.236,145.236,6885.345231209893,
0,5442,13302.488634,DT,64,1.0,64,1.0,26,88.771,1.387046875,720956.1681179665,
0,5443,13302.633996,LoR,8,0.5,5,0.625,6,146.441,18.305125,54629.50949529162,
0,5444,13302.854005,DT,100,0.1,16,0.16,11,92.957,0.9295699999999999,1075766.2144862679,
0,5445,13302.993201,MLP,64,1.0,64,1.0,23,222.815,3.481484375,287233.80382828804,
0,5446,13303.25622,AB,8,0.0,0,0.0,22,8428.14,1053.5175,949.2011286001419,
0,5447,13311.736016,RF,1,0.05,1,1.0,4,3097.304,3097.304,322.86143045693933,7.49
0,5448,13327.749415,MLP,64,1.0,64,1.0,26,245.952,3.843,260213.37496747333,
0,5449,13328.061447,GB,32,0.05,2,0.0625,17,273.021,8.53190625,117207.10128524911,
0,5450,13328.394935,GB,16,0.5,12,0.75,12,227.904,14.244,70204.99859590003,
0,5451,13328.66547,SGD,8,0.01,0,0.0,17,160.027,20.003375,49991.5639235879,
0,5452,13328.893836,LoR,64,0.1,8,0.125,23,159.034,2.48490625,402429.66912735644,
0,5453,13329.108158,AB,8,0.5,4,0.5,23,7782.263,972.782875,1027.9786226705523,
0,5454,13336.931787,SGD,1,0.05,0,0.0,12,144.523,144.523,6919.313880835576,
0,5455,13337.228245,RF,8,0.05,0,0.0,15,3030.094,378.76175,2640.1821197626214,
0,5456,13340.32539,NB,32,0.5,18,0.5625,22,133.138,4.1605625,240352.11584971982,
0,5457,13340.516172,LoR,16,0.5,4,0.25,17,158.223,9.8889375,101123.09841173532,
0,5458,13340.723076,GB,64,0.0,0,0.0,8,250.96,3.92125,255020.72043353523,
0,5459,13341.0145,LoR,1,0.05,0,0.0,4,149.771,149.771,6676.860006276249,
0,5460,13341.327706,AB,100,0.0,0,0.0,13,9036.234,90.36234,11066.55715201709,
0,5461,13350.433869,MLP,64,0.0,0,0.0,7,247.922,3.87378125,258145.70711756116,
0,5462,13350.725558,MLP,8,0.0,0,0.0,1,171.116,21.3895,46751.91098436148,
0,5463,13350.957476,AB,8,0.5,5,0.625,15,7930.422,991.30275,1008.7735558082534,
0,5464,13358.931723,LoR,8,0.05,0,0.0,9,149.82,18.7275,53397.410225604064,
0,5465,13359.131116,DT,64,0.0,0,0.0,16,87.945,1.374140625,727727.5569958497,
0,5466,13359.255839,DT,1,0.0,0,0.0,25,84.803,84.803,11792.035659115834,16.0
0,5467,13359.548887,RF,16,0.0,0,0.0,2,3517.201,219.8250625,4549.071832971729,
0,5468,13363.122839,LoR,1,1.0,1,1.0,7,229.292,229.292,4361.2511557315565,
0,5469,13363.51422,LoR,1,0.01,1,1.0,26,142.69,142.69,7008.199593524424,
0,5470,13363.801295,SGD,16,1.0,16,1.0,4,201.34,12.58375,79467.56729909606,
0,5471,13364.043392,MLP,1,0.01,0,0.0,9,165.812,165.812,6030.926591561527,
0,5472,13364.375896,DT,32,0.5,16,0.5,13,94.727,2.96021875,337812.8727817834,
0,5473,13364.53805,MLP,64,0.1,6,0.09375,28,213.537,3.336515625,299713.86691767705,
0,5474,13364.814036,NB,32,0.1,5,0.15625,2,126.67,3.9584375,252624.93092287044,
0,5475,13364.996529,GB,16,0.1,3,0.1875,29,271.362,16.960125,58961.829585572035,
0,5476,13365.308905,MLP,8,0.01,0,0.0,24,177.976,22.247,44949.88088281566,
0,5477,13365.551207,DT,100,0.0,0,0.0,2,97.765,0.97765,1022860.9420549276,
0,5478,13365.688786,RF,16,1.0,16,1.0,2,3547.057,221.6910625,4510.781755128266,
0,5479,13369.33176,LoR,100,0.0,0,0.0,27,241.997,2.41997,413228.2631602871,
0,5480,13369.668817,MLP,100,0.05,3,0.03,29,267.126,2.6712599999999997,374355.17321413866,
0,5481,13370.010203,GB,64,1.0,64,1.0,27,315.247,4.925734375,203015.41331083246,
0,5482,13370.37756,MLP,64,0.0,0,0.0,27,222.273,3.473015625,287934.2070336928,
0,5483,13370.647921,GB,32,0.01,0,0.0,20,255.895,7.99671875,125051.29056839719,
0,5484,13370.975692,RF,64,0.5,41,0.640625,11,3372.672,52.698,18976.052222095714,
0,5485,13374.390179,SGD,8,1.0,8,1.0,11,166.127,20.765875,48155.92889777098,
0,5486,13374.597026,NB,1,0.01,0,0.0,12,110.295,110.295,9066.594133913595,
0,5487,13374.763594,GB,16,0.0,0,0.0,3,222.303,13.8939375,71973.83751006509,
0,5488,13375.024207,RF,1,1.0,1,1.0,15,3035.507,3035.507,329.4342592522435,7.88
0,5489,13391.193311,SGD,1,0.05,0,0.0,10,158.429,158.429,6311.975711517462,
0,5490,13391.507426,DT,8,0.0,0,0.0,9,87.974,10.99675,90935.95835133106,
0,5491,13391.654519,NB,16,0.5,7,0.4375,4,116.9,7.30625,136869.11890504704,
0,5492,13391.810058,RF,8,0.05,0,0.0,7,3016.555,377.069375,2652.0318707930073,
0,5493,13394.867746,SGD,1,0.0,0,0.0,3,161.693,161.693,6184.559628431657,
0,5494,13395.20685,DT,16,0.05,2,0.125,14,90.802,5.675125,176207.57252042906,
0,5495,13395.358805,LoR,32,0.01,1,0.03125,8,159.298,4.9780625,200881.36699770243,
0,5496,13395.557874,DT,8,0.05,0,0.0,22,86.624,10.828,92353.15847801995,
0,5497,13395.685852,NB,32,0.0,0,0.0,14,122.487,3.82771875,261252.21452072466,
0,5498,13395.845095,AB,8,1.0,8,1.0,1,8061.998,1007.74975,992.3098467650327,
0,5499,13403.97327,DT,32,0.5,14,0.4375,22,84.535,2.64171875,378541.4325427338,
0,5500,13404.13466,NB,100,0.05,4,0.04,21,148.536,1.48536,673237.4643184143,
0,5501,13404.339076,MLP,16,0.5,11,0.6875,23,189.585,11.8490625,84394.86246274758,
0,5502,13404.586179,MLP,8,0.1,1,0.125,8,172.375,21.546875,46410.44234952865,
0,5503,13404.825752,LoR,64,0.01,1,0.015625,22,159.0,2.484375,402515.72327044024,
0,5504,13405.057616,AB,100,0.5,57,0.57,2,8763.402,87.63402,11411.093545634447,
0,5505,13413.888121,GB,32,0.05,1,0.03125,27,282.866,8.8395625,113127.77074657258,
0,5506,13414.218033,AB,8,0.01,0,0.0,11,8054.393,1006.799125,993.2467909127355,
0,5507,13422.336344,DT,16,0.05,1,0.0625,7,81.89,5.118125,195384.05177677373,
0,5508,13422.460562,AB,16,0.01,0,0.0,12,8064.967,504.0604375,1983.889084729051,
0,5509,13430.567653,LoR,1,0.1,0,0.0,28,146.53,146.53,6824.541049614413,
0,5510,13430.88691,RF,16,0.01,1,0.0625,4,3436.121,214.7575625,4656.413438292772,
0,5511,13434.407997,LoR,100,1.0,100,1.0,12,220.398,2.20398,453724.6254503217,
0,5512,13434.673481,NB,16,1.0,16,1.0,3,125.691,7.8556875,127296.30602031967,
0,5513,13434.869062,LoR,64,0.05,3,0.046875,27,165.566,2.58696875,386552.7946559076,
0,5514,13435.08402,MLP,64,0.0,0,0.0,20,227.102,3.54846875,281811.6969467464,
0,5515,13435.362037,DT,64,0.0,0,0.0,1,101.774,1.59021875,628844.3020810816,
0,5516,13435.500504,SGD,1,0.0,0,0.0,14,150.144,150.144,6660.272804774083,
0,5517,13435.841002,DT,64,0.05,2,0.03125,0,94.518,1.47684375,677119.7020673311,
0,5518,13435.978128,NB,32,1.0,32,1.0,27,120.131,3.75409375,266375.87300530256,
0,5519,13436.156139,LoR,16,0.05,1,0.0625,26,152.739,9.5461875,104753.86116185127,
0,5520,13436.369661,GB,32,0.1,4,0.125,0,276.811,8.65034375,115602.34239246274,
0,5521,13436.707844,AB,16,0.05,2,0.125,8,8353.321,522.0825625,1915.4058607349102,
0,5522,13445.161228,AB,16,0.5,7,0.4375,25,8007.343,500.4589375,1998.1659334438402,
0,5523,13453.235705,AB,100,0.0,0,0.0,5,8755.987,87.55986999999999,11420.75702031079,
0,5524,13462.048209,AB,16,0.0,0,0.0,0,8011.439,500.7149375,1997.1443332464992,
0,5525,13470.127606,RF,32,0.1,4,0.125,12,3250.054,101.5641875,9845.990251238902,
0,5526,13473.468848,DT,100,0.01,4,0.04,14,107.844,1.0784399999999998,927265.3091502541,
0,5527,13473.61865,GB,16,0.05,0,0.0,22,269.57,16.848125,59353.785658641544,
0,5528,13473.930088,NB,1,0.5,0,0.0,23,157.445,157.445,6351.424306900823,
0,5529,13474.154782,DT,100,0.0,0,0.0,21,99.483,0.99483,1005196.8678065599,
0,5530,13474.29641,LoR,32,0.0,0,0.0,20,176.828,5.525875,180966.81521026083,
0,5531,13474.542741,GB,64,0.01,1,0.015625,27,267.02,4.1721875,239682.42079245002,
0,5532,13474.878911,LoR,64,0.1,3,0.046875,27,173.865,2.716640625,368101.68809133524,
0,5533,13475.098253,GB,32,0.01,0,0.0,12,230.876,7.214875,138602.5398915435,
0,5534,13475.371544,RF,8,0.01,0,0.0,18,3034.018,379.25225,2636.767481274007,
0,5535,13478.449316,SGD,1,0.5,1,1.0,5,164.043,164.043,6095.962643940918,
0,5536,13478.768462,AB,1,0.0,0,0.0,12,7800.607,7800.607,128.19515199265902,2.0
0,5537,13499.916949,GB,16,0.01,0,0.0,0,283.006,17.687875,56535.90383242759,
0,5538,13500.279886,AB,64,0.5,30,0.46875,4,8469.524,132.3363125,7556.50494644091,
0,5539,13508.821034,LoR,100,1.0,100,1.0,18,185.781,1.85781,538268.1759706321,
0,5540,13509.052384,DT,32,0.0,0,0.0,14,88.229,2.75715625,362692.53873442975,
0,5541,13509.199385,DT,8,0.1,1,0.125,16,83.285,10.410625,96055.71231314163,
0,5542,13509.319822,DT,1,0.1,0,0.0,21,80.019,80.019,12497.031954910708,16.0
0,5543,13509.587474,DT,1,0.01,0,0.0,17,84.887,84.887,11780.366840623417,16.0
0,5544,13509.876208,AB,32,0.5,11,0.34375,26,8327.929,260.24778125,3842.4919328683036,
0,5545,13518.24654,NB,1,0.05,0,0.0,27,110.158,110.158,9077.86996859057,
0,5546,13518.43578,RF,64,0.1,6,0.09375,18,3390.973,52.983953125,18873.63892310555,
0,5547,13521.869576,SGD,8,0.0,0,0.0,18,178.499,22.312375,44818.17825309946,
0,5548,13522.119622,NB,64,0.5,34,0.53125,7,139.219,2.175296875,459707.36752885743,
0,5549,13522.302658,GB,32,0.05,0,0.0,28,267.525,8.36015625,119614.98925334081,
0,5550,13522.631619,MLP,16,0.1,6,0.375,3,204.635,12.7896875,78187.99325628558,
0,5551,13522.87755,SGD,1,0.5,0,0.0,14,148.468,148.468,6735.458145863082,
0,5552,13523.189562,GB,64,0.0,0,0.0,18,261.339,4.083421875,244892.64901143726,
0,5553,13523.502609,MLP,64,1.0,64,1.0,17,223.796,3.4968125,285974.72698350286,
0,5554,13523.777446,RF,64,1.0,64,1.0,15,3217.151,50.267984375,19893.377712143447,
0,5555,13527.037618,LoR,8,0.0,0,0.0,3,164.2,20.525,48721.071863581004,
0,5556,13527.267519,DT,32,0.05,2,0.0625,9,96.837,3.02615625,330452.20318679843,
0,5557,13527.412808,NB,64,0.0,0,0.0,28,135.349,2.114828125,472851.6649550422,
0,5558,13527.608419,MLP,32,0.5,16,0.5,7,197.094,6.1591875,162359.07739454272,
0,5559,13527.868778,AB,32,0.1,1,0.03125,8,8152.496,254.7655,3925.178252157376,
0,5560,13536.085474,GB,16,0.1,1,0.0625,6,221.61,13.850625,72198.90799151662,
0,5561,13536.346334,NB,1,1.0,1,1.0,8,105.986,105.986,9435.20842375408,
0,5562,13536.504031,GB,32,1.0,32,1.0,17,231.47,7.2334375,138246.85704410938,
0,5563,13536.789136,DT,64,0.01,0,0.0,13,96.007,1.500109375,666618.0590998572,
0,5564,13536.934244,GB,64,0.0,0,0.0,27,253.252,3.9570625,252712.7130289198,
0,5565,13537.238874,MLP,64,0.0,0,0.0,13,222.545,3.477265625,287582.2867285268,
0,5566,13537.523273,MLP,16,0.5,9,0.5625,14,179.135,11.1959375,89318.11203840679,
0,5567,13537.769922,RF,32,0.1,5,0.15625,18,3175.638,99.2386875,10076.715293115903,
0,5568,13540.989041,DT,1,0.5,1,1.0,21,93.585,93.585,10685.473099321473,11.0
0,5569,13541.303145,AB,16,0.5,10,0.625,28,8158.238,509.889875,1961.2078000176018,
0,5570,13549.52117,RF,100,0.0,0,0.0,26,3455.26,34.552600000000005,28941.382124644744,
0,5571,13553.021007,NB,1,0.5,1,1.0,5,114.445,114.445,8737.821661059897,
0,5572,13553.203578,RF,8,0.5,3,0.375,3,3072.325,384.040625,2603.8911898969022,
0,5573,13556.340728,GB,8,0.1,1,0.125,10,236.401,29.550125,33840.80439592049,
0,5574,13556.617902,DT,8,1.0,8,1.0,9,91.069,11.383625,87845.47980102999,
0,5575,13556.765384,AB,8,0.5,2,0.25,11,7999.616,999.952,1000.0480023041106,
0,5576,13564.847329,MLP,100,0.05,5,0.05,8,258.833,2.5883300000000005,386349.4994842234,
0,5577,13565.191456,DT,100,0.5,53,0.53,5,99.189,0.9918899999999999,1008176.3098730707,
0,5578,13565.329683,MLP,1,0.01,0,0.0,25,169.234,169.234,5908.978101327156,
0,5579,13565.656619,GB,1,0.05,0,0.0,21,217.371,217.371,4600.429680132124,4.0
0,5580,13579.619173,SGD,8,0.1,0,0.0,9,207.052,25.8815,38637.63692212584,
0,5581,13579.908986,RF,64,0.1,5,0.078125,25,3530.773,55.168328125,18126.342305211918,
0,5582,13583.518724,NB,8,1.0,8,1.0,10,168.267,21.033375,47543.487433661976,
0,5583,13583.73205,RF,1,1.0,1,1.0,14,3137.256,3137.256,318.7498884375391,7.9
0,5584,13600.636654,DT,1,1.0,1,1.0,10,97.056,97.056,10303.330036267722,11.0
0,5585,13600.948562,RF,8,0.01,0,0.0,17,3153.697,394.212125,2536.705333454672,
0,5586,13604.162592,LoR,64,0.01,0,0.0,19,199.485,3.116953125,320826.12727774016,
0,5587,13604.408367,AB,16,0.0,0,0.0,19,8381.231,523.8269375,1909.0274447751171,
0,5588,13612.868077,SGD,16,0.1,3,0.1875,20,178.163,11.1351875,89805.40291755302,
0,5589,13613.108274,NB,8,0.1,3,0.375,3,125.187,15.648375,63904.399019067474,
0,5590,13613.305947,DT,64,0.5,27,0.421875,22,100.675,1.573046875,635708.9644896946,
0,5591,13613.443858,AB,1,1.0,1,1.0,19,8140.921,8140.921,122.83622455002326,2.0
0,5592,13635.327297,AB,100,0.5,47,0.47,25,9146.057,91.46057,10933.673385153841,
0,5593,13644.552217,LoR,32,0.01,0,0.0,20,189.318,5.9161875,169027.77337601283,
0,5594,13644.812217,SGD,16,0.5,8,0.5,0,163.95,10.246875,97590.72888075633,
0,5595,13645.04162,AB,32,0.05,3,0.09375,22,8592.721,268.52253125,3724.08227847733,
0,5596,13653.724295,AB,100,1.0,100,1.0,3,9142.938,91.42938,10937.40327233981,
0,5597,13662.959218,MLP,16,0.5,9,0.5625,15,228.449,14.2780625,70037.51384335234,
0,5598,13663.23294,DT,1,0.5,1,1.0,4,88.766,88.766,11265.57465696325,4.0
0,5599,13663.566945,RF,32,0.1,6,0.1875,7,3568.195,111.50609375,8968.11973560862,
0,5600,13667.253703,MLP,100,0.01,2,0.02,14,362.257,3.62257,276047.11572171137,
0,5601,13667.724165,AB,100,0.5,48,0.48,21,9443.109,94.43109,10589.732682318927,
0,5602,13677.284856,SGD,100,1.0,100,1.0,9,196.598,1.96598,508652.1734707372,
0,5603,13677.552688,MLP,32,0.1,2,0.0625,2,217.503,6.79696875,147124.40747943707,
0,5604,13677.812029,GB,1,0.5,1,1.0,9,383.955,383.955,2604.4718782148952,4.0
0,5605,13691.32819,AB,100,1.0,100,1.0,24,8962.912,89.62912,11157.088232038872,
0,5606,13700.383826,NB,16,0.1,1,0.0625,8,132.044,8.25275,121171.73063524278,
0,5607,13700.599961,MLP,64,0.05,5,0.078125,15,268.074,4.18865625,238740.0493893477,
0,5608,13700.935235,RF,32,0.1,2,0.0625,5,3300.658,103.1455625,9695.036565436347,
0,5609,13704.353348,SGD,64,0.01,1,0.015625,6,241.65,3.77578125,264845.8514380302,
0,5610,13704.647497,SGD,32,0.01,0,0.0,17,163.575,5.11171875,195628.91639920528,
0,5611,13704.876373,RF,32,0.1,1,0.03125,20,3318.541,103.70440625,9642.791817247398,
0,5612,13708.262426,DT,1,0.01,0,0.0,11,126.503,126.503,7904.9508707303385,16.0
0,5613,13708.62908,GB,32,0.01,0,0.0,27,297.215,9.28796875,107666.167589119,
0,5614,13708.976238,RF,32,0.01,0,0.0,0,3329.543,104.04821875,9610.92858689616,
0,5615,13712.372616,DT,8,0.0,0,0.0,18,126.418,15.80225,63282.12754512807,
0,5616,13712.543381,LoR,8,0.0,0,0.0,10,192.799,24.099875,41493.991151406386,
0,5617,13712.784606,SGD,32,0.0,0,0.0,28,165.356,5.167375,193521.85587459785,
0,5618,13712.994816,AB,8,0.05,0,0.0,7,8240.691,1030.086375,970.792376513086,
0,5619,13721.343492,GB,64,0.5,36,0.5625,5,331.828,5.1848125,192871.00546066035,
0,5620,13721.725879,GB,32,1.0,32,1.0,3,266.672,8.3335,119997.60004799903,
0,5621,13722.055879,DT,8,0.5,4,0.5,25,95.8,11.975,83507.30688935283,
0,5622,13722.191915,AB,16,0.0,0,0.0,20,8250.277,515.6423125,1939.328824959453,
0,5623,13730.484739,SGD,8,0.0,0,0.0,26,174.207,21.775875,45922.379697715936,
0,5624,13730.707088,SGD,8,1.0,8,1.0,13,151.303,18.912875,52874.03422271865,
0,5625,13730.898919,RF,8,1.0,8,1.0,20,3139.908,392.4885,2547.845350882892,
0,5626,13734.086761,GB,32,1.0,32,1.0,22,269.347,8.41709375,118805.85267331733,
0,5627,13734.441139,RF,100,0.5,50,0.5,7,3555.871,35.55871,28122.505006508953,
0,5628,13738.065586,AB,16,0.05,1,0.0625,24,8303.505,518.9690625,1926.8971356071925,
0,5629,13746.432636,AB,8,1.0,8,1.0,7,8134.036,1016.7545,983.5215875612058,
0,5630,13754.680346,GB,64,0.1,4,0.0625,17,314.628,4.9160625,203414.82639815912,
0,5631,13755.056865,SGD,64,0.01,0,0.0,28,205.328,3.20825,311696.40769890125,
0,5632,13755.309491,RF,32,1.0,32,1.0,7,3240.079,101.25246875,9876.302398799535,
0,5633,13758.630059,SGD,64,0.0,0,0.0,11,227.318,3.55184375,281543.91645184276,
0,5634,13758.925242,GB,8,0.5,2,0.25,7,280.352,35.044,28535.555301906177,
0,5635,13759.269063,MLP,16,0.05,2,0.125,22,216.246,13.515375,73989.80790396122,
0,5636,13759.551028,RF,32,0.05,1,0.03125,21,3310.012,103.437875,9667.638667170995,
0,5637,13762.958128,SGD,100,1.0,100,1.0,21,251.888,2.5188800000000002,397001.8420885473,
0,5638,13763.280544,MLP,100,1.0,100,1.0,0,271.944,2.71944,367722.76645191654,
0,5639,13763.599089,MLP,1,0.1,0,0.0,27,176.126,176.126,5677.753426524193,
0,5640,13763.962334,LoR,8,0.05,1,0.125,13,158.433,19.804125,50494.530811131524,
0,5641,13764.202065,DT,100,0.1,9,0.09,19,115.058,1.1505800000000002,869126.8751412331,
0,5642,13764.35913,AB,16,0.01,0,0.0,14,8243.588,515.22425,1940.9024322904056,
0,5643,13772.668335,GB,1,0.1,0,0.0,9,266.643,266.643,3750.3328420397315,4.0
0,5644,13786.202103,RF,1,1.0,1,1.0,24,3151.694,3151.694,317.28968611800514,6.9
0,5645,13802.777221,AB,1,0.05,1,1.0,25,7983.378,7983.378,125.26025950418483,2.0
0,5646,13824.020566,NB,32,1.0,32,1.0,20,149.947,4.68584375,213408.7377540064,
0,5647,13824.255487,LoR,64,0.5,29,0.453125,11,196.48,3.07,325732.8990228013,
0,5648,13824.493145,AB,1,0.1,0,0.0,0,7925.845,7925.845,126.16951252516293,2.0
0,5649,13845.568783,GB,1,1.0,1,1.0,18,276.159,276.159,3621.102335973117,4.0
0,5650,13858.916684,MLP,32,0.05,1,0.03125,14,259.507,8.10959375,123310.73920934695,
0,5651,13859.221457,AB,1,0.5,0,0.0,16,8034.152,8034.152,124.4686433614898,2.0
0,5652,13880.47079,LoR,16,0.0,0,0.0,5,199.163,12.4476875,80336.20702640551,
0,5653,13880.758484,MLP,64,0.1,5,0.078125,0,250.107,3.907921875,255890.47887504147,
0,5654,13881.070871,LoR,8,0.1,2,0.25,22,159.864,19.983,50042.53615573237,
0,5655,13881.305882,GB,64,0.05,1,0.015625,20,324.614,5.07209375,197157.23905931355,
0,5656,13881.672354,MLP,1,1.0,1,1.0,18,187.672,187.672,5328.445372778038,
0,5657,13882.033832,RF,8,0.0,0,0.0,17,3232.049,404.006125,2475.2099983632675,
0,5658,13885.3523,GB,32,1.0,32,1.0,7,348.567,10.89271875,91804.44505647407,
0,5659,13885.777672,DT,32,0.1,1,0.03125,1,102.249,3.19528125,312961.4959559507,
0,5660,13885.940095,LoR,100,1.0,100,1.0,11,217.725,2.17725,459294.9822023194,
0,5661,13886.20674,NB,32,0.01,0,0.0,18,133.417,4.16928125,239849.49444223748,
0,5662,13886.380012,SGD,1,0.5,0,0.0,4,161.229,161.229,6202.358136563521,
0,5663,13886.700986,RF,1,1.0,1,1.0,1,3110.044,3110.044,321.5388592572967,6.85
0,5664,13903.173075,LoR,64,0.5,28,0.4375,1,211.741,3.308453125,302256.05810872716,
0,5665,13903.434755,MLP,32,1.0,32,1.0,25,225.645,7.05140625,141815.68392829443,
0,5666,13903.734319,LoR,64,0.5,30,0.46875,10,169.572,2.6495625,377420.8006038733,
0,5667,13903.975473,SGD,32,0.05,2,0.0625,0,161.638,5.0511875,197973.24886474715,
0,5668,13904.177719,LoR,1,0.5,1,1.0,20,145.516,145.516,6872.096539212183,
0,5669,13904.515066,MLP,64,0.05,3,0.046875,27,226.202,3.53440625,282932.9537316204,
0,5670,13904.801216,SGD,8,0.5,4,0.5,15,151.517,18.939625,52799.35584785866,
0,5671,13904.993812,MLP,16,1.0,16,1.0,3,178.51,11.156875,89630.83300655425,
0,5672,13905.211479,SGD,1,0.0,0,0.0,6,145.194,145.194,6887.336942297891,
0,5673,13905.546814,LoR,64,0.05,6,0.09375,13,162.039,2.531859375,394966.6438326576,
0,5674,13905.749619,AB,1,0.05,0,0.0,21,7982.436,7982.436,125.27504135329116,2.0
0,5675,13927.049253,GB,32,1.0,32,1.0,26,312.672,9.771,102343.67004400777,
0,5676,13927.463887,NB,100,0.5,43,0.43,8,201.602,2.01602,496026.82513070304,
0,5677,13927.711128,NB,1,0.01,0,0.0,28,106.445,106.445,9394.522993095026,
0,5678,13927.869535,RF,1,0.5,1,1.0,0,3130.296,3130.296,319.45860710935966,7.88
0,5679,13944.355713,RF,8,0.0,0,0.0,14,3182.3,397.7875,2513.905037237218,
0,5680,13947.62572,GB,64,0.5,30,0.46875,27,330.669,5.166703125,193547.02134158328,
0,5681,13948.021228,DT,16,0.1,2,0.125,24,98.548,6.15925,162357.42988188498,
0,5682,13948.183025,MLP,32,0.05,1,0.03125,22,238.432,7.451,134210.17313112336,
0,5683,13948.492997,NB,64,0.1,7,0.109375,14,147.912,2.311125,432689.70739358536,
0,5684,13948.67846,NB,8,0.0,0,0.0,25,109.613,13.701625,72984.04386341036,
0,5685,13948.844088,AB,8,0.5,2,0.25,27,8200.667,1025.083375,975.5304050268107,
0,5686,13957.119599,DT,16,1.0,16,1.0,14,95.821,5.9888125,166978.01108316547,
0,5687,13957.260014,SGD,1,0.0,0,0.0,29,181.784,181.784,5501.034194428553,
0,5688,13957.638788,SGD,8,0.5,4,0.5,13,155.765,19.470625,51359.41963855809,
0,5689,13957.87752,MLP,64,0.01,1,0.015625,14,262.924,4.1081875,243416.34845050282,
0,5690,13958.185497,SGD,1,0.5,1,1.0,27,154.134,154.134,6487.86121167296,
0,5691,13958.50514,AB,16,1.0,16,1.0,13,8368.883,523.0551875,1911.8441493327127,
0,5692,13966.970119,LoR,8,0.5,3,0.375,21,185.247,23.155875,43185.58465184321,
0,5693,13967.238792,RF,64,0.1,6,0.09375,9,3464.691,54.135796875,18472.065762863123,
0,5694,13970.77262,LoR,32,0.0,0,0.0,14,211.162,6.5988125,151542.4176698459,
0,5695,13971.07483,LoR,100,0.5,61,0.61,21,177.493,1.77493,563402.5003802967,
0,5696,13971.355914,RF,100,0.01,1,0.01,2,3516.541,35.16541,28437.03514334114,
0,5697,13974.921121,RF,16,0.05,0,0.0,16,3124.466,195.279125,5120.875055129421,
0,5698,13978.10989,NB,100,0.01,0,0.0,19,170.697,1.70697,585833.3772708366,
0,5699,13978.351787,GB,64,0.05,4,0.0625,8,314.338,4.91153125,203602.49158549076,
0,5700,13978.710924,SGD,8,0.01,0,0.0,15,167.621,20.952625,47726.71681949159,
0,5701,13978.947716,AB,32,0.05,3,0.09375,14,8362.696,261.33425,3826.517190150162,
0,5702,13987.37826,AB,16,0.1,4,0.25,15,8154.908,509.68175,1962.0086455910966,
0,5703,13995.57388,AB,1,1.0,1,1.0,2,7863.179,7863.179,127.17502679259877,2.0
0,5704,14016.757445,NB,64,0.01,1,0.015625,5,161.199,2.518734375,397024.79543917766,
0,5705,14016.963294,GB,16,0.01,0,0.0,28,281.473,17.5920625,56843.81805714935,
0,5706,14017.286818,MLP,8,0.0,0,0.0,25,220.287,27.535875,36316.2601515296,
0,5707,14017.574344,LoR,100,0.01,0,0.0,0,181.499,1.8149899999999999,550967.2229599061,
0,5708,14017.836524,NB,100,0.05,4,0.04,25,155.72,1.5572,642178.2686873876,
0,5709,14018.048925,NB,100,0.0,0,0.0,3,145.98,1.4598,685025.3459377998,
0,5710,14018.249091,RF,100,1.0,100,1.0,8,3466.127,34.66127,28850.645114850093,
0,5711,14021.782621,DT,16,0.1,3,0.1875,19,98.714,6.169625,162084.40545414024,
0,5712,14021.942486,MLP,16,0.5,9,0.5625,13,209.156,13.07225,76497.92499378455,
0,5713,14022.222952,NB,64,0.5,30,0.46875,18,138.936,2.170875,460643.74964012206,
0,5714,14022.401332,RF,16,0.0,0,0.0,29,3158.772,197.42325,5065.259537567131,
0,5715,14025.611068,MLP,32,0.05,0,0.0,10,213.263,6.66446875,150049.46943445416,
0,5716,14025.888388,LoR,16,0.5,6,0.375,20,166.857,10.4285625,95890.49305692899,
0,5717,14026.136469,RF,100,0.1,8,0.08,6,3521.127,35.21127,28399.99806880013,
0,5718,14029.699951,GB,1,0.0,0,0.0,15,249.046,249.046,4015.32247054761,4.0
0,5719,14043.002658,MLP,32,1.0,32,1.0,27,211.422,6.6069375,151356.05566118946,
0,5720,14043.259203,GB,8,0.01,0,0.0,23,229.296,28.662,34889.400600097695,
0,5721,14043.534982,SGD,16,0.05,0,0.0,9,165.281,10.3300625,96804.8354015283,
0,5722,14043.752019,RF,64,1.0,64,1.0,0,3271.707,51.120421875,19561.653901159243,
0,5723,14047.06826,AB,8,0.0,0,0.0,23,8231.155,1028.894375,971.9170638871458,
0,5724,14055.392275,LoR,16,0.1,1,0.0625,19,184.573,11.5358125,86686.56845800848,
0,5725,14055.620678,LoR,1,0.5,1,1.0,25,147.797,147.797,6766.037199672524,
0,5726,14055.962254,SGD,32,0.5,20,0.625,22,157.11,4.9096875,203678.95105340207,
0,5727,14056.205664,GB,100,0.05,6,0.06,9,334.741,3.34741,298738.4276201601,
0,5728,14056.583346,DT,1,0.05,1,1.0,8,92.823,92.823,10773.191989054438,4.0
0,5729,14056.905776,RF,64,1.0,64,1.0,25,3355.364,52.4275625,19073.936538628896,
0,5730,14060.328057,DT,16,0.1,2,0.125,4,98.998,6.187375,161619.42665508392,
0,5731,14060.489817,GB,32,0.5,17,0.53125,23,276.188,8.630875,115863.10773820731,
0,5732,14060.811537,GB,32,1.0,32,1.0,24,243.148,7.598375,131607.0870416372,
0,5733,14061.097024,LoR,16,1.0,16,1.0,5,164.742,10.296375,97121.55977224995,
0,5734,14061.302242,MLP,8,0.0,0,0.0,4,194.121,24.265125,41211.40937868649,
0,5735,14061.558578,GB,16,0.1,2,0.125,16,227.176,14.1985,70429.97499735888,
0,5736,14061.828116,AB,16,0.0,0,0.0,28,8260.382,516.273875,1936.9564264703497,
0,5737,14070.157749,NB,32,0.05,2,0.0625,25,129.869,4.05840625,246402.14369865018,
0,5738,14070.347821,AB,16,0.05,1,0.0625,27,8227.305,514.2065625,1944.7437526626277,
0,5739,14078.63812,DT,8,0.5,5,0.625,20,84.055,10.506875,95175.77776455891,
0,5740,14078.771965,SGD,64,1.0,64,1.0,5,166.327,2.598859375,384784.190179586,
0,5741,14079.021878,DT,100,0.1,13,0.13,8,97.755,0.9775499999999999,1022965.577208327,
0,5742,14079.159117,GB,16,0.0,0,0.0,6,222.927,13.9329375,71772.37391612501,
0,5743,14079.461025,GB,100,0.5,47,0.47,10,307.058,3.07058,325671.37153241405,
0,5744,14079.810944,RF,16,0.0,0,0.0,18,3222.094,201.380875,4965.714842583736,
0,5745,14083.087048,GB,64,0.0,0,0.0,6,352.757,5.511828125,181428.00851577715,
0,5746,14083.499561,RF,100,0.0,0,0.0,5,3937.774,39.377739999999996,25395.05822324999,
0,5747,14087.528041,NB,32,1.0,32,1.0,14,185.34,5.791875,172655.65986835005,
0,5748,14087.75911,SGD,1,1.0,1,1.0,3,202.59,202.59,4936.077792586011,
0,5749,14088.151815,MLP,16,0.5,6,0.375,5,205.722,12.857625,77774.86122048201,
0,5750,14088.423394,RF,100,0.01,0,0.0,29,3624.092,36.24092,27593.118496991796,
0,5751,14092.123047,RF,64,0.05,4,0.0625,19,3337.333,52.145828125,19176.98953026264,
0,5752,14095.508775,RF,32,1.0,32,1.0,20,3094.803,96.71259375,10339.915012361045,
0,5753,14098.687824,DT,100,0.05,2,0.02,14,104.448,1.0444799999999999,957414.2156862746,
0,5754,14098.851263,NB,8,0.5,1,0.125,2,120.336,15.042,66480.52120728626,
0,5755,14099.010488,NB,8,0.01,0,0.0,1,106.935,13.366875,74811.80156169635,
0,5756,14099.182488,LoR,64,0.1,5,0.078125,21,171.678,2.68246875,372790.92254103615,
0,5757,14099.420359,RF,32,0.1,4,0.125,19,3150.105,98.44078125,10158.391545678636,
0,5758,14102.645359,LoR,64,0.05,3,0.046875,1,176.258,2.75403125,363104.08605566836,
0,5759,14102.918608,AB,100,0.1,12,0.12,5,8758.976,87.58976000000001,11416.859687707785,
0,5760,14111.747639,RF,32,0.1,4,0.125,21,3158.177,98.69303125,10132.42766317404,
0,5761,14114.981945,LoR,100,0.0,0,0.0,23,196.636,1.9663599999999999,508553.8761976444,
0,5762,14115.263729,LoR,100,0.1,11,0.11,12,170.338,1.70338,587068.064671418,
0,5763,14115.494789,AB,16,0.1,3,0.1875,25,8144.601,509.0375625,1964.49156932304,
0,5764,14123.679441,DT,1,1.0,1,1.0,27,80.179,80.179,12472.093690367801,11.0
0,5765,14123.996816,GB,64,0.05,4,0.0625,15,301.315,4.708046875,212402.30323747575,
0,5766,14124.343943,MLP,32,1.0,32,1.0,19,215.332,6.729125,148607.73131722177,
0,5767,14124.607352,LoR,16,0.01,0,0.0,12,151.505,9.4690625,105607.07567407016,
0,5768,14124.802915,AB,32,0.0,0,0.0,24,8113.824,253.557,3943.886384521035,
0,5769,14132.961323,NB,8,0.05,0,0.0,18,113.674,14.20925,70376.69123986135,
0,5770,14133.124206,LoR,64,0.0,0,0.0,22,159.779,2.496546875,400553.26419617096,
0,5771,14133.347056,LoR,32,0.5,11,0.34375,13,150.367,4.69896875,212812.6517121443,
0,5772,14133.53658,SGD,16,1.0,16,1.0,26,150.716,9.41975,106159.92993444623,
0,5773,14133.729239,AB,16,0.01,0,0.0,15,8045.705,502.8565625,1988.6386587626566,
0,5774,14141.823655,DT,32,0.05,0,0.0,6,82.82,2.588125,386380.10142477666,
0,5775,14141.958134,LoR,64,0.01,0,0.0,0,197.561,3.086890625,323950.5772900522,
0,5776,14142.20673,SGD,64,1.0,64,1.0,4,155.745,2.433515625,410928.11968281487,
0,5777,14142.407248,RF,32,0.0,0,0.0,6,3402.33,106.3228125,9405.319295894284,
0,5778,14145.892779,SGD,100,0.1,11,0.11,26,219.237,2.19237,456127.38725671306,
0,5779,14146.174407,AB,16,0.5,8,0.5,6,8066.581,504.1613125,1983.4921387388288,
0,5780,14154.283274,DT,1,0.5,0,0.0,28,79.494,79.494,12579.565753390192,16.0
0,5781,14154.562351,GB,32,0.0,0,0.0,18,255.269,7.97715625,125357.95572513701,
0,5782,14154.875743,SGD,100,0.0,0,0.0,4,177.1,1.771,564652.7385657821,
0,5783,14155.114021,SGD,16,0.5,9,0.5625,9,152.535,9.5334375,104893.95876356246,
0,5784,14155.303498,RF,1,1.0,1,1.0,17,2951.819,2951.819,338.7741592556996,7.92
0,5785,14171.287754,AB,8,0.5,6,0.75,2,8151.98,1018.9975,981.3566765374793,
0,5786,14179.497571,LoR,16,1.0,16,1.0,24,187.315,11.7071875,85417.6120438833,
0,5787,14179.746541,AB,8,0.05,0,0.0,0,8388.751,1048.593875,953.6580594655867,
0,5788,14188.215521,RF,100,0.0,0,0.0,14,3570.502,35.70502,28007.266205144264,
0,5789,14191.877152,MLP,100,0.1,12,0.12,23,283.987,2.8398700000000003,352128.79462792305,
0,5790,14192.213265,LoR,64,1.0,64,1.0,17,172.262,2.69159375,371527.0924521949,
0,5791,14192.427653,AB,8,0.01,0,0.0,23,8022.788,1002.8485,997.1595909053063,
0,5792,14200.494282,NB,8,0.01,0,0.0,22,117.681,14.710125,67980.38765816062,
0,5793,14200.649417,NB,1,1.0,1,1.0,3,98.258,98.258,10177.288363288486,
0,5794,14200.826177,NB,64,0.5,34,0.53125,15,126.825,1.981640625,504632.3674354425,
0,5795,14201.018518,MLP,64,0.1,11,0.171875,6,220.112,3.43925,290761.06709311623,
0,5796,14201.287934,DT,64,0.0,0,0.0,19,99.391,1.552984375,643921.48182431,
0,5797,14201.462873,RF,100,0.5,58,0.58,26,3477.955,34.77955,28752.528425468416,
0,5798,14205.003772,MLP,8,0.5,4,0.5,25,191.292,23.9115,41820.881165966166,
0,5799,14205.235879,LoR,8,1.0,8,1.0,23,152.462,19.05775,52472.09140638323,
0,5800,14205.458927,AB,64,0.1,6,0.09375,23,8419.024,131.54725,7601.831281155631,
0,5801,14213.939538,LoR,8,0.5,2,0.25,20,191.149,23.893625,41852.16768070981,
0,5802,14214.174919,GB,32,1.0,32,1.0,12,271.116,8.472375,118030.6584635359,
0,5803,14214.525486,RF,100,0.05,5,0.05,8,3525.659,35.25659,28363.491761398363,
0,5804,14218.098344,GB,16,0.01,0,0.0,12,251.927,15.7454375,63510.46136380777,
0,5805,14218.391733,RF,8,0.0,0,0.0,15,3019.708,377.4635,2649.262776400897,
0,5806,14221.456148,AB,8,0.01,0,0.0,20,8030.826,1003.85325,996.1615405438993,
0,5807,14229.529664,AB,1,0.05,0,0.0,5,7701.748,7701.748,129.84065435534896,2.0
0,5808,14250.139468,NB,64,0.1,7,0.109375,15,142.034,2.21928125,450596.3360885422,
0,5809,14250.326373,NB,32,0.01,0,0.0,24,117.285,3.66515625,272839.66406616365,
0,5810,14250.509177,NB,64,0.05,2,0.03125,28,128.373,2.005828125,498547.2022933172,
0,5811,14250.683424,DT,64,0.0,0,0.0,2,95.646,1.49446875,669134.0986554587,
0,5812,14250.819949,GB,32,0.0,0,0.0,8,238.199,7.44371875,134341.45399434926,
0,5813,14251.116765,GB,8,0.5,5,0.625,9,219.394,27.42425,36464.078324840244,
0,5814,14251.398629,NB,32,0.5,14,0.4375,15,122.903,3.84071875,260367.93243452153,
0,5815,14251.595053,MLP,100,0.1,11,0.11,26,251.888,2.5188800000000002,397001.8420885473,
0,5816,14251.893184,LoR,32,0.01,0,0.0,10,155.659,4.86434375,205577.57662582956,
0,5817,14252.125662,NB,100,0.1,14,0.14,16,161.868,1.61868,617787.3328885265,
0,5818,14252.328063,MLP,8,0.05,0,0.0,22,178.109,22.263625,44916.315290075174,
0,5819,14252.544716,AB,1,1.0,1,1.0,28,7742.558,7742.558,129.15628142533774,2.0
0,5820,14273.096239,AB,1,1.0,1,1.0,13,7717.835,7717.835,129.57001542531034,2.0
0,5821,14293.497985,GB,100,1.0,100,1.0,16,291.246,2.91246,343352.35505380336,
0,5822,14293.854,NB,32,0.05,1,0.03125,12,149.841,4.68253125,213559.70662235303,
0,5823,14294.086758,DT,16,0.5,12,0.75,5,117.826,7.364125,135793.45815015363,
0,5824,14294.240368,AB,8,1.0,8,1.0,18,7827.713,978.464125,1022.0098769589534,
0,5825,14302.128939,AB,100,0.01,0,0.0,23,8899.881,88.99880999999999,11236.105291744912,
0,5826,14311.103891,DT,100,1.0,100,1.0,21,97.436,0.9743600000000001,1026314.7091424114,
0,5827,14311.256262,LoR,1,0.01,0,0.0,11,160.793,160.793,6219.176207919499,
0,5828,14311.602419,AB,64,0.1,8,0.125,1,8416.752,131.51175,7603.883303202945,
0,5829,14320.090665,LoR,64,0.05,4,0.0625,17,159.792,2.49675,400520.67687994393,
0,5830,14320.301456,RF,64,0.01,0,0.0,19,3366.826,52.60665625,19009.00135617344,
0,5831,14323.742708,RF,64,0.5,36,0.5625,1,3266.011,51.031421875,19595.769885649497,
0,5832,14327.051688,LoR,1,0.5,1,1.0,26,159.058,159.058,6287.014799632839,
0,5833,14327.362675,SGD,1,0.1,0,0.0,9,144.798,144.798,6906.172737192503,
0,5834,14327.673841,NB,16,0.05,1,0.0625,14,119.366,7.460375,134041.51936062195,
0,5835,14327.848173,SGD,8,0.5,5,0.625,17,148.105,18.513125,54015.732081968876,
0,5836,14328.043838,MLP,64,0.0,0,0.0,23,220.274,3.44178125,290547.22754387715,
0,5837,14328.314523,RF,32,1.0,32,1.0,13,3051.76,95.3675,10485.75248381262,
0,5838,14331.40818,RF,8,1.0,8,1.0,14,2945.276,368.1595,2716.214032233312,
0,5839,14334.405105,SGD,16,1.0,16,1.0,7,163.015,10.1884375,98150.47694997393,
0,5840,14334.60877,AB,1,0.5,0,0.0,8,7685.802,7685.802,130.11003926460765,2.0
0,5841,14355.484776,DT,16,0.01,0,0.0,4,98.154,6.134625,163009.14888848137,
0,5842,14355.644555,AB,16,0.01,1,0.0625,19,8481.112,530.0695,1886.5450662601793,
0,5843,14364.18148,NB,1,0.5,1,1.0,14,127.92,127.92,7817.3858661663535,
0,5844,14364.366143,AB,16,0.05,0,0.0,21,8452.259,528.2661875,1892.9850587872425,
0,5845,14372.910125,RF,32,0.5,12,0.375,24,3268.933,102.15415625,9789.126910829926,
0,5846,14376.234252,SGD,32,0.05,0,0.0,4,192.653,6.02040625,166101.74770182662,
0,5847,14376.475827,NB,8,1.0,8,1.0,20,119.107,14.888375,67166.49735112126,
0,5848,14376.664489,DT,64,0.1,8,0.125,25,97.534,1.52396875,656181.434166547,
0,5849,14376.80266,LoR,16,0.01,0,0.0,3,169.586,10.599125,94347.41075324613,
0,5850,14377.029383,AB,16,0.5,9,0.5625,17,8118.763,507.4226875,1970.7435726353879,
0,5851,14385.231468,AB,100,0.05,4,0.04,4,8690.76,86.9076,11506.473542014737,
0,5852,14394.009579,AB,8,0.1,2,0.25,6,7935.428,991.9285,1008.1371792422539,
0,5853,14401.99137,LoR,1,0.05,0,0.0,8,184.044,184.044,5433.483297472343,
0,5854,14402.370407,SGD,100,0.1,8,0.08,8,167.228,1.67228,597985.9832085535,
0,5855,14402.580931,NB,16,0.05,0,0.0,27,113.212,7.07575,141327.774440872,
0,5856,14402.742764,DT,64,1.0,64,1.0,22,91.972,1.4370625,695863.9585960945,
0,5857,14402.874672,SGD,8,0.01,0,0.0,23,150.674,18.83425,53094.76087447071,
0,5858,14403.064582,MLP,1,0.05,0,0.0,0,171.717,171.717,5823.535235299941,
0,5859,14403.411886,RF,32,0.1,2,0.0625,0,3234.763,101.08634375,9892.533085113191,
0,5860,14406.690491,MLP,8,1.0,8,1.0,4,200.441,25.055125,39911.99405311289,
0,5861,14406.932669,DT,1,0.1,0,0.0,25,89.599,89.599,11160.838848647863,16.0
0,5862,14407.239025,LoR,32,0.01,0,0.0,3,161.578,5.0493125,198046.7637921004,
0,5863,14407.465555,GB,32,0.1,6,0.1875,11,280.703,8.77196875,113999.49412724482,
0,5864,14407.824126,NB,100,0.1,12,0.12,18,163.218,1.63218,612677.5233123798,
0,5865,14408.036065,GB,64,1.0,64,1.0,5,272.123,4.251921875,235187.76435655935,
0,5866,14408.379745,DT,64,0.01,1,0.015625,18,101.627,1.587921875,629753.9039822095,
0,5867,14408.555581,MLP,100,0.1,13,0.13,21,243.457,2.43457,410750.153004432,
0,5868,14408.843754,LoR,32,0.0,0,0.0,4,154.784,4.837,206739.71469919372,
0,5869,14409.038683,RF,1,0.5,0,0.0,10,3041.64,3041.64,328.7700056548441,9.41
0,5870,14425.253079,NB,8,0.1,0,0.0,25,118.367,14.795875,67586.40499463533,
0,5871,14425.448071,AB,100,0.05,5,0.05,5,8785.352,87.85352,11382.583190747508,
0,5872,14434.333305,GB,16,0.1,1,0.0625,22,250.181,15.6363125,63953.69752299335,
0,5873,14434.640291,NB,1,0.1,0,0.0,15,159.414,159.414,6272.974770095475,
0,5874,14434.876152,DT,1,0.05,0,0.0,17,129.351,129.351,7730.90273751266,16.0
0,5875,14435.226858,AB,64,1.0,64,1.0,26,8778.45,137.16328125,7290.580911208698,
0,5876,14444.074136,GB,32,0.0,0,0.0,21,290.441,9.07628125,110177.28213303219,
0,5877,14444.445871,RF,64,0.01,2,0.03125,24,3485.409,54.459515625,18362.263940903347,
0,5878,14447.998431,RF,16,0.5,11,0.6875,16,3117.208,194.8255,5132.798324654626,
0,5879,14451.193675,SGD,64,0.01,1,0.015625,22,196.412,3.0689375,325845.67134390975,
0,5880,14451.431976,LoR,1,0.5,1,1.0,2,154.808,154.808,6459.614490207225,
0,5881,14451.747996,MLP,32,0.0,0,0.0,20,206.607,6.45646875,154883.42602138358,
0,5882,14452.00656,SGD,64,1.0,64,1.0,2,158.672,2.47925,403347.7866290209,
0,5883,14452.257179,SGD,100,0.5,52,0.52,14,165.971,1.65971,602514.8971808328,
0,5884,14452.486493,AB,32,0.01,1,0.03125,6,8227.021,257.09440625,3889.6217719633873,
0,5885,14460.775896,RF,8,0.1,1,0.125,20,3060.119,382.514875,2614.2774186232627,
0,5886,14463.88347,NB,16,0.01,0,0.0,14,131.609,8.2255625,121572.23290200517,
0,5887,14464.058242,DT,8,1.0,8,1.0,16,91.907,11.488375,87044.51238752218,
0,5888,14464.187712,RF,8,1.0,8,1.0,9,3039.227,379.903375,2632.248265759682,
0,5889,14467.299896,AB,32,0.1,1,0.03125,10,8255.174,257.9741875,3876.3568157376208,
0,5890,14475.604164,NB,32,0.05,0,0.0,3,123.108,3.847125,259934.36657244046,
0,5891,14475.785973,AB,100,1.0,100,1.0,21,8680.142,86.80142,11520.548857380443,
0,5892,14484.509229,GB,1,0.05,0,0.0,17,235.636,235.636,4243.833709619922,4.0
0,5893,14497.634728,NB,64,0.0,0,0.0,25,140.254,2.19146875,456314.9714090151,
0,5894,14497.833322,NB,8,0.5,2,0.25,26,108.005,13.500625,74070.64487755197,
0,5895,14498.004906,MLP,8,0.1,0,0.0,9,202.49,25.31125,39508.12385796829,
0,5896,14498.266032,RF,100,1.0,100,1.0,27,3324.481,33.24481,30079.883145669955,
0,5897,14501.658865,SGD,32,0.5,15,0.46875,23,172.988,5.405875,184983.92952112286,
0,5898,14501.87706,SGD,32,0.0,0,0.0,24,162.973,5.09290625,196351.54289360813,
0,5899,14502.082441,LoR,8,0.05,0,0.0,6,147.58,18.4475,54207.88724759452,
0,5900,14502.273033,DT,32,0.0,0,0.0,20,90.692,2.834125,352842.58810038376,
0,5901,14502.421724,SGD,8,0.01,1,0.125,10,149.748,18.7185,53423.08411464594,
0,5902,14502.633577,LoR,32,0.05,1,0.03125,29,152.029,4.75090625,210486.15724631486,
0,5903,14502.82291,SGD,8,0.0,0,0.0,5,142.635,17.829375,56087.21562028956,
0,5904,14503.041071,DT,100,0.05,3,0.03,11,95.82,0.9581999999999999,1043623.4606553956,
0,5905,14503.202967,DT,64,0.5,28,0.4375,5,89.74,1.4021875,713171.3839982171,
0,5906,14503.330322,SGD,16,0.0,0,0.0,2,152.58,9.53625,104863.02267662865,
0,5907,14503.547841,LoR,16,0.1,1,0.0625,3,148.327,9.2704375,107869.77421507885,
0,5908,14503.735325,SGD,16,0.0,0,0.0,10,146.164,9.13525,109466.0791987083,
0,5909,14503.939928,RF,16,0.5,6,0.375,17,3094.994,193.437125,5169.63845487261,
0,5910,14507.110516,RF,64,0.05,2,0.03125,5,3264.741,51.011578125,19603.39273467635,
0,5911,14510.463237,GB,100,0.1,6,0.06,2,312.171,3.1217099999999998,320337.25105791376,
0,5912,14510.816928,DT,8,1.0,8,1.0,3,94.185,11.773125,84939.21537399798,
0,5913,14510.951057,AB,1,0.01,0,0.0,2,7830.12,7830.12,127.71196354589712,2.0
0,5914,14531.636223,LoR,8,0.01,0,0.0,26,161.415,20.176875,49561.68881454636,
0,5915,14531.862334,AB,32,0.5,16,0.5,4,8106.823,253.33821875,3947.2922993384705,
0,5916,14540.018107,MLP,32,0.01,0,0.0,10,201.749,6.30465625,158612.92992778154,
0,5917,14540.264061,MLP,8,1.0,8,1.0,6,167.843,20.980375,47663.59037910429,
0,5918,14540.491203,GB,100,1.0,100,1.0,24,294.426,2.94426,339643.9173170848,
0,5919,14540.869688,SGD,100,0.01,1,0.01,1,180.431,1.80431,554228.4862357355,
0,5920,14541.091732,AB,16,0.0,0,0.0,14,8032.331,502.0206875,1991.9497839419216,
0,5921,14549.167333,NB,16,1.0,16,1.0,19,117.985,7.3740625,135610.45895664702,
0,5922,14549.354471,NB,64,0.5,32,0.5,19,131.352,2.052375,487240.3922285157,
0,5923,14549.559675,RF,100,0.1,9,0.09,23,3472.344,34.723440000000004,28798.98996182406,
0,5924,14553.078058,AB,8,0.05,0,0.0,22,8017.246,1002.15575,997.8488872612864,
0,5925,14561.148446,GB,64,1.0,64,1.0,7,258.292,4.0358125,247781.58053675687,
0,5926,14561.459366,GB,64,0.0,0,0.0,22,260.543,4.070984375,245640.83471826147,
0,5927,14561.759395,DT,1,0.0,0,0.0,6,88.297,88.297,11325.41309444262,17.0
0,5928,14562.082253,NB,100,0.1,11,0.11,9,177.046,1.77046,564824.9607446652,
0,5929,14562.326981,LoR,64,0.05,3,0.046875,21,170.935,2.670859375,374411.32594260975,
0,5930,14562.555454,DT,8,0.1,1,0.125,17,89.44,11.18,89445.43828264759,
0,5931,14562.718824,MLP,100,0.05,5,0.05,13,241.426,2.41426,414205.5950891785,
0,5932,14563.009922,MLP,64,1.0,64,1.0,28,206.693,3.229578125,309637.965485043,
0,5933,14563.258216,GB,8,0.01,0,0.0,12,218.502,27.31275,36612.93718135303,
0,5934,14563.515061,NB,1,1.0,1,1.0,2,104.64,104.64,9556.574923547401,
0,5935,14563.664929,AB,1,0.0,0,0.0,25,7702.613,7702.613,129.8260733078502,2.0
0,5936,14584.185014,NB,100,0.0,0,0.0,26,150.627,1.50627,663891.5997795879,
0,5937,14584.376682,GB,8,0.01,0,0.0,0,211.964,26.4955,37742.258119303275,
0,5938,14584.632161,RF,16,0.05,0,0.0,12,3037.787,189.8616875,5266.992057046791,
0,5939,14587.738045,DT,32,0.05,1,0.03125,3,95.956,2.998625,333486.1811663679,
0,5940,14587.873954,GB,8,0.01,0,0.0,6,214.984,26.873,37212.07159602575,
0,5941,14588.129241,NB,1,0.5,1,1.0,1,105.583,105.583,9471.221692886165,
0,5942,14588.303822,NB,32,0.1,4,0.125,6,116.727,3.64771875,274143.942703916,
0,5943,14588.478213,NB,32,0.5,18,0.5625,17,115.056,3.5955,278125.43457099155,
0,5944,14588.631123,LoR,8,0.01,0,0.0,14,152.582,19.07275,52430.824081477505,
0,5945,14588.844753,MLP,32,0.01,1,0.03125,4,190.511,5.95346875,167969.3036097653,
0,5946,14589.077115,SGD,16,0.05,0,0.0,10,148.454,9.278375,107777.49336494807,
0,5947,14589.27062,DT,16,0.05,0,0.0,25,86.379,5.3986875,185230.20641591126,
0,5948,14589.395599,GB,8,0.01,0,0.0,4,207.324,25.9155,38586.94603615597,
0,5949,14589.673181,GB,64,0.01,1,0.015625,15,244.359,3.818109375,261909.73117421498,
0,5950,14589.957123,RF,1,0.01,0,0.0,2,2921.376,2921.376,342.3044483147667,9.99
0,5951,14605.695449,LoR,100,0.01,2,0.02,24,174.201,1.7420099999999998,574049.5175113806,
0,5952,14605.938837,LoR,100,1.0,100,1.0,10,198.868,1.98868,502846.1089768087,
0,5953,14606.214627,RF,100,0.01,1,0.01,11,3304.513,33.04513,30261.645210655854,
0,5954,14609.563666,SGD,8,0.05,0,0.0,19,162.524,20.3155,49223.49929856513,
0,5955,14609.769604,AB,16,0.01,0,0.0,3,8279.518,517.469875,1932.4796443464463,
0,5956,14618.099929,SGD,64,0.0,0,0.0,19,159.845,2.497578125,400387.8757546373,
0,5957,14618.309701,GB,16,0.0,0,0.0,16,257.082,16.067625,62236.95163410896,
0,5958,14618.636183,GB,64,0.5,31,0.484375,13,291.392,4.553,219635.40522732266,
0,5959,14618.968782,MLP,1,0.1,0,0.0,16,198.61,198.61,5034.993202759176,
0,5960,14619.358544,DT,32,0.1,6,0.1875,17,89.865,2.80828125,356089.6900906916,
0,5961,14619.486924,GB,1,0.01,0,0.0,20,199.654,199.654,5008.66499043345,4.0
0,5962,14632.324292,GB,1,0.1,0,0.0,27,205.752,205.752,4860.220070764804,4.0
0,5963,14644.988896,RF,64,1.0,64,1.0,26,3156.734,49.32396875,20274.118756917753,
0,5964,14648.227455,NB,100,0.01,1,0.01,3,158.927,1.58927,629219.7046442707,
0,5965,14648.447149,RF,32,0.05,2,0.0625,0,3077.513,96.17228125,10398.006442214866,
0,5966,14651.584528,LoR,100,0.0,0,0.0,18,181.669,1.8166900000000001,550451.6455751944,
0,5967,14651.846721,RF,100,0.05,3,0.03,13,3338.055,33.38055,29957.56510902307,
0,5968,14655.227996,GB,16,1.0,16,1.0,25,233.23,14.576875,68601.80937272221,
0,5969,14655.503335,SGD,16,0.0,0,0.0,7,160.498,10.031125,99689.71575969795,
0,5970,14655.712648,AB,64,1.0,64,1.0,0,8162.6,127.540625,7840.639012079484,
0,5971,14663.916904,NB,1,0.01,0,0.0,5,102.174,102.174,9787.225712999392,
0,5972,14664.086791,RF,16,0.05,1,0.0625,2,2967.336,185.4585,5392.041885381366,
0,5973,14667.096828,NB,1,0.01,0,0.0,15,110.542,110.542,9046.335329557996,
0,5974,14667.253337,RF,1,1.0,1,1.0,10,2916.588,2916.588,342.8663904535025,6.83
0,5975,14682.899389,NB,16,0.05,2,0.125,16,119.05,7.440625,134397.31205375894,
0,5976,14683.05971,RF,16,0.01,0,0.0,14,2989.601,186.8500625,5351.8847498378545,
0,5977,14686.115433,MLP,64,0.0,0,0.0,26,231.331,3.614546875,276659.8510359615,
0,5978,14686.391967,MLP,32,1.0,32,1.0,22,188.403,5.88759375,169848.6754457201,
0,5979,14686.636703,NB,100,0.0,0,0.0,10,149.263,1.4926300000000001,669958.3955836343,
0,5980,14686.85351,LoR,64,0.5,32,0.5,24,162.011,2.531421875,395034.9050373123,
0,5981,14687.082911,RF,64,0.5,30,0.46875,3,3246.174,50.72146875,19715.517406029376,
0,5982,14690.373669,SGD,8,0.05,0,0.0,10,164.036,20.5045,48769.78224292229,
0,5983,14690.587442,LoR,64,0.0,0,0.0,7,182.97,2.85890625,349784.11761490954,
0,5984,14690.863522,NB,64,0.0,0,0.0,8,130.421,2.037828125,490718.51925686817,
0,5985,14691.03512,AB,16,0.01,0,0.0,10,8021.052,501.31575,1994.7508132349722,
0,5986,14699.108157,NB,64,1.0,64,1.0,3,129.226,2.01915625,495256.37255660625,
0,5987,14699.279618,MLP,1,0.01,0,0.0,26,164.821,164.821,6067.188040358935,
0,5988,14699.614816,DT,100,0.01,0,0.0,29,94.605,0.9460500000000001,1057026.584218593,
0,5989,14699.759862,AB,64,0.01,0,0.0,20,8236.675,128.698046875,7770.125687853412,
0,5990,14708.038668,MLP,16,1.0,16,1.0,0,179.535,11.2209375,89119.11326482301,
0,5991,14708.269193,GB,64,0.0,0,0.0,4,254.154,3.97115625,251815.8281986512,
0,5992,14708.600558,MLP,100,0.05,4,0.04,3,234.383,2.34383,426652.10360819683,
0,5993,14708.897541,MLP,32,0.01,1,0.03125,29,216.561,6.76753125,147764.3712395122,
0,5994,14709.152731,MLP,8,1.0,8,1.0,10,168.218,21.02725,47557.33631359308,
0,5995,14709.395619,SGD,100,0.05,3,0.03,17,164.809,1.64809,606762.9801770535,
0,5996,14709.616492,DT,8,0.5,6,0.75,28,90.556,11.3195,88343.1246963205,
0,5997,14709.768695,AB,32,0.5,17,0.53125,20,8229.472,257.171,3888.463318181288,
0,5998,14718.06407,AB,1,1.0,1,1.0,9,7562.515,7562.515,132.23114268203105,2.0
0,5999,14738.399129,MLP,64,0.5,25,0.390625,8,221.923,3.467546875,288388.314865967,
0,6000,14738.671864,LoR,64,0.0,0,0.0,16,158.839,2.481859375,402923.71520848153,
0,6001,14738.893183,AB,32,0.01,2,0.0625,24,7922.108,247.565875,4039.328926088864,
0,6002,14746.866937,RF,64,1.0,64,1.0,17,3135.145,48.986640625,20413.728870594503,
0,6003,14750.082504,MLP,100,0.05,5,0.05,5,244.191,2.44191,409515.50220933615,
0,6004,14750.371376,SGD,16,0.1,0,0.0,1,153.511,9.5944375,104227.05864726307,
0,6005,14750.565638,LoR,16,1.0,16,1.0,23,145.166,9.072875,110218.64623947756,
0,6006,14750.749388,DT,8,1.0,8,1.0,5,90.814,11.35175,88092.14438302466,
0,6007,14750.897165,RF,8,0.1,2,0.25,27,2938.576,367.322,2722.407043411503,
0,6008,14753.881328,AB,16,0.05,0,0.0,5,7934.238,495.889875,2016.576765153755,
0,6009,14761.868127,MLP,64,1.0,64,1.0,1,265.562,4.14940625,240998.3356052447,
0,6010,14762.212229,SGD,100,0.5,42,0.42,12,164.412,1.64412,608228.1098703258,
0,6011,14762.451788,LoR,100,0.01,1,0.01,5,159.614,1.5961400000000001,626511.4588945832,
0,6012,14762.690449,AB,100,0.05,6,0.06,2,9043.262,90.43262,11057.956741715543,
0,6013,14771.794914,DT,64,1.0,64,1.0,12,87.589,1.368578125,730685.3600337942,
0,6014,14771.93287,LoR,64,0.0,0,0.0,29,169.27,2.64484375,378094.1690789862,
0,6015,14772.165791,GB,16,0.05,1,0.0625,15,260.708,16.29425,61371.34265154885,
0,6016,14772.471927,GB,32,1.0,32,1.0,11,270.019,8.43809375,118510.17891333572,
0,6017,14772.802802,SGD,8,0.05,2,0.25,5,192.022,24.00275,41661.89290810428,
0,6018,14773.047866,GB,64,0.0,0,0.0,5,250.589,3.915453125,255398.2816484363,
0,6019,14773.34042,GB,1,0.1,0,0.0,13,210.661,210.661,4746.963130337366,4.0
0,6020,14786.381234,LoR,16,0.01,0,0.0,11,158.008,9.8755,101260.69566097918,
0,6021,14786.579625,NB,1,0.1,0,0.0,2,106.777,106.777,9365.312754619441,
0,6022,14786.731079,MLP,1,0.0,0,0.0,4,170.177,170.177,5876.2347438255465,
0,6023,14787.070615,RF,100,0.0,0,0.0,11,3518.742,35.18742,28419.247560633885,
0,6024,14790.656644,GB,32,0.05,2,0.0625,6,244.963,7.65509375,130631.97299183959,
0,6025,14790.940367,AB,1,0.0,0,0.0,16,7672.926,7672.926,130.32837798774548,2.0
0,6026,14811.501447,DT,16,0.0,0,0.0,28,92.142,5.758875,173645.02615528207,
0,6027,14811.633228,RF,1,0.5,0,0.0,28,2945.42,2945.42,339.51015474872855,11.53
0,6028,14827.64676,SGD,16,0.0,0,0.0,21,162.954,10.184625,98187.21847883452,
0,6029,14827.864456,SGD,64,0.01,0,0.0,11,159.536,2.49275,401163.3737839735,
0,6030,14828.062528,RF,8,0.0,0,0.0,5,2934.093,366.761625,2726.566608488552,
0,6031,14831.03648,LoR,1,1.0,1,1.0,9,158.178,158.178,6321.991680258949,
0,6032,14831.369005,AB,16,0.5,8,0.5,3,7874.997,492.1873125,2031.7468057448148,
0,6033,14839.306267,MLP,16,0.1,2,0.125,8,189.599,11.8499375,84388.63074172333,
0,6034,14839.567549,DT,64,0.01,1,0.015625,12,92.106,1.43915625,694851.5840444706,
0,6035,14839.733714,GB,100,0.05,6,0.06,0,286.35,2.8635,349222.9788720097,
0,6036,14840.0786,DT,8,0.05,2,0.25,20,97.935,12.241875,81686.83310358912,
0,6037,14840.224288,GB,64,0.0,0,0.0,29,248.443,3.881921875,257604.3599537922,
0,6038,14840.513086,SGD,1,0.01,0,0.0,29,154.009,154.009,6493.127025043991,
0,6039,14840.818538,SGD,1,0.05,0,0.0,0,143.265,143.265,6980.071894740517,
0,6040,14841.108132,DT,16,0.1,0,0.0,20,85.928,5.3705,186202.40201098594,
0,6041,14841.235791,MLP,32,0.0,0,0.0,0,192.06,6.001875,166614.59960429033,
0,6042,14841.505469,MLP,100,0.1,2,0.02,12,223.032,2.2303200000000003,448366.1537357868,
0,6043,14841.766923,SGD,8,0.0,0,0.0,22,145.172,18.1465,55107.04543575896,
0,6044,14841.972836,MLP,100,0.01,0,0.0,22,267.757,2.6775700000000002,373472.96242488525,
0,6045,14842.279606,NB,8,0.0,0,0.0,11,112.357,14.044625,71201.61627668948,
0,6046,14842.430043,MLP,1,0.1,0,0.0,29,158.978,158.978,6290.178515266263,
0,6047,14842.737367,MLP,1,0.01,0,0.0,6,152.27,152.27,6567.281802062126,
0,6048,14843.030636,NB,1,0.05,0,0.0,24,98.627,98.627,10139.211372139476,
0,6049,14843.194355,DT,16,0.05,1,0.0625,12,87.144,5.4465,183604.14945377765,
0,6050,14843.335172,LoR,100,0.0,0,0.0,26,164.088,1.64088,609429.0868314563,
0,6051,14843.567778,MLP,64,0.01,1,0.015625,5,205.299,3.207796875,311740.4371185442,
0,6052,14843.821629,RF,64,0.0,0,0.0,17,3285.027,51.328546875,19482.33606603538,
0,6053,14847.170187,SGD,16,0.5,7,0.4375,8,163.879,10.2424375,97633.00972058653,
0,6054,14847.403731,RF,64,0.1,5,0.078125,0,3203.42,50.0534375,19978.64782014222,
0,6055,14850.650039,RF,1,0.01,0,0.0,0,2862.895,2862.895,349.2967782611657,9.99
0,6056,14866.27516,RF,64,0.1,9,0.140625,5,3211.798,50.18434375,19926.533362309834,
0,6057,14869.562781,SGD,100,0.01,0,0.0,16,181.177,1.8117699999999999,551946.439117548,
0,6058,14869.78876,GB,32,1.0,32,1.0,13,242.665,7.58328125,131869.03756207117,
0,6059,14870.07639,MLP,16,0.01,0,0.0,20,185.14,11.57125,86421.08674516583,
0,6060,14870.311682,RF,64,1.0,64,1.0,7,3144.275,49.129296875,20354.45372939708,
0,6061,14873.498685,GB,1,0.5,0,0.0,14,219.572,219.572,4554.314757801541,4.0
0,6062,14886.886725,SGD,32,0.1,3,0.09375,5,202.982,6.3431875,157649.4467489728,
0,6063,14887.132494,GB,1,0.01,0,0.0,0,254.219,254.219,3933.6162914652327,4.0
0,6064,14900.222972,DT,16,1.0,16,1.0,22,95.682,5.980125,167220.58485399553,
0,6065,14900.375798,GB,8,0.5,5,0.625,3,219.244,27.4055,36489.02592545292,
0,6066,14900.675786,MLP,100,0.01,1,0.01,3,262.434,2.62434,381048.1873537727,
0,6067,14900.987247,LoR,16,0.01,0,0.0,17,174.824,10.9265,91520.61501853292,
0,6068,14901.214838,GB,1,0.5,1,1.0,15,204.99,204.99,4878.286745694912,4.0
0,6069,14914.250817,MLP,32,0.05,2,0.0625,0,231.869,7.24590625,138008.96195696708,
0,6070,14914.524713,GB,8,0.1,0,0.0,28,216.365,27.045625,36974.556883044854,
0,6071,14914.817133,NB,64,0.01,0,0.0,6,167.453,2.616453125,382196.7955187426,
0,6072,14915.02227,DT,8,1.0,8,1.0,20,89.199,11.149875,89687.104115517,
0,6073,14915.172769,MLP,32,0.01,1,0.03125,16,192.872,6.02725,165913.14446887054,
0,6074,14915.43325,MLP,64,0.5,32,0.5,20,202.894,3.17021875,315435.6461994933,
0,6075,14915.712332,NB,100,0.01,1,0.01,1,144.389,1.4438900000000001,692573.5339949719,
0,6076,14915.942461,DT,32,0.5,22,0.6875,7,125.695,3.92796875,254584.51012371219,
0,6077,14916.133565,GB,64,0.1,6,0.09375,16,259.17,4.04953125,246942.1615156075,
0,6078,14916.436583,SGD,32,0.0,0,0.0,26,163.56,5.11125,195646.85742235265,
0,6079,14916.668122,LoR,64,0.05,3,0.046875,26,158.974,2.48396875,402581.55421641277,
0,6080,14916.883178,AB,8,0.1,1,0.125,14,7987.582,998.44775,1001.5546632259925,
0,6081,14924.928768,DT,100,0.0,0,0.0,12,88.914,0.88914,1124682.277256675,
0,6082,14925.092742,SGD,100,0.1,9,0.09,12,167.447,1.6744700000000001,597203.8913805563,
0,6083,14925.303515,SGD,32,1.0,32,1.0,14,148.502,4.6406875,215485.31332911339,
0,6084,14925.500767,LoR,64,0.0,0,0.0,1,150.912,2.358,424088.2103477523,
0,6085,14925.699938,DT,64,0.0,0,0.0,21,89.567,1.399484375,714548.8851920909,
0,6086,14925.830994,DT,32,0.0,0,0.0,3,86.344,2.69825,370610.58093208564,
0,6087,14925.955067,GB,16,1.0,16,1.0,14,255.976,15.9985,62505.85992436791,
0,6088,14926.267821,RF,100,0.0,0,0.0,6,3412.978,34.129780000000004,29299.92516799112,
0,6089,14929.723182,AB,8,0.0,0,0.0,1,7794.89,974.36125,1026.3133924917477,
0,6090,14937.577521,DT,100,1.0,100,1.0,22,88.026,0.8802599999999999,1136027.9917297163,
0,6091,14937.705788,AB,16,1.0,16,1.0,24,7834.445,489.6528125,2042.2633639013359,
0,6092,14945.583123,RF,8,0.01,0,0.0,13,2972.823,371.602875,2691.0448418893425,
0,6093,14948.636142,AB,100,0.1,11,0.11,4,8466.771,84.66771,11810.878078549662,
0,6094,14957.148816,GB,32,1.0,32,1.0,6,226.875,7.08984375,141046.83195592285,
0,6095,14957.436772,DT,16,0.1,4,0.25,25,88.036,5.50225,181743.83206869918,
0,6096,14957.601068,SGD,100,0.5,42,0.42,7,174.139,1.74139,574253.9006196199,
0,6097,14957.841097,AB,64,0.1,5,0.078125,19,9003.354,140.67740625,7108.462024263403,
0,6098,14966.970194,DT,100,0.1,9,0.09,0,102.326,1.0232599999999998,977268.7293551981,
0,6099,14967.13566,NB,8,0.05,1,0.125,27,129.39,16.17375,61828.58026122576,
0,6100,14967.304346,DT,1,0.05,1,1.0,15,89.557,89.557,11166.073003785299,11.0
0,6101,14967.65479,SGD,64,0.1,5,0.078125,23,200.716,3.1361875,318858.4866179079,
0,6102,14967.922971,LoR,32,0.1,2,0.0625,27,168.187,5.25584375,190264.4080695892,
0,6103,14968.131044,SGD,8,1.0,8,1.0,4,151.851,18.981375,52683.22236929622,
0,6104,14968.354463,AB,64,0.1,8,0.125,20,8639.074,134.98553125,7408.201388250638,
0,6105,14977.096084,RF,64,0.01,1,0.015625,25,3485.458,54.46028125,18362.005796655703,
0,6106,14980.631843,MLP,8,0.0,0,0.0,29,225.03,28.12875,35550.815446829314,
0,6107,14980.943113,MLP,100,0.5,54,0.54,23,236.329,2.36329,423138.9292046257,
0,6108,14981.219473,GB,1,0.1,1,1.0,5,252.213,252.213,3964.9026814636836,4.0
0,6109,14994.346593,SGD,8,0.0,0,0.0,6,159.849,19.981125,50047.232075271044,
0,6110,14994.583515,LoR,100,0.5,49,0.49,5,165.9,1.659,602772.7546714888,
0,6111,14994.816641,SGD,64,0.5,32,0.5,2,155.856,2.43525,410635.4583718304,
0,6112,14995.032749,NB,32,0.5,19,0.59375,27,122.519,3.82871875,261183.9796276496,
0,6113,14995.208691,MLP,100,0.0,0,0.0,12,230.954,2.30954,432986.65535128204,
0,6114,14995.477344,GB,1,1.0,1,1.0,26,215.102,215.102,4648.957238891317,4.0
0,6115,15008.880525,RF,32,0.0,0,0.0,25,3280.093,102.50290625,9755.820947759714,
0,6116,15012.237688,AB,32,0.01,2,0.0625,1,8386.118,262.0661875,3815.8299227365987,
0,6117,15020.666516,LoR,1,0.01,0,0.0,16,166.264,166.264,6014.531107154886,
0,6118,15021.004498,SGD,64,0.01,0,0.0,23,158.41,2.47515625,404014.89804936555,
0,6119,15021.204786,DT,8,0.01,0,0.0,0,84.514,10.56425,94658.87308611591,
0,6120,15021.333509,RF,32,0.05,0,0.0,6,3148.695,98.39671875,10162.940519802647,
0,6121,15024.548935,SGD,32,0.05,5,0.15625,18,167.082,5.2213125,191522.725368382,
0,6122,15024.767493,GB,64,0.0,0,0.0,15,290.218,4.53465625,220523.8820472886,
0,6123,15025.096325,NB,1,1.0,1,1.0,20,112.228,112.228,8910.432334176854,
0,6124,15025.2755,RF,16,0.5,12,0.75,18,3089.401,193.0875625,5178.997482036162,
0,6125,15028.40756,AB,1,0.5,0,0.0,0,7675.305,7675.305,130.28798204110456,2.0
0,6126,15048.872735,GB,8,0.0,0,0.0,28,233.647,29.205875,34239.6863644729,
0,6127,15049.149605,LoR,8,0.1,0,0.0,24,156.79,19.59875,51023.662223356085,
0,6128,15049.345351,DT,8,1.0,8,1.0,25,85.004,10.6255,94113.21820149639,
0,6129,15049.468537,RF,1,0.05,0,0.0,19,3306.016,3306.016,302.4788748753787,9.99
0,6130,15066.2884,DT,64,0.0,0,0.0,8,103.719,1.620609375,617051.8419961628,
0,6131,15066.458105,DT,32,0.1,2,0.0625,15,88.275,2.75859375,362503.5400736335,
0,6132,15066.582468,GB,8,0.0,0,0.0,12,256.868,32.1085,31144.401015307474,
0,6133,15066.877144,DT,1,1.0,1,1.0,26,84.768,84.768,11796.90449226123,11.0
0,6134,15067.220114,GB,100,1.0,100,1.0,20,292.664,2.92664,341688.7625399776,
0,6135,15067.584237,MLP,64,0.1,6,0.09375,13,253.37,3.95890625,252595.0191419663,
0,6136,15067.90768,GB,64,0.5,33,0.515625,24,289.462,4.52284375,221099.83348418793,
0,6137,15068.275598,DT,64,0.0,0,0.0,22,95.081,1.485640625,673110.2954323156,
0,6138,15068.413454,DT,32,1.0,32,1.0,2,111.566,3.4864375,286825.7354391123,
0,6139,15068.58642,DT,64,1.0,64,1.0,3,99.052,1.5476875,646125.2675362435,
0,6140,15068.751085,SGD,64,0.01,1,0.015625,25,170.162,2.65878125,376112.17545632983,
0,6141,15068.96003,SGD,1,0.05,0,0.0,13,199.599,199.599,5010.045140506716,
0,6142,15069.338698,SGD,8,1.0,8,1.0,25,143.857,17.982125,55610.780149732025,
0,6143,15069.531512,RF,64,1.0,64,1.0,4,3338.712,52.167375,19169.06879059949,
0,6144,15072.914673,AB,8,0.01,0,0.0,15,7956.01,994.50125,1005.5291534324366,
0,6145,15080.909892,GB,1,1.0,1,1.0,19,201.202,201.202,4970.129521575333,4.0
0,6146,15094.361146,MLP,1,0.0,0,0.0,24,203.238,203.238,4920.3397002529055,
0,6147,15094.747299,MLP,64,1.0,64,1.0,5,222.22,3.4721875,288002.8800288003,
0,6148,15095.03335,GB,16,0.5,10,0.625,7,257.939,16.1211875,62030.16992389673,
0,6149,15095.339287,AB,32,0.01,0,0.0,0,8229.625,257.17578125,3888.3910263225844,
0,6150,15103.61075,AB,8,0.0,0,0.0,2,7930.772,991.3465,1008.7290367192501,
0,6151,15111.590845,DT,32,0.05,0,0.0,26,84.12,2.62875,380408.9396100808,
0,6152,15111.718164,AB,32,0.0,0,0.0,6,8184.9,255.778125,3909.6384806167457,
0,6153,15119.947534,RF,8,0.01,0,0.0,1,3148.339,393.542375,2541.022424840527,
0,6154,15123.151175,NB,64,1.0,64,1.0,0,152.906,2.38915625,418557.8067570926,
0,6155,15123.363801,AB,100,0.0,0,0.0,21,8775.683,87.75683000000001,11395.124459258612,
0,6156,15132.206878,LoR,32,0.1,4,0.125,23,166.521,5.20378125,192167.95479248866,
0,6157,15132.42707,MLP,64,0.0,0,0.0,9,219.058,3.42278125,292160.06719681545,
0,6158,15132.693427,NB,32,0.01,0,0.0,22,120.011,3.75034375,266642.2244627576,
0,6159,15132.868604,LoR,100,1.0,100,1.0,24,168.787,1.68787,592462.6896621186,
0,6160,15133.095641,NB,8,0.5,5,0.625,13,108.062,13.50775,74031.57446650996,
0,6161,15133.268897,NB,64,0.1,2,0.03125,21,128.944,2.01475,496339.4962154114,
0,6162,15133.453517,SGD,16,0.1,3,0.1875,3,156.4,9.775,102301.79028132992,
0,6163,15133.670776,RF,32,0.1,3,0.09375,15,3178.704,99.3345,10066.995857431204,
0,6164,15136.924827,AB,64,0.05,2,0.03125,23,8508.6,132.946875,7521.801471452412,
0,6165,15145.480823,LoR,16,1.0,16,1.0,17,160.247,10.0154375,99845.86294907235,
0,6166,15145.707062,NB,32,0.1,2,0.0625,16,146.56,4.58,218340.61135371178,
0,6167,15145.900181,DT,16,0.01,0,0.0,27,109.491,6.8431875,146130.73220630008,
0,6168,15146.067765,MLP,16,0.1,2,0.125,11,193.778,12.111125,82568.7126505589,
0,6169,15146.300346,DT,8,0.0,0,0.0,7,86.354,10.79425,92641.91583481946,
0,6170,15146.425354,MLP,1,0.1,0,0.0,28,163.522,163.522,6115.385085798853,
0,6171,15146.749191,AB,16,0.05,0,0.0,11,8075.303,504.7064375,1981.3498019826625,
0,6172,15154.898539,SGD,64,0.1,4,0.0625,28,162.454,2.53834375,393957.6741723811,
0,6173,15155.107499,AB,32,0.01,0,0.0,16,8116.16,253.63,3942.7512518235226,
0,6174,15163.263454,NB,1,1.0,1,1.0,15,101.451,101.451,9856.975288562951,
0,6175,15163.413617,DT,1,0.01,0,0.0,29,82.701,82.701,12091.752215813594,16.0
0,6176,15163.727527,SGD,100,0.01,0,0.0,18,174.394,1.74394,573414.2229663865,
0,6177,15163.956167,RF,64,0.01,0,0.0,2,3324.236,51.9411875,19252.54404320271,
0,6178,15167.365035,MLP,100,0.5,54,0.54,16,252.719,2.52719,395696.40588954533,
0,6179,15167.660361,NB,16,1.0,16,1.0,18,118.023,7.3764375,135566.79630241563,
0,6180,15167.845614,MLP,64,0.5,29,0.453125,18,212.039,3.313109375,301831.26688958163,
0,6181,15168.108194,NB,64,0.0,0,0.0,7,131.624,2.056625,486233.513644928,
0,6182,15168.279508,MLP,8,0.05,0,0.0,10,174.838,21.85475,45756.643292648056,
0,6183,15168.514364,DT,16,0.5,7,0.4375,10,91.049,5.6905625,175729.55221913473,
0,6184,15168.641408,LoR,1,0.0,0,0.0,16,146.583,146.583,6822.0735010199005,
0,6185,15168.959467,LoR,8,0.01,1,0.125,4,148.418,18.55225,53901.81783880661,
0,6186,15169.164387,RF,8,0.5,4,0.5,25,3060.859,382.607375,2613.64538516802,
0,6187,15172.271693,GB,16,0.1,0,0.0,7,271.565,16.9728125,58917.75449708173,
0,6188,15172.584349,NB,8,1.0,8,1.0,16,114.597,14.324625,69809.855406337,
0,6189,15172.755011,GB,100,1.0,100,1.0,4,294.269,2.9426900000000002,339825.12599016546,
0,6190,15173.110854,RF,16,0.5,10,0.625,12,3093.968,193.373,5171.352774172196,
0,6191,15176.249149,RF,16,0.0,0,0.0,25,3071.799,191.9874375,5208.674135254292,
0,6192,15179.384308,GB,8,0.5,5,0.625,8,231.545,28.943125,34550.519337493795,
0,6193,15179.69443,LoR,100,0.1,13,0.13,17,179.184,1.7918399999999999,558085.543352085,
0,6194,15179.914594,RF,1,0.5,1,1.0,29,3180.509,3180.509,314.4150826172792,6.87
0,6195,15196.438407,SGD,8,0.05,0,0.0,15,188.536,23.567,42432.2145372767,
0,6196,15196.684046,SGD,64,0.0,0,0.0,0,163.595,2.556171875,391210.0003056328,
0,6197,15196.892503,DT,1,0.01,0,0.0,26,89.475,89.475,11176.306230790724,16.0
0,6198,15197.192081,SGD,32,0.01,1,0.03125,5,161.009,5.03153125,198746.6539137564,
0,6199,15197.415571,MLP,32,0.1,4,0.125,14,210.029,6.56340625,152359.9122026006,
0,6200,15197.663332,RF,1,0.0,0,0.0,3,3087.445,3087.445,323.89240941943905,9.99
0,6201,15213.777652,AB,1,0.05,1,1.0,6,7928.204,7928.204,126.131971377124,2.0
0,6202,15234.551647,SGD,64,1.0,64,1.0,3,174.742,2.73034375,366254.2491215621,
0,6203,15234.788188,RF,16,0.5,5,0.3125,10,3073.384,192.0865,5205.987927313997,
0,6204,15237.945224,SGD,100,0.1,8,0.08,22,224.003,2.24003,446422.592554564,
0,6205,15238.240463,RF,64,0.01,2,0.03125,4,3311.817,51.747140625,19324.739259445796,
0,6206,15241.599301,MLP,32,1.0,32,1.0,23,220.396,6.887375,145193.1976986878,
0,6207,15241.896411,DT,100,1.0,100,1.0,2,131.542,1.31542,760213.467941798,
0,6208,15242.087023,LoR,8,0.05,1,0.125,2,155.0,19.375,51612.903225806454,
0,6209,15242.310568,MLP,64,0.05,7,0.109375,26,211.087,3.298234375,303192.5225144135,
0,6210,15242.571051,DT,64,1.0,64,1.0,13,92.612,1.4470625,691055.1548395457,
0,6211,15242.702633,NB,1,0.5,1,1.0,7,108.81,108.81,9190.331770976933,
0,6212,15242.895753,DT,100,0.01,1,0.01,4,97.924,0.9792400000000001,1021200.1143744127,
0,6213,15243.029965,NB,8,1.0,8,1.0,7,109.952,13.744,72759.02211874272,
0,6214,15243.193605,LoR,100,0.0,0,0.0,19,169.665,1.69665,589396.7524238941,
0,6215,15243.403834,DT,8,0.1,0,0.0,19,86.323,10.790375,92675.18506076018,
0,6216,15243.528361,GB,1,0.01,0,0.0,1,240.615,240.615,4156.016873428506,4.0
0,6217,15256.471436,GB,32,0.0,0,0.0,7,242.438,7.5761875,131992.50942509013,
0,6218,15256.774072,GB,8,0.5,3,0.375,23,222.893,27.861625,35891.66102120749,
0,6219,15257.036983,NB,8,0.0,0,0.0,12,113.934,14.24175,70216.0900170274,
0,6220,15257.207222,GB,100,0.0,0,0.0,14,279.691,2.7969099999999996,357537.42522998597,
0,6221,15257.551089,AB,32,0.05,2,0.0625,25,8127.46,253.983125,3937.2694544174933,
0,6222,15265.721632,SGD,16,1.0,16,1.0,16,153.621,9.6013125,104152.42707702723,
0,6223,15265.922324,GB,32,0.01,0,0.0,21,261.236,8.163625,122494.60258157375,
0,6224,15266.244562,GB,16,0.5,7,0.4375,22,224.54,14.03375,71256.79166295538,
0,6225,15266.519597,LoR,64,1.0,64,1.0,23,169.39,2.64671875,377826.31796446076,
0,6226,15266.753454,GB,32,0.05,1,0.03125,11,232.946,7.2795625,137370.89282494655,
0,6227,15267.049641,MLP,32,0.5,23,0.71875,0,200.752,6.2735,159400.65354267953,
0,6228,15267.291008,RF,1,0.01,0,0.0,27,2994.033,2994.033,333.99765466846895,11.63
0,6229,15283.246964,SGD,32,0.0,0,0.0,14,162.645,5.08265625,196747.5175996803,
0,6230,15283.472572,RF,32,0.1,4,0.125,6,3162.859,98.83934375,10117.428567002196,
0,6231,15286.715165,NB,100,0.05,5,0.05,20,172.507,1.72507,579686.6214124644,
0,6232,15286.928183,GB,8,0.01,0,0.0,21,219.647,27.455875,36422.077242120315,
0,6233,15287.223112,GB,100,0.5,43,0.43,28,292.341,2.92341,342066.2856048245,
0,6234,15287.578481,SGD,32,0.05,1,0.03125,9,163.432,5.10725,195800.08811003965,
0,6235,15287.798688,LoR,8,0.1,2,0.25,28,146.758,18.34475,54511.50874228321,
0,6236,15288.005211,LoR,32,0.1,2,0.0625,15,147.915,4.62234375,216340.46580806546,
0,6237,15288.194063,AB,1,0.01,0,0.0,18,7628.761,7628.761,131.08288488786056,2.0
0,6238,15308.959049,NB,16,0.1,1,0.0625,14,135.118,8.444875,118415.01502390504,
0,6239,15309.135424,DT,1,0.01,0,0.0,7,92.691,92.691,10788.533946122061,16.0
0,6240,15309.451315,GB,64,0.1,9,0.140625,27,303.502,4.74221875,210871.75702301797,
0,6241,15309.817754,AB,100,1.0,100,1.0,12,8976.887,89.76887,11139.719147628794,
0,6242,15318.845912,LoR,64,0.0,0,0.0,11,171.039,2.672484375,374183.6657136677,
0,6243,15319.086203,AB,64,0.1,9,0.140625,28,8283.931,129.436421875,7725.800709832083,
0,6244,15327.431597,AB,8,0.1,1,0.125,0,7753.48,969.185,1031.7947553872584,
0,6245,15335.226173,DT,1,0.05,0,0.0,1,76.23,76.23,13118.194936376754,16.0
0,6246,15335.481135,AB,1,1.0,1,1.0,15,7579.815,7579.815,131.92934128339544,2.0
0,6247,15356.189266,AB,100,0.01,2,0.02,25,9128.338,91.28338,10954.89671832923,
0,6248,15365.384707,NB,64,1.0,64,1.0,1,149.064,2.329125,429345.7843610798,
0,6249,15365.608822,AB,64,0.05,2,0.03125,21,8691.313,135.801765625,7363.674510399062,
0,6250,15374.425384,MLP,100,0.05,5,0.05,24,289.403,2.8940300000000003,345538.91977622896,
0,6251,15374.763952,SGD,32,0.0,0,0.0,1,163.462,5.1081875,195764.1531365088,
0,6252,15374.970625,AB,8,0.01,0,0.0,18,8064.063,1008.007875,992.0557416280105,
0,6253,15383.108476,GB,64,0.1,9,0.140625,22,302.422,4.72534375,211624.81565494573,
0,6254,15383.472354,DT,8,0.05,1,0.125,23,91.256,11.407,87665.46857192952,
0,6255,15383.623873,NB,32,0.1,2,0.0625,4,129.187,4.03709375,247702.94224651085,
0,6256,15383.79199,GB,8,0.05,0,0.0,4,228.944,28.618,34943.04284017052,
0,6257,15384.071148,NB,64,0.0,0,0.0,9,136.119,2.126859375,470176.8305673712,
0,6258,15384.248609,MLP,32,0.0,0,0.0,3,198.162,6.1925625,161484.0383120881,
0,6259,15384.486741,SGD,8,0.0,0,0.0,29,150.506,18.81325,53154.0270819768,
0,6260,15384.676946,AB,16,0.0,0,0.0,2,8084.383,505.2739375,1979.1244427682361,
0,6261,15392.820989,RF,100,0.0,0,0.0,24,3543.707,35.43707,28219.037296255025,
0,6262,15396.431565,SGD,16,0.05,1,0.0625,2,170.077,10.6298125,94075.03660106893,
0,6263,15396.663357,DT,16,0.1,1,0.0625,22,90.151,5.6344375,177480.0057681002,
0,6264,15396.820112,AB,64,0.01,1,0.015625,27,8401.287,131.270109375,7617.880450935671,
0,6265,15405.267013,GB,16,0.01,0,0.0,24,223.635,13.9771875,71545.15169807947,
0,6266,15405.538572,AB,32,0.01,0,0.0,2,8162.655,255.08296875,3920.2930909122097,
0,6267,15413.775908,RF,64,0.01,1,0.015625,11,3405.195,53.206171875,18794.81204453783,
0,6268,15417.223939,AB,8,1.0,8,1.0,9,8046.833,1005.854125,994.1799463217393,
0,6269,15425.310641,NB,1,0.0,0,0.0,19,106.311,106.311,9406.364346116581,
0,6270,15425.490716,NB,32,0.5,14,0.4375,24,117.524,3.672625,272284.8099111671,
0,6271,15425.674324,NB,64,0.05,4,0.0625,6,129.314,2.02053125,494919.34361322055,
0,6272,15425.876074,LoR,100,0.01,1,0.01,14,217.279,2.17279,460237.75882620964,
0,6273,15426.154182,RF,32,0.1,5,0.15625,4,3138.845,98.08890625,10194.832812706585,
0,6274,15429.334485,DT,1,1.0,1,1.0,14,92.374,92.374,10825.55697490636,11.0
0,6275,15429.663311,LoR,32,0.01,1,0.03125,1,168.606,5.2689375,189791.58511559493,
0,6276,15429.884266,MLP,64,0.01,0,0.0,7,226.914,3.54553125,282045.18011228926,
0,6277,15430.156034,GB,1,0.5,1,1.0,1,223.617,223.617,4471.93191930846,4.0
0,6278,15443.652953,DT,100,0.01,0,0.0,25,107.457,1.07457,930604.8000595587,
0,6279,15443.826042,MLP,32,0.05,3,0.09375,26,228.183,7.13071875,140238.3174907859,
0,6280,15444.106803,RF,64,0.01,0,0.0,14,3381.847,52.841359375,18924.569916971406,
0,6281,15447.554159,LoR,16,0.5,8,0.5,10,173.112,10.8195,92425.71283331023,
0,6282,15447.768629,RF,1,0.1,0,0.0,6,3000.658,3000.658,333.26023825440956,11.57
0,6283,15463.809395,NB,16,1.0,16,1.0,6,127.075,7.9421875,125909.89573086759,
0,6284,15463.977784,SGD,8,0.1,0,0.0,13,160.596,20.0745,49814.44120650576,
0,6285,15464.195838,LoR,100,1.0,100,1.0,3,166.084,1.66084,602104.9589364418,
0,6286,15464.399856,DT,1,1.0,1,1.0,19,88.081,88.081,11353.18627172716,4.0
0,6287,15464.693768,AB,8,0.05,1,0.125,2,8020.596,1002.5745,997.4321110301529,
0,6288,15472.787748,DT,64,0.05,6,0.09375,12,88.244,1.3788125,725261.774171615,
0,6289,15472.915412,DT,1,0.5,0,0.0,0,79.452,79.452,12586.215576700399,16.0
0,6290,15473.174332,LoR,1,1.0,1,1.0,1,149.983,149.983,6667.422307861558,
0,6291,15473.48081,RF,32,1.0,32,1.0,3,3105.094,97.0341875,10305.64614146947,
0,6292,15476.631399,DT,8,0.01,0,0.0,28,94.684,11.8355,84491.57196569642,
0,6293,15476.766547,NB,1,0.1,0,0.0,16,108.638,108.638,9204.882269555772,
0,6294,15476.935946,AB,64,0.01,0,0.0,2,8398.97,131.23390625,7619.981973980143,
0,6295,15485.401229,AB,32,0.5,13,0.40625,23,8084.661,252.64565625,3958.1127767756743,
0,6296,15493.528088,SGD,1,0.05,0,0.0,17,148.58,148.58,6730.380939561179,
0,6297,15493.833939,GB,16,0.01,0,0.0,15,293.082,18.317625,54592.23016084236,
0,6298,15494.186977,GB,8,0.5,5,0.625,13,220.017,27.502125,36360.82666339419,
0,6299,15494.449813,AB,8,0.1,0,0.0,4,8008.999,1001.124875,998.8763889220114,
0,6300,15502.539302,SGD,100,0.05,7,0.07,16,171.69,1.7168999999999999,582445.1045488963,
0,6301,15502.761154,RF,64,0.0,0,0.0,7,3304.061,51.625953125,19370.102428496324,
0,6302,15506.133568,DT,32,0.1,4,0.125,0,97.139,3.03559375,329424.84481001453,
0,6303,15506.269807,DT,1,0.01,0,0.0,18,86.501,86.501,11560.559993526085,16.0
0,6304,15506.544918,AB,1,1.0,1,1.0,20,7829.432,7829.432,127.7231860497671,2.0
0,6305,15527.380957,AB,64,1.0,64,1.0,14,8378.228,130.9098125,7638.846782398379,
0,6306,15535.806379,AB,32,0.0,0,0.0,12,8144.199,254.50621875,3929.1770743814095,
0,6307,15544.013321,NB,8,0.5,1,0.125,5,114.226,14.27825,70036.59412042792,
0,6308,15544.166977,SGD,16,1.0,16,1.0,9,158.185,9.8865625,101147.39071340518,
0,6309,15544.364193,GB,8,1.0,8,1.0,16,227.704,28.463,35133.33099111127,
0,6310,15544.6495,MLP,100,0.0,0,0.0,29,256.818,2.56818,389380.8066412791,
0,6311,15544.992143,LoR,100,0.1,5,0.05,8,170.651,1.7065100000000002,585991.2921693983,
0,6312,15545.199816,NB,1,1.0,1,1.0,4,102.723,102.723,9734.918178012715,
0,6313,15545.372689,SGD,32,0.01,2,0.0625,24,157.755,4.92984375,202846.18554087036,
0,6314,15545.568452,NB,8,0.0,0,0.0,8,107.055,13.381875,74727.94358040259,
0,6315,15545.735132,NB,32,0.5,19,0.59375,4,115.576,3.61175,276874.0915068873,
0,6316,15545.886297,DT,8,1.0,8,1.0,13,96.105,12.013125,83242.28708183757,
0,6317,15546.027039,NB,32,0.05,0,0.0,20,117.212,3.662875,273009.58946182986,
0,6318,15546.181779,RF,16,1.0,16,1.0,22,3050.601,190.6625625,5244.868142375879,
0,6319,15549.297409,GB,16,0.05,1,0.0625,8,244.44,15.2775,65455.735558828346,
0,6320,15549.584125,NB,1,0.5,0,0.0,3,107.635,107.635,9290.658243136526,
0,6321,15549.759651,AB,100,0.01,0,0.0,5,8710.982,87.10982,11479.761983206945,
0,6322,15558.524794,DT,64,0.01,0,0.0,6,88.443,1.381921875,723629.9085286569,
0,6323,15558.651642,GB,8,0.0,0,0.0,8,209.221,26.152625,38237.07945187147,
0,6324,15558.925029,AB,32,0.01,1,0.03125,26,8128.293,254.00915625,3936.865956972762,
0,6325,15567.119433,AB,32,0.1,4,0.125,7,8046.34,251.448125,3976.963439277982,
0,6326,15575.229067,MLP,16,0.1,2,0.125,26,190.616,11.9135,83938.38922231081,
0,6327,15575.464901,DT,1,0.1,0,0.0,28,84.641,84.641,11814.605214966741,16.0
0,6328,15575.776424,LoR,100,0.5,42,0.42,28,172.636,1.72636,579253.4581431451,
0,6329,15576.012243,DT,32,0.5,19,0.59375,27,89.992,2.81225,355587.16330340476,
0,6330,15576.141323,NB,8,0.05,0,0.0,2,109.305,13.663125,73189.69854992909,
0,6331,15576.287687,GB,1,0.1,0,0.0,4,206.004,206.004,4854.274674278169,4.0
0,6332,15589.188842,NB,32,0.05,2,0.0625,10,122.933,3.84165625,260304.3934500907,
0,6333,15589.359642,GB,64,0.0,0,0.0,21,249.699,3.901546875,256308.59554904103,
0,6334,15589.651906,LoR,8,0.01,0,0.0,15,154.141,19.267625,51900.53262921611,
0,6335,15589.874472,AB,64,0.05,4,0.0625,27,8279.011,129.359546875,7730.39195140579,
0,6336,15598.204955,AB,64,0.0,0,0.0,19,8217.647,128.400734375,7788.117450165479,
0,6337,15606.47005,RF,32,0.01,0,0.0,8,3033.092,94.784125,10550.28993515528,
0,6338,15609.56758,NB,16,0.05,1,0.0625,22,120.809,7.5505625,132440.4638727247,
0,6339,15609.736069,RF,64,0.0,0,0.0,14,3333.086,52.07946875,19201.424745716133,
0,6340,15613.111614,AB,1,0.1,0,0.0,18,8050.413,8050.413,124.21722960051864,2.0
0,6341,15633.929374,SGD,1,0.0,0,0.0,0,198.302,198.302,5042.8134865003885,
0,6342,15634.294962,DT,64,0.01,0,0.0,10,91.718,1.43309375,697791.0551909113,
0,6343,15634.425781,AB,1,0.05,0,0.0,19,7616.884,7616.884,131.28728230599285,2.0
0,6344,15654.623594,GB,32,0.1,5,0.15625,7,250.846,7.8389375,127568.3088428757,
0,6345,15654.952572,SGD,100,0.1,9,0.09,4,174.649,1.74649,572576.9972917108,
0,6346,15655.222773,SGD,100,0.5,52,0.52,6,166.62,1.6662000000000001,600168.0470531749,
0,6347,15655.459745,LoR,64,0.05,2,0.03125,25,154.986,2.42165625,412940.5236602016,
0,6348,15655.669513,LoR,8,0.5,4,0.5,4,141.113,17.639125,56692.15451446713,
0,6349,15655.868798,NB,32,0.05,2,0.0625,24,117.369,3.66778125,272644.39502764784,
0,6350,15656.023089,LoR,1,0.1,0,0.0,8,141.334,141.334,7075.438323404134,
0,6351,15656.345596,RF,100,0.05,8,0.08,11,3384.371,33.84371,29547.58801561649,
0,6352,15659.804204,GB,64,0.05,5,0.078125,27,272.775,4.262109375,234625.60718540923,
0,6353,15660.128704,RF,64,1.0,64,1.0,9,3114.784,48.6685,20547.171168209417,
0,6354,15663.295378,DT,64,1.0,64,1.0,0,96.554,1.50865625,662841.5187356297,
0,6355,15663.437508,DT,32,0.01,0,0.0,17,88.356,2.761125,362171.21644257323,
0,6356,15663.567721,MLP,32,0.0,0,0.0,17,206.429,6.45090625,155016.97920350338,
0,6357,15663.819998,AB,16,0.1,0,0.0,8,7864.146,491.509125,2034.5502232537392,
0,6358,15671.75021,MLP,32,0.1,1,0.03125,13,191.51,5.9846875,167093.1021878753,
0,6359,15671.98499,DT,16,0.01,0,0.0,15,84.694,5.293375,188915.38951991877,
0,6360,15672.127879,SGD,16,0.05,1,0.0625,17,149.888,9.368,106746.3706233988,
0,6361,15672.352583,DT,100,0.5,42,0.42,24,120.327,1.20327,831068.6712043016,
0,6362,15672.512992,LoR,16,0.05,0,0.0,19,147.11,9.194375,108762.1507715315,
0,6363,15672.716579,GB,8,0.1,1,0.125,7,212.069,26.508625,37723.57110185836,
0,6364,15672.989998,AB,32,0.1,3,0.09375,11,8019.882,250.6213125,3990.083644622203,
0,6365,15681.050801,DT,1,0.01,0,0.0,5,78.137,78.137,12798.03422194351,16.0
0,6366,15681.310913,MLP,1,0.05,0,0.0,4,165.942,165.942,6026.2019259741355,
0,6367,15681.651634,LoR,32,0.5,19,0.59375,25,150.123,4.69134375,213158.54332780454,
0,6368,15681.86033,NB,16,0.05,1,0.0625,29,116.787,7.2991875,137001.54983003245,
0,6369,15682.048636,GB,16,0.01,0,0.0,22,219.819,13.7386875,72787.1567061992,
0,6370,15682.320071,MLP,64,0.01,0,0.0,28,210.553,3.289890625,303961.47288331203,
0,6371,15682.607697,MLP,100,0.1,9,0.09,6,222.829,2.22829,448774.62089763896,
0,6372,15682.880021,SGD,64,0.0,0,0.0,7,155.188,2.4248125,412403.02085212775,
0,6373,15683.078148,SGD,32,0.0,0,0.0,23,146.509,4.57840625,218416.61604406557,
0,6374,15683.302276,MLP,100,0.05,3,0.03,20,218.767,2.18767,457107.33337294933,
0,6375,15683.596293,NB,100,0.1,9,0.09,13,155.591,1.5559100000000001,642710.696634124,
0,6376,15683.801256,RF,64,0.01,0,0.0,10,3261.508,50.9610625,19622.824779212562,
0,6377,15687.125827,NB,8,0.05,1,0.125,10,119.686,14.96075,66841.56877161907,
0,6378,15687.31148,GB,64,0.01,3,0.046875,5,258.518,4.03934375,247564.9664626835,
0,6379,15687.647316,MLP,100,0.1,14,0.14,24,240.796,2.40796,415289.2905197761,
0,6380,15687.957219,GB,64,0.05,2,0.03125,21,252.289,3.942015625,253677.3303631946,
0,6381,15688.249429,DT,1,0.1,0,0.0,0,88.499,88.499,11299.562706923243,16.0
0,6382,15688.5486,RF,32,0.05,3,0.09375,15,3146.185,98.31828125,10171.048428493557,
0,6383,15691.761547,NB,32,0.1,2,0.0625,0,128.131,4.00409375,249744.40221335978,
0,6384,15691.944557,AB,8,0.5,4,0.5,25,7988.379,998.547375,1001.4547381890619,
0,6385,15700.012089,LoR,100,0.05,2,0.02,15,168.32,1.6832,594106.463878327,
0,6386,15700.237137,LoR,100,1.0,100,1.0,21,159.697,1.59697,626185.8394334271,
0,6387,15700.443469,LoR,32,1.0,32,1.0,26,145.956,4.561125,219244.1557729727,
0,6388,15700.647527,NB,16,0.1,4,0.25,28,110.256,6.891,145116.81903932666,
0,6389,15700.829527,MLP,100,0.05,3,0.03,12,230.101,2.3010099999999998,434591.7662243971,
0,6390,15701.100056,RF,16,1.0,16,1.0,8,2982.873,186.4295625,5363.956159045323,
0,6391,15704.126099,NB,1,0.1,0,0.0,4,111.195,111.195,8993.210126354603,
0,6392,15704.304944,MLP,8,0.05,1,0.125,3,182.18,22.7725,43912.6138983423,
0,6393,15704.556521,GB,64,0.5,43,0.671875,20,272.145,4.252265625,235168.7519520844,
0,6394,15704.896566,GB,32,0.01,1,0.03125,16,233.055,7.28296875,137306.64435433695,
0,6395,15705.18679,LoR,100,1.0,100,1.0,20,170.525,1.7052500000000002,586424.2779651077,
0,6396,15705.400802,NB,32,0.0,0,0.0,7,117.592,3.67475,272127.3556024219,
0,6397,15705.560952,LoR,8,0.1,0,0.0,17,147.352,18.419,54291.76393941039,
0,6398,15705.756566,AB,64,1.0,64,1.0,6,8388.628,131.0723125,7629.376341399332,
0,6399,15714.187586,DT,16,1.0,16,1.0,19,79.407,4.9629375,201493.57109574723,
0,6400,15714.336236,RF,64,0.1,8,0.125,29,3382.178,52.84653125,18922.71784631087,
0,6401,15717.79275,LoR,64,0.01,1,0.015625,25,171.731,2.683296875,372675.8709842719,
0,6402,15718.063203,LoR,32,0.05,0,0.0,5,152.731,4.77284375,209518.69626991247,
0,6403,15718.291368,LoR,100,0.5,53,0.53,22,161.057,1.6105699999999998,620898.1913235687,
0,6404,15718.513235,LoR,32,0.5,19,0.59375,20,181.265,5.66453125,176537.11416986183,
0,6405,15718.735861,DT,32,1.0,32,1.0,0,87.791,2.74346875,364502.05601940973,
0,6406,15718.861034,NB,1,0.05,0,0.0,20,102.603,102.603,9746.303714316346,
0,6407,15719.048182,AB,100,0.1,9,0.09,1,8472.631,84.72631,11802.7092174792,
0,6408,15727.592008,RF,64,0.1,6,0.09375,22,3204.183,50.065359375,19973.890380168672,
0,6409,15730.839057,NB,1,0.5,1,1.0,22,109.853,109.853,9103.074108126315,
0,6410,15731.014541,GB,100,0.0,0,0.0,15,289.87,2.8987,344982.2334149791,
0,6411,15731.357528,SGD,64,0.01,0,0.0,7,171.692,2.6826875,372760.5246604384,
0,6412,15731.573116,NB,32,1.0,32,1.0,23,118.25,3.6953125,270613.1078224101,
0,6413,15731.739073,NB,64,0.0,0,0.0,20,126.433,1.975515625,506196.9580726551,
0,6414,15731.905715,SGD,16,0.0,0,0.0,15,151.083,9.4426875,105902.05383795663,
0,6415,15732.095701,GB,16,0.0,0,0.0,23,220.863,13.8039375,72443.0982102027,
0,6416,15732.354175,RF,1,1.0,1,1.0,6,2905.86,2905.86,344.1322018266537,7.49
0,6417,15747.963222,NB,32,0.01,0,0.0,27,123.797,3.86865625,258487.6854851087,
0,6418,15748.155339,GB,64,0.01,1,0.015625,29,252.163,3.940046875,253804.0870389391,
0,6419,15748.466129,MLP,100,1.0,100,1.0,8,246.723,2.4672300000000003,405312.8407161067,
0,6420,15748.754086,DT,1,0.1,0,0.0,11,86.972,86.972,11497.953364301155,7.0
0,6421,15749.035793,DT,64,0.0,0,0.0,26,93.502,1.46096875,684477.3373831576,
0,6422,15749.196574,NB,64,0.01,2,0.03125,17,132.786,2.07478125,481978.52183212084,
0,6423,15749.386119,GB,16,0.01,1,0.0625,8,216.17,13.510625,74015.82088171347,
0,6424,15749.642472,GB,16,1.0,16,1.0,3,216.03,13.501875,74063.78743693006,
0,6425,15749.90013,NB,8,0.05,0,0.0,29,114.437,14.304625,69907.45999982524,
0,6426,15750.087167,NB,100,0.5,47,0.47,11,147.802,1.47802,676580.8311118929,
0,6427,15750.2788,NB,8,0.05,0,0.0,6,103.474,12.93425,77314.10789183756,
0,6428,15750.435192,DT,100,1.0,100,1.0,7,94.66,0.9466,1056412.4234100992,
0,6429,15750.567923,MLP,16,0.0,0,0.0,1,182.136,11.3835,87846.4444151623,
0,6430,15750.787521,GB,1,1.0,1,1.0,1,200.657,200.657,4983.6287794594755,4.0
0,6431,15763.497726,LoR,1,0.01,0,0.0,0,151.093,151.093,6618.440298359289,
0,6432,15763.820086,AB,16,0.05,2,0.125,16,8015.131,500.9456875,1996.2243910922978,
0,6433,15771.901058,GB,32,0.5,17,0.53125,18,231.102,7.2219375,138466.99725662262,
0,6434,15772.173369,GB,1,0.01,0,0.0,25,204.269,204.269,4895.505436458787,4.0
0,6435,15784.92369,NB,16,0.01,0,0.0,8,116.533,7.2833125,137300.16390207066,
0,6436,15785.097791,AB,16,0.5,8,0.5,24,8050.134,503.133375,1987.5445551589576,
0,6437,15793.208271,GB,8,0.05,1,0.125,10,205.942,25.74275,38845.88864826019,
0,6438,15793.477129,SGD,32,0.1,1,0.03125,11,158.049,4.93903125,202468.85459572665,
0,6439,15793.672735,AB,8,1.0,8,1.0,13,7747.795,968.474375,1032.5518421692882,
0,6440,15801.474114,LoR,64,0.05,0,0.0,29,155.25,2.42578125,412238.32528180355,
0,6441,15801.691841,RF,32,0.05,3,0.09375,14,3162.24,98.82,10119.409026512853,
0,6442,15804.933355,GB,100,0.01,2,0.02,25,277.268,2.77268,360661.8866944617,
0,6443,15805.271791,AB,16,0.1,1,0.0625,4,8117.292,507.33075,1971.100706984546,
0,6444,15813.432245,AB,8,0.05,0,0.0,29,8200.144,1025.018,975.5926237392904,
0,6445,15821.673739,MLP,1,0.1,0,0.0,3,169.458,169.458,5901.167250882225,
0,6446,15822.002079,RF,16,1.0,16,1.0,6,2981.572,186.34825,5366.29670522798,
0,6447,15825.025724,SGD,1,0.5,0,0.0,13,162.974,162.974,6135.948065335576,
0,6448,15825.338831,DT,8,0.0,0,0.0,20,86.169,10.771125,92840.81282131626,
0,6449,15825.463207,MLP,1,0.5,0,0.0,27,165.099,165.099,6056.971877479573,
0,6450,15825.792973,MLP,16,0.05,1,0.0625,26,178.798,11.174875,89486.45958008479,
0,6451,15826.049507,GB,100,0.1,8,0.08,12,287.972,2.87972,347255.9832205909,
0,6452,15826.378214,MLP,1,0.01,0,0.0,3,171.176,171.176,5841.940458942843,
0,6453,15826.717692,SGD,8,0.1,1,0.125,3,148.855,18.606875,53743.575963185656,
0,6454,15826.934155,GB,64,0.1,7,0.109375,15,254.774,3.98084375,251203.0269964753,
0,6455,15827.232523,MLP,32,0.0,0,0.0,26,193.956,6.061125,164985.87308461714,
0,6456,15827.489694,RF,32,0.5,17,0.53125,6,3083.747,96.36709375,10376.986179475814,
0,6457,15830.616293,GB,1,0.5,1,1.0,13,215.153,215.153,4647.855247196181,4.0
0,6458,15843.393152,RF,32,0.1,5,0.15625,9,3093.913,96.68478125,10342.88940897821,
0,6459,15846.530045,DT,1,0.01,0,0.0,6,90.481,90.481,11052.044075551774,16.0
0,6460,15846.810519,RF,8,0.1,0,0.0,11,2938.348,367.2935,2722.6182875547756,
0,6461,15849.815509,DT,32,0.05,3,0.09375,28,93.571,2.92409375,341986.29917388933,
0,6462,15849.972658,AB,32,0.05,1,0.03125,26,8000.04,250.00125,3999.9800000999994,
0,6463,15858.016891,RF,8,0.01,0,0.0,15,2914.088,364.261,2745.2842879144346,
0,6464,15860.974856,NB,16,0.0,0,0.0,3,125.721,7.8575625,127265.93011509613,
0,6465,15861.169843,AB,64,0.5,34,0.53125,26,8156.253,127.441453125,7846.740408861766,
0,6466,15869.397352,MLP,64,0.5,35,0.546875,24,216.384,3.381,295770.48210588587,
0,6467,15869.661422,MLP,32,1.0,32,1.0,3,183.373,5.73040625,174507.69742546615,
0,6468,15869.913696,AB,64,0.05,3,0.046875,15,8128.076,127.0011875,7873.942123572663,
0,6469,15878.103927,GB,16,0.5,11,0.6875,26,220.004,13.75025,72725.95043726478,
0,6470,15878.366332,AB,8,0.05,0,0.0,14,7784.441,973.055125,1027.6910056868567,
0,6471,15886.221205,NB,64,0.0,0,0.0,19,186.4,2.9125,343347.6394849785,
0,6472,15886.449966,MLP,16,0.01,0,0.0,23,225.254,14.078375,71030.92508901063,
0,6473,15886.758234,NB,100,0.0,0,0.0,25,175.553,1.75553,569628.5452256583,
0,6474,15887.003733,SGD,8,0.01,0,0.0,24,214.289,26.786125,37332.76089766624,
0,6475,15887.301871,SGD,100,0.01,5,0.05,6,174.815,1.7481499999999999,572033.2923376141,
0,6476,15887.518393,LoR,16,0.0,0,0.0,14,153.621,9.6013125,104152.42707702723,
0,6477,15887.761296,NB,64,0.05,2,0.03125,23,153.379,2.396546875,417267.03134066594,
0,6478,15887.964785,AB,64,0.0,0,0.0,5,8624.053,134.750828125,7421.104670854876,
0,6479,15896.684734,NB,100,0.05,3,0.03,0,151.283,1.51283,661012.80381801,
0,6480,15896.876682,AB,16,0.0,0,0.0,21,8063.718,503.982375,1984.1963719465389,
0,6481,15904.981847,AB,8,0.0,0,0.0,4,7771.04,971.38,1029.4632378677757,
0,6482,15912.796914,MLP,8,0.01,0,0.0,21,197.457,24.682125,40515.15013395322,
0,6483,15913.042356,AB,32,0.01,0,0.0,18,8252.936,257.90425,3877.407991531741,
0,6484,15921.375869,MLP,100,0.05,7,0.07,27,240.601,2.40601,415625.8702166658,
0,6485,15921.654345,NB,1,0.0,0,0.0,25,101.67,101.67,9835.743090390479,
0,6486,15921.808949,NB,32,1.0,32,1.0,21,113.896,3.55925,280958.067008499,
0,6487,15921.968923,LoR,1,0.1,0,0.0,2,184.454,184.454,5421.405878972535,
0,6488,15922.308025,AB,1,1.0,1,1.0,4,7563.548,7563.548,132.21308306630698,2.0
0,6489,15942.584204,GB,16,1.0,16,1.0,0,262.931,16.4331875,60852.46699704486,
0,6490,15942.906262,DT,8,0.1,1,0.125,12,89.415,11.176875,89470.44679304367,
0,6491,15943.045498,AB,64,0.01,0,0.0,5,8249.524,128.8988125,7758.023372015162,
0,6492,15951.334076,MLP,1,1.0,1,1.0,8,224.671,224.671,4450.952726431093,
0,6493,15951.706472,MLP,16,0.0,0,0.0,15,171.293,10.7058125,93407.20286293076,
0,6494,15951.935284,NB,100,0.0,0,0.0,22,144.657,1.4465700000000001,691290.4318491328,
0,6495,15952.118941,MLP,1,0.01,0,0.0,1,160.668,160.668,6224.014738466901,
0,6496,15952.463836,AB,100,0.05,4,0.04,26,8530.297,85.30297,11722.921253503833,
0,6497,15961.039691,NB,32,0.0,0,0.0,13,117.329,3.66653125,272737.34541332495,
0,6498,15961.195121,NB,8,0.0,0,0.0,23,102.505,12.813125,78044.97341593093,
0,6499,15961.351042,LoR,100,0.0,0,0.0,6,166.137,1.66137,601912.8791298748,
0,6500,15961.565776,RF,64,1.0,64,1.0,6,3752.01,58.62515625,17057.5238338917,
0,6501,15965.425289,NB,8,0.05,1,0.125,3,171.292,21.4115,46703.87408635546,
0,6502,15965.642145,MLP,8,0.01,0,0.0,2,238.83,29.85375,33496.629401666454,
0,6503,15965.987255,SGD,100,0.01,1,0.01,3,191.685,1.91685,521689.2297258523,
0,6504,15966.264547,LoR,100,0.5,40,0.4,20,180.608,1.8060800000000001,553685.3295535081,
0,6505,15966.514018,LoR,32,0.05,1,0.03125,15,157.268,4.914625,203474.32408372968,
0,6506,15966.709296,MLP,1,1.0,1,1.0,25,179.161,179.161,5581.571882273486,
0,6507,15967.06637,MLP,1,1.0,1,1.0,22,167.59,167.59,5966.943135031923,
0,6508,15967.416266,LoR,16,0.05,1,0.0625,0,157.068,9.81675,101866.70741334962,
0,6509,15967.614934,NB,1,0.1,1,1.0,6,111.798,111.798,8944.70384085583,
0,6510,15967.79965,DT,32,0.05,3,0.09375,16,112.068,3.502125,285540.92158332444,
0,6511,15967.996765,AB,100,0.05,3,0.03,19,9123.92,91.2392,10960.201316977791,
0,6512,15977.211708,GB,16,0.05,1,0.0625,27,275.143,17.1964375,58151.5793605507,
0,6513,15977.534011,LoR,8,0.05,0,0.0,19,174.04,21.755,45966.44449551828,
0,6514,15977.751465,RF,16,0.05,0,0.0,10,3222.493,201.4058125,4965.100001768817,
0,6515,15981.031393,LoR,64,0.0,0,0.0,23,178.181,2.784078125,359185.3227897475,
0,6516,15981.254638,AB,16,0.05,0,0.0,23,8155.948,509.74675,1961.7584614320738,
0,6517,15989.475399,MLP,100,0.01,0,0.0,27,257.096,2.57096,388959.7660018048,
0,6518,15989.825198,LoR,100,0.1,8,0.08,18,202.377,2.0237700000000003,494127.29707427224,
0,6519,15990.085968,LoR,8,0.1,1,0.125,29,145.593,18.199125,54947.69666124059,
0,6520,15990.293419,NB,32,0.5,17,0.53125,5,129.347,4.04209375,247396.5379946964,
0,6521,15990.488743,NB,64,0.1,7,0.109375,28,130.176,2.034,491642.0845624386,
0,6522,15990.656598,MLP,16,0.0,0,0.0,20,185.266,11.579125,86362.31148726695,
0,6523,15990.898207,DT,100,0.0,0,0.0,19,98.312,0.98312,1017169.8266742616,
0,6524,15991.055047,RF,16,0.05,1,0.0625,18,3164.309,197.7693125,5056.396198980567,
0,6525,15994.267363,DT,32,1.0,32,1.0,14,96.188,3.005875,332681.8314134819,
0,6526,15994.440627,SGD,100,0.05,5,0.05,0,180.258,1.80258,554760.3989836789,
0,6527,15994.683496,GB,8,0.1,1,0.125,17,252.456,31.557,31688.69030642964,
0,6528,15994.97942,MLP,16,0.01,0,0.0,22,186.111,11.6319375,85970.20057922423,
0,6529,15995.243258,NB,100,0.1,11,0.11,27,154.014,1.54014,649291.622839482,
0,6530,15995.441967,SGD,32,0.01,0,0.0,23,158.408,4.95025,202009.99949497503,
0,6531,15995.640218,NB,1,0.1,0,0.0,18,99.875,99.875,10012.515644555695,
0,6532,15995.797316,AB,64,0.0,0,0.0,12,8429.011,131.703296875,7592.824353889205,
0,6533,16004.314392,MLP,100,0.5,52,0.52,21,245.115,2.45115,407971.7683536299,
0,6534,16004.60799,MLP,32,0.01,0,0.0,24,185.474,5.7960625,172530.9207759578,
0,6535,16004.832223,MLP,1,1.0,1,1.0,21,157.91,157.91,6332.721170286873,
0,6536,16005.148889,DT,16,0.01,0,0.0,28,86.756,5.42225,184425.28470653328,
0,6537,16005.27756,AB,16,0.1,0,0.0,0,8333.289,520.8305625,1920.0102144543407,
0,6538,16013.676129,NB,1,0.5,1,1.0,11,139.21,139.21,7183.391997701314,
0,6539,16013.903543,MLP,64,0.01,2,0.03125,23,284.491,4.445171875,224963.17985454726,
0,6540,16014.233604,SGD,32,1.0,32,1.0,25,160.258,5.0080625,199678.0191940496,
0,6541,16014.453772,RF,16,0.5,5,0.3125,3,3218.662,201.166375,4971.009692847525,
0,6542,16017.737504,LoR,16,0.5,9,0.5625,0,170.882,10.680125,93631.86292295269,
0,6543,16017.987735,LoR,16,0.5,10,0.625,18,165.667,10.3541875,96579.28253665485,
0,6544,16018.193013,DT,16,0.0,0,0.0,4,88.267,5.5166875,181268.19762765247,
0,6545,16018.357736,RF,100,0.1,10,0.1,29,3447.784,34.47784,29004.137150123093,
0,6546,16021.892144,NB,100,0.05,5,0.05,17,200.491,2.00491,498775.50613244483,
0,6547,16022.166932,MLP,64,0.1,13,0.203125,4,231.876,3.6230625,276009.5913332988,
0,6548,16022.440927,RF,16,1.0,16,1.0,21,3023.429,188.9643125,5292.004541862898,
0,6549,16025.532927,NB,32,0.01,1,0.03125,1,130.214,4.0691875,245749.30499024683,
0,6550,16025.71871,DT,100,1.0,100,1.0,26,101.068,1.01068,989432.8570863182,
0,6551,16025.859041,SGD,16,1.0,16,1.0,17,196.535,12.2834375,81410.43580023914,
0,6552,16026.124151,GB,64,0.5,27,0.421875,14,308.634,4.82240625,207365.358320859,
0,6553,16026.475799,AB,8,1.0,8,1.0,11,8028.789,1003.598625,996.414278666434,
0,6554,16034.563361,SGD,100,0.0,0,0.0,5,169.113,1.69113,591320.5962876893,
0,6555,16034.771334,DT,1,1.0,1,1.0,16,81.786,81.786,12227.031521287261,13.0
0,6556,16035.060093,LoR,8,0.01,0,0.0,29,153.541,19.192625,52103.34698875219,
0,6557,16035.288131,MLP,64,0.01,1,0.015625,26,212.253,3.316453125,301526.9513269542,
0,6558,16035.543446,SGD,16,0.01,0,0.0,15,148.157,9.2598125,107993.5473855437,
0,6559,16035.731115,SGD,1,0.05,0,0.0,28,140.502,140.502,7117.336408022661,
0,6560,16036.044296,MLP,16,0.5,9,0.5625,7,175.278,10.954875,91283.56097171351,
0,6561,16036.258493,GB,8,0.0,0,0.0,2,230.978,28.87225,34635.33323519989,
0,6562,16036.560222,AB,64,0.5,29,0.453125,21,8406.935,131.358359375,7612.762558530547,
0,6563,16045.047676,MLP,100,0.1,8,0.08,3,234.967,2.34967,425591.67883149546,
0,6564,16045.33336,GB,64,1.0,64,1.0,29,259.893,4.060828125,246255.18963573474,
0,6565,16045.652926,MLP,8,0.1,1,0.125,5,181.45,22.68125,44089.28079360706,
0,6566,16045.874925,MLP,1,0.5,0,0.0,15,201.822,201.822,4954.861214337387,
0,6567,16046.228373,MLP,1,0.0,0,0.0,23,157.149,157.149,6363.387613029672,
0,6568,16046.549754,GB,100,1.0,100,1.0,22,284.327,2.84327,351707.71681901475,
0,6569,16046.885533,SGD,64,1.0,64,1.0,25,170.983,2.671609375,374306.217577186,
0,6570,16047.097921,DT,8,0.1,0,0.0,4,87.642,10.95525,91280.43632048562,
0,6571,16047.253645,SGD,64,0.1,6,0.09375,22,162.095,2.532734375,394830.1921712576,
0,6572,16047.452452,RF,1,1.0,1,1.0,18,2966.736,2966.736,337.0707740762913,7.58
0,6573,16063.822198,AB,1,1.0,1,1.0,11,7784.247,7784.247,128.46457724170367,2.0
0,6574,16084.569838,SGD,16,0.5,12,0.75,18,178.595,11.1621875,89588.17436098435,
0,6575,16084.788952,AB,1,0.1,0,0.0,7,8103.509,8103.509,123.40333058185041,2.0
0,6576,16105.810578,RF,64,0.01,1,0.015625,15,3398.809,53.106390625,18830.125493959797,
0,6577,16109.274675,AB,8,0.05,1,0.125,16,8066.061,1008.257625,991.8100049082198,
0,6578,16117.461972,AB,100,0.05,4,0.04,20,8678.469,86.78469,11522.769741990207,
0,6579,16126.184944,RF,8,0.05,0,0.0,23,3023.633,377.954125,2645.823749112409,
0,6580,16129.250947,SGD,8,1.0,8,1.0,29,180.729,22.591125,44265.17050390363,
0,6581,16129.503481,MLP,64,0.1,8,0.125,3,231.911,3.623609375,275967.93597543886,
0,6582,16129.815716,GB,100,0.05,4,0.04,20,362.632,3.62632,275761.65368748485,
0,6583,16130.242661,NB,32,0.1,5,0.15625,20,132.2,4.13125,242057.48865355525,
0,6584,16130.422758,RF,64,1.0,64,1.0,24,3141.143,49.080359375,20374.748936931555,
0,6585,16133.638553,SGD,64,0.1,1,0.015625,4,176.996,2.7655625,361590.0924314674,
0,6586,16133.855508,DT,8,1.0,8,1.0,0,93.394,11.67425,85658.60761933314,
0,6587,16134.017326,AB,32,0.0,0,0.0,29,8195.381,256.10565625,3904.6384786747562,
0,6588,16142.261309,SGD,32,0.01,0,0.0,14,155.011,4.84409375,206436.96253814246,
0,6589,16142.480456,LoR,32,0.1,3,0.09375,17,151.269,4.72715625,211543.67385254084,
0,6590,16142.668618,GB,1,0.0,0,0.0,3,251.314,251.314,3979.085924381451,4.0
0,6591,16156.040077,SGD,32,0.05,2,0.0625,17,163.933,5.12290625,195201.69825477482,
0,6592,16156.244885,RF,1,0.1,0,0.0,4,2994.428,2994.428,333.953596479862,9.99
0,6593,16172.206912,NB,16,0.5,6,0.375,27,122.798,7.674875,130295.28168211208,
0,6594,16172.368496,SGD,8,1.0,8,1.0,20,158.005,19.750625,50631.30913578685,
0,6595,16172.585404,NB,8,0.1,3,0.375,12,108.508,13.5635,73727.2827809931,
0,6596,16172.760048,MLP,64,0.5,29,0.453125,17,225.199,3.518734375,284193.09144356765,
0,6597,16173.073676,NB,100,0.1,11,0.11,1,148.226,1.48226,674645.4738035162,
0,6598,16173.269769,SGD,64,1.0,64,1.0,11,163.59,2.55609375,391221.95733235526,
0,6599,16173.50145,RF,64,0.05,6,0.09375,23,3285.253,51.332078125,19480.995831980064,
0,6600,16176.854308,DT,32,0.5,22,0.6875,6,97.425,3.04453125,328457.7880420837,
0,6601,16176.990983,GB,1,0.05,0,0.0,22,221.218,221.218,4520.42781328825,4.0
0,6602,16190.590491,LoR,8,0.5,4,0.5,28,188.034,23.50425,42545.49709095164,
0,6603,16190.822516,MLP,8,0.01,0,0.0,22,193.538,24.19225,41335.55167460653,
0,6604,16191.058793,DT,16,0.0,0,0.0,17,94.756,5.92225,168854.7427075858,
0,6605,16191.227023,LoR,64,0.1,11,0.171875,15,159.811,2.497046875,400473.0588007083,
0,6606,16191.458108,SGD,100,0.01,0,0.0,19,168.45,1.6844999999999999,593647.9667557139,
0,6607,16191.689241,NB,16,0.5,8,0.5,19,121.506,7.594125,131680.74004575907,
0,6608,16191.849809,MLP,8,0.01,0,0.0,8,177.676,22.2095,45025.77725747991,
0,6609,16192.066458,MLP,8,0.0,0,0.0,15,166.663,20.832875,48001.05602323251,
0,6610,16192.272851,DT,1,0.05,0,0.0,29,84.628,84.628,11816.420097367301,16.0
0,6611,16192.577487,DT,64,0.05,9,0.140625,15,94.543,1.477234375,676940.651343833,
0,6612,16192.727552,MLP,8,0.05,1,0.125,26,176.89,22.11125,45225.84657131551,
0,6613,16192.943091,LoR,8,0.0,0,0.0,18,146.135,18.266875,54743.90118725836,
0,6614,16193.147194,GB,16,0.5,5,0.3125,8,255.969,15.9980625,62507.56927596701,
0,6615,16193.473572,NB,64,0.05,2,0.03125,3,141.15,2.20546875,453418.34927382215,
0,6616,16193.671304,GB,16,0.5,6,0.375,23,232.188,14.51175,68909.67664134236,
0,6617,16193.944288,MLP,8,0.1,0,0.0,12,219.447,27.430875,36455.2716601275,
0,6618,16194.241781,GB,100,0.5,58,0.58,19,298.922,2.9892200000000004,334535.43064745987,
0,6619,16194.583024,GB,16,0.0,0,0.0,0,224.612,14.03825,71233.95010061795,
0,6620,16194.865239,MLP,100,1.0,100,1.0,23,243.829,2.4382900000000003,410123.4881822917,
0,6621,16195.149592,AB,8,0.0,0,0.0,11,8071.011,1008.876375,991.2017218165109,
0,6622,16203.287298,NB,32,0.1,3,0.09375,17,120.592,3.7685,265357.569324665,
0,6623,16203.483688,AB,100,0.1,12,0.12,23,8698.881,86.98881,11495.731462472013,
0,6624,16212.256141,RF,64,0.1,7,0.109375,24,3396.017,53.062765625,18845.606485479904,
0,6625,16215.731031,DT,64,0.01,0,0.0,1,112.193,1.753015625,570445.5714705909,
0,6626,16215.912895,LoR,64,0.1,5,0.078125,3,171.089,2.673265625,374074.312200083,
0,6627,16216.131295,DT,8,0.01,0,0.0,24,87.623,10.952875,91300.22939182635,
0,6628,16216.257883,LoR,8,0.05,0,0.0,20,179.316,22.4145,44613.97755916929,
0,6629,16216.491872,NB,64,0.01,0,0.0,7,134.064,2.09475,477383.9360305526,
0,6630,16216.686303,GB,32,0.5,18,0.5625,0,250.451,7.82659375,127769.50381511752,
0,6631,16216.987139,GB,64,1.0,64,1.0,8,260.529,4.070765625,245654.03467560234,
0,6632,16217.312293,GB,32,0.1,8,0.25,15,271.716,8.491125,117770.02458449262,
0,6633,16217.630767,GB,32,0.01,0,0.0,13,230.193,7.19353125,139013.78408552823,
0,6634,16217.905979,AB,16,0.0,0,0.0,24,8144.242,509.015125,1964.5781645486468,
0,6635,16226.096163,LoR,16,0.01,0,0.0,18,150.772,9.42325,106120.49982755419,
0,6636,16226.28885,RF,16,1.0,16,1.0,3,3038.518,189.907375,5265.724935642968,
0,6637,16229.403365,NB,64,0.5,42,0.65625,8,144.214,2.25334375,443784.930727946,
0,6638,16229.588305,LoR,16,0.0,0,0.0,3,159.615,9.9759375,100241.20540049493,
0,6639,16229.79852,NB,64,1.0,64,1.0,23,131.426,2.05353125,486966.0493357479,
0,6640,16230.028237,NB,64,0.01,1,0.015625,16,144.326,2.25509375,443440.5443232682,
0,6641,16230.227743,DT,8,0.1,1,0.125,0,92.324,11.5405,86651.35826004072,
0,6642,16230.379063,SGD,32,0.5,14,0.4375,9,161.58,5.049375,198044.31241490282,
0,6643,16230.620405,GB,100,0.05,6,0.06,1,280.911,2.80911,355984.63570312306,
0,6644,16230.9433,NB,1,0.01,0,0.0,21,107.529,107.529,9299.816793609167,
0,6645,16231.118728,GB,8,0.5,2,0.25,17,219.973,27.496625,36368.09972132943,
0,6646,16231.396225,NB,100,0.0,0,0.0,6,168.129,1.68129,594781.3881008036,
0,6647,16231.62898,MLP,32,0.1,3,0.09375,8,211.091,6.59659375,151593.3886333382,
0,6648,16231.890645,AB,64,0.0,0,0.0,20,8405.567,131.336984375,7614.001530176371,
0,6649,16240.349064,SGD,64,1.0,64,1.0,17,163.053,2.547703125,392510.410725347,
0,6650,16240.580656,DT,100,0.01,0,0.0,23,95.034,0.9503400000000001,1052254.9824273416,
0,6651,16240.718942,RF,32,0.0,0,0.0,1,3152.398,98.5124375,10151.00250666318,
0,6652,16243.939911,MLP,32,0.1,6,0.1875,15,210.269,6.57090625,152186.00934992795,
0,6653,16244.203802,AB,64,0.01,0,0.0,24,8385.009,131.015765625,7632.6692076299505,
0,6654,16252.634271,GB,8,0.0,0,0.0,26,214.34,26.7925,37323.8779509191,
0,6655,16252.911688,LoR,16,0.1,1,0.0625,22,155.389,9.7118125,102967.39151419984,
0,6656,16253.108128,MLP,8,0.1,0,0.0,29,172.742,21.59275,46311.840779891405,
0,6657,16253.318934,SGD,1,1.0,1,1.0,4,143.399,143.399,6973.549327401167,
0,6658,16253.644299,LoR,64,0.1,8,0.125,1,156.615,2.447109375,408645.4043354723,
0,6659,16253.83833,NB,1,0.0,0,0.0,20,102.036,102.036,9800.462581833863,
0,6660,16254.045968,DT,16,0.5,10,0.625,1,88.282,5.517625,181237.39833714688,
0,6661,16254.20085,RF,64,0.01,2,0.03125,18,3274.944,51.171,19542.318891559673,
0,6662,16257.528875,DT,64,0.0,0,0.0,20,99.97,1.56203125,640192.0576172852,
0,6663,16257.704913,SGD,100,0.01,0,0.0,5,179.7,1.797,556483.0272676684,
0,6664,16257.962343,AB,100,0.1,16,0.16,15,8676.607,86.76607,11525.242528559838,
0,6665,16266.711385,GB,64,0.5,34,0.53125,16,261.707,4.089171875,244548.29255617925,
0,6666,16267.013953,GB,8,0.0,0,0.0,19,220.041,27.505125,36356.860766857084,
0,6667,16267.305573,AB,64,0.5,30,0.46875,10,8403.291,131.301421875,7616.063754069686,
0,6668,16275.772168,SGD,8,0.5,1,0.125,6,153.465,19.183125,52129.14996904832,
0,6669,16275.989618,NB,32,0.05,2,0.0625,2,120.267,3.75834375,266074.65056915034,
0,6670,16276.146772,NB,8,0.0,0,0.0,17,104.5,13.0625,76555.02392344497,
0,6671,16276.288274,SGD,1,0.1,0,0.0,21,148.335,148.335,6741.497286547342,
0,6672,16276.590493,RF,16,0.01,0,0.0,18,3070.75,191.921875,5210.453472278759,
0,6673,16279.743332,AB,100,0.05,4,0.04,10,8652.858,86.52858,11556.87519661134,
0,6674,16288.477771,SGD,100,0.1,9,0.09,28,173.979,1.7397900000000002,574782.0139212203,
0,6675,16288.692242,AB,1,0.5,0,0.0,19,7772.247,7772.247,128.66292077439124,2.0
0,6676,16309.680947,SGD,1,1.0,1,1.0,14,175.905,175.905,5684.886728631932,
0,6677,16310.059375,GB,100,0.0,0,0.0,2,324.114,3.2411399999999997,308533.41725442285,
0,6678,16310.430006,SGD,32,0.0,0,0.0,15,171.335,5.35421875,186768.61120028014,
0,6679,16310.647397,GB,32,1.0,32,1.0,9,245.265,7.66453125,130471.12307096407,
0,6680,16310.953555,GB,100,1.0,100,1.0,12,295.954,2.95954,337890.34782432404,
0,6681,16311.295492,RF,32,0.0,0,0.0,9,3251.24,101.60125,9842.398592537002,
0,6682,16314.588732,MLP,1,0.0,0,0.0,16,193.252,193.252,5174.590689876431,
0,6683,16314.966984,LoR,32,0.1,3,0.09375,20,161.686,5.0526875,197914.47620696906,
0,6684,16315.170671,AB,16,0.0,0,0.0,13,8211.155,513.1971875,1948.568745809816,
0,6685,16323.442303,AB,100,0.0,0,0.0,9,8594.25,85.9425,11635.686650958489,
0,6686,16332.078077,RF,8,1.0,8,1.0,26,3032.484,379.0605,2638.101305728241,
0,6687,16335.154267,LoR,1,0.05,1,1.0,0,161.151,161.151,6205.360190132235,
0,6688,16335.467894,DT,1,0.01,0,0.0,9,87.856,87.856,11382.261883081406,16.0
0,6689,16335.754215,LoR,1,0.05,0,0.0,21,152.672,152.672,6549.989520016768,
0,6690,16336.063429,LoR,64,1.0,64,1.0,3,155.562,2.43065625,411411.52723672875,
0,6691,16336.27973,NB,16,0.05,2,0.125,8,120.128,7.508,133191.26265316995,
0,6692,16336.460993,LoR,16,0.5,8,0.5,26,152.741,9.5463125,104752.48950838346,
0,6693,16336.653573,SGD,1,0.01,0,0.0,19,144.057,144.057,6941.696689504849,
0,6694,16336.97772,LoR,64,0.05,5,0.078125,16,155.552,2.4305,411437.97572515946,
0,6695,16337.196073,GB,32,0.5,16,0.5,26,246.083,7.69009375,130037.42639678482,
0,6696,16337.500672,RF,100,0.0,0,0.0,8,3409.935,34.09935,29326.072197857146,
0,6697,16340.955842,LoR,8,0.01,0,0.0,2,164.181,20.522625,48726.710155255474,
0,6698,16341.171816,LoR,64,1.0,64,1.0,10,160.174,2.50271875,399565.4725486034,
0,6699,16341.385518,SGD,64,0.01,0,0.0,18,157.413,2.459578125,406573.78996652114,
0,6700,16341.611488,RF,64,0.5,35,0.546875,28,3265.462,51.02284375,19599.064389663698,
0,6701,16344.920432,LoR,1,0.5,1,1.0,11,161.364,161.364,6197.169133139982,
0,6702,16345.252308,RF,8,0.05,1,0.125,20,3010.262,376.28275,2657.5759850803684,
0,6703,16348.344922,GB,100,0.05,5,0.05,2,297.769,2.97769,335830.79501224105,
0,6704,16348.684517,LoR,8,1.0,8,1.0,13,161.781,20.222625,49449.56453477231,
0,6705,16348.886753,DT,1,0.05,0,0.0,4,87.285,87.285,11456.72223176949,16.0
0,6706,16349.184698,RF,100,1.0,100,1.0,16,3260.564,32.60564,30669.540607085157,
0,6707,16352.509268,MLP,8,0.5,7,0.875,2,203.468,25.4335,39318.22202999981,
0,6708,16352.777743,NB,32,0.05,2,0.0625,29,125.819,3.93184375,254333.60621209833,
0,6709,16352.945847,MLP,32,0.0,0,0.0,27,195.505,6.10953125,163678.67829467278,
0,6710,16353.192296,AB,64,1.0,64,1.0,27,8881.478,138.77309375,7206.007828877131,
0,6711,16362.165645,LoR,100,0.01,0,0.0,18,186.31,1.8631,536739.8421984864,
0,6712,16362.431163,SGD,64,0.05,2,0.03125,4,161.337,2.520890625,396685.19930332166,
0,6713,16362.633859,DT,16,0.0,0,0.0,1,86.458,5.403625,185060.9544518726,
0,6714,16362.759843,AB,1,0.5,0,0.0,26,8240.654,8240.654,121.34959191345735,2.0
0,6715,16384.30608,MLP,32,0.0,0,0.0,12,241.598,7.5499375,132451.42757804284,
0,6716,16384.594575,RF,1,0.5,0,0.0,24,3059.384,3059.384,326.863185530159,9.99
0,6717,16400.787142,AB,8,0.05,0,0.0,12,8026.263,1003.282875,996.7278670036105,
0,6718,16408.863783,DT,32,0.01,0,0.0,10,84.378,2.6368125,379245.7749650383,
0,6719,16408.992535,DT,32,1.0,32,1.0,18,82.306,2.5720625,388793.0406045732,
0,6720,16409.125418,SGD,64,1.0,64,1.0,9,171.901,2.685953125,372307.31642049784,
0,6721,16409.375909,LoR,100,0.5,54,0.54,18,169.003,1.69003,591705.4726839169,
0,6722,16409.584686,DT,1,0.5,0,0.0,15,84.107,84.107,11889.616797650611,16.0
0,6723,16409.864889,SGD,64,1.0,64,1.0,20,202.754,3.16803125,315653.4519664224,
0,6724,16410.145273,NB,100,0.05,6,0.06,11,166.014,1.6601400000000002,602358.8372065006,
0,6725,16410.387293,AB,100,0.01,2,0.02,10,8829.14,88.2914,11326.13142389859,
0,6726,16419.283932,RF,32,0.1,1,0.03125,25,3250.213,101.56915625,9845.508586668011,
0,6727,16422.575626,AB,1,1.0,1,1.0,24,7788.035,7788.035,128.40209372454026,2.0
0,6728,16443.780191,AB,16,1.0,16,1.0,12,8158.938,509.933625,1961.0395372535004,
0,6729,16452.00804,RF,16,0.1,2,0.125,10,3136.902,196.056375,5100.573750789792,
0,6730,16455.208521,SGD,8,0.05,1,0.125,7,181.186,22.64825,44153.52179528219,
0,6731,16455.461917,RF,64,0.05,3,0.046875,2,3366.597,52.603078125,19010.294371437984,
0,6732,16458.873747,MLP,8,0.05,0,0.0,18,208.742,26.09275,38324.8220291077,
0,6733,16459.13482,MLP,64,0.0,0,0.0,28,214.095,3.345234375,298932.71678460494,
0,6734,16459.39163,NB,8,0.05,0,0.0,16,116.596,14.5745,68612.98843871144,
0,6735,16459.565327,NB,100,1.0,100,1.0,22,147.083,1.47083,679888.2263755839,
0,6736,16459.786446,RF,100,0.1,11,0.11,12,3484.901,34.84901,28695.219749427604,
0,6737,16463.337305,AB,16,0.1,1,0.0625,26,8162.877,510.1798125,1960.0932367350383,
0,6738,16471.542142,DT,8,1.0,8,1.0,29,80.88,10.11,98911.96834817014,
0,6739,16471.669848,SGD,32,0.01,0,0.0,21,159.033,4.96978125,201216.09980318553,
0,6740,16471.869627,DT,1,0.1,0,0.0,10,82.99,82.99,12049.644535486204,16.0
0,6741,16472.151245,MLP,32,1.0,32,1.0,1,199.123,6.22259375,160704.69006593915,
0,6742,16472.391883,SGD,1,0.1,0,0.0,17,146.726,146.726,6815.424669111132,
0,6743,16472.689547,LoR,1,0.0,0,0.0,13,140.263,140.263,7129.463935606682,
0,6744,16472.969453,NB,1,0.0,0,0.0,2,102.195,102.195,9785.214540828809,
0,6745,16473.149854,GB,64,0.5,32,0.5,15,307.353,4.802390625,208229.6252192105,
0,6746,16473.524322,DT,100,0.0,0,0.0,27,103.998,1.0399800000000001,961556.9530183272,
0,6747,16473.665988,GB,1,1.0,1,1.0,25,217.283,217.283,4602.292862304,4.0
0,6748,16486.726116,NB,64,0.0,0,0.0,12,139.221,2.175328125,459700.76353423693,
0,6749,16486.905015,SGD,1,0.5,0,0.0,26,152.249,152.249,6568.1876399845,
0,6750,16487.207107,SGD,8,0.01,0,0.0,29,148.546,18.56825,53855.37140010502,
0,6751,16487.394851,GB,8,1.0,8,1.0,24,218.562,27.32025,36602.88613757194,
0,6752,16487.655402,DT,16,0.0,0,0.0,13,89.158,5.572375,179456.6948563225,
0,6753,16487.787366,NB,32,0.0,0,0.0,12,121.644,3.801375,263062.7075729177,
0,6754,16487.984701,GB,100,0.01,1,0.01,5,280.061,2.80061,357065.0679673357,
0,6755,16488.342736,NB,100,0.05,6,0.06,2,162.205,1.6220500000000002,616503.8069110076,
0,6756,16488.549972,LoR,32,0.05,0,0.0,20,161.223,5.03821875,198482.84674022935,
0,6757,16488.774839,AB,16,0.1,1,0.0625,24,8119.15,507.446875,1970.6496369693873,
0,6758,16496.933667,DT,1,0.0,0,0.0,24,78.857,78.857,12681.182393446365,16.0
0,6759,16497.193998,NB,1,1.0,1,1.0,25,105.116,105.116,9513.299592830777,
0,6760,16497.3635,GB,100,0.0,0,0.0,3,275.027,2.75027,363600.66466201504,
0,6761,16497.717824,LoR,100,0.01,1,0.01,10,176.002,1.7600200000000001,568175.3616436176,
0,6762,16497.933571,DT,1,0.1,0,0.0,17,125.787,125.787,7949.9471328515665,16.0
0,6763,16498.246346,SGD,1,0.01,0,0.0,18,151.789,151.789,6588.092681287841,
0,6764,16498.585742,LoR,100,0.01,1,0.01,15,165.186,1.65186,605378.1797488891,
0,6765,16498.811165,NB,16,0.05,1,0.0625,6,113.653,7.1033125,140779.38989731902,
0,6766,16498.980976,SGD,16,0.5,7,0.4375,20,152.424,9.5265,104970.34587728966,
0,6767,16499.207449,RF,64,0.5,30,0.46875,23,3372.618,52.69715625,18976.35605336863,
0,6768,16502.631221,SGD,8,1.0,8,1.0,0,180.702,22.58775,44271.784484953125,
0,6769,16502.853024,GB,8,1.0,8,1.0,28,248.623,31.077875,32177.232194929675,
0,6770,16503.171439,RF,32,0.05,1,0.03125,4,3234.191,101.06846875,9894.28268151139,
0,6771,16506.452045,MLP,8,0.01,0,0.0,23,207.96,25.995,38468.936333910366,
0,6772,16506.703359,LoR,8,0.05,0,0.0,12,155.202,19.40025,51545.72750351155,
0,6773,16506.899877,MLP,16,1.0,16,1.0,12,180.121,11.2575625,88829.17594283842,
0,6774,16507.127335,AB,32,0.01,0,0.0,8,8244.978,257.6555625,3881.1504409108193,
0,6775,16515.412742,AB,1,1.0,1,1.0,7,7849.148,7849.148,127.4023626513349,2.0
0,6776,16536.315745,AB,8,0.1,0,0.0,13,8044.672,1005.584,994.4470079078427,
0,6777,16544.423277,DT,100,1.0,100,1.0,6,89.618,0.89618,1115847.2628266644,
0,6778,16544.573056,MLP,8,0.01,1,0.125,26,184.836,23.1045,43281.6118072237,
0,6779,16544.799971,MLP,16,1.0,16,1.0,21,176.39,11.024375,90708.09002777936,
0,6780,16545.017361,GB,1,0.01,0,0.0,15,237.66,237.66,4207.691660355129,4.0
0,6781,16558.08632,MLP,8,1.0,8,1.0,16,184.638,23.07975,43328.025650191186,
0,6782,16558.33634,AB,32,0.5,15,0.46875,14,8132.011,254.12534375,3935.0660002796353,
0,6783,16566.534619,MLP,32,0.5,14,0.4375,29,194.702,6.0844375,164353.73031607276,
0,6784,16566.771164,LoR,1,0.1,0,0.0,13,147.095,147.095,6798.327611407593,
0,6785,16567.075508,GB,1,0.05,0,0.0,4,207.655,207.655,4815.679853603332,4.0
0,6786,16580.027845,SGD,16,0.0,0,0.0,11,172.905,10.8065625,92536.36389925104,
0,6787,16580.248467,AB,32,1.0,32,1.0,2,8080.246,252.5076875,3960.2754668607863,
0,6788,16588.413154,NB,100,0.05,6,0.06,24,156.25,1.5625,640000.0,
0,6789,16588.608605,DT,16,1.0,16,1.0,6,86.824,5.4265,184280.84400626554,
0,6790,16588.742629,SGD,64,0.0,0,0.0,21,162.681,2.541890625,393407.95790534845,
0,6791,16588.942298,GB,1,1.0,1,1.0,29,222.489,222.489,4494.604227624736,4.0
0,6792,16601.689315,GB,1,0.1,1,1.0,7,206.013,206.013,4854.062607699514,4.0
0,6793,16614.587597,LoR,100,0.1,10,0.1,15,175.241,1.7524100000000002,570642.7148897803,
0,6794,16614.806753,RF,32,1.0,32,1.0,24,3283.997,102.62490625,9744.223274259995,
0,6795,16618.164702,AB,64,0.5,28,0.4375,0,8449.096,132.017125,7574.774863488355,
0,6796,16626.655345,AB,8,1.0,8,1.0,6,7792.583,974.072875,1026.617233335853,
0,6797,16634.493852,AB,32,1.0,32,1.0,28,7982.721,249.46003125,4008.658200631088,
0,6798,16642.517371,NB,8,1.0,8,1.0,27,111.859,13.982375,71518.6082478835,
0,6799,16642.678063,GB,64,1.0,64,1.0,13,257.372,4.0214375,248667.29869605083,
0,6800,16642.974987,MLP,8,1.0,8,1.0,22,201.023,25.127875,39796.4412032454,
0,6801,16643.217856,AB,8,0.1,0,0.0,27,7812.02,976.5025,1024.062918425708,
0,6802,16651.091612,MLP,16,0.5,6,0.375,3,180.87,11.304375,88461.32581412063,
0,6803,16651.341348,MLP,64,0.05,4,0.0625,6,201.034,3.14115625,318354.1092551509,
0,6804,16651.604194,LoR,32,0.01,1,0.03125,6,149.245,4.66390625,214412.54313377332,
0,6805,16651.819007,SGD,64,0.1,10,0.15625,21,153.571,2.399546875,416745.3490567881,
0,6806,16652.033368,DT,32,0.05,1,0.03125,21,89.534,2.7979375,357406.125047468,
0,6807,16652.171949,DT,64,0.01,0,0.0,17,87.061,1.360328125,735116.7572162047,
0,6808,16652.316559,DT,32,0.1,5,0.15625,24,82.922,2.5913125,385904.82622223295,
0,6809,16652.434981,RF,8,0.0,0,0.0,28,3023.593,377.949125,2645.8587514920164,
0,6810,16655.504168,RF,16,0.01,0,0.0,5,2971.846,185.740375,5383.859055953774,
0,6811,16658.559659,RF,100,0.1,9,0.09,18,3350.253,33.50253,29848.49203925793,
0,6812,16661.958502,RF,32,0.01,0,0.0,16,3040.728,95.02275,10523.795617365315,
0,6813,16665.041533,NB,1,0.5,0,0.0,21,110.8,110.8,9025.270758122744,
0,6814,16665.230705,NB,64,0.5,31,0.484375,0,130.271,2.035484375,491283.5550506253,
0,6815,16665.433972,MLP,100,0.01,3,0.03,21,239.096,2.39096,418242.0450363034,
0,6816,16665.711045,NB,1,0.0,0,0.0,21,100.364,100.364,9963.732015463711,
0,6817,16665.881081,GB,32,0.5,20,0.625,5,253.446,7.9201875,126259.6371613677,
0,6818,16666.19443,LoR,100,0.01,0,0.0,16,172.574,1.72574,579461.564314439,
0,6819,16666.435619,LoR,64,0.1,9,0.140625,4,156.351,2.442984375,409335.40559382417,
0,6820,16666.628671,RF,1,1.0,1,1.0,25,2888.456,2888.456,346.2057237499896,7.58
0,6821,16682.324753,AB,64,0.0,0,0.0,9,8325.579,130.087171875,7687.153049655766,
0,6822,16690.704572,MLP,1,0.5,0,0.0,9,165.241,165.241,6051.766813321148,
0,6823,16691.049734,RF,1,0.5,1,1.0,27,2871.957,2871.957,348.19462826219194,7.88
0,6824,16706.717092,NB,32,0.5,21,0.65625,3,124.484,3.890125,257061.14842068058,
0,6825,16706.878392,GB,8,0.0,0,0.0,5,219.809,27.476125,36395.234044101926,
0,6826,16707.156539,AB,8,0.1,2,0.25,26,7910.933,988.866625,1011.2587225805098,
0,6827,16715.106375,AB,1,0.0,0,0.0,18,7739.699,7739.699,129.20399100791906,2.0
0,6828,16735.494317,GB,100,0.1,10,0.1,8,291.105,2.9110500000000004,343518.6616512942,
0,6829,16735.844875,NB,100,1.0,100,1.0,10,150.145,1.5014500000000002,666022.8445835692,
0,6830,16736.031619,SGD,1,0.0,0,0.0,5,155.823,155.823,6417.537847429455,
0,6831,16736.33751,RF,16,1.0,16,1.0,13,2959.802,184.987625,5405.767007387656,
0,6832,16739.340266,RF,1,0.05,0,0.0,16,3009.649,3009.649,332.26465943370806,9.18
0,6833,16755.088178,AB,64,0.5,36,0.5625,14,8243.977,128.812140625,7763.243395754257,
0,6834,16763.371442,MLP,1,1.0,1,1.0,10,168.628,168.628,5930.213250468488,
0,6835,16763.695323,AB,32,0.0,0,0.0,27,7913.502,247.2969375,4043.7217302782,
0,6836,16771.653753,GB,16,0.01,0,0.0,19,216.946,13.559125,73751.07169526057,
0,6837,16771.916086,LoR,32,1.0,32,1.0,28,153.372,4.792875,208643.03784263096,
0,6838,16772.112981,RF,32,1.0,32,1.0,16,3032.067,94.75209375,10553.856494595932,
0,6839,16775.187005,GB,8,1.0,8,1.0,9,225.433,28.179125,35487.2622907915,
0,6840,16775.466189,NB,64,0.01,0,0.0,25,137.172,2.1433125,466567.52106843964,
0,6841,16775.643611,NB,8,0.01,0,0.0,8,106.772,13.3465,74926.01056456749,
0,6842,16775.80979,RF,32,0.1,2,0.0625,22,3072.897,96.02803125,10413.625969240102,
0,6843,16778.943682,NB,100,1.0,100,1.0,0,153.161,1.53161,652907.7245512891,
0,6844,16779.136577,RF,16,0.0,0,0.0,26,3563.098,222.693625,4490.4743007349225,
0,6845,16782.765874,DT,64,0.0,0,0.0,3,118.328,1.848875,540869.4476370766,
0,6846,16782.930663,AB,8,0.05,0,0.0,15,8223.875,1027.984375,972.7774315635877,
0,6847,16791.21814,MLP,16,0.5,11,0.6875,27,202.741,12.6713125,78918.42301261214,
0,6848,16791.483483,AB,8,0.05,1,0.125,6,7914.274,989.28425,1010.8318210868109,
0,6849,16799.443167,DT,16,0.01,0,0.0,10,80.112,5.007,199720.39145196727,
0,6850,16799.602167,DT,100,0.5,39,0.39,3,87.828,0.8782800000000001,1138589.0604363072,
0,6851,16799.726678,AB,8,0.0,0,0.0,24,7895.031,986.878875,1013.2955779400993,
0,6852,16807.700919,NB,100,0.5,43,0.43,22,151.946,1.51946,658128.5456675398,
0,6853,16807.891781,DT,1,0.1,0,0.0,24,84.343,84.343,11856.348481794577,16.0
0,6854,16808.206579,RF,64,0.05,3,0.046875,7,3336.137,52.127140625,19183.86445160975,
0,6855,16811.604212,AB,8,0.05,2,0.25,5,8114.177,1014.272125,985.9287023194096,
0,6856,16819.760714,NB,1,0.01,0,0.0,9,103.992,103.992,9616.124317255173,
0,6857,16819.920508,GB,32,0.05,0,0.0,12,261.314,8.1660625,122458.03898757815,
0,6858,16820.232199,DT,64,1.0,64,1.0,28,92.934,1.45209375,688660.7700088235,
0,6859,16820.361087,MLP,1,1.0,1,1.0,27,179.384,179.384,5574.633189136155,
0,6860,16820.704033,RF,32,0.01,0,0.0,1,3241.928,101.31025,9870.6695521924,
0,6861,16823.989656,GB,16,1.0,16,1.0,17,246.204,15.38775,64986.75894786437,
0,6862,16824.314326,AB,100,0.5,54,0.54,27,8469.208,84.69208,11807.479518746026,
0,6863,16832.850229,NB,32,0.1,2,0.0625,21,120.941,3.77940625,264591.82576628274,
0,6864,16833.008651,NB,8,1.0,8,1.0,28,103.471,12.933875,77316.34950855795,
0,6865,16833.146862,DT,1,1.0,1,1.0,20,83.425,83.425,11986.814504045551,11.0
0,6866,16833.442022,SGD,100,1.0,100,1.0,10,177.067,1.77067,564757.9729706834,
0,6867,16833.68286,SGD,16,0.05,1,0.0625,23,150.687,9.4179375,106180.36061504974,
0,6868,16833.914132,NB,100,0.01,2,0.02,17,157.973,1.57973,633019.5666348046,
0,6869,16834.126265,GB,8,0.5,4,0.5,12,216.643,27.080375,36927.11049976228,
0,6870,16834.399861,RF,100,1.0,100,1.0,0,3265.91,32.659099999999995,30619.33733630137,
0,6871,16837.71987,DT,64,0.01,0,0.0,19,98.412,1.5376875,650327.1958704223,
0,6872,16837.8777,RF,16,0.1,1,0.0625,21,3021.143,188.8214375,5296.008828446717,
0,6873,16840.959915,DT,8,0.5,4,0.5,24,120.506,15.06325,66386.73593016116,
0,6874,16841.155634,NB,100,0.01,1,0.01,23,151.15,1.5115,661594.4426066821,
0,6875,16841.345139,MLP,16,0.0,0,0.0,2,191.74,11.98375,83446.33357671846,
0,6876,16841.593385,MLP,100,1.0,100,1.0,10,226.664,2.2666399999999998,441181.6609607172,
0,6877,16841.885181,AB,32,0.1,2,0.0625,5,8024.469,250.76465625,3987.802806640539,
0,6878,16849.985424,NB,64,0.1,5,0.078125,26,131.954,2.06178125,485017.5061006108,
0,6879,16850.165492,AB,64,0.0,0,0.0,7,8158.402,127.47503125,7844.673503463056,
0,6880,16858.385732,SGD,16,0.5,9,0.5625,11,150.91,9.431875,106023.45769001392,
0,6881,16858.573863,MLP,1,0.0,0,0.0,14,157.719,157.719,6340.390187612146,
0,6882,16858.878438,GB,1,0.1,0,0.0,23,203.428,203.428,4915.744145348723,4.0
0,6883,16871.587906,RF,100,0.01,0,0.0,12,3371.272,33.71272,29662.394490862796,
0,6884,16875.002469,GB,1,0.05,1,1.0,20,215.79,215.79,4634.135038695028,4.0
0,6885,16887.800938,RF,100,0.5,44,0.44,4,3798.984,37.98984,26322.827366474827,
0,6886,16891.694319,LoR,8,0.01,0,0.0,9,312.016,39.002,25639.710784062354,
0,6887,16892.113278,AB,32,0.05,2,0.0625,23,8186.409,255.82528125,3908.917817323811,
0,6888,16900.344345,RF,8,0.01,0,0.0,5,3093.788,386.7235,2585.82682459173,
0,6889,16903.481129,MLP,1,0.01,0,0.0,19,192.006,192.006,5208.1705780027705,
0,6890,16903.874081,DT,100,0.05,1,0.01,24,98.282,0.9828199999999999,1017480.3117559676,
0,6891,16904.007962,MLP,1,1.0,1,1.0,7,165.013,165.013,6060.128595928805,
0,6892,16904.321634,SGD,1,0.1,0,0.0,19,177.312,177.312,5639.776213679841,
0,6893,16904.641567,NB,8,0.05,0,0.0,7,114.883,14.360375,69636.06451781378,
0,6894,16904.79826,AB,16,0.01,0,0.0,21,7932.375,495.7734375,2017.0503789848563,
0,6895,16912.76945,GB,1,0.0,0,0.0,5,236.335,236.335,4231.281866841559,4.0
0,6896,16925.929915,AB,8,0.1,2,0.25,28,7838.629,979.828625,1020.5866357496956,
0,6897,16933.823273,DT,64,0.01,0,0.0,16,86.142,1.34596875,742959.29976086,
0,6898,16933.948634,AB,1,0.05,0,0.0,13,7703.921,7703.921,129.80403096033825,2.0
0,6899,16954.371411,NB,16,0.01,0,0.0,28,117.469,7.3418125,136206.14800500558,
0,6900,16954.525378,NB,1,0.0,0,0.0,0,97.803,97.803,10224.63523613795,
0,6901,16954.706493,MLP,100,0.05,8,0.08,14,256.802,2.56802,389405.06693873095,
0,6902,16955.071203,MLP,100,0.5,50,0.5,3,228.868,2.28868,436933.0793295699,
0,6903,16955.339248,GB,1,0.01,0,0.0,7,216.978,216.978,4608.762178654057,4.0
0,6904,16968.577566,NB,1,0.5,0,0.0,18,125.913,125.913,7941.99169267669,
0,6905,16968.763296,RF,16,0.01,0,0.0,13,3418.693,213.6683125,4680.151157181999,
0,6906,16972.313556,RF,64,0.05,5,0.078125,18,3596.815,56.200234375,17793.520100422178,
0,6907,16976.037956,DT,64,0.5,32,0.5,13,156.735,2.448984375,408332.5358088493,
0,6908,16976.245178,SGD,16,0.01,0,0.0,27,207.039,12.9399375,77280.12596660534,
0,6909,16976.511137,AB,64,1.0,64,1.0,18,8745.803,136.653171875,7317.79574728587,
0,6910,16985.325731,MLP,32,1.0,32,1.0,21,233.647,7.30146875,136958.7454578916,
0,6911,16985.632775,DT,32,0.05,1,0.03125,18,93.296,2.9155,342994.3405933802,
0,6912,16985.787445,DT,100,1.0,100,1.0,19,93.269,0.93269,1072167.6012394256,
0,6913,16985.939261,MLP,16,0.5,10,0.625,29,225.41,14.088125,70981.76655871523,
0,6914,16986.216531,LoR,64,0.0,0,0.0,20,163.714,2.55803125,390925.63861367997,
0,6915,16986.439552,MLP,8,0.5,7,0.875,1,169.365,21.170625,47235.26112242789,
0,6916,16986.650532,SGD,8,0.01,0,0.0,12,147.996,18.4995,54055.51501391929,
0,6917,16986.849808,NB,32,0.01,0,0.0,3,126.819,3.96309375,252328.1211805802,
0,6918,16987.014392,SGD,8,0.0,0,0.0,1,148.818,18.60225,53756.93800481124,
0,6919,16987.222654,LoR,16,0.5,12,0.75,25,148.038,9.252375,108080.35774598413,
0,6920,16987.438676,SGD,64,0.05,3,0.046875,7,156.386,2.44353125,409243.794201527,
0,6921,16987.63458,RF,1,0.05,0,0.0,29,3077.64,3077.64,324.92429263981495,9.99
0,6922,17003.904794,LoR,8,1.0,8,1.0,19,160.686,20.08575,49786.54020885453,
0,6923,17004.107127,LoR,1,0.1,0,0.0,27,146.391,146.391,6831.02103271376,
0,6924,17004.407673,AB,1,0.01,0,0.0,13,8039.116,8039.116,124.39178636058989,2.0
0,6925,17025.653226,NB,32,0.0,0,0.0,22,143.255,4.47671875,223377.8925691948,
0,6926,17025.864943,SGD,32,0.01,1,0.03125,25,219.361,6.85503125,145878.2554784123,
0,6927,17026.174203,MLP,100,0.01,1,0.01,4,252.061,2.52061,396729.36313035333,
0,6928,17026.485879,RF,8,0.1,1,0.125,2,3114.912,389.364,2568.2908538026118,
0,6929,17029.663231,RF,8,0.1,2,0.25,1,3064.11,383.01375,2610.872325079713,
0,6930,17032.787941,NB,100,1.0,100,1.0,23,162.419,1.62419,615691.5139238635,
0,6931,17032.990949,DT,1,0.05,1,1.0,0,91.257,91.257,10958.063491019866,4.0
0,6932,17033.276999,LoR,8,0.01,0,0.0,5,161.916,20.2395,49408.3351861459,
0,6933,17033.477708,AB,1,0.0,0,0.0,8,7804.962,7804.962,128.12362187029225,2.0
0,6934,17054.328336,RF,100,0.05,6,0.06,3,3385.41,33.854099999999995,29538.519706623425,
0,6935,17057.796379,AB,16,1.0,16,1.0,16,8592.6,537.0375,1862.0673602867582,
0,6936,17066.45824,AB,32,1.0,32,1.0,18,8115.186,253.5995625,3943.2244682993096,
0,6937,17074.654501,SGD,64,0.5,36,0.5625,29,186.642,2.91628125,342902.45496726356,
0,6938,17074.923162,MLP,100,0.5,49,0.49,17,257.588,2.57588,388216.84239949065,
0,6939,17075.220815,LoR,8,0.0,0,0.0,4,149.685,18.710625,53445.569028292746,
0,6940,17075.428286,DT,100,1.0,100,1.0,23,95.43,0.9543,1047888.5046631037,
0,6941,17075.563249,AB,1,0.05,0,0.0,9,7796.613,7796.613,128.2608230009621,2.0
0,6942,17096.876609,DT,100,0.5,54,0.54,12,107.196,1.07196,932870.6295011009,
0,6943,17097.054051,LoR,64,0.01,2,0.03125,14,183.554,2.86803125,348671.23571265134,
0,6944,17097.277989,DT,1,0.5,1,1.0,14,85.459,85.459,11701.517686843983,13.0
0,6945,17097.567515,GB,100,1.0,100,1.0,25,332.626,3.3262599999999996,300637.9537378317,
0,6946,17097.94658,MLP,32,0.0,0,0.0,21,254.966,7.9676875,125506.93033580948,
0,6947,17098.253483,GB,32,0.01,0,0.0,1,249.094,7.7841875,128465.55918649185,
0,6948,17098.543881,LoR,1,0.01,0,0.0,7,152.684,152.684,6549.474732126484,
0,6949,17098.885019,LoR,64,0.1,5,0.078125,13,159.826,2.49728125,400435.4735775156,
0,6950,17099.103779,DT,16,0.5,10,0.625,13,88.049,5.5030625,181716.99848947744,
0,6951,17099.229667,GB,1,0.05,0,0.0,19,202.856,202.856,4929.605237212604,4.0
0,6952,17112.254535,NB,1,0.0,0,0.0,10,114.041,114.041,8768.776141913873,
0,6953,17112.434792,SGD,8,0.5,3,0.375,28,158.947,19.868375,50331.24248963491,
0,6954,17112.662927,NB,64,0.5,34,0.53125,1,134.32,2.09875,476474.09172126267,
0,6955,17112.836246,DT,16,0.0,0,0.0,5,90.223,5.6389375,177338.37269875754,
0,6956,17112.961599,AB,1,0.0,0,0.0,27,7935.357,7935.357,126.01827491819209,2.0
0,6957,17133.794442,NB,8,0.0,0,0.0,29,116.193,14.524125,68850.96348317024,
0,6958,17133.977569,SGD,32,0.1,5,0.15625,25,161.841,5.05753125,197724.92755235077,
0,6959,17134.198706,RF,16,0.1,3,0.1875,17,3152.749,197.0468125,5074.936190606992,
0,6960,17137.394431,NB,8,0.0,0,0.0,9,120.703,15.087875,66278.38578991409,
0,6961,17137.555143,NB,1,0.5,1,1.0,16,102.526,102.526,9753.623471119521,
0,6962,17137.711634,MLP,32,0.05,0,0.0,18,208.43,6.5134375,153528.76265412848,
0,6963,17137.960333,AB,1,0.5,0,0.0,3,8358.611,8358.611,119.63710238459475,2.0
0,6964,17159.188428,AB,16,0.5,6,0.375,0,8057.045,503.5653125,1985.839721634917,
0,6965,17167.288876,SGD,16,0.0,0,0.0,25,154.132,9.63325,103807.12635922455,
0,6966,17167.486304,DT,8,0.05,0,0.0,5,87.565,10.945625,91360.70347741678,
0,6967,17167.616574,RF,32,0.0,0,0.0,27,3144.922,98.2788125,10175.133119358763,
0,6968,17170.825503,GB,100,1.0,100,1.0,9,314.58,3.1458,317884.1630109988,
0,6969,17171.220014,DT,100,0.1,12,0.12,29,102.702,1.02702,973690.87262176,
0,6970,17171.365957,NB,32,1.0,32,1.0,28,126.304,3.947,253356.97998479859,
0,6971,17171.533734,LoR,16,0.01,0,0.0,0,158.617,9.9135625,100871.9115857695,
0,6972,17171.744483,GB,64,0.05,0,0.0,1,262.682,4.10440625,243640.5996604259,
0,6973,17172.051701,GB,16,0.01,0,0.0,2,220.8,13.8,72463.76811594203,
0,6974,17172.323815,GB,64,1.0,64,1.0,2,253.436,3.9599375,252529.23815085465,
0,6975,17172.639771,MLP,16,0.05,1,0.0625,18,200.927,12.5579375,79630.91072877214,
0,6976,17172.919452,GB,100,0.05,7,0.07,17,287.688,2.87688,347598.78757542896,
0,6977,17173.25059,RF,8,0.05,0,0.0,19,3025.137,378.142125,2644.508331358216,
0,6978,17176.341003,LoR,16,0.1,2,0.125,9,168.024,10.5015,95224.49173927534,
0,6979,17176.580008,GB,64,0.01,2,0.03125,0,261.214,4.08146875,245009.83867633436,
0,6980,17176.901062,NB,100,1.0,100,1.0,18,155.737,1.55737,642108.1695422411,
0,6981,17177.125505,MLP,64,0.1,9,0.140625,27,221.086,3.45446875,289480.1118116932,
0,6982,17177.391168,MLP,32,1.0,32,1.0,8,187.168,5.849,170969.39647803042,
0,6983,17177.619527,NB,16,1.0,16,1.0,16,112.822,7.051375,141816.31242133628,
0,6984,17177.78985,SGD,16,0.1,2,0.125,24,154.029,9.6268125,103876.54272896663,
0,6985,17178.007952,AB,1,0.5,0,0.0,6,7824.107,7824.107,127.81011302631725,2.0
0,6986,17199.469034,LoR,1,0.0,0,0.0,21,180.047,180.047,5554.10531694502,
0,6987,17199.862983,MLP,100,0.5,49,0.49,9,256.143,2.5614299999999997,390406.9211338979,
0,6988,17200.161301,RF,1,0.05,0,0.0,6,3101.653,3101.653,322.40872850702516,10.5
0,6989,17216.346801,NB,64,0.01,1,0.015625,14,149.997,2.343703125,426675.20017067005,
0,6990,17216.536837,AB,1,0.01,0,0.0,0,7909.026,7909.026,126.4378192712984,2.0
0,6991,17237.449913,GB,8,0.0,0,0.0,24,259.487,32.435875,30830.0608508326,
0,6992,17237.762162,LoR,64,1.0,64,1.0,2,174.463,2.725984375,366839.9603354293,
0,6993,17237.981109,MLP,8,0.0,0,0.0,22,182.66,22.8325,43797.218876601335,
0,6994,17238.210719,SGD,32,0.05,0,0.0,25,153.046,4.7826875,209087.46389974258,
0,6995,17238.401897,DT,1,1.0,1,1.0,28,85.19,85.19,11738.466956215518,11.0
0,6996,17238.711252,LoR,100,0.05,2,0.02,23,175.96,1.7596,568310.9797681291,
0,6997,17238.970671,NB,100,0.1,7,0.07,8,150.328,1.50328,665212.0696077909,
0,6998,17239.156709,GB,1,0.0,0,0.0,18,223.828,223.828,4467.716282145218,4.0
0,6999,17252.207115,RF,32,0.05,1,0.03125,12,3188.659,99.64559375,10035.566675520964,
0,7000,17255.459343,SGD,8,0.1,2,0.25,1,167.33,20.91625,47809.71732504631,
0,7001,17255.667586,DT,1,0.5,0,0.0,23,88.206,88.206,11337.097249620207,16.0
0,7002,17255.94623,MLP,8,0.1,0,0.0,22,184.763,23.095375,43298.71240453987,
0,7003,17256.174101,NB,16,0.0,0,0.0,26,115.541,7.2213125,138478.98148709117,
0,7004,17256.326512,DT,1,1.0,1,1.0,18,87.002,87.002,11493.988643939221,4.0
0,7005,17256.619854,SGD,8,0.5,4,0.5,24,158.128,19.766,50591.92552868563,
0,7006,17256.835765,DT,100,1.0,100,1.0,28,98.384,0.98384,1016425.4350300862,
0,7007,17257.009702,SGD,100,0.5,41,0.41,15,171.151,1.71151,584279.379027876,
0,7008,17257.225956,MLP,32,0.1,0,0.0,18,190.66,5.958125,167838.03629497535,
0,7009,17257.49189,DT,100,0.05,10,0.1,15,97.179,0.97179,1029028.9054219533,
0,7010,17257.625994,DT,8,0.0,0,0.0,19,83.758,10.46975,95513.2644045942,
0,7011,17257.782233,MLP,100,0.1,10,0.1,17,237.006,2.37006,421930.24649165,
0,7012,17258.059136,NB,1,0.05,0,0.0,3,103.383,103.383,9672.770184653184,
0,7013,17258.246232,LoR,100,0.05,6,0.06,19,169.925,1.6992500000000001,588494.9242312785,
0,7014,17258.456302,RF,16,1.0,16,1.0,4,3031.073,189.4420625,5278.658745599331,
0,7015,17261.551141,GB,8,0.1,1,0.125,18,236.902,29.61275,33769.23791272341,
0,7016,17261.848303,AB,8,0.5,5,0.625,18,8028.719,1003.589875,996.4229661045554,
0,7017,17269.937606,DT,100,0.0,0,0.0,7,95.612,0.95612,1045893.8208593064,
0,7018,17270.090079,RF,100,0.0,0,0.0,0,3376.96,33.7696,29612.432483653938,
0,7019,17273.54866,NB,100,0.05,3,0.03,22,160.798,1.60798,621898.2823169442,
0,7020,17273.750847,DT,8,0.05,0,0.0,29,93.935,11.741875,85165.27385958376,
0,7021,17273.902649,AB,16,0.5,10,0.625,22,8136.958,508.559875,1966.3368054744783,
0,7022,17282.113851,LoR,64,0.5,30,0.46875,16,168.704,2.636,379362.6707132018,
0,7023,17282.320872,AB,1,0.0,0,0.0,13,7741.618,7741.618,129.17196379361522,2.0
0,7024,17302.943372,SGD,8,0.01,1,0.125,27,160.974,20.12175,49697.466671636415,
0,7025,17303.163517,DT,8,0.1,1,0.125,22,88.994,11.12425,89893.70069892352,
0,7026,17303.300268,DT,64,0.0,0,0.0,18,94.058,1.46965625,680431.2232877585,
0,7027,17303.43548,RF,32,0.0,0,0.0,0,3113.012,97.281625,10279.433551814127,
0,7028,17306.61637,RF,32,0.5,18,0.5625,26,3109.68,97.1775,10290.447891744489,
0,7029,17309.80916,LoR,100,0.5,43,0.43,12,218.732,2.18732,457180.4765649288,
0,7030,17310.102319,DT,16,0.01,0,0.0,12,108.488,6.7805,147481.7491335447,
0,7031,17310.25363,RF,16,0.01,0,0.0,16,3451.805,215.7378125,4635.256047198495,
0,7032,17313.800431,LoR,100,0.1,11,0.11,20,226.11,2.2611000000000003,442262.6155411083,
0,7033,17314.068987,DT,1,0.01,0,0.0,16,91.634,91.634,10912.979898291027,17.0
0,7034,17314.396014,LoR,1,0.05,0,0.0,16,154.701,154.701,6464.082326552511,
0,7035,17314.74356,SGD,64,0.05,2,0.03125,9,160.93,2.51453125,397688.4359659479,
0,7036,17314.95102,LoR,32,0.01,0,0.0,7,148.435,4.63859375,215582.57823289654,
0,7037,17315.136201,SGD,1,0.0,0,0.0,21,139.48,139.48,7169.486664754804,
0,7038,17315.456178,LoR,64,0.05,3,0.046875,4,155.171,2.424546875,412448.20230584324,
0,7039,17315.650836,LoR,1,0.05,0,0.0,9,138.101,138.101,7241.077182641689,
0,7040,17315.960816,MLP,64,0.05,6,0.09375,11,224.364,3.5056875,285250.75324027025,
0,7041,17316.22562,RF,1,0.1,0,0.0,18,3148.117,3148.117,317.65020169199556,9.99
0,7042,17332.433101,LoR,100,0.01,3,0.03,26,177.793,1.77793,562451.8400611947,
0,7043,17332.651695,DT,1,0.1,0,0.0,14,86.295,86.295,11588.156903644474,16.0
0,7044,17332.930674,GB,32,0.01,0,0.0,17,270.298,8.4468125,118387.85340624052,
0,7045,17333.244082,NB,8,0.01,0,0.0,27,121.741,15.217625,65713.27654611018,
0,7046,17333.424343,RF,16,0.05,1,0.0625,1,3072.547,192.0341875,5207.406103145046,
0,7047,17336.538231,LoR,1,1.0,1,1.0,18,161.717,161.717,6183.641793998157,
0,7048,17336.870431,MLP,8,0.5,6,0.75,15,185.345,23.168125,43162.75054627856,
0,7049,17337.133548,SGD,100,0.05,8,0.08,11,167.711,1.67711,596263.8109605213,
0,7050,17337.351495,SGD,64,1.0,64,1.0,10,156.116,2.4393125,409951.57447026565,
0,7051,17337.557492,AB,64,1.0,64,1.0,2,8377.137,130.892765625,7639.841630857893,
0,7052,17345.981527,AB,1,0.1,0,0.0,16,7745.096,7745.096,129.113958045194,2.0
0,7053,17367.415447,DT,32,0.0,0,0.0,27,170.785,5.33703125,187370.0851948356,
0,7054,17367.648621,RF,16,1.0,16,1.0,7,3157.394,197.337125,5067.47019852448,
0,7055,17370.855222,MLP,32,1.0,32,1.0,7,244.034,7.6260625,131129.26887237024,
0,7056,17371.184485,RF,100,0.01,1,0.01,13,3511.056,35.11056,28481.459708987837,
0,7057,17374.74169,NB,1,0.05,0,0.0,18,128.443,128.443,7785.554681843307,
0,7058,17374.922624,RF,1,0.1,0,0.0,24,3224.938,3224.938,310.0834806746672,10.11
0,7059,17391.444547,NB,32,0.05,2,0.0625,8,137.301,4.29065625,233064.5807386691,
0,7060,17391.622388,GB,1,0.01,0,0.0,24,252.558,252.558,3959.486533786299,4.0
0,7061,17404.790098,RF,1,0.0,0,0.0,17,3010.41,3010.41,332.180666420853,9.99
0,7062,17420.934224,AB,64,0.0,0,0.0,25,8497.396,132.7718125,7531.7191290131705,
0,7063,17429.49942,LoR,32,0.5,12,0.375,28,174.36,5.44875,183528.33218628124,
0,7064,17429.744013,AB,64,0.5,36,0.5625,1,8345.969,130.405765625,7668.372599994082,
0,7065,17438.131458,DT,8,0.0,0,0.0,3,80.16,10.02,99800.39920159681,
0,7066,17438.257446,MLP,32,0.01,0,0.0,26,209.438,6.5449375,152789.84711465923,
0,7067,17438.571208,AB,100,0.01,1,0.01,17,9197.905,91.97905,10872.040970199192,
0,7068,17447.849356,DT,16,0.05,1,0.0625,9,86.565,5.4103125,184832.20701207186,
0,7069,17447.976989,SGD,8,0.1,0,0.0,2,167.477,20.934625,47767.7531840193,
0,7070,17448.185388,SGD,16,0.0,0,0.0,1,148.467,9.2791875,107768.0562010413,
0,7071,17448.393339,DT,16,0.05,1,0.0625,16,86.038,5.377375,185964.34133754854,
0,7072,17448.535796,GB,16,0.5,7,0.4375,5,264.123,16.5076875,60577.8368411687,
0,7073,17448.84091,NB,1,0.5,1,1.0,4,111.41,111.41,8975.854950184006,
0,7074,17449.001078,SGD,1,0.05,0,0.0,22,149.745,149.745,6678.019299475775,
0,7075,17449.313252,MLP,8,0.01,0,0.0,1,185.63,23.20375,43096.48224963638,
0,7076,17449.543141,SGD,16,0.01,0,0.0,21,147.267,9.2041875,108646.20043865904,
0,7077,17449.742323,DT,64,1.0,64,1.0,7,91.618,1.43153125,698552.686153376,
0,7078,17449.890953,LoR,8,0.5,5,0.625,26,186.682,23.33525,42853.622738132224,
0,7079,17450.146119,SGD,64,0.05,4,0.0625,20,156.864,2.451,407996.73602611176,
0,7080,17450.344655,SGD,32,1.0,32,1.0,11,146.754,4.5860625,218051.9781402892,
0,7081,17450.531299,MLP,8,0.01,0,0.0,5,170.28,21.285,46981.44233027954,
0,7082,17450.774108,NB,64,0.1,7,0.109375,11,132.555,2.071171875,482818.4527177398,
0,7083,17450.963896,MLP,16,0.05,1,0.0625,17,177.1,11.06875,90344.43817052513,
0,7084,17451.190623,DT,64,1.0,64,1.0,4,91.999,1.437484375,695659.7354319069,
0,7085,17451.350854,AB,64,0.05,1,0.015625,11,8487.751,132.621109375,7540.277748487202,
0,7086,17459.878411,GB,1,0.0,0,0.0,28,227.653,227.653,4392.650217655819,4.0
0,7087,17472.945546,MLP,1,0.5,1,1.0,23,174.271,174.271,5738.189371725646,
0,7088,17473.276671,NB,16,0.05,0,0.0,19,114.821,7.1763125,139347.3319340539,
0,7089,17473.468967,AB,100,0.1,10,0.1,16,8795.163,87.95163000000001,11369.885924797527,
0,7090,17482.306083,MLP,1,0.5,0,0.0,8,166.488,166.488,6006.438902503483,
0,7091,17482.619894,MLP,1,0.05,0,0.0,21,157.331,157.331,6356.026466494207,
0,7092,17482.93967,MLP,16,0.05,2,0.125,29,173.82,10.86375,92049.24634679554,
0,7093,17483.153997,AB,1,0.1,1,1.0,23,7723.107,7723.107,129.48156745724228,2.0
0,7094,17503.813241,RF,32,0.0,0,0.0,8,3264.179,102.00559375,9803.383944324132,
0,7095,17507.142381,SGD,16,0.05,3,0.1875,6,169.627,10.6016875,94324.60634215071,
0,7096,17507.354526,LoR,8,0.05,0,0.0,15,150.776,18.847,53058.842256061966,
0,7097,17507.567524,AB,32,0.5,13,0.40625,13,8143.243,254.47634375,3929.638351698457,
0,7098,17515.762712,RF,64,1.0,64,1.0,18,3345.274,52.26990625,19131.467257988435,
0,7099,17519.182598,RF,64,0.05,2,0.03125,29,3327.131,51.986421875,19235.792038245563,
0,7100,17522.583675,MLP,64,0.1,5,0.078125,26,235.331,3.677046875,271957.3706821456,
0,7101,17522.858645,DT,1,1.0,1,1.0,6,89.441,89.441,11180.55477912814,11.0
0,7102,17523.15275,MLP,64,0.01,0,0.0,10,217.467,3.397921875,294297.5256015855,
0,7103,17523.414527,DT,16,0.05,0,0.0,0,89.546,5.596625,178679.11464498693,
0,7104,17523.561975,MLP,16,0.1,2,0.125,29,179.942,11.246375,88917.54009625323,
0,7105,17523.784227,SGD,16,0.1,0,0.0,9,150.807,9.4254375,106095.87088132514,
0,7106,17523.97491,LoR,16,0.0,0,0.0,12,145.188,9.07425,110201.9450643304,
0,7107,17524.198797,DT,100,0.5,46,0.46,19,95.996,0.9599599999999999,1041710.071252969,
0,7108,17524.354508,AB,32,0.05,4,0.125,13,8130.406,254.0751875,3935.8428103098418,
0,7109,17532.548919,GB,100,0.0,0,0.0,9,300.928,3.00928,332305.4019566142,
0,7110,17532.951055,AB,100,0.01,1,0.01,9,8743.079,87.43079,11437.618257824275,
0,7111,17541.754826,NB,100,1.0,100,1.0,11,151.742,1.51742,659013.3252494365,
0,7112,17541.970311,NB,16,0.1,2,0.125,20,141.874,8.867125,112776.1252942752,
0,7113,17542.154071,AB,32,0.0,0,0.0,2,8144.475,254.51484375,3929.0439224136608,
0,7114,17550.339987,RF,8,0.0,0,0.0,24,3006.157,375.769625,2661.204986965085,
0,7115,17553.393966,GB,32,1.0,32,1.0,4,260.707,8.14709375,122743.15611011596,
0,7116,17553.698437,AB,16,0.0,0,0.0,17,8076.921,504.8075625,1980.952890340267,
0,7117,17561.822081,NB,32,0.0,0,0.0,10,123.031,3.84471875,260097.0487113004,
0,7118,17561.990151,MLP,1,0.05,0,0.0,23,171.338,171.338,5836.416906932496,
0,7119,17562.314154,NB,1,0.1,0,0.0,20,100.7,100.7,9930.486593843098,
0,7120,17562.49128,NB,64,0.1,8,0.125,12,130.645,2.041328125,489877.14799647895,
0,7121,17562.663129,LoR,32,0.0,0,0.0,18,153.781,4.80565625,208088.12532107346,
0,7122,17562.857073,RF,1,1.0,1,1.0,3,2921.371,2921.371,342.30503417744615,6.87
0,7123,17578.809041,AB,64,0.1,7,0.109375,0,8245.393,128.834265625,7761.910196396945,
0,7124,17587.0958,LoR,1,0.01,0,0.0,13,146.788,146.788,6812.545984685396,
0,7125,17587.392274,SGD,16,0.0,0,0.0,19,144.879,9.0549375,110436.98534639251,
0,7126,17587.578626,NB,8,0.1,0,0.0,7,106.95,13.36875,74801.3090229079,
0,7127,17587.75905,NB,100,0.5,53,0.53,1,140.705,1.4070500000000001,710706.797910522,
0,7128,17587.936798,SGD,1,0.1,0,0.0,10,145.798,145.798,6858.804647526029,
0,7129,17588.261754,GB,100,0.5,46,0.46,21,299.221,2.99221,334201.14229950437,
0,7130,17588.637148,DT,100,0.1,7,0.07,9,99.249,0.99249,1007566.8268697922,
0,7131,17588.774563,SGD,1,0.01,0,0.0,24,150.061,150.061,6663.9566576258985,
0,7132,17589.087127,SGD,100,1.0,100,1.0,12,162.503,1.6250299999999998,615373.2546476065,
0,7133,17589.288268,SGD,8,0.0,0,0.0,14,143.23,17.90375,55854.22048453537,
0,7134,17589.487329,RF,100,1.0,100,1.0,5,3230.19,32.3019,30957.931267201,
0,7135,17592.790093,NB,64,0.1,3,0.046875,23,140.934,2.20209375,454113.2728795039,
0,7136,17592.991319,MLP,32,0.5,19,0.59375,1,202.133,6.31665625,158311.606714391,
0,7137,17593.232764,RF,1,0.01,0,0.0,14,2902.659,2902.659,344.5117046129084,9.43
0,7138,17609.056598,MLP,1,0.0,0,0.0,19,170.29,170.29,5872.335427799636,
0,7139,17609.404911,GB,64,0.1,6,0.09375,0,258.83,4.04421875,247266.54560908707,
0,7140,17609.704876,GB,1,0.05,0,0.0,2,207.213,207.213,4825.95203968863,4.0
0,7141,17622.934693,NB,32,0.1,5,0.15625,10,125.611,3.92534375,254754.75873928238,
0,7142,17623.099121,AB,16,1.0,16,1.0,11,8063.577,503.9735625,1984.231067676293,
0,7143,17631.235108,GB,64,0.5,33,0.515625,3,259.319,4.051859375,246800.27302280202,
0,7144,17631.545855,SGD,64,1.0,64,1.0,7,167.445,2.616328125,382215.05568992806,
0,7145,17631.750835,MLP,1,1.0,1,1.0,11,161.346,161.346,6197.860498555899,
0,7146,17632.113017,MLP,64,0.5,37,0.578125,6,220.338,3.44278125,290462.83437264565,
0,7147,17632.392773,LoR,100,0.01,0,0.0,22,160.267,1.60267,623958.7688045574,
0,7148,17632.61171,LoR,16,0.1,1,0.0625,6,141.365,8.8353125,113182.18795317087,
0,7149,17632.793966,RF,16,0.1,0,0.0,5,3034.376,189.6485,5272.912783386106,
0,7150,17635.872684,LoR,8,0.05,0,0.0,4,162.88,20.36,49115.91355599214,
0,7151,17636.105089,GB,64,0.1,7,0.109375,2,258.003,4.031296875,248059.13109537488,
0,7152,17636.414148,NB,64,1.0,64,1.0,25,134.985,2.109140625,474126.7548246101,
0,7153,17636.585848,GB,1,0.0,0,0.0,12,204.645,204.645,4886.510786972562,4.0
0,7154,17649.42017,RF,8,1.0,8,1.0,27,2915.784,364.473,2743.687461073934,
0,7155,17652.37657,NB,1,0.0,0,0.0,12,110.656,110.656,9037.015615962984,
0,7156,17652.537182,RF,8,0.01,0,0.0,14,2928.455,366.056875,2731.8159234135405,
0,7157,17655.511153,RF,16,0.05,0,0.0,17,3043.027,190.1891875,5257.922456816847,
0,7158,17658.598127,SGD,8,0.01,0,0.0,25,162.446,20.30575,49247.134432365216,
0,7159,17658.82209,RF,16,0.1,1,0.0625,3,2991.106,186.944125,5349.191904265512,
0,7160,17661.89439,MLP,100,0.01,1,0.01,6,290.531,2.90531,344197.348992018,
0,7161,17662.24779,MLP,32,0.5,15,0.46875,14,188.355,5.88609375,169891.95933211225,
0,7162,17662.475274,RF,8,1.0,8,1.0,12,2891.879,361.484875,2766.367472497985,
0,7163,17665.409511,RF,1,0.5,1,1.0,20,2898.624,2898.624,344.9912786204765,7.88
0,7164,17681.117738,DT,1,0.5,1,1.0,5,85.735,85.735,11663.847903423339,11.0
0,7165,17681.398897,LoR,100,0.0,0,0.0,7,172.549,1.72549,579545.5204029001,
0,7166,17681.612015,MLP,1,0.1,0,0.0,7,161.608,161.608,6187.812484530468,
0,7167,17681.942053,LoR,8,0.01,1,0.125,19,178.336,22.292,44859.14229319935,
0,7168,17682.18795,GB,64,0.5,33,0.515625,29,268.021,4.187828125,238787.2592073009,
0,7169,17682.506493,DT,64,1.0,64,1.0,5,94.94,1.4834375,674109.9641879082,
0,7170,17682.649601,AB,64,1.0,64,1.0,28,8171.827,127.684796875,7831.785964142413,
0,7171,17690.887403,RF,32,0.5,15,0.46875,0,3091.761,96.61753125,10350.08850942877,
0,7172,17694.055578,RF,1,0.1,0,0.0,22,2892.603,2892.603,345.7093835552269,9.98
0,7173,17709.849589,RF,8,1.0,8,1.0,15,2928.226,366.02825,2732.029563291904,
0,7174,17712.821483,DT,16,1.0,16,1.0,7,92.003,5.7501875,173907.37258567655,
0,7175,17712.956791,DT,32,0.0,0,0.0,8,87.744,2.742,364697.30123997084,
0,7176,17713.102327,LoR,16,0.05,2,0.125,1,155.599,9.7249375,102828.42434720018,
0,7177,17713.314422,SGD,100,0.0,0,0.0,22,162.586,1.62586,615059.1071801999,
0,7178,17713.538567,RF,32,0.5,15,0.46875,5,3088.702,96.5219375,10360.339067996847,
0,7179,17716.707331,RF,100,0.05,6,0.06,14,3519.306,35.19306,28414.69312415573,
0,7180,17720.272893,NB,32,1.0,32,1.0,9,131.917,4.12240625,242576.77175799935,
0,7181,17720.465769,MLP,100,0.0,0,0.0,14,246.143,2.46143,406267.90117939573,
0,7182,17720.754555,AB,8,0.01,0,0.0,6,7878.263,984.782875,1015.4522640333282,
0,7183,17728.671551,GB,1,0.0,0,0.0,4,214.179,214.179,4668.991824595315,4.0
0,7184,17741.392593,MLP,8,0.01,0,0.0,0,186.365,23.295625,42926.515171840205,
0,7185,17741.626042,NB,32,0.01,0,0.0,11,120.271,3.75846875,266065.80139850837,
0,7186,17741.824062,SGD,100,1.0,100,1.0,3,211.92,2.1191999999999998,471876.17969044927,
0,7187,17742.095905,RF,100,1.0,100,1.0,3,3227.283,32.27283,30985.816862047737,
0,7188,17745.378791,GB,64,0.01,0,0.0,24,265.156,4.1430625,241367.34601517598,
0,7189,17745.714178,DT,64,0.5,29,0.453125,17,97.295,1.520234375,657793.3090086849,
0,7190,17745.849229,LoR,1,0.05,0,0.0,19,195.489,195.489,5115.377335809176,
0,7191,17746.217582,RF,32,0.5,17,0.53125,21,3030.604,94.706375,10558.951284958379,
0,7192,17749.328312,SGD,100,0.01,2,0.02,13,178.384,1.7838399999999999,560588.3935778994,
0,7193,17749.574436,LoR,64,0.05,2,0.03125,0,159.622,2.49409375,400947.23784941924,
0,7194,17749.789225,NB,100,1.0,100,1.0,2,166.156,1.6615600000000001,601844.05016972,
0,7195,17750.016243,SGD,8,0.1,1,0.125,18,151.438,18.92975,52826.89945720361,
0,7196,17750.242916,LoR,100,0.5,53,0.53,6,162.363,1.62363,615903.8697240135,
0,7197,17750.481921,RF,100,0.1,6,0.06,16,3336.52,33.3652,29971.34739189335,
0,7198,17753.859533,RF,8,0.0,0,0.0,25,2943.076,367.8845,2718.244449005055,
0,7199,17756.8452,NB,1,0.01,0,0.0,11,110.704,110.704,9033.097268391386,
0,7200,17757.008748,GB,32,0.0,0,0.0,1,235.209,7.35028125,136049.21580381703,
0,7201,17757.291183,RF,32,0.01,0,0.0,2,3064.996,95.781125,10440.470395393664,
0,7202,17760.397691,NB,8,1.0,8,1.0,29,117.924,14.7405,67840.30392456158,
0,7203,17760.564203,SGD,64,0.0,0,0.0,28,166.764,2.6056875,383775.87488906475,
0,7204,17760.771036,LoR,1,0.05,0,0.0,6,141.812,141.812,7051.589428257129,
0,7205,17761.093074,NB,64,0.5,39,0.609375,23,128.773,2.012078125,496998.59442585014,
0,7206,17761.286523,LoR,64,0.1,4,0.0625,10,157.97,2.46828125,405140.2164968032,
0,7207,17761.486108,NB,16,0.05,0,0.0,25,107.051,6.6906875,149461.47163501507,
0,7208,17761.647439,LoR,100,1.0,100,1.0,13,161.928,1.61928,617558.4210266292,
0,7209,17761.848398,RF,1,0.5,0,0.0,4,2918.097,2918.097,342.6890881283247,11.36
0,7210,17777.523834,AB,16,1.0,16,1.0,10,8070.717,504.4198125,1982.4756586062924,
0,7211,17785.665749,DT,64,0.1,5,0.078125,4,85.636,1.3380625,747349.2456443552,
0,7212,17785.791937,GB,16,0.01,0,0.0,9,266.886,16.680375,59950.690557016846,
0,7213,17786.134393,DT,100,0.5,49,0.49,9,95.347,0.9534699999999999,1048800.6964036624,
0,7214,17786.26468,LoR,1,0.0,0,0.0,19,148.968,148.968,6712.851082111595,
0,7215,17786.582825,RF,16,0.1,1,0.0625,23,2960.218,185.013625,5405.007333919327,
0,7216,17789.589915,AB,32,0.0,0,0.0,19,8190.385,255.94953125,3907.0202438591105,
0,7217,17797.859588,LoR,100,0.1,15,0.15,28,173.409,1.73409,576671.337704502,
0,7218,17798.074735,MLP,16,1.0,16,1.0,28,180.834,11.302125,88478.93648318347,
0,7219,17798.299772,MLP,32,1.0,32,1.0,26,181.49,5.6715625,176318.25444928094,
0,7220,17798.520186,LoR,8,1.0,8,1.0,2,140.831,17.603875,56805.67488692121,
0,7221,17798.700309,MLP,16,0.0,0,0.0,19,165.91,10.369375,96437.8277379302,
0,7222,17798.941381,SGD,100,0.1,16,0.16,16,159.937,1.5993700000000002,625246.1906875832,
0,7223,17799.140004,SGD,16,0.0,0,0.0,6,141.11,8.819375,113386.71958046913,
0,7224,17799.33843,GB,8,0.1,1,0.125,0,211.774,26.47175,37776.11982585209,
0,7225,17799.593065,LoR,16,0.01,0,0.0,7,149.159,9.3224375,107268.0830523133,
0,7226,17799.801017,DT,16,0.1,1,0.0625,9,92.322,5.770125,173306.47083035464,
0,7227,17799.933937,MLP,16,0.01,0,0.0,10,175.93,10.995625,90945.262320241,
0,7228,17800.15008,GB,8,0.05,0,0.0,12,206.674,25.83425,38708.30389889391,
0,7229,17800.397462,GB,8,0.05,0,0.0,1,206.348,25.7935,38769.45742144338,
0,7230,17800.642252,AB,8,1.0,8,1.0,19,7862.55,982.81875,1017.4816058403444,
0,7231,17808.545131,SGD,8,1.0,8,1.0,17,147.008,18.376,54418.80713974749,
0,7232,17808.752097,MLP,16,0.1,2,0.125,21,171.688,10.7305,93192.30231582873,
0,7233,17808.992251,NB,64,0.5,34,0.53125,4,132.042,2.06315625,484694.2639463201,
0,7234,17809.1779,NB,8,0.5,4,0.5,22,103.899,12.987375,76997.85368482853,
0,7235,17809.315328,AB,1,1.0,1,1.0,1,7679.695,7679.695,130.21350457277276,2.0
0,7236,17829.864361,AB,8,1.0,8,1.0,27,7752.012,969.0015,1031.9901465580806,
0,7237,17837.664771,NB,32,0.01,0,0.0,9,118.533,3.70415625,269967.0134055495,
0,7238,17837.827709,AB,32,0.01,0,0.0,27,7927.647,247.73896875,4036.5066708949075,
0,7239,17845.820401,SGD,32,0.05,3,0.09375,19,157.611,4.92534375,203031.51429785995,
0,7240,17846.06649,AB,8,0.01,0,0.0,13,7764.423,970.552875,1030.3405674832502,
0,7241,17853.89556,RF,32,0.1,2,0.0625,14,3077.322,96.1663125,10398.651814792212,
0,7242,17857.016585,MLP,8,0.1,0,0.0,20,215.697,26.962125,37089.06475287092,
0,7243,17857.282806,GB,64,1.0,64,1.0,26,265.498,4.14840625,241056.42980361436,
0,7244,17857.627471,SGD,100,0.5,41,0.41,5,173.602,1.7360200000000001,576030.2300664738,
0,7245,17857.83848,GB,1,1.0,1,1.0,16,208.714,208.714,4791.245436338722,4.0
0,7246,17870.491172,RF,1,0.01,0,0.0,17,2924.71,2924.71,341.9142410700548,9.42
0,7247,17886.035351,DT,8,0.1,0,0.0,2,88.036,11.0045,90871.91603434959,
0,7248,17886.190772,GB,64,0.05,6,0.09375,4,254.038,3.96934375,251930.81350034245,
0,7249,17886.508348,AB,32,0.05,1,0.03125,12,8407.604,262.737625,3806.07840236053,
0,7250,17894.980804,LoR,8,1.0,8,1.0,25,176.598,22.07475,45300.62628115834,
0,7251,17895.222823,SGD,8,0.5,4,0.5,23,152.026,19.00325,52622.57771696946,
0,7252,17895.432709,DT,16,0.5,7,0.4375,9,87.005,5.4378125,183897.47715648526,
0,7253,17895.588662,AB,64,0.01,1,0.015625,16,8298.072,129.657375,7712.634934958385,
0,7254,17903.928022,NB,1,0.1,0,0.0,24,108.173,108.173,9244.451018276279,
0,7255,17904.082469,MLP,1,1.0,1,1.0,26,172.67,172.67,5791.39398853304,
0,7256,17904.445499,RF,64,0.1,4,0.0625,8,3342.536,52.227125,19147.138579808863,
0,7257,17907.854565,MLP,32,0.5,19,0.59375,28,211.61,6.6128125,151221.58688152733,
0,7258,17908.13637,RF,64,0.1,4,0.0625,23,3320.316,51.8799375,19275.273799240797,
0,7259,17911.50087,DT,8,0.01,0,0.0,9,92.294,11.53675,86679.52412941253,
0,7260,17911.668316,GB,100,0.1,8,0.08,1,316.662,3.16662,315794.1274924052,
0,7261,17912.026899,GB,8,0.05,0,0.0,14,219.816,27.477,36394.07504458274,
0,7262,17912.286686,GB,1,0.05,0,0.0,1,205.092,205.092,4875.860589394028,4.0
0,7263,17925.329097,LoR,1,1.0,1,1.0,19,155.592,155.592,6427.065658902771,
0,7264,17925.672692,SGD,100,0.5,43,0.43,2,166.873,1.6687299999999998,599258.1184493598,
0,7265,17925.877959,SGD,8,1.0,8,1.0,10,183.539,22.942375,43587.46642402977,
0,7266,17926.100958,DT,16,0.0,0,0.0,8,87.888,5.493,182049.8816675769,
0,7267,17926.22442,GB,1,1.0,1,1.0,11,200.137,200.137,4996.577344519004,4.0
0,7268,17938.971446,DT,100,0.01,0,0.0,28,96.885,0.9688500000000001,1032151.5198431129,
0,7269,17939.143423,DT,100,0.1,12,0.12,22,93.532,0.9353199999999999,1069152.8033186502,
0,7270,17939.273924,GB,1,0.1,0,0.0,12,200.793,200.793,4980.253295682618,4.0
0,7271,17951.911852,SGD,100,0.01,0,0.0,11,186.179,1.86179,537117.5051966119,
0,7272,17952.161699,MLP,32,0.05,2,0.0625,8,194.216,6.06925,164765.00391316882,
0,7273,17952.394098,DT,1,0.0,0,0.0,20,119.98,119.98,8334.72245374229,16.0
0,7274,17952.714402,GB,100,1.0,100,1.0,1,281.765,2.81765,354905.6838145263,
0,7275,17953.074044,MLP,100,0.1,8,0.08,28,243.086,2.43086,411377.04351546365,
0,7276,17953.415986,GB,100,0.5,48,0.48,0,298.833,2.9883300000000004,334635.06373124785,
0,7277,17953.759261,AB,32,1.0,32,1.0,20,8012.907,250.40334375,3993.5568951442965,
0,7278,17961.814221,AB,16,1.0,16,1.0,9,8050.183,503.1364375,1987.532457336684,
0,7279,17969.94787,RF,100,0.1,11,0.11,24,3894.966,38.94966,25674.16506331506,
0,7280,17973.983209,MLP,100,0.1,9,0.09,20,401.701,4.01701,248941.37679517848,
0,7281,17974.465797,LoR,64,0.1,6,0.09375,24,184.68,2.885625,346545.37578514183,
0,7282,17974.6948,LoR,8,0.1,0,0.0,10,155.621,19.452625,51406.94379293283,
0,7283,17974.933535,DT,100,0.1,9,0.09,13,119.401,1.19401,837513.9236689811,
0,7284,17975.124871,GB,64,0.5,29,0.453125,21,332.178,5.19028125,192667.78654817597,
0,7285,17975.525903,LoR,100,0.0,0,0.0,5,196.689,1.96689,508416.84079943463,
0,7286,17975.796422,MLP,64,0.5,25,0.390625,23,245.087,3.829484375,261131.76137453233,
0,7287,17976.109436,GB,64,0.01,0,0.0,6,307.327,4.801984375,208247.24153751542,
0,7288,17976.482541,MLP,16,0.01,1,0.0625,8,208.083,13.0051875,76892.39390051086,
0,7289,17976.765308,DT,64,0.1,6,0.09375,11,112.512,1.758,568828.2138794084,
0,7290,17976.956531,AB,100,0.05,2,0.02,6,9101.308,91.01308,10987.431696630856,
0,7291,17986.172532,LoR,100,0.05,8,0.08,26,199.831,1.9983099999999998,500422.8573144307,
0,7292,17986.425784,LoR,64,0.0,0,0.0,8,161.692,2.5264375,395814.2641565445,
0,7293,17986.646626,LoR,100,1.0,100,1.0,25,162.723,1.6272300000000002,614541.2756647799,
0,7294,17986.854552,LoR,16,0.01,0,0.0,19,155.904,9.744,102627.2577996716,
0,7295,17987.061568,DT,64,0.01,0,0.0,7,91.52,1.43,699300.6993006993,
0,7296,17987.211898,RF,16,0.01,1,0.0625,25,3173.47,198.341875,5041.799670392347,
0,7297,17990.435871,GB,16,0.05,0,0.0,7,279.232,17.452,57300.02292000916,
0,7298,17990.755322,MLP,1,1.0,1,1.0,29,188.443,188.443,5306.644449515237,
0,7299,17991.127612,RF,64,0.0,0,0.0,11,3406.59,53.22796875,18787.11556130911,
0,7300,17994.576172,AB,1,0.0,0,0.0,28,7792.618,7792.618,128.32657779452296,2.0
0,7301,18015.637255,SGD,8,0.01,0,0.0,21,194.934,24.36675,41039.53132855223,
0,7302,18015.926094,GB,100,0.01,4,0.04,1,350.645,3.5064499999999996,285188.72363786737,
0,7303,18016.336369,AB,64,1.0,64,1.0,20,8580.983,134.077859375,7458.35296492255,
0,7304,18025.002042,MLP,16,0.5,6,0.375,21,219.359,13.7099375,72939.79275981382,
0,7305,18025.305019,RF,100,0.5,56,0.56,21,3537.446,35.37446,28268.98276327045,
0,7306,18028.88848,LoR,16,0.0,0,0.0,20,177.053,11.0658125,90368.42075536704,
0,7307,18029.111572,GB,8,0.0,0,0.0,16,264.787,33.098375,30212.963627368415,
0,7308,18029.442034,AB,32,0.5,16,0.5,19,8217.363,256.79259375,3894.193307512398,
0,7309,18037.743072,AB,100,0.05,2,0.02,11,8739.511,87.39511,11442.287789328258,
0,7310,18046.525164,GB,1,0.05,0,0.0,7,224.75,224.75,4449.388209121245,4.0
0,7311,18059.590584,LoR,8,0.5,2,0.25,2,160.722,20.09025,49775.388559126935,
0,7312,18059.797912,AB,32,0.01,0,0.0,29,8531.359,266.60496875,3750.867827739988,
0,7313,18068.397885,LoR,8,0.05,0,0.0,18,174.274,21.78425,45904.72474379426,
0,7314,18068.649426,LoR,64,0.01,1,0.015625,2,160.198,2.50309375,399505.6118053908,
0,7315,18068.852315,DT,16,0.01,0,0.0,7,87.593,5.4745625,182662.99818478644,
0,7316,18068.976278,DT,1,0.0,0,0.0,11,86.552,86.552,11553.748035862833,16.0
0,7317,18069.293851,AB,100,0.0,0,0.0,12,8762.289,87.62289000000001,11412.54300103546,
0,7318,18078.123033,GB,32,0.5,19,0.59375,29,280.195,8.75609375,114206.17784043256,
0,7319,18078.445699,NB,1,0.01,0,0.0,16,113.895,113.895,8780.016682031695,
0,7320,18078.608336,SGD,8,1.0,8,1.0,18,156.045,19.505625,51267.26264859496,
0,7321,18078.815661,GB,64,0.0,0,0.0,11,260.686,4.07321875,245506.08778377052,
0,7322,18079.140779,NB,32,0.5,13,0.40625,13,125.941,3.93565625,254087.23132260345,
0,7323,18079.322845,AB,16,0.5,7,0.4375,19,8147.302,509.206375,1963.8402995249226,
0,7324,18087.512582,AB,1,0.05,0,0.0,2,8119.298,8119.298,123.16335722620354,2.0
0,7325,18108.911334,RF,64,0.05,2,0.03125,26,3447.336,53.864625,18565.060092778887,
0,7326,18112.404174,SGD,1,1.0,1,1.0,20,184.251,184.251,5427.378955880837,
0,7327,18112.758136,MLP,32,1.0,32,1.0,16,212.022,6.6256875,150927.7339144051,
0,7328,18113.042986,LoR,64,0.01,3,0.046875,21,163.998,2.56246875,390248.6615690435,
0,7329,18113.286688,DT,100,0.1,7,0.07,1,101.409,1.0140900000000002,986105.7697048585,
0,7330,18113.425194,GB,8,0.0,0,0.0,6,256.751,32.093875,31158.59334530343,
0,7331,18113.760539,RF,100,0.1,11,0.11,11,3469.637,34.69637,28821.458844253735,
0,7332,18117.273077,MLP,8,1.0,8,1.0,18,198.15,24.76875,40373.45445369669,
0,7333,18117.536555,GB,32,0.5,17,0.53125,15,262.355,8.19859375,121972.13698995634,
0,7334,18117.869402,LoR,32,0.01,0,0.0,22,183.882,5.7463125,174024.6462405238,
0,7335,18118.095053,GB,16,1.0,16,1.0,21,222.234,13.889625,71996.18420223727,
0,7336,18118.387122,RF,64,1.0,64,1.0,11,3210.929,50.170765625,19931.92624315268,
0,7337,18121.672566,GB,64,0.1,10,0.15625,10,273.127,4.267609375,234323.22692373875,
0,7338,18122.023582,SGD,8,0.0,0,0.0,3,165.213,20.651625,48422.33964639586,
0,7339,18122.258331,AB,64,0.1,7,0.109375,25,8468.009,132.312640625,7557.8568704875015,
0,7340,18130.76921,MLP,1,0.01,0,0.0,24,169.939,169.939,5884.464425470316,
0,7341,18131.111814,LoR,16,0.5,10,0.625,4,148.482,9.280125,107757.16921916461,
0,7342,18131.323858,NB,32,0.05,1,0.03125,22,126.883,3.96509375,252200.8464490909,
0,7343,18131.488265,LoR,1,0.01,0,0.0,29,145.645,145.645,6866.00981839404,
0,7344,18131.803929,NB,32,0.05,1,0.03125,0,118.118,3.6911875,270915.5251528133,
0,7345,18131.959459,GB,8,0.0,0,0.0,14,216.344,27.043,36978.14591576379,
0,7346,18132.23429,LoR,8,0.5,4,0.5,29,153.571,19.196375,52093.16863209851,
0,7347,18132.435631,NB,32,0.0,0,0.0,11,118.858,3.7143125,269228.8276767235,
0,7348,18132.629776,LoR,100,0.5,50,0.5,11,167.837,1.67837,595816.1787925189,
0,7349,18132.837181,NB,1,0.05,0,0.0,26,98.966,98.966,10104.480326576804,
0,7350,18133.0027,MLP,16,0.01,1,0.0625,16,182.577,11.4110625,87634.25842247381,
0,7351,18133.225504,NB,1,0.1,0,0.0,8,98.571,98.571,10144.971644804253,
0,7352,18133.393316,SGD,32,0.05,1,0.03125,5,156.672,4.896,204248.3660130719,
0,7353,18133.588972,GB,8,1.0,8,1.0,0,213.527,26.690875,37465.9879078524,
0,7354,18133.872669,LoR,64,0.5,31,0.484375,15,202.8,3.16875,315581.85404339246,
0,7355,18134.138413,MLP,32,0.1,1,0.03125,5,190.754,5.9610625,167755.3288528681,
0,7356,18134.376586,DT,8,0.05,0,0.0,17,90.274,11.28425,88619.09298358331,
0,7357,18134.5064,NB,16,1.0,16,1.0,17,112.855,7.0534375,141774.8438261486,
0,7358,18134.69364,NB,100,0.01,1,0.01,22,154.25,1.5425,648298.2171799027,
0,7359,18134.922449,AB,100,0.1,11,0.11,26,8877.194,88.77194,11264.820843162828,
0,7360,18143.852623,AB,64,0.0,0,0.0,8,8662.44,135.350625,7388.218561975609,
0,7361,18152.556953,GB,8,0.0,0,0.0,3,209.685,26.210625,38152.46679543124,
0,7362,18152.829136,DT,16,0.05,1,0.0625,13,87.75,5.484375,182336.18233618233,
0,7363,18152.973003,RF,8,0.05,1,0.125,2,3037.162,379.64525,2634.037960438067,
0,7364,18156.065229,SGD,64,0.01,0,0.0,24,177.896,2.779625,359760.75909520173,
0,7365,18156.285712,AB,16,1.0,16,1.0,20,8055.242,503.452625,1986.2842109523215,
0,7366,18164.400959,DT,100,1.0,100,1.0,4,93.796,0.93796,1066143.5455669751,
0,7367,18164.535555,LoR,1,0.05,0,0.0,12,146.609,146.609,6820.863657756345,
0,7368,18164.835497,GB,8,0.1,0,0.0,2,213.78,26.7225,37421.64842361306,
0,7369,18165.127929,NB,100,0.5,43,0.43,3,150.055,1.50055,666422.3118189997,
0,7370,18165.332707,GB,100,0.0,0,0.0,23,276.965,2.76965,361056.45117614145,
0,7371,18165.660436,SGD,64,1.0,64,1.0,14,171.018,2.67215625,374229.61325708404,
0,7372,18165.87264,NB,1,0.01,0,0.0,10,107.651,107.651,9289.277387112057,
0,7373,18166.099074,DT,100,0.5,49,0.49,23,98.689,0.9868899999999999,1013284.1552756641,
0,7374,18166.271474,RF,100,0.1,7,0.07,15,3421.39,34.213899999999995,29227.886911459962,
0,7375,18169.737313,MLP,16,0.0,0,0.0,24,199.637,12.4773125,80145.4640171912,
0,7376,18170.01362,MLP,64,0.0,0,0.0,24,224.473,3.507390625,285112.2406703701,
0,7377,18170.313049,LoR,64,0.1,8,0.125,8,162.225,2.534765625,394513.792572045,
0,7378,18170.518824,LoR,32,0.0,0,0.0,2,149.127,4.66021875,214582.2017475038,
0,7379,18170.736531,RF,64,0.05,5,0.078125,12,3273.812,51.1533125,19549.076122880604,
0,7380,18174.084151,LoR,100,1.0,100,1.0,2,181.501,1.81501,550961.1517291915,
0,7381,18174.327728,NB,16,0.5,11,0.6875,25,117.245,7.3278125,136466.3738325728,
0,7382,18174.492926,NB,64,1.0,64,1.0,16,127.929,1.998890625,500277.4976744913,
0,7383,18174.693951,AB,100,0.01,3,0.03,15,8722.646,87.22646,11464.411143132484,
0,7384,18183.46943,MLP,64,1.0,64,1.0,27,216.244,3.3788125,295961.968886998,
0,7385,18183.757737,GB,64,0.01,2,0.03125,2,254.732,3.9801875,251244.44514234568,
0,7386,18184.055725,NB,8,0.01,0,0.0,28,113.638,14.20475,70398.98625459793,
0,7387,18184.213312,DT,16,0.0,0,0.0,26,90.18,5.63625,177422.93191394987,
0,7388,18184.35231,SGD,64,0.0,0,0.0,9,164.414,2.56896875,389261.2551242595,
0,7389,18184.565135,LoR,64,0.0,0,0.0,5,155.867,2.435421875,410606.4786003452,
0,7390,18184.780039,RF,100,0.01,0,0.0,22,3399.097,33.990970000000004,29419.578199739517,
0,7391,18188.226017,GB,32,0.0,0,0.0,26,246.481,7.70253125,129827.45120313534,
0,7392,18188.5359,GB,16,0.1,1,0.0625,9,225.351,14.0844375,71000.35056423092,
0,7393,18188.813875,MLP,64,0.05,0,0.0,20,221.852,3.4664375,288480.60869408434,
0,7394,18189.076972,SGD,16,0.0,0,0.0,28,153.208,9.5755,104433.18886742207,
0,7395,18189.270579,SGD,1,0.05,0,0.0,26,144.237,144.237,6933.033826272039,
0,7396,18189.593521,AB,8,0.05,1,0.125,27,8557.215,1069.651875,934.883604069782,
0,7397,18198.215739,DT,16,1.0,16,1.0,13,84.69,5.293125,188924.3121974259,
0,7398,18198.360297,AB,64,0.01,0,0.0,23,8340.459,130.319671875,7673.438596125225,
0,7399,18206.744184,RF,16,0.0,0,0.0,8,3075.242,192.202625,5202.84257303978,
0,7400,18209.865605,GB,8,0.01,0,0.0,11,304.471,38.058875,26275.080385324054,
0,7401,18210.219235,MLP,32,0.01,0,0.0,23,230.976,7.218,138542.53255749514,
0,7402,18210.515392,DT,32,0.1,2,0.0625,16,93.616,2.9255,341821.91078448127,
0,7403,18210.645279,LoR,1,1.0,1,1.0,3,154.034,154.034,6492.07317864887,
0,7404,18210.981504,LoR,16,0.5,10,0.625,23,149.096,9.3185,107313.40881043086,
0,7405,18211.190247,GB,16,0.1,1,0.0625,24,231.832,14.4895,69015.49397839815,
0,7406,18211.49066,GB,64,0.1,6,0.09375,14,259.166,4.04946875,246945.97285137713,
0,7407,18211.793543,GB,32,0.0,0,0.0,23,231.666,7.2395625,138129.89389897525,
0,7408,18212.067034,LoR,8,0.05,0,0.0,22,155.485,19.435625,51451.90854423256,
0,7409,18212.301538,GB,100,0.05,4,0.04,6,279.648,2.7964800000000003,357592.4018766449,
0,7410,18212.640213,NB,100,1.0,100,1.0,17,160.744,1.60744,622107.2015129647,
0,7411,18212.840399,RF,1,0.05,0,0.0,2,3044.434,3044.434,328.4682801466545,11.19
0,7412,18229.075152,MLP,32,0.5,16,0.5,16,215.129,6.72278125,148747.96052601,
0,7413,18229.355511,DT,32,0.01,1,0.03125,23,93.237,2.91365625,343211.38603773183,
0,7414,18229.485101,NB,1,0.0,0,0.0,7,105.381,105.381,9489.37664284833,
0,7415,18229.674135,AB,100,0.5,46,0.46,7,8772.42,87.7242,11399.36300359536,
0,7416,18238.512928,GB,32,0.5,15,0.46875,24,242.09,7.5653125,132182.24627204757,
0,7417,18238.794188,GB,1,1.0,1,1.0,9,203.83,203.83,4906.049158612569,4.0
0,7418,18251.806462,LoR,64,0.5,32,0.5,29,173.098,2.70465625,369732.75254480116,
0,7419,18252.019999,LoR,1,0.05,0,0.0,13,145.95,145.95,6851.661527920522,
0,7420,18252.312561,MLP,1,0.0,0,0.0,10,162.558,162.558,6151.650487825884,
0,7421,18252.629564,GB,64,1.0,64,1.0,19,256.738,4.01153125,249281.36855471338,
0,7422,18252.947422,DT,8,0.1,1,0.125,15,91.729,11.466125,87213.42214566821,
0,7423,18253.076322,SGD,8,1.0,8,1.0,26,157.442,19.68025,50812.36264783222,
0,7424,18253.278496,RF,32,0.01,0,0.0,19,3115.651,97.36409375,10270.726727736836,
0,7425,18256.435072,AB,1,0.0,0,0.0,21,7792.804,7792.804,128.3235148734653,2.0
0,7426,18277.093448,MLP,16,1.0,16,1.0,22,193.371,12.0856875,82742.5001680707,
0,7427,18277.331796,SGD,1,0.5,0,0.0,23,149.127,149.127,6705.693804609494,
0,7428,18277.632388,LoR,32,1.0,32,1.0,19,148.572,4.642875,215383.78698543468,
0,7429,18277.827649,RF,32,0.01,0,0.0,7,3160.711,98.77221875,10124.30431001126,
0,7430,18281.053845,NB,16,0.1,6,0.375,5,126.277,7.8923125,126705.57583724668,
0,7431,18281.257202,AB,100,0.1,13,0.13,20,8678.031,86.78031000000001,11523.351322437082,
0,7432,18289.982272,MLP,1,0.05,0,0.0,15,169.351,169.351,5904.89574906555,
0,7433,18290.324061,GB,32,0.5,19,0.59375,9,244.504,7.64075,130877.20446291268,
0,7434,18290.611359,DT,16,0.0,0,0.0,14,91.1,5.69375,175631.1745334797,
0,7435,18290.761152,AB,16,0.5,6,0.375,8,8070.086,504.380375,1982.6306683720595,
0,7436,18298.872546,RF,8,1.0,8,1.0,0,2964.843,370.605375,2698.2879025972034,
0,7437,18301.881216,LoR,1,0.05,0,0.0,23,165.216,165.216,6052.682548905675,
0,7438,18302.199251,MLP,8,0.05,0,0.0,11,174.017,21.752125,45972.5199262141,
0,7439,18302.431151,NB,100,0.0,0,0.0,17,159.548,1.59548,626770.6270213353,
0,7440,18302.639938,GB,64,1.0,64,1.0,12,261.533,4.086453125,244710.992494255,
0,7441,18302.979851,DT,100,0.05,3,0.03,12,102.292,1.02292,977593.5557032808,
0,7442,18303.120044,AB,1,0.01,0,0.0,24,7747.983,7747.983,129.0658484924399,2.0
0,7443,18324.24815,NB,16,0.0,0,0.0,0,131.418,8.213625,121748.92328295972,
0,7444,18324.441981,SGD,16,0.5,8,0.5,23,174.887,10.9304375,91487.64630875937,
0,7445,18324.695694,LoR,100,0.5,50,0.5,8,171.522,1.71522,583015.5898368723,
0,7446,18324.935097,SGD,64,0.05,2,0.03125,19,158.237,2.472453125,404456.60622989567,
0,7447,18325.161109,MLP,32,0.1,2,0.0625,23,204.137,6.37928125,156757.47169792835,
0,7448,18325.421518,RF,8,0.5,5,0.625,14,3128.249,391.031125,2557.3411835183197,
0,7449,18328.592328,NB,8,1.0,8,1.0,5,121.204,15.1505,66004.42229629385,
0,7450,18328.754162,RF,16,0.0,0,0.0,6,3051.533,190.7208125,5243.266253388051,
0,7451,18331.87354,DT,32,0.01,1,0.03125,24,96.973,3.03040625,329988.75975787075,
0,7452,18332.032995,LoR,32,0.05,3,0.09375,17,165.242,5.1638125,193655.36606915918,
0,7453,18332.261499,GB,32,0.01,1,0.03125,5,271.229,8.47590625,117981.48428081069,
0,7454,18332.574685,GB,16,0.0,0,0.0,27,228.784,14.299,69934.96048674732,
0,7455,18332.863367,DT,8,0.05,1,0.125,27,91.414,11.42675,87513.94753538845,
0,7456,18332.994934,GB,8,0.05,0,0.0,24,218.981,27.372625,36532.84988195323,
0,7457,18333.272881,GB,8,0.5,5,0.625,19,216.994,27.12425,36867.378821534236,
0,7458,18333.548056,MLP,8,0.5,3,0.375,27,188.84,23.605,42363.905952128785,
0,7459,18333.786652,RF,64,0.0,0,0.0,28,3249.712,50.77675,19694.052888379032,
0,7460,18337.080758,NB,16,1.0,16,1.0,21,125.269,7.8293125,127725.13550838595,
0,7461,18337.25113,RF,16,0.0,0,0.0,10,3017.033,188.5645625,5303.223398617119,
0,7462,18340.341296,RF,100,0.0,0,0.0,25,3344.256,33.44256,29902.017070463506,
0,7463,18343.775786,AB,100,1.0,100,1.0,0,8765.246,87.65245999999999,11408.692922024095,
0,7464,18352.605969,NB,16,0.1,1,0.0625,12,117.677,7.3548125,135965.39680651273,
0,7465,18352.762503,DT,8,1.0,8,1.0,12,87.374,10.92175,91560.41843111224,
0,7466,18352.885992,AB,1,1.0,1,1.0,27,8038.289,8038.289,124.40458410987712,2.0
0,7467,18374.575175,AB,32,0.5,18,0.5625,17,8562.979,267.59309375,3737.0172226277796,
0,7468,18383.205843,SGD,8,0.05,0,0.0,21,180.489,22.561125,44324.03082736344,
0,7469,18383.455623,LoR,32,0.05,2,0.0625,25,155.565,4.86140625,205701.79667663036,
0,7470,18383.657046,SGD,32,0.01,0,0.0,0,150.003,4.68759375,213329.06675199833,
0,7471,18383.866365,DT,16,0.1,2,0.125,1,88.435,5.5271875,180923.84237010233,
0,7472,18384.010565,AB,16,0.1,2,0.125,6,8065.865,504.1165625,1983.6682116549187,
0,7473,18392.141718,MLP,100,1.0,100,1.0,27,265.144,2.65144,377153.54675195366,
0,7474,18392.478193,MLP,8,0.05,0,0.0,23,171.78,21.4725,46571.19571544999,
0,7475,18392.729057,SGD,100,0.5,49,0.49,8,166.697,1.66697,599890.8198707835,
0,7476,18392.933786,GB,1,0.0,0,0.0,7,252.852,252.852,3954.882698179172,4.0
0,7477,18406.102824,LoR,64,0.5,38,0.59375,25,169.836,2.6536875,376834.12232977693,
0,7478,18406.314312,MLP,8,0.1,0,0.0,14,175.747,21.968375,45519.980426408416,
0,7479,18406.541449,GB,64,1.0,64,1.0,11,269.205,4.206328125,237737.04054530934,
0,7480,18406.87932,MLP,100,0.0,0,0.0,23,239.534,2.39534,417477.26836273767,
0,7481,18407.190695,NB,64,0.05,5,0.078125,22,141.286,2.20759375,452981.89487988903,
0,7482,18407.369496,LoR,8,1.0,8,1.0,16,152.091,19.011375,52600.08810514757,
0,7483,18407.597247,LoR,100,0.1,15,0.15,0,165.035,1.65035,605932.0750143909,
0,7484,18407.819456,NB,8,0.1,1,0.125,21,108.339,13.542375,73842.29132629986,
0,7485,18407.992303,SGD,64,0.5,30,0.46875,14,162.447,2.538234375,393974.6501936016,
0,7486,18408.192887,AB,1,0.05,0,0.0,0,7814.719,7814.719,127.9636542273625,2.0
0,7487,18428.981458,SGD,32,0.0,0,0.0,2,164.113,5.12853125,194987.60000731202,
0,7488,18429.207222,LoR,16,0.1,1,0.0625,12,150.262,9.391375,106480.68041154783,
0,7489,18429.420151,SGD,32,0.5,20,0.625,29,151.937,4.74803125,210613.60958818457,
0,7490,18429.646862,GB,100,0.5,43,0.43,20,309.964,3.09964,322618.11049025046,
0,7491,18430.021184,SGD,1,0.0,0,0.0,11,169.964,169.964,5883.598879762773,
0,7492,18430.345031,LoR,1,0.0,0,0.0,15,141.214,141.214,7081.450847649667,
0,7493,18430.668861,SGD,100,0.01,1,0.01,12,165.562,1.65562,604003.3340984042,
0,7494,18430.87513,RF,16,0.0,0,0.0,24,3169.236,198.07725,5048.535356786305,
0,7495,18434.107382,DT,8,0.5,5,0.625,9,93.914,11.73925,85184.31756713589,
0,7496,18434.240543,MLP,1,0.5,1,1.0,21,176.154,176.154,5676.85093724809,
0,7497,18434.606076,RF,100,0.05,4,0.04,5,3476.866,34.76866,28761.534094210132,
0,7498,18438.124261,SGD,1,1.0,1,1.0,28,162.009,162.009,6172.496589695635,
0,7499,18438.460371,LoR,32,0.1,3,0.09375,25,155.016,4.84425,206430.3039686226,
0,7500,18438.691344,SGD,100,0.05,7,0.07,28,166.856,1.66856,599319.173418996,
0,7501,18438.901035,AB,32,0.0,0,0.0,11,8679.653,271.23915625,3686.7833310847795,
0,7502,18447.637858,RF,1,0.01,0,0.0,18,3101.8,3101.8,322.393448965117,10.31
0,7503,18463.881994,SGD,100,0.5,47,0.47,19,194.103,1.94103,515190.3886081101,
0,7504,18464.118458,SGD,16,0.0,0,0.0,17,152.473,9.5295625,104936.61172797806,
0,7505,18464.317503,NB,32,0.05,0,0.0,27,125.464,3.92075,255053.24236434355,
0,7506,18464.482658,AB,16,1.0,16,1.0,28,8106.136,506.6335,1973.8134173914673,
0,7507,18472.640988,LoR,64,0.0,0,0.0,0,160.585,2.509140625,398542.8277859078,
0,7508,18472.866048,NB,32,0.05,5,0.15625,6,118.623,3.70696875,269762.1877713428,
0,7509,18473.052213,NB,64,0.01,1,0.015625,22,128.541,2.008453125,497895.6130728717,
0,7510,18473.220978,NB,16,0.1,0,0.0,9,107.013,6.6883125,149514.54496182705,
0,7511,18473.362112,RF,1,0.0,0,0.0,7,3019.042,3019.042,331.2309003982058,9.99
0,7512,18489.572658,DT,32,0.1,2,0.0625,23,94.207,2.94396875,339677.5186557262,
0,7513,18489.727958,DT,32,0.01,1,0.03125,1,89.639,2.80121875,356987.47197090555,
0,7514,18489.882044,NB,64,0.1,9,0.140625,24,179.219,2.800296875,357104.9944481333,
0,7515,18490.098356,DT,8,1.0,8,1.0,23,88.621,11.077625,90272.05741302852,
0,7516,18490.259396,LoR,100,0.1,8,0.08,10,176.513,1.76513,566530.510500643,
0,7517,18490.480477,AB,16,0.01,0,0.0,17,8151.601,509.4750625,1962.804607340325,
0,7518,18498.675101,GB,1,0.05,0,0.0,3,237.81,237.81,4205.037635086834,4.0
0,7519,18511.859461,DT,100,0.0,0,0.0,8,105.482,1.05482,948029.0476100188,
0,7520,18512.030952,GB,32,0.01,1,0.03125,14,262.805,8.21265625,121763.28456460113,
0,7521,18512.337623,DT,8,0.1,0,0.0,18,91.632,11.454,87305.74471800245,
0,7522,18512.491263,DT,32,0.5,15,0.46875,21,89.579,2.79934375,357226.58212304226,
0,7523,18512.646463,SGD,64,0.05,4,0.0625,16,178.704,2.79225,358134.12122840004,
0,7524,18512.883918,AB,16,0.1,5,0.3125,7,8240.353,515.0220625,1941.6643922899907,
0,7525,18521.192469,RF,32,0.5,13,0.40625,23,3258.945,101.84203125,9819.128583023034,
0,7526,18524.520443,SGD,32,0.1,1,0.03125,26,177.75,5.5546875,180028.129395218,
0,7527,18524.744926,AB,16,0.0,0,0.0,23,8131.038,508.189875,1967.7684448160248,
0,7528,18532.921492,NB,16,0.05,0,0.0,17,119.603,7.4751875,133775.90863105442,
0,7529,18533.083731,RF,16,0.01,0,0.0,6,3105.754,194.109625,5151.728050579666,
0,7530,18536.254922,SGD,16,0.5,9,0.5625,17,167.848,10.4905,95324.34107049234,
0,7531,18536.501917,LoR,100,0.01,2,0.02,4,172.425,1.72425,579962.3024503407,
0,7532,18536.733807,NB,16,0.5,8,0.5,5,115.241,7.2025625,138839.47553388117,
0,7533,18536.890166,RF,32,0.0,0,0.0,11,3140.914,98.1535625,10188.117216835608,
0,7534,18540.083941,LoR,64,0.0,0,0.0,13,175.285,2.738828125,365119.6622643124,
0,7535,18540.319909,RF,8,0.1,2,0.25,14,3046.678,380.83475,2625.81080114144,
0,7536,18543.419981,DT,64,1.0,64,1.0,19,99.801,1.559390625,641276.1395176401,
0,7537,18543.560653,NB,16,1.0,16,1.0,10,119.121,7.4450625,134317.20687368306,
0,7538,18543.739551,NB,16,0.05,1,0.0625,4,112.115,7.0071875,142710.60964188556,
0,7539,18543.898955,NB,64,0.0,0,0.0,3,129.246,2.01946875,495179.7347693545,
0,7540,18544.088483,NB,32,0.01,1,0.03125,7,115.605,3.61265625,276804.63647766097,
0,7541,18544.268895,SGD,64,0.01,2,0.03125,20,166.936,2.608375,383380.45718119515,
0,7542,18544.47808,MLP,32,1.0,32,1.0,28,208.188,6.505875,153707.2261609699,
0,7543,18544.756294,NB,64,0.1,2,0.03125,22,132.888,2.076375,481608.57263259287,
0,7544,18544.948723,LoR,32,0.05,2,0.0625,3,158.79,4.9621875,201524.02544240822,
0,7545,18545.174553,NB,64,0.5,27,0.421875,11,131.255,2.050859375,487600.4723629576,
0,7546,18545.364362,LoR,32,0.1,5,0.15625,26,154.932,4.841625,206542.22497611857,
0,7547,18545.560123,MLP,8,0.0,0,0.0,18,175.99,21.99875,45457.128245923064,
0,7548,18545.775707,LoR,1,0.05,0,0.0,15,142.944,142.944,6995.7465860756665,
0,7549,18546.111266,SGD,16,0.0,0,0.0,16,146.769,9.1730625,109014.84645940218,
0,7550,18546.32116,SGD,32,0.5,14,0.4375,16,149.24,4.66375,214419.72661484857,
0,7551,18546.519696,RF,64,0.0,0,0.0,16,3260.912,50.95175,19626.411261634785,
0,7552,18549.849013,SGD,32,0.05,1,0.03125,26,211.574,6.6116875,151247.31772334976,
0,7553,18550.140555,NB,100,0.1,10,0.1,20,165.934,1.65934,602649.2460857931,
0,7554,18550.350696,MLP,32,1.0,32,1.0,24,199.056,6.2205,160758.7814484366,
0,7555,18550.611831,GB,8,0.1,1,0.125,23,255.478,31.93475,31313.850899098943,
0,7556,18550.936476,DT,64,0.01,2,0.03125,14,99.643,1.556921875,642292.9859598768,
0,7557,18551.081055,AB,32,0.1,0,0.0,1,8148.32,254.635,3927.189899267579,
0,7558,18559.275456,LoR,32,1.0,32,1.0,10,155.449,4.85778125,205855.29659245152,
0,7559,18559.488947,NB,100,0.0,0,0.0,8,154.0,1.54,649350.6493506493,
0,7560,18559.700473,GB,100,1.0,100,1.0,15,300.26,3.0025999999999997,333044.69459801505,
0,7561,18560.059056,RF,100,1.0,100,1.0,13,3300.917,33.00917,30294.612072948214,
0,7562,18563.403833,MLP,1,0.05,0,0.0,29,181.171,181.171,5519.64718415199,
0,7563,18563.744443,NB,16,0.01,0,0.0,24,116.736,7.296,137061.40350877194,
0,7564,18563.930075,GB,64,0.5,32,0.5,2,268.011,4.187671875,238796.16881396656,
0,7565,18564.241197,MLP,16,0.0,0,0.0,16,188.919,11.8074375,84692.38139096649,
0,7566,18564.475199,LoR,16,0.01,0,0.0,25,150.897,9.4310625,106032.59176789466,
0,7567,18564.679345,MLP,64,1.0,64,1.0,18,204.801,3.200015625,312498.47412854433,
0,7568,18564.943028,DT,8,0.1,2,0.25,28,88.972,11.1215,89915.9286067527,
0,7569,18565.088526,LoR,16,0.1,4,0.25,15,150.375,9.3984375,106400.66500415628,
0,7570,18565.280632,LoR,32,1.0,32,1.0,0,146.886,4.5901875,217856.02439987473,
0,7571,18565.475238,DT,64,0.0,0,0.0,25,91.064,1.422875,702802.4246683652,
0,7572,18565.602053,SGD,1,0.0,0,0.0,28,143.97,143.97,6945.891505174689,
0,7573,18565.890647,GB,8,1.0,8,1.0,6,216.146,27.01825,37012.019653382435,
0,7574,18566.171395,LoR,32,0.5,14,0.4375,19,157.248,4.914,203500.20350020353,
0,7575,18566.381506,MLP,64,0.0,0,0.0,14,209.864,3.279125,304959.4022795715,
0,7576,18566.632537,LoR,1,0.05,0,0.0,25,141.223,141.223,7080.999553897027,
0,7577,18566.940605,LoR,8,0.5,4,0.5,14,143.95,17.99375,55574.85237929837,
0,7578,18567.142637,GB,100,0.01,0,0.0,2,276.973,2.76973,361046.02253649273,
0,7579,18567.459175,SGD,1,0.0,0,0.0,8,154.168,154.168,6486.43038762908,
0,7580,18567.776556,DT,100,1.0,100,1.0,16,95.654,0.95654,1045434.5871578816,
0,7581,18567.917949,RF,32,0.01,0,0.0,18,3085.167,96.41146875,10372.209997060127,
0,7582,18571.07177,LoR,32,0.5,15,0.46875,26,167.866,5.2458125,190628.23919078312,
0,7583,18571.289661,LoR,64,0.0,0,0.0,24,158.673,2.479265625,403345.24462258857,
0,7584,18571.508142,SGD,100,0.01,0,0.0,20,164.914,1.6491399999999998,606376.6569242151,
0,7585,18571.750012,AB,100,0.5,49,0.49,11,8748.079,87.48079,11431.081040763349,
0,7586,18580.56004,NB,8,0.5,4,0.5,17,111.799,13.974875,71556.99067075734,
0,7587,18580.72413,GB,64,0.0,0,0.0,9,252.744,3.949125,253220.65014401925,
0,7588,18581.015988,SGD,1,0.0,0,0.0,27,155.112,155.112,6446.954458713704,
0,7589,18581.316804,RF,1,1.0,1,1.0,29,2936.584,2936.584,340.5317198486405,7.49
0,7590,18596.993929,LoR,1,1.0,1,1.0,26,152.076,152.076,6575.659538651727,
0,7591,18597.291434,RF,1,0.0,0,0.0,1,2936.597,2936.597,340.5302123512351,9.99
0,7592,18613.068777,SGD,16,0.5,9,0.5625,24,159.242,9.952625,100476.00507403826,
0,7593,18613.284505,RF,100,1.0,100,1.0,2,3252.251,32.522510000000004,30747.93427690544,
0,7594,18616.583461,LoR,32,0.0,0,0.0,3,164.976,5.1555,193967.6074095626,
0,7595,18616.806933,SGD,100,0.0,0,0.0,17,165.266,1.65266,605085.1354785619,
0,7596,18617.04118,SGD,64,0.1,4,0.0625,16,156.863,2.450984375,407999.33700107737,
0,7597,18617.238784,RF,8,1.0,8,1.0,25,3197.834,399.72925,2501.6933336752318,
0,7598,18620.479004,MLP,1,0.05,0,0.0,5,177.977,177.977,5618.703540345101,
0,7599,18620.823688,MLP,8,0.5,2,0.25,6,172.211,21.526375,46454.63994750625,
0,7600,18621.035068,SGD,8,1.0,8,1.0,1,144.806,18.10075,55246.329571979055,
0,7601,18621.235493,RF,100,1.0,100,1.0,4,3292.82,32.928200000000004,30369.10611573059,
0,7602,18624.572518,NB,8,0.01,0,0.0,9,119.898,14.98725,66723.3815409765,
0,7603,18624.750505,NB,16,0.5,5,0.3125,26,111.081,6.9425625,144039.03457837075,
0,7604,18624.90686,MLP,64,0.0,0,0.0,17,214.129,3.345765625,298885.25141386734,
0,7605,18625.183119,AB,32,0.5,19,0.59375,21,8181.126,255.6601875,3911.4420191059276,
0,7606,18633.407297,RF,8,0.5,0,0.0,23,2976.511,372.063875,2687.7105443252185,
0,7607,18636.43018,GB,32,0.0,0,0.0,19,261.351,8.16721875,122440.70235047885,
0,7608,18636.733916,GB,16,0.0,0,0.0,7,218.722,13.670125,73152.22062709741,
0,7609,18637.022543,SGD,64,0.1,4,0.0625,15,169.125,2.642578125,378418.32963784185,
0,7610,18637.243068,AB,64,0.01,0,0.0,21,8189.721,127.964390625,7814.674028578019,
0,7611,18645.477845,LoR,16,0.05,0,0.0,17,148.344,9.2715,107857.41250067411,
0,7612,18645.689066,SGD,32,0.05,3,0.09375,14,147.597,4.61240625,216806.57465937652,
0,7613,18645.893985,DT,8,0.1,1,0.125,25,105.286,13.16075,75983.51157798758,
0,7614,18646.052355,NB,16,0.01,0,0.0,22,113.2,7.075,141342.75618374557,
0,7615,18646.218996,MLP,8,0.5,6,0.75,4,171.705,21.463125,46591.5378119449,
0,7616,18646.430031,GB,1,0.1,0,0.0,28,206.592,206.592,4840.458488228005,4.0
0,7617,18659.152592,AB,8,0.0,0,0.0,18,7778.95,972.36875,1028.4164315235346,
0,7618,18666.983382,AB,64,1.0,64,1.0,25,8127.126,126.98634375,7874.862528278754,
0,7619,18675.171193,AB,8,0.5,4,0.5,20,7834.767,979.345875,1021.0897146015957,
0,7620,18683.068641,SGD,16,0.5,8,0.5,12,150.129,9.3830625,106575.01215621232,
0,7621,18683.295403,MLP,100,0.01,2,0.02,20,229.584,2.29584,435570.42302599485,
0,7622,18683.600907,NB,100,0.1,13,0.13,21,146.732,1.46732,681514.5980426901,
0,7623,18683.819756,SGD,100,0.1,12,0.12,20,167.736,1.67736,596174.9415748557,
0,7624,18684.053429,SGD,64,0.05,2,0.03125,13,157.844,2.4663125,405463.6223106358,
0,7625,18684.252129,GB,32,0.0,0,0.0,15,228.782,7.1494375,139871.1437088582,
0,7626,18684.549674,SGD,64,0.05,3,0.046875,8,162.555,2.539921875,393712.8971732644,
0,7627,18684.77591,DT,32,0.5,19,0.59375,16,89.342,2.7919375,358174.20697991987,
0,7628,18684.90084,NB,8,0.0,0,0.0,19,107.767,13.470875,74234.22754646599,
0,7629,18685.048714,SGD,32,0.0,0,0.0,27,152.937,4.77928125,209236.48299626642,
0,7630,18685.257588,MLP,8,0.5,4,0.5,24,169.256,21.157,47265.680389469206,
0,7631,18685.494367,NB,64,0.01,1,0.015625,29,128.975,2.015234375,496220.19771273504,
0,7632,18685.66043,NB,16,0.0,0,0.0,20,105.464,6.5915,151710.53629674582,
0,7633,18685.805237,SGD,32,1.0,32,1.0,8,152.34,4.760625,210056.4526716555,
0,7634,18686.052996,LoR,16,0.5,8,0.5,15,146.083,9.1301875,109526.77587398945,
0,7635,18686.265269,AB,64,0.05,4,0.0625,18,8310.419,129.850296875,7701.176077884882,
0,7636,18694.63751,DT,16,0.5,9,0.5625,11,88.965,5.5603125,179846.006856629,
0,7637,18694.781442,DT,8,0.5,3,0.375,2,79.484,9.9355,100649.1872578129,
0,7638,18694.924076,DT,64,0.1,6,0.09375,6,85.279,1.332484375,750477.8433142978,
0,7639,18695.042724,GB,1,1.0,1,1.0,23,197.193,197.193,5071.173926052142,4.0
0,7640,18707.833217,NB,1,1.0,1,1.0,0,103.725,103.725,9640.877319836105,
0,7641,18708.007205,DT,32,0.05,1,0.03125,25,89.983,2.81196875,355622.72873765044,
0,7642,18708.134893,DT,16,1.0,16,1.0,18,83.672,5.2295,191222.87025528253,
0,7643,18708.25523,LoR,1,0.5,0,0.0,13,144.616,144.616,6914.864192067267,
0,7644,18708.561884,LoR,64,0.01,0,0.0,6,152.802,2.38753125,418842.6853051662,
0,7645,18708.755745,DT,8,0.01,0,0.0,15,83.928,10.491,95319.7979220284,
0,7646,18708.906292,RF,64,0.5,24,0.375,27,3229.682,50.46378125,19816.192430090643,
0,7647,18712.203438,SGD,32,0.01,1,0.03125,12,168.915,5.27859375,189444.39510996657,
0,7648,18712.413206,GB,16,1.0,16,1.0,29,224.545,14.0340625,71255.20497005054,
0,7649,18712.678289,NB,1,0.1,0,0.0,7,106.096,106.096,9425.426029256521,
0,7650,18712.830697,GB,8,0.0,0,0.0,20,211.014,26.37675,37912.17644326916,
0,7651,18713.081195,AB,1,0.1,0,0.0,19,7897.109,7897.109,126.62861814367764,2.0
0,7652,18733.636448,LoR,32,0.5,14,0.4375,10,161.166,5.0364375,198553.04468684463,
0,7653,18733.838424,GB,16,0.0,0,0.0,11,225.974,14.123375,70804.60583960987,
0,7654,18734.111363,MLP,32,0.01,0,0.0,7,197.514,6.1723125,162013.8319309011,
0,7655,18734.371897,RF,32,0.1,4,0.125,23,3060.541,95.64190625,10455.667805136412,
0,7656,18737.49634,LoR,16,0.1,1,0.0625,26,162.115,10.1321875,98695.37057027419,
0,7657,18737.697253,MLP,8,1.0,8,1.0,14,174.516,21.8145,45841.0690137294,
0,7658,18737.934136,LoR,32,0.1,5,0.15625,21,154.641,4.83253125,206930.89154881306,
0,7659,18738.125613,NB,1,0.0,0,0.0,16,101.434,101.434,9858.627284736873,
0,7660,18738.285414,MLP,64,0.01,0,0.0,18,202.394,3.16240625,316214.90755654813,
0,7661,18738.564862,GB,100,0.1,8,0.08,27,282.005,2.82005,354603.6417794011,
0,7662,18738.911252,AB,32,0.1,1,0.03125,2,7996.405,249.88765625,4001.798308114709,
0,7663,18746.985887,DT,100,0.1,15,0.15,26,90.923,0.90923,1099831.7257459608,
0,7664,18747.113888,SGD,8,0.0,0,0.0,25,147.994,18.49925,54056.245523467165,
0,7665,18747.319194,GB,8,0.1,1,0.125,1,208.828,26.1035,38309.03901775624,
0,7666,18747.570364,LoR,16,0.1,0,0.0,21,151.783,9.4864375,105413.64974997201,
0,7667,18747.785648,RF,16,0.01,1,0.0625,23,2970.858,185.678625,5385.649532895884,
0,7668,18750.799675,LoR,16,1.0,16,1.0,16,162.166,10.135375,98664.33161081854,
0,7669,18751.003992,SGD,8,0.05,0,0.0,24,148.001,18.500125,54053.68882642685,
0,7670,18751.220332,RF,64,0.5,32,0.5,29,3169.698,49.52653125,20191.198025805614,
0,7671,18754.453409,SGD,16,0.5,6,0.375,6,163.618,10.226125,97788.75184881859,
0,7672,18754.676358,RF,16,0.1,4,0.25,14,2961.461,185.0913125,5402.738715789268,
0,7673,18757.703907,RF,32,0.5,15,0.46875,4,3055.461,95.48315625,10473.051366062275,
0,7674,18760.841828,RF,64,0.0,0,0.0,2,3268.405,51.068828125,19581.416623704834,
0,7675,18764.197291,NB,100,0.1,12,0.12,24,155.115,1.55115,644682.9771459884,
0,7676,18764.420386,DT,64,0.5,34,0.53125,19,101.693,1.588953125,629345.186001003,
0,7677,18764.56005,AB,1,0.5,0,0.0,1,7648.736,7648.736,130.74055634813385,2.0
0,7678,18784.897559,NB,100,0.5,42,0.42,10,148.962,1.48962,671312.1467219829,
0,7679,18785.112506,NB,64,0.1,14,0.21875,25,129.203,2.018796875,495344.53534360655,
0,7680,18785.296128,LoR,100,0.01,0,0.0,17,171.508,1.7150800000000002,583063.1807262634,
0,7681,18785.557486,DT,100,0.01,2,0.02,22,96.336,0.96336,1038033.5492443116,
0,7682,18785.691194,AB,1,0.01,0,0.0,9,7640.061,7640.061,130.88900729981083,2.0
0,7683,18806.133908,SGD,100,1.0,100,1.0,28,175.956,1.7595599999999998,568323.8991566073,
0,7684,18806.369212,SGD,8,0.1,1,0.125,19,149.267,18.658375,53595.2353835744,
0,7685,18806.561648,LoR,32,1.0,32,1.0,20,146.767,4.58646875,218032.66401847827,
0,7686,18806.747289,SGD,1,0.1,0,0.0,11,138.319,138.319,7229.664760445059,
0,7687,18807.05517,SGD,8,0.5,7,0.875,25,142.557,17.819625,56117.90371570671,
0,7688,18807.247253,NB,64,0.01,0,0.0,13,162.902,2.54534375,392874.2434101485,
0,7689,18807.457562,DT,64,1.0,64,1.0,21,90.259,1.410296875,709070.5636003058,
0,7690,18807.585087,GB,1,0.01,0,0.0,23,209.849,209.849,4765.331262002678,4.0
0,7691,18820.547194,AB,8,0.0,0,0.0,19,7945.013,993.126625,1006.920945252072,
0,7692,18828.531255,MLP,1,0.0,0,0.0,28,168.155,168.155,5946.89423448604,
0,7693,18828.847785,AB,1,0.01,0,0.0,16,7517.543,7517.543,133.02218557313208,2.0
0,7694,18848.96081,LoR,16,0.01,0,0.0,26,155.917,9.7448125,102618.70097551902,
0,7695,18849.166902,SGD,64,0.0,0,0.0,4,155.318,2.42684375,412057.8426196577,
0,7696,18849.390749,MLP,64,0.01,1,0.015625,29,211.812,3.3095625,302154.74099673296,
0,7697,18849.670011,SGD,64,0.1,13,0.203125,24,155.113,2.423640625,412602.42532863136,
0,7698,18849.891291,NB,64,0.5,29,0.453125,10,133.61,2.08765625,479006.06242047745,
0,7699,18850.088566,LoR,64,0.05,2,0.03125,12,158.158,2.47121875,404658.6325067338,
0,7700,18850.287515,DT,16,0.01,0,0.0,21,86.033,5.3770625,185975.14907070543,
0,7701,18850.433159,GB,32,0.05,1,0.03125,18,267.985,8.37453125,119409.66845159243,
0,7702,18850.777514,RF,100,0.05,4,0.04,1,3365.356,33.65356,29714.538372760562,
0,7703,18854.187417,LoR,16,0.0,0,0.0,27,162.056,10.1285,98731.3027595399,
0,7704,18854.394124,AB,32,1.0,32,1.0,24,7975.644,249.238875,4012.215189143347,
0,7705,18862.414686,LoR,16,0.05,0,0.0,20,146.709,9.1693125,109059.43057344812,
0,7706,18862.636713,DT,100,0.05,9,0.09,16,95.849,0.9584900000000001,1043307.7027407693,
0,7707,18862.786799,GB,100,1.0,100,1.0,10,284.784,2.8478399999999997,351143.32265857636,
0,7708,18863.147521,MLP,100,0.05,7,0.07,18,240.789,2.40789,415301.3634343762,
0,7709,18863.429947,MLP,8,0.05,0,0.0,12,167.941,20.992625,47635.77685020334,
0,7710,18863.638358,NB,16,0.0,0,0.0,8,112.51,7.031875,142209.58137054482,
0,7711,18863.817062,SGD,64,0.5,36,0.5625,3,159.321,2.489390625,401704.7344668939,
0,7712,18864.014919,AB,1,0.01,0,0.0,26,7541.253,7541.253,132.60395851989054,2.0
0,7713,18884.127696,LoR,32,0.1,3,0.09375,16,158.033,4.93853125,202489.3534894611,
0,7714,18884.331196,GB,32,0.01,0,0.0,2,227.562,7.1113125,140621.01756883838,
0,7715,18884.598454,NB,8,1.0,8,1.0,25,111.378,13.92225,71827.47041606062,
0,7716,18884.757567,AB,64,0.0,0,0.0,2,8242.935,128.795859375,7764.224757322483,
0,7717,18893.072055,LoR,64,0.05,4,0.0625,5,158.576,2.47775,403591.9685198265,
0,7718,18893.270162,MLP,1,0.01,0,0.0,14,158.271,158.271,6318.276879529415,
0,7719,18893.61599,GB,100,0.5,40,0.4,23,292.038,2.92038,342421.1917627158,
0,7720,18894.006784,LoR,100,0.5,48,0.48,24,186.23,1.8622999999999998,536970.4129302476,
0,7721,18894.250556,SGD,16,0.1,3,0.1875,18,149.565,9.3478125,106976.89967572628,
0,7722,18894.448462,DT,64,1.0,64,1.0,16,121.883,1.904421875,525093.7374367221,
0,7723,18894.669835,NB,32,0.01,1,0.03125,6,176.329,5.51028125,181478.9399361421,
0,7724,18894.930075,NB,100,0.5,53,0.53,24,209.51,2.0951,477304.1859577109,
0,7725,18895.222771,AB,16,0.05,1,0.0625,6,8359.049,522.4405625,1914.0933376512087,
0,7726,18903.661111,DT,8,0.5,4,0.5,18,87.354,10.91925,91581.38150514,
0,7727,18903.79132,MLP,32,0.0,0,0.0,14,222.895,6.96546875,143565.35588505797,
0,7728,18904.076273,NB,100,0.0,0,0.0,1,158.717,1.5871700000000002,630052.2313299772,
0,7729,18904.294068,NB,16,0.01,1,0.0625,27,109.26,6.82875,146439.6851546769,
0,7730,18904.457735,DT,16,0.5,7,0.4375,25,88.492,5.53075,180807.30461510643,
0,7731,18904.580384,DT,1,1.0,1,1.0,13,81.819,81.819,12222.10000122221,4.0
0,7732,18904.870139,LoR,16,1.0,16,1.0,3,159.984,9.999,100010.0010001,
0,7733,18905.086805,MLP,100,1.0,100,1.0,12,234.459,2.34459,426513.8041192703,
0,7734,18905.363161,AB,8,0.01,0,0.0,24,7907.784,988.473,1011.6614212021977,
0,7735,18913.319539,MLP,32,0.0,0,0.0,29,190.029,5.93840625,168395.35018339308,
0,7736,18913.573881,SGD,32,0.05,2,0.0625,13,153.133,4.78540625,208968.67428966975,
0,7737,18913.76619,GB,1,0.01,0,0.0,10,289.595,289.595,3453.098292442894,4.0
0,7738,18926.819001,SGD,8,0.05,1,0.125,29,155.338,19.41725,51500.598694459826,
0,7739,18927.017239,AB,16,0.01,0,0.0,1,7868.932,491.80825,2033.312779929983,
0,7740,18934.931686,LoR,32,1.0,32,1.0,1,150.627,4.70709375,212445.31192946815,
0,7741,18935.122052,AB,8,1.0,8,1.0,29,7829.027,978.628375,1021.838345940051,
0,7742,18942.998141,GB,32,0.05,0,0.0,29,237.131,7.41034375,134946.50636146264,
0,7743,18943.288398,RF,64,0.01,0,0.0,12,3292.386,51.44353125,19438.789983920477,
0,7744,18946.625048,DT,8,0.05,0,0.0,4,91.592,11.449,87343.87282732116,
0,7745,18946.775468,DT,16,0.5,9,0.5625,20,86.379,5.3986875,185230.20641591126,
0,7746,18946.91623,SGD,100,1.0,100,1.0,2,173.413,1.7341300000000002,576658.0360180609,
0,7747,18947.130544,DT,8,1.0,8,1.0,15,84.876,10.6095,94255.14868749704,
0,7748,18947.255661,SGD,32,1.0,32,1.0,9,152.703,4.77196875,209557.11413659193,
0,7749,18947.48314,NB,100,0.5,50,0.5,23,146.875,1.46875,680851.0638297872,
0,7750,18947.678405,GB,64,0.01,0,0.0,11,243.9,3.8109375,262402.62402624026,
0,7751,18947.959768,DT,1,0.0,0,0.0,9,86.503,86.503,11560.292706611332,16.0
0,7752,18948.236206,RF,32,1.0,32,1.0,10,3097.8,96.80625,10329.911550132352,
0,7753,18951.379346,DT,16,0.05,0,0.0,4,93.816,5.8635,170546.60185895796,
0,7754,18951.512893,MLP,1,0.05,0,0.0,20,174.074,174.074,5744.683295609912,
0,7755,18951.853762,MLP,32,0.0,0,0.0,16,190.639,5.95746875,167856.52463556774,
0,7756,18952.108288,DT,32,0.05,1,0.03125,20,89.454,2.7954375,357725.7584903973,
0,7757,18952.253393,GB,16,0.5,6,0.375,1,219.055,13.6909375,73041.01709616306,
0,7758,18952.539069,GB,64,0.5,35,0.546875,25,262.689,4.104515625,243634.10725230214,
0,7759,18952.839295,LoR,1,0.0,0,0.0,8,151.364,151.364,6606.590734917153,
0,7760,18953.141826,GB,8,0.0,0,0.0,17,207.864,25.983,38486.70284416734,
0,7761,18953.412901,GB,32,0.1,3,0.09375,29,229.432,7.16975,139474.8770877646,
0,7762,18953.717957,NB,100,0.05,4,0.04,29,149.774,1.49774,667672.6267576482,
0,7763,18953.92653,SGD,32,0.05,2,0.0625,22,193.01,6.0315625,165794.51841873478,
0,7764,18954.162311,NB,32,0.0,0,0.0,3,115.177,3.59928125,277833.2479574915,
0,7765,18954.335955,MLP,32,0.05,1,0.03125,12,190.293,5.94665625,168161.72954338836,
0,7766,18954.571265,GB,32,0.01,0,0.0,18,229.419,7.16934375,139482.78041487408,
0,7767,18954.876482,RF,100,0.1,9,0.09,27,3452.026,34.52026,28968.495602292685,
0,7768,18958.395343,AB,32,0.1,3,0.09375,9,8030.919,250.96621875,3984.6000190015616,
0,7769,18966.465495,DT,1,1.0,1,1.0,15,77.541,77.541,12896.403193149432,4.0
0,7770,18966.725441,SGD,16,0.0,0,0.0,22,156.514,9.782125,102227.27679313032,
0,7771,18966.923634,DT,8,0.05,0,0.0,24,84.604,10.5755,94558.17691834901,
0,7772,18967.044874,SGD,8,0.0,0,0.0,2,146.462,18.30775,54621.67661236362,
0,7773,18967.249258,NB,16,0.5,10,0.625,12,110.361,6.8975625,144978.7515517257,
0,7774,18967.413118,AB,8,0.5,3,0.375,24,8284.635,1035.579375,965.6430247077874,
0,7775,18975.807963,GB,64,0.1,6,0.09375,25,318.008,4.968875,201252.79867173155,
0,7776,18976.173266,LoR,1,0.01,0,0.0,12,237.739,237.739,4206.29345626927,
0,7777,18976.600861,SGD,64,1.0,64,1.0,28,170.664,2.666625,375005.8594665542,
0,7778,18976.812802,DT,8,0.0,0,0.0,27,94.231,11.778875,84897.75127081321,
0,7779,18976.963012,RF,64,0.01,0,0.0,17,3526.185,55.096640625,18149.926904005322,
0,7780,18980.565479,LoR,1,0.01,0,0.0,10,218.723,218.723,4571.992885979069,
0,7781,18980.9542,RF,8,0.0,0,0.0,19,3275.845,409.480625,2442.117987877937,
0,7782,18984.340915,MLP,64,0.01,0,0.0,25,348.08,5.43875,183865.7779820731,
0,7783,18984.743756,MLP,8,0.0,0,0.0,20,193.826,24.22825,41274.132469328164,
0,7784,18984.983088,SGD,1,0.1,0,0.0,16,162.339,162.339,6159.949242018246,
0,7785,18985.328505,GB,16,1.0,16,1.0,27,299.597,18.7248125,53405.074149607644,
0,7786,18985.679368,NB,32,1.0,32,1.0,29,144.693,4.52165625,221157.89982929372,
0,7787,18985.862819,MLP,1,1.0,1,1.0,6,205.909,205.909,4856.5142854367705,
0,7788,18986.247939,RF,16,0.05,0,0.0,15,3244.47,202.779375,4931.46800556023,
0,7789,18989.548595,MLP,8,1.0,8,1.0,29,232.344,29.043,34431.704713700376,
0,7790,18989.839019,GB,64,1.0,64,1.0,24,341.06,5.3290625,187650.26681522312,
0,7791,18990.239684,RF,16,0.05,0,0.0,28,3089.916,193.11975,5178.134292323804,
0,7792,18993.387018,NB,1,0.5,1,1.0,25,119.976,119.976,8335.000333400014,
0,7793,18993.586907,GB,8,0.05,1,0.125,9,244.203,30.525375,32759.630307571977,
0,7794,18993.89225,AB,16,0.5,9,0.5625,16,8195.8,512.2375,1952.2194294638718,
0,7795,19002.141268,AB,64,0.0,0,0.0,14,8241.676,128.7761875,7765.410821779454,
0,7796,19010.455364,GB,64,0.05,2,0.03125,25,253.3,3.9578125,252664.82431898933,
0,7797,19010.767584,MLP,8,0.5,4,0.5,20,191.658,23.95725,41741.01785472039,
0,7798,19010.996719,MLP,1,0.0,0,0.0,7,160.201,160.201,6242.158288649884,
0,7799,19011.346019,MLP,100,0.05,2,0.02,17,226.344,2.26344,441805.3935602446,
0,7800,19011.634528,GB,32,0.1,2,0.0625,2,226.082,7.0650625,141541.5645650693,
0,7801,19011.902979,SGD,8,0.01,0,0.0,18,156.104,19.513,51247.886024701475,
0,7802,19012.125938,AB,8,1.0,8,1.0,16,8208.186,1026.02325,974.636783328253,
0,7803,19020.403779,LoR,32,0.0,0,0.0,16,180.556,5.642375,177230.33297148807,
0,7804,19020.627516,NB,1,1.0,1,1.0,6,136.87,136.87,7306.202966318404,
0,7805,19020.816228,LoR,8,0.0,0,0.0,29,152.278,19.03475,52535.49429333193,
0,7806,19021.030233,NB,100,1.0,100,1.0,9,159.608,1.59608,626535.0107764022,
0,7807,19021.23752,SGD,8,0.1,0,0.0,21,151.994,18.99925,52633.656591707564,
0,7808,19021.448814,NB,16,0.01,2,0.125,2,110.415,6.9009375,144907.84766562513,
0,7809,19021.59652,RF,1,0.1,0,0.0,0,3083.911,3083.911,324.26357310570893,9.99
0,7810,19037.630172,AB,32,0.0,0,0.0,9,8093.653,252.92665625,3953.7153371907593,
0,7811,19045.796606,RF,64,0.05,3,0.046875,8,3291.321,51.426890625,19445.07995421899,
0,7812,19049.134304,GB,32,1.0,32,1.0,19,280.364,8.761375,114137.33574924029,
0,7813,19049.456321,NB,1,0.05,0,0.0,15,108.925,108.925,9180.628873077807,
0,7814,19049.631937,NB,16,0.1,2,0.125,22,111.072,6.942,144050.70584845866,
0,7815,19049.796545,SGD,8,0.1,1,0.125,20,158.39,19.79875,50508.23915651241,
0,7816,19050.019966,AB,16,0.0,0,0.0,7,7932.772,495.79825,2016.9494345734379,
0,7817,19058.022464,AB,1,1.0,1,1.0,10,7985.366,7985.366,125.22907528596686,2.0
0,7818,19079.278029,LoR,64,1.0,64,1.0,15,190.623,2.978484375,335741.22744894377,
0,7819,19079.516109,DT,32,0.0,0,0.0,22,92.732,2.897875,345080.4468791787,
0,7820,19079.651136,MLP,8,0.05,0,0.0,5,207.666,25.95825,38523.39814895072,
0,7821,19079.920918,DT,64,0.0,0,0.0,29,90.22,1.4096875,709377.078253159,
0,7822,19080.059616,LoR,64,0.0,0,0.0,19,155.824,2.43475,410719.786425711,
0,7823,19080.272314,NB,8,0.5,5,0.625,19,113.511,14.188875,70477.75105496384,
0,7824,19080.443628,GB,32,0.05,5,0.15625,1,276.345,8.63578125,115797.28238252907,
0,7825,19080.761123,LoR,8,0.1,0,0.0,13,150.578,18.82225,53128.611085284705,
0,7826,19080.973495,MLP,32,0.05,2,0.0625,7,191.123,5.97259375,167431.4446717559,
0,7827,19081.229172,SGD,32,0.1,2,0.0625,8,152.711,4.77221875,209546.13616569858,
0,7828,19081.440644,NB,32,0.1,2,0.0625,11,115.76,3.6175,276434.00138217,
0,7829,19081.59248,RF,1,0.01,0,0.0,21,3160.303,3160.303,316.4253554168699,13.1
0,7830,19098.608877,AB,1,0.1,0,0.0,24,7902.849,7902.849,126.53664520225554,2.0
0,7831,19119.53068,SGD,1,0.01,0,0.0,22,177.579,177.579,5631.296493391674,
0,7832,19119.894374,MLP,32,0.1,2,0.0625,7,212.66,6.645625,150474.93651838615,
0,7833,19120.151928,DT,16,0.01,0,0.0,19,91.763,5.7351875,174362.21570785608,
0,7834,19120.313846,SGD,64,0.1,5,0.078125,0,164.036,2.5630625,390158.2579433783,
0,7835,19120.540035,SGD,32,0.05,1,0.03125,20,154.755,4.83609375,206778.45626958742,
0,7836,19120.747748,SGD,64,0.01,0,0.0,15,223.167,3.486984375,286780.75163442624,
0,7837,19121.015637,DT,1,0.01,0,0.0,25,86.465,86.465,11565.373272422366,16.0
0,7838,19121.308856,MLP,8,0.5,3,0.375,19,186.742,23.34275,42839.853916098145,
0,7839,19121.535849,GB,8,0.0,0,0.0,29,260.837,32.604625,30670.495366838295,
0,7840,19121.86831,AB,64,0.5,26,0.40625,27,8517.354,133.08365625,7514.070684393299,
0,7841,19130.42763,DT,8,1.0,8,1.0,8,81.846,10.23075,97744.54463260269,
0,7842,19130.586671,DT,100,0.1,10,0.1,7,91.609,0.91609,1091595.80390573,
0,7843,19130.734394,LoR,8,0.01,1,0.125,3,153.124,19.1405,52245.239152582224,
0,7844,19130.944218,RF,8,0.5,4,0.5,0,3081.481,385.185125,2596.154251802948,
0,7845,19134.093461,MLP,32,0.5,16,0.5,12,209.096,6.53425,153039.75207560163,
0,7846,19134.362641,NB,100,0.0,0,0.0,5,157.284,1.57284,635792.5790290176,
0,7847,19134.599583,RF,100,0.5,46,0.46,14,3443.444,34.43444,29040.692980632182,
0,7848,19138.110295,SGD,32,0.1,4,0.125,16,172.121,5.37878125,185915.72207923495,
0,7849,19138.340966,AB,8,0.1,2,0.25,18,8551.686,1068.96075,935.4880429426431,
0,7850,19146.967161,SGD,64,0.5,35,0.546875,7,164.493,2.570203125,389074.3071133726,
0,7851,19147.216156,LoR,100,0.1,10,0.1,2,165.736,1.65736,603369.2136892407,
0,7852,19147.431208,RF,64,0.0,0,0.0,18,3359.42,52.4909375,19050.907597144746,
0,7853,19150.85455,MLP,8,0.05,1,0.125,27,194.922,24.36525,41042.05784878054,
0,7854,19151.091785,DT,1,0.01,0,0.0,20,89.695,89.695,11148.893472322872,16.0
0,7855,19151.376285,GB,1,0.5,0,0.0,28,234.0,234.0,4273.504273504273,4.0
0,7856,19164.638178,GB,1,0.1,1,1.0,6,217.569,217.569,4596.243030946504,4.0
0,7857,19177.71408,GB,1,0.01,0,0.0,14,208.724,208.724,4791.015887008682,4.0
0,7858,19190.844778,DT,8,0.1,0,0.0,10,90.342,11.29275,88552.38980761994,
0,7859,19190.998456,LoR,32,0.5,22,0.6875,23,163.04,5.095,196270.85377821393,
0,7860,19191.218805,SGD,100,0.0,0,0.0,9,167.17,1.6717,598193.455763594,
0,7861,19191.423431,LoR,1,0.0,0,0.0,11,141.54,141.54,7065.140596297867,
0,7862,19191.716907,GB,1,0.05,0,0.0,25,203.882,203.882,4904.797873279642,4.0
0,7863,19205.316168,DT,32,0.01,0,0.0,18,104.38,3.261875,306572.1402567542,
0,7864,19205.463806,SGD,1,0.05,0,0.0,29,174.229,174.229,5739.572631421864,
0,7865,19205.845994,NB,100,0.05,7,0.07,10,228.35,2.2835,437924.2391066346,
0,7866,19206.114359,SGD,1,0.5,0,0.0,3,154.232,154.232,6483.738783131906,
0,7867,19206.456336,RF,100,0.05,5,0.05,21,3480.197,34.801970000000004,28734.00557497176,
0,7868,19210.050723,AB,64,0.05,2,0.03125,5,8452.249,132.066390625,7571.949193640651,
0,7869,19218.545169,LoR,8,0.0,0,0.0,5,157.141,19.642625,50909.692569094004,
0,7870,19218.747987,NB,32,0.0,0,0.0,2,120.355,3.76109375,265880.1046902912,
0,7871,19218.909147,GB,8,0.1,0,0.0,25,277.386,34.67325,28840.676890686624,
0,7872,19219.24623,MLP,8,0.1,2,0.25,13,199.974,24.99675,40005.200676087894,
0,7873,19219.516071,SGD,64,0.1,5,0.078125,9,198.484,3.1013125,322444.1264787086,
0,7874,19219.764106,GB,64,1.0,64,1.0,0,267.182,4.17471875,239537.09456475358,
0,7875,19220.076167,DT,16,0.01,0,0.0,0,122.996,7.68725,130085.5312367882,
0,7876,19220.238995,MLP,16,0.0,0,0.0,23,188.971,11.8106875,84669.0762074604,
0,7877,19220.502981,NB,64,0.05,1,0.015625,8,134.37,2.09953125,476296.7924387884,
0,7878,19220.677119,NB,8,0.01,0,0.0,0,107.972,13.4965,74093.28344385582,
0,7879,19220.84474,MLP,32,0.5,17,0.53125,27,222.78,6.961875,143639.46494299307,
0,7880,19221.105785,SGD,8,0.0,0,0.0,17,149.629,18.703625,53465.5715135435,
0,7881,19221.295831,AB,16,1.0,16,1.0,1,8095.315,505.9571875,1976.4518119430807,
0,7882,19229.465357,GB,64,0.1,4,0.0625,12,256.821,4.012828125,249200.80523010186,
0,7883,19229.764615,GB,1,0.5,0,0.0,11,212.152,212.152,4713.601568686602,4.0
0,7884,19242.894989,RF,8,0.05,0,0.0,29,3051.487,381.435875,2621.67264681121,
0,7885,19246.051725,SGD,16,0.1,1,0.0625,5,168.543,10.5339375,94931.26383178179,
0,7886,19246.29068,GB,64,0.5,38,0.59375,6,277.944,4.342875,230262.211092882,
0,7887,19246.611139,MLP,16,0.0,0,0.0,9,192.496,12.031,83118.6102568365,
0,7888,19246.86391,GB,8,0.01,1,0.125,9,218.383,27.297875,36632.88809110599,
0,7889,19247.141728,MLP,8,0.1,1,0.125,2,180.333,22.541625,44362.37405244742,
0,7890,19247.385295,LoR,32,0.5,16,0.5,11,155.993,4.87478125,205137.41001198773,
0,7891,19247.580497,GB,1,0.5,1,1.0,25,204.282,204.282,4895.193898630325,4.0
0,7892,19260.591238,LoR,100,0.01,1,0.01,8,177.524,1.77524,563304.1166264843,
0,7893,19260.811509,MLP,8,0.01,0,0.0,4,173.682,21.71025,46061.19229396253,
0,7894,19261.06238,MLP,100,0.5,53,0.53,2,228.825,2.2882499999999997,437015.1862777232,
0,7895,19261.333181,GB,8,0.01,0,0.0,5,217.498,27.18725,36781.94742020616,
0,7896,19261.615489,SGD,32,0.05,3,0.09375,2,162.32,5.0725,197141.4489896501,
0,7897,19261.840583,RF,32,0.1,6,0.1875,3,3114.652,97.332875,10274.020982119351,
0,7898,19264.996657,MLP,1,0.0,0,0.0,21,180.17,180.17,5550.313592717989,
0,7899,19265.369848,RF,100,0.1,9,0.09,5,3431.828,34.31828,29138.989483155918,
0,7900,19268.865203,MLP,8,0.5,6,0.75,11,190.868,23.8585,41913.78334765388,
0,7901,19269.097953,NB,16,1.0,16,1.0,14,119.425,7.4640625,133975.29830437514,
0,7902,19269.261063,LoR,32,1.0,32,1.0,9,157.325,4.91640625,203400.60384554268,
0,7903,19269.481572,RF,32,0.5,17,0.53125,17,3152.008,98.50025,10152.258496805845,
0,7904,19272.716097,LoR,100,0.1,8,0.08,3,181.713,1.81713,550318.3591707803,
0,7905,19272.967338,SGD,64,0.1,7,0.109375,10,164.204,2.5656875,389759.0801685708,
0,7906,19273.205508,GB,100,0.1,11,0.11,4,292.982,2.9298200000000003,341317.8966625936,
0,7907,19273.562069,MLP,100,0.0,0,0.0,0,246.648,2.46648,405436.0870552366,
0,7908,19273.853038,RF,8,0.01,0,0.0,25,3037.149,379.643625,2634.049234989788,
0,7909,19276.958602,NB,32,0.5,17,0.53125,0,132.116,4.128625,242211.3899906143,
0,7910,19277.127781,LoR,1,1.0,1,1.0,28,154.774,154.774,6461.033506919767,
0,7911,19277.437274,NB,8,0.05,0,0.0,14,110.271,13.783875,72548.53950721404,
0,7912,19277.619338,NB,64,0.05,1,0.015625,7,130.474,2.03865625,490519.18389870785,
0,7913,19277.806492,NB,16,0.01,1,0.0625,20,111.309,6.9568125,143743.99195033647,
0,7914,19277.951582,GB,1,1.0,1,1.0,3,251.494,251.494,3976.23800170183,4.0
0,7915,19291.015599,LoR,32,1.0,32,1.0,24,162.173,5.06790625,197320.1457702577,
0,7916,19291.220113,SGD,16,0.0,0,0.0,8,149.467,9.3416875,107047.04048385262,
0,7917,19291.410971,NB,1,0.0,0,0.0,5,102.154,102.154,9789.141883822464,
0,7918,19291.564595,LoR,16,0.05,0,0.0,16,149.882,9.367625,106750.64383982065,
0,7919,19291.754383,SGD,1,0.1,0,0.0,27,141.636,141.636,7060.351887938095,
0,7920,19292.041669,LoR,1,0.5,0,0.0,5,137.906,137.906,7251.316113874668,
0,7921,19292.352212,AB,64,0.1,12,0.1875,24,8346.372,130.4120625,7668.0023368237125,
0,7922,19300.742541,DT,8,0.05,0,0.0,28,80.963,10.120375,98810.56779022518,
0,7923,19300.901274,AB,100,0.01,3,0.03,8,8608.486,86.08486,11616.444517653857,
0,7924,19309.591012,AB,100,0.5,46,0.46,17,8985.332,89.85332,11129.24931432695,
0,7925,19318.633598,SGD,8,0.01,0,0.0,14,164.057,20.507125,48763.53950151472,
0,7926,19318.837392,RF,1,1.0,1,1.0,5,3092.674,3092.674,323.34478189424425,7.49
0,7927,19335.068183,AB,16,0.1,3,0.1875,22,8088.12,505.5075,1978.2100166664195,
0,7928,19343.205853,DT,32,0.01,0,0.0,12,83.826,2.6195625,381743.13458831393,
0,7929,19343.347094,AB,8,0.5,5,0.625,16,7976.047,997.005875,1003.0031167068098,
0,7930,19351.367552,GB,8,0.01,0,0.0,2,243.254,30.40675,32887.434533450636,
0,7931,19351.653603,DT,16,1.0,16,1.0,28,86.129,5.3830625,185767.85983814974,
0,7932,19351.793561,GB,64,0.01,0,0.0,13,254.082,3.97003125,251887.18602655837,
0,7933,19352.111413,GB,32,0.1,2,0.0625,21,235.493,7.35915625,135885.14308280926,
0,7934,19352.394358,SGD,32,0.01,0,0.0,2,172.079,5.37746875,185961.099262548,
0,7935,19352.607872,LoR,1,0.01,0,0.0,6,149.407,149.407,6693.126828060264,
0,7936,19352.915523,MLP,16,0.0,0,0.0,3,190.713,11.9195625,83895.69667510867,
0,7937,19353.148087,SGD,16,1.0,16,1.0,19,148.359,9.2724375,107846.50745826002,
0,7938,19353.353995,DT,8,0.5,6,0.75,21,87.499,10.937375,91429.61633847245,
0,7939,19353.49753,RF,100,1.0,100,1.0,23,3327.231,33.272310000000004,30055.021728277956,
0,7940,19356.888768,AB,8,0.5,4,0.5,29,8428.24,1053.53,949.1898664489859,
0,7941,19365.373716,NB,8,0.0,0,0.0,3,122.945,15.368125,65069.74663467405,
0,7942,19365.560129,AB,8,0.05,1,0.125,23,8396.049,1049.506125,952.8291223645788,
0,7943,19374.089016,RF,100,0.01,1,0.01,23,3536.674,35.36674,28275.153435120115,
0,7944,19377.674369,RF,8,0.01,0,0.0,29,3409.588,426.1985,2346.324541264223,
0,7945,19381.180442,AB,8,0.5,3,0.375,0,8157.644,1019.7055,980.6753028202751,
0,7946,19389.388414,RF,16,0.01,0,0.0,11,3140.038,196.252375,5095.479736232492,
0,7947,19392.572277,GB,8,1.0,8,1.0,4,270.79,33.84875,29543.188448613313,
0,7948,19392.910976,GB,32,0.5,15,0.46875,4,251.658,7.8643125,127156.69678690922,
0,7949,19393.204717,SGD,1,0.01,0,0.0,7,178.783,178.783,5593.3729717031265,
0,7950,19393.584275,DT,100,0.01,1,0.01,1,99.966,0.99966,1000340.1156393174,
0,7951,19393.727604,SGD,1,0.1,0,0.0,29,150.411,150.411,6648.449913902574,
0,7952,19394.082869,AB,32,0.05,4,0.125,1,8186.222,255.8194375,3909.007109750994,
0,7953,19402.350759,NB,100,0.1,11,0.11,28,177.527,1.77527,563294.597441516,
0,7954,19402.568792,GB,16,0.0,0,0.0,28,221.869,13.8668125,72114.62619834226,
0,7955,19402.869712,DT,100,0.01,3,0.03,15,99.282,0.9928199999999999,1007231.9252231019,
0,7956,19403.025126,DT,8,0.5,1,0.125,7,90.025,11.253125,88864.20438767009,
0,7957,19403.18816,AB,100,0.5,55,0.55,24,8716.329,87.16329,11472.719765396649,
0,7958,19411.956877,LoR,64,0.0,0,0.0,28,163.397,2.553078125,391684.0578468393,
0,7959,19412.162474,LoR,16,0.0,0,0.0,18,145.005,9.0628125,110341.02272335437,
0,7960,19412.367301,GB,100,0.01,0,0.0,3,272.595,2.72595,366844.58629101777,
0,7961,19412.682795,MLP,16,1.0,16,1.0,26,202.626,12.664125,78963.2130131375,
0,7962,19412.93002,LoR,32,1.0,32,1.0,29,154.296,4.82175,207393.58116866284,
0,7963,19413.147683,LoR,32,0.05,3,0.09375,9,151.031,4.71971875,211877.03186762982,
0,7964,19413.336275,NB,1,0.0,0,0.0,11,101.053,101.053,9895.797254905841,
0,7965,19413.483668,MLP,8,0.0,0,0.0,16,175.0,21.875,45714.28571428572,
0,7966,19413.715374,LoR,100,1.0,100,1.0,22,162.091,1.62091,616937.3993620867,
0,7967,19413.949906,SGD,64,0.5,35,0.546875,20,194.901,3.045328125,328371.8400623906,
0,7968,19414.184435,AB,1,0.5,1,1.0,23,7884.34,7884.34,126.83369819160512,2.0
0,7969,19435.050673,SGD,64,0.1,2,0.03125,25,173.056,2.704,369822.4852071006,
0,7970,19435.293308,DT,64,0.1,6,0.09375,21,95.156,1.4868125,672579.763756358,
0,7971,19435.444994,LoR,16,0.1,1,0.0625,4,153.505,9.5940625,104231.13253639947,
0,7972,19435.637855,SGD,8,0.01,0,0.0,16,147.258,18.40725,54326.42029635062,
0,7973,19435.83993,MLP,100,0.0,0,0.0,11,233.869,2.33869,427589.80454870034,
0,7974,19436.133818,NB,16,0.5,8,0.5,17,114.499,7.1561875,139739.21169617202,
0,7975,19436.286132,LoR,16,0.0,0,0.0,11,149.498,9.343625,107024.84314171427,
0,7976,19436.478254,RF,32,1.0,32,1.0,9,3235.005,101.09390625,9891.793057506866,
0,7977,19439.761221,DT,32,1.0,32,1.0,20,97.194,3.0373125,329238.43035578326,
0,7978,19439.900214,SGD,16,0.0,0,0.0,24,161.941,10.1213125,98801.4153302746,
0,7979,19440.112636,DT,64,1.0,64,1.0,25,92.384,1.4435,692760.6511950121,
0,7980,19440.273086,AB,64,0.01,1,0.015625,13,9293.193,145.206140625,6886.761094921842,
0,7981,19449.656685,MLP,8,0.1,2,0.25,19,218.365,27.295625,36635.90776910219,
0,7982,19449.918643,NB,16,0.0,0,0.0,14,144.646,9.040375,110614.8804667948,
0,7983,19450.12255,AB,16,0.5,10,0.625,1,8040.615,502.5384375,1989.8975389320344,
0,7984,19458.249968,SGD,100,0.05,7,0.07,23,176.946,1.76946,565144.1682773276,
0,7985,19458.469816,SGD,8,0.1,0,0.0,11,147.389,18.423625,54278.13473189993,
0,7986,19458.660724,MLP,16,0.05,0,0.0,28,176.417,11.0260625,90694.20747433638,
0,7987,19458.91313,NB,64,0.1,10,0.15625,13,132.535,2.070859375,482891.31172897725,
0,7988,19459.102145,GB,8,0.05,1,0.125,2,266.302,33.28775,30041.081178511613,
0,7989,19459.412298,RF,16,0.1,0,0.0,1,3137.048,196.0655,5100.336367183416,
0,7990,19462.594744,AB,8,0.1,0,0.0,25,8011.198,1001.39975,998.6022065613657,
0,7991,19470.680184,AB,64,0.05,1,0.015625,19,8328.829,130.137953125,7684.153438616641,
0,7992,19479.053256,DT,8,0.01,0,0.0,16,80.709,10.088625,99121.53539258323,
0,7993,19479.178502,SGD,16,1.0,16,1.0,24,154.905,9.6815625,103289.11268196636,
0,7994,19479.404089,MLP,64,0.05,1,0.015625,17,214.315,3.348671875,298625.8544665562,
0,7995,19479.659202,MLP,1,0.1,0,0.0,21,160.542,160.542,6228.899602596205,
0,7996,19479.99927,NB,16,0.01,1,0.0625,11,114.8,7.175,139372.82229965157,
0,7997,19480.188742,GB,100,0.5,42,0.42,11,322.014,3.2201400000000002,310545.5042327352,
0,7998,19480.554008,SGD,8,0.1,0,0.0,24,161.061,20.132625,49670.62168991873,
0,7999,19480.768481,AB,64,0.01,0,0.0,11,8310.102,129.84534375,7701.4698495878865,
0,8000,19489.13314,DT,64,0.01,0,0.0,27,87.088,1.36075,734888.8480617307,
0,8001,19489.296546,DT,100,0.1,13,0.13,12,89.825,0.89825,1113275.814082939,
0,8002,19489.4411,DT,8,0.5,6,0.75,27,81.211,10.151375,98508.82269643275,
0,8003,19489.577579,RF,16,0.1,2,0.125,25,3071.657,191.9785625,5208.9149276758435,
0,8004,19492.696642,DT,16,0.01,0,0.0,1,93.849,5.8655625,170486.6327824484,
0,8005,19492.832043,LoR,16,1.0,16,1.0,21,162.122,10.132625,98691.10916470311,
0,8006,19493.054592,DT,8,0.1,1,0.125,14,91.371,11.421375,87555.13237241576,
0,8007,19493.212199,AB,64,0.1,8,0.125,4,8325.246,130.08196875,7687.460526691944,
0,8008,19501.610891,GB,64,0.1,2,0.03125,8,251.439,3.928734375,254534.8971321076,
0,8009,19501.916286,MLP,64,0.01,0,0.0,17,272.256,4.254,235072.87259050307,
0,8010,19502.24244,LoR,64,0.01,0,0.0,18,162.189,2.534203125,394601.36014156323,
0,8011,19502.445429,AB,1,0.05,0,0.0,24,7736.494,7736.494,129.25751638920678,2.0
0,8012,19523.247545,MLP,16,0.1,1,0.0625,9,193.724,12.10775,82591.7284383969,
0,8013,19523.487055,NB,16,0.01,0,0.0,6,118.095,7.3809375,135484.14412125832,
0,8014,19523.682159,RF,100,0.01,1,0.01,3,3442.761,34.42761,29046.45428480223,
0,8015,19527.168633,DT,1,0.5,0,0.0,19,93.218,93.218,10727.541891051083,11.0
0,8016,19527.464631,NB,64,1.0,64,1.0,11,140.426,2.19415625,455756.05657072057,
0,8017,19527.642032,GB,1,0.0,0,0.0,16,222.39,222.39,4496.605063177301,4.0
0,8018,19540.566106,GB,100,1.0,100,1.0,6,289.05,2.8905000000000003,345960.9064175748,
0,8019,19540.9172,LoR,100,0.01,0,0.0,20,182.798,1.82798,547051.9371109093,
0,8020,19541.178369,GB,100,0.05,4,0.04,19,275.451,2.7545100000000002,363040.9764350102,
0,8021,19541.49509,NB,1,0.05,0,0.0,6,108.014,108.014,9258.05914048179,
0,8022,19541.668169,SGD,100,0.0,0,0.0,23,173.545,1.73545,576219.4243567951,
0,8023,19541.901567,MLP,16,0.05,2,0.125,2,218.498,13.656125,73227.21489441552,
0,8024,19542.162711,GB,16,0.1,0,0.0,2,222.945,13.9340625,71766.57920114827,
0,8025,19542.455688,GB,64,0.01,1,0.015625,18,251.404,3.9281875,254570.33300981688,
0,8026,19542.767308,LoR,16,0.5,11,0.6875,3,158.19,9.886875,101144.19369113092,
0,8027,19542.986472,MLP,8,0.5,3,0.375,21,175.902,21.98775,45479.86947277462,
0,8028,19543.201374,NB,8,1.0,8,1.0,22,110.76,13.845,72228.24124232575,
0,8029,19543.367943,MLP,8,0.05,1,0.125,8,174.129,21.766125,45942.950341413554,
0,8030,19543.583315,GB,8,0.01,0,0.0,24,242.067,30.258375,33048.70139258965,
0,8031,19543.902928,MLP,100,0.5,57,0.57,26,236.527,2.3652699999999998,422784.713795888,
0,8032,19544.216223,MLP,100,0.1,12,0.12,10,227.456,2.2745599999999997,439645.46989307826,
0,8033,19544.512157,NB,64,0.05,6,0.09375,24,133.913,2.092390625,477922.23309163406,
0,8034,19544.701284,RF,16,0.5,8,0.5,24,3084.828,192.80175,5186.674913479779,
0,8035,19547.867472,RF,100,0.5,54,0.54,17,3421.85,34.2185,29223.957800604938,
0,8036,19551.333211,RF,1,0.05,0,0.0,0,2950.799,2950.799,338.8912630104592,10.34
0,8037,19567.298071,AB,1,1.0,1,1.0,21,7746.047,7746.047,129.09810642770435,2.0
0,8038,19587.84391,GB,64,0.0,0,0.0,3,254.722,3.98003125,251254.30861880796,
0,8039,19588.138988,MLP,8,0.0,0,0.0,21,185.63,23.20375,43096.48224963638,
0,8040,19588.381844,LoR,100,0.0,0,0.0,14,164.265,1.64265,608772.4104343592,
0,8041,19588.583509,LoR,1,1.0,1,1.0,17,139.373,139.373,7174.990851886664,
0,8042,19588.873956,LoR,8,0.1,0,0.0,19,140.068,17.5085,57115.11551532112,
0,8043,19589.052988,RF,1,0.05,0,0.0,24,2865.871,2865.871,348.9340587905038,9.99
0,8044,19604.648822,RF,8,1.0,8,1.0,2,2898.29,362.28625,2760.248284333176,
0,8045,19607.586989,AB,1,1.0,1,1.0,14,7639.672,7639.672,130.89567196078576,2.0
0,8046,19628.279312,SGD,32,1.0,32,1.0,29,164.541,5.14190625,194480.40306063535,
0,8047,19628.488178,LoR,16,0.0,0,0.0,23,146.727,9.1704375,109046.05151062857,
0,8048,19628.674513,SGD,1,0.1,0,0.0,18,140.257,140.257,7129.768924189167,
0,8049,19628.985613,LoR,16,0.05,3,0.1875,10,171.796,10.73725,93133.71673380055,
0,8050,19629.195883,MLP,1,0.05,0,0.0,25,157.999,157.999,6329.153981987228,
0,8051,19629.508506,SGD,64,1.0,64,1.0,27,151.6,2.36875,422163.58839050133,
0,8052,19629.699392,SGD,1,0.01,0,0.0,23,136.474,136.474,7327.403021821006,
0,8053,19630.052053,GB,64,0.5,32,0.5,10,268.019,4.187796875,238789.04107544615,
0,8054,19630.380408,DT,16,0.5,13,0.8125,19,91.148,5.69675,175538.6843375609,
0,8055,19630.52561,GB,100,0.0,0,0.0,11,277.979,2.7797899999999998,359739.40477518085,
0,8056,19630.866652,DT,32,0.1,2,0.0625,20,92.948,2.904625,344278.52132375096,
0,8057,19630.994918,SGD,1,1.0,1,1.0,6,150.483,150.483,6645.268900806071,
0,8058,19631.294379,AB,32,0.0,0,0.0,14,7979.104,249.347,4010.4753616446155,
0,8059,19639.333321,GB,8,0.1,3,0.375,8,204.675,25.584375,39086.35641871259,
0,8060,19639.578132,SGD,1,0.01,0,0.0,25,146.248,146.248,6837.700344620098,
0,8061,19639.89463,AB,16,0.1,2,0.125,10,7933.62,495.85125,2016.7338491130154,
0,8062,19647.889698,MLP,16,0.05,2,0.125,7,179.85,11.240625,88963.02474284125,
0,8063,19648.113066,SGD,32,1.0,32,1.0,28,148.54,4.641875,215430.1871549751,
0,8064,19648.310526,NB,64,0.0,0,0.0,4,130.325,2.036328125,491079.99232687516,
0,8065,19648.477474,MLP,8,1.0,8,1.0,19,167.571,20.946375,47740.95756425634,
0,8066,19648.683722,SGD,8,0.0,0,0.0,12,141.665,17.708125,56471.2526029718,
0,8067,19648.879065,NB,64,0.01,0,0.0,28,125.1,1.9546875,511590.7274180656,
0,8068,19649.040743,SGD,8,1.0,8,1.0,16,143.558,17.94475,55726.605274523194,
0,8069,19649.244943,AB,32,0.1,5,0.15625,17,7928.303,247.75946875,4036.1726841166387,
0,8070,19657.234852,DT,16,0.5,7,0.4375,24,80.225,5.0140625,199439.07759426613,
0,8071,19657.38462,MLP,64,0.5,25,0.390625,0,207.95,3.24921875,307766.28997355135,
0,8072,19657.637897,NB,32,0.01,0,0.0,15,116.294,3.6341875,275164.6688565188,
0,8073,19657.791479,AB,1,0.1,0,0.0,3,7506.156,7506.156,133.2239830880147,2.0
0,8074,19677.939458,RF,100,0.5,47,0.47,20,3407.068,34.07068,29350.749676848245,
0,8075,19681.399589,GB,64,0.0,0,0.0,7,262.344,4.099125,243954.5024852865,
0,8076,19681.706349,SGD,16,0.01,0,0.0,19,161.5,10.09375,99071.20743034055,
0,8077,19681.946421,MLP,100,0.5,50,0.5,15,245.24,2.4524,407763.8231936062,
0,8078,19682.253535,GB,32,0.01,2,0.0625,9,233.822,7.3069375,136856.24107226863,
0,8079,19682.527097,SGD,1,0.01,0,0.0,20,151.588,151.588,6596.828244979814,
0,8080,19682.820646,RF,1,0.0,0,0.0,29,2847.863,2847.863,351.14048674391995,9.99
0,8081,19698.456495,NB,100,0.5,52,0.52,29,160.953,1.6095300000000001,621299.3855349077,
0,8082,19698.654309,LoR,1,0.0,0,0.0,25,148.818,148.818,6719.617250601405,
0,8083,19698.963255,NB,100,1.0,100,1.0,4,141.758,1.41758,705427.5596439001,
0,8084,19699.142987,NB,1,0.05,0,0.0,4,96.521,96.521,10360.439697060743,
0,8085,19699.321143,DT,100,0.05,6,0.06,5,95.491,0.95491,1047219.109654313,
0,8086,19699.474628,DT,32,0.01,1,0.03125,29,89.835,2.80734375,356208.60466410645,
0,8087,19699.627875,GB,64,0.05,1,0.015625,23,246.662,3.85409375,259464.36824480462,
0,8088,19699.936049,DT,32,0.1,2,0.0625,25,89.985,2.81203125,355614.82469300437,
0,8089,19700.063386,NB,16,0.0,0,0.0,9,113.084,7.06775,141487.74362420855,
0,8090,19700.21305,LoR,1,0.05,0,0.0,7,146.446,146.446,6828.45553992598,
0,8091,19700.502026,LoR,1,0.1,0,0.0,11,137.642,137.642,7265.224277473446,
0,8092,19700.803722,NB,16,0.5,10,0.625,28,110.204,6.88775,145185.29272984646,
0,8093,19700.970022,SGD,16,0.05,1,0.0625,15,149.188,9.32425,107247.23168083225,
0,8094,19701.166696,SGD,64,1.0,64,1.0,13,152.646,2.38509375,419270.73097231507,
0,8095,19701.401486,NB,100,0.05,4,0.04,14,143.881,1.43881,695018.800258547,
0,8096,19701.587056,NB,32,1.0,32,1.0,5,112.165,3.50515625,285293.98653769,
0,8097,19701.738362,DT,8,1.0,8,1.0,22,86.64,10.83,92336.10341643583,
0,8098,19701.880795,RF,16,0.1,2,0.125,16,3045.911,190.3694375,5252.944028896445,
0,8099,19704.97837,MLP,64,0.0,0,0.0,2,222.65,3.47890625,287446.6651695486,
0,8100,19705.242319,DT,16,0.0,0,0.0,29,89.427,5.5891875,178916.88192604022,
0,8101,19705.369564,SGD,8,1.0,8,1.0,3,148.816,18.602,53757.66046661649,
0,8102,19705.580171,GB,32,0.01,1,0.03125,6,228.06,7.126875,140313.9524686486,
0,8103,19705.8588,RF,64,1.0,64,1.0,10,3154.251,49.285171875,20290.07837359804,
0,8104,19709.079546,NB,32,0.05,2,0.0625,4,128.674,4.0210625,248690.48914310583,
0,8105,19709.248879,GB,8,0.05,0,0.0,8,219.022,27.37775,36526.011085644364,
0,8106,19709.543815,MLP,100,0.05,6,0.06,7,239.353,2.39353,417792.96687319566,
0,8107,19709.863716,DT,100,0.05,3,0.03,27,98.608,0.9860800000000001,1014116.5017037157,
0,8108,19710.062388,NB,32,0.05,2,0.0625,15,119.8,3.74375,267111.8530884808,
0,8109,19710.21858,NB,1,0.1,0,0.0,1,97.247,97.247,10283.093565868356,
0,8110,19710.386436,DT,32,0.05,1,0.03125,24,90.249,2.82028125,354574.56592316815,
0,8111,19710.52898,DT,100,0.0,0,0.0,1,92.126,0.9212600000000001,1085469.8999196752,
0,8112,19710.658481,NB,8,0.1,0,0.0,26,106.908,13.3635,74830.69555131515,
0,8113,19710.827965,LoR,64,0.1,9,0.140625,28,160.095,2.501484375,399762.64093194663,
0,8114,19711.044887,NB,100,0.01,0,0.0,24,161.092,1.6109200000000001,620763.2905420505,
0,8115,19711.268036,LoR,100,0.0,0,0.0,10,164.926,1.64926,606332.5370166014,
0,8116,19711.494269,AB,32,0.1,4,0.125,18,8134.061,254.18940625,3934.074258848071,
0,8117,19719.673874,RF,32,1.0,32,1.0,19,3163.675,98.86484375,10114.819000055315,
0,8118,19722.912082,LoR,8,0.05,1,0.125,3,161.151,20.143875,49642.88152105788,
0,8119,19723.141539,GB,64,0.05,4,0.0625,29,259.919,4.061234375,246230.55644258406,
0,8120,19723.441037,DT,8,0.0,0,0.0,25,89.552,11.194,89333.57155619081,
0,8121,19723.603405,DT,100,0.01,4,0.04,9,94.388,0.94388,1059456.710598805,
0,8122,19723.76918,DT,100,0.5,44,0.44,17,92.118,0.92118,1085564.1676979526,
0,8123,19723.914334,SGD,16,0.5,6,0.375,13,154.006,9.625375,103892.05615365635,
0,8124,19724.13369,AB,64,0.05,3,0.046875,7,8270.15,129.22109375,7738.674631052641,
0,8125,19732.462198,GB,100,0.0,0,0.0,7,272.733,2.7273300000000003,366658.96682836325,
0,8126,19732.804393,AB,64,0.05,4,0.0625,13,8184.505,127.882890625,7819.6543346237795,
0,8127,19741.027514,GB,1,1.0,1,1.0,7,194.959,194.959,5129.283592960571,4.0
0,8128,19753.774148,DT,16,0.0,0,0.0,27,89.505,5.5940625,178760.96307468857,
0,8129,19753.939414,DT,100,0.1,9,0.09,23,98.651,0.98651,1013674.4685811598,
0,8130,19754.10313,NB,64,0.01,1,0.015625,11,134.795,2.106171875,474795.05916391563,
0,8131,19754.277919,RF,32,1.0,32,1.0,15,2984.022,93.2506875,10723.781527079895,
0,8132,19757.342173,AB,100,0.5,53,0.53,6,8556.497,85.56496999999999,11687.02566015041,
0,8133,19765.941128,GB,16,0.0,0,0.0,9,261.849,16.3655625,61103.91867068425,
0,8134,19766.261857,GB,100,1.0,100,1.0,7,275.13,2.7513,363464.54403372953,
0,8135,19766.577229,GB,1,0.5,1,1.0,3,203.543,203.543,4912.966793257444,4.0
0,8136,19780.025421,LoR,64,0.01,2,0.03125,11,184.498,2.88278125,346887.22912985506,
0,8137,19780.287609,GB,100,0.5,46,0.46,18,309.056,3.09056,323565.95568440674,
0,8138,19780.65716,MLP,16,0.1,2,0.125,5,202.236,12.63975,79115.48883482664,
0,8139,19780.908787,MLP,64,1.0,64,1.0,7,206.142,3.22096875,310465.6013815719,
0,8140,19781.175073,SGD,100,0.01,0,0.0,27,193.323,1.93323,517269.0264479653,
0,8141,19781.435206,DT,64,0.5,28,0.4375,7,110.867,1.732296875,577268.2583636249,
0,8142,19781.597984,NB,16,0.01,0,0.0,19,117.677,7.3548125,135965.39680651273,
0,8143,19781.750204,RF,1,1.0,1,1.0,12,2991.229,2991.229,334.3107465192401,7.84
0,8144,19797.597872,SGD,8,0.1,2,0.25,23,157.697,19.712125,50730.197784358614,
0,8145,19797.824981,LoR,64,0.01,1,0.015625,10,178.98,2.7965625,357581.8527209744,
0,8146,19798.105545,MLP,16,0.1,1,0.0625,12,175.866,10.991625,90978.35852296634,
0,8147,19798.326244,AB,16,0.01,0,0.0,8,7872.048,492.003,2032.5079318622043,
0,8148,19806.240551,RF,16,1.0,16,1.0,27,2935.291,183.4556875,5450.907593148345,
0,8149,19809.217793,LoR,1,0.5,1,1.0,23,154.756,154.756,6461.785003489364,
0,8150,19809.533053,AB,64,1.0,64,1.0,19,8284.942,129.45221875,7724.857941069474,
0,8151,19817.859609,RF,1,0.01,0,0.0,4,3008.138,3008.138,332.43155732881934,9.99
0,8152,19833.68051,NB,16,0.01,0,0.0,4,120.048,7.503,133280.0213248034,
0,8153,19833.857284,NB,100,1.0,100,1.0,14,147.731,1.47731,676905.9980640488,
0,8154,19834.045797,MLP,32,1.0,32,1.0,29,198.381,6.19940625,161305.77020984874,
0,8155,19834.282068,GB,1,1.0,1,1.0,2,225.819,225.819,4428.325340206095,4.0
0,8156,19846.868272,GB,1,1.0,1,1.0,27,206.907,206.907,4833.089262325586,4.0
0,8157,19859.464999,NB,16,0.01,0,0.0,15,116.002,7.250125,137928.6564024758,
0,8158,19859.656414,DT,100,0.01,1,0.01,26,96.538,0.96538,1035861.5260312002,
0,8159,19859.791477,RF,8,0.05,0,0.0,3,2979.295,372.411875,2685.1990152032613,
0,8160,19862.832152,RF,8,0.5,4,0.5,7,2885.729,360.716125,2772.2630919258186,
0,8161,19865.790244,GB,64,0.1,5,0.078125,19,266.519,4.164359375,240132.9736341499,
0,8162,19866.134764,SGD,100,0.5,54,0.54,21,178.232,1.78232,561066.4751559765,
0,8163,19866.353414,NB,16,0.0,0,0.0,7,112.262,7.016375,142523.73911029554,
0,8164,19866.512792,DT,64,1.0,64,1.0,27,92.197,1.440578125,694165.7537663915,
0,8165,19866.641512,RF,8,1.0,8,1.0,1,2916.709,364.588625,2742.817332822712,
0,8166,19869.602564,LoR,16,0.05,0,0.0,22,164.66,10.29125,97169.9259079315,
0,8167,19869.829775,LoR,16,0.5,6,0.375,14,151.854,9.490875,105364.36313827755,
0,8168,19870.05519,RF,100,0.5,42,0.42,13,3368.802,33.68802,29684.142908962887,
0,8169,19873.478049,LoR,64,0.01,0,0.0,8,169.25,2.64453125,378138.8478581979,
0,8170,19873.687895,LoR,16,0.0,0,0.0,10,146.081,9.1300625,109528.27540884852,
0,8171,19873.876589,SGD,16,0.01,0,0.0,13,180.819,11.3011875,88486.2763315802,
0,8172,19874.095852,LoR,8,0.0,0,0.0,12,139.019,17.377375,57546.09082211784,
0,8173,19874.270979,RF,1,1.0,1,1.0,21,2884.019,2884.019,346.7383536654925,6.86
0,8174,19889.866347,DT,64,0.01,1,0.015625,15,93.315,1.458046875,685849.0060547608,
0,8175,19890.033755,GB,16,0.01,0,0.0,26,218.496,13.656,73227.88517867604,
0,8176,19890.307125,LoR,1,0.01,0,0.0,3,162.658,162.658,6147.86853397927,
0,8177,19890.642009,RF,32,0.05,4,0.125,19,3023.836,94.494875,10582.584505244333,
0,8178,19893.705861,DT,1,0.0,0,0.0,14,89.457,89.457,11178.555059972949,16.0
0,8179,19894.011303,GB,1,0.05,0,0.0,16,237.699,237.699,4207.001291549396,4.0
0,8180,19907.598686,NB,32,0.1,3,0.09375,7,141.077,4.40865625,226826.48482743467,
0,8181,19907.790788,NB,64,0.0,0,0.0,22,128.627,2.009796875,497562.7201131955,
0,8182,19907.960174,DT,32,0.0,0,0.0,28,96.657,3.02053125,331067.5895175725,
0,8183,19908.112924,SGD,100,1.0,100,1.0,5,188.285,1.88285,531109.753830629,
0,8184,19908.359122,SGD,16,0.1,4,0.25,11,149.479,9.3424375,107038.44687213587,
0,8185,19908.582849,AB,100,0.1,10,0.1,19,8562.607,85.62607,11678.686175834066,
0,8186,19917.230598,MLP,100,1.0,100,1.0,19,246.009,2.4600899999999997,406489.1934847912,
0,8187,19917.523769,MLP,16,0.05,0,0.0,4,171.117,10.6948125,93503.27553662115,
0,8188,19917.735641,RF,8,0.01,0,0.0,28,3217.018,402.12725,2486.7750195988956,
0,8189,19921.032403,MLP,100,0.5,55,0.55,11,245.666,2.45666,407056.73556780344,
0,8190,19921.340897,LoR,32,0.1,3,0.09375,18,156.846,4.9014375,204021.77932494294,
0,8191,19921.538142,DT,8,0.05,0,0.0,13,86.815,10.851875,92149.9740828198,
0,8192,19921.663737,RF,8,0.1,0,0.0,12,3109.064,388.633,2573.121685497629,
0,8193,19924.816124,AB,16,1.0,16,1.0,19,7967.121,497.9450625,2008.253671558396,
0,8194,19932.82846,GB,16,0.1,0,0.0,28,244.878,15.304875,65338.658433995704,
0,8195,19933.113168,LoR,8,1.0,8,1.0,11,151.643,18.955375,52755.484921822965,
0,8196,19933.304758,MLP,1,0.5,0,0.0,10,160.995,160.995,6211.373024006956,
0,8197,19933.658516,AB,100,0.05,4,0.04,23,8572.117,85.72117,11665.729714141793,
0,8198,19942.292442,SGD,16,0.5,11,0.6875,16,151.434,9.464625,105656.58966942695,
0,8199,19942.502635,MLP,100,0.01,0,0.0,5,226.816,2.26816,440886.0045146727,
0,8200,19942.779528,AB,64,1.0,64,1.0,5,8217.967,128.405734375,7787.8141881075935,
0,8201,19951.038715,GB,1,0.01,0,0.0,16,206.357,206.357,4845.970817563737,4.0
0,8202,19963.765926,RF,64,0.0,0,0.0,22,3294.828,51.4816875,19424.38269918794,
0,8203,19967.109387,DT,32,0.01,0,0.0,4,94.0,2.9375,340425.5319148936,
0,8204,19967.265407,LoR,32,0.05,4,0.125,7,160.012,5.000375,199985.00112491564,
0,8205,19967.483469,MLP,16,0.1,2,0.125,27,178.586,11.161625,89592.68923655829,
0,8206,19967.706853,MLP,32,0.01,0,0.0,11,179.898,5.6218125,177878.5756373056,
0,8207,19967.931786,DT,16,0.1,0,0.0,3,85.87,5.366875,186328.17049027598,
0,8208,19968.077801,RF,32,0.05,2,0.0625,11,3112.183,97.25571875,10282.171710339655,
0,8209,19971.233094,GB,16,1.0,16,1.0,16,236.186,14.761625,67743.21932714047,
0,8210,19971.517008,DT,32,0.01,0,0.0,27,91.293,2.85290625,350519.7550743211,
0,8211,19971.681744,RF,100,0.1,12,0.12,4,3469.168,34.69168,28825.355243678023,
0,8212,19975.251288,LoR,100,0.1,11,0.11,19,204.063,2.0406299999999997,490044.7410848611,
0,8213,19975.531913,MLP,100,0.5,46,0.46,1,244.921,2.44921,408294.9195863156,
0,8214,19975.81794,LoR,16,0.0,0,0.0,1,205.28,12.83,77942.3226812159,
0,8215,19976.061248,SGD,8,1.0,8,1.0,2,143.503,17.937875,55747.96345720996,
0,8216,19976.241499,DT,1,0.0,0,0.0,2,87.372,87.372,11445.314288330357,16.0
0,8217,19976.599684,AB,32,0.01,0,0.0,3,9021.75,281.9296875,3546.983678332918,
0,8218,19985.776964,SGD,100,0.01,2,0.02,26,224.812,2.24812,444816.113018878,
0,8219,19986.055966,DT,16,0.01,0,0.0,3,97.075,6.0671875,164821.0146793716,
0,8220,19986.23592,MLP,100,0.05,7,0.07,22,279.316,2.79316,358017.442609804,
0,8221,19986.586229,NB,32,0.1,3,0.09375,24,139.099,4.34684375,230051.97736863676,
0,8222,19986.796941,LoR,64,0.1,7,0.109375,25,179.632,2.80675,356283.9583147769,
0,8223,19987.025224,DT,32,0.01,0,0.0,16,103.936,3.248,307881.7733990148,
0,8224,19987.169976,GB,16,0.0,0,0.0,1,290.056,18.1285,55161.76186667402,
0,8225,19987.50288,NB,8,1.0,8,1.0,4,123.836,15.4795,64601.569818146585,
0,8226,19987.664748,RF,1,0.0,0,0.0,22,3256.77,3256.77,307.0526933126994,9.99
0,8227,20004.235961,LoR,16,0.0,0,0.0,9,188.961,11.8100625,84673.55697736569,
0,8228,20004.492827,MLP,16,0.1,1,0.0625,25,200.07,12.504375,79972.0097965712,
0,8229,20004.766461,LoR,64,0.1,6,0.09375,29,158.949,2.483578125,402644.87351288775,
0,8230,20005.004276,SGD,100,0.1,7,0.07,23,167.716,1.67716,596246.0349638675,
0,8231,20005.240098,RF,64,0.05,5,0.078125,21,3378.478,52.78871875,18943.44139580012,
0,8232,20008.662523,SGD,1,0.1,0,0.0,25,163.713,163.713,6108.2504138339655,
0,8233,20009.005811,SGD,16,0.5,7,0.4375,4,153.683,9.6051875,104110.40908883871,
0,8234,20009.228574,AB,64,0.5,36,0.5625,11,8439.093,131.860828125,7583.753372548447,
0,8235,20017.713225,GB,16,0.05,0,0.0,21,259.554,16.222125,61644.20505944813,
0,8236,20018.049553,GB,16,1.0,16,1.0,11,233.85,14.615625,68419.92730382724,
0,8237,20018.335006,LoR,64,1.0,64,1.0,26,164.103,2.564109375,389998.9640652517,
0,8238,20018.557047,RF,8,0.5,4,0.5,1,3363.108,420.3885,2378.75203531971,
0,8239,20022.036098,GB,16,0.1,3,0.1875,12,338.873,21.1795625,47215.328456383366,
0,8240,20022.445854,DT,32,0.5,17,0.53125,18,101.708,3.178375,314626.184764227,
0,8241,20022.610932,SGD,100,1.0,100,1.0,29,200.722,2.0072200000000002,498201.49261167186,
0,8242,20022.853707,AB,16,0.0,0,0.0,1,8153.644,509.60275,1962.3128014909653,
0,8243,20031.060817,RF,64,0.0,0,0.0,15,3395.306,53.05165625,18849.552882715136,
0,8244,20034.541054,DT,100,0.5,52,0.52,8,103.52,1.0352,965996.9088098919,
0,8245,20034.712947,AB,64,0.1,4,0.0625,16,8393.059,131.141546875,7625.348517149708,
0,8246,20043.150422,GB,16,0.0,0,0.0,21,258.189,16.1368125,61970.10716955408,
0,8247,20043.481666,NB,64,0.5,30,0.46875,22,148.896,2.3265,429830.21706425963,
0,8248,20043.668049,GB,8,1.0,8,1.0,25,227.928,28.491,35098.80313081324,
0,8249,20043.936925,MLP,1,0.5,0,0.0,18,244.833,244.833,4084.416724869605,
0,8250,20044.41366,SGD,64,0.05,6,0.09375,21,174.24,2.7225,367309.4582185491,
0,8251,20044.645808,GB,100,1.0,100,1.0,14,290.074,2.9007400000000003,344739.6181663989,
0,8252,20045.006959,AB,64,0.5,37,0.578125,19,8426.182,131.65909375,7595.373563020594,
0,8253,20053.491953,RF,100,0.0,0,0.0,1,3523.45,35.2345,28381.27403539145,
0,8254,20057.0816,NB,16,0.1,2,0.125,15,125.947,7.8716875,127037.56341953362,
0,8255,20057.265787,SGD,8,0.1,1,0.125,14,162.262,20.28275,49302.97913251408,
0,8256,20057.485615,RF,8,0.5,6,0.75,24,3048.922,381.11525,2623.8782100690014,
0,8257,20060.615655,SGD,100,0.1,8,0.08,0,183.959,1.83959,543599.3889942868,
0,8258,20060.837678,MLP,1,1.0,1,1.0,23,171.338,171.338,5836.416906932496,
0,8259,20061.182408,RF,32,0.1,3,0.09375,29,3148.892,98.402875,10162.304709084974,
0,8260,20064.373861,LoR,8,0.0,0,0.0,16,164.955,20.619375,48498.0752326392,
0,8261,20064.584034,LoR,32,0.0,0,0.0,17,154.695,4.83421875,206858.6573580271,
0,8262,20064.808263,SGD,64,0.5,32,0.5,21,159.923,2.498796875,400192.5926852298,
0,8263,20065.028818,NB,100,0.0,0,0.0,27,149.738,1.49738,667833.1485661622,
0,8264,20065.242539,GB,32,0.1,1,0.03125,8,246.426,7.7008125,129856.4274873593,
0,8265,20065.538972,SGD,64,0.0,0,0.0,14,169.188,2.6435625,378277.41920230753,
0,8266,20065.749412,RF,8,0.05,0,0.0,14,3261.445,407.680625,2452.9004781622866,
0,8267,20069.129091,AB,100,0.05,5,0.05,1,9017.672,90.17672,11089.33658265681,
0,8268,20078.210744,NB,1,0.01,0,0.0,0,113.822,113.822,8785.647765809774,
0,8269,20078.383662,DT,16,1.0,16,1.0,20,88.542,5.533875,180705.20205100405,
0,8270,20078.53235,RF,16,0.05,1,0.0625,7,3153.046,197.065375,5074.458158872405,
0,8271,20081.730537,RF,8,0.01,0,0.0,21,3074.699,384.337375,2601.8807044201726,
0,8272,20084.882468,MLP,64,0.05,3,0.046875,21,258.496,4.039,247586.0361475613,
0,8273,20085.180035,NB,1,1.0,1,1.0,1,108.071,108.071,9253.176152714419,
0,8274,20085.354081,NB,100,1.0,100,1.0,27,148.007,1.48007,675643.7195538048,
0,8275,20085.539101,AB,8,0.0,0,0.0,29,8079.708,1009.9635,990.134791999909,
0,8276,20093.700954,DT,100,0.1,11,0.11,25,95.258,0.95258,1049780.5958554663,
0,8277,20093.857849,LoR,32,0.05,2,0.0625,19,201.828,6.307125,158550.84527419385,
0,8278,20094.127767,GB,64,0.1,6,0.09375,23,299.614,4.68146875,213608.17585293078,
0,8279,20094.468477,SGD,1,0.5,0,0.0,16,157.744,157.744,6339.385333198094,
0,8280,20094.788923,AB,32,1.0,32,1.0,7,8502.221,265.69440625,3763.7224438179155,
0,8281,20103.373568,DT,32,0.1,2,0.0625,28,87.036,2.719875,367663.95514499745,
0,8282,20103.520163,LoR,16,0.1,2,0.125,8,163.456,10.216,97885.66953797964,
0,8283,20103.724525,MLP,16,0.0,0,0.0,8,192.266,12.016625,83218.04167143437,
0,8284,20103.958205,DT,16,0.0,0,0.0,11,86.604,5.41275,184748.9723338414,
0,8285,20104.087276,NB,32,0.0,0,0.0,15,121.774,3.8054375,262781.8746201981,
0,8286,20104.276175,DT,64,0.5,26,0.40625,10,96.329,1.505140625,664389.7476357068,
0,8287,20104.412511,AB,16,0.01,0,0.0,23,8046.659,502.9161875,1988.4028887020067,
0,8288,20112.501353,MLP,1,0.01,0,0.0,10,167.95,167.95,5954.153021732659,
0,8289,20112.867089,GB,100,0.05,5,0.05,15,324.062,3.2406200000000003,308582.9254895668,
0,8290,20113.262655,AB,64,0.1,6,0.09375,10,8430.181,131.721578125,7591.770568152688,
0,8291,20121.735547,GB,1,0.01,0,0.0,19,251.22,251.22,3980.574795000398,4.0
0,8292,20134.772832,DT,1,0.05,0,0.0,27,87.713,87.713,11400.818578773957,17.0
0,8293,20135.071513,MLP,64,0.5,32,0.5,29,227.406,3.55321875,281434.9665356235,
0,8294,20135.377055,NB,100,0.1,8,0.08,4,168.347,1.68347,594011.1792903942,
0,8295,20135.587094,AB,32,0.0,0,0.0,22,8253.821,257.93190625,3876.99224395586,
0,8296,20143.930487,SGD,100,0.01,1,0.01,0,187.501,1.87501,533330.4889040592,
0,8297,20144.163991,LoR,16,0.01,0,0.0,27,193.219,12.0761875,82807.59138594031,
0,8298,20144.436502,GB,100,0.5,54,0.54,24,332.536,3.32536,300719.32061491086,
0,8299,20144.814252,RF,16,0.01,0,0.0,10,3203.272,200.2045,4994.892722191559,
0,8300,20148.072281,NB,64,0.0,0,0.0,18,153.192,2.393625,417776.3851898271,
0,8301,20148.272656,RF,32,0.01,0,0.0,4,3235.288,101.10275,9890.927793754374,
0,8302,20151.587188,LoR,64,0.1,3,0.046875,20,192.388,3.0060625,332661.08073268604,
0,8303,20151.821922,RF,8,0.01,0,0.0,4,3050.236,381.2795,2622.7478791804965,
0,8304,20154.92757,RF,64,0.01,0,0.0,28,3260.782,50.94971875,19627.193722242086,
0,8305,20158.27155,NB,100,0.5,56,0.56,2,180.946,1.80946,552651.0671692108,
0,8306,20158.490578,LoR,1,0.0,0,0.0,3,158.986,158.986,6289.862000427711,
0,8307,20158.806546,RF,1,0.0,0,0.0,6,2976.877,2976.877,335.92251208229294,6.95
0,8308,20174.830171,RF,32,0.05,3,0.09375,5,3080.7,96.271875,10387.249651053333,
0,8309,20177.991792,DT,64,0.01,1,0.015625,22,138.097,2.157765625,463442.3629767482,
0,8310,20178.192455,MLP,32,0.1,2,0.0625,21,220.404,6.887625,145187.92762381808,
0,8311,20178.450922,MLP,1,0.0,0,0.0,9,164.037,164.037,6096.185616659656,
0,8312,20178.764507,SGD,1,0.1,0,0.0,23,145.102,145.102,6891.703767005279,
0,8313,20179.051959,MLP,1,0.1,0,0.0,24,156.325,156.325,6396.929473852551,
0,8314,20179.352905,DT,8,0.05,0,0.0,8,86.057,10.757125,92961.64170259246,
0,8315,20179.49522,GB,100,0.0,0,0.0,20,306.701,3.0670100000000002,326050.4530471045,
0,8316,20179.841078,GB,1,1.0,1,1.0,6,219.626,219.626,4553.194976915302,4.0
0,8317,20192.821107,DT,32,0.05,0,0.0,1,91.613,2.86290625,349295.40567386727,
0,8318,20192.950428,AB,1,0.0,0,0.0,29,8125.414,8125.414,123.07065215384718,2.0
0,8319,20213.954266,RF,8,0.1,1,0.125,22,3093.225,386.653125,2586.2974727024384,
0,8320,20217.113579,DT,16,0.1,1,0.0625,10,96.874,6.054625,165162.99523091852,
0,8321,20217.256179,RF,32,0.01,0,0.0,22,3190.045,99.68890625,10031.206456335256,
0,8322,20220.508878,DT,8,0.1,1,0.125,29,92.941,11.617625,86076.11280274583,
0,8323,20220.670221,AB,64,0.5,33,0.515625,7,8463.636,132.2443125,7561.76187161168,
0,8324,20229.176375,RF,1,0.5,1,1.0,18,2983.493,2983.493,335.177592171324,7.53
0,8325,20245.210715,DT,64,0.05,4,0.0625,21,95.817,1.497140625,667939.9271528018,
0,8326,20245.346862,DT,8,0.01,0,0.0,4,89.769,11.221125,89117.62412414084,
0,8327,20245.476102,NB,8,0.05,0,0.0,15,119.062,14.88275,67191.88322050696,
0,8328,20245.63671,NB,16,0.01,0,0.0,10,109.424,6.839,146220.20763269483,
0,8329,20245.795879,NB,64,0.01,0,0.0,12,127.885,1.998203125,500449.62270790164,
0,8330,20246.014526,NB,64,0.05,7,0.109375,29,138.664,2.166625,461547.33744879713,
0,8331,20246.226079,AB,100,0.5,53,0.53,18,8731.285,87.31285,11453.067904666954,
0,8332,20254.996942,RF,1,0.0,0,0.0,21,2941.46,2941.46,339.96722715930184,8.6
0,8333,20270.846874,NB,16,0.5,7,0.4375,0,120.157,7.5098125,133159.1168221577,
0,8334,20271.041762,LoR,100,0.1,7,0.07,16,190.438,1.90438,525105.2836093637,
0,8335,20271.293295,LoR,32,0.05,2,0.0625,26,155.472,4.8585,205824.84305855716,
0,8336,20271.503527,NB,8,0.5,5,0.625,20,108.667,13.583375,73619.40607544148,
0,8337,20271.650552,GB,16,0.0,0,0.0,14,262.113,16.3820625,61042.374853593676,
0,8338,20271.964449,RF,64,0.01,0,0.0,5,3301.524,51.5863125,19384.987054463334,
0,8339,20275.329796,MLP,8,0.01,1,0.125,3,207.431,25.928875,38567.04157044993,
0,8340,20275.579807,AB,8,0.01,0,0.0,21,7953.307,994.163375,1005.8708911902936,
0,8341,20283.579155,GB,32,1.0,32,1.0,8,244.776,7.64925,130731.77108866881,
0,8342,20283.88517,GB,16,0.1,2,0.125,8,220.023,13.7514375,72719.67021629558,
0,8343,20284.163691,MLP,8,0.5,4,0.5,5,187.064,23.383,42766.11213274601,
0,8344,20284.391948,AB,8,0.05,0,0.0,11,7971.223,996.402875,1003.610111020605,
0,8345,20292.405418,NB,1,0.05,0,0.0,21,103.541,103.541,9658.009870486088,
0,8346,20292.577475,SGD,16,0.1,1,0.0625,25,155.452,9.71575,102925.66194066335,
0,8347,20292.804958,RF,64,0.1,8,0.125,28,3350.069,52.344828125,19104.084124834444,
0,8348,20296.237206,DT,100,0.05,4,0.04,2,103.034,1.03034,970553.4095541277,
0,8349,20296.382537,MLP,16,0.1,0,0.0,13,189.599,11.8499375,84388.63074172333,
0,8350,20296.61238,AB,8,1.0,8,1.0,5,7967.447,995.930875,1004.0857504292153,
0,8351,20304.621337,NB,8,1.0,8,1.0,13,110.372,13.7965,72482.1512702497,
0,8352,20304.771574,DT,1,0.1,0,0.0,20,83.944,83.944,11912.703707233393,16.0
0,8353,20305.049885,MLP,32,1.0,32,1.0,13,200.743,6.27321875,159407.8000229149,
0,8354,20305.308664,DT,100,0.0,0,0.0,20,96.217,0.96217,1039317.3763472151,
0,8355,20305.46198,NB,8,0.5,4,0.5,8,111.55,13.94375,71716.71896010758,
0,8356,20305.614772,GB,32,1.0,32,1.0,18,243.246,7.6014375,131554.06460949,
0,8357,20305.929302,RF,64,0.1,3,0.046875,10,3301.367,51.583859375,19385.908928028904,
0,8358,20309.274422,SGD,16,0.0,0,0.0,9,168.271,10.5169375,95084.71453785858,
0,8359,20309.507332,DT,32,0.5,17,0.53125,2,92.102,2.8781875,347440.8807626327,
0,8360,20309.674338,LoR,100,0.1,10,0.1,11,172.162,1.7216200000000002,580848.2708146977,
0,8361,20309.88736,RF,8,0.1,0,0.0,18,3045.814,380.72675,2626.5556596693036,
0,8362,20312.997252,GB,16,0.05,3,0.1875,26,238.125,14.8828125,67191.60104986877,
0,8363,20313.278612,SGD,8,0.01,0,0.0,13,159.606,19.95075,50123.428943774044,
0,8364,20313.48217,LoR,32,1.0,32,1.0,3,153.335,4.79171875,208693.38376756772,
0,8365,20313.675519,NB,1,0.01,0,0.0,19,101.97,101.97,9806.805923310778,
0,8366,20313.846141,LoR,8,0.5,3,0.375,23,179.076,22.3845,44673.76979606424,
0,8367,20314.090316,DT,64,1.0,64,1.0,29,92.164,1.4400625,694414.3049346816,
0,8368,20314.222021,GB,8,0.01,0,0.0,28,209.728,26.216,38144.644491913336,
0,8369,20314.476152,SGD,32,1.0,32,1.0,21,161.069,5.03340625,198672.61856719793,
0,8370,20314.692896,DT,16,1.0,16,1.0,3,100.895,6.3059375,158580.7027107389,
0,8371,20314.878831,GB,64,0.01,1,0.015625,16,351.633,5.494265625,182007.94578438316,
0,8372,20315.323078,NB,32,0.5,17,0.53125,23,165.357,5.16740625,193520.68554702855,
0,8373,20315.577809,AB,32,0.05,2,0.0625,21,8457.423,264.29446875,3783.658450097624,
0,8374,20324.080994,GB,8,1.0,8,1.0,10,235.343,29.417875,33992.93796713733,
0,8375,20324.392446,SGD,64,0.5,39,0.609375,17,181.279,2.832484375,353046.9607621401,
0,8376,20324.613582,DT,1,0.1,0,0.0,1,85.913,85.913,11639.682003887654,16.0
0,8377,20324.905653,SGD,1,0.5,1,1.0,7,154.487,154.487,6473.036566183562,
0,8378,20325.225619,AB,1,0.05,0,0.0,26,7780.614,7780.614,128.52456117216457,2.0
0,8379,20345.888391,NB,32,0.01,2,0.0625,19,164.599,5.14371875,194411.87370518656,
0,8380,20346.096087,GB,32,0.0,0,0.0,9,249.689,7.80278125,128159.43033133219,
0,8381,20346.388321,SGD,8,0.01,0,0.0,0,159.635,19.954375,50114.32330002819,
0,8382,20346.618936,RF,64,0.05,2,0.03125,13,3377.91,52.77984375,18946.626760334053,
0,8383,20350.064127,NB,32,0.5,16,0.5,8,132.487,4.14021875,241533.1315525297,
0,8384,20350.264464,SGD,64,0.5,25,0.390625,6,172.352,2.693,371333.0857779428,
0,8385,20350.497805,GB,32,0.05,2,0.0625,9,237.499,7.42184375,134737.40942067126,
0,8386,20350.813851,DT,100,0.01,2,0.02,6,104.695,1.0469499999999998,955155.4515497398,
0,8387,20350.973584,DT,8,0.5,5,0.625,22,87.455,10.931875,91475.61603110172,
0,8388,20351.100654,GB,16,0.1,0,0.0,14,220.401,13.7750625,72594.95192853027,
0,8389,20351.378553,AB,8,0.5,5,0.625,4,7963.704,995.463,1004.5576781859296,
0,8390,20359.404549,DT,8,0.05,1,0.125,15,82.284,10.2855,97224.2477273832,
0,8391,20359.548949,SGD,32,0.01,1,0.03125,9,158.464,4.952,201938.61066235864,
0,8392,20359.746871,NB,16,0.0,0,0.0,27,112.181,7.0113125,142626.6480063469,
0,8393,20359.918954,GB,32,0.5,19,0.59375,21,239.345,7.47953125,133698.2180534375,
0,8394,20360.221496,GB,100,0.0,0,0.0,8,274.086,2.74086,364848.9890034515,
0,8395,20360.561277,MLP,32,0.1,6,0.1875,4,239.444,7.482625,133642.9394764538,
0,8396,20360.840633,AB,1,1.0,1,1.0,18,7976.001,7976.001,125.37611266598387,2.0
0,8397,20382.583617,NB,16,0.01,0,0.0,7,137.378,8.586125,116466.97433359054,
0,8398,20382.797326,SGD,64,0.05,2,0.03125,28,190.358,2.97434375,336208.61744712596,
0,8399,20383.030729,RF,16,0.05,0,0.0,9,3235.737,202.2335625,4944.777650346737,
0,8400,20386.332369,SGD,16,0.5,7,0.4375,19,174.445,10.9028125,91719.45312276077,
0,8401,20386.547668,AB,16,1.0,16,1.0,4,8111.627,506.9766875,1972.4772847666688,
0,8402,20394.708471,DT,32,0.01,0,0.0,15,83.432,2.60725,383545.8816760955,
0,8403,20394.830039,RF,8,1.0,8,1.0,19,2982.317,372.789625,2682.478086668855,
0,8404,20397.880023,NB,32,0.1,4,0.125,22,170.059,5.31434375,188169.98806296638,
0,8405,20398.087063,NB,1,1.0,1,1.0,22,102.072,102.072,9797.006034955717,
0,8406,20398.256052,LoR,8,0.5,6,0.75,11,158.409,19.801125,50502.181062944655,
0,8407,20398.476975,DT,100,0.0,0,0.0,18,97.804,0.97804,1022453.0694041144,
0,8408,20398.636002,LoR,32,0.5,21,0.65625,27,156.36,4.88625,204655.92223074954,
0,8409,20398.830865,NB,1,0.1,1,1.0,3,100.464,100.464,9953.814301640388,
0,8410,20398.976838,AB,1,0.1,0,0.0,2,7789.563,7789.563,128.37690638101265,2.0
0,8411,20419.666718,RF,32,0.0,0,0.0,20,3297.199,103.03746875,9705.207359337426,
0,8412,20423.007003,LoR,1,0.01,0,0.0,15,161.956,161.956,6174.516535355282,
0,8413,20423.350107,SGD,8,0.1,1,0.125,25,152.425,19.053125,52484.82860423159,
0,8414,20423.543193,GB,8,0.1,0,0.0,20,253.353,31.669125,31576.496035176217,
0,8415,20423.860303,SGD,32,0.5,16,0.5,6,158.877,4.96490625,201413.67221183682,
0,8416,20424.087209,LoR,100,0.0,0,0.0,17,166.09,1.6609,602083.2078993317,
0,8417,20424.312614,DT,16,0.05,4,0.25,23,89.173,5.5733125,179426.50802372914,
0,8418,20424.468086,RF,64,0.05,2,0.03125,3,3316.699,51.823421875,19296.294297432476,
0,8419,20427.829844,SGD,8,0.01,0,0.0,8,165.443,20.680375,48355.02257575116,
0,8420,20428.072923,RF,100,0.05,4,0.04,29,3429.764,34.29764,29156.52505536824,
0,8421,20431.570371,MLP,32,0.5,19,0.59375,25,223.735,6.99171875,143026.3481350705,
0,8422,20431.83831,AB,16,0.05,0,0.0,3,8052.755,503.2971875,1986.8976517974284,
0,8423,20439.963241,LoR,64,0.05,2,0.03125,9,161.64,2.525625,395941.59861420444,
0,8424,20440.188812,AB,32,0.5,15,0.46875,11,8092.174,252.8804375,3954.4379544977655,
0,8425,20448.320879,NB,1,0.0,0,0.0,8,105.672,105.672,9463.244757362405,
0,8426,20448.474599,RF,8,1.0,8,1.0,22,3362.154,420.26925,2379.4269982874075,
0,8427,20451.922031,SGD,8,0.5,4,0.5,11,198.789,24.848625,40243.675454879296,
0,8428,20452.162545,LoR,1,0.5,0,0.0,7,150.827,150.827,6630.112645613849,
0,8429,20452.511602,NB,100,0.5,56,0.56,18,189.737,1.89737,527045.3311689339,
0,8430,20452.769175,MLP,64,0.05,3,0.046875,2,232.35,3.63046875,275446.5246395524,
0,8431,20453.065392,RF,32,0.01,1,0.03125,24,3247.706,101.4908125,9853.108624980216,
0,8432,20456.388379,SGD,64,0.05,4,0.0625,23,176.491,2.757671875,362624.72307369777,
0,8433,20456.607694,MLP,8,0.05,0,0.0,4,182.904,22.863,43738.79193456677,
0,8434,20456.850935,DT,100,0.01,0,0.0,8,101.885,1.01885,981498.7485890955,
0,8435,20456.992703,NB,16,1.0,16,1.0,2,116.418,7.276125,137435.79171605763,
0,8436,20457.146346,LoR,8,1.0,8,1.0,0,151.385,18.923125,52845.394193612316,
0,8437,20457.341201,DT,16,0.0,0,0.0,22,88.4,5.525,180995.47511312217,
0,8438,20457.497054,SGD,64,0.05,5,0.078125,14,162.573,2.540203125,393669.30548122997,
0,8439,20457.715248,LoR,100,0.0,0,0.0,24,162.043,1.62043,617120.1471214431,
0,8440,20457.938807,RF,32,0.05,2,0.0625,13,3191.147,99.72334375,10027.74237601715,
0,8441,20461.194519,DT,16,0.1,1,0.0625,17,96.112,6.007,166472.448809722,
0,8442,20461.327098,LoR,1,0.0,0,0.0,18,154.33,154.33,6479.621590099137,
0,8443,20461.635785,RF,16,1.0,16,1.0,5,3062.361,191.3975625,5224.726934544948,
0,8444,20464.778804,LoR,100,0.05,4,0.04,9,181.768,1.81768,550151.8419083667,
0,8445,20465.037763,RF,100,1.0,100,1.0,10,3303.62,33.0362,30269.82522202917,
0,8446,20468.391102,NB,32,0.01,0,0.0,17,130.991,4.09346875,244291.59255216006,
0,8447,20468.584997,MLP,16,0.5,9,0.5625,22,195.141,12.1963125,81991.99553143625,
0,8448,20468.849777,LoR,64,0.01,1,0.015625,20,161.447,2.522609375,396414.92254424054,
0,8449,20469.049037,LoR,8,1.0,8,1.0,17,144.29,18.03625,55443.897706008735,
0,8450,20469.232897,RF,1,0.1,0,0.0,16,2997.984,2997.984,333.5574839625562,9.99
0,8451,20485.320583,GB,1,0.0,0,0.0,17,245.109,245.109,4079.817550559139,4.0
0,8452,20498.336713,NB,100,0.0,0,0.0,21,154.18,1.5418,648592.5541574783,
0,8453,20498.549143,NB,8,0.1,1,0.125,2,108.192,13.524,73942.62052647147,
0,8454,20498.695663,LoR,8,0.01,0,0.0,28,154.697,19.337125,51713.99574652385,
0,8455,20498.925706,GB,100,0.05,4,0.04,12,293.189,2.93189,341076.91625538474,
0,8456,20499.259939,GB,1,0.05,0,0.0,24,210.778,210.778,4744.328155689873,4.0
0,8457,20512.266596,DT,32,0.5,14,0.4375,3,93.398,2.9186875,342619.75631169835,
0,8458,20512.405054,NB,32,0.01,0,0.0,0,121.164,3.786375,264104.84962530126,
0,8459,20512.586516,AB,32,0.05,3,0.09375,15,8214.03,256.6884375,3895.7734510343885,
0,8460,20520.866041,GB,32,0.1,2,0.0625,14,254.631,7.95721875,125672.05092859863,
0,8461,20521.204374,MLP,64,0.01,2,0.03125,3,225.706,3.52665625,283554.71276793705,
0,8462,20521.474567,RF,32,0.0,0,0.0,18,3198.802,99.9625625,10003.745152091315,
0,8463,20524.72895,GB,64,0.01,0,0.0,28,261.458,4.08528125,244781.1885656587,
0,8464,20525.062422,LoR,64,0.1,5,0.078125,0,172.752,2.69925,370473.27961470775,
0,8465,20525.272859,AB,1,1.0,1,1.0,25,7741.309,7741.309,129.1771197868474,2.0
0,8466,20545.850696,DT,64,0.05,2,0.03125,27,100.838,1.57559375,634681.3701184078,
0,8467,20546.012706,NB,8,1.0,8,1.0,2,128.738,16.09225,62141.714179185634,
0,8468,20546.183267,SGD,16,0.05,0,0.0,19,157.398,9.837375,101653.13409319051,
0,8469,20546.381633,DT,8,0.1,0,0.0,21,86.599,10.824875,92379.81962840217,
0,8470,20546.509364,LoR,16,0.01,0,0.0,2,149.38,9.33625,107109.38545990092,
0,8471,20546.71557,DT,8,0.5,6,0.75,5,84.826,10.60325,94310.70662296937,
0,8472,20546.838537,MLP,16,1.0,16,1.0,13,183.91,11.494375,86999.07563482138,
0,8473,20547.065516,MLP,32,1.0,32,1.0,17,183.585,5.73703125,174306.17969877712,
0,8474,20547.295019,GB,32,0.01,0,0.0,4,230.553,7.20478125,138796.71919255008,
0,8475,20547.576435,SGD,64,1.0,64,1.0,0,165.055,2.578984375,387749.5380327769,
0,8476,20547.785406,RF,32,0.0,0,0.0,7,3179.503,99.35946875,10064.466050197152,
0,8477,20551.010074,NB,8,0.1,0,0.0,23,121.007,15.125875,66111.87782524977,
0,8478,20551.191001,MLP,16,0.1,4,0.25,17,190.451,11.9031875,84011.11046935957,
0,8479,20551.422323,NB,16,1.0,16,1.0,24,112.156,7.00975,142658.44002995826,
0,8480,20551.576042,AB,16,0.01,0,0.0,29,8010.475,500.6546875,1997.3846744419025,
0,8481,20559.628654,RF,1,0.5,0,0.0,25,2974.198,2974.198,336.2250932856521,9.99
0,8482,20575.496873,SGD,16,1.0,16,1.0,21,162.114,10.132125,98695.97937254031,
0,8483,20575.738467,RF,100,0.1,10,0.1,2,3423.399,34.23399,29210.734711320532,
0,8484,20579.205353,RF,1,0.5,0,0.0,5,2965.225,2965.225,337.2425364011163,10.04
0,8485,20594.939286,DT,64,0.0,0,0.0,13,94.659,1.479046875,676111.0935040513,
0,8486,20595.078867,NB,32,0.05,0,0.0,18,122.594,3.8310625,261024.1936799517,
0,8487,20595.26452,MLP,32,0.05,2,0.0625,3,230.561,7.20503125,138791.90322734546,
0,8488,20595.551849,DT,100,1.0,100,1.0,3,95.202,0.95202,1050398.1008802336,
0,8489,20595.688193,LoR,32,1.0,32,1.0,25,152.297,4.75928125,210115.76065188416,
0,8490,20595.880323,NB,8,0.01,0,0.0,11,106.064,13.258,75426.1577915221,
0,8491,20596.04505,RF,32,0.5,12,0.375,15,3078.852,96.214125,10393.484324676861,
0,8492,20599.203161,SGD,100,0.1,5,0.05,2,179.002,1.7900200000000002,558652.9759444029,
0,8493,20599.469439,MLP,100,0.1,6,0.06,29,233.144,2.33144,428919.4660810486,
0,8494,20599.74669,GB,32,1.0,32,1.0,1,245.443,7.67009375,130376.50289476578,
0,8495,20600.036366,DT,32,1.0,32,1.0,21,90.204,2.818875,354751.4522637577,
0,8496,20600.166527,LoR,8,0.01,0,0.0,25,150.487,18.810875,53160.73813684903,
0,8497,20600.392038,GB,100,0.05,2,0.02,18,269.78,2.6977999999999995,370672.3997331159,
0,8498,20600.724365,GB,32,0.05,2,0.0625,4,230.883,7.21509375,138598.33768618738,
0,8499,20601.030291,DT,100,0.5,48,0.48,29,96.592,0.96592,1035282.4250455524,
0,8500,20601.183116,RF,16,0.1,1,0.0625,19,3058.986,191.186625,5230.491411206197,
0,8501,20604.281949,AB,1,1.0,1,1.0,8,7654.891,7654.891,130.63543295391145,2.0
0,8502,20624.810646,NB,16,0.0,0,0.0,10,118.339,7.3961875,135204.79300991222,
0,8503,20624.965539,SGD,1,1.0,1,1.0,2,153.053,153.053,6533.684409975629,
0,8504,20625.29079,LoR,16,0.1,1,0.0625,17,145.564,9.09775,109917.28724135089,
0,8505,20625.474956,NB,1,0.01,0,0.0,18,97.417,97.417,10265.148793331758,
0,8506,20625.619059,LoR,16,1.0,16,1.0,9,188.364,11.77275,84941.92096154255,
0,8507,20625.878715,DT,64,0.05,3,0.046875,25,125.749,1.964828125,508950.3693866353,
0,8508,20626.081346,LoR,64,0.05,1,0.015625,7,155.422,2.42846875,411782.1157879837,
0,8509,20626.27667,LoR,16,0.01,0,0.0,9,141.018,8.813625,113460.69296118226,
0,8510,20626.473019,GB,100,0.0,0,0.0,4,283.175,2.83175,353138.5185839145,
0,8511,20626.833819,MLP,100,0.05,4,0.04,23,242.063,2.42063,413115.593874322,
0,8512,20627.119313,RF,32,1.0,32,1.0,8,3116.428,97.388375,10268.165990037312,
0,8513,20630.275868,GB,1,1.0,1,1.0,4,219.611,219.611,4553.505971923082,4.0
0,8514,20643.066886,LoR,8,0.5,3,0.375,24,157.913,19.739125,50660.806900001895,
0,8515,20643.264032,RF,1,0.05,0,0.0,23,2960.689,2960.689,337.7592175334863,9.99
0,8516,20658.938021,LoR,100,0.0,0,0.0,2,174.293,1.74293,573746.5073181366,
0,8517,20659.157801,LoR,8,0.01,0,0.0,22,145.521,18.190125,54974.883350169395,
0,8518,20659.346489,RF,32,0.0,0,0.0,10,3085.681,96.42753125,10370.482237146354,
0,8519,20662.4918,MLP,100,1.0,100,1.0,1,246.979,2.46979,404892.72367286286,
0,8520,20662.784363,AB,16,0.05,0,0.0,17,7854.995,490.9371875,2036.9204563465669,
0,8521,20670.680065,MLP,8,0.0,0,0.0,24,173.837,21.729625,46020.12229847501,
0,8522,20670.923664,NB,64,0.1,8,0.125,18,132.985,2.077890625,481257.2846561642,
0,8523,20671.094263,RF,1,0.05,0,0.0,21,2948.846,2948.846,339.1157083143711,9.99
0,8524,20686.801272,MLP,100,0.01,1,0.01,16,242.212,2.42212,412861.4602084125,
0,8525,20687.084273,NB,1,0.1,1,1.0,28,103.254,103.254,9684.854824026188,
0,8526,20687.244416,LoR,64,1.0,64,1.0,13,159.978,2.49965625,400055.00756353996,
0,8527,20687.450374,RF,16,0.05,0,0.0,25,2945.85,184.115625,5431.369553779045,
0,8528,20690.442308,AB,32,1.0,32,1.0,6,8020.218,250.6318125,3989.9164835669058,
0,8529,20698.503874,MLP,1,0.1,0,0.0,25,192.689,192.689,5189.70984332266,
0,8530,20698.883271,NB,100,0.1,7,0.07,26,146.93,1.4693,680596.2022731913,
0,8531,20699.067945,GB,16,1.0,16,1.0,19,228.386,14.274125,70056.83360626308,
0,8532,20699.336972,RF,1,0.1,0,0.0,10,2956.716,2956.716,338.21307152935896,11.18
0,8533,20715.034149,SGD,100,0.0,0,0.0,14,173.226,1.73226,577280.5468001339,
0,8534,20715.309452,SGD,64,0.05,3,0.046875,18,157.082,2.45440625,407430.5139990578,
0,8535,20715.526135,MLP,32,0.05,3,0.09375,24,186.299,5.82184375,171766.890858244,
0,8536,20715.77368,NB,32,0.5,17,0.53125,7,118.891,3.71534375,269154.0991328191,
0,8537,20715.936173,DT,32,0.01,0,0.0,11,89.401,2.79378125,357937.830673035,
0,8538,20716.063799,MLP,8,0.05,0,0.0,20,171.667,21.458375,46601.851258541246,
0,8539,20716.276749,DT,16,0.01,0,0.0,8,85.354,5.334625,187454.60083885933,
0,8540,20716.408509,DT,64,1.0,64,1.0,24,86.305,1.348515625,741556.1091477898,
0,8541,20716.533962,SGD,32,1.0,32,1.0,15,151.734,4.7416875,210895.38270921478,
0,8542,20716.726545,SGD,16,0.01,0,0.0,14,143.643,8.9776875,111387.2586899466,
0,8543,20716.935902,AB,64,0.5,33,0.515625,28,8404.021,131.312828125,7615.402198542816,
0,8544,20725.400019,SGD,8,0.5,2,0.25,8,148.188,18.5235,53985.47790644317,
0,8545,20725.588542,RF,8,0.1,0,0.0,26,3010.373,376.296625,2657.4779935908273,
0,8546,20728.678856,AB,100,0.05,5,0.05,12,8486.03,84.86030000000001,11784.07335349981,
0,8547,20737.244559,NB,100,0.5,55,0.55,15,147.797,1.47797,676603.7199672523,
0,8548,20737.428095,MLP,1,1.0,1,1.0,14,165.998,165.998,6024.1689658911555,
0,8549,20737.745775,LoR,32,1.0,32,1.0,12,148.075,4.62734375,216106.70268445046,
0,8550,20737.93616,RF,16,0.05,0,0.0,23,2990.22,186.88875,5350.77686591622,
0,8551,20740.993016,RF,32,0.05,1,0.03125,28,3045.838,95.1824375,10506.139853793931,
0,8552,20744.101772,MLP,16,0.1,3,0.1875,18,192.531,12.0331875,83103.5002155497,
0,8553,20744.337774,NB,16,0.01,0,0.0,29,114.069,7.1293125,140265.97936336778,
0,8554,20744.519225,RF,64,0.5,26,0.40625,7,3258.313,50.911140625,19642.066308546786,
0,8555,20747.840314,DT,16,0.5,8,0.5,15,93.704,5.8565,170750.4482199266,
0,8556,20747.975269,NB,32,1.0,32,1.0,7,123.524,3.860125,259058.96829765875,
0,8557,20748.140898,SGD,1,0.01,0,0.0,17,152.883,152.883,6540.949615065115,
0,8558,20748.441675,LoR,1,0.05,0,0.0,17,141.251,141.251,7079.595896666218,
0,8559,20748.74749,SGD,32,0.05,2,0.0625,6,148.638,4.6449375,215288.14973290812,
0,8560,20748.970327,GB,100,0.01,3,0.03,11,298.159,2.9815899999999997,335391.5192900432,
0,8561,20749.310233,AB,16,0.0,0,0.0,29,7844.438,490.277375,2039.6617323000066,
0,8562,20757.196693,SGD,16,1.0,16,1.0,29,150.16,9.385,106553.01012253597,
0,8563,20757.386985,NB,1,0.1,0,0.0,22,99.334,99.334,10067.046529889061,
0,8564,20757.555829,NB,32,0.5,15,0.46875,14,114.854,3.5891875,278614.58895641426,
0,8565,20757.716736,NB,64,0.0,0,0.0,2,124.603,1.946921875,513631.2929865252,
0,8566,20757.889336,MLP,64,0.01,0,0.0,24,215.819,3.372171875,296544.78984704777,
0,8567,20758.15758,DT,64,1.0,64,1.0,8,91.882,1.43565625,696545.5693171676,
0,8568,20758.308996,SGD,32,0.1,4,0.125,14,155.416,4.85675,205899.00653729346,
0,8569,20758.529496,GB,64,0.05,1,0.015625,5,256.468,4.0073125,249543.80273562393,
0,8570,20758.826219,AB,8,0.05,0,0.0,18,7834.79,979.34875,1021.0867170658053,
0,8571,20766.719475,NB,100,1.0,100,1.0,6,146.061,1.46061,684645.4563504289,
0,8572,20766.927521,MLP,32,0.05,2,0.0625,29,193.506,6.0470625,165369.5492646223,
0,8573,20767.158715,NB,1,1.0,1,1.0,18,98.21,98.21,10182.262498727217,
0,8574,20767.335295,RF,32,0.0,0,0.0,21,3087.422,96.4819375,10364.634313028799,
0,8575,20770.463385,DT,1,1.0,1,1.0,5,90.049,90.049,11105.065020155693,11.0
0,8576,20770.75038,NB,1,0.5,0,0.0,19,106.959,106.959,9349.376864032012,
0,8577,20770.924502,DT,16,0.5,8,0.5,27,89.689,5.6055625,178394.2289466936,
0,8578,20771.069428,GB,16,0.1,3,0.1875,15,223.0,13.9375,71748.87892376681,
0,8579,20771.334843,LoR,32,1.0,32,1.0,21,158.744,4.96075,201582.4220128005,
0,8580,20771.552444,AB,16,0.5,9,0.5625,20,7828.702,489.293875,2043.7615328824625,
0,8581,20779.425903,MLP,16,0.01,0,0.0,4,177.135,11.0709375,90326.58706636183,
0,8582,20779.676177,SGD,64,0.5,31,0.484375,4,157.026,2.45353125,407575.8154700495,
0,8583,20779.893334,SGD,100,0.0,0,0.0,18,159.083,1.59083,628602.6791046184,
0,8584,20780.113454,GB,32,0.1,2,0.0625,17,227.953,7.12353125,140379.81513733094,
0,8585,20780.386157,MLP,32,1.0,32,1.0,14,193.024,6.032,165782.49336870026,
0,8586,20780.629058,LoR,64,0.0,0,0.0,3,156.55,2.44609375,408815.07505589264,
0,8587,20780.863112,AB,100,0.5,47,0.47,0,8441.259,84.41259,11846.57407147441,
0,8588,20789.376106,DT,64,0.05,2,0.03125,3,87.364,1.3650625,732567.1901469713,
0,8589,20789.504603,RF,16,0.01,0,0.0,0,2978.04,186.1275,5372.661213415535,
0,8590,20792.535075,GB,64,1.0,64,1.0,6,263.393,4.115515625,242982.91906011172,
0,8591,20792.858522,NB,8,0.05,1,0.125,9,116.071,14.508875,68923.33140922367,
0,8592,20793.0312,LoR,16,0.1,1,0.0625,11,155.653,9.7283125,102792.75054126808,
0,8593,20793.242203,SGD,8,0.05,1,0.125,12,146.774,18.34675,54505.56638096666,
0,8594,20793.437168,SGD,64,1.0,64,1.0,23,153.766,2.40259375,416216.84897831775,
0,8595,20793.629686,NB,16,0.0,0,0.0,19,108.769,6.7980625,147100.73642306172,
0,8596,20793.810874,GB,100,0.5,46,0.46,25,326.403,3.26403,306369.73312132544,
0,8597,20794.222559,SGD,100,0.05,3,0.03,22,203.616,2.03616,491120.54062549106,
0,8598,20794.474842,SGD,64,1.0,64,1.0,19,157.61,2.46265625,406065.6049743036,
0,8599,20794.688963,DT,8,0.05,1,0.125,1,87.314,10.91425,91623.33646379734,
0,8600,20794.812496,LoR,8,1.0,8,1.0,5,144.698,18.08725,55287.5644445673,
0,8601,20795.028818,NB,100,0.05,3,0.03,8,142.876,1.42876,699907.6121951902,
0,8602,20795.242033,RF,100,0.1,15,0.15,20,3476.316,34.76316,28766.08455617959,
0,8603,20798.763083,MLP,1,0.1,0,0.0,23,176.256,176.256,5673.56572258533,
0,8604,20799.088959,AB,1,0.1,0,0.0,10,7611.428,7611.428,131.3813912448492,2.0
0,8605,20819.398416,RF,32,1.0,32,1.0,0,3169.221,99.03815625,10097.118503253638,
0,8606,20822.610378,RF,1,0.01,0,0.0,5,2947.721,2947.721,339.24513208678843,9.19
0,8607,20838.370829,RF,64,0.5,36,0.5625,17,3174.61,49.60328125,20159.95665609319,
0,8608,20841.591763,MLP,32,0.0,0,0.0,7,209.438,6.5449375,152789.84711465923,
0,8609,20841.842159,NB,8,1.0,8,1.0,21,112.544,14.068,71083.30963889678,
0,8610,20842.045305,NB,100,1.0,100,1.0,21,148.226,1.48226,674645.4738035162,
0,8611,20842.266845,RF,100,0.01,2,0.02,27,3365.19,33.6519,29716.00414835418,
0,8612,20845.693892,GB,8,0.05,1,0.125,18,240.752,30.094,33229.215125938725,
0,8613,20845.980221,LoR,16,0.0,0,0.0,8,189.714,11.857125,84337.47641186207,
0,8614,20846.228651,RF,16,0.5,9,0.5625,4,3013.006,188.312875,5310.311363468908,
0,8615,20849.308353,LoR,32,0.1,4,0.125,22,165.537,5.17303125,193310.25692141333,
0,8616,20849.513502,NB,1,0.1,0,0.0,23,102.994,102.994,9709.303454570168,
0,8617,20849.673629,SGD,64,0.0,0,0.0,24,160.648,2.510125,398386.5345351327,
0,8618,20849.910596,MLP,100,0.01,1,0.01,13,265.405,2.65405,376782.65292665927,
0,8619,20850.220334,NB,32,1.0,32,1.0,16,117.897,3.68428125,271423.361069408,
0,8620,20850.376328,AB,1,0.01,0,0.0,17,7555.959,7555.959,132.34587429603576,2.0
0,8621,20870.518861,AB,16,1.0,16,1.0,23,7795.51,487.219375,2052.4635334955633,
0,8622,20878.366956,DT,64,0.01,0,0.0,4,85.331,1.333296875,750020.5083732757,
0,8623,20878.540168,LoR,100,0.1,10,0.1,27,166.261,1.66261,601463.9632866397,
0,8624,20878.768067,LoR,32,0.5,16,0.5,8,147.72,4.61625,216626.04928242622,
0,8625,20878.972108,AB,8,0.1,1,0.125,11,7717.711,964.713875,1036.576777751849,
0,8626,20886.730053,RF,8,1.0,8,1.0,5,2907.766,363.47075,2751.2530237990263,
0,8627,20889.683427,NB,16,0.01,0,0.0,1,121.085,7.5678125,132138.58033612752,
0,8628,20889.867733,DT,32,0.01,1,0.03125,20,92.659,2.89559375,345352.3133208862,
0,8629,20890.074476,DT,100,0.01,1,0.01,18,93.53,0.9353,1069175.6655618518,
0,8630,20890.207743,LoR,32,0.0,0,0.0,11,157.551,4.92346875,203108.83459959,
0,8631,20890.40959,RF,32,0.01,0,0.0,10,3060.795,95.64984375,10454.800141793226,
0,8632,20893.523117,MLP,64,1.0,64,1.0,3,225.501,3.523453125,283812.488636414,
0,8633,20893.831492,DT,100,0.5,48,0.48,21,99.403,0.9940300000000001,1006005.8549540758,
0,8634,20893.97502,DT,8,0.1,0,0.0,27,116.181,14.522625,68858.07490037098,
0,8635,20894.126366,LoR,1,1.0,1,1.0,25,147.391,147.391,6784.674776614584,
0,8636,20894.455913,DT,64,0.1,3,0.046875,27,91.014,1.42209375,703188.5204474038,
0,8637,20894.584709,RF,1,0.5,0,0.0,23,2941.82,2941.82,339.92562427340897,9.99
0,8638,20911.286367,MLP,100,0.1,11,0.11,14,282.719,2.82719,353708.09885433945,
0,8639,20911.612688,RF,1,0.01,0,0.0,3,3004.284,3004.284,332.85801209206585,9.99
